id;conversation_id;num_characters;relative_time_seconds;message_type;responds_to_id;array_emojis;interrogative;exclamatory;sender_hash;mentioned_phones_hash;message_content
1;1;11-50;0.0;text;;['🤦🏽\u200d♀'];False;False;e08d7809e954ff49;[];es teh manis satu ya bang
2;1;0;6.0;system;;[];False;False;dd9a90a3d295de32;[];[Pesan sistem]
3;1;1-10;57.0;text;;[];False;False;30aac53f3af5e900;[];AYOK
4;1;1-10;59.0;text;;[];False;False;30aac53f3af5e900;[];BENER
5;1;51-100;142.0;text;;[];False;False;e08d7809e954ff49;[];tadi di kantin ketemu anak angkatan bawah yang kenal sama temen SMA gw
6;1;1-10;146.0;text;;['🤣'];False;False;e08d7809e954ff49;[];ayok
7;1;11-50;584.0;text;;[];False;False;30aac53f3af5e900;[];SARAPAN DULU BARU MIKIR
8;1;11-50;599.0;text;;[];False;False;30aac53f3af5e900;['39683391a05b383b'];PORSI MAKAN GW NAMBAH TERUS
9;1;1-10;889.0;text;;['🤣'];False;False;e08d7809e954ff49;[];ayok
10;1;101-500;890.0;text;;[];False;False;e08d7809e954ff49;[];kemarin malem gw sama temen temen nongkrong di warkop biasa sampe jam 12 malem. kita ngobrol banyak hal dari mulai tugas kuliah, rencana liburan, sampe masalah percintaan. seru sih walau besoknya gw kesiangan masuk kelas pagi dan dosen negur di depan semua orang. malu tapi ya gimana lagi
11;1;11-50;982.0;text;;[];False;False;a59f9b9a2851ddd2;[];bakso malang tu buka ga ya
12;1;11-50;984.0;text;;[];True;False;a59f9b9a2851ddd2;[];bawa motor apa naik apa?
13;1;1-10;1033.0;text;;[];False;False;30aac53f3af5e900;[];YEP
14;1;11-50;1045.0;text;;[];True;False;30aac53f3af5e900;[];UDAH SAMPE BELOM?
15;1;11-50;1046.0;text;;['😱'];False;False;30aac53f3af5e900;[];NONGKRONG YUK DI KAFE BIASA
16;1;0;1046.0;sticker/webp;;[];False;False;30aac53f3af5e900;[];[Stiker]
17;1;11-50;1102.0;text;15.0;['🤣'];False;False;e08d7809e954ff49;[];nongkrong yuk di kafe biasa
18;1;1-10;1143.0;text;;['🤣'];False;False;e08d7809e954ff49;[];gass
19;1;11-50;1170.0;text;;[];False;False;30aac53f3af5e900;[];ES TEH MANIS SATU YA BANG
20;1;11-50;1177.0;text;;[];False;False;30aac53f3af5e900;[];GW MAU NYOBA RESTORAN BARU
21;1;11-50;1187.0;text;;[];False;False;30aac53f3af5e900;[];SARAPAN DULU BARU MIKIR
22;1;1-10;1191.0;text;;[];False;False;30aac53f3af5e900;[];AYOK
23;1;0;1194.0;sticker/webp;;[];False;False;30aac53f3af5e900;[];[Stiker]
24;1;11-50;1254.0;text;;[];True;False;30aac53f3af5e900;[];BAYAR BERAPA SIH TADI?
25;1;11-50;1261.0;text;;[];True;False;30aac53f3af5e900;[];BAYAR BERAPA SIH TADI?
26;1;1-10;1262.0;text;;[];False;False;e08d7809e954ff49;[];bener
27;1;51-100;1263.0;text;;['😏'];False;False;e08d7809e954ff49;[];dompet gw ilang kemarin di angkot tapi alhamdulillah ada yang nemuin
28;1;0;1265.0;sticker/webp;26.0;[];False;False;30aac53f3af5e900;[];[Stiker]
29;1;1-10;1276.0;text;;['🤣'];False;False;e08d7809e954ff49;[];woy
30;1;11-50;1277.0;text;;[];False;False;30aac53f3af5e900;[];GW LAGI DIET TAPI GAGAL MULU
31;1;1-10;1281.0;text;;['😂'];False;False;30aac53f3af5e900;[];SIP
32;1;1-10;1315.0;text;;[];False;False;30aac53f3af5e900;[];NGAB
33;1;1-10;1320.0;text;;[];False;False;30aac53f3af5e900;[];FIX
34;1;11-50;5309.0;text;;[];True;True;e08d7809e954ff49;[];bayar berapa sih tadi?
35;2;0;9763.0;image/jpeg;;[];False;False;a59f9b9a2851ddd2;[];[Foto]
36;2;1-10;9772.0;text;;[];False;False;a59f9b9a2851ddd2;[];njir
37;2;1-10;9775.0;text;;['😎'];False;False;a59f9b9a2851ddd2;[];njir
38;2;1-10;10301.0;text;;[];False;False;30aac53f3af5e900;[];KUY
39;2;11-50;11851.0;text;;[];False;False;46afdfb452960a5e;[];series itu,,, endingnya zonk bgt
40;2;11-50;11861.0;text;;[];False;False;46afdfb452960a5e;[];badminton yuk,,, sore ini
41;2;11-50;12173.0;text;;['😂'];False;False;46afdfb452960a5e;[];pertandingan bola tadi,,, malam gila
42;3;11-50;71418.0;text;;[];True;False;e08d7809e954ff49;[];bawa motor apa naik apa?
43;3;1-10;71701.0;text;;['😢'];False;False;e08d7809e954ff49;[];yep
44;3;1-10;71805.0;text;;[];False;False;a59f9b9a2851ddd2;[];yep
45;3;51-100;72016.0;text;;[];True;False;e08d7809e954ff49;[];ada yang tau kenapa kantin kampus tutup lebih awal hari ini ga sih?
46;3;1-10;72133.0;text;;[];False;False;46afdfb452960a5e;[];woy
47;3;11-50;72139.0;text;;[];False;False;a59f9b9a2851ddd2;[];kopi susu yg biasa ya
48;3;11-50;72139.0;text;;[];False;False;46afdfb452960a5e;[];gw mau nyoba restoran baru
49;3;51-100;72142.0;text;;[];False;False;e08d7809e954ff49;[];weekend ini gw mau staycation aja di kosan binge watching series baru
50;3;51-100;72146.0;text;;[];False;False;e08d7809e954ff49;[];gw lagi bingung milih topik skripsi antara dua tema yang sama menariknya
51;3;51-100;72171.0;text;;[];False;False;e08d7809e954ff49;[];tadi di kantin ketemu anak angkatan bawah yang kenal sama temen SMA gw
52;3;1-10;72180.0;text;;['☝'];False;False;e08d7809e954ff49;[];woy
53;3;1-10;72277.0;text;;[];False;False;46afdfb452960a5e;[];cuy
54;3;11-50;72283.0;text;;[];True;False;46afdfb452960a5e;[];bawa motor,,, apa naik apa?
55;3;11-50;72287.0;text;;[];False;False;46afdfb452960a5e;[];masak sendiri lebih hemat,,, sih
56;3;11-50;72319.0;text;;['💪🏼'];False;False;e08d7809e954ff49;[];sarapan dulu baru mikir
57;3;11-50;72340.0;text;;[];True;False;e08d7809e954ff49;[];udah sampe belom?
58;3;11-50;73928.0;text;;['🙈'];False;True;e08d7809e954ff49;[];capek banget hari ini!
59;4;51-100;354219.0;text;;['❤'];True;False;e08d7809e954ff49;[];menurut lu gw harus ambil mata kuliah pilihan yang mana semester depan?
60;4;1-10;354254.0;text;;[];False;False;30aac53f3af5e900;[];GPP
61;4;1-10;354261.0;text;;[];False;False;39683391a05b383b;[];done
62;4;11-50;354262.0;text;;[];False;False;30aac53f3af5e900;[];WARTEG DEPAN KAMPUS ENAK
63;4;11-50;354266.0;text;;[];False;False;30aac53f3af5e900;[];LU UDAH MAKAN BELUM
64;4;11-50;354274.0;text;;[];False;False;39683391a05b383b;[];proposal skripsi gw ditolak
65;4;1-10;354277.0;text;;[];False;False;39683391a05b383b;[];bole
66;4;11-50;354289.0;text;;[];False;False;39683391a05b383b;[];mie ayam pak kumis juara sih
67;4;11-50;354301.0;text;;[];False;True;e08d7809e954ff49;[];keren abis presentasinya!
68;4;11-50;354306.0;text;;[];False;False;e08d7809e954ff49;['dd9a90a3d295de32'];kelas tambahan hari sabtu sih
69;4;51-100;354448.0;text;;['😡'];False;False;e08d7809e954ff49;[];gw lagi mikirin mau ambil magang di perusahaan mana buat semester depan
70;4;11-50;354528.0;text;;[];False;False;30aac53f3af5e900;[];DOSEN PEMBIMBING SUSAH DITEMUI
71;4;1-10;354555.0;text;;[];False;False;e08d7809e954ff49;[];bet
72;4;1-10;364804.0;text;;[];False;False;a59f9b9a2851ddd2;[];hmm
73;5;1-10;416201.0;text;;[];True;False;a59f9b9a2851ddd2;[];knp?
74;5;1-10;416234.0;text;;[];False;False;46afdfb452960a5e;[];gila
75;5;11-50;416234.0;text;;[];False;False;46afdfb452960a5e;[];film baru di bioskop,,, bagus ga
76;5;1-10;416286.0;text;;[];False;False;a59f9b9a2851ddd2;[];woles
77;5;1-10;416294.0;text;;[];False;False;a59f9b9a2851ddd2;[];mager
78;5;1-10;416315.0;text;;[];False;False;a59f9b9a2851ddd2;[];gitu
79;5;11-50;416319.0;text;;[];True;False;a59f9b9a2851ddd2;[];siapa aja yg dateng?
80;5;11-50;416369.0;text;;[];False;False;a59f9b9a2851ddd2;[];gw kangen masakan rumah
81;5;11-50;416373.0;text;;[];False;False;a59f9b9a2851ddd2;[];duit bulanan blm dikirim
82;5;11-50;416419.0;text;;[];False;False;a59f9b9a2851ddd2;[];kakak gw baru aja nikah
83;5;1-10;416574.0;text;;[];False;False;a59f9b9a2851ddd2;[];gitu
84;5;11-50;416584.0;text;;[];False;False;a59f9b9a2851ddd2;[];duit bulanan blm dikirim
85;5;1-10;416949.0;text;;[];False;False;30aac53f3af5e900;[];GILA
86;5;1-10;417378.0;text;;[];False;False;e08d7809e954ff49;[];noted
87;5;11-50;417389.0;text;;['🤦🏽\u200d♀', '😅'];False;False;e08d7809e954ff49;[];mama minta gw pulang weekend
88;6;51-100;451837.0;text;;[];True;False;30aac53f3af5e900;[];LU TAU GA TEMPAT PRINT YANG MURAH DEKET KAMPUS BUAT TUGAS AKHIR?
89;6;11-50;452747.0;text;;[];False;False;30aac53f3af5e900;[];WIFI KAMPUS LEMOT PARAH
90;6;11-50;452758.0;text;;[];False;False;edab10a0f2ace5d1;[];cuacaaaa hari iniii panas bangetttt
91;6;11-50;452768.0;text;;[];False;False;edab10a0f2ace5d1;[];gw mau tidurrr duluu ya
92;6;1-10;452773.0;text;;[];False;False;edab10a0f2ace5d1;[];okey
93;6;11-50;452776.0;text;;[];False;False;edab10a0f2ace5d1;[];gw mauuuu tidur duluu ya
94;6;1-10;452915.0;text;;[];False;False;30aac53f3af5e900;[];OKEY
95;6;11-50;452928.0;text;;[];False;False;30aac53f3af5e900;[];CHARGER HP GW RUSAK LAGI
96;6;11-50;452930.0;text;;[];False;False;30aac53f3af5e900;[];WIFI KAMPUS LEMOT PARAH
97;6;1-10;452932.0;text;;['😍'];False;False;30aac53f3af5e900;[];SEEP
98;7;1-10;622406.0;text;;[];False;False;30aac53f3af5e900;[];IH
99;7;11-50;622407.0;text;;[];True;False;30aac53f3af5e900;[];BOOKING DULUAN APA LANGSUNG AJA?
100;7;11-50;622448.0;text;;[];True;False;30aac53f3af5e900;[];ADA SINYAL GA DISITU?
101;7;11-50;622451.0;text;;[];False;False;30aac53f3af5e900;[];MANGA TERBARU UDAH KELUAR LOH
102;7;11-50;622505.0;text;;[];False;False;30aac53f3af5e900;[];KONSER ITU MAHAL BANGET TIKETNYA
103;8;51-100;714122.0;text;;[];True;False;e08d7809e954ff49;[];kira kira kalo gw apply magang sekarang masih keburu ga ya?
104;8;1-10;714738.0;text;;[];False;False;39683391a05b383b;[];btw
105;8;11-50;714749.0;text;;[];False;False;39683391a05b383b;[];futsal besok jadi... ga
106;8;11-50;714755.0;text;;[];False;False;39683391a05b383b;[];series itu endingnya zonk bgt
107;8;11-50;714763.0;text;;[];False;False;39683391a05b383b;[];game baru udah... download belum
108;8;51-100;715653.0;image/jpeg;;['😖'];False;False;e08d7809e954ff49;[];[Foto]
109;9;0;718124.0;unknown;;[];False;False;39683391a05b383b;[];[Media tidak dikenal]
110;9;11-50;718126.0;text;;[];False;False;39683391a05b383b;[];ketemuan di mall... jam 3 ya...
111;9;101-500;718155.0;text;;[];False;False;39683391a05b383b;[];gw baru aja beres beresin kosan dan nemu barang barang lama dari jaman SMA. ada... foto kelas, surat dari mantan,... sama buku diary yang... isinya cringe banget kalo... dibaca sekarang. jadi nostalgia sendiri inget masa masa dulu yang lebih sederhana.... kadang kangen juga sih jadi anak SMA lagi... tanpa mikirin skripsi...
112;9;0;718188.0;image/jpeg;;[];False;False;39683391a05b383b;[];[Foto]
113;9;1-10;719614.0;text;;[];False;True;e08d7809e954ff49;[];nice!
114;9;1-10;719633.0;text;;[];False;False;39683391a05b383b;[];hoo
115;10;11-50;749938.0;text;;[];True;False;30aac53f3af5e900;[];GIMANA KABAR LU SEKARANG?
116;10;11-50;750032.0;text;;[];True;False;30aac53f3af5e900;[];GIMANA KABAR LU SEKARANG?
117;11;11-50;752491.0;text;;[];False;False;30aac53f3af5e900;[];DOMPET GW KETINGGALAN DI RUMAH
118;11;1-10;752508.0;text;;[];False;False;30aac53f3af5e900;[];YOII
119;11;11-50;752512.0;text;;['😌'];False;False;30aac53f3af5e900;[];GW BARU GANTI NOMOR BTW
120;11;11-50;752526.0;text;;[];False;False;30aac53f3af5e900;[];GW BARU GANTI NOMOR BTW
121;11;11-50;752529.0;text;;[];False;False;30aac53f3af5e900;[];INTERNET MATI LAGI DI KOSAN
122;11;1-10;752534.0;text;;['😌'];False;False;30aac53f3af5e900;[];YOII
123;11;11-50;752594.0;text;;[];True;False;30aac53f3af5e900;[];MASIH BUKA GA WARUNGNYA?
124;12;1-10;757066.0;text;;['😌'];False;False;30aac53f3af5e900;[];YAA
125;12;1-10;757068.0;text;;[];False;False;30aac53f3af5e900;[];KAN
126;12;11-50;757077.0;text;;[];False;False;30aac53f3af5e900;[];KITA KETEMUAN DIMANA AJA DEH
127;12;11-50;757655.0;text;;[];False;False;30aac53f3af5e900;[];JANGAN LUPA BAWA DUIT CASH
128;13;1-10;758274.0;text;;[];False;False;30aac53f3af5e900;[];YOII
129;13;11-50;758276.0;text;;[];False;False;30aac53f3af5e900;[];GW LAGI DI ATM SEBENTAR
130;14;1-10;779169.0;text;;[];False;False;30aac53f3af5e900;[];MALES
131;14;0;779202.0;sticker/webp;;[];False;False;30aac53f3af5e900;[];[Stiker]
132;14;1-10;779418.0;text;;[];False;False;a59f9b9a2851ddd2;[];gabut
133;14;1-10;779612.0;text;;[];False;False;e08d7809e954ff49;[];trus
134;14;1-10;781474.0;text;;[];True;False;30aac53f3af5e900;[];READY?
135;14;11-50;781495.0;text;;[];False;False;30aac53f3af5e900;[];JANGAN BILANG SIAPA SIAPA YA
136;14;11-50;781497.0;text;;[];False;False;30aac53f3af5e900;[];GW BERANTEM SAMA SI ANU
137;15;11-50;784138.0;text;;[];False;False;a59f9b9a2851ddd2;[];diem diem ternyata jadian
138;15;1-10;784144.0;text;;[];False;False;a59f9b9a2851ddd2;[];ywd
139;15;11-50;784592.0;text;;[];False;False;e08d7809e954ff49;[];temenin gw dong besok
140;16;11-50;802014.0;text;;[];False;False;39683391a05b383b;[];badminton yuk sore ini
141;16;11-50;802020.0;text;;[];True;False;39683391a05b383b;[];tadi ngomong apa sih dosennya?
142;16;1-10;802023.0;text;;[];False;False;39683391a05b383b;[];jir
143;16;1-10;804201.0;text;;[];False;False;e08d7809e954ff49;[];fyi
144;17;11-50;935925.0;text;;[];False;False;e08d7809e954ff49;[];presentasi gw amburadul
145;17;1-10;935963.0;text;;[];False;False;e08d7809e954ff49;[];yuk
146;17;1-10;935968.0;text;;[];False;False;30aac53f3af5e900;[];OKE
147;17;1-10;935972.0;text;;['☹'];False;False;30aac53f3af5e900;[];HAHA
148;17;1-10;935976.0;text;;['😪'];False;False;e08d7809e954ff49;[];hehe
149;17;11-50;936064.0;text;;[];False;False;a59f9b9a2851ddd2;[];gw lg ngerjain tugas nih
150;17;1-10;936065.0;text;;[];False;False;a59f9b9a2851ddd2;[];otw
151;17;11-50;936070.0;text;;[];False;False;a59f9b9a2851ddd2;[];lab komputer penuh terus
152;17;11-50;936084.0;text;;[];False;False;a59f9b9a2851ddd2;['e08d7809e954ff49', '39683391a05b383b'];ipk gw turun semester ni
153;17;11-50;936090.0;text;;[];False;False;a59f9b9a2851ddd2;['46afdfb452960a5e'];eh tadi kelas seru bgt
154;17;1-10;936108.0;text;;[];False;False;e08d7809e954ff49;[];iya
155;17;11-50;936115.0;text;;[];False;False;a59f9b9a2851ddd2;[];lab komputer penuh terus
156;17;11-50;936116.0;text;;[];False;False;e08d7809e954ff49;[];gw skip kelas hari ini
157;17;1-10;936117.0;text;;[];False;False;e08d7809e954ff49;[];iya
158;17;1-10;936122.0;text;;['🤣'];False;False;e08d7809e954ff49;[];yuk
159;17;11-50;936132.0;text;;[];False;False;a59f9b9a2851ddd2;[];eh tadi kelas seru bgt
160;17;11-50;936134.0;text;;[];True;False;e08d7809e954ff49;[];tugas dikumpul kapan sih?
161;17;11-50;936138.0;text;;['😪'];False;False;e08d7809e954ff49;[];IPK gw turun semester ini
162;17;1-10;936143.0;text;;[];True;False;a59f9b9a2851ddd2;[];kapan?
163;17;1-10;936152.0;text;;[];False;False;e08d7809e954ff49;[];otw
164;17;11-50;936153.0;text;;[];False;False;e08d7809e954ff49;[];IPK gw turun semester ini
165;17;11-50;936161.0;text;;[];False;False;a59f9b9a2851ddd2;[];perpus tutup jam berapa ya
166;17;1-10;936165.0;text;;[];False;False;a59f9b9a2851ddd2;[];iya
167;17;11-50;936181.0;text;;[];False;False;e08d7809e954ff49;[];gw skip kelas hari ini
168;17;11-50;936191.0;text;;[];False;False;a59f9b9a2851ddd2;[];deadline besok pagi bro
169;17;11-50;936192.0;text;;[];True;False;e08d7809e954ff49;[];tugas dikumpul kapan sih?
170;17;11-50;936200.0;text;;[];False;False;a59f9b9a2851ddd2;[];eh tadi kelas seru bgt
171;17;11-50;936207.0;text;;[];False;False;e08d7809e954ff49;[];lab komputer penuh terus
172;17;11-50;936788.0;text;;[];False;False;30aac53f3af5e900;[];LAB KOMPUTER PENUH TERUS
173;17;11-50;936807.0;text;;[];False;False;e08d7809e954ff49;[];dosen gw galak banget sih
174;17;11-50;936885.0;text;;[];False;False;30aac53f3af5e900;[];GW BELOM MULAI TUGAS
175;17;11-50;936914.0;text;;[];False;False;30aac53f3af5e900;[];PERPUS TUTUP JAM BERAPA YA
176;17;1-10;936918.0;text;;['🤣'];False;False;e08d7809e954ff49;[];haha
177;18;1-10;940180.0;text;150.0;[];False;False;46afdfb452960a5e;[];amin
178;18;11-50;940587.0;text;;[];False;False;e08d7809e954ff49;[];jangan bilang siapa siapa ya
179;18;11-50;940593.0;text;;[];False;False;e08d7809e954ff49;[];eh denger gosip belum
180;18;11-50;941416.0;text;;[];False;False;30aac53f3af5e900;[];TEMEN GW SAKIT MASUK RS
181;18;101-500;942368.0;text;;[];True;False;e08d7809e954ff49;[];eh ada yang punya rekomendasi laptop budget 5 jutaan yang bagus buat kuliah dan ngoding ga? laptop gw yang sekarang udah mulai lemot dan sering ngehang kalo buka banyak tab. pengennya sih yang ringan buat dibawa ke kampus tapi tetep kenceng performanya, ada saran?
182;18;11-50;942584.0;text;;[];False;False;a59f9b9a2851ddd2;['e08d7809e954ff49'];jangan bilang siapa siapa ya
183;18;11-50;942597.0;text;;[];False;False;e08d7809e954ff49;[];jangan bilang siapa siapa ya
184;18;1-10;942763.0;text;;[];False;False;a59f9b9a2851ddd2;[];gabut
185;19;11-50;952885.0;text;;[];False;False;39683391a05b383b;[];presentasi gw amburadul
186;19;11-50;952904.0;text;;[];False;False;39683391a05b383b;[];matkul ini susah banget
187;19;11-50;952908.0;text;;[];False;False;39683391a05b383b;[];lab komputer penuh terus...
188;19;1-10;952915.0;text;;[];False;False;a59f9b9a2851ddd2;[];yoi
189;19;11-50;952918.0;text;;[];False;False;a59f9b9a2851ddd2;[];presentasi gw amburadul
190;19;11-50;952932.0;text;;[];False;False;a59f9b9a2851ddd2;[];eh tadi kelas seru bgt
191;19;11-50;953039.0;text;;[];False;False;30aac53f3af5e900;[];PRESENTASI GW AMBURADUL
192;19;51-100;953057.0;text;;[];False;False;30aac53f3af5e900;[];EH BESOK KITA JADI KETEMUAN DI KAFE DEKET STASIUN KAN YA JAM 2 SIANG
193;19;11-50;953068.0;text;;[];False;False;39683391a05b383b;[];IPK gw turun semester ini
194;19;1-10;953070.0;text;;[];False;False;39683391a05b383b;[];otw
195;19;11-50;953075.0;text;;[];True;False;39683391a05b383b;[];lu dimana sekarang?
196;19;1-10;953077.0;text;;[];True;False;39683391a05b383b;[];apa?
197;19;11-50;953085.0;text;;[];False;False;30aac53f3af5e900;[];DEADLINE BESOK PAGI BRO
198;19;11-50;953094.0;text;;[];False;False;39683391a05b383b;[];lab komputer penuh... terus
199;19;11-50;953100.0;text;;[];False;False;39683391a05b383b;[];gw lg ngerjain tugas nih
200;19;1-10;953121.0;text;;[];False;False;a59f9b9a2851ddd2;[];hehe
201;19;11-50;953132.0;text;;[];False;False;a59f9b9a2851ddd2;[];tadi absen ga sih km
202;19;0;953181.0;sticker/webp;201.0;[];False;False;30aac53f3af5e900;[];[Stiker]
203;19;11-50;953247.0;text;;[];False;False;39683391a05b383b;[];perpus tutup jam berapa... ya
204;19;1-10;953291.0;text;;[];False;False;a59f9b9a2851ddd2;[];dah
205;19;11-50;953297.0;text;;[];False;False;a59f9b9a2851ddd2;[];gw skip kelas hari ni
206;19;11-50;953331.0;text;;[];False;False;39683391a05b383b;[];lab komputer penuh terus
207;19;1-10;953341.0;text;;[];False;False;39683391a05b383b;[];iya
208;19;11-50;953347.0;text;;[];False;False;39683391a05b383b;[];dosen gw galak banget sih
209;19;11-50;953350.0;text;;[];False;False;39683391a05b383b;[];gw lg ngerjain tugas nih
210;19;1-10;953355.0;text;;[];False;False;30aac53f3af5e900;[];OKE
211;19;11-50;953359.0;text;;[];False;False;30aac53f3af5e900;[];GW SKIP KELAS HARI INI
212;19;11-50;953367.0;text;;[];False;True;30aac53f3af5e900;[];MANTAP BANGET HASILNYA!
213;19;1-10;953373.0;text;;[];False;True;30aac53f3af5e900;[];WAH!
214;19;11-50;953378.0;text;;[];False;False;39683391a05b383b;[];tadi absen ga sih kamu
215;19;1-10;953380.0;text;;[];False;False;39683391a05b383b;[];hehe
216;19;11-50;953381.0;text;;[];False;False;39683391a05b383b;[];matkul ini susah banget
217;19;1-10;953381.0;text;;[];False;False;30aac53f3af5e900;[];SIAP
218;19;11-50;953382.0;text;;[];False;False;39683391a05b383b;[];dosen gw galak banget sih
219;19;1-10;953388.0;text;;[];False;False;39683391a05b383b;[];haha
220;19;11-50;953389.0;text;;[];False;False;30aac53f3af5e900;[];DEADLINE BESOK PAGI BRO
221;19;1-10;953393.0;text;;[];False;False;39683391a05b383b;[];siap
222;19;11-50;953396.0;text;;[];False;False;30aac53f3af5e900;[];GW SKIP KELAS HARI INI
223;19;11-50;953413.0;text;;[];False;False;30aac53f3af5e900;[];IPK GW TURUN SEMESTER INI
224;19;11-50;953415.0;text;;[];False;False;30aac53f3af5e900;[];GW BELOM MULAI TUGAS
225;19;1-10;953419.0;text;;['😂'];False;False;39683391a05b383b;[];hehe
226;19;1-10;953425.0;text;;[];False;False;39683391a05b383b;[];haha
227;19;11-50;953426.0;text;;[];False;False;39683391a05b383b;[];IPK gw turun semester ini
228;19;11-50;953427.0;text;;[];False;False;39683391a05b383b;[];tadi absen ga... sih kamu
229;19;11-50;953429.0;text;;[];False;False;39683391a05b383b;[];dosen gw galak banget sih...
230;19;11-50;953443.0;text;;[];False;False;39683391a05b383b;[];perpus tutup jam berapa... ya
231;19;1-10;953447.0;text;;[];True;False;39683391a05b383b;[];mana?
232;19;1-10;953457.0;text;;[];False;False;39683391a05b383b;[];yuk
233;19;1-10;953459.0;text;;[];False;False;39683391a05b383b;[];otw
234;19;1-10;953466.0;text;;[];False;False;39683391a05b383b;[];oke
235;19;1-10;953471.0;text;;[];False;False;39683391a05b383b;[];yoi
236;20;11-50;957470.0;text;;[];False;False;39683391a05b383b;[];IPK gw turun semester... ini
237;20;1-10;957493.0;text;;[];True;False;30aac53f3af5e900;[];SIAPA?
238;20;1-10;957496.0;text;;[];False;False;30aac53f3af5e900;[];YUK
239;20;11-50;957506.0;text;;[];False;False;39683391a05b383b;[];IPK gw turun semester ini
240;20;11-50;957516.0;text;;[];False;False;30aac53f3af5e900;[];IPK GW TURUN SEMESTER INI
241;20;11-50;957517.0;text;;[];True;False;30aac53f3af5e900;[];TUGAS DIKUMPUL KAPAN SIH?
242;20;11-50;957611.0;text;;[];False;False;39683391a05b383b;[];deadline besok pagi bro
243;20;11-50;957612.0;text;;[];False;False;39683391a05b383b;[];deadline besok pagi bro
244;20;11-50;957626.0;text;;[];False;False;39683391a05b383b;[];IPK gw turun semester ini
245;20;0;957634.0;sticker/webp;;[];False;False;30aac53f3af5e900;[];[Stiker]
246;20;11-50;957648.0;text;;[];True;False;30aac53f3af5e900;[];JADI KETEMUAN GA HARI INI?
247;20;1-10;957678.0;text;;[];False;False;39683391a05b383b;[];dah
248;20;1-10;957806.0;text;;[];False;False;a59f9b9a2851ddd2;[];oke
249;20;11-50;957813.0;text;;[];True;False;a59f9b9a2851ddd2;[];lu dmn skrg?
250;20;1-10;957889.0;text;;[];False;False;39683391a05b383b;[];ok
251;20;1-10;957890.0;text;;[];False;False;39683391a05b383b;[];dah
252;20;11-50;957901.0;text;;[];False;False;39683391a05b383b;[];IPK gw turun... semester ini
253;21;11-50;1135709.0;text;;[];False;False;30aac53f3af5e900;['dd9a90a3d295de32'];WARTEG DEPAN KAMPUS ENAK
254;21;11-50;1135777.0;text;;[];True;False;a59f9b9a2851ddd2;[];ntar malem ngapain?
255;21;11-50;1135783.0;text;;[];False;False;a59f9b9a2851ddd2;[];gw laper bgt nih
256;21;11-50;1135789.0;text;;[];False;False;30aac53f3af5e900;[];MIE AYAM PAK KUMIS JUARA SIH
257;21;11-50;1135794.0;text;;[];False;False;30aac53f3af5e900;[];GW LAPER BANGET NIH
258;21;11-50;1135795.0;text;;[];False;False;30aac53f3af5e900;[];GW BARU AJA DARI KAMPUS
259;21;11-50;1135803.0;text;;[];False;True;30aac53f3af5e900;[];KEREN ABIS PRESENTASINYA!
260;21;11-50;1135815.0;text;;[];False;False;a59f9b9a2851ddd2;[];sidang minggu depan doain ya
261;21;11-50;1135829.0;text;;[];False;False;30aac53f3af5e900;[];WARTEG DEPAN KAMPUS ENAK
262;21;11-50;1135839.0;text;;[];False;False;a59f9b9a2851ddd2;[];warteg depan kampus enak
263;21;1-10;1136544.0;text;;[];False;False;30aac53f3af5e900;[];DONE
264;21;11-50;1136553.0;text;;[];False;False;30aac53f3af5e900;[];SEMINAR TADI LAMA BANGET
265;22;11-50;1209474.0;text;;[];False;False;30aac53f3af5e900;[];ES TEH MANIS SATU YA BANG
266;22;51-100;1209481.0;text;;[];True;False;30aac53f3af5e900;[];ADA YANG TAU KENAPA KANTIN KAMPUS TUTUP LEBIH AWAL HARI INI GA SIH?
267;22;11-50;1209493.0;text;;['😅'];False;False;30aac53f3af5e900;[];SARAPAN DULU BARU MIKIR
268;22;1-10;1209643.0;text;;[];True;False;e08d7809e954ff49;[];kok?
269;22;11-50;1209660.0;text;;[];False;False;e08d7809e954ff49;[];sarapan dulu baru mikir
270;22;11-50;1209711.0;text;;[];False;False;30aac53f3af5e900;[];ES TEH MANIS SATU YA BANG
271;22;11-50;1209724.0;text;;[];False;False;30aac53f3af5e900;[];MASAK SENDIRI LEBIH HEMAT SIH
272;22;1-10;1209724.0;text;;['😘'];False;False;30aac53f3af5e900;[];GASS
273;22;1-10;1209806.0;text;;['😘'];False;False;e08d7809e954ff49;[];yep
274;22;1-10;1209809.0;text;;[];False;True;e08d7809e954ff49;[];wow!
275;22;11-50;1209824.0;text;;[];True;False;e08d7809e954ff49;['a59f9b9a2851ddd2', '39683391a05b383b'];itu beneran apa hoax?
276;22;11-50;1209836.0;text;;[];False;False;a59f9b9a2851ddd2;[];gw mau nyoba restoran baru
277;22;11-50;1209846.0;text;;[];False;False;e08d7809e954ff49;[];porsi makan gw nambah terus
278;22;0;1210045.0;sticker/webp;;[];False;False;30aac53f3af5e900;[];[Stiker]
279;23;11-50;1212522.0;text;;[];False;False;a59f9b9a2851ddd2;[];nongkrong yuk di kafe biasa
280;23;1-10;1212948.0;text;;[];False;False;e08d7809e954ff49;[];woy
281;24;11-50;1213679.0;text;;[];False;False;e08d7809e954ff49;[];pertandingan bola tadi malam gila
282;24;1-10;1213680.0;text;;['🤣'];False;False;e08d7809e954ff49;[];oot
283;24;1-10;1213764.0;text;;['💃🏼'];False;False;e08d7809e954ff49;[];dih
284;24;11-50;1214097.0;text;;[];False;False;a59f9b9a2851ddd2;[];gw lg baca novel baru nih
285;25;11-50;1214753.0;text;;[];False;False;a59f9b9a2851ddd2;[];bentar ya gw lg di jalan
286;25;11-50;1214755.0;text;;[];False;False;a59f9b9a2851ddd2;[];baru bangun nih msh ngantuk
287;25;11-50;1214880.0;text;;[];True;False;e08d7809e954ff49;[];lu punya kontak dia ga?
288;25;11-50;1215155.0;text;;[];False;False;39683391a05b383b;[];lu tim mana dukungnya...
289;25;11-50;1215202.0;text;;[];False;False;e08d7809e954ff49;[];lu tim mana dukungnya
290;25;11-50;1215214.0;text;;[];False;False;39683391a05b383b;[];hujan deres ga bawa payung
291;25;11-50;1215243.0;text;;[];False;False;e08d7809e954ff49;[];dompet gw ketinggalan di rumah
292;25;0;1215259.0;sticker/webp;;[];False;False;30aac53f3af5e900;[];[Stiker]
293;25;11-50;1215268.0;text;;[];False;False;a59f9b9a2851ddd2;[];gw lg di atm btr
294;25;1-10;1215278.0;text;;['🤣'];False;False;e08d7809e954ff49;[];ah
295;25;51-100;1215420.0;text;;[];False;False;e08d7809e954ff49;['a59f9b9a2851ddd2', '39683391a05b383b'];tadi gw antri di administrasi kampus 2 jam cuma buat ngurus surat
296;25;11-50;1215642.0;text;;[];False;False;39683391a05b383b;[];capek banget hari ini asli
297;25;11-50;1215649.0;text;;[];False;False;39683391a05b383b;[];cuaca hari ini panas banget
298;25;1-10;1215729.0;text;;['🤣'];False;False;e08d7809e954ff49;[];gassss
299;25;1-10;1216505.0;text;;[];False;False;30aac53f3af5e900;[];OH
300;25;1-10;1216625.0;text;;[];False;False;e08d7809e954ff49;[];siapp
301;25;1-10;1217261.0;text;;[];False;False;edab10a0f2ace5d1;[];siapp
302;25;1-10;1217262.0;text;;[];False;False;edab10a0f2ace5d1;[];ah
303;26;11-50;1465982.0;text;;[];True;False;a59f9b9a2851ddd2;[];booking duluan apa langsung aja?
304;26;11-50;1466444.0;text;;['😌'];False;False;30aac53f3af5e900;[];MANGA TERBARU UDAH KELUAR LOH
305;26;11-50;1467163.0;text;;['😳'];False;False;e08d7809e954ff49;[];pertandingan bola tadi malam gila
306;26;11-50;1467217.0;text;;[];False;False;46afdfb452960a5e;[];album baru dia,,, enak banget
307;27;11-50;1526013.0;text;;['😌'];False;False;30aac53f3af5e900;[];BADMINTON YUK SORE INI
308;27;1-10;1527256.0;text;;[];False;False;30aac53f3af5e900;[];KUY
309;27;1-10;1527263.0;text;;[];False;False;30aac53f3af5e900;[];BTW
310;28;1-10;1534277.0;text;;[];False;False;46afdfb452960a5e;[];wah
311;28;1-10;1534686.0;text;;[];False;False;46afdfb452960a5e;[];wah
312;28;11-50;1534686.0;text;;[];True;False;46afdfb452960a5e;[];makan apa ntar siang?
313;28;11-50;1534692.0;text;;[];False;False;46afdfb452960a5e;[];kita ketemuan dimana aja,,, deh
314;28;11-50;1534697.0;text;;[];False;False;46afdfb452960a5e;[];lu dimana sih,,, lama banget
315;28;11-50;1534700.0;text;;[];False;False;a59f9b9a2851ddd2;[];gw ngga bs ikut malem ni
316;29;1-10;1538094.0;text;;[];False;False;30aac53f3af5e900;[];KOK
317;29;11-50;1538105.0;text;;[];True;False;30aac53f3af5e900;[];WIFI PASSWORD NYA APA SIH?
318;29;11-50;1538113.0;text;;[];True;False;30aac53f3af5e900;[];ADA YG MAU BARENG?
319;29;11-50;1538321.0;text;;[];False;False;a59f9b9a2851ddd2;[];lu dmn sih lama bgt
320;29;1-10;1538634.0;text;;[];False;False;30aac53f3af5e900;[];WAH
321;29;1-10;1538714.0;text;;[];False;False;46afdfb452960a5e;[];wah
322;30;1-10;1541066.0;text;;[];False;False;e08d7809e954ff49;[];yep
323;30;11-50;1543322.0;text;;[];False;False;a59f9b9a2851ddd2;[];tadi gw makan nasi padang
324;30;1-10;1543326.0;text;;[];False;False;a59f9b9a2851ddd2;[];bro
325;30;11-50;1543942.0;text;;[];False;False;46afdfb452960a5e;[];indomie telor,,, udah,,, cukup,,, kok
326;30;11-50;1544563.0;text;;[];False;False;a59f9b9a2851ddd2;[];nongkrong yuk di kafe biasa
327;30;1-10;1544745.0;text;;[];False;False;30aac53f3af5e900;[];BENER
328;31;11-50;1559155.0;text;;[];False;False;30aac53f3af5e900;['a59f9b9a2851ddd2', '46afdfb452960a5e'];GW LAPER BANGET NIH
329;31;11-50;1559166.0;text;;[];False;False;a59f9b9a2851ddd2;[];mie ayam pak kumis juara sih
330;31;1-10;1559202.0;text;;[];False;False;30aac53f3af5e900;[];HMM
331;31;51-100;1559211.0;text;;[];False;False;30aac53f3af5e900;[];GW LAGI MIKIRIN MAU AMBIL MAGANG DI PERUSAHAAN MANA BUAT SEMESTER DEPAN
332;31;0;1559223.0;sticker/webp;;[];False;False;30aac53f3af5e900;[];[Stiker]
333;31;11-50;1559226.0;text;;[];False;False;30aac53f3af5e900;[];WARTEG DEPAN KAMPUS ENAK
334;31;11-50;1559249.0;text;;[];True;False;30aac53f3af5e900;[];NTAR MALEM NGAPAIN?
335;31;11-50;1559593.0;text;;[];False;False;a59f9b9a2851ddd2;[];gw laper bgt nih
336;31;1-10;1559646.0;text;;[];False;False;30aac53f3af5e900;[];GAJE
337;31;11-50;1559655.0;text;;[];False;False;30aac53f3af5e900;[];GW BARU AJA DARI KAMPUS
338;31;11-50;1559660.0;text;;[];False;False;30aac53f3af5e900;[];SIDANG MINGGU DEPAN DOAIN YA
339;31;11-50;1559663.0;text;;[];False;False;30aac53f3af5e900;[];KELAS TAMBAHAN HARI SABTU SIH
340;31;0;1559666.0;sticker/webp;;[];False;False;46afdfb452960a5e;[];[Stiker]
341;31;0;1559669.0;sticker/webp;;[];False;False;46afdfb452960a5e;[];[Stiker]
342;31;11-50;1559670.0;text;;[];False;False;30aac53f3af5e900;[];DOSEN PEMBIMBING SUSAH DITEMUI
343;31;0;1559672.0;sticker/webp;;[];False;False;30aac53f3af5e900;[];[Stiker]
344;31;1-10;1560554.0;text;;[];False;False;a59f9b9a2851ddd2;[];gaje
345;31;11-50;1560563.0;text;;[];False;False;a59f9b9a2851ddd2;['e08d7809e954ff49'];tugas kelompok bikin pusing
346;31;11-50;1561159.0;text;;[];False;False;30aac53f3af5e900;['e08d7809e954ff49'];SEMINAR TADI LAMA BANGET
347;31;11-50;1561660.0;text;;[];True;False;e08d7809e954ff49;[];ntar malem ngapain?
348;31;1-10;1561662.0;text;;[];False;False;e08d7809e954ff49;[];bet
349;31;11-50;1561688.0;text;;[];False;False;a59f9b9a2851ddd2;[];sidang minggu depan doain ya
350;31;11-50;1561695.0;text;;[];False;False;e08d7809e954ff49;[];sidang minggu depan doain ya
351;31;11-50;1561702.0;text;;[];False;False;a59f9b9a2851ddd2;[];gw laper bgt nih
352;31;11-50;1561703.0;text;;[];False;False;e08d7809e954ff49;[];tugas kelompok bikin pusing
353;31;1-10;1561712.0;text;;['🤣'];False;False;e08d7809e954ff49;[];nah
354;31;11-50;1561720.0;text;;[];False;False;e08d7809e954ff49;[];gw mau ambil cuti semester
355;31;1-10;1561732.0;text;;[];False;False;a59f9b9a2851ddd2;[];asli
356;31;11-50;1561736.0;text;;[];False;False;a59f9b9a2851ddd2;[];gw laper bgt nih
357;31;1-10;1561736.0;text;;[];False;False;a59f9b9a2851ddd2;[];hmm
358;31;11-50;1561743.0;text;;[];False;False;a59f9b9a2851ddd2;[];warteg depan kampus enak
359;31;1-10;1561759.0;text;;[];False;False;e08d7809e954ff49;[];tuh
360;31;11-50;1561777.0;text;;[];False;False;e08d7809e954ff49;[];tugas kelompok bikin pusing
361;31;1-10;1561783.0;text;;[];False;False;e08d7809e954ff49;[];gaje
362;31;11-50;1561795.0;text;;[];False;False;a59f9b9a2851ddd2;[];kelas tambahan hari sabtu sih
363;31;1-10;1561797.0;text;;[];False;False;a59f9b9a2851ddd2;[];nah
364;31;1-10;1561848.0;text;;[];False;False;46afdfb452960a5e;[];gpp
365;31;11-50;1561856.0;text;;[];False;False;46afdfb452960a5e;[];mie ayam,,, pak kumis juara sih
366;31;11-50;1561856.0;text;;[];False;False;46afdfb452960a5e;[];gw mau ambil cuti semester
367;31;1-10;1561901.0;text;;[];False;False;e08d7809e954ff49;[];gpp
368;31;11-50;1561904.0;text;;[];False;False;e08d7809e954ff49;[];seminar tadi lama banget
369;31;11-50;1561909.0;text;;[];False;True;e08d7809e954ff49;[];keren abis presentasinya!
370;31;11-50;1562086.0;text;;['🙄'];False;False;e08d7809e954ff49;[];proposal skripsi gw ditolak
371;31;51-100;1562102.0;text;;['🤣'];False;False;e08d7809e954ff49;[];kosan gw bocor lagi pas hujan semalam, kasur gw basah semua parah banget
372;31;1-10;1562106.0;text;;[];False;False;a59f9b9a2851ddd2;[];aman
373;31;11-50;1562173.0;text;;[];False;False;a59f9b9a2851ddd2;['e08d7809e954ff49'];gw laper bgt nih
374;31;11-50;1562193.0;text;;[];False;False;a59f9b9a2851ddd2;[];mie ayam pak kumis juara sih
375;31;1-10;1562211.0;text;;[];False;False;30aac53f3af5e900;[];GAJE
376;31;11-50;1562215.0;text;;[];False;False;30aac53f3af5e900;[];DOSEN PEMBIMBING SUSAH DITEMUI
377;31;1-10;1562232.0;text;;[];False;False;e08d7809e954ff49;[];asli
378;31;11-50;1562233.0;text;;[];False;False;30aac53f3af5e900;[];LU UDAH MAKAN BELUM
379;31;51-100;1562241.0;text;;['🤣'];False;False;e08d7809e954ff49;[];gw udah bikin slides presentasi tapi kayaknya masih kurang bagus deh isinya
380;31;51-100;1562243.0;text;;[];False;False;30aac53f3af5e900;[];GW UDAH BIKIN SLIDES PRESENTASI TAPI KAYAKNYA MASIH KURANG BAGUS DEH ISINYA
381;31;51-100;1562272.0;text;;['💪'];False;True;a59f9b9a2851ddd2;[];akhirnya selesai jg skripsi gw setelah perjuangan berbulan bulan!
382;31;101-500;1562282.0;text;;[];True;False;e08d7809e954ff49;[];guys ada yang tau ga sih kenapa sistem registrasi online kampus sering banget error pas masa pengisian KRS? tiap semester selalu gitu bikin stres, mana harus rebutan mata kuliah yang kuotanya dikit banget lagi. apa emang servernya ga kuat ya nampung banyak mahasiswa sekaligus?
383;31;1-10;1562286.0;text;;[];False;False;46afdfb452960a5e;[];tuh
384;31;1-10;1562287.0;text;;[];False;False;46afdfb452960a5e;[];gaje
385;31;11-50;1562290.0;text;;[];False;False;46afdfb452960a5e;[];gw mau ambil cuti,,, semester
386;31;11-50;1562292.0;text;;[];False;False;46afdfb452960a5e;[];mie ayam pak kumis,,, juara sih,,,
387;31;11-50;1562299.0;text;;[];False;False;46afdfb452960a5e;[];kelas tambahan hari sabtu sih
388;31;1-10;1562301.0;text;;['🤣'];False;False;e08d7809e954ff49;[];bole
389;31;11-50;1562303.0;text;382.0;[];False;False;a59f9b9a2851ddd2;[];seminar tadi lama bgt
390;31;1-10;1562316.0;text;;[];False;False;a59f9b9a2851ddd2;[];tuh
391;31;11-50;1562326.0;text;;['🙄'];False;False;e08d7809e954ff49;[];dosen pembimbing susah ditemui
392;31;11-50;1562341.0;text;391.0;[];False;False;a59f9b9a2851ddd2;[];kelas tambahan hari sabtu sih
393;31;1-10;1562342.0;text;;['🤣'];False;False;e08d7809e954ff49;[];bet
394;31;11-50;1562345.0;text;;[];False;False;a59f9b9a2851ddd2;[];lu udah makan blm
395;31;51-100;1562364.0;text;;['🤣'];False;False;e08d7809e954ff49;[];gw lagi mikirin mau ambil magang di perusahaan mana buat semester depan
396;31;11-50;1562424.0;text;;[];False;False;a59f9b9a2851ddd2;[];sidang minggu depan doain ya
397;31;1-10;1562428.0;text;;[];False;False;a59f9b9a2851ddd2;[];gaje
398;31;11-50;1562429.0;text;;[];False;False;a59f9b9a2851ddd2;[];tugas kelompok bikin pusing
399;31;1-10;1562447.0;text;;['🥺'];False;False;30aac53f3af5e900;[];GAJE
400;31;11-50;1562448.0;text;;[];False;False;a59f9b9a2851ddd2;[];sidang minggu depan doain ya
401;31;1-10;1562465.0;text;;['🥺'];False;False;a59f9b9a2851ddd2;[];tuh
402;31;11-50;1562491.0;text;;[];False;False;46afdfb452960a5e;[];kelas tambahan,,, hari sabtu,,, sih
403;31;11-50;1562497.0;text;;[];False;False;46afdfb452960a5e;[];sidang minggu depan doain,,, ya
404;31;11-50;1562501.0;text;;[];False;False;46afdfb452960a5e;[];sidang minggu depan doain ya
405;31;51-100;1562530.0;text;;[];False;False;a59f9b9a2851ddd2;[];kemarin gw ke toko buku beli novel baru sm buku referensi buat skripsi
406;31;11-50;1562542.0;text;;[];False;False;30aac53f3af5e900;[];LU UDAH MAKAN BELUM
407;31;11-50;1562543.0;text;;[];False;False;30aac53f3af5e900;[];GW LAPER BANGET NIH
408;31;1-10;1562550.0;text;;[];False;False;a59f9b9a2851ddd2;[];nah
409;31;51-100;1562562.0;text;;[];False;False;a59f9b9a2851ddd2;[];gw lg mikirin mau ambil magang di perusahaan mana buat semester depan
410;31;0;1562573.0;image/jpeg;;[];False;False;a59f9b9a2851ddd2;[];[Foto]
411;31;1-10;1562585.0;text;;[];False;False;a59f9b9a2851ddd2;[];tuh
412;31;51-100;1562591.0;text;;[];False;False;a59f9b9a2851ddd2;[];gw lg mikirin mau ambil magang di perusahaan mana buat semester depan
413;31;1-10;1562638.0;text;;['😂'];False;False;46afdfb452960a5e;[];sabi
414;31;0;1562760.0;sticker/webp;;[];False;False;46afdfb452960a5e;[];[Stiker]
415;31;1-10;1562821.0;text;;[];False;False;a59f9b9a2851ddd2;[];done
416;31;0;1562825.0;sticker/webp;;[];False;False;46afdfb452960a5e;[];[Stiker]
417;31;11-50;1562826.0;text;;[];False;False;a59f9b9a2851ddd2;[];seminar tadi lama bgt
418;31;0;1562874.0;sticker/webp;;[];False;False;46afdfb452960a5e;[];[Stiker]
419;31;11-50;1564418.0;text;;[];False;False;a59f9b9a2851ddd2;[];dosen pembimbing susah ditemui
420;31;1-10;1564432.0;text;;[];False;False;a59f9b9a2851ddd2;[];gpp
421;31;1-10;1564434.0;text;;[];False;False;a59f9b9a2851ddd2;[];nah
422;31;51-100;1564434.0;text;;[];False;False;a59f9b9a2851ddd2;[];kemarin gw ke toko buku beli novel baru sm buku referensi buat skripsi
423;31;11-50;1564443.0;text;;[];False;False;a59f9b9a2851ddd2;[];tugas kelompok bikin pusing
424;31;101-500;1564755.0;text;;[];False;False;e08d7809e954ff49;[];gw lagi galau banget nih soal masa depan. mau lanjut S2 tapi duit ga ada, mau langsung kerja tapi pengalaman masih minim. nyokap bilang terserah gw aja tapi gw tau dia pengen gw cepet kerja biar bisa bantu ekonomi keluarga. bingung banget sih, kayak semua pilihan ada plus minusnya
425;31;11-50;1568309.0;text;;[];True;False;a59f9b9a2851ddd2;[];ad yg pny catetan?
426;32;11-50;1638031.0;text;;[];True;False;30aac53f3af5e900;[];TADI NGOMONG APA SIH DOSENNYA?
427;32;51-100;1638059.0;text;;[];False;False;30aac53f3af5e900;['edab10a0f2ace5d1', 'a59f9b9a2851ddd2', '46afdfb452960a5e', '39683391a05b383b', 'e08d7809e954ff49'];GW HARUS GANTI STRATEGI BELAJAR SIH SOALNYA NILAI UTS KEMARIN JELEK BGT
428;32;0;1638072.0;sticker/webp;;[];False;False;edab10a0f2ace5d1;[];[Stiker]
429;32;11-50;1638073.0;text;;[];False;False;edab10a0f2ace5d1;[];pertandingan bolaaa tadi malam gila
430;32;0;1638086.0;sticker/webp;;[];False;False;30aac53f3af5e900;[];[Stiker]
431;32;1-10;1638090.0;text;;['🤣'];False;False;e08d7809e954ff49;[];oot
432;32;11-50;1638108.0;text;;['😅'];False;False;e08d7809e954ff49;[];badminton yuk sore ini
433;32;11-50;1638116.0;text;;[];False;False;30aac53f3af5e900;['dd9a90a3d295de32', 'a59f9b9a2851ddd2'];MANGA TERBARU UDAH KELUAR LOH
434;32;1-10;1638118.0;text;;[];True;False;30aac53f3af5e900;[];GMANA?
435;32;11-50;1638126.0;text;;[];False;False;edab10a0f2ace5d1;[];gymmm hariiii ini skip deh
436;32;1-10;1638130.0;text;;[];False;False;a59f9b9a2851ddd2;[];kuy
437;32;1-10;1638143.0;text;;[];False;False;e08d7809e954ff49;[];zonk
438;32;11-50;1638147.0;text;436.0;[];True;False;e08d7809e954ff49;[];masih bangun ga lu jam segini?
439;32;11-50;1638155.0;text;;['😅'];False;False;30aac53f3af5e900;[];SERIES ITU ENDINGNYA ZONK BGT
440;32;11-50;1638158.0;text;;[];False;False;edab10a0f2ace5d1;[];pertandingan bolaa tadi malammm gila
441;32;11-50;1638168.0;text;;[];False;False;edab10a0f2ace5d1;[];pertandingan bolaa tadi malam gila
442;32;11-50;1638171.0;text;;[];False;False;edab10a0f2ace5d1;[];album baru diaaa enak banget
443;32;11-50;1638175.0;text;;['😏'];False;False;30aac53f3af5e900;[];SERIES ITU ENDINGNYA ZONK BGT
444;32;1-10;1638188.0;text;;['🤣'];False;False;e08d7809e954ff49;[];njir
445;32;11-50;1638393.0;text;;[];False;False;46afdfb452960a5e;[];badminton yuk sore ini,,,
446;32;11-50;1638720.0;text;;[];False;False;a59f9b9a2851ddd2;[];gw abis lari pagi tadi
447;32;11-50;1638723.0;text;;[];False;False;a59f9b9a2851ddd2;[];podcast yg lu rekomen mana
448;32;0;1638834.0;sticker/webp;;[];False;False;46afdfb452960a5e;[];[Stiker]
449;32;11-50;1638840.0;text;;[];False;False;edab10a0f2ace5d1;[];futsalll besok jadii ga
450;33;11-50;1641615.0;text;;[];True;False;30aac53f3af5e900;['a59f9b9a2851ddd2'];TUGAS DIKUMPUL KAPAN SIH?
451;33;51-100;1642128.0;text;;[];False;False;a59f9b9a2851ddd2;[];nyokap gw nelfon tadi nanyain kapan pulang, gw bilang aja abis ujian
452;33;1-10;1642244.0;text;;[];False;False;30aac53f3af5e900;[];HEHE
453;34;11-50;1727252.0;text;;[];True;False;30aac53f3af5e900;[];BAYAR BERAPA SIH TADI?
454;34;1-10;1727340.0;text;;[];False;False;46afdfb452960a5e;[];bener
455;34;1-10;1727663.0;text;;[];False;False;30aac53f3af5e900;[];AYOK
456;34;11-50;1727917.0;text;;[];True;False;30aac53f3af5e900;['a59f9b9a2851ddd2'];BAYAR BERAPA SIH TADI?
457;34;11-50;1728472.0;text;;[];False;False;46afdfb452960a5e;[];gw lagi diet,,, tapi gagal mulu
458;34;1-10;1728477.0;text;;[];False;False;30aac53f3af5e900;[];WOY
459;34;11-50;1728481.0;text;;[];False;False;46afdfb452960a5e;[];gw mau pesen gofood dulu
460;34;11-50;1728484.0;text;;[];False;False;30aac53f3af5e900;[];KOPI SUSU YG BIASA YA
461;34;1-10;1728485.0;text;;[];False;False;30aac53f3af5e900;[];FIX
462;34;11-50;1728491.0;text;;[];True;False;30aac53f3af5e900;[];BAWA MOTOR APA NAIK APA?
463;34;0;1728689.0;image/jpeg;;[];False;False;39683391a05b383b;[];[Foto]
464;34;0;1728700.0;image/jpeg;;[];False;False;39683391a05b383b;[];[Foto]
465;34;11-50;1728704.0;text;;[];False;False;30aac53f3af5e900;[];INDOMIE TELOR UDAH CUKUP KOK
466;34;0;1728714.0;image/jpeg;;[];False;False;39683391a05b383b;[];[Foto]
467;34;11-50;1728725.0;text;;[];False;False;30aac53f3af5e900;[];MASAK SENDIRI LEBIH HEMAT SIH
468;34;0;1728732.0;image/jpeg;;[];False;False;39683391a05b383b;[];[Foto]
469;34;11-50;1728732.0;text;;[];False;False;30aac53f3af5e900;[];MASAK SENDIRI LEBIH HEMAT SIH
470;34;11-50;1728733.0;text;;[];False;False;a59f9b9a2851ddd2;[];gw mau pesen gofood dulu
471;34;11-50;1728741.0;text;;[];True;False;39683391a05b383b;[];bayar berapa sih tadi?
472;34;1-10;1728788.0;text;;[];False;False;30aac53f3af5e900;[];FIX
473;35;11-50;1810629.0;text;;[];True;False;39683391a05b383b;[];gw harus bawa apa aja?
474;35;1-10;1810670.0;text;;[];False;False;a59f9b9a2851ddd2;[];oh
475;35;1-10;1811078.0;text;;[];False;False;e08d7809e954ff49;[];yoii
476;35;1-10;1811889.0;text;;[];False;False;39683391a05b383b;[];hem
477;35;1-10;1812002.0;text;;[];True;False;e08d7809e954ff49;[];ada?
478;35;1-10;1812011.0;text;;[];False;False;39683391a05b383b;[];seep
479;35;11-50;1812017.0;text;;[];False;False;39683391a05b383b;[];internet mati lagi di kosan
480;35;11-50;1812047.0;text;;[];False;False;39683391a05b383b;[];bentar ya gw lg di jalan...
481;35;11-50;1812049.0;text;;[];False;False;a59f9b9a2851ddd2;[];gw mau tidur dulu ya
482;35;11-50;1812133.0;text;;[];False;False;e08d7809e954ff49;[];internet mati lagi di kosan
483;35;1-10;1812146.0;text;;[];False;False;e08d7809e954ff49;[];okk
484;35;11-50;1812147.0;text;;[];False;False;e08d7809e954ff49;[];gw baru ganti nomor btw
485;35;11-50;1812164.0;text;;[];False;False;39683391a05b383b;[];bentar ya gw lg di jalan
486;35;11-50;1812168.0;text;;[];False;False;39683391a05b383b;[];lu tim mana dukungnya
487;35;11-50;1812183.0;text;;[];False;False;39683391a05b383b;[];gw lg sibuk bgt minggu ini
488;35;11-50;1812262.0;text;;[];True;False;30aac53f3af5e900;[];LU PUNYA KONTAK DIA GA?
489;35;1-10;1812273.0;text;;['🤣'];False;False;e08d7809e954ff49;[];iyaa
490;35;1-10;1812275.0;text;;['😂'];False;False;39683391a05b383b;[];yoii
491;35;11-50;1812278.0;text;;[];False;False;39683391a05b383b;[];dompet gw ketinggalan di rumah
492;35;11-50;1812288.0;text;;[];False;False;39683391a05b383b;[];bentar ya gw lg... di jalan
493;35;11-50;1812289.0;text;;[];False;False;39683391a05b383b;[];charger hp gw... rusak lagi
494;35;11-50;1812322.0;text;;[];False;False;a59f9b9a2851ddd2;[];internet mati lg di kosan
495;35;11-50;1812340.0;text;;[];False;False;39683391a05b383b;[];gw lg sibuk bgt minggu... ini
496;35;11-50;1812409.0;text;;[];True;False;30aac53f3af5e900;[];MAU NITIP APA GA?
497;35;11-50;1812412.0;text;;[];False;False;30aac53f3af5e900;[];GW LAGI DI ATM SEBENTAR
498;35;11-50;1812420.0;application/x-rar-compressed;;[];False;False;a59f9b9a2851ddd2;[];[application/x-rar-compressed]
499;35;1-10;1812420.0;text;;[];False;False;a59f9b9a2851ddd2;[];ah
500;35;1-10;1812423.0;text;;[];False;False;a59f9b9a2851ddd2;[];oh
501;35;1-10;1812425.0;text;;[];False;False;a59f9b9a2851ddd2;[];okk
502;35;11-50;1812443.0;text;;[];False;False;39683391a05b383b;[];lu tim mana... dukungnya
503;35;11-50;1812448.0;text;;[];True;False;39683391a05b383b;[];mau nitip apa ga?
504;35;1-10;1812454.0;text;;[];False;False;a59f9b9a2851ddd2;[];eh
505;35;1-10;1812455.0;text;;['😂'];False;False;39683391a05b383b;[];eh
506;35;1-10;1812459.0;text;;[];False;False;39683391a05b383b;[];okey
507;35;1-10;1812466.0;text;;['😂'];False;False;39683391a05b383b;[];okk
508;35;1-10;1812467.0;text;;[];False;False;39683391a05b383b;[];ah
509;35;11-50;1812467.0;text;;[];False;False;a59f9b9a2851ddd2;[];baru bangun nih msh ngantuk
510;35;11-50;1812469.0;text;;[];False;False;39683391a05b383b;[];gw lg sibuk bgt minggu ini
511;35;11-50;1812470.0;text;;[];False;False;30aac53f3af5e900;[];HP GW LOWBAT NIH
512;35;11-50;1812474.0;text;;[];False;False;30aac53f3af5e900;[];BENTAR YA GW LG DI JALAN
513;35;51-100;1812486.0;text;;[];False;False;a59f9b9a2851ddd2;[];gw seneng bgt akhirnya bs ketemu temen temen lama setelah lama ga
514;35;11-50;1812489.0;text;;[];False;False;30aac53f3af5e900;[];GW LG SIBUK BGT MINGGU INI
515;35;1-10;1812490.0;text;;[];False;False;a59f9b9a2851ddd2;[];yess
516;35;11-50;1812495.0;text;;[];False;False;39683391a05b383b;[];charger hp gw rusak... lagi
517;35;1-10;1812507.0;text;;[];False;False;a59f9b9a2851ddd2;[];iyaa
518;35;11-50;1812508.0;text;;[];False;False;39683391a05b383b;[];hujan deres ga bawa payung
519;35;11-50;1812511.0;text;;[];False;False;39683391a05b383b;[];gw baru ganti nomor btw
520;35;11-50;1812512.0;text;;[];False;False;a59f9b9a2851ddd2;[];gw lg sibuk bgt minggu ni
521;35;11-50;1812513.0;text;;[];False;False;30aac53f3af5e900;[];GW MAU TIDUR DULU YA
522;35;1-10;1812517.0;text;;['😉'];False;False;30aac53f3af5e900;[];IYAA
523;35;11-50;1812527.0;text;;[];False;False;39683391a05b383b;[];capek banget hari ini asli
524;35;1-10;1812527.0;text;;['😉'];False;False;a59f9b9a2851ddd2;[];ah
525;35;11-50;1812531.0;text;;[];False;False;39683391a05b383b;[];gw mau tidur dulu ya
526;35;11-50;1812535.0;text;;[];False;False;39683391a05b383b;[];gw baru ganti nomor btw...
527;35;11-50;1812545.0;text;;[];False;False;39683391a05b383b;[];gw mau tidur dulu... ya
528;35;1-10;1812552.0;text;;[];False;False;39683391a05b383b;[];okey
529;35;11-50;1812573.0;text;;[];False;False;30aac53f3af5e900;[];GW LAGI DI ATM SEBENTAR
530;35;11-50;1812610.0;text;;[];False;False;39683391a05b383b;[];gw baru ganti nomor... btw
531;35;11-50;1812614.0;text;;[];False;False;39683391a05b383b;[];ntar gw kabarin lagi deh
532;35;1-10;1812619.0;text;;[];False;False;30aac53f3af5e900;[];OKK
533;35;1-10;1812621.0;text;;['😂'];False;False;39683391a05b383b;[];seep
534;35;11-50;1812630.0;text;;[];True;False;30aac53f3af5e900;[];BESOK LIBUR BUKAN SIH?
535;35;1-10;1812631.0;text;;[];False;False;30aac53f3af5e900;[];GASSSS
536;35;11-50;1812641.0;text;;[];False;False;39683391a05b383b;[];internet mati lagi... di kosan...
537;35;1-10;1812643.0;text;;[];False;False;39683391a05b383b;[];seep
538;35;11-50;1812655.0;text;;[];False;False;39683391a05b383b;[];baru bangun nih... masih... ngantuk
539;35;11-50;1812658.0;text;;[];False;False;39683391a05b383b;[];lu tim mana dukungnya
540;35;11-50;1812658.0;text;;[];False;False;30aac53f3af5e900;[];GW LAGI DI ATM SEBENTAR
541;35;11-50;1812667.0;text;;[];False;False;39683391a05b383b;[];charger hp gw rusak lagi
542;35;1-10;1812668.0;text;;[];False;False;30aac53f3af5e900;[];OKK
543;35;11-50;1812678.0;text;;[];False;False;39683391a05b383b;[];gw lagi di atm sebentar
544;35;11-50;1812682.0;text;;[];False;False;30aac53f3af5e900;[];HUJAN DERES GA BAWA PAYUNG
545;35;11-50;1812685.0;text;;[];False;False;30aac53f3af5e900;[];GW BARU GANTI NOMOR BTW
546;35;11-50;1812691.0;text;;[];False;False;30aac53f3af5e900;['dd9a90a3d295de32'];WIFI KAMPUS LEMOT PARAH
547;35;11-50;1812694.0;text;;[];False;False;39683391a05b383b;[];gw lagi di atm sebentar
548;35;11-50;1812698.0;text;;[];False;False;39683391a05b383b;[];gw lagi di atm... sebentar
549;35;11-50;1812705.0;text;;[];False;False;39683391a05b383b;[];lu tim mana dukungnya
550;35;11-50;1812724.0;text;;[];False;False;39683391a05b383b;[];gw mau tidur dulu ya
551;35;11-50;1812725.0;text;;[];False;False;39683391a05b383b;[];wifi kampus lemot... parah
552;35;1-10;1812735.0;text;;[];False;False;30aac53f3af5e900;[];IYAA
553;35;1-10;1812735.0;text;;[];False;False;30aac53f3af5e900;[];SIAPP
554;35;1-10;1812738.0;text;;[];False;False;30aac53f3af5e900;[];AH
555;35;1-10;1812739.0;text;;[];False;False;39683391a05b383b;[];hem
556;35;11-50;1812739.0;text;;[];False;False;39683391a05b383b;[];gw mau tidur dulu ya...
557;35;11-50;1812740.0;text;;[];False;False;30aac53f3af5e900;[];GW LG SIBUK BGT MINGGU INI
558;35;11-50;1812740.0;text;;[];False;False;39683391a05b383b;[];gw baru ganti nomor btw
559;35;1-10;1812764.0;text;;[];False;False;30aac53f3af5e900;[];YOII
560;35;11-50;1812765.0;text;;[];False;False;30aac53f3af5e900;[];GW LG SIBUK BGT MINGGU INI
561;35;11-50;1813325.0;text;;[];True;False;a59f9b9a2851ddd2;[];lu pny kontak dia ga?
562;35;11-50;1814148.0;text;;[];False;False;e08d7809e954ff49;[];gw mau tidur dulu ya
563;35;11-50;1815234.0;text;;[];False;False;a59f9b9a2851ddd2;[];bentar ya gw lg di jalan
564;35;11-50;1815245.0;text;;[];False;False;a59f9b9a2851ddd2;[];gw mau tidur dulu ya
565;35;11-50;1815428.0;text;;[];False;False;a59f9b9a2851ddd2;[];capek bgt hari ni asli
566;35;11-50;1815430.0;text;;[];False;False;a59f9b9a2851ddd2;[];charger hp gw rusak lg
567;35;11-50;1816244.0;text;;[];True;False;30aac53f3af5e900;[];GW HARUS BAWA APA AJA?
568;35;51-100;1816259.0;text;;[];False;False;30aac53f3af5e900;[];TADI GW ANTRI DI ADMINISTRASI KAMPUS 2 JAM CUMA BUAT NGURUS SURAT
569;35;11-50;1816268.0;text;;[];False;False;30aac53f3af5e900;[];CHARGER HP GW RUSAK LAGI
570;35;1-10;1816342.0;text;;[];False;False;a59f9b9a2851ddd2;[];okey
571;35;11-50;1816372.0;text;;[];False;False;a59f9b9a2851ddd2;[];gw baru ganti nomor btw
572;35;11-50;1816489.0;text;;[];True;False;30aac53f3af5e900;[];BESOK LIBUR BUKAN SIH?
573;35;1-10;1816496.0;text;;[];True;False;30aac53f3af5e900;[];GK?
574;35;11-50;1816582.0;text;;[];False;False;a59f9b9a2851ddd2;[];lu tim mana dukungnya
575;35;11-50;1816582.0;text;;[];False;False;a59f9b9a2851ddd2;[];gw lg di atm btr
576;35;1-10;1816610.0;text;;[];False;False;46afdfb452960a5e;[];hem
577;35;11-50;1816616.0;text;;[];False;False;46afdfb452960a5e;[];lu tim mana dukungnya,,,
578;35;11-50;1816621.0;text;;[];False;False;46afdfb452960a5e;[];cuaca hari ini panas,,, banget
579;35;11-50;1816633.0;text;;[];False;False;46afdfb452960a5e;[];gw lagi di atm sebentar
580;35;11-50;1816692.0;text;;[];False;False;46afdfb452960a5e;[];ntar gw kabarin lagi deh
581;35;51-100;1816699.0;text;;[];False;False;46afdfb452960a5e;[];gw lagi dengerin podcast tentang psikologi, lumayan buat nambah wawasan,,,
582;35;11-50;1816782.0;text;;[];False;False;46afdfb452960a5e;[];wifi kampus,,, lemot parah
583;35;11-50;1816811.0;text;;[];False;False;30aac53f3af5e900;[];HP GW LOWBAT NIH
584;35;11-50;1816821.0;text;;[];False;False;30aac53f3af5e900;[];BARU BANGUN NIH MASIH NGANTUK
585;35;11-50;1816836.0;text;;[];False;False;30aac53f3af5e900;[];HP GW LOWBAT NIH
586;35;11-50;1816845.0;text;;[];False;False;30aac53f3af5e900;[];NTAR GW KABARIN LAGI DEH
587;35;11-50;1816872.0;text;;[];False;False;a59f9b9a2851ddd2;[];internet mati lg di kosan
588;35;0;1816896.0;sticker/webp;;[];False;False;a59f9b9a2851ddd2;[];[Stiker]
589;35;11-50;1817001.0;text;;[];False;False;30aac53f3af5e900;[];WIFI KAMPUS LEMOT PARAH
590;35;11-50;1817012.0;text;;[];False;False;30aac53f3af5e900;[];HUJAN DERES GA BAWA PAYUNG
591;35;11-50;1817019.0;text;;[];True;False;30aac53f3af5e900;[];GW HARUS BAWA APA AJA?
592;35;51-100;1817020.0;text;;[];False;False;30aac53f3af5e900;[];GW SENENG BANGET AKHIRNYA BISA KETEMU TEMEN TEMEN LAMA SETELAH LAMA GA
593;35;1-10;1817027.0;text;;[];True;False;30aac53f3af5e900;[];GK?
594;35;51-100;1817051.0;text;;[];False;False;30aac53f3af5e900;[];DUIT JAJAN GW ABIS PADAHAL BARU TANGGAL 15 HARUS NGIRIT BANGET NIH
595;35;11-50;1817083.0;text;;[];False;False;30aac53f3af5e900;[];CHARGER HP GW RUSAK LAGI
596;35;11-50;1817084.0;text;;[];True;False;30aac53f3af5e900;[];MAU NITIP APA GA?
597;35;1-10;1817087.0;text;;[];False;False;30aac53f3af5e900;[];OKK
598;35;1-10;1817090.0;text;;[];False;False;46afdfb452960a5e;[];siapp
599;35;51-100;1817123.0;text;;[];False;False;46afdfb452960a5e;[];tadi gw antri di administrasi kampus 2 jam cuma buat ngurus surat,,,
600;35;11-50;1817133.0;text;;[];False;False;46afdfb452960a5e;[];charger hp gw rusak lagi
601;35;11-50;1817156.0;text;;[];False;False;30aac53f3af5e900;[];GW BARU GANTI NOMOR BTW
602;35;11-50;1817163.0;text;;[];False;False;30aac53f3af5e900;[];CHARGER HP GW RUSAK LAGI
603;35;11-50;1817173.0;text;;[];False;False;30aac53f3af5e900;[];BARU BANGUN NIH MASIH NGANTUK
604;35;11-50;1817179.0;text;;[];False;False;30aac53f3af5e900;[];DOMPET GW KETINGGALAN DI RUMAH
605;35;11-50;1817181.0;text;;[];False;False;30aac53f3af5e900;[];LU TIM MANA DUKUNGNYA
606;35;1-10;1817192.0;text;;[];False;False;30aac53f3af5e900;[];OH
607;35;11-50;1817193.0;text;;[];False;False;30aac53f3af5e900;[];HUJAN DERES GA BAWA PAYUNG
608;35;11-50;1817193.0;text;;[];False;False;30aac53f3af5e900;[];GW LAGI DI ATM SEBENTAR
609;35;11-50;1817195.0;text;;[];True;False;a59f9b9a2851ddd2;[];msh buka ga warungnya?
610;35;11-50;1817231.0;text;;[];True;False;30aac53f3af5e900;[];LU PUNYA KONTAK DIA GA?
611;35;1-10;1817238.0;text;;[];False;False;30aac53f3af5e900;[];GASSSS
612;35;11-50;1817254.0;text;;[];True;False;a59f9b9a2851ddd2;[];mau nitip apa ga?
613;35;1-10;1817599.0;text;;['💃🏽'];False;False;e08d7809e954ff49;[];yoii
614;35;1-10;1817606.0;text;;[];True;False;e08d7809e954ff49;[];yg mn?
615;35;1-10;1817608.0;text;;['🤣'];False;False;e08d7809e954ff49;[];oh
616;36;0;1821527.0;audio;;[];False;False;e08d7809e954ff49;[];[Voice Note]
617;36;11-50;1821643.0;text;;[];False;False;30aac53f3af5e900;['39683391a05b383b'];DOSEN GW GALAK BANGET SIH
618;36;11-50;1821645.0;text;;[];False;False;30aac53f3af5e900;[];PRESENTASI GW AMBURADUL
619;36;11-50;1822027.0;text;;[];False;False;30aac53f3af5e900;[];MATKUL INI SUSAH BANGET
620;36;11-50;1822028.0;text;;[];False;False;30aac53f3af5e900;[];IPK GW TURUN SEMESTER INI
621;36;1-10;1822030.0;text;;[];False;False;30aac53f3af5e900;[];YUK
622;36;11-50;1822040.0;text;;[];False;False;30aac53f3af5e900;[];DEADLINE BESOK PAGI BRO
623;36;11-50;1822073.0;text;;[];False;False;30aac53f3af5e900;[];GW SKIP KELAS HARI INI
624;36;11-50;1822112.0;text;;[];True;False;e08d7809e954ff49;[];jadi ketemuan ga hari ini?
625;36;11-50;1822120.0;text;;[];True;False;e08d7809e954ff49;[];lu dimana sekarang?
626;36;11-50;1822133.0;text;;[];False;False;30aac53f3af5e900;[];MATKUL INI SUSAH BANGET
627;36;1-10;1822136.0;text;;[];False;False;e08d7809e954ff49;[];wkwk
628;36;0;1822146.0;image/jpeg;;[];False;False;a59f9b9a2851ddd2;[];[Foto]
629;36;1-10;1822167.0;text;;[];False;False;a59f9b9a2851ddd2;[];ok
630;36;1-10;1822170.0;text;;[];True;False;a59f9b9a2851ddd2;[];mana?
631;36;11-50;1822185.0;text;;[];True;False;30aac53f3af5e900;[];TUGAS DIKUMPUL KAPAN SIH?
632;36;1-10;1822194.0;text;;[];False;False;30aac53f3af5e900;[];DAH
633;36;11-50;1822204.0;text;;[];False;False;30aac53f3af5e900;[];PERPUS TUTUP JAM BERAPA YA
634;36;1-10;1822211.0;text;;[];False;False;e08d7809e954ff49;[];oke
635;36;1-10;1822225.0;text;;[];False;False;e08d7809e954ff49;[];gas
636;36;11-50;1822230.0;text;;[];False;False;30aac53f3af5e900;[];DOSEN GW GALAK BANGET SIH
637;36;11-50;1822350.0;image/jpeg;;[];False;False;e08d7809e954ff49;[];[Foto]
638;36;1-10;1822359.0;text;;[];False;False;30aac53f3af5e900;[];OKE
639;36;1-10;1822420.0;text;;[];False;False;30aac53f3af5e900;[];YUK
640;36;51-100;1822424.0;text;;[];False;False;30aac53f3af5e900;[];GW BARU AJA SELESAI NGERJAIN TUGAS SAMPE JAM 3 PAGI, MAU MATI RASANYA
641;36;11-50;1822453.0;text;;[];False;False;30aac53f3af5e900;[];EH TADI KELAS SERU BANGET
642;36;11-50;1822454.0;text;;[];True;False;30aac53f3af5e900;[];LU DIMANA SEKARANG?
643;36;11-50;1822461.0;text;;[];True;False;30aac53f3af5e900;[];TUGAS DIKUMPUL KAPAN SIH?
644;36;11-50;1822536.0;text;;[];False;False;30aac53f3af5e900;['dd9a90a3d295de32'];PRESENTASI GW AMBURADUL
645;36;11-50;1822545.0;text;;[];False;False;30aac53f3af5e900;[];MATKUL INI SUSAH BANGET
646;36;11-50;1822546.0;text;;[];False;False;30aac53f3af5e900;[];PRESENTASI GW AMBURADUL
647;36;11-50;1822617.0;text;;[];False;False;30aac53f3af5e900;[];LAB KOMPUTER PENUH TERUS
648;37;0;1824264.0;image/jpeg;;[];False;False;a59f9b9a2851ddd2;[];[Foto]
649;37;1-10;1824275.0;text;;[];False;False;a59f9b9a2851ddd2;[];wah
650;37;11-50;1824300.0;text;;[];False;False;30aac53f3af5e900;[];GW NGGA BISA IKUT MALEM INI
651;37;0;1824330.0;sticker/webp;;[];False;False;46afdfb452960a5e;[];[Stiker]
652;38;11-50;1898790.0;text;;[];True;False;30aac53f3af5e900;[];GIMANA KABAR LU SEKARANG?
653;38;11-50;1898991.0;text;;[];False;False;a59f9b9a2851ddd2;[];proposal skripsi gw ditolak
654;38;11-50;1899027.0;text;;[];False;False;a59f9b9a2851ddd2;[];seminar tadi lama bgt
655;38;1-10;1899337.0;text;;[];False;False;30aac53f3af5e900;[];GPP
656;38;51-100;1899351.0;text;;[];False;False;30aac53f3af5e900;[];GW UDAH BIKIN SLIDES PRESENTASI TAPI KAYAKNYA MASIH KURANG BAGUS DEH ISINYA
657;38;51-100;1899460.0;text;;[];False;False;a59f9b9a2851ddd2;['e08d7809e954ff49', 'dd9a90a3d295de32'];jangan lupa besok kumpul di lobby kampus jam 8 pagi buat berangkat bareng
658;38;11-50;1899475.0;text;;[];False;False;30aac53f3af5e900;[];TUGAS KELOMPOK BIKIN PUSING
659;38;11-50;1899522.0;text;;['😌'];False;False;30aac53f3af5e900;[];SIDANG MINGGU DEPAN DOAIN YA
660;38;11-50;1899649.0;text;;[];False;False;a59f9b9a2851ddd2;[];tugas kelompok bikin pusing
661;38;11-50;1899656.0;text;;[];False;False;a59f9b9a2851ddd2;[];lu udah makan blm
662;38;11-50;1899673.0;text;652.0;[];False;False;46afdfb452960a5e;[];lu udah makan belum
663;38;1-10;1899676.0;text;;[];False;False;46afdfb452960a5e;[];asli
664;38;1-10;1899680.0;text;;[];False;False;46afdfb452960a5e;[];tuh
665;38;1-10;1899929.0;text;;['😳'];False;False;e08d7809e954ff49;[];sabi
666;38;11-50;1899930.0;text;;[];True;False;e08d7809e954ff49;[];ada yang punya catetan?
667;38;1-10;1899936.0;text;;[];False;False;e08d7809e954ff49;[];aman
668;38;1-10;1900037.0;text;;[];False;False;a59f9b9a2851ddd2;[];aman
669;38;11-50;1900058.0;text;;[];False;False;e08d7809e954ff49;[];proposal skripsi gw ditolak
670;38;51-100;1900072.0;text;;[];False;False;e08d7809e954ff49;[];kosan gw bocor lagi pas hujan semalam, kasur gw basah semua parah banget
671;38;1-10;1900072.0;text;;['🤣'];False;False;e08d7809e954ff49;[];nih
672;38;11-50;1900075.0;text;;[];False;False;a59f9b9a2851ddd2;[];dosen pembimbing susah ditemui
673;38;1-10;1900080.0;text;;[];False;False;e08d7809e954ff49;[];asli
674;38;11-50;1900082.0;text;;[];False;False;a59f9b9a2851ddd2;[];proposal skripsi gw ditolak
675;38;11-50;1900087.0;text;;[];False;False;e08d7809e954ff49;[];kelas tambahan hari sabtu sih
676;38;11-50;1900093.0;text;;[];False;False;a59f9b9a2851ddd2;[];tugas kelompok bikin pusing
677;38;11-50;1900097.0;text;;[];False;False;a59f9b9a2851ddd2;[];gw baru aja dr kampus
678;38;11-50;1900099.0;text;;[];False;False;e08d7809e954ff49;[];gw mau ambil cuti semester
679;38;1-10;1900105.0;text;;['🤣'];False;False;e08d7809e954ff49;[];tuh
680;38;11-50;1900107.0;text;;[];False;False;a59f9b9a2851ddd2;[];gw laper bgt nih
681;38;1-10;1900107.0;text;;[];False;False;e08d7809e954ff49;[];nah
682;38;11-50;1900110.0;text;;[];False;False;a59f9b9a2851ddd2;[];proposal skripsi gw ditolak
683;38;11-50;1900596.0;text;;[];False;False;30aac53f3af5e900;[];SIDANG MINGGU DEPAN DOAIN YA
684;38;11-50;1900612.0;text;;[];False;False;30aac53f3af5e900;[];WARTEG DEPAN KAMPUS ENAK
685;38;11-50;1900615.0;text;;['😌'];False;False;30aac53f3af5e900;[];GW BARU AJA DARI KAMPUS
686;38;11-50;1900743.0;text;;[];False;False;a59f9b9a2851ddd2;['30aac53f3af5e900'];warteg depan kampus enak
687;38;11-50;1900762.0;text;;[];False;False;a59f9b9a2851ddd2;[];mie ayam pak kumis juara sih
688;38;51-100;1900771.0;text;;[];False;False;30aac53f3af5e900;['e08d7809e954ff49', 'dd9a90a3d295de32'];GW LAGI MIKIRIN MAU AMBIL MAGANG DI PERUSAHAAN MANA BUAT SEMESTER DEPAN
689;38;1-10;1900777.0;text;;[];False;False;30aac53f3af5e900;[];ASLI
690;38;51-100;1900825.0;text;;[];False;False;a59f9b9a2851ddd2;[];jangan lupa besok kumpul di lobby kampus jam 8 pagi buat berangkat bareng
691;38;11-50;1900897.0;text;;[];False;False;30aac53f3af5e900;['dd9a90a3d295de32'];LU UDAH MAKAN BELUM
692;38;1-10;1902057.0;text;;['🤣'];False;False;e08d7809e954ff49;[];bet
693;39;51-100;1922715.0;text;;[];False;False;30aac53f3af5e900;[];TADI GW ANTRI DI ADMINISTRASI KAMPUS 2 JAM CUMA BUAT NGURUS SURAT
694;39;51-100;1922744.0;text;;[];False;False;30aac53f3af5e900;[];LAPTOP GW MULAI LEMOT NIH KAYAKNYA HARUS INSTALL ULANG ATAU GANTI RAM
695;39;11-50;1922764.0;text;;[];False;False;30aac53f3af5e900;[];GW LG SIBUK BGT MINGGU INI
696;39;1-10;1923861.0;text;;[];False;False;a59f9b9a2851ddd2;[];eh
697;40;11-50;1966928.0;text;;[];True;False;30aac53f3af5e900;[];ADA YG MAU BARENG?
698;40;11-50;1966932.0;text;;[];False;False;30aac53f3af5e900;[];GW NGGA BISA IKUT MALEM INI
699;40;11-50;1966961.0;text;;[];False;False;39683391a05b383b;[];rame banget disini cuy
700;40;11-50;1967012.0;text;;[];False;False;30aac53f3af5e900;[];GW NYARI PARKIR DULU BENTAR
701;40;11-50;1967023.0;text;;[];True;False;30aac53f3af5e900;[];ADA YG MAU BARENG?
702;40;1-10;1967217.0;text;;[];False;False;30aac53f3af5e900;[];YAA
703;40;11-50;1967225.0;text;;[];False;False;30aac53f3af5e900;[];GW LAGI DI WARKOP NIH
704;40;51-100;1967246.0;text;;[];False;False;30aac53f3af5e900;[];GW HARUS NABUNG LEBIH BANYAK SIH BUAT BAYAR UANG SEMESTER YANG NAIK
705;41;11-50;1970533.0;text;;[];False;False;30aac53f3af5e900;[];BENTAR YA GW LG DI JALAN
706;41;11-50;1970543.0;text;;['😌'];False;False;30aac53f3af5e900;[];CAPEK BANGET HARI INI ASLI
707;41;11-50;1970562.0;text;;[];False;False;30aac53f3af5e900;[];NTAR GW KABARIN LAGI DEH
708;42;1-10;1980526.0;text;;[];True;False;39683391a05b383b;[];napa?
709;42;11-50;1980540.0;text;;[];False;False;46afdfb452960a5e;[];playlist lo,,, yang mana,,, sih
710;42;0;1980550.0;sticker/webp;;[];False;False;46afdfb452960a5e;[];[Stiker]
711;42;11-50;1980551.0;text;;[];False;False;39683391a05b383b;[];gw kangen masakan rumah...
712;42;0;1980577.0;image/jpeg;;[];False;False;46afdfb452960a5e;[];[Foto]
713;42;1-10;1980591.0;text;;[];False;False;39683391a05b383b;[];pasti
714;42;11-50;1980595.0;text;;[];False;False;39683391a05b383b;[];nyokap nanya kapan... lulus...
715;42;11-50;1980605.0;text;;[];False;False;46afdfb452960a5e;[];playlist lo yang,,, mana sih
716;42;11-50;1980606.0;text;;[];False;False;39683391a05b383b;[];bokap gw lagi di luar kota
717;42;11-50;1980613.0;text;;[];False;False;46afdfb452960a5e;[];duit bulanan,,, belum,,, dikirim
718;42;11-50;1980613.0;text;;[];False;False;39683391a05b383b;[];playlist lo yang mana sih
719;42;0;1980659.0;image/jpeg;;[];False;False;46afdfb452960a5e;[];[Foto]
720;42;11-50;1980673.0;text;;[];False;False;46afdfb452960a5e;[];duit bulanan belum,,, dikirim,,,
721;42;0;1980711.0;image/jpeg;;[];False;False;39683391a05b383b;[];[Foto]
722;42;1-10;1980722.0;text;;[];False;False;39683391a05b383b;[];hayuk
723;42;11-50;1980737.0;text;;[];False;False;39683391a05b383b;[];keluarga ngumpul lebaran... nanti
724;42;11-50;1980789.0;text;;['😂'];False;False;46afdfb452960a5e;[];gw lagi marathon drakor,,, nih
725;42;11-50;1980809.0;text;;[];False;False;39683391a05b383b;[];playlist lo yang mana sih
726;42;11-50;1980828.0;text;;[];False;False;39683391a05b383b;[];film baru di bioskop... bagus ga
727;42;0;1980882.0;unknown;;[];False;False;46afdfb452960a5e;[];[Media tidak dikenal]
728;42;1-10;1980894.0;video/mp4;;[];False;False;46afdfb452960a5e;[];[Video]
729;42;11-50;1980980.0;text;;[];False;False;39683391a05b383b;[];nyokap nanya kapan lulus
730;42;11-50;1980992.0;text;;[];False;False;39683391a05b383b;[];kakak gw baru aja nikah
731;42;11-50;1980998.0;text;;[];False;False;39683391a05b383b;[];nyokap nanya kapan lulus
732;43;11-50;1982306.0;text;;[];False;False;39683391a05b383b;[];kita ketemuan dimana aja deh
733;43;51-100;1982329.0;text;;[];False;False;39683391a05b383b;[];gw lagi nyoba masak rendang resep... nyokap tapi kayaknya gagal total deh
734;43;51-100;1983105.0;text;;[];False;False;a59f9b9a2851ddd2;[];temen sekamar gw pindah kosan jadi skrg gw sendirian di kamar
735;43;1-10;1983112.0;text;;[];False;False;a59f9b9a2851ddd2;[];deh
736;44;1-10;2091354.0;text;;[];False;False;46afdfb452960a5e;[];wah
737;44;1-10;2091542.0;text;;[];False;False;30aac53f3af5e900;[];AHH
738;44;1-10;2091882.0;text;;[];False;False;39683391a05b383b;[];wah
739;44;11-50;2091885.0;text;;[];False;False;39683391a05b383b;[];bsk sore ada waktu... ga...
740;44;11-50;2091886.0;text;;[];False;False;39683391a05b383b;[];gw nyari parkir dulu bentar
741;44;11-50;2091901.0;text;;[];False;False;39683391a05b383b;[];rame banget disini cuy
742;44;11-50;2092117.0;text;;[];False;False;30aac53f3af5e900;[];KITA KETEMUAN DIMANA AJA DEH
743;44;11-50;2092127.0;text;;[];True;False;30aac53f3af5e900;[];MAKAN APA NTAR SIANG?
744;44;1-10;2092127.0;text;;[];False;False;30aac53f3af5e900;[];OII
745;45;1-10;2131326.0;text;;[];False;False;a59f9b9a2851ddd2;[];gaje
746;45;11-50;2136877.0;text;;[];False;False;e08d7809e954ff49;[];gw laper banget nih
747;45;11-50;2136893.0;text;;[];True;False;e08d7809e954ff49;[];boleh gw ikut ga?
748;45;1-10;2136970.0;text;;[];True;False;39683391a05b383b;[];dimana?
749;45;1-10;2136977.0;text;;[];False;False;a59f9b9a2851ddd2;[];bet
750;45;11-50;2136983.0;text;;[];False;False;a59f9b9a2851ddd2;[];dosen pembimbing susah ditemui
751;45;11-50;2136992.0;text;;[];False;False;39683391a05b383b;[];lu udah makan belum
752;45;1-10;2136995.0;text;;[];False;False;a59f9b9a2851ddd2;[];gaje
753;45;1-10;2137004.0;text;;[];False;False;a59f9b9a2851ddd2;[];gpp
754;45;11-50;2137021.0;text;;[];False;False;a59f9b9a2851ddd2;[];lu udah makan blm
755;45;1-10;2137028.0;text;;[];False;False;a59f9b9a2851ddd2;[];gpp
756;45;11-50;2137028.0;text;;[];False;False;a59f9b9a2851ddd2;[];dosen pembimbing susah ditemui
757;45;1-10;2137035.0;text;;[];False;False;39683391a05b383b;[];bet
758;45;11-50;2137037.0;text;;[];False;False;39683391a05b383b;[];gw baru aja dari... kampus
759;45;11-50;2137040.0;text;;[];False;False;39683391a05b383b;[];tugas kelompok bikin pusing
760;45;11-50;2137040.0;text;;[];False;False;a59f9b9a2851ddd2;[];warteg depan kampus enak
761;45;11-50;2137046.0;text;;[];False;False;39683391a05b383b;[];mie ayam pak kumis juara sih
762;45;11-50;2137536.0;text;;[];True;False;a59f9b9a2851ddd2;[];ad yg pny catetan?
763;45;1-10;2137668.0;text;;[];False;False;a59f9b9a2851ddd2;[];sabi
764;45;11-50;2137676.0;text;;[];False;False;a59f9b9a2851ddd2;[];gw laper bgt nih
765;45;1-10;2137950.0;text;;['🤣'];False;False;e08d7809e954ff49;[];nih
766;46;11-50;2166582.0;text;;[];True;False;30aac53f3af5e900;[];PINJAM CATETAN BOLEH GA?
767;46;1-10;2166663.0;text;;[];True;False;30aac53f3af5e900;[];SAMPE?
768;46;1-10;2166791.0;text;;[];False;False;a59f9b9a2851ddd2;[];wkwkw
769;47;51-100;2174336.0;text;;[];True;False;e08d7809e954ff49;['dd9a90a3d295de32', 'a59f9b9a2851ddd2', '39683391a05b383b'];siapa sih yang spread gosip itu ke grup sebelah, tau ga orangnya?
770;47;51-100;2174354.0;text;;[];False;False;e08d7809e954ff49;[];gw nonton film dokumenter semalam tentang laut dan ikan, bagus banget
771;47;11-50;2174394.0;text;;[];False;False;a59f9b9a2851ddd2;[];mama minta gw pulang weekend
772;47;11-50;2174397.0;text;;[];True;False;a59f9b9a2851ddd2;[];siapa aja yg dateng?
773;47;11-50;2174509.0;text;;[];False;False;46afdfb452960a5e;[];duit bulanan belum dikirim
774;47;0;2174512.0;sticker/webp;;[];False;False;46afdfb452960a5e;[];[Stiker]
775;47;11-50;2174521.0;text;;[];False;False;46afdfb452960a5e;[];keluarga ngumpul,,, lebaran nanti,,,
776;47;11-50;2174526.0;text;;[];False;False;46afdfb452960a5e;[];keluarga ngumpul lebaran nanti
777;47;1-10;2174908.0;text;;[];False;False;e08d7809e954ff49;[];yess
778;47;51-100;2174914.0;text;;['🙄'];False;False;e08d7809e954ff49;[];gw nonton film dokumenter semalam tentang laut dan ikan, bagus banget
779;47;1-10;2174915.0;text;;[];False;False;46afdfb452960a5e;[];anjay
780;47;1-10;2174920.0;text;;[];False;False;46afdfb452960a5e;[];noted
781;47;51-100;2174941.0;text;;[];False;False;46afdfb452960a5e;[];adek gw mau masuk kuliah tahun,,, depan gw harus,,, bantu cariin info jurusan
782;47;11-50;2174948.0;text;;[];False;False;46afdfb452960a5e;[];mama minta gw pulang weekend
783;47;11-50;2174951.0;text;;[];False;False;46afdfb452960a5e;[];gw kangen masakan rumah
784;47;51-100;2174985.0;text;;[];False;False;46afdfb452960a5e;[];adek gw,,, mau masuk,,, kuliah tahun depan gw harus bantu cariin info,,, jurusan
785;47;101-500;2174987.0;text;772.0;['😖'];False;False;e08d7809e954ff49;[];gw pengen curhat sedikit nih. akhir akhir ini gw ngerasa burnout banget sama rutinitas kuliah yang itu itu aja. bangun pagi, kuliah, tugas, tidur, repeat. kadang gw ngerasa kayak robot yang cuma jalan sesuai program tanpa tau tujuan akhirnya apa. mungkin gw butuh liburan beneran buat refresh otak
786;47;0;2174991.0;sticker/webp;;[];False;False;46afdfb452960a5e;[];[Stiker]
787;47;101-500;2175041.0;text;;['🙄', '🤣'];False;False;e08d7809e954ff49;[];gw pengen curhat sedikit nih. akhir akhir ini gw ngerasa burnout banget sama rutinitas kuliah yang itu itu aja. bangun pagi, kuliah, tugas, tidur, repeat. kadang gw ngerasa kayak robot yang cuma jalan sesuai program tanpa tau tujuan akhirnya apa. mungkin gw butuh liburan beneran buat refresh otak
788;47;1-10;2175058.0;text;;['🤣'];False;False;e08d7809e954ff49;[];gila
789;47;11-50;2175059.0;text;;[];False;False;46afdfb452960a5e;[];gw lagi marathon drakor nih
790;47;51-100;2175089.0;text;;['😪'];False;False;e08d7809e954ff49;[];adek gw mau masuk kuliah tahun depan gw harus bantu cariin info jurusan
791;47;0;2175414.0;image/jpeg;;[];False;False;e08d7809e954ff49;[];[Foto]
792;47;51-100;2175513.0;text;;[];False;False;e08d7809e954ff49;[];gw lagi belajar masak sendiri biar ga jajan terus lumayan hemat soalnya
793;47;11-50;2175527.0;text;;[];False;False;e08d7809e954ff49;[];gw kangen masakan rumah
794;47;11-50;2175535.0;text;;[];False;False;a59f9b9a2851ddd2;[];gw kangen masakan rumah
795;47;1-10;2175540.0;text;;[];False;False;a59f9b9a2851ddd2;[];mager
796;47;1-10;2175541.0;text;;[];False;False;a59f9b9a2851ddd2;[];gitu
797;47;1-10;2175544.0;text;;[];False;False;a59f9b9a2851ddd2;[];yess
798;47;11-50;2175550.0;text;;[];False;False;e08d7809e954ff49;[];duit bulanan belum dikirim
799;47;11-50;2175554.0;text;;[];False;False;a59f9b9a2851ddd2;[];gw kangen masakan rumah
800;47;11-50;2175554.0;text;;[];False;False;a59f9b9a2851ddd2;[];kakak gw baru aja nikah
801;47;11-50;2175573.0;text;;[];False;False;a59f9b9a2851ddd2;[];bokap gw lg di luar kota
802;47;11-50;2175579.0;text;;[];False;False;e08d7809e954ff49;[];bokap gw lagi di luar kota
803;47;11-50;2175584.0;text;;[];False;False;e08d7809e954ff49;[];nyokap nanya kapan lulus
804;47;1-10;2175595.0;text;;[];False;False;a59f9b9a2851ddd2;[];anjay
805;47;11-50;2175595.0;text;;[];False;False;a59f9b9a2851ddd2;[];mama minta gw pulang weekend
806;47;11-50;2175595.0;text;;[];False;False;a59f9b9a2851ddd2;[];gw kangen masakan rumah
807;47;1-10;2175610.0;text;;['🤣'];False;False;e08d7809e954ff49;[];anjay
808;47;51-100;2175627.0;text;;[];False;False;e08d7809e954ff49;['46afdfb452960a5e'];adek gw mau masuk kuliah tahun depan gw harus bantu cariin info jurusan
809;47;1-10;2175664.0;text;;[];False;False;a59f9b9a2851ddd2;[];nice
810;47;1-10;2176591.0;text;;[];False;False;46afdfb452960a5e;[];gila
811;47;0;2176601.0;sticker/webp;;[];False;False;46afdfb452960a5e;[];[Stiker]
812;47;1-10;2176661.0;text;;['🤣'];False;False;e08d7809e954ff49;[];hayuk
813;47;11-50;2177829.0;text;;[];False;False;39683391a05b383b;[];duit bulanan belum... dikirim
814;47;11-50;2177832.0;text;;[];False;False;39683391a05b383b;[];nyokap nanya kapan lulus
815;47;11-50;2177840.0;text;;[];False;False;39683391a05b383b;[];playlist lo yang... mana sih
816;47;11-50;2177842.0;text;;[];False;False;39683391a05b383b;[];gw kangen masakan rumah
817;47;11-50;2177856.0;text;;[];False;False;39683391a05b383b;[];gw lagi marathon drakor nih
818;47;11-50;2177866.0;text;;[];False;False;39683391a05b383b;[];duit bulanan belum dikirim
819;47;11-50;2177870.0;text;;[];False;False;39683391a05b383b;[];keluarga ngumpul lebaran nanti...
820;47;11-50;2177877.0;text;;[];True;False;39683391a05b383b;[];lu lagi ngapain sih?
821;47;51-100;2177906.0;text;;[];False;False;30aac53f3af5e900;[];GW LAGI BELAJAR MASAK SENDIRI BIAR GA JAJAN TERUS LUMAYAN HEMAT SOALNYA
822;47;11-50;2177938.0;text;;[];False;False;39683391a05b383b;[];keluarga ngumpul lebaran nanti
823;48;11-50;2179942.0;text;;[];True;False;30aac53f3af5e900;[];ADA YANG PUNYA CATETAN?
824;48;1-10;2180701.0;text;;[];False;False;a59f9b9a2851ddd2;[];nih
825;48;11-50;2180724.0;text;;[];False;False;30aac53f3af5e900;[];DOSEN PEMBIMBING SUSAH DITEMUI
826;48;1-10;2180865.0;text;;[];False;False;39683391a05b383b;[];done
827;48;11-50;2180865.0;text;;[];True;False;39683391a05b383b;[];ntar malem ngapain?...
828;48;11-50;2180879.0;text;;[];False;False;39683391a05b383b;[];dosen pembimbing susah ditemui
829;48;1-10;2180906.0;text;;[];False;False;30aac53f3af5e900;[];GPP
830;48;0;2180912.0;sticker/webp;;[];False;False;30aac53f3af5e900;[];[Stiker]
831;48;11-50;2180913.0;text;;[];False;False;30aac53f3af5e900;[];SEMINAR TADI LAMA BANGET
832;48;11-50;2180925.0;text;;['😌'];False;False;30aac53f3af5e900;[];GW LAPER BANGET NIH
833;48;11-50;2180944.0;text;;[];True;False;46afdfb452960a5e;[];boleh gw ikut ga?
834;48;1-10;2181085.0;text;;[];False;False;46afdfb452960a5e;[];gaje
835;48;11-50;2181099.0;text;;[];False;False;46afdfb452960a5e;[];gw baru aja dari kampus
836;48;0;2181100.0;sticker/webp;;[];False;False;46afdfb452960a5e;[];[Stiker]
837;48;11-50;2181109.0;text;;[];False;False;46afdfb452960a5e;[];dosen pembimbing,,, susah ditemui,,,
838;48;0;2181190.0;sticker/webp;;[];False;False;30aac53f3af5e900;[];[Stiker]
839;48;1-10;2181193.0;text;;['😂'];False;False;39683391a05b383b;[];bole
840;49;51-100;2226132.0;text;;['😅'];True;False;e08d7809e954ff49;[];ada yang tau kenapa kantin kampus tutup lebih awal hari ini ga sih?
841;49;11-50;2226165.0;text;;[];False;False;39683391a05b383b;[];nongkrong yuk di kafe biasa
842;49;11-50;2226210.0;text;;[];False;False;e08d7809e954ff49;[];es teh manis satu ya bang
843;50;1-10;2242781.0;text;;[];False;False;39683391a05b383b;[];cape
844;50;1-10;2242783.0;text;;[];False;False;39683391a05b383b;[];udah
845;50;1-10;2243551.0;text;;[];False;False;a59f9b9a2851ddd2;[];cape
846;51;51-100;2248727.0;image/jpeg;;[];True;False;e08d7809e954ff49;[];[Foto]
847;51;11-50;2248756.0;text;;[];False;False;a59f9b9a2851ddd2;[];sidang minggu depan doain ya
848;51;11-50;2248766.0;text;;[];False;False;30aac53f3af5e900;[];KELAS TAMBAHAN HARI SABTU SIH
849;51;11-50;2248776.0;text;;[];False;False;30aac53f3af5e900;[];TUGAS KELOMPOK BIKIN PUSING
850;51;1-10;2248789.0;text;;[];False;False;a59f9b9a2851ddd2;[];tuh
851;51;51-100;2248822.0;text;;['🤦🏽\u200d♀', '🤣'];False;False;e08d7809e954ff49;[];kemarin gw ke toko buku beli novel baru sama buku referensi buat skripsi
852;51;11-50;2248869.0;text;;[];False;False;a59f9b9a2851ddd2;[];warteg depan kampus enak
853;51;11-50;2248888.0;text;;[];False;False;30aac53f3af5e900;[];DOSEN PEMBIMBING SUSAH DITEMUI
854;51;11-50;2248891.0;text;;[];False;False;30aac53f3af5e900;[];KELAS TAMBAHAN HARI SABTU SIH
855;51;51-100;2248894.0;text;;['🤣'];False;False;e08d7809e954ff49;[];gw udah bikin slides presentasi tapi kayaknya masih kurang bagus deh isinya
856;51;1-10;2248910.0;text;;[];False;False;a59f9b9a2851ddd2;[];gpp
857;51;1-10;2249057.0;text;;['🤦🏽\u200d♀'];False;False;e08d7809e954ff49;[];asli
858;51;11-50;2249062.0;text;;[];False;False;e08d7809e954ff49;[];gw mau ambil cuti semester
859;51;11-50;2250389.0;text;;[];True;False;30aac53f3af5e900;[];NTAR MALEM NGAPAIN?
860;51;51-100;2250452.0;text;;[];False;False;e08d7809e954ff49;[];kemarin gw ke toko buku beli novel baru sama buku referensi buat skripsi
861;51;1-10;2250466.0;text;;[];False;False;30aac53f3af5e900;[];GPP
862;51;11-50;2250482.0;text;;['😂'];False;False;46afdfb452960a5e;[];mie ayam pak,,, kumis,,, juara sih
863;51;1-10;2250492.0;text;;[];False;False;46afdfb452960a5e;[];nah
864;51;11-50;2250493.0;text;;[];True;False;46afdfb452960a5e;[];boleh gw ikut,,, ga?
865;51;11-50;2250515.0;text;;[];False;False;e08d7809e954ff49;[];sidang minggu depan doain ya
866;51;1-10;2250530.0;text;;[];False;False;30aac53f3af5e900;[];AMAN
867;51;1-10;2250578.0;text;;[];False;False;39683391a05b383b;[];tuh
868;52;11-50;2254988.0;text;;[];True;False;30aac53f3af5e900;[];ITU TEMPATNYA JAUH GA?
869;52;11-50;2255018.0;text;;[];False;False;30aac53f3af5e900;[];DUIT BULANAN BELUM DIKIRIM
870;52;1-10;2255024.0;text;;[];False;False;30aac53f3af5e900;[];YESS
871;52;51-100;2255031.0;text;;[];False;False;30aac53f3af5e900;[];GW LAGI BELAJAR MASAK SENDIRI BIAR GA JAJAN TERUS LUMAYAN HEMAT SOALNYA
872;52;1-10;2255037.0;text;;[];False;False;30aac53f3af5e900;[];PASTI
873;52;11-50;2255044.0;text;;[];False;False;30aac53f3af5e900;[];ADEK GW MASUK SMA TAHUN INI
874;52;11-50;2255046.0;text;;[];False;True;30aac53f3af5e900;[];SERU BANGET TADI MALEM!
875;52;11-50;2265490.0;application/pdf;;[];False;False;a59f9b9a2851ddd2;[];[Dokumen PDF]
876;53;11-50;2331592.0;text;;['🙄'];False;False;30aac53f3af5e900;[];GW ABIS LARI PAGI TADI
877;53;11-50;2331617.0;text;;[];False;False;e08d7809e954ff49;[];series itu endingnya zonk bgt
878;53;11-50;2331632.0;text;;[];True;False;30aac53f3af5e900;[];ADA SINYAL GA DISITU?
879;53;11-50;2331668.0;text;;[];False;False;30aac53f3af5e900;[];BADMINTON YUK SORE INI
880;54;11-50;2334232.0;text;;[];True;False;e08d7809e954ff49;[];bawa motor apa naik apa?
881;54;11-50;2334233.0;text;;[];True;False;e08d7809e954ff49;[];bawa motor apa naik apa?
882;54;11-50;2334254.0;text;;[];False;False;a59f9b9a2851ddd2;[];tadi gw makan nasi padang
883;54;11-50;2334255.0;text;;[];False;False;a59f9b9a2851ddd2;[];porsi makan gw nambah terus
884;54;1-10;2334267.0;text;;['🙈'];False;False;e08d7809e954ff49;[];yep
885;54;11-50;2334269.0;text;;[];True;False;e08d7809e954ff49;[];udah sampe belom?
886;54;1-10;2334332.0;text;;['🤣'];False;False;e08d7809e954ff49;[];ayok
887;54;11-50;2334345.0;text;;[];True;False;e08d7809e954ff49;[];bawa motor apa naik apa?
888;54;1-10;2334417.0;text;;[];False;False;a59f9b9a2851ddd2;[];sip
889;54;1-10;2334672.0;text;;[];False;False;e08d7809e954ff49;[];cuy
890;55;1-10;2336924.0;text;;[];False;False;a59f9b9a2851ddd2;[];yoii
891;55;11-50;2336938.0;text;;[];False;False;30aac53f3af5e900;[];CHARGER HP GW RUSAK LAGI
892;55;11-50;2336988.0;text;;[];False;False;a59f9b9a2851ddd2;[];ntar gw kabarin lg deh
893;55;1-10;2337007.0;text;;[];False;False;a59f9b9a2851ddd2;[];gassss
894;55;1-10;2337134.0;text;;[];False;False;30aac53f3af5e900;[];IYAA
895;55;11-50;2337504.0;text;;[];False;True;e08d7809e954ff49;[];sumpah itu lucu parah!
896;55;11-50;2338605.0;text;;[];True;False;46afdfb452960a5e;[];gw harus bawa apa aja?
897;55;0;2338917.0;sticker/webp;;[];False;False;46afdfb452960a5e;[];[Stiker]
898;55;11-50;2338924.0;text;;[];False;False;46afdfb452960a5e;[];capek banget hari ini,,, asli
899;55;0;2339028.0;sticker/webp;;[];False;False;46afdfb452960a5e;[];[Stiker]
900;56;11-50;2394805.0;text;;[];False;False;39683391a05b383b;[];temenin gw dong besok
901;56;0;2395005.0;sticker/webp;;[];False;False;30aac53f3af5e900;[];[Stiker]
902;57;51-100;2404042.0;image/jpeg;;[];False;False;e08d7809e954ff49;['dd9a90a3d295de32', 'a59f9b9a2851ddd2', '39683391a05b383b'];[Foto]
903;57;11-50;2410162.0;text;;[];True;False;46afdfb452960a5e;[];kapan terakhir,,, kali ketemu?,,,
904;57;11-50;2410318.0;text;;[];False;False;e08d7809e954ff49;[];jangan bilang siapa siapa ya
905;57;51-100;2410763.0;text;;[];False;False;a59f9b9a2851ddd2;[];hari ni gw ad rapat organisasi sampe sore jadi ga bs ikut nongkrong
906;57;11-50;2410770.0;text;;[];False;False;a59f9b9a2851ddd2;[];angkot ke sana msh ad ga
907;57;11-50;2410791.0;text;;[];True;False;a59f9b9a2851ddd2;['39683391a05b383b'];jadwal sidang kapan bro?
908;57;1-10;2410875.0;text;;[];False;False;39683391a05b383b;[];cape
909;57;11-50;2410909.0;text;;[];False;False;a59f9b9a2851ddd2;[];temen gw sakit masuk rs
910;57;11-50;2411246.0;text;;[];False;False;e08d7809e954ff49;[];eh denger gosip belum
911;57;1-10;2411255.0;text;;[];False;False;e08d7809e954ff49;[];trus
912;57;11-50;2411271.0;text;;[];True;False;e08d7809e954ff49;[];kapan terakhir kali ketemu?
913;57;51-100;2411312.0;text;;[];False;False;a59f9b9a2851ddd2;[];lu hrs coba kedai kopi baru di jalan belakang kampus, enak bgt
914;57;11-50;2411320.0;text;;[];False;False;a59f9b9a2851ddd2;[];jangan bilang siapa siapa ya
915;57;11-50;2411325.0;text;;[];False;False;a59f9b9a2851ddd2;[];temen gw sakit masuk rs
916;57;11-50;2411361.0;text;;[];False;False;e08d7809e954ff49;[];temen gw sakit masuk RS
917;57;51-100;2411386.0;text;;[];False;False;e08d7809e954ff49;[];hari ini gw ada rapat organisasi sampe sore jadi ga bisa ikut nongkrong
918;57;11-50;2413061.0;text;;[];False;False;39683391a05b383b;[];gw berantem sama si anu
919;57;11-50;2413062.0;text;;[];False;False;39683391a05b383b;[];reuni kapan ya... kita
920;57;1-10;2413063.0;text;;[];False;False;39683391a05b383b;[];males
921;57;11-50;2413066.0;text;;[];False;False;39683391a05b383b;[];gw kangen temen temen SMA
922;57;11-50;2413077.0;text;;[];False;False;39683391a05b383b;[];si itu udah putus katanya
923;57;11-50;2413240.0;text;;[];False;False;a59f9b9a2851ddd2;[];pacarnya baru siapa sih
924;57;11-50;2413241.0;text;;[];False;False;46afdfb452960a5e;[];eh denger gosip,,, belum
925;57;11-50;2413243.0;text;;[];True;False;a59f9b9a2851ddd2;[];kos lu dmn sih tepatnya?
926;57;11-50;2413258.0;text;;[];False;False;46afdfb452960a5e;[];eh denger gosip belum
927;57;11-50;2413333.0;text;;[];False;False;39683391a05b383b;[];temenin gw dong... besok...
928;57;11-50;2413336.0;text;;[];False;False;39683391a05b383b;[];angkot ke sana masih ada ga
929;57;11-50;2413336.0;text;;[];False;False;39683391a05b383b;[];temen gw sakit masuk RS
930;57;11-50;2413340.0;text;;[];False;False;39683391a05b383b;[];si itu udah putus katanya...
931;57;11-50;2413354.0;text;;[];False;False;46afdfb452960a5e;[];reuni kapan ya kita
932;57;11-50;2413355.0;text;;[];False;False;39683391a05b383b;[];angkot ke sana masih ada ga
933;57;11-50;2413357.0;text;;[];False;False;39683391a05b383b;[];gw berantem sama si anu
934;57;11-50;2413359.0;text;;[];True;False;46afdfb452960a5e;[];kapan terakhir kali ketemu?
935;57;51-100;2413378.0;text;;[];False;False;46afdfb452960a5e;[];wifi kosan gw lemot banget jadi,,, gw ke perpus aja buat ngerjain,,, tugas
936;57;11-50;2413568.0;text;;[];False;False;46afdfb452960a5e;[];temenin gw dong besok,,,
937;57;0;2413578.0;sticker/webp;;[];False;False;46afdfb452960a5e;[];[Stiker]
938;57;1-10;2413579.0;text;;[];False;False;39683391a05b383b;[];trus
939;57;11-50;2413580.0;text;;[];False;False;39683391a05b383b;[];gw berantem sama si anu
940;57;0;2413584.0;sticker/webp;;[];False;False;46afdfb452960a5e;[];[Stiker]
941;57;11-50;2413585.0;text;;[];False;True;e08d7809e954ff49;[];gw kaget pas denger itu!
942;57;1-10;2413591.0;text;;[];False;False;e08d7809e954ff49;[];sama
943;57;0;2413591.0;sticker/webp;;[];False;False;46afdfb452960a5e;[];[Stiker]
944;57;11-50;2413591.0;text;;[];False;False;39683391a05b383b;[];jangan bilang siapa siapa... ya
945;57;11-50;2413603.0;text;;[];False;False;39683391a05b383b;[];angkot ke sana... masih ada ga
946;57;11-50;2413606.0;text;;[];False;False;39683391a05b383b;[];pacarnya baru siapa sih
947;57;0;2413609.0;sticker/webp;;[];False;False;46afdfb452960a5e;[];[Stiker]
948;57;0;2413610.0;sticker/webp;;[];False;False;46afdfb452960a5e;[];[Stiker]
949;57;101-500;2413625.0;text;;[];False;False;e08d7809e954ff49;[];hari ini gw iseng nyoba bikin kopi pake metode V60 yang lagi hype di kalangan anak anak kampus. beli alatnya lumayan mahal sih tapi hasilnya emang beda dari kopi sachet biasa. kopinya lebih smooth dan ga terlalu pahit. kayaknya gw bakal ketagihan nih bikin kopi sendiri tiap pagi sebelum ke kampus
950;57;11-50;2413644.0;text;;[];False;False;46afdfb452960a5e;[];temenin gw dong besok
951;57;11-50;2413657.0;text;;[];False;False;46afdfb452960a5e;[];pacarnya baru,,, siapa sih
952;57;11-50;2413664.0;text;;[];False;False;e08d7809e954ff49;[];temenin gw dong besok
953;57;11-50;2413668.0;text;;[];False;False;e08d7809e954ff49;[];pacarnya baru siapa sih
954;57;11-50;2413674.0;text;;['🙈'];False;True;e08d7809e954ff49;[];gw kaget pas denger itu!
955;57;0;2413681.0;sticker/webp;;[];False;False;46afdfb452960a5e;[];[Stiker]
956;57;1-10;2413688.0;text;;['🤣'];False;False;e08d7809e954ff49;[];gabut
957;57;11-50;2413697.0;text;;[];False;False;46afdfb452960a5e;[];jangan bilang siapa siapa,,, ya
958;57;11-50;2413705.0;text;;[];False;False;46afdfb452960a5e;[];temen gw sakit,,, masuk rs
959;57;0;2413720.0;sticker/webp;;[];False;False;46afdfb452960a5e;[];[Stiker]
960;57;0;2413750.0;system;;[];False;False;e08d7809e954ff49;[];[Pesan sistem]
961;57;11-50;2413763.0;text;;[];False;False;e08d7809e954ff49;[];pacarnya baru siapa sih
962;57;11-50;2413765.0;text;;[];False;False;e08d7809e954ff49;[];si itu udah putus katanya
963;57;1-10;2413765.0;text;;[];False;False;39683391a05b383b;[];udah
964;57;1-10;2413768.0;text;;[];False;False;39683391a05b383b;[];cape
965;57;1-10;2413778.0;text;;[];False;False;39683391a05b383b;[];dong
966;57;11-50;2413798.0;text;;[];False;False;39683391a05b383b;[];temen gw sakit masuk RS
967;57;1-10;2413802.0;text;;['🤣'];False;False;e08d7809e954ff49;[];ywd
968;57;11-50;2413802.0;text;;[];False;False;39683391a05b383b;[];temenin gw dong besok
969;57;11-50;2413865.0;text;;[];False;False;39683391a05b383b;[];si itu udah putus katanya
970;57;11-50;2413876.0;text;;[];True;False;39683391a05b383b;[];kapan terakhir kali ketemu?
971;57;11-50;2413907.0;text;;[];False;False;39683391a05b383b;[];si itu udah putus... katanya
972;57;11-50;2413919.0;text;;[];False;False;39683391a05b383b;[];gw kangen temen temen SMA
973;57;11-50;2413920.0;text;;[];False;False;39683391a05b383b;[];temen gw sakit masuk RS
974;57;11-50;2413927.0;text;;[];False;False;39683391a05b383b;[];si itu udah putus... katanya
975;57;11-50;2413937.0;text;;[];False;False;39683391a05b383b;[];temen gw sakit masuk RS
976;57;1-10;2413942.0;text;;['🤣'];False;False;e08d7809e954ff49;[];amin
977;57;11-50;2413961.0;text;;[];False;False;39683391a05b383b;[];angkot ke sana masih ada ga
978;57;11-50;2413966.0;text;;[];False;False;39683391a05b383b;[];pacarnya baru siapa sih
979;57;51-100;2413973.0;text;;[];False;False;e08d7809e954ff49;[];hari ini gw ada rapat organisasi sampe sore jadi ga bisa ikut nongkrong
980;57;11-50;2414010.0;text;;[];False;False;39683391a05b383b;[];jangan bilang siapa siapa ya
981;57;11-50;2414012.0;text;;[];False;False;39683391a05b383b;[];gw berantem sama si anu
982;57;11-50;2414042.0;text;;[];True;False;39683391a05b383b;[];kos lu dimana sih tepatnya?
983;57;101-500;2414043.0;text;;['💃', '😋'];False;True;e08d7809e954ff49;['a59f9b9a2851ddd2'];YESSS gw akhirnya dapet nilai A di mata kuliah yang paling gw takutin selama ini! padahal gw udah pasrah banget pas ujian soalnya soalnya susah parah. ternyata tugas dan presentasi gw nilainya bagus jadi bisa nutupin nilai ujian. alhamdulillah banget perjuangan ga sia sia!
984;57;11-50;2414057.0;text;;[];False;False;39683391a05b383b;[];angkot ke sana masih ada ga...
985;57;11-50;2414069.0;text;;[];False;False;e08d7809e954ff49;[];diem diem ternyata jadian
986;57;11-50;2414146.0;text;;[];False;False;a59f9b9a2851ddd2;[];si tu udah putus katanya
987;57;11-50;2414152.0;text;;[];False;False;a59f9b9a2851ddd2;[];reuni kapan ya kita
988;57;11-50;2414158.0;text;;[];False;False;a59f9b9a2851ddd2;[];eh denger gosip blm
989;57;11-50;2414813.0;text;;[];False;False;e08d7809e954ff49;[];temen gw sakit masuk RS
990;57;11-50;2414820.0;text;;[];False;False;a59f9b9a2851ddd2;[];temen gw sakit masuk rs
991;57;0;2414849.0;system;;[];False;False;e08d7809e954ff49;[];[Pesan sistem]
992;57;1-10;2414886.0;text;;['❤'];False;False;46afdfb452960a5e;[];wkwkw
993;57;1-10;2414889.0;text;;['😂'];False;False;46afdfb452960a5e;[];males
994;57;1-10;2414900.0;text;;['🤐'];False;False;46afdfb452960a5e;[];trus
995;57;1-10;2414935.0;text;;[];False;True;a59f9b9a2851ddd2;[];goks!
996;57;11-50;2414997.0;text;;[];False;False;30aac53f3af5e900;['46afdfb452960a5e'];ANGKOT KE SANA MASIH ADA GA
997;57;11-50;2415105.0;text;;[];False;False;46afdfb452960a5e;[];temen gw,,, sakit masuk,,, rs
998;57;11-50;2415123.0;text;;[];False;False;30aac53f3af5e900;[];GW BERANTEM SAMA SI ANU
999;58;11-50;2417551.0;text;;[];False;False;39683391a05b383b;[];wifi kampus lemot parah
1000;58;0;2417566.0;video/mp4;;[];False;False;39683391a05b383b;[];[Video]
1001;58;11-50;2417608.0;text;;[];False;False;a59f9b9a2851ddd2;[];gw baru ganti nomor btw
1002;58;1-10;2417628.0;text;;[];False;False;39683391a05b383b;[];hem
1003;58;1-10;2417641.0;text;;[];False;False;39683391a05b383b;[];okey
1004;58;11-50;2417646.0;text;;[];False;False;39683391a05b383b;[];wifi kampus lemot parah...
1005;58;1-10;2417653.0;text;;[];False;False;39683391a05b383b;[];ah
1006;58;11-50;2417662.0;text;;[];False;False;39683391a05b383b;[];ntar gw kabarin lagi... deh
1007;58;1-10;2417665.0;text;;[];False;False;39683391a05b383b;[];okey
1008;58;11-50;2419425.0;text;;[];False;False;30aac53f3af5e900;[];HP GW LOWBAT NIH
1009;58;11-50;2419441.0;text;;[];False;False;30aac53f3af5e900;[];LU TIM MANA DUKUNGNYA
1010;58;11-50;2419443.0;text;;[];False;False;30aac53f3af5e900;[];CAPEK BANGET HARI INI ASLI
1011;59;11-50;2421950.0;text;;[];False;False;e08d7809e954ff49;[];tugas kelompok bikin pusing
1012;59;11-50;2421951.0;text;;[];True;False;e08d7809e954ff49;[];boleh gw ikut ga?
1013;59;11-50;2421961.0;text;;[];False;False;e08d7809e954ff49;[];kelas tambahan hari sabtu sih
1014;59;11-50;2421964.0;text;;[];False;False;30aac53f3af5e900;[];WARTEG DEPAN KAMPUS ENAK
1015;59;11-50;2421972.0;text;;[];False;False;30aac53f3af5e900;[];GW LAPER BANGET NIH
1016;59;11-50;2421984.0;text;;[];False;False;e08d7809e954ff49;[];mie ayam pak kumis juara sih
1017;59;11-50;2421987.0;text;;[];False;False;30aac53f3af5e900;[];MIE AYAM PAK KUMIS JUARA SIH
1018;59;1-10;2421990.0;text;;[];False;False;30aac53f3af5e900;[];ASLI
1019;59;1-10;2421996.0;text;;['🤣'];False;False;e08d7809e954ff49;[];tuh
1020;59;1-10;2421997.0;text;;[];False;True;30aac53f3af5e900;[];ANJIR!
1021;59;1-10;2422006.0;text;;['😂'];False;False;30aac53f3af5e900;[];NIH
1022;59;11-50;2422037.0;text;;['🙄'];False;False;e08d7809e954ff49;[];gw laper banget nih
1023;59;1-10;2422125.0;text;;[];False;False;a59f9b9a2851ddd2;[];aman
1024;59;1-10;2422127.0;text;;[];False;False;a59f9b9a2851ddd2;[];nih
1025;59;11-50;2422419.0;text;;[];False;False;e08d7809e954ff49;[];kelas tambahan hari sabtu sih
1026;59;11-50;2422427.0;text;;[];False;False;a59f9b9a2851ddd2;[];seminar tadi lama bgt
1027;59;11-50;2422439.0;text;;[];False;False;a59f9b9a2851ddd2;[];lu udah makan blm
1028;59;11-50;2422443.0;text;;[];False;False;a59f9b9a2851ddd2;[];gw laper bgt nih
1029;59;51-100;2422454.0;text;;[];False;False;e08d7809e954ff49;[];gw udah bikin slides presentasi tapi kayaknya masih kurang bagus deh isinya
1030;59;11-50;2422457.0;text;;[];False;False;a59f9b9a2851ddd2;[];mie ayam pak kumis juara sih
1031;59;11-50;2422499.0;text;;[];False;False;e08d7809e954ff49;[];gw mau ambil cuti semester
1032;59;11-50;2422524.0;text;;[];False;False;a59f9b9a2851ddd2;[];lu udah makan blm
1033;59;11-50;2422540.0;text;;[];False;False;a59f9b9a2851ddd2;[];dosen pembimbing susah ditemui
1034;59;11-50;2422541.0;text;;[];False;False;a59f9b9a2851ddd2;[];tugas kelompok bikin pusing
1035;59;11-50;2422577.0;text;;['😰'];True;False;e08d7809e954ff49;['46afdfb452960a5e'];boleh gw ikut ga?
1036;59;11-50;2422598.0;text;;[];False;False;e08d7809e954ff49;[];gw laper banget nih
1037;59;11-50;2424180.0;text;;[];True;False;39683391a05b383b;[];ada yang punya catetan?
1038;59;500+;2424404.0;text;;[];False;True;39683391a05b383b;[];parah sih tadi kejadiannya!
1039;59;500+;2424424.0;text;;[];False;False;39683391a05b383b;[];warteg depan kampus enak
1040;59;1-10;2424466.0;text;1035.0;[];False;False;46afdfb452960a5e;[];bole
1041;59;1-10;2424484.0;text;;[];False;False;46afdfb452960a5e;[];bet
1042;59;1-10;2424491.0;text;;[];False;False;39683391a05b383b;[];bole
1043;59;1-10;2424502.0;text;;[];False;False;46afdfb452960a5e;[];bole
1044;59;1-10;2425225.0;text;;[];True;False;e08d7809e954ff49;[];dimana?
1045;59;11-50;2425240.0;text;;[];False;False;39683391a05b383b;[];gw mau ambil... cuti semester
1046;59;11-50;2425245.0;text;;[];False;False;39683391a05b383b;[];gw laper banget nih
1047;59;11-50;2425256.0;text;;[];False;False;39683391a05b383b;[];tugas kelompok bikin pusing
1048;59;11-50;2425278.0;text;;[];False;False;39683391a05b383b;[];proposal skripsi gw ditolak...
1049;59;1-10;2425291.0;text;;[];False;False;46afdfb452960a5e;[];bet
1050;59;11-50;2425299.0;text;;[];False;False;46afdfb452960a5e;[];warteg depan kampus enak,,,
1051;59;0;2425308.0;sticker/webp;;[];False;False;46afdfb452960a5e;[];[Stiker]
1052;59;11-50;2425316.0;text;;[];False;False;39683391a05b383b;[];gw baru aja dari kampus...
1053;59;11-50;2425318.0;text;;[];False;False;39683391a05b383b;[];gw laper banget nih
1054;59;1-10;2425324.0;text;;['😂'];False;False;39683391a05b383b;[];sabi
1055;59;11-50;2425337.0;text;;[];False;False;39683391a05b383b;[];dosen pembimbing susah ditemui
1056;59;11-50;2425338.0;text;;[];False;False;39683391a05b383b;[];gw baru aja dari kampus
1057;59;11-50;2425360.0;text;;[];False;False;39683391a05b383b;[];mie ayam pak kumis juara sih
1058;59;11-50;2425361.0;text;;[];False;False;39683391a05b383b;[];mie ayam pak kumis juara sih
1059;59;1-10;2425393.0;text;;[];False;False;46afdfb452960a5e;[];nih
1060;59;11-50;2425403.0;text;;[];False;False;46afdfb452960a5e;[];gw mau ambil cuti,,, semester
1061;59;11-50;2425414.0;text;;[];False;False;46afdfb452960a5e;[];seminar tadi lama banget
1062;60;1-10;2484516.0;text;;[];False;False;39683391a05b383b;[];kok
1063;60;1-10;2484517.0;text;;[];False;False;39683391a05b383b;[];oii
1064;61;11-50;2489093.0;text;;[];False;False;a59f9b9a2851ddd2;[];mama minta gw pulang weekend
1065;61;1-10;2489098.0;text;;['😎'];False;False;a59f9b9a2851ddd2;[];mager
1066;61;1-10;2489104.0;text;;[];False;False;46afdfb452960a5e;[];gila
1067;61;11-50;2489109.0;text;;[];False;False;46afdfb452960a5e;[];mama minta gw pulang weekend
1068;61;11-50;2489116.0;text;;[];False;False;e08d7809e954ff49;[];gw lagi marathon drakor nih
1069;61;11-50;2489358.0;text;;[];False;False;39683391a05b383b;[];duit bulanan belum dikirim
1070;61;11-50;2489359.0;text;;[];False;False;39683391a05b383b;[];film baru di bioskop bagus ga...
1071;61;1-10;2489373.0;text;;[];False;False;39683391a05b383b;[];pasti
1072;61;11-50;2489376.0;text;;[];False;False;39683391a05b383b;[];gw kangen masakan rumah
1073;61;1-10;2489983.0;text;;[];False;False;a59f9b9a2851ddd2;[];anjay
1074;61;1-10;2489984.0;text;;[];False;False;a59f9b9a2851ddd2;[];goks
1075;61;1-10;2489997.0;text;;[];False;False;46afdfb452960a5e;[];anjay
1076;61;1-10;2489998.0;text;;[];False;False;46afdfb452960a5e;[];gitu
1077;61;1-10;2490001.0;text;;[];False;False;46afdfb452960a5e;[];pasti
1078;61;1-10;2490006.0;text;;[];False;False;a59f9b9a2851ddd2;[];woles
1079;61;1-10;2490193.0;text;;[];False;False;30aac53f3af5e900;[];GOKS
1080;62;1-10;2494361.0;text;;['😊'];False;False;a59f9b9a2851ddd2;[];okey
1081;62;11-50;2494367.0;text;;[];False;False;46afdfb452960a5e;[];charger hp gw rusak,,, lagi
1082;63;51-100;2509716.0;text;;[];True;False;e08d7809e954ff49;['46afdfb452960a5e', 'dd9a90a3d295de32', '39683391a05b383b'];siapa sih yang spread gosip itu ke grup sebelah, tau ga orangnya?
1083;63;51-100;2509737.0;text;;['🤣'];False;False;e08d7809e954ff49;[];adek gw mau masuk kuliah tahun depan gw harus bantu cariin info jurusan
1084;63;1-10;2509755.0;text;;['🙈'];False;False;e08d7809e954ff49;[];yess
1085;63;11-50;2509793.0;text;;[];False;False;30aac53f3af5e900;[];KELUARGA NGUMPUL LEBARAN NANTI
1086;63;1-10;2509866.0;text;;[];False;False;46afdfb452960a5e;[];mager
1087;63;11-50;2509875.0;text;1083.0;['😂'];False;False;46afdfb452960a5e;[];duit bulanan belum dikirim
1088;63;1-10;2509878.0;text;;[];False;False;46afdfb452960a5e;[];goks
1089;63;1-10;2509941.0;text;;[];False;False;e08d7809e954ff49;[];noted
1090;63;51-100;2509962.0;text;;['😂'];False;True;e08d7809e954ff49;[];ngakak parah tadi di kelas ada yang ketiduran pas dosen nerangin!
1091;63;0;2510324.0;sticker/webp;;[];False;False;46afdfb452960a5e;[];[Stiker]
1092;64;11-50;2524147.0;application/pdf;;[];False;False;a59f9b9a2851ddd2;[];[Dokumen PDF]
1093;64;51-100;2527979.0;text;;[];True;False;a59f9b9a2851ddd2;['e08d7809e954ff49', '39683391a05b383b'];eh lu udah dapet info jadwal ujian akhir semester blm dr prodi?
1094;64;1-10;2527996.0;text;;[];True;False;39683391a05b383b;[];siapa?
1095;64;51-100;2528003.0;text;;[];False;False;a59f9b9a2851ddd2;[];tadi gw ketemu dosen pembimbing dan dia minta revisi lg utk bab 3
1096;64;11-50;2528011.0;text;;[];False;False;39683391a05b383b;[];IPK gw turun semester ini...
1097;64;11-50;2528023.0;text;;[];True;False;a59f9b9a2851ddd2;[];lu dmn skrg?
1098;64;1-10;2528031.0;text;;[];False;False;39683391a05b383b;[];gas
1099;64;11-50;2528035.0;text;;[];True;False;a59f9b9a2851ddd2;[];tugas dikumpul kapan sih?
1100;64;11-50;2528039.0;text;;[];False;False;39683391a05b383b;[];deadline besok pagi bro
1101;64;11-50;2528053.0;text;;[];False;False;39683391a05b383b;[];dosen gw galak banget... sih
1102;64;11-50;2528063.0;text;;[];False;False;a59f9b9a2851ddd2;[];ipk gw turun semester ni
1103;64;51-100;2528451.0;text;;[];False;False;e08d7809e954ff49;[];eh besok kita jadi ketemuan di kafe deket stasiun kan ya jam 2 siang
1104;65;11-50;2531157.0;text;;[];True;False;30aac53f3af5e900;[];JADWAL SIDANG KAPAN BRO?
1105;65;1-10;2531215.0;text;;[];False;False;30aac53f3af5e900;[];WKWKW
1106;65;11-50;2531219.0;text;;[];False;False;30aac53f3af5e900;[];TEMENIN GW DONG BESOK
1107;65;11-50;2531226.0;text;;[];False;False;30aac53f3af5e900;[];GW KANGEN TEMEN TEMEN SMA
1108;65;11-50;2531240.0;text;;['😌'];False;False;30aac53f3af5e900;[];GW KANGEN TEMEN TEMEN SMA
1109;65;1-10;2531268.0;text;;[];False;False;a59f9b9a2851ddd2;[];dong
1110;65;11-50;2531277.0;text;;[];False;False;a59f9b9a2851ddd2;[];reuni kapan ya kita
1111;65;1-10;2531287.0;text;;[];False;False;a59f9b9a2851ddd2;[];hihi
1112;65;1-10;2531299.0;text;;[];False;False;a59f9b9a2851ddd2;[];udah
1113;65;11-50;2531300.0;text;;[];False;False;30aac53f3af5e900;[];REUNI KAPAN YA KITA
1114;65;11-50;2531301.0;text;;[];False;False;30aac53f3af5e900;[];JANGAN BILANG SIAPA SIAPA YA
1115;65;1-10;2531302.0;text;;[];False;False;30aac53f3af5e900;[];GABUT
1116;65;51-100;2531327.0;text;;[];False;False;a59f9b9a2851ddd2;[];gw pengen bgt liburan ke pantai tp duit lg tipis bgt skrg
1117;65;1-10;2531329.0;text;;[];False;False;a59f9b9a2851ddd2;[];gabut
1118;65;1-10;2531334.0;text;;['😂'];False;False;30aac53f3af5e900;[];MALES
1119;65;11-50;2531339.0;text;;[];False;False;30aac53f3af5e900;[];GW GA PERCAYA SIH GOSIPNYA
1120;65;1-10;2531351.0;text;;[];False;False;a59f9b9a2851ddd2;[];amin
1121;65;11-50;2531473.0;text;;[];False;True;46afdfb452960a5e;[];sedih banget ceritanya!
1122;65;0;2531481.0;sticker/webp;;[];False;False;46afdfb452960a5e;[];[Stiker]
1123;65;0;2531504.0;sticker/webp;;[];False;False;30aac53f3af5e900;[];[Stiker]
1124;66;11-50;2565402.0;text;;[];False;False;a59f9b9a2851ddd2;[];lu tim mana dukungnya
1125;66;11-50;2566249.0;text;;[];False;False;30aac53f3af5e900;[];BARU BANGUN NIH MASIH NGANTUK
1126;67;11-50;2567292.0;text;;[];False;False;30aac53f3af5e900;[];GW LAGI DIET TAPI GAGAL MULU
1127;67;11-50;2568126.0;text;;[];False;False;a59f9b9a2851ddd2;[];porsi makan gw nambah terus
1128;67;11-50;2568142.0;application/pdf;;[];False;False;a59f9b9a2851ddd2;[];[Dokumen PDF]
1129;68;11-50;2568915.0;application/pdf;;[];False;False;a59f9b9a2851ddd2;[];[Dokumen PDF]
1130;68;11-50;2568917.0;application/pdf;;[];False;False;a59f9b9a2851ddd2;[];[Dokumen PDF]
1131;68;11-50;2569101.0;text;;[];False;False;39683391a05b383b;[];kakak gw baru aja nikah
1132;68;11-50;2570039.0;image/jpeg;;[];False;False;a59f9b9a2851ddd2;['39683391a05b383b'];[Foto]
1133;68;11-50;2571530.0;text;;[];False;False;39683391a05b383b;[];film baru di bioskop bagus ga
1134;68;0;2571797.0;sticker/webp;;[];False;False;46afdfb452960a5e;[];[Stiker]
1135;68;0;2571801.0;sticker/webp;;[];False;False;46afdfb452960a5e;[];[Stiker]
1136;68;0;2571804.0;sticker/webp;;[];False;False;46afdfb452960a5e;[];[Stiker]
1137;68;11-50;2571814.0;text;;[];False;False;a59f9b9a2851ddd2;[];nyokap nanya kapan lulus
1138;68;1-10;2571833.0;text;;['😂'];False;False;39683391a05b383b;[];woles
1139;68;11-50;2571836.0;text;;[];False;False;a59f9b9a2851ddd2;[];duit bulanan blm dikirim
1140;68;1-10;2571842.0;text;;[];False;False;39683391a05b383b;[];woles
1141;68;11-50;2571848.0;text;;[];False;False;39683391a05b383b;[];adek gw masuk SMA tahun ini
1142;68;11-50;2571866.0;text;;['🤔'];False;False;46afdfb452960a5e;[];gw kangen masakan,,, rumah
1143;68;1-10;2572113.0;text;;[];False;False;39683391a05b383b;[];goks
1144;68;11-50;2573617.0;text;;[];True;False;e08d7809e954ff49;[];lu lagi ngapain sih?
1145;68;1-10;2573711.0;text;;['😰'];False;False;e08d7809e954ff49;[];noted
1146;68;11-50;2574464.0;text;;[];False;False;a59f9b9a2851ddd2;[];bokap gw lg di luar kota
1147;68;11-50;2574471.0;text;;[];False;False;a59f9b9a2851ddd2;[];nyokap nanya kapan lulus
1148;68;1-10;2574783.0;text;;[];False;False;46afdfb452960a5e;[];hayuk
1149;68;11-50;2574926.0;text;;[];False;True;e08d7809e954ff49;[];ngakak gw liat video itu!
1150;69;11-50;2577648.0;text;;[];False;False;39683391a05b383b;[];gw skip kelas hari... ini
1151;69;1-10;2577665.0;text;;[];False;False;46afdfb452960a5e;[];oke
1152;69;11-50;2577936.0;text;;[];False;False;30aac53f3af5e900;[];IPK GW TURUN SEMESTER INI
1153;70;1-10;2580782.0;text;;[];False;False;30aac53f3af5e900;[];AMIN
1154;70;1-10;2580785.0;text;;[];False;False;30aac53f3af5e900;[];YWD
1155;70;11-50;2580793.0;text;;[];False;False;30aac53f3af5e900;[];GW BERANTEM SAMA SI ANU
1156;70;1-10;2580795.0;text;;[];False;False;30aac53f3af5e900;[];UDAH
1157;70;11-50;2580802.0;text;;['🙄'];False;False;30aac53f3af5e900;[];TEMEN GW SAKIT MASUK RS
1158;70;11-50;2580852.0;text;;[];False;False;30aac53f3af5e900;[];PACARNYA BARU SIAPA SIH
1159;70;1-10;2580854.0;text;;[];False;False;30aac53f3af5e900;[];HIHI
1160;70;0;2584228.0;image/jpeg;;[];False;False;a59f9b9a2851ddd2;[];[Foto]
1161;70;11-50;2589855.0;text;;[];False;False;30aac53f3af5e900;['dd9a90a3d295de32'];EH DENGER GOSIP BELUM
1162;71;1-10;2598017.0;text;;['🤣'];False;False;e08d7809e954ff49;[];nice
1163;71;11-50;2605822.0;image/jpeg;;[];False;False;39683391a05b383b;[];[Foto]
1164;71;11-50;2605842.0;text;;[];False;False;30aac53f3af5e900;[];NYOKAP NANYA KAPAN LULUS
1165;71;11-50;2605850.0;text;;[];True;False;edab10a0f2ace5d1;[];siapaaa aja yg dateng?
1166;71;11-50;2605883.0;text;;[];True;False;edab10a0f2ace5d1;[];kenapa ga bales chat gw?
1167;71;11-50;2605896.0;text;;[];False;False;39683391a05b383b;[];adek gw masuk SMA tahun ini
1168;71;11-50;2605898.0;text;;[];False;False;39683391a05b383b;[];mama minta gw pulang weekend
1169;71;1-10;2605899.0;text;;['😂'];False;False;39683391a05b383b;[];yess
1170;71;11-50;2605903.0;text;;[];False;False;edab10a0f2ace5d1;[];mamaaaa mintaaaa gw pulang weekend
1171;71;11-50;2605918.0;text;;[];True;False;30aac53f3af5e900;[];LU LAGI NGAPAIN SIH?
1172;71;1-10;2605920.0;text;;[];False;False;30aac53f3af5e900;[];GINI
1173;71;11-50;2605932.0;text;;[];False;False;39683391a05b383b;[];playlist lo yang... mana sih...
1174;71;11-50;2605940.0;text;;[];False;False;39683391a05b383b;[];duit bulanan belum dikirim
1175;71;1-10;2605944.0;text;;[];False;False;edab10a0f2ace5d1;[];hayuk
1176;71;11-50;2605948.0;text;;[];False;False;edab10a0f2ace5d1;[];bokap gw lagi di luarr kotaa
1177;71;0;2605954.0;sticker/webp;;[];False;False;39683391a05b383b;[];[Stiker]
1178;71;1-10;2605954.0;text;;[];False;False;39683391a05b383b;[];woles
1179;71;11-50;2605958.0;text;;[];False;True;e08d7809e954ff49;[];seru banget tadi malem!
1180;71;11-50;2605966.0;text;;[];False;False;a59f9b9a2851ddd2;[];film baru di bioskop bagus ga
1181;71;11-50;2605974.0;text;;[];True;False;39683391a05b383b;[];itu tempatnya jauh... ga?...
1182;71;11-50;2605980.0;text;;[];False;False;edab10a0f2ace5d1;[];adek gw masuk smaaaa tahun ini
1183;71;1-10;2605988.0;text;;['😂'];False;False;39683391a05b383b;[];noted
1184;71;1-10;2605991.0;text;;[];False;False;39683391a05b383b;[];gitu
1185;71;1-10;2606022.0;text;;['😂'];False;False;46afdfb452960a5e;[];hayuk
1186;71;11-50;2606099.0;text;;[];True;False;30aac53f3af5e900;[];LU LAGI NGAPAIN SIH?
1187;71;11-50;2606110.0;text;;[];False;False;30aac53f3af5e900;[];BOKAP GW LAGI DI LUAR KOTA
1188;71;11-50;2606126.0;text;;[];False;False;edab10a0f2ace5d1;[];adekkk gw masuk smaaaa tahun ini
1189;71;51-100;2606152.0;text;;[];False;False;edab10a0f2ace5d1;[];besokkkk ada bazaarrr di kampus katanyaaaa banyak makanan murah, pada ikutt ga
1190;71;11-50;2606162.0;text;;[];False;False;39683391a05b383b;[];playlist lo yang mana sih
1191;71;11-50;2606165.0;text;;[];False;False;39683391a05b383b;[];mama minta gw... pulang weekend...
1192;71;1-10;2606177.0;text;;[];False;False;39683391a05b383b;[];nice
1193;71;0;2606295.0;sticker/webp;;[];False;False;46afdfb452960a5e;[];[Stiker]
1194;71;0;2606297.0;sticker/webp;;[];False;False;46afdfb452960a5e;[];[Stiker]
1195;72;11-50;2652699.0;text;;[];False;False;39683391a05b383b;[];kakak gw baru... aja nikah
1196;72;11-50;2652705.0;text;;[];True;False;39683391a05b383b;[];kenapa ga bales chat... gw?
1197;72;11-50;2652716.0;text;;[];False;False;39683391a05b383b;[];adek gw masuk SMA... tahun ini
1198;72;1-10;2652717.0;text;;[];False;False;39683391a05b383b;[];goks
1199;72;11-50;2652727.0;text;;[];False;False;39683391a05b383b;[];gw lagi marathon drakor nih...
1200;72;11-50;2652748.0;text;;[];False;False;39683391a05b383b;[];gw lagi marathon drakor... nih
1201;72;11-50;2652748.0;text;;[];False;False;39683391a05b383b;[];film baru di... bioskop bagus ga
1202;72;11-50;2652756.0;text;;[];False;False;39683391a05b383b;[];playlist lo yang mana sih
1203;72;11-50;2652768.0;text;;[];False;False;39683391a05b383b;[];duit bulanan belum dikirim
1204;72;11-50;2652769.0;text;;[];False;False;39683391a05b383b;[];mama minta gw pulang... weekend...
1205;72;11-50;2652772.0;text;;[];False;False;39683391a05b383b;[];gw baru aja... ketemu... mantan
1206;72;11-50;2652781.0;text;;[];False;False;39683391a05b383b;[];gw baru aja ketemu mantan...
1207;72;11-50;2652792.0;text;;[];False;False;39683391a05b383b;[];gw lagi marathon drakor nih
1208;72;11-50;2652795.0;text;;[];False;False;39683391a05b383b;[];kakak gw baru aja nikah
1209;73;11-50;2660841.0;application/pdf;;[];False;False;e08d7809e954ff49;[];[Dokumen PDF]
1210;73;51-100;2660874.0;text;;['😅'];False;False;e08d7809e954ff49;[];gw pengen banget liburan ke pantai tapi duit lagi tipis banget sekarang
1211;73;11-50;2660880.0;text;;[];False;False;e08d7809e954ff49;[];gw ga percaya sih gosipnya
1212;73;11-50;2660896.0;text;;[];False;False;39683391a05b383b;[];temenin gw dong besok
1213;73;1-10;2661009.0;text;;['😝'];False;True;e08d7809e954ff49;[];goks!
1214;73;51-100;2661134.0;text;;[];False;False;39683391a05b383b;[];wifi kosan gw lemot banget... jadi gw ke perpus aja... buat ngerjain... tugas
1215;73;11-50;2661145.0;text;;[];False;False;39683391a05b383b;[];temenin gw dong besok...
1216;73;11-50;2661150.0;text;;[];False;False;46afdfb452960a5e;[];gw ga,,, percaya sih,,, gosipnya
1217;73;11-50;2661165.0;text;;[];False;False;39683391a05b383b;[];temen gw sakit masuk RS
1218;73;11-50;2661169.0;text;;[];True;False;39683391a05b383b;[];jadwal sidang kapan... bro?...
1219;73;1-10;2661179.0;text;;[];False;False;46afdfb452960a5e;[];wkwkw
1220;73;0;2661185.0;sticker/webp;;[];False;False;46afdfb452960a5e;[];[Stiker]
1221;73;11-50;2661187.0;text;;[];False;False;46afdfb452960a5e;[];gw ga percaya sih gosipnya
1222;73;11-50;2661191.0;text;;[];False;False;39683391a05b383b;[];gw kangen temen temen... SMA
1223;73;0;2661196.0;sticker/webp;;[];False;False;46afdfb452960a5e;[];[Stiker]
1224;73;1-10;2662004.0;text;;['😍'];False;False;edab10a0f2ace5d1;[];cape
1225;73;51-100;2662230.0;image/jpeg;;[];False;False;e08d7809e954ff49;[];[Foto]
1226;73;1-10;2662307.0;text;;[];False;False;39683391a05b383b;[];sama
1227;73;11-50;2662308.0;text;;[];False;False;39683391a05b383b;[];eh denger gosip belum
1228;73;11-50;2662311.0;text;;[];False;False;39683391a05b383b;[];si itu udah putus... katanya
1229;73;1-10;2662313.0;text;;[];False;False;30aac53f3af5e900;[];SETUJU
1230;73;1-10;2662331.0;text;;[];False;False;39683391a05b383b;[];sama
1231;73;11-50;2662340.0;text;;[];False;False;30aac53f3af5e900;[];REUNI KAPAN YA KITA
1232;73;11-50;2662374.0;text;;[];False;False;39683391a05b383b;[];jangan bilang siapa siapa... ya
1233;73;11-50;2662383.0;text;;[];False;False;39683391a05b383b;[];si itu udah putus katanya
1234;73;1-10;2662423.0;text;;[];False;False;30aac53f3af5e900;[];YWD
1235;74;11-50;2665494.0;text;;[];True;False;39683391a05b383b;[];wifi password nya... apa... sih?...
1236;74;1-10;2665731.0;text;;[];False;False;46afdfb452960a5e;[];woi
1237;75;1-10;2673492.0;text;;[];False;False;a59f9b9a2851ddd2;[];done
1238;75;11-50;2673501.0;text;;[];False;False;a59f9b9a2851ddd2;[];warteg depan kampus enak
1239;75;1-10;2675151.0;text;;[];False;False;46afdfb452960a5e;[];bole
1240;75;11-50;2675156.0;text;;[];False;False;46afdfb452960a5e;[];tugas kelompok bikin pusing
1241;76;11-50;2735674.0;text;;[];True;False;30aac53f3af5e900;[];NTAR MALEM NGAPAIN?
1242;76;1-10;2737062.0;text;;[];False;False;30aac53f3af5e900;[];HMM
1243;76;1-10;2737328.0;text;;[];True;False;30aac53f3af5e900;[];BENER?
1244;76;11-50;2737381.0;text;;[];False;False;30aac53f3af5e900;[];DOSEN PEMBIMBING SUSAH DITEMUI
1245;76;1-10;2737444.0;text;;[];False;False;30aac53f3af5e900;[];BOLE
1246;76;11-50;2738841.0;text;;[];False;False;a59f9b9a2851ddd2;[];kelas tambahan hari sabtu sih
1247;76;11-50;2738859.0;text;;[];False;False;30aac53f3af5e900;[];KELAS TAMBAHAN HARI SABTU SIH
1248;77;1-10;2745167.0;image/jpeg;;[];False;False;39683391a05b383b;[];[Foto]
1249;77;1-10;2746151.0;text;;[];False;False;a59f9b9a2851ddd2;[];noted
1250;77;11-50;2746156.0;text;;[];False;False;a59f9b9a2851ddd2;[];adek gw masuk sma tahun ni
1251;77;1-10;2746227.0;text;;['😂'];False;False;edab10a0f2ace5d1;[];anjay
1252;77;1-10;2746238.0;text;;['🤣'];False;False;e08d7809e954ff49;[];yess
1253;78;0;2752702.0;sticker/webp;;[];False;False;46afdfb452960a5e;[];[Stiker]
1254;78;1-10;2752719.0;text;;[];False;False;30aac53f3af5e900;[];EMM
1255;78;1-10;2752771.0;text;;[];False;False;46afdfb452960a5e;[];kok
1256;79;0;2756622.0;image/jpeg;;[];False;False;a59f9b9a2851ddd2;[];[Foto]
1257;79;11-50;2756630.0;text;;[];False;False;a59f9b9a2851ddd2;['39683391a05b383b'];presentasi gw amburadul
1258;79;1-10;2756663.0;text;;[];False;False;39683391a05b383b;[];iya
1259;79;11-50;2756665.0;text;;[];False;False;39683391a05b383b;[];lab komputer penuh terus...
1260;79;11-50;2756665.0;text;;[];False;False;39683391a05b383b;[];gw skip kelas hari... ini
1261;79;11-50;2756672.0;text;;[];False;False;39683391a05b383b;[];deadline besok pagi bro
1262;80;11-50;2759027.0;text;;[];True;False;30aac53f3af5e900;[];NILAI KELUAR KAPAN YA?
1263;80;1-10;2759031.0;text;;[];True;False;30aac53f3af5e900;[];IKUT?
1264;80;1-10;2759033.0;text;;[];False;False;30aac53f3af5e900;[];DEH
1265;81;11-50;2831845.0;text;;[];True;False;30aac53f3af5e900;[];ADA SINYAL GA DISITU?
1266;81;1-10;2831856.0;text;;[];False;False;39683391a05b383b;[];zonk
1267;81;1-10;2832066.0;text;;[];True;False;30aac53f3af5e900;[];GITU?
1268;81;0;2832095.0;image/jpeg;;[];False;False;39683391a05b383b;[];[Foto]
1269;81;11-50;2832096.0;text;;[];False;False;30aac53f3af5e900;[];SERIES ITU ENDINGNYA ZONK BGT
1270;81;1-10;2832098.0;text;;[];False;False;30aac53f3af5e900;[];HOKI
1271;81;1-10;2832104.0;text;;[];True;False;30aac53f3af5e900;[];YA?
1272;81;11-50;2832107.0;text;;[];False;False;30aac53f3af5e900;[];BADMINTON YUK SORE INI
1273;81;11-50;2832112.0;text;;[];False;False;30aac53f3af5e900;[];PODCAST YG LU REKOMEN MANA
1274;82;11-50;2836793.0;text/plain;;[];False;False;edab10a0f2ace5d1;[];[text/plain]
1275;82;1-10;2838165.0;text;;[];False;True;e08d7809e954ff49;[];keren!
1276;83;1-10;2849586.0;text;;[];False;False;39683391a05b383b;[];nah
1277;83;1-10;2849659.0;text;;[];False;False;30aac53f3af5e900;[];NIH
1278;84;11-50;2852467.0;text/plain;;[];False;False;edab10a0f2ace5d1;[];[text/plain]
1279;84;1-10;2852505.0;text;;['❤'];False;False;46afdfb452960a5e;[];eh
1280;85;1-10;2858604.0;text;;[];False;False;30aac53f3af5e900;[];HAHA
1281;85;51-100;2858613.0;text;;[];True;False;30aac53f3af5e900;[];EH LU UDAH DAPET INFO JADWAL UJIAN AKHIR SEMESTER BELUM DARI PRODI?
1282;85;1-10;2859514.0;text;;[];False;False;39683391a05b383b;[];yuk
1283;86;11-50;2866655.0;text;;[];False;False;30aac53f3af5e900;[];GW NGGA BISA IKUT MALEM INI
1284;86;1-10;2866743.0;text;;[];False;False;46afdfb452960a5e;[];woi
1285;86;11-50;2866751.0;text;;[];False;False;46afdfb452960a5e;[];rame banget disini cuy,,,
1286;86;0;2866757.0;sticker/webp;;[];False;False;46afdfb452960a5e;[];[Stiker]
1287;86;11-50;2866815.0;text;;['😖'];True;False;e08d7809e954ff49;[];ada yg mau bareng?
1288;86;1-10;2866892.0;text;;[];False;False;e08d7809e954ff49;[];hoo
1289;86;11-50;2866925.0;text;;[];False;False;30aac53f3af5e900;[];GW NGGA BISA IKUT MALEM INI
1290;86;1-10;2866925.0;text;;[];False;False;30aac53f3af5e900;[];OOH
1291;86;11-50;2866935.0;text;;[];False;False;edab10a0f2ace5d1;[];gw nyariiii parkir dulu bentarrrr
1292;86;1-10;2866937.0;text;;['😂'];False;False;edab10a0f2ace5d1;[];dehhhh
1293;86;11-50;2866951.0;text;;[];False;False;edab10a0f2ace5d1;[];gw ngga bisa ikut malemmm ini
1294;86;11-50;2866959.0;text;;[];False;False;edab10a0f2ace5d1;[];gw nyari parkirrrr dulu bentar
1295;86;11-50;2867023.0;text;;[];False;False;46afdfb452960a5e;[];bsk sore,,, ada,,, waktu ga
1296;86;11-50;2867035.0;text;;[];False;False;46afdfb452960a5e;[];bsk sore ada waktu,,, ga
1297;86;0;2867054.0;sticker/webp;;[];False;False;46afdfb452960a5e;[];[Stiker]
1298;86;0;2867066.0;sticker/webp;;[];False;False;46afdfb452960a5e;[];[Stiker]
1299;86;1-10;2867078.0;text;;[];False;False;30aac53f3af5e900;[];WOI
1300;86;11-50;2867079.0;text;;[];False;False;30aac53f3af5e900;[];GW NYARI PARKIR DULU BENTAR
1301;86;11-50;2867086.0;text;;[];False;False;30aac53f3af5e900;[];GW NGGA BISA IKUT MALEM INI
1302;86;11-50;2867120.0;text;;[];False;False;46afdfb452960a5e;[];jangan lupa bawa,,, duit cash
1303;86;1-10;2867131.0;text;;['😂'];False;False;edab10a0f2ace5d1;[];oii
1304;86;51-100;2867146.0;text;;[];False;False;edab10a0f2ace5d1;[];kemarinnnn malemm gw begadang nonton bolaaa sampe subuh terus ketidurannn
1305;86;11-50;2867152.0;text;;[];False;False;edab10a0f2ace5d1;[];gw nyari parkirrr duluuu bentar
1306;86;11-50;2867165.0;text;;[];False;False;edab10a0f2ace5d1;[];ketemuan di mall jamm 3 ya
1307;86;1-10;2867201.0;text;;['😂'];False;False;30aac53f3af5e900;[];AHH
1308;86;0;2867256.0;sticker/webp;;[];False;False;30aac53f3af5e900;[];[Stiker]
1309;86;11-50;2867282.0;text;;[];True;False;edab10a0f2ace5d1;[];wifi password nya apa sih?
1310;86;11-50;2867295.0;text;;[];False;False;30aac53f3af5e900;[];GW NAIK OJOL AJA DEH
1311;86;11-50;2867302.0;text;;['🙄'];False;False;30aac53f3af5e900;[];GW NGGA BISA IKUT MALEM INI
1312;86;0;2867311.0;sticker/webp;;[];False;False;30aac53f3af5e900;[];[Stiker]
1313;86;0;2867312.0;sticker/webp;;[];False;False;30aac53f3af5e900;[];[Stiker]
1314;86;51-100;2867496.0;text;;[];True;False;edab10a0f2ace5d1;[];gimana caranya biarr bisaaaa fokusss belajar tanpa mainnnn hp teruss ya?
1315;86;0;2867514.0;sticker/webp;;[];False;False;edab10a0f2ace5d1;[];[Stiker]
1316;86;0;2867593.0;sticker/webp;;[];False;False;30aac53f3af5e900;[];[Stiker]
1317;86;11-50;2867828.0;text;;[];False;False;30aac53f3af5e900;[];RAME BANGET DISINI CUY
1318;86;11-50;2867835.0;text;;[];False;False;30aac53f3af5e900;['a59f9b9a2851ddd2'];RAME BANGET DISINI CUY
1319;86;11-50;2867878.0;text;;[];False;False;30aac53f3af5e900;[];LU DIMANA SIH LAMA BANGET
1320;86;1-10;2871042.0;text;;[];False;False;a59f9b9a2851ddd2;[];mah
1321;87;1-10;2913962.0;text;;[];False;False;46afdfb452960a5e;[];ayok
1322;87;1-10;2913968.0;text;;[];False;False;39683391a05b383b;[];yep
1323;87;1-10;2915340.0;text;;[];False;False;30aac53f3af5e900;[];GASS
1324;87;11-50;2915344.0;text;;[];False;False;39683391a05b383b;[];tadi gw makan... nasi padang
1325;87;11-50;2915409.0;text;;[];True;False;30aac53f3af5e900;[];ITU BENERAN APA HOAX?
1326;87;1-10;2915430.0;text;;[];False;False;39683391a05b383b;[];cuy
1327;87;11-50;2915433.0;text;;[];True;False;30aac53f3af5e900;[];BAWA MOTOR APA NAIK APA?
1328;87;11-50;2915435.0;text;;[];True;False;30aac53f3af5e900;[];BAYAR BERAPA SIH TADI?
1329;87;1-10;2915444.0;text;;[];False;False;39683391a05b383b;[];sip
1330;87;11-50;2915444.0;text;;[];False;False;39683391a05b383b;[];gw mau pesen gofood dulu
1331;87;1-10;2915449.0;text;;[];False;False;30aac53f3af5e900;[];NGAB
1332;87;11-50;2915451.0;text;;[];False;False;39683391a05b383b;[];sarapan dulu baru mikir
1333;87;11-50;2915586.0;text;;[];False;False;edab10a0f2ace5d1;['39683391a05b383b'];tadi gw makan nasi padang
1334;87;1-10;2915616.0;text;;['😂'];False;False;30aac53f3af5e900;[];SIP
1335;88;0;2942939.0;image/jpeg;;[];False;False;39683391a05b383b;[];[Foto]
1336;88;11-50;2942952.0;text;;[];True;False;30aac53f3af5e900;[];KOS LU DIMANA SIH TEPATNYA?
1337;88;11-50;2942955.0;text;;[];False;False;30aac53f3af5e900;[];REUNI KAPAN YA KITA
1338;88;11-50;2942962.0;text;;[];False;False;39683391a05b383b;[];jangan bilang siapa siapa ya
1339;88;1-10;2942963.0;text;;[];False;False;39683391a05b383b;[];setuju
1340;88;11-50;2942972.0;text;;[];False;False;39683391a05b383b;[];diem diem ternyata jadian
1341;89;11-50;2947391.0;text;;[];False;False;30aac53f3af5e900;[];SERIES ITU ENDINGNYA ZONK BGT
1342;89;1-10;2947417.0;text;;[];False;False;a59f9b9a2851ddd2;[];btw
1343;89;1-10;2947663.0;text;;[];False;False;30aac53f3af5e900;[];BETE
1344;90;11-50;2950404.0;text;;[];True;False;30aac53f3af5e900;[];UDAH SAMPE BELOM?
1345;90;1-10;2950488.0;text;;[];False;False;e08d7809e954ff49;[];ngab
1346;91;11-50;2951744.0;text;;[];True;False;e08d7809e954ff49;[];gw harus bawa apa aja?
1347;91;11-50;2951753.0;text;;[];False;False;e08d7809e954ff49;[];bentar ya gw lg di jalan
1348;91;11-50;2951756.0;text;;[];False;False;30aac53f3af5e900;[];LU TIM MANA DUKUNGNYA
1349;91;1-10;2951764.0;text;;[];False;False;30aac53f3af5e900;[];OKEY
1350;91;1-10;2951764.0;text;;['😂'];False;False;30aac53f3af5e900;[];SIAPP
1351;91;51-100;2952276.0;text;;['😪'];False;True;e08d7809e954ff49;['dd9a90a3d295de32'];gw bangga banget sama kalian semua yang udah lulus semester ini!
1352;91;1-10;2952327.0;text;;[];False;False;e08d7809e954ff49;[];eh
1353;91;1-10;2952332.0;text;;[];False;False;e08d7809e954ff49;[];eh
1354;92;11-50;2995246.0;text;;[];False;False;30aac53f3af5e900;[];TUGAS KELOMPOK BIKIN PUSING
1355;92;11-50;2995381.0;text;;[];False;False;39683391a05b383b;[];lu udah makan belum...
1356;92;1-10;2995384.0;text;;[];False;False;39683391a05b383b;[];tuh
1357;93;11-50;2996618.0;text;;[];True;False;39683391a05b383b;[];ada yang punya... catetan?...
1358;93;11-50;2996635.0;text;;[];False;False;30aac53f3af5e900;[];GW LAPER BANGET NIH
1359;93;11-50;2996642.0;text;;[];False;False;30aac53f3af5e900;[];GW MAU AMBIL CUTI SEMESTER
1360;93;11-50;2996661.0;text;;[];False;False;39683391a05b383b;[];mie ayam pak kumis juara sih
1361;93;11-50;2996673.0;text;;[];False;False;39683391a05b383b;[];gw laper banget nih
1362;93;1-10;2996770.0;text;;[];False;False;30aac53f3af5e900;[];ASLI
1363;93;1-10;2996778.0;text;;[];False;False;30aac53f3af5e900;[];BOLE
1364;93;11-50;2996813.0;text;;[];False;False;30aac53f3af5e900;[];WARTEG DEPAN KAMPUS ENAK
1365;93;11-50;2996908.0;text;;[];False;False;39683391a05b383b;[];mie ayam pak kumis juara sih
1366;93;1-10;2996911.0;text;;[];False;False;39683391a05b383b;[];bole
1367;93;11-50;2996920.0;text;;[];False;False;39683391a05b383b;[];seminar tadi lama banget
1368;93;11-50;2996930.0;text;;[];False;False;a59f9b9a2851ddd2;[];tugas kelompok bikin pusing
1369;93;1-10;2997014.0;text;;[];False;False;a59f9b9a2851ddd2;[];hmm
1370;93;1-10;2997233.0;text;;['🙏🏻'];False;False;30aac53f3af5e900;[];AMAN
1371;93;11-50;2997234.0;text;;[];False;False;30aac53f3af5e900;[];GW BARU AJA DARI KAMPUS
1372;93;11-50;2997271.0;text;;[];False;False;a59f9b9a2851ddd2;[];tugas kelompok bikin pusing
1373;93;11-50;2997274.0;text;;[];False;False;a59f9b9a2851ddd2;[];sidang minggu depan doain ya
1374;93;11-50;2997286.0;text;;[];False;False;39683391a05b383b;[];proposal skripsi gw ditolak
1375;93;11-50;2997295.0;text;;[];False;False;30aac53f3af5e900;[];DOSEN PEMBIMBING SUSAH DITEMUI
1376;93;11-50;2997301.0;text;;[];True;False;a59f9b9a2851ddd2;[];gmn kabar lu skrg?
1377;93;11-50;2997305.0;text;;[];False;False;30aac53f3af5e900;[];LU UDAH MAKAN BELUM
1378;93;11-50;2997311.0;text;;[];False;False;a59f9b9a2851ddd2;[];warteg depan kampus enak
1379;93;1-10;2997313.0;text;1378.0;['😂'];False;False;30aac53f3af5e900;[];ASLI
1380;93;11-50;2997318.0;text;;['☹'];False;False;30aac53f3af5e900;[];GW LAPER BANGET NIH
1381;93;0;2997321.0;sticker/webp;;[];False;False;30aac53f3af5e900;[];[Stiker]
1382;93;1-10;2997327.0;text;;[];False;False;a59f9b9a2851ddd2;[];sabi
1383;93;0;2997327.0;sticker/webp;;[];False;False;30aac53f3af5e900;[];[Stiker]
1384;93;11-50;2997438.0;text;;[];False;False;39683391a05b383b;[];proposal skripsi gw ditolak...
1385;93;11-50;2997461.0;text;;[];False;False;39683391a05b383b;[];gw mau ambil cuti semester
1386;93;1-10;2997893.0;text;;[];False;False;a59f9b9a2851ddd2;[];tuh
1387;93;11-50;2998124.0;text;;[];False;False;30aac53f3af5e900;[];TUGAS KELOMPOK BIKIN PUSING
1388;94;11-50;3000474.0;text;;[];True;False;30aac53f3af5e900;[];BAYAR BERAPA SIH TADI?
1389;94;1-10;3000597.0;text;;[];False;False;30aac53f3af5e900;[];FIX
1390;94;11-50;3000908.0;text;;[];False;False;30aac53f3af5e900;[];PORSI MAKAN GW NAMBAH TERUS
1391;94;11-50;3000912.0;text;;[];False;False;30aac53f3af5e900;[];TADI GW MAKAN NASI PADANG
1392;94;11-50;3000925.0;text;;[];False;False;30aac53f3af5e900;[];NONGKRONG YUK DI KAFE BIASA
1393;95;11-50;3010527.0;text;;[];False;False;30aac53f3af5e900;[];TADI ABSEN GA SIH KAMU
1394;95;51-100;3010567.0;text;;[];False;False;30aac53f3af5e900;['39683391a05b383b'];EH BESOK KITA JADI KETEMUAN DI KAFE DEKET STASIUN KAN YA JAM 2 SIANG
1395;95;11-50;3011168.0;text;;[];False;False;39683391a05b383b;[];deadline besok pagi bro
1396;95;11-50;3011174.0;text;;[];False;False;39683391a05b383b;[];IPK gw turun semester ini
1397;96;11-50;3028121.0;text;;[];True;False;30aac53f3af5e900;[];TADI NGOMONG APA SIH DOSENNYA?
1398;96;11-50;3028564.0;text;;[];False;False;30aac53f3af5e900;[];GW LAGI BACA NOVEL BARU NIH
1399;96;11-50;3028572.0;text;;[];False;False;30aac53f3af5e900;[];ALBUM BARU DIA ENAK BANGET
1400;96;1-10;3028757.0;text;;[];False;False;a59f9b9a2851ddd2;[];fyi
1401;97;11-50;3042483.0;text;;[];False;False;30aac53f3af5e900;[];NYOKAP NANYA KAPAN LULUS
1402;97;11-50;3042499.0;text;;[];False;False;30aac53f3af5e900;[];DUIT BULANAN BELUM DIKIRIM
1403;97;11-50;3042518.0;text;;[];False;False;30aac53f3af5e900;[];KELUARGA NGUMPUL LEBARAN NANTI
1404;97;1-10;3042522.0;text;;[];False;False;30aac53f3af5e900;[];HAYUK
1405;97;1-10;3042523.0;text;;[];False;False;30aac53f3af5e900;[];YESS
1406;97;0;3042560.0;sticker/webp;;[];False;False;30aac53f3af5e900;[];[Stiker]
1407;97;0;3042585.0;sticker/webp;;[];False;False;46afdfb452960a5e;[];[Stiker]
1408;97;0;3042595.0;sticker/webp;;[];False;False;46afdfb452960a5e;[];[Stiker]
1409;97;0;3042611.0;sticker/webp;;[];False;False;46afdfb452960a5e;[];[Stiker]
1410;97;0;3042616.0;sticker/webp;;[];False;False;30aac53f3af5e900;[];[Stiker]
1411;97;0;3042732.0;sticker/webp;;[];False;False;46afdfb452960a5e;[];[Stiker]
1412;97;1-10;3043698.0;text;;[];False;False;39683391a05b383b;[];nice
1413;97;1-10;3043699.0;text;;[];False;False;39683391a05b383b;[];yess
1414;97;1-10;3043704.0;text;;[];False;False;39683391a05b383b;[];pasti
1415;97;1-10;3043708.0;text;;['😂'];False;False;39683391a05b383b;[];gitu
1416;97;11-50;3043709.0;text;;[];False;False;39683391a05b383b;[];mama minta gw... pulang weekend
1417;97;0;3043726.0;sticker/webp;;[];False;False;46afdfb452960a5e;[];[Stiker]
1418;97;11-50;3043748.0;text;;[];False;False;30aac53f3af5e900;[];PLAYLIST LO YANG MANA SIH
1419;97;11-50;3043758.0;text;;[];False;False;30aac53f3af5e900;[];ADEK GW MASUK SMA TAHUN INI
1420;97;1-10;3044017.0;text;;['😂'];False;False;39683391a05b383b;[];gitu
1421;97;11-50;3044032.0;text;;[];False;False;39683391a05b383b;[];duit bulanan belum dikirim
1422;97;1-10;3044616.0;text;;[];False;False;a59f9b9a2851ddd2;[];noted
1423;97;11-50;3044623.0;text;;[];False;False;a59f9b9a2851ddd2;[];playlist lo yg mana sih
1424;97;1-10;3044874.0;text;;['😂'];False;False;30aac53f3af5e900;[];GILA
1425;97;0;3045110.0;sticker/webp;;[];False;False;46afdfb452960a5e;[];[Stiker]
1426;97;0;3046739.0;sticker/webp;;[];False;False;30aac53f3af5e900;[];[Stiker]
1427;98;11-50;3049424.0;text;;['💪'];False;False;30aac53f3af5e900;[];MIE AYAM PAK KUMIS JUARA SIH
1428;98;1-10;3049832.0;text;;['💪'];False;False;a59f9b9a2851ddd2;[];bet
1429;98;11-50;3050007.0;text;;[];False;False;edab10a0f2ace5d1;[];mieee ayam pak kumis juaraaa sih
1430;98;11-50;3050018.0;text;;['😘', '💩', '🍀'];False;False;edab10a0f2ace5d1;[];gw baru ajaaa dari kampussss
1431;98;11-50;3050030.0;text;;[];False;False;a59f9b9a2851ddd2;[];lu udah makan blm
1432;98;1-10;3050073.0;text;;['😂'];False;False;edab10a0f2ace5d1;[];asli
1433;98;11-50;3050073.0;text;;[];False;False;edab10a0f2ace5d1;[];kelass tambahan hari sabtu sih
1434;98;1-10;3050081.0;text;;[];False;False;a59f9b9a2851ddd2;[];gaje
1435;98;11-50;3050086.0;text;;[];False;False;a59f9b9a2851ddd2;[];gw laper bgt nih
1436;98;11-50;3050090.0;text;;[];False;False;a59f9b9a2851ddd2;[];gw baru aja dr kampus
1437;98;1-10;3050123.0;text;;['😂'];False;False;edab10a0f2ace5d1;[];done
1438;98;1-10;3050125.0;text;;['😂'];False;False;edab10a0f2ace5d1;[];nihh
1439;98;11-50;3050126.0;text;;[];False;False;edab10a0f2ace5d1;[];seminar tadi lama banget
1440;98;1-10;3050127.0;text;;['😂'];False;False;edab10a0f2ace5d1;[];aman
1441;98;1-10;3050129.0;text;;['😂'];False;False;edab10a0f2ace5d1;[];doneee
1442;98;1-10;3050141.0;text;;['😂'];False;False;46afdfb452960a5e;[];bet
1443;98;11-50;3050144.0;text;;[];False;False;46afdfb452960a5e;[];mie ayam pak kumis,,, juara sih
1444;98;0;3050151.0;sticker/webp;;[];False;False;46afdfb452960a5e;[];[Stiker]
1445;98;1-10;3050160.0;text;;['😂'];False;False;a59f9b9a2851ddd2;[];sabi
1446;98;0;3050238.0;sticker/webp;;[];False;False;30aac53f3af5e900;[];[Stiker]
1447;98;1-10;3050325.0;text;1446.0;['❤'];False;False;46afdfb452960a5e;[];hmm
1448;98;0;3050335.0;sticker/webp;;[];False;False;46afdfb452960a5e;[];[Stiker]
1449;98;0;3050600.0;sticker/webp;;[];False;False;30aac53f3af5e900;[];[Stiker]
1450;98;11-50;3050611.0;text;1449.0;[];False;False;a59f9b9a2851ddd2;[];gw baru aja dr kampus
1451;98;11-50;3050622.0;text;;[];False;False;a59f9b9a2851ddd2;[];mie ayam pak kumis juara sih
1452;98;11-50;3050631.0;text;;[];False;False;30aac53f3af5e900;[];LU UDAH MAKAN BELUM
1453;99;11-50;3075234.0;text;;[];False;False;39683391a05b383b;[];porsi makan gw nambah... terus
1454;99;11-50;3075245.0;text;;[];False;False;39683391a05b383b;[];kopi susu yg biasa... ya
1455;100;0;3125314.0;image/jpeg;;[];False;False;a59f9b9a2851ddd2;[];[Foto]
1456;100;11-50;3125324.0;text;;[];False;False;a59f9b9a2851ddd2;[];gw nyari parkir dulu bentar
1457;100;1-10;3125330.0;text;;[];False;False;a59f9b9a2851ddd2;[];mah
1458;101;11-50;3126467.0;text;;[];True;False;a59f9b9a2851ddd2;[];tugas dikumpul kapan sih?
1459;101;1-10;3126672.0;text;;[];False;False;a59f9b9a2851ddd2;[];yoi
1460;101;1-10;3127431.0;text;;['😂'];False;False;edab10a0f2ace5d1;[];oke
1461;101;1-10;3127438.0;text;;['😂'];False;False;edab10a0f2ace5d1;[];ok
1462;101;11-50;3127655.0;text;;[];False;False;30aac53f3af5e900;[];DOSEN GW GALAK BANGET SIH
1463;102;11-50;3130762.0;text;;[];False;False;46afdfb452960a5e;[];wifi kampus lemot,,, parah,,,
1464;102;11-50;3132159.0;text;;[];False;False;30aac53f3af5e900;['a59f9b9a2851ddd2'];NTAR GW KABARIN LAGI DEH
1465;102;1-10;3134067.0;text;;[];False;False;39683391a05b383b;[];gassss
1466;102;11-50;3134076.0;text;;[];False;False;39683391a05b383b;[];gw lagi di atm sebentar
1467;103;11-50;3134793.0;text;;[];False;False;39683391a05b383b;[];sidang minggu depan doain ya
1468;103;11-50;3134800.0;text;;[];False;False;39683391a05b383b;[];proposal skripsi gw ditolak
1469;103;11-50;3134811.0;text;;[];True;False;39683391a05b383b;[];gimana kabar lu sekarang?
1470;103;1-10;3134816.0;text;;[];False;False;46afdfb452960a5e;[];hmm
1471;103;0;3134825.0;image/jpeg;;[];False;False;39683391a05b383b;[];[Foto]
1472;103;1-10;3134841.0;text;;[];False;False;edab10a0f2ace5d1;[];nih
1473;103;1-10;3134844.0;text;;[];False;False;30aac53f3af5e900;[];TUH
1474;103;1-10;3134853.0;text;;[];False;False;39683391a05b383b;[];nah
1475;103;11-50;3134864.0;text;1471.0;[];False;False;46afdfb452960a5e;[];seminar tadi lama banget,,,
1476;103;11-50;3134870.0;text;;[];False;False;46afdfb452960a5e;[];gw mau ambil cuti semester
1477;103;11-50;3134876.0;text;;[];False;False;39683391a05b383b;[];proposal skripsi gw ditolak
1478;103;11-50;3134908.0;text;;[];True;False;30aac53f3af5e900;[];ADA YANG PUNYA CATETAN?
1479;103;1-10;3134912.0;text;;[];False;False;46afdfb452960a5e;[];hmm
1480;103;11-50;3134913.0;text;;[];True;False;30aac53f3af5e900;[];GIMANA KABAR LU SEKARANG?
1481;103;11-50;3134921.0;text;;[];False;False;30aac53f3af5e900;[];KELAS TAMBAHAN HARI SABTU SIH
1482;103;11-50;3134926.0;text;;[];False;False;46afdfb452960a5e;[];lu udah makan,,, belum
1483;103;11-50;3134944.0;text;;[];False;False;30aac53f3af5e900;[];WARTEG DEPAN KAMPUS ENAK
1484;103;1-10;3134956.0;text;;[];False;False;46afdfb452960a5e;[];hmm
1485;103;1-10;3134961.0;text;;[];False;False;39683391a05b383b;[];sabi
1486;103;11-50;3134965.0;text;;[];False;False;46afdfb452960a5e;[];warteg depan,,, kampus enak
1487;103;11-50;3134975.0;text;;[];False;False;39683391a05b383b;[];seminar tadi lama banget...
1488;103;11-50;3134993.0;text;;[];False;False;39683391a05b383b;[];sidang minggu depan... doain ya
1489;103;1-10;3134994.0;text;;[];False;False;46afdfb452960a5e;[];bet
1490;103;11-50;3134996.0;text;;[];False;False;39683391a05b383b;[];gw laper banget nih
1491;103;1-10;3134999.0;text;;[];False;False;46afdfb452960a5e;[];bet
1492;103;11-50;3135009.0;text;;[];False;False;30aac53f3af5e900;[];WARTEG DEPAN KAMPUS ENAK
1493;103;0;3135012.0;image/jpeg;;[];False;False;39683391a05b383b;[];[Foto]
1494;103;11-50;3135016.0;image/jpeg;;[];False;False;46afdfb452960a5e;[];[Foto]
1495;103;1-10;3135030.0;text;;[];False;False;39683391a05b383b;[];gpp
1496;103;11-50;3135039.0;text;;[];True;False;46afdfb452960a5e;[];ada yang punya catetan?
1497;103;11-50;3135052.0;text;;[];True;False;46afdfb452960a5e;[];boleh gw,,, ikut ga?
1498;103;1-10;3135095.0;text;;[];False;False;30aac53f3af5e900;[];BOLE
1499;103;11-50;3135096.0;text;;[];False;False;39683391a05b383b;[];mie ayam pak kumis juara sih
1500;103;1-10;3135098.0;text;;[];False;False;30aac53f3af5e900;[];SABI
1501;104;51-100;3169257.0;text;;[];True;False;30aac53f3af5e900;[];GIMANA CARANYA BIAR BISA FOKUS BELAJAR TANPA MAIN HP TERUS YA?
1502;104;11-50;3169265.0;text;;[];False;False;30aac53f3af5e900;[];JANGAN LUPA BAWA DUIT CASH
1503;104;11-50;3169315.0;text;;['😌'];False;False;30aac53f3af5e900;[];GW NAIK OJOL AJA DEH
1504;105;11-50;3172733.0;text;;['😌'];False;False;30aac53f3af5e900;[];FILM BARU DI BIOSKOP BAGUS GA
1505;105;11-50;3173494.0;text;;[];False;False;46afdfb452960a5e;[];bokap gw lagi di luar kota
1506;105;1-10;3173511.0;text;;[];False;False;30aac53f3af5e900;[];GINI
1507;105;1-10;3173574.0;text;;[];False;False;a59f9b9a2851ddd2;[];noted
1508;105;11-50;3173578.0;text;;[];False;False;a59f9b9a2851ddd2;[];bokap gw lg di luar kota
1509;105;1-10;3173598.0;text;;['😌'];False;False;30aac53f3af5e900;[];MAGER
1510;106;11-50;3176779.0;text;;[];False;False;39683391a05b383b;[];diem diem ternyata jadian
1511;106;11-50;3176786.0;text;;[];False;False;39683391a05b383b;[];eh denger gosip belum
1512;107;11-50;3285206.0;text;;[];True;False;30aac53f3af5e900;[];ITU BENERAN APA HOAX?
1513;107;11-50;3285210.0;text;;[];False;False;30aac53f3af5e900;[];MASAK SENDIRI LEBIH HEMAT SIH
1514;107;1-10;3285213.0;text;;['😌'];False;False;30aac53f3af5e900;[];LOL
1515;107;11-50;3285419.0;text;;[];False;False;a59f9b9a2851ddd2;[];nongkrong yuk di kafe biasa
1516;108;11-50;3302783.0;text;;[];True;False;30aac53f3af5e900;[];LU LAGI NGAPAIN SIH?
1517;108;11-50;3305293.0;application/pdf;;[];False;False;a59f9b9a2851ddd2;[];[Dokumen PDF]
1518;109;1-10;3342071.0;text;;[];True;False;30aac53f3af5e900;[];READY?
1519;109;11-50;3342073.0;text;;[];False;False;30aac53f3af5e900;[];GW BERANTEM SAMA SI ANU
1520;109;11-50;3342090.0;text;;[];True;False;39683391a05b383b;[];kapan terakhir kali... ketemu?
1521;109;1-10;3342104.0;text;;['😂'];False;False;30aac53f3af5e900;[];SETUJU
1522;109;11-50;3342106.0;text;;[];False;False;30aac53f3af5e900;[];JANGAN BILANG SIAPA SIAPA YA
1523;109;11-50;3342107.0;text;;[];False;False;30aac53f3af5e900;[];JANGAN BILANG SIAPA SIAPA YA
1524;109;11-50;3342127.0;text;;[];False;False;39683391a05b383b;[];gw berantem sama si anu
1525;109;1-10;3342137.0;text;;[];False;False;39683391a05b383b;[];dong
1526;109;1-10;3342142.0;text;;[];False;False;39683391a05b383b;[];trus
1527;109;11-50;3342160.0;text;;[];False;False;30aac53f3af5e900;[];SI ITU UDAH PUTUS KATANYA
1528;109;11-50;3342252.0;text;;['💪🏻'];False;False;a59f9b9a2851ddd2;[];jangan bilang siapa siapa ya
1529;109;1-10;3342258.0;text;;['💪'];False;False;30aac53f3af5e900;[];SAMA
1530;109;11-50;3342263.0;text;;[];False;False;30aac53f3af5e900;[];ANGKOT KE SANA MASIH ADA GA
1531;109;11-50;3342268.0;text;;[];False;False;30aac53f3af5e900;[];DIEM DIEM TERNYATA JADIAN
1532;109;11-50;3342269.0;text;;[];False;False;30aac53f3af5e900;[];TEMENIN GW DONG BESOK
1533;109;11-50;3342318.0;text;;[];False;False;30aac53f3af5e900;[];SI ITU UDAH PUTUS KATANYA
1534;109;11-50;3342331.0;text;;[];False;False;30aac53f3af5e900;[];TEMEN GW SAKIT MASUK RS
1535;109;11-50;3342351.0;text;;[];True;False;30aac53f3af5e900;[];JADWAL SIDANG KAPAN BRO?
1536;109;11-50;3342354.0;text;;[];True;False;30aac53f3af5e900;[];KAPAN TERAKHIR KALI KETEMU?
1537;109;1-10;3342517.0;text;;[];False;False;30aac53f3af5e900;[];GABUT
1538;109;11-50;3342520.0;text;;[];True;False;30aac53f3af5e900;[];JADWAL SIDANG KAPAN BRO?
1539;109;1-10;3342834.0;text;;[];False;False;a59f9b9a2851ddd2;[];trus
1540;109;11-50;3342843.0;text;;[];False;False;a59f9b9a2851ddd2;[];pacarnya baru siapa sih
1541;109;11-50;3342854.0;text;;[];False;False;a59f9b9a2851ddd2;[];gw ga percaya sih gosipnya
1542;109;1-10;3342873.0;text;;[];False;False;30aac53f3af5e900;[];YWD
1543;109;0;3342877.0;sticker/webp;;[];False;False;30aac53f3af5e900;[];[Stiker]
1544;109;0;3342879.0;sticker/webp;;[];False;False;30aac53f3af5e900;[];[Stiker]
1545;109;0;3343534.0;sticker/webp;;[];False;False;46afdfb452960a5e;[];[Stiker]
1546;109;1-10;3344964.0;text;;[];False;False;30aac53f3af5e900;[];DONG
1547;109;1-10;3345050.0;text;;[];False;False;a59f9b9a2851ddd2;[];wkwkw
1548;109;1-10;3345056.0;text;;[];False;False;30aac53f3af5e900;[];YWD
1549;109;0;3345712.0;sticker/webp;;[];False;False;46afdfb452960a5e;[];[Stiker]
1550;109;1-10;3345729.0;text;;['😂'];False;False;39683391a05b383b;[];males
1551;109;11-50;3345734.0;text;;[];False;False;39683391a05b383b;[];si itu udah putus katanya
1552;109;1-10;3346028.0;text;;[];False;False;30aac53f3af5e900;[];TRUS
1553;110;1-10;3346716.0;text;;[];False;False;30aac53f3af5e900;[];NGAB
1554;110;1-10;3346939.0;text;;[];False;False;30aac53f3af5e900;[];FIX
1555;110;1-10;3347341.0;text;;[];False;False;a59f9b9a2851ddd2;[];yep
1556;110;1-10;3347352.0;text;;[];False;False;30aac53f3af5e900;[];BRO
1557;110;1-10;3347360.0;text;;[];False;False;a59f9b9a2851ddd2;[];ayok
1558;110;1-10;3347361.0;text;;[];False;False;a59f9b9a2851ddd2;[];cuy
1559;110;51-100;3349783.0;text;;[];True;False;a59f9b9a2851ddd2;[];ad yg tau knp kantin kampus tutup lebih awal hari ni ga sih?
1560;111;0;3352787.0;image/jpeg;;[];False;False;30aac53f3af5e900;[];[Foto]
1561;111;11-50;3352850.0;text;;[];False;False;a59f9b9a2851ddd2;[];pertandingan bola tadi malam gila
1562;111;11-50;3352870.0;text;;[];True;False;a59f9b9a2851ddd2;[];msh bangun ga lu jam segini?
1563;111;11-50;3352893.0;text;;[];False;False;a59f9b9a2851ddd2;[];gym hari ni skip deh
1564;111;11-50;3352894.0;text;;[];False;False;a59f9b9a2851ddd2;[];manga terbaru udah keluar loh
1565;111;51-100;3352933.0;text;;[];True;False;39683391a05b383b;[];kira kira kalo gw... apply magang sekarang masih keburu ga ya?
1566;111;11-50;3352938.0;text;;[];False;False;39683391a05b383b;[];album baru dia... enak banget
1567;111;11-50;3352954.0;text;;[];False;False;39683391a05b383b;[];badminton yuk sore... ini
1568;111;1-10;3353077.0;text;;[];False;False;30aac53f3af5e900;[];BTW
1569;111;11-50;3353099.0;text;;[];False;False;39683391a05b383b;[];album baru dia enak banget
1570;111;11-50;3353116.0;text;;[];False;False;39683391a05b383b;[];badminton yuk sore... ini
1571;111;1-10;3353147.0;image/jpeg;;[];False;False;a59f9b9a2851ddd2;[];[Foto]
1572;111;1-10;3353226.0;text;;[];False;False;30aac53f3af5e900;[];SANS
1573;111;11-50;3353243.0;text;;[];False;False;39683391a05b383b;[];badminton yuk sore ini
1574;111;11-50;3353714.0;text;;[];False;False;a59f9b9a2851ddd2;[];badminton yuk sore ni
1575;111;1-10;3353726.0;text;;[];False;False;a59f9b9a2851ddd2;[];njir
1576;111;0;3353741.0;image/jpeg;;[];False;False;a59f9b9a2851ddd2;[];[Foto]
1577;111;0;3353745.0;image/jpeg;;[];False;False;a59f9b9a2851ddd2;[];[Foto]
1578;111;0;3353748.0;image/jpeg;;[];False;False;a59f9b9a2851ddd2;[];[Foto]
1579;111;0;3353890.0;image/jpeg;;[];False;False;39683391a05b383b;[];[Foto]
1580;111;11-50;3353899.0;text;;[];False;False;39683391a05b383b;[];podcast yg lu rekomen mana
1581;111;51-100;3354038.0;text;;[];False;False;39683391a05b383b;[];gw gagal diet lagi soalnya tadi sore diajak... makan bakso sama temen
1582;111;1-10;3354043.0;text;;[];False;False;39683391a05b383b;[];dih
1583;111;51-100;3354176.0;text;;[];False;False;39683391a05b383b;[];gw gagal diet lagi... soalnya tadi sore diajak makan bakso sama temen
1584;111;1-10;3355606.0;text;;[];False;False;30aac53f3af5e900;[];ZONK
1585;111;1-10;3355636.0;text;;[];False;False;a59f9b9a2851ddd2;[];ih
1586;112;11-50;3361696.0;text;;['😍'];False;False;30aac53f3af5e900;[];KELUARGA NGUMPUL LEBARAN NANTI
1587;112;11-50;3361699.0;text;;['😍'];False;False;30aac53f3af5e900;[];MAMA MINTA GW PULANG WEEKEND
1588;112;11-50;3361735.0;text;;[];False;False;30aac53f3af5e900;[];FILM BARU DI BIOSKOP BAGUS GA
1589;112;11-50;3361738.0;text;;['🤦🏻\u200d♂'];False;False;30aac53f3af5e900;[];PLAYLIST LO YANG MANA SIH
1590;112;11-50;3361807.0;text;;[];False;False;30aac53f3af5e900;[];MAMA MINTA GW PULANG WEEKEND
1591;112;11-50;3361809.0;text;;[];False;False;30aac53f3af5e900;[];MAMA MINTA GW PULANG WEEKEND
1592;112;11-50;3361854.0;text;;[];False;False;30aac53f3af5e900;[];GW BARU AJA KETEMU MANTAN
1593;112;1-10;3361856.0;text;;['😍'];False;False;30aac53f3af5e900;[];GOKS
1594;112;11-50;3362045.0;text;;[];True;False;30aac53f3af5e900;[];SIAPA AJA YG DATENG?
1595;112;11-50;3362139.0;text;;[];False;False;30aac53f3af5e900;[];BOKAP GW LAGI DI LUAR KOTA
1596;112;11-50;3362850.0;text;;[];False;False;39683391a05b383b;[];duit bulanan belum... dikirim
1597;112;11-50;3362854.0;text;;[];False;False;39683391a05b383b;[];gw lagi marathon... drakor nih
1598;112;11-50;3362859.0;text;;[];True;False;39683391a05b383b;[];siapa aja yg dateng?
1599;112;11-50;3362890.0;text;;[];False;False;39683391a05b383b;[];bokap gw lagi di luar kota
1600;112;11-50;3362890.0;text;;[];False;False;39683391a05b383b;[];nyokap nanya kapan lulus
1601;113;0;3364132.0;sticker/webp;;[];False;False;46afdfb452960a5e;[];[Stiker]
1602;113;0;3364137.0;sticker/webp;;[];False;False;46afdfb452960a5e;[];[Stiker]
1603;114;11-50;3366510.0;text;;[];False;False;39683391a05b383b;[];futsal besok jadi ga
1604;114;1-10;3366514.0;text;;[];False;False;39683391a05b383b;[];sans
1605;114;11-50;3366595.0;text;;[];True;False;a59f9b9a2851ddd2;[];booking duluan apa langsung aja?
1606;114;1-10;3366622.0;text;;[];False;False;39683391a05b383b;[];fyi
1607;114;11-50;3366625.0;text;;[];False;False;30aac53f3af5e900;[];GYM HARI INI SKIP DEH
1608;114;1-10;3366652.0;text;;[];False;False;a59f9b9a2851ddd2;[];fyi
1609;114;11-50;3366668.0;text;;[];False;False;a59f9b9a2851ddd2;[];series tu endingnya zonk bgt
1610;114;11-50;3366705.0;text;;[];False;False;a59f9b9a2851ddd2;[];podcast yg lu rekomen mana
1611;114;11-50;3366710.0;text;;[];False;False;30aac53f3af5e900;[];GAME BARU UDAH DOWNLOAD BELUM
1612;114;11-50;3366715.0;text;;[];False;False;39683391a05b383b;[];series itu endingnya zonk bgt...
1613;114;11-50;3366723.0;text;;[];False;False;39683391a05b383b;[];series itu endingnya zonk bgt...
1614;114;11-50;3366725.0;text;;[];False;False;39683391a05b383b;[];badminton yuk sore ini...
1615;114;0;3367532.0;sticker/webp;;[];False;False;46afdfb452960a5e;[];[Stiker]
1616;115;11-50;3388519.0;text;;[];False;False;30aac53f3af5e900;['dd9a90a3d295de32'];REUNI KAPAN YA KITA
1617;115;11-50;3388520.0;text;;[];False;False;30aac53f3af5e900;[];TEMEN GW SAKIT MASUK RS
1618;115;11-50;3388550.0;text;;[];False;False;39683391a05b383b;[];gw kangen temen temen SMA
1619;115;11-50;3388601.0;text;;[];False;False;30aac53f3af5e900;[];EH DENGER GOSIP BELUM
1620;115;1-10;3388615.0;text;;[];True;False;39683391a05b383b;[];boleh?
1621;115;1-10;3388649.0;text;;[];False;False;30aac53f3af5e900;[];SETUJU
1622;115;11-50;3388657.0;text;;[];False;False;30aac53f3af5e900;[];EH DENGER GOSIP BELUM
1623;115;1-10;3388663.0;text;;[];True;False;39683391a05b383b;[];sampe?
1624;115;11-50;3388676.0;text;;[];False;False;39683391a05b383b;[];gw ga percaya sih gosipnya
1625;115;11-50;3388678.0;text;;[];False;False;39683391a05b383b;[];pacarnya baru siapa sih
1626;115;11-50;3388708.0;text;;[];False;False;39683391a05b383b;[];reuni kapan ya kita
1627;115;1-10;3389354.0;text;;[];False;False;30aac53f3af5e900;[];SAMA
1628;115;11-50;3389374.0;text;;[];False;False;30aac53f3af5e900;[];GW GA PERCAYA SIH GOSIPNYA
1629;116;11-50;3428429.0;text;;[];False;False;30aac53f3af5e900;[];DEADLINE BESOK PAGI BRO
1630;116;11-50;3428709.0;text;;[];False;False;a59f9b9a2851ddd2;[];eh tadi kelas seru bgt
1631;117;0;3431633.0;image/jpeg;;[];False;False;39683391a05b383b;[];[Foto]
1632;117;0;3431717.0;sticker/webp;;[];False;False;46afdfb452960a5e;[];[Stiker]
1633;118;11-50;3445523.0;text;;[];True;False;30aac53f3af5e900;[];TUGAS DIKUMPUL KAPAN SIH?
1634;118;11-50;3446704.0;text;;[];False;False;a59f9b9a2851ddd2;[];gw skip kelas hari ni
1635;118;11-50;3446708.0;text;;[];False;False;a59f9b9a2851ddd2;[];gw skip kelas hari ni
1636;118;11-50;3446717.0;text;;[];False;False;a59f9b9a2851ddd2;[];deadline besok pagi bro
1637;118;11-50;3446734.0;text;;[];False;False;a59f9b9a2851ddd2;[];presentasi gw amburadul
1638;118;1-10;3446918.0;text;;[];False;False;30aac53f3af5e900;[];SIAP
1639;118;11-50;3446935.0;text;;[];False;False;30aac53f3af5e900;[];DOSEN GW GALAK BANGET SIH
1640;118;11-50;3447051.0;text;;[];True;False;a59f9b9a2851ddd2;[];tugas dikumpul kapan sih?
1641;118;1-10;3447063.0;text;;[];False;False;a59f9b9a2851ddd2;[];oke
1642;118;11-50;3447066.0;text;;[];False;False;a59f9b9a2851ddd2;[];deadline besok pagi bro
1643;118;1-10;3447288.0;text;;[];False;False;30aac53f3af5e900;[];HEHE
1644;118;1-10;3447293.0;text;;[];False;True;30aac53f3af5e900;[];WAH!
1645;118;11-50;3447344.0;text;;[];False;False;46afdfb452960a5e;[];matkul ini susah banget
1646;118;11-50;3447349.0;text;;[];False;False;46afdfb452960a5e;[];tadi absen ga,,, sih,,, kamu
1647;118;51-100;3447377.0;text;;['🤦🏻\u200d♂'];False;False;30aac53f3af5e900;[];TADI GW KETEMU DOSEN PEMBIMBING DAN DIA MINTA REVISI LAGI UNTUK BAB 3
1648;119;11-50;3449869.0;text;;[];False;False;39683391a05b383b;[];gw mau tidur dulu ya...
1649;119;11-50;3449879.0;text;;[];True;False;39683391a05b383b;[];gw harus bawa apa aja?
1650;120;11-50;3452169.0;text;;['😌'];False;False;30aac53f3af5e900;[];RAME BANGET DISINI CUY
1651;120;11-50;3452292.0;text;;[];True;False;30aac53f3af5e900;[];NILAI KELUAR KAPAN YA?
1652;120;11-50;3452292.0;text;;[];False;False;30aac53f3af5e900;[];GW LAGI DI WARKOP NIH
1653;120;11-50;3452380.0;text;;[];False;False;46afdfb452960a5e;[];kita ketemuan dimana aja,,, deh
1654;120;1-10;3452939.0;text;;[];False;False;a59f9b9a2851ddd2;[];emm
1655;120;1-10;3453143.0;text;;[];False;False;a59f9b9a2851ddd2;[];mah
1656;120;11-50;3453144.0;text;;[];False;False;30aac53f3af5e900;[];GW NGGA BISA IKUT MALEM INI
1657;120;1-10;3453145.0;text;;[];False;False;a59f9b9a2851ddd2;[];kan
1658;120;11-50;3453153.0;text;;[];False;False;a59f9b9a2851ddd2;[];kita ketemuan dmn aja deh
1659;120;11-50;3453167.0;text;;[];False;False;30aac53f3af5e900;[];BSK SORE ADA WAKTU GA
1660;120;11-50;3453184.0;text;;[];False;False;46afdfb452960a5e;[];jangan lupa bawa duit cash
1661;120;11-50;3453334.0;text;;[];False;False;39683391a05b383b;[];bsk sore ada waktu... ga
1662;120;11-50;3453467.0;text;;[];False;False;a59f9b9a2851ddd2;[];gw udah di parkiran nih
1663;120;51-100;3453474.0;text;;[];False;False;a59f9b9a2851ddd2;[];gw lg nyoba masak rendang resep nyokap tp kayaknya gagal total deh
1664;120;11-50;3453482.0;text;;[];False;False;a59f9b9a2851ddd2;[];gw lg di warkop nih
1665;120;11-50;3453496.0;text;;[];False;False;a59f9b9a2851ddd2;[];ketemuan di mall jam 3 ya
1666;120;1-10;3453517.0;text;;[];False;False;39683391a05b383b;[];deh
1667;120;1-10;3453518.0;text;;[];False;False;39683391a05b383b;[];emm
1668;120;1-10;3453518.0;text;;[];False;False;a59f9b9a2851ddd2;[];deh
1669;120;1-10;3453523.0;text;;[];False;False;a59f9b9a2851ddd2;[];mah
1670;120;1-10;3453528.0;text;;[];False;False;39683391a05b383b;[];ooh
1671;120;11-50;3453531.0;text;;[];False;False;a59f9b9a2851ddd2;[];gw udah di parkiran nih
1672;120;1-10;3453535.0;text;;[];False;False;39683391a05b383b;[];ooh
1673;120;1-10;3453544.0;text;;[];False;False;a59f9b9a2851ddd2;[];ooh
1674;120;51-100;3453545.0;text;;[];False;False;a59f9b9a2851ddd2;[];temen sekamar gw pindah kosan jadi skrg gw sendirian di kamar
1675;120;1-10;3453545.0;text;;[];False;False;39683391a05b383b;[];kan
1676;120;1-10;3453550.0;text;;[];False;False;46afdfb452960a5e;[];ooh
1677;120;11-50;3453553.0;text;;[];False;False;46afdfb452960a5e;[];lu dimana sih,,, lama banget
1678;120;11-50;3453554.0;text;;[];False;False;46afdfb452960a5e;[];bsk sore ada waktu ga
1679;120;1-10;3453556.0;text;;[];False;False;39683391a05b383b;[];wah
1680;120;1-10;3453556.0;text;;[];False;False;a59f9b9a2851ddd2;[];mah
1681;120;11-50;3453562.0;text;;[];False;False;a59f9b9a2851ddd2;[];gw udah di parkiran nih
1682;120;1-10;3453572.0;text;;[];False;False;a59f9b9a2851ddd2;[];kan
1683;120;11-50;3453587.0;text;;[];True;False;a59f9b9a2851ddd2;[];nilai keluar kapan ya?
1684;120;11-50;3453602.0;text;;[];False;False;46afdfb452960a5e;[];kita ketemuan dimana aja,,, deh
1685;120;11-50;3453604.0;text;;[];False;False;46afdfb452960a5e;[];bsk sore ada waktu,,, ga
1686;120;11-50;3453626.0;text;;[];True;False;30aac53f3af5e900;[];NILAI KELUAR KAPAN YA?
1687;120;11-50;3453655.0;text;;[];False;False;30aac53f3af5e900;['46afdfb452960a5e'];RAME BANGET DISINI CUY
1688;120;11-50;3453670.0;text;;[];False;False;30aac53f3af5e900;[];GW UDAH DI PARKIRAN NIH
1689;120;11-50;3453676.0;text;;['🤦🏻\u200d♂'];False;False;30aac53f3af5e900;[];MACET PARAH DI JALAN TOL
1690;120;1-10;3453717.0;text;;[];False;False;46afdfb452960a5e;[];kok
1691;120;11-50;3454094.0;text;;[];False;False;30aac53f3af5e900;[];KETEMUAN DI MALL JAM 3 YA
1692;121;1-10;3455737.0;text;;[];False;False;30aac53f3af5e900;[];IYAA
1693;121;11-50;3455738.0;text;;[];True;False;30aac53f3af5e900;[];GW HARUS BAWA APA AJA?
1694;121;11-50;3455773.0;text;;[];True;False;30aac53f3af5e900;['46afdfb452960a5e'];BESOK LIBUR BUKAN SIH?
1695;121;1-10;3455886.0;text;;[];False;False;46afdfb452960a5e;[];hem
1696;121;11-50;3455892.0;text;;[];False;False;46afdfb452960a5e;[];capek banget hari ini asli
1697;121;11-50;3455917.0;text;;[];False;False;30aac53f3af5e900;[];INTERNET MATI LAGI DI KOSAN
1698;121;11-50;3455924.0;text;;[];False;False;30aac53f3af5e900;[];GW LG SIBUK BGT MINGGU INI
1699;121;11-50;3455940.0;text;;[];False;False;30aac53f3af5e900;['46afdfb452960a5e'];BENTAR YA GW LG DI JALAN
1700;121;11-50;3456071.0;text;;[];False;False;30aac53f3af5e900;[];GW MAU TIDUR DULU YA
1701;121;1-10;3456071.0;text;;['😂'];False;False;30aac53f3af5e900;[];HEM
1702;121;11-50;3456076.0;text;;[];False;False;30aac53f3af5e900;[];HP GW LOWBAT NIH
1703;121;1-10;3456174.0;text;;[];True;False;30aac53f3af5e900;[];YG MN?
1704;121;11-50;3456178.0;text;;[];False;False;30aac53f3af5e900;['46afdfb452960a5e'];HP GW LOWBAT NIH
1705;121;11-50;3456183.0;text;;[];False;False;30aac53f3af5e900;[];LU TIM MANA DUKUNGNYA
1706;121;11-50;3456184.0;text;;[];False;False;30aac53f3af5e900;[];LU TIM MANA DUKUNGNYA
1707;121;11-50;3456848.0;text;;[];False;False;30aac53f3af5e900;['46afdfb452960a5e'];WIFI KAMPUS LEMOT PARAH
1708;122;1-10;3459202.0;text;;[];False;False;46afdfb452960a5e;[];yep
1709;122;1-10;3459206.0;text;;[];False;False;46afdfb452960a5e;[];bro
1710;122;11-50;3459211.0;text;;[];False;False;46afdfb452960a5e;[];nongkrong yuk di kafe biasa
1711;122;11-50;3459215.0;text;;[];False;False;46afdfb452960a5e;[];porsi makan gw nambah terus
1712;122;0;3459218.0;sticker/webp;;[];False;False;46afdfb452960a5e;[];[Stiker]
1713;123;11-50;3511854.0;text;;[];True;False;a59f9b9a2851ddd2;[];msh bangun ga lu jam segini?
1714;123;1-10;3511860.0;text;;[];False;False;39683391a05b383b;[];ih
1715;123;11-50;3511879.0;text;;[];False;False;a59f9b9a2851ddd2;[];konser tu mahal bgt tiketnya
1716;123;1-10;3511982.0;text;;[];False;False;a59f9b9a2851ddd2;[];zonk
1717;123;11-50;3511991.0;text;;[];False;False;a59f9b9a2851ddd2;[];konser tu mahal bgt tiketnya
1718;123;11-50;3512326.0;text;;[];True;False;30aac53f3af5e900;[];ADA SINYAL GA DISITU?
1719;123;11-50;3512328.0;text;;[];False;False;30aac53f3af5e900;[];KONSER ITU MAHAL BANGET TIKETNYA
1720;123;1-10;3512437.0;text;;[];False;False;39683391a05b383b;[];kuy
1721;123;11-50;3512448.0;text;;[];False;False;39683391a05b383b;[];futsal besok jadi ga...
1722;123;11-50;3512612.0;text;;[];False;False;30aac53f3af5e900;[];GAME BARU UDAH DOWNLOAD BELUM
1723;123;0;3512618.0;sticker/webp;;[];False;False;30aac53f3af5e900;[];[Stiker]
1724;123;11-50;3512626.0;text;;[];False;False;39683391a05b383b;[];series itu endingnya zonk bgt
1725;123;11-50;3512854.0;text;;[];False;False;39683391a05b383b;[];gw lagi baca novel... baru nih
1726;123;11-50;3512857.0;text;;[];False;False;39683391a05b383b;[];konser itu mahal banget tiketnya...
1727;123;1-10;3512885.0;text;;[];False;False;30aac53f3af5e900;[];IH
1728;123;11-50;3514066.0;text;;[];False;False;39683391a05b383b;[];pertandingan bola tadi malam gila...
1729;123;1-10;3514784.0;text;;[];False;False;a59f9b9a2851ddd2;[];kuy
1730;123;11-50;3514943.0;text;;[];False;False;30aac53f3af5e900;[];BADMINTON YUK SORE INI
1731;123;1-10;3515002.0;text;;[];False;False;a59f9b9a2851ddd2;[];zonk
1732;123;1-10;3515012.0;text;;['👍🏻'];False;False;30aac53f3af5e900;[];BETE
1733;123;11-50;3515015.0;text;;[];False;False;a59f9b9a2851ddd2;[];konser tu mahal bgt tiketnya
1734;123;11-50;3515018.0;text;;[];False;False;a59f9b9a2851ddd2;[];pertandingan bola tadi malam gila
1735;123;11-50;3515023.0;text;;[];False;False;30aac53f3af5e900;[];ALBUM BARU DIA ENAK BANGET
1736;123;1-10;3515024.0;text;;[];False;False;a59f9b9a2851ddd2;[];oot
1737;123;11-50;3515073.0;text;;[];False;False;30aac53f3af5e900;[];FUTSAL BESOK JADI GA
1738;123;0;3515078.0;sticker/webp;;[];False;False;30aac53f3af5e900;[];[Stiker]
1739;123;1-10;3515103.0;text;;[];False;False;a59f9b9a2851ddd2;[];dih
1740;123;11-50;3515342.0;text;;[];False;False;39683391a05b383b;[];podcast yg lu rekomen mana
1741;123;11-50;3515394.0;text;;[];False;False;39683391a05b383b;[];game baru udah download belum
1742;123;11-50;3515395.0;text;;[];False;False;30aac53f3af5e900;[];KONSER ITU MAHAL BANGET TIKETNYA
1743;123;51-100;3515407.0;text;;[];False;False;39683391a05b383b;[];gw baru dapet info beasiswa buat semester depan mau coba daftar deh...
1744;123;11-50;3515423.0;text;;[];False;False;39683391a05b383b;[];gw abis lari... pagi... tadi
1745;123;1-10;3515515.0;text;;[];False;False;a59f9b9a2851ddd2;[];fyi
1746;123;1-10;3515515.0;text;;[];False;False;a59f9b9a2851ddd2;[];fyi
1747;123;1-10;3515519.0;text;;[];False;False;a59f9b9a2851ddd2;[];dih
1748;123;0;3515658.0;image/jpeg;;[];False;False;a59f9b9a2851ddd2;[];[Foto]
1749;123;1-10;3515670.0;text;;[];True;False;a59f9b9a2851ddd2;[];gmana?
1750;123;11-50;3515895.0;text;;[];False;False;39683391a05b383b;[];game baru udah download... belum
1751;123;11-50;3516149.0;text;;[];False;False;30aac53f3af5e900;['a59f9b9a2851ddd2'];GW ABIS LARI PAGI TADI
1752;123;1-10;3516161.0;text;;[];False;False;a59f9b9a2851ddd2;[];fyi
1753;123;1-10;3516194.0;text;;[];False;False;30aac53f3af5e900;[];NJIR
1754;124;11-50;3599152.0;text;;[];False;False;30aac53f3af5e900;[];GW NAIK OJOL AJA DEH
1755;124;1-10;3599156.0;text;;[];False;False;30aac53f3af5e900;[];MAH
1756;124;1-10;3599156.0;text;;[];False;False;30aac53f3af5e900;[];HOO
1757;124;1-10;3599344.0;text;;[];False;False;a59f9b9a2851ddd2;[];deh
1758;124;1-10;3599392.0;text;;[];False;False;a59f9b9a2851ddd2;[];ooh
1759;124;11-50;3599540.0;text;;[];True;False;a59f9b9a2851ddd2;[];wifi password nya apa sih?
1760;124;1-10;3599547.0;text;;[];False;False;30aac53f3af5e900;[];YAA
1761;125;11-50;3602039.0;text;;[];False;False;39683391a05b383b;[];bakso malang itu buka ga ya
1762;125;11-50;3602042.0;text;;[];False;False;39683391a05b383b;[];indomie telor udah cukup kok...
1763;125;11-50;3602219.0;text;;[];False;False;30aac53f3af5e900;[];KOPI SUSU YG BIASA YA
1764;125;11-50;3602228.0;text;;[];False;False;30aac53f3af5e900;[];GW LAGI DIET TAPI GAGAL MULU
1765;125;11-50;3602291.0;text;;[];False;False;a59f9b9a2851ddd2;[];tadi gw makan nasi padang
1766;125;11-50;3602304.0;text;;[];False;False;39683391a05b383b;[];porsi makan gw nambah terus
1767;125;1-10;3603010.0;text;;[];False;False;a59f9b9a2851ddd2;[];woy
1768;125;51-100;3603011.0;text;1766.0;[];False;False;a59f9b9a2851ddd2;[];weekend ni gw mau staycation aja di kosan binge watching series baru
1769;126;1-10;3610047.0;text;;[];False;False;30aac53f3af5e900;[];MAGER
1770;126;11-50;3610225.0;text;;[];False;False;30aac53f3af5e900;[];DUIT BULANAN BELUM DIKIRIM
1771;127;11-50;3619745.0;text;;[];False;False;39683391a05b383b;[];lab komputer penuh terus
1772;127;11-50;3620045.0;text;;[];False;False;39683391a05b383b;[];deadline besok pagi bro
1773;127;11-50;3620051.0;text;;[];False;False;39683391a05b383b;[];IPK gw turun semester ini
1774;127;11-50;3620065.0;text;;[];False;False;39683391a05b383b;[];IPK gw turun semester ini
1775;127;1-10;3620210.0;text;;['😂'];False;False;edab10a0f2ace5d1;[];yukkk
1776;127;11-50;3620236.0;text;;[];True;False;39683391a05b383b;[];siapa yang mau ikut?
1777;127;1-10;3620239.0;text;;[];False;False;a59f9b9a2851ddd2;[];yuk
1778;127;11-50;3620244.0;text;;[];False;False;39683391a05b383b;[];gw lg ngerjain tugas nih
1779;127;11-50;3620245.0;text;;[];False;False;a59f9b9a2851ddd2;[];tadi absen ga sih km
1780;127;11-50;3620254.0;text;;[];False;False;a59f9b9a2851ddd2;[];ipk gw turun semester ni
1781;127;1-10;3620262.0;text;;[];False;False;39683391a05b383b;[];haha
1782;127;11-50;3620271.0;text;;[];False;False;39683391a05b383b;[];IPK gw turun semester ini
1783;127;11-50;3620284.0;text;;[];False;False;39683391a05b383b;[];gw belom mulai tugas
1784;127;1-10;3620303.0;text;;['😂'];False;False;39683391a05b383b;[];ok
1785;127;1-10;3620304.0;text;;[];False;False;a59f9b9a2851ddd2;[];yoi
1786;127;1-10;3620417.0;text;;['😂'];False;False;30aac53f3af5e900;[];OKE
1787;127;11-50;3620429.0;text;;[];False;False;30aac53f3af5e900;[];PRESENTASI GW AMBURADUL
1788;127;11-50;3620678.0;text;;[];False;False;46afdfb452960a5e;[];gw skip kelas hari ini
1789;127;1-10;3620683.0;text;;[];False;False;46afdfb452960a5e;[];haha
1790;127;11-50;3620700.0;text;;[];False;False;30aac53f3af5e900;[];IPK GW TURUN SEMESTER INI
1791;127;51-100;3620703.0;text;;[];False;False;46afdfb452960a5e;[];eh besok kita jadi ketemuan di kafe deket,,, stasiun kan,,, ya jam 2 siang
1792;127;11-50;3620717.0;text;;[];False;False;46afdfb452960a5e;[];gw belom,,, mulai tugas
1793;127;0;3620724.0;sticker/webp;;[];False;False;30aac53f3af5e900;[];[Stiker]
1794;127;0;3620772.0;sticker/webp;;[];False;False;46afdfb452960a5e;[];[Stiker]
1795;128;1-10;3623755.0;text;;[];False;False;a59f9b9a2851ddd2;[];kan
1796;128;1-10;3624075.0;text;;[];False;False;39683391a05b383b;[];ahh
1797;128;1-10;3624076.0;text;;[];False;False;39683391a05b383b;[];hoo
1798;128;11-50;3624098.0;text;;[];False;False;a59f9b9a2851ddd2;[];lu dmn sih lama bgt
1799;128;11-50;3624129.0;text;;[];False;False;39683391a05b383b;[];gw udah di parkiran... nih
1800;128;1-10;3624144.0;text;;[];False;False;a59f9b9a2851ddd2;[];yaa
1801;128;11-50;3624155.0;text;;[];False;False;39683391a05b383b;[];lu dimana sih lama banget
1802;128;0;3624322.0;image/jpeg;;[];False;False;39683391a05b383b;[];[Foto]
1803;128;11-50;3624355.0;text;;[];False;False;39683391a05b383b;[];gw udah di parkiran nih
1804;128;1-10;3624676.0;text;;[];False;False;a59f9b9a2851ddd2;[];oii
1805;128;11-50;3624686.0;text;;[];False;False;a59f9b9a2851ddd2;[];bsk sore ad waktu ga
1806;128;1-10;3624984.0;text;;[];False;False;39683391a05b383b;[];oii
1807;128;1-10;3625000.0;text;;[];False;False;a59f9b9a2851ddd2;[];wah
1808;129;1-10;3625744.0;text;;[];False;False;a59f9b9a2851ddd2;[];oh
1809;129;0;3625750.0;image/jpeg;;[];False;False;a59f9b9a2851ddd2;[];[Foto]
1810;129;11-50;3626184.0;text;;['😳', '😤'];False;False;e08d7809e954ff49;[];gw lg sibuk bgt minggu ini
1811;129;11-50;3626212.0;text;;[];False;False;a59f9b9a2851ddd2;[];baru bangun nih msh ngantuk
1812;129;51-100;3626229.0;text;;[];False;False;a59f9b9a2851ddd2;[];duit jajan gw abis padahal baru tanggal 15 hrs ngirit bgt nih
1813;129;1-10;3626244.0;text;;[];False;False;39683391a05b383b;[];yess
1814;129;11-50;3626250.0;text;;[];False;False;e08d7809e954ff49;[];gw lagi di atm sebentar
1815;129;11-50;3626290.0;text;;[];False;False;a59f9b9a2851ddd2;[];wifi kampus lemot parah
1816;129;1-10;3626291.0;text;;[];False;False;a59f9b9a2851ddd2;[];siapp
1817;129;11-50;3626293.0;text;;[];False;False;a59f9b9a2851ddd2;[];dompet gw ketinggalan di rumah
1818;129;11-50;3626302.0;text;;[];False;False;a59f9b9a2851ddd2;[];gw lg sibuk bgt minggu ni
1819;129;1-10;3627058.0;text;;[];False;False;30aac53f3af5e900;[];AH
1820;129;51-100;3627072.0;text;;[];False;False;a59f9b9a2851ddd2;[];tadi gw antri di administrasi kampus 2 jam cuma buat ngurus surat
1821;129;11-50;3627079.0;text;;[];False;False;30aac53f3af5e900;[];HUJAN DERES GA BAWA PAYUNG
1822;129;11-50;3627084.0;text;;[];False;False;a59f9b9a2851ddd2;[];baru bangun nih msh ngantuk
1823;129;1-10;3627090.0;text;;[];False;False;30aac53f3af5e900;[];SEEP
1824;129;1-10;3627093.0;text;;[];False;False;30aac53f3af5e900;[];YESS
1825;129;1-10;3627095.0;text;;[];False;False;a59f9b9a2851ddd2;[];ah
1826;129;1-10;3627138.0;text;;[];False;False;a59f9b9a2851ddd2;[];ah
1827;129;0;3627143.0;image/jpeg;;[];False;False;a59f9b9a2851ddd2;[];[Foto]
1828;129;11-50;3627213.0;image/jpeg;;[];False;False;30aac53f3af5e900;['39683391a05b383b'];[Foto]
1829;129;0;3627224.0;sticker/webp;;[];False;False;30aac53f3af5e900;[];[Stiker]
1830;129;11-50;3627375.0;text;;[];False;False;a59f9b9a2851ddd2;[];gw lg di atm btr
1831;129;11-50;3627403.0;text;;[];False;False;a59f9b9a2851ddd2;[];ntar gw kabarin lg deh
1832;129;11-50;3627411.0;text;;[];True;False;a59f9b9a2851ddd2;[];bs jemput gw ga?
1833;129;1-10;3627421.0;text;;[];False;False;39683391a05b383b;[];hem
1834;129;1-10;3627422.0;text;;[];False;False;39683391a05b383b;[];yoii
1835;129;1-10;3627424.0;text;;[];False;False;39683391a05b383b;[];seep
1836;129;11-50;3627429.0;text;;[];False;False;39683391a05b383b;[];gw lg sibuk... bgt... minggu ini
1837;129;0;3627511.0;sticker/webp;;[];False;False;46afdfb452960a5e;[];[Stiker]
1838;129;0;3627518.0;sticker/webp;;[];False;False;46afdfb452960a5e;[];[Stiker]
1839;129;11-50;3627531.0;text;;[];False;False;30aac53f3af5e900;[];INTERNET MATI LAGI DI KOSAN
1840;129;11-50;3627854.0;text;;[];False;False;39683391a05b383b;[];capek banget hari ini asli...
1841;129;11-50;3627878.0;text;;[];False;False;39683391a05b383b;[];capek banget hari ini asli
1842;130;0;3630487.0;image/jpeg;;[];False;False;a59f9b9a2851ddd2;[];[Foto]
1843;130;1-10;3631419.0;text;;[];False;False;e08d7809e954ff49;[];zonk
1844;130;11-50;3631419.0;text;;[];False;False;e08d7809e954ff49;[];manga terbaru udah keluar loh
1845;130;51-100;3631434.0;text;;['🤦🏽\u200d♀'];False;False;e08d7809e954ff49;[];dosen killer itu ternyata baik banget orangnya kalo diajak ngobrol santai
1846;130;51-100;3631445.0;text;;[];False;False;e08d7809e954ff49;[];semalam hujan gede banget sampe kosan gw mati lampu semaleman gila
1847;130;11-50;3631710.0;text;;[];False;False;39683391a05b383b;[];manga terbaru udah keluar loh...
1848;130;11-50;3631720.0;text;;['🙄'];False;False;39683391a05b383b;[];badminton yuk sore ini
1849;130;11-50;3631728.0;text;;[];False;False;39683391a05b383b;[];series itu endingnya zonk... bgt
1850;130;101-500;3631750.0;text;;[];True;False;e08d7809e954ff49;[];guys ada yang tau ga sih kenapa sistem registrasi online kampus sering banget error pas masa pengisian KRS? tiap semester selalu gitu bikin stres, mana harus rebutan mata kuliah yang kuotanya dikit banget lagi. apa emang servernya ga kuat ya nampung banyak mahasiswa sekaligus?
1851;130;1-10;3631766.0;text;;[];False;False;39683391a05b383b;[];oot
1852;130;11-50;3631771.0;text;;[];False;True;e08d7809e954ff49;[];akhirnya kelar juga nih!
1853;130;11-50;3631778.0;text;;[];False;False;e08d7809e954ff49;[];manga terbaru udah keluar loh
1854;130;11-50;3632396.0;text;;[];False;False;39683391a05b383b;[];gw abis lari pagi tadi
1855;130;11-50;3632403.0;text;;[];False;False;39683391a05b383b;[];gym hari ini skip deh
1856;130;11-50;3632774.0;text;;['😖'];False;False;e08d7809e954ff49;[];album baru dia enak banget
1857;130;11-50;3632782.0;text;;[];False;False;39683391a05b383b;[];game baru udah download belum
1858;130;11-50;3632796.0;text;;[];False;False;39683391a05b383b;[];gw lagi baca novel baru nih
1859;130;11-50;3632828.0;text;;['💪🏻'];False;True;a59f9b9a2851ddd2;[];stress berat gw sm tugas!
1860;130;51-100;3633037.0;text;;['🤦🏽\u200d♀'];False;False;e08d7809e954ff49;[];semalam hujan gede banget sampe kosan gw mati lampu semaleman gila
1861;130;11-50;3633050.0;text;;['💪🏼'];False;False;e08d7809e954ff49;[];game baru udah download belum
1862;130;11-50;3633093.0;text;;[];False;False;a59f9b9a2851ddd2;[];badminton yuk sore ni
1863;131;0;3634364.0;image/jpeg;;[];False;False;a59f9b9a2851ddd2;[];[Foto]
1864;131;11-50;3634370.0;text;;[];True;False;a59f9b9a2851ddd2;[];gw hrs bawa apa aja?
1865;131;11-50;3634397.0;text;;['🙄'];False;False;e08d7809e954ff49;[];bentar ya gw lg di jalan
1866;131;1-10;3634402.0;text;;[];False;False;a59f9b9a2851ddd2;[];okk
1867;131;1-10;3634412.0;text;;['🙈'];False;False;e08d7809e954ff49;[];siapp
1868;131;11-50;3634421.0;text;;[];True;False;a59f9b9a2851ddd2;[];lu pny kontak dia ga?
1869;131;51-100;3634434.0;text;;[];False;False;a59f9b9a2851ddd2;[];duit jajan gw abis padahal baru tanggal 15 hrs ngirit bgt nih
1870;131;1-10;3634458.0;text;;[];False;False;e08d7809e954ff49;[];siapp
1871;132;11-50;3637675.0;text;;[];False;False;39683391a05b383b;[];proposal skripsi gw ditolak...
1872;132;11-50;3637764.0;text;;[];False;False;a59f9b9a2851ddd2;[];lu udah makan blm
1873;133;1-10;3642009.0;text;;[];False;False;30aac53f3af5e900;[];YESS
1874;133;11-50;3642019.0;text;;[];True;False;30aac53f3af5e900;[];ITU TEMPATNYA JAUH GA?
1875;133;11-50;3642026.0;text;;[];False;False;30aac53f3af5e900;[];DUIT BULANAN BELUM DIKIRIM
1876;133;1-10;3642099.0;text;;[];False;False;39683391a05b383b;[];nice
1877;133;11-50;3642123.0;text;;[];False;False;a59f9b9a2851ddd2;[];kakak gw baru aja nikah
1878;133;0;3642130.0;image/jpeg;;[];False;False;a59f9b9a2851ddd2;[];[Foto]
1879;133;11-50;3642143.0;text;;[];False;False;39683391a05b383b;[];gw kangen masakan rumah...
1880;133;11-50;3642143.0;text;;[];False;False;39683391a05b383b;[];film baru di... bioskop bagus ga
1881;133;1-10;3642164.0;text;;[];False;False;a59f9b9a2851ddd2;[];woles
1882;133;1-10;3642200.0;text;;[];False;False;30aac53f3af5e900;[];GINI
1883;133;11-50;3642206.0;text;;[];False;False;30aac53f3af5e900;[];KELUARGA NGUMPUL LEBARAN NANTI
1884;133;11-50;3642209.0;text;;[];False;False;30aac53f3af5e900;[];MAMA MINTA GW PULANG WEEKEND
1885;133;1-10;3642211.0;text;;[];False;False;30aac53f3af5e900;[];MAGER
1886;133;51-100;3642356.0;text;;[];False;False;a59f9b9a2851ddd2;[];gw lg belajar masak sendiri biar ga jajan terus lumayan hemat soalnya
1887;133;11-50;3642373.0;text;;[];False;False;a59f9b9a2851ddd2;[];gw lg marathon drakor nih
1888;133;1-10;3644224.0;text;;['😂'];False;False;30aac53f3af5e900;[];GILA
1889;133;11-50;3644235.0;text;;['😅'];False;False;30aac53f3af5e900;[];ADEK GW MASUK SMA TAHUN INI
1890;133;1-10;3644463.0;text;;[];False;False;39683391a05b383b;[];woles
1891;133;11-50;3644464.0;text;;[];False;False;39683391a05b383b;[];playlist lo yang mana sih
1892;134;1-10;3685966.0;text;;[];False;False;39683391a05b383b;[];cuy
1893;134;1-10;3685967.0;text;;[];False;False;39683391a05b383b;[];cuy
1894;134;1-10;3687222.0;text;;[];False;False;a59f9b9a2851ddd2;[];woy
1895;135;11-50;3687848.0;text;;[];True;False;a59f9b9a2851ddd2;[];tadi ngomong apa sih dosennya?
1896;135;1-10;3687867.0;text;;[];False;False;39683391a05b383b;[];bete
1897;135;0;3687870.0;video/mp4;;[];False;False;a59f9b9a2851ddd2;[];[Video]
1898;135;1-10;3687880.0;text;;[];False;False;30aac53f3af5e900;[];JIR
1899;135;11-50;3687888.0;text;;[];False;False;a59f9b9a2851ddd2;[];futsal besok jadi ga
1900;135;11-50;3687896.0;text;;[];False;False;a59f9b9a2851ddd2;[];konser tu mahal bgt tiketnya
1901;135;1-10;3687900.0;text;;[];False;False;39683391a05b383b;[];njir
1902;135;11-50;3687906.0;text;;[];False;False;a59f9b9a2851ddd2;[];series tu endingnya zonk bgt
1903;135;1-10;3687911.0;text;;[];False;False;30aac53f3af5e900;[];SANS
1904;135;1-10;3687914.0;text;;[];False;False;39683391a05b383b;[];njir
1905;135;11-50;3687917.0;text;;[];True;False;39683391a05b383b;[];ada sinyal ga disitu?
1906;135;11-50;3687921.0;text;;[];False;False;a59f9b9a2851ddd2;[];konser tu mahal bgt tiketnya
1907;135;1-10;3687923.0;text;;[];False;False;30aac53f3af5e900;[];JIR
1908;135;11-50;3687938.0;text;;[];False;False;30aac53f3af5e900;[];GW LAGI BACA NOVEL BARU NIH
1909;135;1-10;3687938.0;text;;[];False;False;a59f9b9a2851ddd2;[];zonk
1910;135;11-50;3687944.0;text;;[];False;False;a59f9b9a2851ddd2;[];futsal besok jadi ga
1911;135;11-50;3687973.0;text;;[];False;False;a59f9b9a2851ddd2;[];pertandingan bola tadi malam gila
1912;135;1-10;3687975.0;text;;[];False;False;39683391a05b383b;[];zonk
1913;135;11-50;3688003.0;text;;[];False;False;a59f9b9a2851ddd2;[];podcast yg lu rekomen mana
1914;135;11-50;3688024.0;text;;[];False;False;a59f9b9a2851ddd2;[];game baru udah download blm
1915;135;11-50;3688037.0;text;;[];False;False;a59f9b9a2851ddd2;[];futsal besok jadi ga
1916;135;1-10;3688064.0;text;;[];True;False;30aac53f3af5e900;[];GITU?
1917;135;1-10;3688079.0;text;;[];False;False;a59f9b9a2851ddd2;[];kuy
1918;135;11-50;3688087.0;text;;[];False;True;a59f9b9a2851ddd2;[];akhirnya kelar jg nih!
1919;135;11-50;3688091.0;text;;[];False;False;a59f9b9a2851ddd2;[];badminton yuk sore ni
1920;135;1-10;3688109.0;text;;[];False;False;39683391a05b383b;[];oot
1921;135;11-50;3688120.0;text;;[];False;False;a59f9b9a2851ddd2;[];series tu endingnya zonk bgt
1922;135;11-50;3688121.0;text;;[];False;False;a59f9b9a2851ddd2;[];manga terbaru udah keluar loh
1923;135;11-50;3688132.0;text;;[];False;False;30aac53f3af5e900;[];PERTANDINGAN BOLA TADI MALAM GILA
1924;135;11-50;3688144.0;text;;[];True;False;39683391a05b383b;[];booking duluan apa langsung... aja?
1925;135;1-10;3688150.0;text;;[];False;False;39683391a05b383b;[];oot
1926;135;1-10;3688152.0;text;;[];True;False;30aac53f3af5e900;[];GITU?
1927;135;11-50;3688153.0;text;;[];False;False;39683391a05b383b;[];series itu endingnya zonk bgt
1928;135;1-10;3688153.0;text;;[];False;False;30aac53f3af5e900;[];OOT
1929;135;1-10;3688155.0;text;;[];True;False;30aac53f3af5e900;[];JD?
1930;135;11-50;3688163.0;text;;[];True;False;30aac53f3af5e900;[];MASIH BANGUN GA LU JAM SEGINI?
1931;135;11-50;3688177.0;text;;[];True;False;a59f9b9a2851ddd2;[];ad sinyal ga disitu?
1932;135;51-100;3688179.0;text;;[];False;False;30aac53f3af5e900;[];DOSEN KILLER ITU TERNYATA BAIK BANGET ORANGNYA KALO DIAJAK NGOBROL SANTAI
1933;135;11-50;3688185.0;text;;[];False;False;a59f9b9a2851ddd2;[];futsal besok jadi ga
1934;135;11-50;3688186.0;text;;[];False;False;a59f9b9a2851ddd2;[];gw abis lari pagi tadi
1935;135;1-10;3688188.0;text;;[];False;False;a59f9b9a2851ddd2;[];bete
1936;135;11-50;3688195.0;text;;[];False;False;30aac53f3af5e900;[];ALBUM BARU DIA ENAK BANGET
1937;135;11-50;3688321.0;text;;[];False;False;a59f9b9a2851ddd2;[];konser tu mahal bgt tiketnya
1938;135;101-500;3688338.0;text;;[];False;False;a59f9b9a2851ddd2;[];tadi siang gw makan di warung makan baru deket gerbang belakang kampus. nasi gorengnya lumayan enak dan harganya murah bgt cuma 12 ribu udah sm es teh. kayaknya bakal jadi langganan baru deh soalnya warteg biasa gw udah mulai naik harga dan porsinya makin dikit aja
1939;135;11-50;3688363.0;text;;[];False;False;a59f9b9a2851ddd2;[];pertandingan bola tadi malam gila
1940;135;11-50;3688376.0;text;;[];False;False;a59f9b9a2851ddd2;[];album baru dia enak bgt
1941;135;11-50;3688444.0;text;;[];False;False;30aac53f3af5e900;[];MANGA TERBARU UDAH KELUAR LOH
1942;135;0;3688456.0;sticker/webp;;[];False;False;30aac53f3af5e900;[];[Stiker]
1943;135;1-10;3690172.0;text;;[];False;False;39683391a05b383b;[];kuy
1944;136;11-50;3705985.0;text;;[];True;False;a59f9b9a2851ddd2;[];pinjam catetan boleh ga?
1945;136;1-10;3708224.0;text;;[];False;False;a59f9b9a2851ddd2;[];cape
1946;136;1-10;3708229.0;text;;[];False;False;a59f9b9a2851ddd2;[];amin
1947;136;1-10;3708237.0;text;;[];False;False;a59f9b9a2851ddd2;[];sm
1948;136;11-50;3708528.0;text;;[];True;False;a59f9b9a2851ddd2;[];pinjam catetan boleh ga?
1949;136;11-50;3708682.0;text;;[];False;False;39683391a05b383b;[];gw berantem sama si anu
1950;136;11-50;3708690.0;text;;[];False;False;39683391a05b383b;[];temenin gw dong besok
1951;136;11-50;3708695.0;text;;[];False;False;39683391a05b383b;[];pacarnya baru siapa sih
1952;136;11-50;3708706.0;text;;[];False;False;39683391a05b383b;[];gw berantem sama si anu
1953;136;11-50;3710465.0;text;;[];False;False;a59f9b9a2851ddd2;[];gw kangen temen temen sma
1954;136;11-50;3710466.0;text;;[];False;False;a59f9b9a2851ddd2;[];eh denger gosip blm
1955;136;11-50;3710472.0;text;;[];True;False;a59f9b9a2851ddd2;[];kos lu dmn sih tepatnya?
1956;136;11-50;3710477.0;text;;[];False;False;a59f9b9a2851ddd2;[];si tu udah putus katanya
1957;136;11-50;3710487.0;text;;[];True;False;a59f9b9a2851ddd2;[];kapan terakhir kali ketemu?
1958;136;11-50;3710495.0;text;;[];False;False;a59f9b9a2851ddd2;[];eh denger gosip blm
1959;136;11-50;3710622.0;text;;[];False;False;39683391a05b383b;[];gw kangen temen temen SMA...
1960;136;11-50;3711760.0;text;;[];True;False;46afdfb452960a5e;[];kos lu,,, dimana sih tepatnya?
1961;136;1-10;3712278.0;text;;[];False;False;a59f9b9a2851ddd2;[];hihi
1962;136;1-10;3713162.0;image/jpeg;;[];False;False;46afdfb452960a5e;[];[Foto]
1963;136;11-50;3713375.0;text;;[];False;False;46afdfb452960a5e;[];gw kangen temen temen sma
1964;137;1-10;3777696.0;text;;[];False;False;a59f9b9a2851ddd2;[];gabut
1965;137;1-10;3780957.0;text;;[];False;False;30aac53f3af5e900;[];SAMA
1966;138;51-100;3786315.0;text;;[];True;False;e08d7809e954ff49;[];siapa sih yang spread gosip itu ke grup sebelah, tau ga orangnya?
1967;138;11-50;3786318.0;text;;[];True;False;e08d7809e954ff49;[];kenapa ga bales chat gw?
1968;138;11-50;3786511.0;text;;[];False;False;39683391a05b383b;[];duit bulanan belum... dikirim
1969;138;11-50;3786528.0;text;;[];False;False;39683391a05b383b;[];playlist lo yang mana sih
1970;138;11-50;3786545.0;text;;[];False;False;39683391a05b383b;[];gw baru aja ketemu mantan
1971;138;51-100;3786552.0;text;;[];False;False;e08d7809e954ff49;[];besok ada bazaar di kampus katanya banyak makanan murah, pada ikut ga
1972;138;51-100;3786644.0;text;;[];False;False;39683391a05b383b;[];adek gw mau masuk kuliah tahun... depan gw harus bantu cariin info jurusan
1973;138;11-50;3786646.0;text;;[];False;False;39683391a05b383b;[];gw kangen masakan rumah
1974;138;1-10;3786732.0;text;;['💪'];False;False;e08d7809e954ff49;[];goks
1975;138;11-50;3787659.0;text;;[];False;False;46afdfb452960a5e;[];gw lagi marathon drakor,,, nih
1976;138;11-50;3787663.0;text;;[];False;False;46afdfb452960a5e;[];gw baru aja,,, ketemu mantan
1977;138;11-50;3787679.0;text;;[];False;False;46afdfb452960a5e;[];mama minta gw pulang weekend
1978;138;11-50;3787689.0;text;;[];False;False;46afdfb452960a5e;[];nyokap nanya kapan,,, lulus
1979;138;11-50;3787766.0;text;;[];True;False;a59f9b9a2851ddd2;[];knp ga bales chat gw?
1980;138;11-50;3787945.0;text;;[];False;False;e08d7809e954ff49;[];gw kangen masakan rumah
1981;138;51-100;3787971.0;text;;[];False;False;a59f9b9a2851ddd2;[];adek gw mau masuk kuliah tahun depan gw hrs bantu cariin info jurusan
1982;138;1-10;3787992.0;text;;['👍🏻'];False;False;a59f9b9a2851ddd2;[];mager
1983;138;11-50;3788030.0;text;;['😋'];False;True;e08d7809e954ff49;[];ngakak gw liat video itu!
1984;138;11-50;3788080.0;text;;[];False;False;46afdfb452960a5e;[];adek gw,,, masuk sma tahun ini
1985;138;11-50;3788178.0;text;;[];True;False;a59f9b9a2851ddd2;[];siapa aja yg dateng?
1986;138;101-500;3788188.0;text;;[];True;False;a59f9b9a2851ddd2;[];gw lg bimbang nih antara mau ikut organisasi kampus atau fokus ke akademik aja. menurut kalian gmn sih, worth it ga sih ikut organisasi? soalnya gw denger banyak yg bilang bs nambah soft skill tp di sisi lain waktu buat belajar jadi berkurang kan, gmn pengalaman kalian?
1987;138;11-50;3788197.0;text;;[];False;False;a59f9b9a2851ddd2;[];gw baru aja ketemu mantan
1988;138;11-50;3788202.0;text;;[];False;False;a59f9b9a2851ddd2;[];keluarga ngumpul lebaran ntr
1989;138;11-50;3788212.0;text;;[];False;False;a59f9b9a2851ddd2;[];keluarga ngumpul lebaran ntr
1990;138;11-50;3788230.0;text;;[];False;False;a59f9b9a2851ddd2;[];adek gw masuk sma tahun ni
1991;138;11-50;3788242.0;text;;[];False;False;a59f9b9a2851ddd2;[];kakak gw baru aja nikah
1992;138;11-50;3788432.0;text;;[];False;False;46afdfb452960a5e;[];nyokap nanya kapan lulus,,,
1993;138;11-50;3788449.0;text;;[];False;False;46afdfb452960a5e;[];gw lagi marathon drakor nih
1994;138;11-50;3788635.0;text;;[];False;False;a59f9b9a2851ddd2;[];kakak gw baru aja nikah
1995;138;11-50;3788643.0;text;;[];False;False;a59f9b9a2851ddd2;[];gw kangen masakan rumah
1996;138;11-50;3788655.0;text;;[];False;False;a59f9b9a2851ddd2;[];playlist lo yg mana sih
1997;138;11-50;3788665.0;text;;[];False;False;a59f9b9a2851ddd2;[];gw kangen masakan rumah
1998;138;11-50;3789312.0;text;;[];True;False;e08d7809e954ff49;[];lu lagi ngapain sih?
1999;138;51-100;3789329.0;text;;[];False;False;e08d7809e954ff49;[];gw nonton film dokumenter semalam tentang laut dan ikan, bagus banget
2000;138;11-50;3789477.0;text;;[];False;False;a59f9b9a2851ddd2;[];bokap gw lg di luar kota
2001;138;11-50;3789489.0;text;;[];False;False;a59f9b9a2851ddd2;[];gw kangen masakan rumah
2002;138;11-50;3789491.0;text;;[];False;False;a59f9b9a2851ddd2;[];gw kangen masakan rumah
2003;138;1-10;3789501.0;text;;[];False;False;a59f9b9a2851ddd2;[];anjay
2004;138;1-10;3789528.0;text;;[];False;False;e08d7809e954ff49;[];noted
2005;138;11-50;3789534.0;text;;[];False;False;e08d7809e954ff49;[];keluarga ngumpul lebaran nanti
2006;139;51-100;3815310.0;text;;[];True;False;e08d7809e954ff49;['edab10a0f2ace5d1'];siapa sih yang spread gosip itu ke grup sebelah, tau ga orangnya?
2007;139;11-50;3819989.0;text;;[];False;False;edab10a0f2ace5d1;['e08d7809e954ff49'];duitttt bulanan belum dikirim
2008;139;51-100;3820017.0;text;;[];False;False;edab10a0f2ace5d1;['dd9a90a3d295de32', 'a59f9b9a2851ddd2'];gw nonton film dokumenter semalamm tentanggg laut dan ikan, bagusss banget
2009;139;1-10;3820022.0;text;;[];True;False;edab10a0f2ace5d1;[];terus?
2010;140;11-50;3822285.0;text;;[];False;False;e08d7809e954ff49;[];diem diem ternyata jadian
2011;140;51-100;3822300.0;text;;['😅'];True;False;e08d7809e954ff49;[];lu pernah coba belajar bareng di perpus kota ga, enak ga disana?
2012;140;1-10;3822316.0;text;;['🙄'];False;False;e08d7809e954ff49;[];trus
2013;140;11-50;3822730.0;text;;[];False;False;edab10a0f2ace5d1;[];eh dengerr gosipppp belum
2014;140;11-50;3822757.0;text;;[];False;False;edab10a0f2ace5d1;[];reuniiii kapann ya kita
2015;140;1-10;3822764.0;text;;[];False;False;edab10a0f2ace5d1;[];ywdddd
2016;140;11-50;3823158.0;text;;['😅'];False;False;e08d7809e954ff49;[];temenin gw dong besok
2017;140;1-10;3823162.0;text;;[];False;True;e08d7809e954ff49;[];joss!
2018;140;1-10;3823164.0;text;;['😂'];False;False;edab10a0f2ace5d1;[];males
2019;140;1-10;3823177.0;text;;['😊'];False;False;edab10a0f2ace5d1;[];trus
2020;141;1-10;3859645.0;text;;[];False;False;a59f9b9a2851ddd2;[];sip
2021;141;1-10;3859921.0;text;;[];False;False;a59f9b9a2851ddd2;[];sip
2022;142;1-10;3866637.0;text;;[];False;False;a59f9b9a2851ddd2;[];yess
2023;142;51-100;3866965.0;text;;[];False;False;a59f9b9a2851ddd2;[];gw seneng bgt akhirnya bs ketemu temen temen lama setelah lama ga
2024;143;11-50;3870961.0;text;;['🙈'];False;False;e08d7809e954ff49;[];temen gw sakit masuk RS
2025;143;1-10;3871117.0;text;;[];False;False;a59f9b9a2851ddd2;[];wkwkw
2026;144;101-500;3873321.0;text;;[];True;False;e08d7809e954ff49;[];menurut kalian kenapa ya generasi kita tuh kayaknya lebih gampang stres dan burnout dibanding generasi orang tua kita dulu? apa karena tekanan sosmed atau emang tuntutan hidup yang makin tinggi ya? gw penasaran aja sih soalnya temen temen gw banyak yang ngeluh hal yang sama
2027;144;11-50;3873324.0;text;;[];False;False;e08d7809e954ff49;[];lab komputer penuh terus
2028;144;0;3874482.0;unknown;;[];False;False;a59f9b9a2851ddd2;[];[Media tidak dikenal]
2029;144;0;3874505.0;unknown;;[];False;False;a59f9b9a2851ddd2;[];[Media tidak dikenal]
2030;144;0;3874507.0;unknown;;[];False;False;a59f9b9a2851ddd2;[];[Media tidak dikenal]
2031;145;1-10;3880998.0;text;;[];False;False;e08d7809e954ff49;[];nice
2032;145;11-50;3881001.0;text;;[];False;False;e08d7809e954ff49;[];gw kangen masakan rumah
2033;145;11-50;3881091.0;text;;[];True;False;e08d7809e954ff49;['dd9a90a3d295de32'];siapa aja yg dateng?
2034;145;11-50;3881157.0;text;;[];False;False;e08d7809e954ff49;[];gw baru aja ketemu mantan
2035;146;1-10;3883584.0;text;;[];False;False;a59f9b9a2851ddd2;[];ngab
2036;146;1-10;3883585.0;text;;[];False;False;a59f9b9a2851ddd2;[];ayok
2037;147;11-50;3885934.0;text;;[];False;False;a59f9b9a2851ddd2;['dd9a90a3d295de32'];gw ga percaya sih gosipnya
2038;147;11-50;3885938.0;text;;[];False;False;a59f9b9a2851ddd2;[];temenin gw dong besok
2039;147;11-50;3885966.0;text;;[];False;False;a59f9b9a2851ddd2;[];temenin gw dong besok
2040;147;11-50;3885976.0;text;;[];False;False;a59f9b9a2851ddd2;[];si tu udah putus katanya
2041;147;11-50;3885980.0;text;;[];False;False;a59f9b9a2851ddd2;[];gw kangen temen temen sma
2042;147;11-50;3886001.0;text;;[];False;False;a59f9b9a2851ddd2;[];reuni kapan ya kita
2043;147;51-100;3886011.0;text;;[];False;False;a59f9b9a2851ddd2;[];gw pengen bgt liburan ke pantai tp duit lg tipis bgt skrg
2044;147;51-100;3886022.0;text;;[];True;False;a59f9b9a2851ddd2;[];lu prnh coba belajar bareng di perpus kota ga, enak ga disana?
2045;147;1-10;3886056.0;text;;['🤔'];False;False;a59f9b9a2851ddd2;[];dong
2046;147;51-100;3886068.0;text;;[];False;False;e08d7809e954ff49;[];gw pengen banget liburan ke pantai tapi duit lagi tipis banget sekarang
2047;147;51-100;3886081.0;text;;[];False;False;e08d7809e954ff49;[];hari ini gw ada rapat organisasi sampe sore jadi ga bisa ikut nongkrong
2048;147;1-10;3886087.0;text;;[];False;False;a59f9b9a2851ddd2;[];sm
2049;147;11-50;3886093.0;text;;[];False;False;a59f9b9a2851ddd2;[];eh denger gosip blm
2050;147;11-50;3886097.0;text;;[];False;False;a59f9b9a2851ddd2;[];pacarnya baru siapa sih
2051;147;1-10;3886119.0;text;;[];False;False;e08d7809e954ff49;[];wkwkw
2052;147;101-500;3886123.0;text;;[];False;False;e08d7809e954ff49;[];hari ini gw iseng nyoba bikin kopi pake metode V60 yang lagi hype di kalangan anak anak kampus. beli alatnya lumayan mahal sih tapi hasilnya emang beda dari kopi sachet biasa. kopinya lebih smooth dan ga terlalu pahit. kayaknya gw bakal ketagihan nih bikin kopi sendiri tiap pagi sebelum ke kampus
2053;147;1-10;3886140.0;text;;[];False;False;a59f9b9a2851ddd2;[];udah
2054;147;1-10;3886140.0;text;;[];False;False;a59f9b9a2851ddd2;[];setuju
2055;147;1-10;3886144.0;text;;[];False;False;a59f9b9a2851ddd2;[];trus
2056;147;11-50;3886242.0;text;;[];False;False;a59f9b9a2851ddd2;[];temen gw sakit masuk rs
2057;147;11-50;3886246.0;text;;[];False;False;a59f9b9a2851ddd2;[];temen gw sakit masuk rs
2058;147;11-50;3886269.0;text;;[];False;False;a59f9b9a2851ddd2;[];diem diem ternyata jadian
2059;147;11-50;3886279.0;text;;[];False;False;a59f9b9a2851ddd2;[];gw berantem sm si anu
2060;147;1-10;3886383.0;text;;['👳🏽', '🌶'];False;False;a59f9b9a2851ddd2;[];hihi
2061;148;11-50;3904370.0;text;;[];False;False;39683391a05b383b;[];cuaca hari ini... panas... banget
2062;148;11-50;3904385.0;text;;[];False;False;39683391a05b383b;[];gw lg sibuk... bgt minggu... ini
2063;148;11-50;3904387.0;text;;[];False;False;39683391a05b383b;[];cuaca hari ini panas... banget
2064;148;11-50;3904399.0;text;;[];False;False;39683391a05b383b;[];dompet gw ketinggalan di rumah...
2065;148;1-10;3904406.0;text;;[];False;False;30aac53f3af5e900;[];AH
2066;148;0;3904481.0;sticker/webp;;[];False;False;46afdfb452960a5e;[];[Stiker]
2067;148;11-50;3904500.0;text;;[];False;False;a59f9b9a2851ddd2;[];gw lg sibuk bgt minggu ni
2068;148;1-10;3905909.0;text;;['😂'];False;False;39683391a05b383b;[];ah
2069;148;11-50;3905912.0;text;;[];False;False;39683391a05b383b;[];gw lg sibuk bgt minggu ini
2070;148;11-50;3905925.0;text;;[];False;False;39683391a05b383b;[];capek banget hari ini asli
2071;148;11-50;3905934.0;text;;[];False;False;39683391a05b383b;[];cuaca hari ini panas... banget
2072;148;11-50;3906168.0;text;;[];False;False;46afdfb452960a5e;[];bentar ya gw lg,,, di jalan,,,
2073;148;51-100;3906200.0;text;;[];False;False;46afdfb452960a5e;[];laptop gw mulai,,, lemot nih kayaknya harus install ulang atau,,, ganti ram
2074;148;51-100;3906206.0;text;;[];False;False;46afdfb452960a5e;[];tadi gw antri di administrasi kampus 2 jam cuma buat ngurus surat
2075;148;0;3906233.0;sticker/webp;;[];False;False;46afdfb452960a5e;[];[Stiker]
2076;148;1-10;3906291.0;text;;['😂'];False;False;39683391a05b383b;[];seep
2077;148;11-50;3906310.0;text;;[];False;False;39683391a05b383b;[];gw baru ganti... nomor btw
2078;149;11-50;3908549.0;text;;[];False;False;46afdfb452960a5e;[];proposal skripsi gw ditolak,,,
2079;149;0;3909622.0;image/jpeg;;[];False;False;a59f9b9a2851ddd2;[];[Foto]
2080;149;11-50;3909624.0;text;;[];False;False;a59f9b9a2851ddd2;['39683391a05b383b'];lu udah makan blm
2081;149;11-50;3909643.0;text;;[];False;False;30aac53f3af5e900;[];GW BARU AJA DARI KAMPUS
2082;149;1-10;3909650.0;text;;[];False;False;30aac53f3af5e900;[];NIH
2083;149;11-50;3909651.0;text;;[];False;False;30aac53f3af5e900;[];KELAS TAMBAHAN HARI SABTU SIH
2084;149;1-10;3909666.0;text;;[];False;False;39683391a05b383b;[];done
2085;149;11-50;3909667.0;text;;[];False;False;39683391a05b383b;[];seminar tadi lama banget
2086;149;1-10;3909674.0;text;;[];False;False;39683391a05b383b;[];gpp
2087;149;11-50;3909677.0;text;;[];False;False;39683391a05b383b;[];proposal skripsi gw ditolak
2088;150;51-100;3952726.0;text;;[];False;False;46afdfb452960a5e;[];besok ada bazaar di kampus katanya,,, banyak makanan murah, pada ikut ga
2089;150;11-50;3952729.0;text;;[];False;False;46afdfb452960a5e;[];film baru di bioskop bagus ga
2090;150;11-50;3952740.0;text;;[];False;False;46afdfb452960a5e;[];gw lagi marathon drakor nih
2091;150;51-100;3954565.0;text;;['🤣'];False;False;e08d7809e954ff49;[];besok ada bazaar di kampus katanya banyak makanan murah, pada ikut ga
2092;150;101-500;3954726.0;text;;['🤦🏽\u200d♀'];False;False;e08d7809e954ff49;['a59f9b9a2851ddd2'];gw pengen curhat sedikit nih. akhir akhir ini gw ngerasa burnout banget sama rutinitas kuliah yang itu itu aja. bangun pagi, kuliah, tugas, tidur, repeat. kadang gw ngerasa kayak robot yang cuma jalan sesuai program tanpa tau tujuan akhirnya apa. mungkin gw butuh liburan beneran buat refresh otak
2093;150;1-10;3955048.0;text;2091.0;[];False;False;30aac53f3af5e900;[];NOTED
2094;150;1-10;3955265.0;text;;[];False;False;a59f9b9a2851ddd2;[];nice
2095;150;11-50;3955278.0;text;;[];False;False;a59f9b9a2851ddd2;[];duit bulanan blm dikirim
2096;150;1-10;3955283.0;text;;['💪🏻'];False;False;a59f9b9a2851ddd2;[];noted
2097;150;1-10;3957796.0;text;;[];False;False;a59f9b9a2851ddd2;[];gini
2098;151;11-50;3962829.0;text;;[];False;False;a59f9b9a2851ddd2;[];series tu endingnya zonk bgt
2099;151;1-10;3962976.0;text;;[];False;False;30aac53f3af5e900;[];JIR
2100;151;1-10;3962995.0;text;;[];False;False;39683391a05b383b;[];oot
2101;151;0;3963000.0;image/jpeg;;[];False;False;39683391a05b383b;[];[Foto]
2102;151;1-10;3963262.0;text;;[];False;False;a59f9b9a2851ddd2;[];bete
2103;151;11-50;3963270.0;text;;[];False;False;a59f9b9a2851ddd2;[];game baru udah download blm
2104;151;1-10;3963279.0;text;;[];False;False;39683391a05b383b;[];jir
2105;151;1-10;3963335.0;text;;[];False;False;39683391a05b383b;[];kuy
2106;151;1-10;3963336.0;text;;[];False;False;39683391a05b383b;[];sans
2107;151;1-10;3963341.0;text;;[];False;False;39683391a05b383b;[];ih
2108;151;11-50;3963343.0;text;;[];False;False;39683391a05b383b;[];konser itu mahal banget tiketnya
2109;151;11-50;3963380.0;text;;[];True;False;30aac53f3af5e900;[];MASIH BANGUN GA LU JAM SEGINI?
2110;151;11-50;3965212.0;text;;[];False;False;a59f9b9a2851ddd2;[];gym hari ni skip deh
2111;151;11-50;3965228.0;text;;[];False;False;a59f9b9a2851ddd2;[];series tu endingnya zonk bgt
2112;151;1-10;3965562.0;text;;[];False;False;e08d7809e954ff49;[];kuy
2113;151;11-50;3965595.0;text;;[];True;False;e08d7809e954ff49;[];ada sinyal ga disitu?
2114;151;11-50;3965968.0;text;;['💪🏼'];False;False;e08d7809e954ff49;[];manga terbaru udah keluar loh
2115;151;1-10;3965975.0;text;;[];False;False;e08d7809e954ff49;[];kuy
2116;151;1-10;3965977.0;text;;[];False;False;a59f9b9a2851ddd2;[];dih
2117;151;1-10;3965977.0;text;;[];False;False;e08d7809e954ff49;[];jir
2118;151;1-10;3965978.0;text;;[];False;False;a59f9b9a2851ddd2;[];sans
2119;151;11-50;3965992.0;text;;['💪🏼'];False;False;e08d7809e954ff49;[];konser itu mahal banget tiketnya
2120;151;1-10;3966202.0;text;;[];False;False;30aac53f3af5e900;[];FYI
2121;151;11-50;3966206.0;text;;[];False;False;30aac53f3af5e900;['e08d7809e954ff49'];FUTSAL BESOK JADI GA
2122;151;11-50;3966211.0;text;;['🙄'];False;False;30aac53f3af5e900;[];SERIES ITU ENDINGNYA ZONK BGT
2123;151;51-100;3966232.0;text;;[];False;False;e08d7809e954ff49;[];gw baru dapet info beasiswa buat semester depan mau coba daftar deh
2124;151;1-10;3966266.0;text;;['😂'];False;False;30aac53f3af5e900;[];BETE
2125;151;51-100;3966679.0;image/jpeg;;['💪🏼', '🤣'];False;False;e08d7809e954ff49;[];[Foto]
2126;151;1-10;3966683.0;text;;[];True;False;30aac53f3af5e900;[];GITU?
2127;151;11-50;3966685.0;text;;[];False;False;e08d7809e954ff49;['a59f9b9a2851ddd2'];manga terbaru udah keluar loh
2128;151;11-50;3966718.0;text;;['🤣'];False;False;e08d7809e954ff49;[];game baru udah download belum
2129;151;11-50;3966834.0;text;;[];False;False;a59f9b9a2851ddd2;[];series tu endingnya zonk bgt
2130;151;1-10;3966841.0;text;;['😂'];False;False;a59f9b9a2851ddd2;[];kuy
2131;152;0;3968433.0;sticker/webp;;[];False;False;46afdfb452960a5e;[];[Stiker]
2132;152;11-50;3968667.0;text;;['😏'];False;True;e08d7809e954ff49;[];mantap banget hasilnya!
2133;152;11-50;3968693.0;text;;[];False;False;39683391a05b383b;[];IPK gw turun semester ini
2134;152;11-50;3968697.0;text;;[];False;False;39683391a05b383b;[];gw skip kelas... hari ini
2135;152;1-10;3968746.0;text;;[];False;False;46afdfb452960a5e;[];iya
2136;152;11-50;3968755.0;text;;[];False;False;46afdfb452960a5e;[];perpus tutup jam,,, berapa ya
2137;152;1-10;3968765.0;text;;[];False;False;46afdfb452960a5e;[];otw
2138;152;11-50;3968777.0;text;;[];False;False;46afdfb452960a5e;[];tadi absen ga,,, sih kamu
2139;152;11-50;3968781.0;text;;[];False;False;e08d7809e954ff49;[];gw skip kelas hari ini
2140;152;11-50;3968787.0;text;;[];False;False;e08d7809e954ff49;[];gw skip kelas hari ini
2141;152;1-10;3969513.0;text;;[];False;False;46afdfb452960a5e;[];dah
2142;152;11-50;3970516.0;text;;[];False;False;39683391a05b383b;[];gw lg ngerjain... tugas nih...
2143;152;11-50;3970524.0;text;;[];False;False;39683391a05b383b;[];lab komputer penuh terus
2144;152;1-10;3970526.0;text;;[];False;False;39683391a05b383b;[];hehe
2145;152;1-10;3970744.0;text;;[];False;False;39683391a05b383b;[];yuk
2146;152;11-50;3970807.0;text;;[];False;False;39683391a05b383b;[];gw lg ngerjain... tugas nih
2147;152;11-50;3970811.0;text;;[];False;False;39683391a05b383b;[];IPK gw turun semester ini
2148;152;11-50;3970948.0;text;;[];False;False;39683391a05b383b;[];perpus tutup jam berapa ya...
2149;152;11-50;3971034.0;text;;[];False;False;39683391a05b383b;[];IPK gw turun... semester ini
2150;152;11-50;3971036.0;text;;[];False;False;39683391a05b383b;[];presentasi gw amburadul
2151;152;1-10;3971384.0;text;;[];False;False;e08d7809e954ff49;[];haha
2152;152;11-50;3971389.0;text;;[];False;False;e08d7809e954ff49;[];matkul ini susah banget
2153;152;11-50;3971391.0;text;;[];False;False;e08d7809e954ff49;[];presentasi gw amburadul
2154;152;1-10;3971398.0;text;;[];False;False;e08d7809e954ff49;[];wkwk
2155;152;1-10;3971408.0;text;;[];False;False;39683391a05b383b;[];ok
2156;152;1-10;3971415.0;text;;[];False;False;39683391a05b383b;[];yoi
2157;152;1-10;3971803.0;text;;[];False;False;a59f9b9a2851ddd2;[];oke
2158;152;11-50;3971813.0;text;;[];False;False;a59f9b9a2851ddd2;[];deadline besok pagi bro
2159;152;51-100;3971901.0;text;;[];False;False;39683391a05b383b;[];tadi gw ketemu dosen... pembimbing dan dia minta revisi lagi untuk bab 3
2160;152;1-10;3973301.0;text;;[];True;False;30aac53f3af5e900;[];APA?
2161;152;1-10;3973381.0;text;;[];False;False;30aac53f3af5e900;[];WKWK
2162;153;11-50;3975913.0;text;;[];True;False;30aac53f3af5e900;[];MAU NITIP APA GA?
2163;153;1-10;3975985.0;text;;[];False;False;39683391a05b383b;[];hem
2164;153;11-50;3975987.0;text;;[];False;False;39683391a05b383b;[];gw baru ganti nomor btw
2165;153;11-50;3976001.0;text;;[];False;False;a59f9b9a2851ddd2;[];bentar ya gw lg di jalan
2166;153;11-50;3976003.0;text;;[];False;False;a59f9b9a2851ddd2;[];gw lg sibuk bgt minggu ni
2167;153;11-50;3976078.0;text;;[];False;False;30aac53f3af5e900;[];WIFI KAMPUS LEMOT PARAH
2168;153;1-10;3976079.0;text;;['☹'];False;False;30aac53f3af5e900;[];OKK
2169;153;1-10;3976202.0;text;;[];False;False;30aac53f3af5e900;[];EH
2170;154;11-50;3988570.0;text;;[];False;False;39683391a05b383b;[];macet parah di jalan tol
2171;154;1-10;3988573.0;text;;[];False;False;39683391a05b383b;[];yaa
2172;154;11-50;3988581.0;text;;[];False;False;39683391a05b383b;[];gw naik ojol aja deh
2173;154;1-10;3988637.0;text;;[];False;False;30aac53f3af5e900;[];AHH
2174;155;11-50;3998931.0;text;;[];False;False;30aac53f3af5e900;['a59f9b9a2851ddd2'];SERIES ITU ENDINGNYA ZONK BGT
2175;155;11-50;3998957.0;text;;[];False;False;a59f9b9a2851ddd2;[];pertandingan bola tadi malam gila
2176;155;1-10;3998961.0;text;;[];False;False;a59f9b9a2851ddd2;[];sans
2177;155;11-50;3998962.0;text;;[];False;False;a59f9b9a2851ddd2;[];konser tu mahal bgt tiketnya
2178;155;11-50;3998972.0;text;;[];False;False;30aac53f3af5e900;[];KONSER ITU MAHAL BANGET TIKETNYA
2179;155;11-50;3999003.0;text;;[];False;False;a59f9b9a2851ddd2;[];album baru dia enak bgt
2180;155;11-50;3999034.0;text;;[];False;False;39683391a05b383b;[];gym hari ini skip... deh
2181;155;11-50;3999036.0;text;;[];True;False;39683391a05b383b;[];tadi ngomong apa sih dosennya?
2182;155;0;3999300.0;sticker/webp;;[];False;False;30aac53f3af5e900;[];[Stiker]
2183;155;0;3999301.0;sticker/webp;;[];False;False;30aac53f3af5e900;[];[Stiker]
2184;155;11-50;3999502.0;text;;[];False;False;a59f9b9a2851ddd2;[];podcast yg lu rekomen mana
2185;155;11-50;4000842.0;text;;[];False;False;39683391a05b383b;[];series itu endingnya zonk bgt...
2186;155;11-50;4001488.0;text;;[];False;False;a59f9b9a2851ddd2;[];manga terbaru udah keluar loh
2187;155;1-10;4001496.0;text;;['😂'];False;False;39683391a05b383b;[];oot
2188;155;11-50;4001502.0;text;;[];False;False;39683391a05b383b;[];konser itu mahal... banget tiketnya
2189;156;1-10;4031164.0;text;;[];False;False;a59f9b9a2851ddd2;[];bole
2190;156;1-10;4031178.0;text;;[];False;False;39683391a05b383b;[];gpp
2191;156;1-10;4031180.0;text;;[];False;False;39683391a05b383b;[];tuh
2192;156;11-50;4031459.0;text;;['🤦🏻\u200d♂'];False;False;30aac53f3af5e900;[];PROPOSAL SKRIPSI GW DITOLAK
2193;156;1-10;4031998.0;text;;[];False;False;39683391a05b383b;[];aman
2194;156;1-10;4032179.0;text;;[];False;False;a59f9b9a2851ddd2;[];nih
2195;156;11-50;4032215.0;text;;[];False;False;39683391a05b383b;[];tugas kelompok bikin pusing
2196;156;11-50;4032221.0;text;;[];True;False;39683391a05b383b;[];ntar malem ngapain?
2197;156;11-50;4032236.0;text;;[];False;False;39683391a05b383b;[];gw baru aja... dari kampus
2198;156;11-50;4032238.0;text;;[];False;False;39683391a05b383b;[];dosen pembimbing susah... ditemui...
2199;156;1-10;4033033.0;text;;[];False;True;30aac53f3af5e900;[];MANTAP!
2200;156;11-50;4034512.0;text;;[];False;False;39683391a05b383b;[];tugas kelompok bikin pusing
2201;156;11-50;4034576.0;text;;[];False;False;a59f9b9a2851ddd2;[];warteg depan kampus enak
2202;157;11-50;4035434.0;image/jpeg;;[];False;False;a59f9b9a2851ddd2;[];[Foto]
2203;157;11-50;4035437.0;text;;[];False;False;a59f9b9a2851ddd2;[];gw belom mulai tugas
2204;157;1-10;4035929.0;text;;['😂'];False;False;30aac53f3af5e900;[];GAS
2205;158;1-10;4039591.0;text;;[];False;False;edab10a0f2ace5d1;[];hoki
2206;158;1-10;4039594.0;text;;[];False;False;edab10a0f2ace5d1;[];ih
2207;158;11-50;4039604.0;text;;[];True;False;30aac53f3af5e900;[];MASIH BANGUN GA LU JAM SEGINI?
2208;158;1-10;4039621.0;text;;['😂'];False;False;edab10a0f2ace5d1;[];btw
2209;158;11-50;4039622.0;text;;[];False;False;edab10a0f2ace5d1;[];series ituu endingnya zonkkkk bgt
2210;158;11-50;4039627.0;text;;[];False;False;46afdfb452960a5e;[];konser itu mahal banget tiketnya
2211;158;1-10;4039639.0;text;;['🛬'];False;False;edab10a0f2ace5d1;[];zonk
2212;158;0;4039657.0;sticker/webp;;[];False;False;46afdfb452960a5e;[];[Stiker]
2213;159;1-10;4055142.0;text;;[];False;False;39683391a05b383b;[];emm
2214;159;1-10;4055956.0;text;;[];False;False;a59f9b9a2851ddd2;[];ahh
2215;159;11-50;4055975.0;text;;[];False;False;39683391a05b383b;[];gw nyari parkir... dulu bentar
2216;160;1-10;4058557.0;text;;[];True;False;30aac53f3af5e900;[];SIAPA?
2217;160;1-10;4058570.0;text;;[];False;False;39683391a05b383b;[];otw
2218;160;11-50;4058579.0;text;;[];False;False;39683391a05b383b;[];perpus tutup jam berapa ya
2219;160;11-50;4058670.0;text;;[];False;False;30aac53f3af5e900;[];PERPUS TUTUP JAM BERAPA YA
2220;160;11-50;4058679.0;text;;[];False;False;30aac53f3af5e900;[];IPK GW TURUN SEMESTER INI
2221;160;11-50;4058777.0;text;;[];False;False;39683391a05b383b;[];gw lg ngerjain tugas nih
2222;160;11-50;4058784.0;text;;[];False;False;39683391a05b383b;[];deadline besok pagi bro
2223;160;1-10;4058790.0;text;;['😂'];False;False;39683391a05b383b;[];haha
2224;160;11-50;4058791.0;text;2222.0;[];False;False;30aac53f3af5e900;[];PERPUS TUTUP JAM BERAPA YA
2225;160;1-10;4058824.0;text;;[];False;False;39683391a05b383b;[];iya
2226;160;1-10;4058825.0;text;;[];False;False;39683391a05b383b;[];yoi
2227;160;11-50;4058928.0;text;;[];False;False;30aac53f3af5e900;[];LAB KOMPUTER PENUH TERUS
2228;160;1-10;4058939.0;text;;[];False;False;39683391a05b383b;[];ok
2229;161;11-50;4065317.0;text;;[];False;False;a59f9b9a2851ddd2;[];seminar tadi lama bgt
2230;161;11-50;4065324.0;text;;[];False;False;a59f9b9a2851ddd2;['39683391a05b383b', '30aac53f3af5e900'];mie ayam pak kumis juara sih
2231;161;11-50;4065799.0;text;;[];False;False;39683391a05b383b;[];kelas tambahan hari sabtu sih
2232;161;11-50;4065814.0;text;;[];False;False;39683391a05b383b;[];proposal skripsi gw ditolak
2233;161;11-50;4065819.0;text;;[];False;False;39683391a05b383b;[];lu udah makan belum
2234;161;11-50;4065851.0;text;;[];True;False;a59f9b9a2851ddd2;[];ntar malem ngapain?
2235;161;11-50;4067429.0;text;;[];False;False;30aac53f3af5e900;[];DOSEN PEMBIMBING SUSAH DITEMUI
2236;161;1-10;4067442.0;text;;[];False;False;a59f9b9a2851ddd2;[];gaje
2237;161;11-50;4067551.0;text;;[];False;True;30aac53f3af5e900;[];PARAH SIH TADI KEJADIANNYA!
2238;161;11-50;4067572.0;text;;[];False;False;30aac53f3af5e900;[];GW LAPER BANGET NIH
2239;161;11-50;4067574.0;text;;[];False;False;30aac53f3af5e900;[];TUGAS KELOMPOK BIKIN PUSING
2240;161;11-50;4067579.0;text;;[];False;False;30aac53f3af5e900;[];TUGAS KELOMPOK BIKIN PUSING
2241;162;11-50;4072280.0;text;;[];False;False;39683391a05b383b;[];gw mau tidur dulu ya
2242;162;11-50;4072307.0;text;;[];False;False;a59f9b9a2851ddd2;[];charger hp gw rusak lg
2243;162;1-10;4072788.0;text;;[];False;False;30aac53f3af5e900;[];HEM
2244;162;11-50;4072799.0;text;;[];False;False;30aac53f3af5e900;[];HP GW LOWBAT NIH
2245;162;1-10;4072800.0;text;;[];False;False;30aac53f3af5e900;[];IYAA
2246;163;11-50;4078808.0;text;;[];False;False;39683391a05b383b;[];indomie telor udah cukup kok
2247;163;11-50;4078930.0;text;;[];False;False;46afdfb452960a5e;[];es teh manis,,, satu ya bang
2248;163;11-50;4078940.0;text;;[];False;False;46afdfb452960a5e;[];indomie telor udah cukup kok
2249;163;11-50;4078951.0;text;;[];False;False;39683391a05b383b;[];porsi makan gw nambah terus...
2250;163;11-50;4078976.0;text;;[];False;False;39683391a05b383b;[];porsi makan gw nambah terus...
2251;163;1-10;4078979.0;text;;[];False;False;46afdfb452960a5e;[];ngab
2252;163;11-50;4078982.0;text;;[];False;False;39683391a05b383b;[];gw lagi diet tapi gagal mulu
2253;163;11-50;4078990.0;text;;['🙄'];False;False;46afdfb452960a5e;[];masak sendiri lebih hemat,,, sih
2254;163;11-50;4078995.0;text;;[];False;False;46afdfb452960a5e;[];gw mau pesen gofood,,, dulu
2255;163;1-10;4078999.0;text;;[];False;False;39683391a05b383b;[];cuy
2256;163;11-50;4079000.0;text;;[];False;False;39683391a05b383b;[];bakso malang itu buka ga ya...
2257;163;11-50;4079001.0;text;;[];False;False;39683391a05b383b;[];bakso malang itu buka ga ya
2258;163;1-10;4079013.0;text;;[];False;False;39683391a05b383b;[];sip
2259;163;11-50;4079014.0;text;;[];False;False;46afdfb452960a5e;[];kopi susu yg,,, biasa ya
2260;163;11-50;4079018.0;text;;[];False;False;39683391a05b383b;[];tadi gw makan nasi padang...
2261;163;51-100;4079023.0;text;;[];False;False;46afdfb452960a5e;[];dompet gw ilang,,, kemarin di angkot tapi alhamdulillah,,, ada yang nemuin
2262;163;11-50;4079027.0;text;;[];False;False;46afdfb452960a5e;[];tadi gw makan nasi,,, padang
2263;163;1-10;4079027.0;text;;['😂'];False;False;39683391a05b383b;[];sis
2264;163;11-50;4079039.0;text;;[];False;False;39683391a05b383b;[];es teh manis satu ya bang
2265;163;11-50;4079045.0;text;;[];False;False;46afdfb452960a5e;[];masak sendiri lebih hemat sih
2266;163;11-50;4079059.0;text;;[];False;False;39683391a05b383b;[];masak sendiri lebih... hemat sih
2267;163;11-50;4079066.0;text;;[];False;False;39683391a05b383b;[];tadi gw makan... nasi padang
2268;163;11-50;4079074.0;text;;[];False;False;46afdfb452960a5e;[];masak sendiri lebih hemat sih
2269;163;11-50;4079079.0;text;;[];False;False;46afdfb452960a5e;[];es teh manis,,, satu,,, ya bang
2270;163;1-10;4079095.0;text;;['😂'];False;False;39683391a05b383b;[];woy
2271;163;0;4079313.0;sticker/webp;;[];False;False;46afdfb452960a5e;[];[Stiker]
2272;163;0;4079315.0;sticker/webp;;[];False;False;46afdfb452960a5e;[];[Stiker]
2273;163;0;4079349.0;image/jpeg;;[];False;False;39683391a05b383b;[];[Foto]
2274;163;11-50;4079353.0;text;;[];False;False;39683391a05b383b;[];gw mau pesen gofood dulu
2275;163;0;4079432.0;sticker/webp;;[];False;False;46afdfb452960a5e;[];[Stiker]
2276;163;11-50;4079436.0;text;;[];False;False;46afdfb452960a5e;[];sarapan dulu baru mikir
2277;163;11-50;4079477.0;text;;[];False;False;39683391a05b383b;[];indomie telor udah cukup kok
2278;163;1-10;4079487.0;text;;[];False;False;46afdfb452960a5e;[];ngab
2279;164;1-10;4119267.0;text;;[];False;False;a59f9b9a2851ddd2;[];deh
2280;164;1-10;4119661.0;text;;[];False;False;a59f9b9a2851ddd2;[];yaa
2281;165;11-50;4124243.0;text;;[];True;False;30aac53f3af5e900;['39683391a05b383b'];ADA YG MAU BARENG?
2282;165;11-50;4124944.0;text;;[];False;False;a59f9b9a2851ddd2;[];bsk sore ad waktu ga
2283;165;11-50;4124946.0;text;;[];False;False;a59f9b9a2851ddd2;[];ketemuan di mall jam 3 ya
2284;165;11-50;4125359.0;text;;[];False;False;39683391a05b383b;[];gw ngga bisa ikut... malem ini
2285;165;11-50;4125360.0;text;;[];False;False;39683391a05b383b;[];lu dimana sih lama banget
2286;165;11-50;4125362.0;text;;[];False;False;39683391a05b383b;[];gw naik ojol aja deh...
2287;165;1-10;4125366.0;text;;[];False;False;30aac53f3af5e900;[];HOO
2288;165;1-10;4125370.0;text;;[];False;False;30aac53f3af5e900;[];HOO
2289;165;1-10;4125767.0;text;;[];False;False;39683391a05b383b;[];ahh
2290;165;0;4125771.0;sticker/webp;;[];False;False;a59f9b9a2851ddd2;[];[Stiker]
2291;165;11-50;4125776.0;text;;[];False;False;30aac53f3af5e900;[];GW UDAH DI PARKIRAN NIH
2292;165;11-50;4125783.0;text;;[];False;False;30aac53f3af5e900;[];GW UDAH DI PARKIRAN NIH
2293;165;11-50;4125787.0;text;;[];False;False;30aac53f3af5e900;[];GW UDAH DI PARKIRAN NIH
2294;165;11-50;4125799.0;text;;[];False;False;39683391a05b383b;[];jangan lupa bawa duit cash...
2295;165;1-10;4125807.0;text;;[];False;False;a59f9b9a2851ddd2;[];hoo
2296;165;11-50;4126030.0;text;;[];False;True;30aac53f3af5e900;[];GW SENENG BANGET DAPET A!
2297;165;11-50;4126068.0;text;;[];False;False;39683391a05b383b;[];ketemuan di mall jam 3... ya
2298;165;0;4126085.0;video/mp4;;[];False;False;39683391a05b383b;[];[Video]
2299;165;11-50;4126085.0;text;;[];False;False;39683391a05b383b;[];bsk sore ada waktu ga...
2300;165;11-50;4126092.0;text;;[];False;False;39683391a05b383b;[];gw udah di... parkiran nih...
2301;166;1-10;4137039.0;text;;[];False;False;e08d7809e954ff49;[];nah
2302;166;11-50;4137058.0;text;;[];False;False;e08d7809e954ff49;[];proposal skripsi gw ditolak
2303;166;11-50;4137068.0;text;;[];False;False;e08d7809e954ff49;[];gw baru aja dari kampus
2304;166;1-10;4137085.0;text;;[];False;False;30aac53f3af5e900;[];BOLE
2305;166;0;4137110.0;sticker/webp;;[];False;False;46afdfb452960a5e;[];[Stiker]
2306;166;1-10;4137245.0;text;;[];False;False;e08d7809e954ff49;[];aman
2307;166;11-50;4137257.0;text;;[];False;False;e08d7809e954ff49;[];gw laper banget nih
2308;166;11-50;4137277.0;text;;[];False;False;e08d7809e954ff49;[];kelas tambahan hari sabtu sih
2309;166;0;4137301.0;image/jpeg;;[];False;False;e08d7809e954ff49;[];[Foto]
2310;166;1-10;4137308.0;text;;[];False;True;e08d7809e954ff49;[];parah!
2311;166;11-50;4137346.0;text;;[];False;False;e08d7809e954ff49;[];sidang minggu depan doain ya
2312;166;101-500;4137387.0;text;;['😰'];True;True;e08d7809e954ff49;[];gw lagi bimbang nih antara mau ikut organisasi kampus atau fokus ke akademik aja. menurut kalian gimana sih, worth it ga sih ikut organisasi? soalnya gw denger banyak yang bilang bisa nambah soft skill tapi di sisi lain waktu buat belajar jadi berkurang kan, gimana pengalaman kalian?
2313;166;11-50;4137399.0;text;;[];False;False;e08d7809e954ff49;[];sidang minggu depan doain ya
2314;166;11-50;4137414.0;text;;[];False;False;30aac53f3af5e900;[];SEMINAR TADI LAMA BANGET
2315;166;11-50;4137415.0;text;;[];False;False;e08d7809e954ff49;[];gw mau ambil cuti semester
2316;166;11-50;4137429.0;text;;['🙄'];False;False;e08d7809e954ff49;[];gw baru aja dari kampus
2317;166;1-10;4137444.0;text;;['😂'];False;False;30aac53f3af5e900;[];NIH
2318;166;1-10;4137675.0;text;;[];False;False;a59f9b9a2851ddd2;[];gaje
2319;166;1-10;4137707.0;text;;['🙈'];False;False;e08d7809e954ff49;[];tuh
2320;167;11-50;4139790.0;text;;[];False;False;39683391a05b383b;[];gw lagi di atm sebentar
2321;167;11-50;4139794.0;text;;[];True;False;39683391a05b383b;[];masih buka ga warungnya?...
2322;167;1-10;4140107.0;text;;[];False;False;a59f9b9a2851ddd2;[];okey
2323;167;1-10;4140112.0;text;;[];False;False;a59f9b9a2851ddd2;[];gassss
2324;167;11-50;4140306.0;text;;[];False;False;46afdfb452960a5e;[];internet mati lagi di,,, kosan
2325;168;11-50;4141847.0;image/jpeg;;[];True;False;e08d7809e954ff49;[];[Foto]
2326;168;1-10;4142281.0;text;;[];False;False;39683391a05b383b;[];cuy
2327;168;1-10;4142712.0;text;;[];False;False;a59f9b9a2851ddd2;[];bro
2328;168;0;4143404.0;system;;[];False;False;a59f9b9a2851ddd2;[];[Pesan sistem]
2329;169;1-10;4146270.0;text;;[];False;False;30aac53f3af5e900;[];CAPE
2330;169;51-100;4146302.0;text;;[];False;False;a59f9b9a2851ddd2;[];hari ni gw ad rapat organisasi sampe sore jadi ga bs ikut nongkrong
2331;169;11-50;4146423.0;text;;[];False;False;a59f9b9a2851ddd2;[];gw kangen temen temen sma
2332;170;0;4150855.0;image/jpeg;;[];False;False;a59f9b9a2851ddd2;[];[Foto]
2333;170;11-50;4150861.0;text;;[];False;False;a59f9b9a2851ddd2;[];diem diem ternyata jadian
2334;170;1-10;4150898.0;text;;[];False;False;46afdfb452960a5e;[];setuju
2335;170;1-10;4151040.0;text;;[];False;False;a59f9b9a2851ddd2;[];cape
2336;171;1-10;4154044.0;text;;[];False;False;a59f9b9a2851ddd2;[];trus
2337;171;1-10;4154162.0;text;;[];False;False;a59f9b9a2851ddd2;[];ywd
2338;171;11-50;4154976.0;text;;[];False;False;a59f9b9a2851ddd2;[];diem diem ternyata jadian
2339;172;1-10;4162462.0;text;;['😂'];False;False;edab10a0f2ace5d1;[];males
2340;172;1-10;4162465.0;text;;['😂'];False;False;edab10a0f2ace5d1;[];wkwkw
2341;172;1-10;4162465.0;text;;['😂'];False;False;edab10a0f2ace5d1;[];gabut
2342;172;11-50;4162505.0;text;;[];False;False;edab10a0f2ace5d1;[];diem diemm ternyata jadiann
2343;172;11-50;4162512.0;text;;[];False;False;edab10a0f2ace5d1;[];si itu udahhh putus katanya
2344;172;1-10;4162513.0;text;;['😂'];False;False;edab10a0f2ace5d1;[];malesss
2345;172;51-100;4162553.0;text;;[];False;False;a59f9b9a2851ddd2;[];hari ni gw ad rapat organisasi sampe sore jadi ga bs ikut nongkrong
2346;172;1-10;4162574.0;text;;['🤣'];False;False;e08d7809e954ff49;[];hihi
2347;172;11-50;4162583.0;text;;[];False;False;30aac53f3af5e900;[];TEMEN GW SAKIT MASUK RS
2348;172;11-50;4162585.0;text;;[];False;False;30aac53f3af5e900;[];DIEM DIEM TERNYATA JADIAN
2349;172;11-50;4162684.0;text;;[];False;False;46afdfb452960a5e;[];gw ga percaya,,, sih gosipnya
2350;173;11-50;4165075.0;text;;['😋'];False;True;e08d7809e954ff49;[];capek banget hari ini!
2351;173;11-50;4165441.0;text;;[];True;False;a59f9b9a2851ddd2;[];udah sampe belom?
2352;173;11-50;4165452.0;text;;[];True;False;a59f9b9a2851ddd2;[];tu beneran apa hoax?
2353;173;1-10;4165543.0;text;;[];False;False;a59f9b9a2851ddd2;[];cuy
2354;173;11-50;4165546.0;text;;[];False;False;a59f9b9a2851ddd2;[];gw mau nyoba restoran baru
2355;173;11-50;4167160.0;text;;[];False;False;e08d7809e954ff49;[];bakso malang itu buka ga ya
2356;173;1-10;4167225.0;text;;[];False;False;e08d7809e954ff49;[];ngab
2357;174;11-50;4167967.0;text;;[];True;False;e08d7809e954ff49;[];gw harus bawa apa aja?
2358;174;11-50;4167994.0;text;;[];False;False;a59f9b9a2851ddd2;[];hp gw lowbat nih
2359;174;11-50;4168004.0;text;;[];False;False;a59f9b9a2851ddd2;[];cuaca hari ni panas bgt
2360;174;1-10;4168011.0;text;;[];False;False;a59f9b9a2851ddd2;[];gassss
2361;174;11-50;4168045.0;text;;[];False;False;a59f9b9a2851ddd2;[];dompet gw ketinggalan di rumah
2362;174;1-10;4168602.0;text;;[];False;True;e08d7809e954ff49;[];hebat!
2363;175;1-10;4221419.0;text;;['🙈'];False;False;e08d7809e954ff49;[];sama
2364;175;1-10;4223636.0;text;;[];False;False;46afdfb452960a5e;[];hihi
2365;175;11-50;4223641.0;text;;[];False;False;46afdfb452960a5e;[];gw berantem sama si,,, anu
2366;175;1-10;4223641.0;text;;[];False;True;46afdfb452960a5e;[];goks!
2367;175;11-50;4223641.0;text;;[];False;False;46afdfb452960a5e;[];gw ga percaya sih gosipnya
2368;175;11-50;4223801.0;text;;[];False;False;e08d7809e954ff49;[];eh denger gosip belum
2369;175;11-50;4223900.0;text;;[];False;False;a59f9b9a2851ddd2;['dd9a90a3d295de32'];temen gw sakit masuk rs
2370;176;11-50;4226072.0;text;;[];False;False;46afdfb452960a5e;[];tugas kelompok bikin pusing
2371;176;11-50;4226086.0;text;;[];True;False;46afdfb452960a5e;[];gimana kabar lu sekarang?
2372;176;11-50;4226120.0;text;;[];False;False;46afdfb452960a5e;[];gw baru aja dari kampus
2373;177;11-50;4230574.0;text;;[];True;False;e08d7809e954ff49;[];ada yang punya catetan?
2374;177;11-50;4231346.0;text;;[];False;False;a59f9b9a2851ddd2;['dd9a90a3d295de32'];gw mau ambil cuti semester
2375;177;1-10;4231353.0;text;;[];True;False;a59f9b9a2851ddd2;[];bener?
2376;177;51-100;4231462.0;text;;[];False;False;a59f9b9a2851ddd2;[];kosan gw bocor lg pas hujan semalam, kasur gw basah smua parah bgt
2377;177;11-50;4231464.0;text;;[];False;False;a59f9b9a2851ddd2;[];gw baru aja dr kampus
2378;177;1-10;4231467.0;text;;[];False;False;a59f9b9a2851ddd2;[];tuh
2379;177;1-10;4231474.0;text;;['😂'];False;False;30aac53f3af5e900;[];ASLI
2380;177;1-10;4231488.0;text;;[];False;False;46afdfb452960a5e;[];gpp
2381;177;11-50;4231491.0;text;;[];False;False;46afdfb452960a5e;[];mie ayam pak kumis juara sih,,,
2382;177;11-50;4231496.0;text;;[];False;False;46afdfb452960a5e;[];kelas tambahan hari sabtu sih
2383;177;1-10;4231499.0;text;;[];False;False;46afdfb452960a5e;[];bole
2384;177;11-50;4232064.0;text;;[];False;False;46afdfb452960a5e;[];kelas tambahan hari sabtu,,, sih
2385;177;11-50;4232068.0;text;;[];True;False;46afdfb452960a5e;[];gimana kabar lu sekarang?
2386;177;1-10;4232181.0;text;;[];False;False;46afdfb452960a5e;[];nah
2387;177;11-50;4232184.0;text;;[];False;False;46afdfb452960a5e;[];mie ayam pak kumis juara sih
2388;177;11-50;4232203.0;text;;[];True;False;46afdfb452960a5e;[];boleh gw,,, ikut ga?
2389;177;1-10;4232213.0;text;;[];False;False;46afdfb452960a5e;[];gaje
2390;177;0;4232223.0;sticker/webp;;[];False;False;46afdfb452960a5e;[];[Stiker]
2391;178;11-50;4234835.0;text;;[];True;False;e08d7809e954ff49;[];itu tempatnya jauh ga?
2392;178;11-50;4235255.0;text;;[];False;False;a59f9b9a2851ddd2;[];bokap gw lg di luar kota
2393;178;11-50;4235267.0;text;;[];True;False;a59f9b9a2851ddd2;[];tu tempatnya jauh ga?
2394;178;11-50;4235580.0;text;;[];False;False;46afdfb452960a5e;[];bokap gw,,, lagi di,,, luar kota
2395;178;1-10;4235830.0;text;;[];False;False;a59f9b9a2851ddd2;[];goks
2396;178;11-50;4236129.0;text;;[];False;False;a59f9b9a2851ddd2;[];kakak gw baru aja nikah
2397;178;1-10;4238160.0;text;;[];False;False;a59f9b9a2851ddd2;[];hayuk
2398;179;11-50;4287124.0;text;;[];False;False;e08d7809e954ff49;[];adek gw masuk SMA tahun ini
2399;179;1-10;4289674.0;text;;[];False;True;30aac53f3af5e900;[];TOP!
2400;179;1-10;4289809.0;text;;[];False;False;e08d7809e954ff49;[];hayuk
2401;179;1-10;4289810.0;text;;['😝'];False;False;e08d7809e954ff49;[];pasti
2402;179;11-50;4291530.0;text;;[];False;False;a59f9b9a2851ddd2;[];kakak gw baru aja nikah
2403;180;11-50;4298597.0;text;;[];True;False;e08d7809e954ff49;[];tadi ngomong apa sih dosennya?
2404;180;11-50;4298602.0;text;;[];False;True;e08d7809e954ff49;[];akhirnya kelar juga nih!
2405;180;11-50;4298680.0;text;;[];False;False;e08d7809e954ff49;['a59f9b9a2851ddd2'];gw lagi baca novel baru nih
2406;180;11-50;4298688.0;text;;[];False;False;e08d7809e954ff49;['dd9a90a3d295de32'];gw lagi baca novel baru nih
2407;180;11-50;4298695.0;text;;['😭'];True;False;e08d7809e954ff49;[];masih bangun ga lu jam segini?
2408;180;11-50;4298725.0;text;;[];True;False;46afdfb452960a5e;[];masih bangun,,, ga lu jam segini?
2409;180;1-10;4298750.0;text;;[];False;False;a59f9b9a2851ddd2;[];ih
2410;180;1-10;4298755.0;text;;[];False;False;a59f9b9a2851ddd2;[];bete
2411;180;11-50;4298755.0;text;;[];False;False;a59f9b9a2851ddd2;['e08d7809e954ff49'];gw abis lari pagi tadi
2412;180;1-10;4298758.0;text;;[];False;False;e08d7809e954ff49;[];jir
2413;180;1-10;4298767.0;text;;[];False;False;46afdfb452960a5e;[];bete
2414;180;1-10;4298768.0;text;;[];False;False;a59f9b9a2851ddd2;[];sans
2415;180;11-50;4298772.0;text;;['💪🏻'];False;False;a59f9b9a2851ddd2;[];pertandingan bola tadi malam gila
2416;180;11-50;4298773.0;text;;[];False;False;e08d7809e954ff49;[];konser itu mahal banget tiketnya
2417;180;1-10;4298781.0;text;;['🙃'];False;False;46afdfb452960a5e;[];jir
2418;180;51-100;4298782.0;text;;[];False;False;e08d7809e954ff49;[];gw gagal diet lagi soalnya tadi sore diajak makan bakso sama temen
2419;180;1-10;4298799.0;text;2410.0;[];True;False;e08d7809e954ff49;[];gmana?
2420;180;1-10;4298822.0;text;;[];False;False;a59f9b9a2851ddd2;[];zonk
2421;180;11-50;4298845.0;text;;[];False;False;e08d7809e954ff49;[];futsal besok jadi ga
2422;180;11-50;4298872.0;text;;[];False;False;a59f9b9a2851ddd2;[];podcast yg lu rekomen mana
2423;180;1-10;4298892.0;text;;['💪🏻'];False;False;30aac53f3af5e900;[];BETE
2424;181;1-10;4327774.0;text;;[];False;False;30aac53f3af5e900;[];TRUS
2425;181;1-10;4328111.0;text;;[];False;False;a59f9b9a2851ddd2;[];hihi
2426;182;101-500;4341095.0;text;;[];True;False;e08d7809e954ff49;[];guys ada yang tau ga sih kenapa sistem registrasi online kampus sering banget error pas masa pengisian KRS? tiap semester selalu gitu bikin stres, mana harus rebutan mata kuliah yang kuotanya dikit banget lagi. apa emang servernya ga kuat ya nampung banyak mahasiswa sekaligus?
2427;182;1-10;4341440.0;text;;[];False;True;30aac53f3af5e900;[];LUAR BIASA!
2428;182;1-10;4341442.0;text;;['😍'];False;False;30aac53f3af5e900;[];OKK
2429;182;1-10;4341442.0;text;;[];False;False;30aac53f3af5e900;[];EH
2430;182;11-50;4341442.0;text;;[];False;False;30aac53f3af5e900;[];CHARGER HP GW RUSAK LAGI
2431;182;11-50;4342105.0;text;;['😋'];False;True;e08d7809e954ff49;[];bahaya banget jalanannya!
2432;183;11-50;4401814.0;text;;[];True;False;a59f9b9a2851ddd2;[];boleh gw ikut ga?
2433;183;11-50;4402161.0;text;;['😰'];False;False;e08d7809e954ff49;[];gw baru aja dari kampus
2434;183;1-10;4404297.0;text;;[];False;False;30aac53f3af5e900;[];SABI
2435;184;1-10;4468201.0;text;;[];False;False;a59f9b9a2851ddd2;[];jir
2436;184;1-10;4468992.0;text;;[];False;False;a59f9b9a2851ddd2;[];btw
2437;185;11-50;4472555.0;text;;[];False;False;a59f9b9a2851ddd2;[];pertandingan bola tadi malam gila
2438;185;1-10;4472679.0;text;;[];False;False;a59f9b9a2851ddd2;[];ih
2439;186;0;4483456.0;system;;[];False;False;e08d7809e954ff49;[];[Pesan sistem]
2440;186;0;4483505.0;sticker/webp;;[];False;False;39683391a05b383b;[];[Stiker]
2441;186;1-10;4483508.0;text;;[];False;False;e08d7809e954ff49;[];cape
2442;186;51-100;4483546.0;text;;[];True;False;e08d7809e954ff49;[];lu pernah coba belajar bareng di perpus kota ga, enak ga disana?
2443;186;11-50;4483566.0;application/octet-stream;;[];False;False;e08d7809e954ff49;[];[application/octet-stream]
2444;186;1-10;4483721.0;text;;[];False;False;39683391a05b383b;[];dong
2445;186;11-50;4483723.0;text;;[];False;False;39683391a05b383b;[];gw kangen temen... temen SMA
2446;186;11-50;4483735.0;text;;[];False;False;39683391a05b383b;[];pacarnya baru siapa sih
2447;186;11-50;4484033.0;text;;[];False;False;a59f9b9a2851ddd2;[];temenin gw dong besok
2448;186;11-50;4484048.0;text;;[];False;False;a59f9b9a2851ddd2;[];pacarnya baru siapa sih
2449;186;51-100;4484476.0;text;;['😝'];False;False;e08d7809e954ff49;[];hari ini gw ada rapat organisasi sampe sore jadi ga bisa ikut nongkrong
2450;186;1-10;4487192.0;text;;[];False;False;e08d7809e954ff49;[];amin
2451;187;0;4514562.0;unknown;;[];False;False;e08d7809e954ff49;[];[Media tidak dikenal]
2452;187;11-50;4514573.0;text;;[];False;False;e08d7809e954ff49;[];gw nyari parkir dulu bentar
2453;187;11-50;4514578.0;text;;[];False;False;39683391a05b383b;[];gw nyari parkir dulu... bentar
2454;187;11-50;4514586.0;text;;[];False;False;e08d7809e954ff49;['dd9a90a3d295de32', 'a59f9b9a2851ddd2'];gw nyari parkir dulu bentar
2455;187;1-10;4514592.0;text;;[];False;False;39683391a05b383b;[];deh
2456;187;11-50;4514597.0;text;;[];False;False;e08d7809e954ff49;[];jangan lupa bawa duit cash
2457;187;11-50;4514604.0;text;;[];True;False;e08d7809e954ff49;[];nilai keluar kapan ya?
2458;187;11-50;4514616.0;text;;[];False;False;39683391a05b383b;[];rame banget disini cuy
2459;187;11-50;4514617.0;text;;[];False;False;39683391a05b383b;[];bsk sore ada waktu ga
2460;187;11-50;4514625.0;text;;[];False;False;39683391a05b383b;[];rame banget disini cuy
2461;187;11-50;4514634.0;text;;[];False;False;39683391a05b383b;[];macet parah di jalan... tol
2462;187;11-50;4514649.0;text;;[];False;False;39683391a05b383b;[];lu dimana sih lama banget
2463;187;1-10;4514656.0;text;;['😂'];False;False;39683391a05b383b;[];emm
2464;187;11-50;4514911.0;text;;[];False;False;46afdfb452960a5e;[];rame banget disini cuy
2465;187;11-50;4514912.0;text;;[];False;False;46afdfb452960a5e;[];bsk sore ada waktu ga
2466;187;11-50;4514918.0;text;;[];False;False;46afdfb452960a5e;[];bsk sore ada,,, waktu,,, ga
2467;187;11-50;4514927.0;text;;[];False;False;39683391a05b383b;[];rame banget disini... cuy
2468;187;0;4514931.0;image/jpeg;;[];False;False;30aac53f3af5e900;[];[Foto]
2469;187;11-50;4514936.0;text;;[];False;False;39683391a05b383b;[];gw naik ojol aja deh
2470;187;0;4514991.0;sticker/webp;;[];False;False;46afdfb452960a5e;[];[Stiker]
2471;187;11-50;4515002.0;text;;[];False;False;46afdfb452960a5e;[];gw lagi di warkop nih
2472;187;11-50;4515015.0;text;;[];False;False;46afdfb452960a5e;[];jangan lupa bawa duit cash
2473;187;51-100;4515036.0;text;;[];False;False;46afdfb452960a5e;[];temen sekamar,,, gw pindah,,, kosan jadi sekarang gw sendirian di kamar
2474;187;11-50;4515147.0;text;;[];False;False;30aac53f3af5e900;[];KETEMUAN DI MALL JAM 3 YA
2475;187;11-50;4515710.0;text;;[];False;False;a59f9b9a2851ddd2;[];gw udah di parkiran nih
2476;187;1-10;4515759.0;text;;[];False;False;39683391a05b383b;[];kok
2477;187;1-10;4515760.0;text;;[];False;False;39683391a05b383b;[];woi
2478;187;11-50;4515773.0;text;;[];False;False;a59f9b9a2851ddd2;[];gw naik ojol aja deh
2479;187;1-10;4515780.0;text;;[];False;False;a59f9b9a2851ddd2;[];kan
2480;187;11-50;4515790.0;text;;[];False;False;39683391a05b383b;[];gw ngga bisa ikut malem ini
2481;187;0;4515798.0;sticker/webp;;[];False;False;39683391a05b383b;[];[Stiker]
2482;187;0;4515836.0;sticker/webp;;[];False;False;46afdfb452960a5e;[];[Stiker]
2483;187;0;4515850.0;sticker/webp;;[];False;False;39683391a05b383b;[];[Stiker]
2484;187;1-10;4515941.0;text;;[];False;False;edab10a0f2ace5d1;[];ahhhhh
2485;187;1-10;4515941.0;text;;[];False;False;edab10a0f2ace5d1;[];yaa
2486;187;11-50;4515943.0;text;;[];True;False;edab10a0f2ace5d1;[];wifi passworddd nyaaaa apaa sih?
2487;187;1-10;4515947.0;text;;[];False;False;46afdfb452960a5e;[];ooh
2488;187;11-50;4515958.0;text;;[];False;False;46afdfb452960a5e;[];gw nyari parkir dulu bentar
2489;187;11-50;4515962.0;text;;[];False;False;edab10a0f2ace5d1;[];gw naik ojolll ajaaa deh
2490;187;1-10;4515970.0;text;;[];False;False;edab10a0f2ace5d1;[];oiii
2491;187;0;4515973.0;sticker/webp;;[];False;False;39683391a05b383b;[];[Stiker]
2492;187;11-50;4515978.0;text;;[];False;False;46afdfb452960a5e;[];macet parah di jalan tol
2493;187;0;4515994.0;sticker/webp;;[];False;False;39683391a05b383b;[];[Stiker]
2494;187;1-10;4515995.0;text;2492.0;[];False;False;edab10a0f2ace5d1;[];ahh
2495;187;0;4515996.0;sticker/webp;;[];False;False;46afdfb452960a5e;[];[Stiker]
2496;187;0;4515997.0;sticker/webp;;[];False;False;46afdfb452960a5e;[];[Stiker]
2497;187;0;4516001.0;sticker/webp;;[];False;False;46afdfb452960a5e;[];[Stiker]
2498;187;0;4516006.0;sticker/webp;;[];False;False;46afdfb452960a5e;[];[Stiker]
2499;187;11-50;4516019.0;text;;[];False;False;46afdfb452960a5e;[];macet parah,,, di jalan tol
2500;187;1-10;4516023.0;text;2496.0;['😂'];False;False;edab10a0f2ace5d1;[];emmmmm
2501;187;0;4516025.0;sticker/webp;;[];False;False;46afdfb452960a5e;[];[Stiker]
2502;187;1-10;4516291.0;text;2496.0;[];False;False;a59f9b9a2851ddd2;[];emm
2503;188;0;4555358.0;image/jpeg;;[];False;False;39683391a05b383b;[];[Foto]
2504;188;0;4555378.0;image/jpeg;;[];False;False;39683391a05b383b;[];[Foto]
2505;188;0;4555402.0;sticker/webp;;[];False;False;30aac53f3af5e900;[];[Stiker]
2506;188;0;4555405.0;sticker/webp;;[];False;False;30aac53f3af5e900;[];[Stiker]
2507;188;0;4555469.0;image/jpeg;;[];False;False;39683391a05b383b;[];[Foto]
2508;188;0;4555589.0;image/jpeg;;[];False;False;39683391a05b383b;[];[Foto]
2509;188;0;4555619.0;image/jpeg;;[];False;False;39683391a05b383b;[];[Foto]
2510;188;1-10;4555703.0;text;;[];False;False;30aac53f3af5e900;[];BTW
2511;188;11-50;4555747.0;image/jpeg;;[];False;False;39683391a05b383b;[];[Foto]
2512;188;11-50;4555760.0;text;;[];False;False;30aac53f3af5e900;[];PERTANDINGAN BOLA TADI MALAM GILA
2513;188;11-50;4555768.0;text;;[];False;False;30aac53f3af5e900;[];BADMINTON YUK SORE INI
2514;188;1-10;4555776.0;text;;['😂'];False;False;39683391a05b383b;[];oot
2515;188;11-50;4555779.0;text;;[];False;False;30aac53f3af5e900;[];SERIES ITU ENDINGNYA ZONK BGT
2516;188;51-100;4555781.0;text;;[];False;False;30aac53f3af5e900;[];DOSEN KILLER ITU TERNYATA BAIK BANGET ORANGNYA KALO DIAJAK NGOBROL SANTAI
2517;188;11-50;4555791.0;text;;[];False;False;30aac53f3af5e900;[];GW ABIS LARI PAGI TADI
2518;188;11-50;4556300.0;text;;[];False;False;39683391a05b383b;[];futsal besok jadi ga
2519;188;11-50;4556308.0;text;;[];False;False;39683391a05b383b;[];game baru udah download... belum...
2520;189;101-500;4571232.0;text;;[];True;True;e08d7809e954ff49;['a59f9b9a2851ddd2', '39683391a05b383b', 'dd9a90a3d295de32'];menurut kalian kenapa ya generasi kita tuh kayaknya lebih gampang stres dan burnout dibanding generasi orang tua kita dulu? apa karena tekanan sosmed atau emang tuntutan hidup yang makin tinggi ya? gw penasaran aja sih soalnya temen temen gw banyak yang ngeluh hal yang sama
2521;189;11-50;4571259.0;text;;[];True;True;30aac53f3af5e900;[];MASIH BANGUN GA LU JAM SEGINI?
2522;189;1-10;4571619.0;text;;[];False;True;e08d7809e954ff49;[];buset!
2523;189;11-50;4571626.0;text;;[];False;False;e08d7809e954ff49;[];game baru udah download belum
2524;189;11-50;4571643.0;text;;['☹'];False;False;30aac53f3af5e900;[];FUTSAL BESOK JADI GA
2525;189;1-10;4571664.0;text;;['😰'];False;False;e08d7809e954ff49;[];oot
2526;189;11-50;4571792.0;text;;['😂'];False;False;39683391a05b383b;[];futsal besok jadi ga
2527;189;11-50;4571816.0;text;;[];False;False;39683391a05b383b;[];pertandingan bola tadi malam gila...
2528;189;11-50;4571828.0;text;;[];False;False;39683391a05b383b;[];badminton yuk sore ini
2529;189;11-50;4571836.0;text;;[];False;False;39683391a05b383b;[];futsal besok jadi ga
2530;189;11-50;4571842.0;text;;[];False;False;39683391a05b383b;[];manga terbaru udah keluar loh...
2531;189;11-50;4572203.0;text;;['🤣'];False;False;e08d7809e954ff49;[];pertandingan bola tadi malam gila
2532;189;11-50;4572219.0;text;;[];False;False;e08d7809e954ff49;['39683391a05b383b'];gw lagi baca novel baru nih
2533;189;11-50;4572263.0;text;;[];False;False;39683391a05b383b;[];series itu endingnya... zonk bgt
2534;189;11-50;4572921.0;text;;[];True;False;a59f9b9a2851ddd2;[];tadi ngomong apa sih dosennya?
2535;189;0;4573108.0;image/jpeg;;[];False;False;39683391a05b383b;[];[Foto]
2536;189;11-50;4573113.0;text;;[];False;False;39683391a05b383b;[];pertandingan bola tadi malam gila
2537;189;1-10;4573174.0;text;;[];False;False;a59f9b9a2851ddd2;[];zonk
2538;189;11-50;4573187.0;text;;[];False;False;a59f9b9a2851ddd2;[];series tu endingnya zonk bgt
2539;189;11-50;4573195.0;text;;[];False;False;39683391a05b383b;[];gym hari ini... skip... deh
2540;189;11-50;4573208.0;text;;[];False;False;39683391a05b383b;[];gw abis lari pagi tadi
2541;189;11-50;4573211.0;text;;[];False;False;39683391a05b383b;[];album baru dia enak... banget
2542;189;1-10;4573855.0;text;;[];False;False;a59f9b9a2851ddd2;[];sans
2543;189;1-10;4573870.0;text;;[];True;False;39683391a05b383b;[];ya?
2544;189;11-50;4573873.0;text;;[];False;False;39683391a05b383b;[];game baru udah download belum
2545;189;1-10;4573955.0;text;;[];False;False;a59f9b9a2851ddd2;[];kuy
2546;189;11-50;4573956.0;text;;[];False;False;a59f9b9a2851ddd2;[];game baru udah download blm
2547;189;11-50;4573969.0;text;;[];False;False;a59f9b9a2851ddd2;[];gym hari ni skip deh
2548;189;1-10;4574506.0;text;;[];False;False;39683391a05b383b;[];btw
2549;189;1-10;4574507.0;text;;['😁'];False;False;39683391a05b383b;[];ih
2550;189;11-50;4574509.0;text;;[];False;False;39683391a05b383b;[];konser itu mahal... banget tiketnya
2551;189;11-50;4574529.0;text;;[];False;False;39683391a05b383b;[];gw abis lari pagi tadi...
2552;189;11-50;4574532.0;text;;[];False;False;39683391a05b383b;[];futsal besok jadi... ga...
2553;189;11-50;4574535.0;text;;[];False;False;39683391a05b383b;[];gym hari ini skip deh
2554;189;1-10;4575750.0;text;;['😉'];False;False;a59f9b9a2851ddd2;[];hoki
2555;189;11-50;4576806.0;application/octet-stream;;[];False;False;e08d7809e954ff49;[];[application/octet-stream]
2556;189;11-50;4576824.0;text;;[];True;False;39683391a05b383b;[];ada sinyal ga disitu?
2557;189;11-50;4576826.0;text;;[];False;False;e08d7809e954ff49;['a59f9b9a2851ddd2', '39683391a05b383b'];gw abis lari pagi tadi
2558;189;1-10;4576828.0;text;;[];False;False;e08d7809e954ff49;[];sans
2559;189;11-50;4576832.0;text;;[];False;False;39683391a05b383b;[];futsal besok jadi ga
2560;189;1-10;4576833.0;text;;[];False;False;a59f9b9a2851ddd2;[];kuy
2561;189;1-10;4576836.0;text;;[];False;False;39683391a05b383b;[];dih
2562;189;11-50;4576842.0;text;;[];False;False;39683391a05b383b;[];pertandingan bola tadi malam gila
2563;189;1-10;4576844.0;text;;['💪🏻'];False;False;a59f9b9a2851ddd2;[];sans
2564;189;11-50;4576854.0;text;2559.0;[];False;False;e08d7809e954ff49;[];badminton yuk sore ini
2565;189;1-10;4576856.0;text;;[];False;False;a59f9b9a2851ddd2;[];sans
2566;189;11-50;4576862.0;text;;[];False;False;39683391a05b383b;[];manga terbaru udah keluar loh...
2567;189;11-50;4576868.0;text;;[];False;False;39683391a05b383b;[];series itu endingnya zonk bgt
2568;189;11-50;4576873.0;text;;[];False;False;39683391a05b383b;[];badminton yuk sore ini
2569;189;11-50;4576876.0;text;;[];False;True;e08d7809e954ff49;[];akhirnya kelar juga nih!
2570;189;11-50;4576886.0;text;;[];False;False;39683391a05b383b;[];album baru dia enak... banget...
2571;189;11-50;4576898.0;text;;[];False;False;a59f9b9a2851ddd2;[];gw lg baca novel baru nih
2572;189;0;4576900.0;sticker/webp;;[];False;False;46afdfb452960a5e;[];[Stiker]
2573;189;0;4576901.0;sticker/webp;;[];False;False;46afdfb452960a5e;[];[Stiker]
2574;190;11-50;4581204.0;text;;[];False;False;39683391a05b383b;[];wifi kampus lemot... parah...
2575;190;11-50;4581291.0;text;;[];False;False;30aac53f3af5e900;[];GW LAGI DI ATM SEBENTAR
2576;190;11-50;4581334.0;text;;[];False;False;30aac53f3af5e900;[];GW LG SIBUK BGT MINGGU INI
2577;190;1-10;4581335.0;text;;['💪🏻'];False;False;30aac53f3af5e900;[];YOII
2578;190;1-10;4581528.0;text;;['💪🏻'];False;False;30aac53f3af5e900;[];SIAPP
2579;190;11-50;4581538.0;text;;[];False;False;39683391a05b383b;[];charger hp gw rusak lagi
2580;190;11-50;4581547.0;text;;[];False;False;39683391a05b383b;[];ntar gw kabarin lagi deh
2581;190;11-50;4581707.0;text;;[];False;True;30aac53f3af5e900;[];BAHAYA BANGET JALANANNYA!
2582;190;11-50;4581715.0;text;;[];False;False;30aac53f3af5e900;[];INTERNET MATI LAGI DI KOSAN
2583;190;11-50;4581727.0;text;;[];False;False;39683391a05b383b;[];gw lagi di atm sebentar
2584;190;51-100;4581749.0;text;;[];False;False;39683391a05b383b;[];tadi gw antri... di administrasi kampus 2 jam... cuma buat ngurus surat
2585;190;11-50;4581826.0;text;;[];False;False;39683391a05b383b;[];charger hp gw rusak lagi
2586;190;11-50;4581829.0;text;;[];False;False;39683391a05b383b;[];gw baru ganti nomor btw
2587;190;1-10;4581830.0;text;;['💪🏻'];False;False;30aac53f3af5e900;[];SEEP
2588;190;1-10;4581834.0;text;;['😂'];False;False;39683391a05b383b;[];eh
2589;190;1-10;4581838.0;text;;[];False;False;39683391a05b383b;[];hem
2590;190;11-50;4581842.0;text;;[];False;False;30aac53f3af5e900;[];INTERNET MATI LAGI DI KOSAN
2591;190;11-50;4581843.0;text;;[];False;False;30aac53f3af5e900;[];CUACA HARI INI PANAS BANGET
2592;190;11-50;4581843.0;text;;[];False;False;30aac53f3af5e900;[];GW BARU GANTI NOMOR BTW
2593;190;11-50;4581850.0;text;;[];False;False;39683391a05b383b;[];hujan deres ga bawa payung...
2594;190;11-50;4581853.0;text;;[];False;False;39683391a05b383b;[];ntar gw kabarin lagi deh
2595;190;11-50;4581857.0;text;;[];False;False;30aac53f3af5e900;[];CAPEK BANGET HARI INI ASLI
2596;190;11-50;4581858.0;text;;[];False;False;30aac53f3af5e900;[];DOMPET GW KETINGGALAN DI RUMAH
2597;190;11-50;4581862.0;text;;[];False;False;39683391a05b383b;[];ntar gw kabarin lagi deh
2598;190;1-10;4581863.0;text;;[];False;False;39683391a05b383b;[];okk
2599;190;11-50;4581871.0;text;;[];False;False;39683391a05b383b;[];baru bangun nih... masih ngantuk
2600;190;51-100;4581882.0;text;;[];False;False;30aac53f3af5e900;[];GW LAGI DENGERIN PODCAST TENTANG PSIKOLOGI, LUMAYAN BUAT NAMBAH WAWASAN
2601;190;1-10;4581893.0;text;;[];False;False;39683391a05b383b;[];yoii
2602;190;11-50;4581897.0;text;;[];False;False;39683391a05b383b;[];hp gw lowbat nih
2603;190;1-10;4581900.0;text;;[];False;False;39683391a05b383b;[];gassss
2604;190;11-50;4581903.0;text;;[];False;False;39683391a05b383b;[];baru bangun nih masih ngantuk
2605;190;11-50;4581912.0;text;;[];False;False;39683391a05b383b;[];gw mau tidur dulu ya
2606;190;11-50;4581928.0;text;;[];False;False;39683391a05b383b;[];baru bangun nih masih ngantuk
2607;190;11-50;4581937.0;text;;[];False;False;30aac53f3af5e900;[];BARU BANGUN NIH MASIH NGANTUK
2608;190;11-50;4581971.0;text;;[];False;False;39683391a05b383b;[];wifi kampus lemot parah
2609;190;51-100;4581989.0;text;;[];False;False;39683391a05b383b;[];tadi gw antri di... administrasi kampus... 2 jam... cuma buat... ngurus surat...
2610;190;11-50;4582015.0;text;;[];False;False;39683391a05b383b;[];bentar ya gw lg di jalan
2611;190;1-10;4582500.0;text;;[];False;False;30aac53f3af5e900;[];IYAA
2612;190;11-50;4582508.0;text;;[];False;False;30aac53f3af5e900;[];HUJAN DERES GA BAWA PAYUNG
2613;191;1-10;4583227.0;text;;[];False;False;30aac53f3af5e900;[];DONE
2614;191;1-10;4583233.0;text;;[];False;True;30aac53f3af5e900;[];PARAH!
2615;191;11-50;4583238.0;text;;[];True;False;30aac53f3af5e900;[];ADA YANG PUNYA CATETAN?
2616;191;11-50;4583248.0;text;;[];False;False;39683391a05b383b;[];seminar tadi lama... banget
2617;191;11-50;4583267.0;text;;[];False;False;30aac53f3af5e900;[];SEMINAR TADI LAMA BANGET
2618;191;1-10;4583353.0;text;;[];True;False;30aac53f3af5e900;[];DIMANA?
2619;191;11-50;4583357.0;text;;[];True;False;30aac53f3af5e900;[];NTAR MALEM NGAPAIN?
2620;191;1-10;4583358.0;text;;[];True;False;30aac53f3af5e900;[];DIMANA?
2621;191;1-10;4583359.0;text;;[];False;False;30aac53f3af5e900;[];DONE
2622;191;1-10;4583395.0;text;;[];False;False;30aac53f3af5e900;[];TUH
2623;191;11-50;4583412.0;text;;[];True;False;30aac53f3af5e900;[];BOLEH GW IKUT GA?
2624;191;1-10;4583445.0;text;;[];False;False;30aac53f3af5e900;[];BET
2625;192;1-10;4594567.0;text;;[];False;False;46afdfb452960a5e;[];oii
2626;192;1-10;4594572.0;text;;[];False;False;39683391a05b383b;[];woi
2627;192;1-10;4594578.0;text;;['🙄'];False;False;e08d7809e954ff49;[];oii
2628;192;1-10;4595979.0;text;;[];False;False;a59f9b9a2851ddd2;[];hoo
2629;193;11-50;4601628.0;text;;[];True;False;39683391a05b383b;[];makan apa ntar siang?
2630;193;11-50;4601645.0;text;;[];True;False;39683391a05b383b;[];nilai keluar kapan ya?
2631;193;1-10;4601652.0;text;;[];False;False;39683391a05b383b;[];emm
2632;193;1-10;4601657.0;text;;[];False;False;39683391a05b383b;[];mah
2633;193;11-50;4601661.0;text;;[];False;False;a59f9b9a2851ddd2;[];ketemuan di mall jam 3 ya
2634;193;11-50;4601666.0;text;;[];False;False;39683391a05b383b;[];gw ngga bisa ikut malem... ini
2635;193;1-10;4601677.0;text;;[];False;False;39683391a05b383b;[];deh
2636;193;11-50;4601684.0;text;;[];False;False;39683391a05b383b;[];macet parah di jalan tol
2637;193;1-10;4601698.0;text;;[];False;False;e08d7809e954ff49;[];ooh
2638;193;11-50;4601698.0;text;;[];False;True;46afdfb452960a5e;[];gw seneng,,, banget dapet,,, a!
2639;193;11-50;4601702.0;text;;[];False;False;46afdfb452960a5e;[];gw naik ojol aja deh
2640;193;1-10;4601706.0;text;;[];False;False;39683391a05b383b;[];yaa
2641;193;11-50;4601710.0;text;;[];False;True;30aac53f3af5e900;[];GW SENENG BANGET DAPET A!
2642;193;11-50;4601714.0;text;;[];False;False;46afdfb452960a5e;[];gw ngga bisa ikut malem ini
2643;193;11-50;4601715.0;text;;[];False;False;39683391a05b383b;[];rame banget disini cuy
2644;193;51-100;4601727.0;text;;[];True;False;39683391a05b383b;[];gimana caranya biar bisa fokus belajar... tanpa main hp terus ya?
2645;193;1-10;4601728.0;text;;[];False;False;30aac53f3af5e900;[];WAH
2646;193;11-50;4601748.0;text;;[];False;False;46afdfb452960a5e;[];ketemuan di mall jam 3 ya
2647;193;11-50;4601756.0;text;;[];False;False;46afdfb452960a5e;[];jangan lupa bawa duit cash
2648;193;1-10;4601760.0;text;;[];False;False;46afdfb452960a5e;[];oii
2649;193;11-50;4601762.0;text;;[];False;False;46afdfb452960a5e;[];gw naik,,, ojol aja deh
2650;193;1-10;4601772.0;text;;[];False;False;39683391a05b383b;[];deh
2651;193;11-50;4601775.0;text;;[];False;False;46afdfb452960a5e;[];rame banget disini cuy
2652;193;11-50;4601788.0;text;;[];False;False;39683391a05b383b;[];kita ketemuan dimana... aja... deh
2653;193;11-50;4601790.0;text;;[];False;False;46afdfb452960a5e;[];jangan lupa bawa duit cash
2654;193;11-50;4601792.0;text;;[];False;False;39683391a05b383b;[];lu dimana sih lama... banget
2655;193;11-50;4601813.0;text;;[];False;False;39683391a05b383b;[];gw nyari parkir dulu bentar
2656;193;11-50;4601859.0;text;;[];False;False;46afdfb452960a5e;[];gw naik ojol aja deh
2657;193;11-50;4601863.0;text;;['💪'];False;False;46afdfb452960a5e;[];gw naik ojol aja,,, deh
2658;193;11-50;4601869.0;text;;[];False;False;39683391a05b383b;[];kita ketemuan dimana aja deh
2659;193;1-10;4601870.0;text;;[];False;False;30aac53f3af5e900;[];KOK
2660;193;1-10;4601871.0;text;;[];False;False;39683391a05b383b;[];mah
2661;193;1-10;4601902.0;text;;[];False;False;46afdfb452960a5e;[];deh
2662;194;11-50;4630058.0;text;;['😅'];False;False;e08d7809e954ff49;[];gw lagi di warkop nih
2663;194;1-10;4630117.0;text;;[];False;False;39683391a05b383b;[];deh
2664;194;1-10;4630122.0;text;;[];False;False;39683391a05b383b;[];kan
2665;194;11-50;4630238.0;text;;['🙈'];False;False;e08d7809e954ff49;[];lu dimana sih lama banget
2666;194;1-10;4631022.0;text;;[];False;False;a59f9b9a2851ddd2;[];oii
2667;194;1-10;4631035.0;text;;[];False;False;39683391a05b383b;[];mah
2668;194;1-10;4631040.0;text;;[];False;False;39683391a05b383b;[];woi
2669;194;1-10;4631042.0;text;;[];False;False;39683391a05b383b;[];woi
2670;194;1-10;4631053.0;text;;[];False;False;39683391a05b383b;[];oii
2671;194;11-50;4631080.0;text;;[];False;False;39683391a05b383b;[];ketemuan di mall jam... 3 ya...
2672;194;11-50;4631114.0;text;;[];False;False;39683391a05b383b;[];ketemuan di mall... jam... 3 ya
2673;194;1-10;4631114.0;text;;[];False;False;39683391a05b383b;[];kan
2674;194;11-50;4631467.0;image/jpeg;;['😅'];False;False;e08d7809e954ff49;[];[Foto]
2675;194;1-10;4631490.0;text;;[];False;False;39683391a05b383b;[];oii
2676;194;11-50;4631507.0;text;;[];False;False;39683391a05b383b;[];macet parah di jalan tol...
2677;194;11-50;4631568.0;text;;[];False;False;39683391a05b383b;[];gw lagi di warkop... nih
2678;194;11-50;4631571.0;text;;[];False;False;39683391a05b383b;[];gw lagi di warkop nih
2679;194;11-50;4631583.0;text;;[];False;False;39683391a05b383b;[];gw lagi di warkop nih
2680;194;11-50;4632319.0;text;;[];False;False;e08d7809e954ff49;[];lu dimana sih lama banget
2681;194;11-50;4632330.0;text;;[];False;False;e08d7809e954ff49;[];gw naik ojol aja deh
2682;194;11-50;4632358.0;text;;[];False;False;e08d7809e954ff49;[];gw naik ojol aja deh
2683;194;51-100;4632368.0;text;;[];True;False;e08d7809e954ff49;['dd9a90a3d295de32'];gimana caranya biar bisa fokus belajar tanpa main hp terus ya?
2684;194;11-50;4632388.0;text;;[];False;False;e08d7809e954ff49;[];gw lagi di warkop nih
2685;194;11-50;4632409.0;text;;[];False;False;e08d7809e954ff49;[];gw nyari parkir dulu bentar
2686;194;51-100;4632475.0;text;;[];True;False;e08d7809e954ff49;[];gimana caranya biar bisa fokus belajar tanpa main hp terus ya?
2687;194;11-50;4632511.0;text;;[];False;False;39683391a05b383b;[];rame banget disini cuy
2688;194;11-50;4632514.0;text;;[];False;False;39683391a05b383b;[];gw naik ojol aja... deh...
2689;194;11-50;4632530.0;text;;[];False;False;39683391a05b383b;[];jangan lupa bawa duit cash...
2690;194;11-50;4632543.0;text;;[];False;False;39683391a05b383b;[];kita ketemuan dimana aja deh
2691;194;1-10;4632690.0;text;;['💪🏼'];False;False;e08d7809e954ff49;[];wah
2692;194;51-100;4632720.0;text;;[];True;False;e08d7809e954ff49;[];gimana caranya biar bisa fokus belajar tanpa main hp terus ya?
2693;194;11-50;4632981.0;text;;[];False;False;e08d7809e954ff49;[];bsk sore ada waktu ga
2694;194;1-10;4633011.0;text;;[];False;False;39683391a05b383b;[];yaa
2695;194;11-50;4633013.0;text;;[];True;False;39683391a05b383b;[];nilai keluar kapan ya?...
2696;194;11-50;4633040.0;text;;[];False;False;39683391a05b383b;[];gw lagi di... warkop nih
2697;194;11-50;4633045.0;text;;[];False;False;39683391a05b383b;[];gw naik ojol aja... deh
2698;194;11-50;4633052.0;text;;[];False;False;39683391a05b383b;[];macet parah di jalan... tol...
2699;194;11-50;4633057.0;text;;[];False;False;39683391a05b383b;[];lu dimana sih lama banget
2700;194;11-50;4633317.0;text;;[];False;False;39683391a05b383b;[];gw nyari parkir dulu bentar...
2701;194;11-50;4633325.0;text;;[];True;False;39683391a05b383b;[];wifi password nya apa sih?
2702;194;11-50;4634066.0;image/jpeg;;[];False;False;e08d7809e954ff49;['39683391a05b383b'];[Foto]
2703;194;11-50;4634073.0;text;;[];False;False;a59f9b9a2851ddd2;[];ketemuan di mall jam 3 ya
2704;194;11-50;4634084.0;text;;[];False;False;a59f9b9a2851ddd2;[];jangan lupa bawa duit cash
2705;194;1-10;4634096.0;text;;[];False;False;39683391a05b383b;[];emm
2706;194;11-50;4634103.0;text;;[];False;False;39683391a05b383b;[];lu dimana sih lama banget
2707;194;11-50;4634104.0;text;;[];False;False;39683391a05b383b;[];gw lagi di warkop nih
2708;194;11-50;4634113.0;text;;[];False;False;39683391a05b383b;[];ketemuan di mall jam 3 ya
2709;194;0;4634145.0;image/jpeg;;[];False;False;a59f9b9a2851ddd2;[];[Foto]
2710;194;11-50;4634150.0;text;;[];False;False;a59f9b9a2851ddd2;[];lu dmn sih lama bgt
2711;194;11-50;4634153.0;text;;[];False;False;a59f9b9a2851ddd2;['dd9a90a3d295de32'];bsk sore ad waktu ga
2712;194;11-50;4634189.0;text;;[];False;False;39683391a05b383b;[];ketemuan di mall jam 3 ya
2713;194;11-50;4634333.0;text;;[];False;False;39683391a05b383b;[];kita ketemuan dimana aja deh...
2714;195;11-50;4635448.0;text;;[];False;False;39683391a05b383b;[];jangan lupa bawa duit cash
2715;195;1-10;4635928.0;text;;[];False;False;a59f9b9a2851ddd2;[];hoo
2716;196;11-50;4640606.0;text;;[];True;False;30aac53f3af5e900;[];UDAH SAMPE BELOM?
2717;196;11-50;4640620.0;text;;[];False;False;30aac53f3af5e900;[];KOPI SUSU YG BIASA YA
2718;196;1-10;4640623.0;text;;[];False;True;30aac53f3af5e900;[];YES!
2719;197;1-10;4644312.0;text;;[];False;True;e08d7809e954ff49;[];mantap!
2720;197;1-10;4644319.0;text;;[];False;False;a59f9b9a2851ddd2;[];nih
2721;197;11-50;4644323.0;text;;[];True;False;a59f9b9a2851ddd2;[];ad yg pny catetan?
2722;197;11-50;4644330.0;text;;[];True;False;e08d7809e954ff49;[];boleh gw ikut ga?
2723;197;11-50;4644345.0;text;;[];False;False;a59f9b9a2851ddd2;[];proposal skripsi gw ditolak
2724;197;11-50;4644347.0;text;;[];False;False;e08d7809e954ff49;[];mie ayam pak kumis juara sih
2725;197;11-50;4644348.0;text;;[];True;False;a59f9b9a2851ddd2;[];ntar malem ngapain?
2726;197;11-50;4644358.0;text;;[];True;False;e08d7809e954ff49;[];ntar malem ngapain?
2727;197;1-10;4644367.0;text;;[];False;False;a59f9b9a2851ddd2;[];tuh
2728;197;11-50;4644378.0;text;;[];False;False;a59f9b9a2851ddd2;[];gw mau ambil cuti semester
2729;197;1-10;4644384.0;text;;[];True;False;a59f9b9a2851ddd2;[];bener?
2730;197;1-10;4644460.0;text;;[];False;False;e08d7809e954ff49;[];hmm
2731;197;1-10;4644464.0;text;;[];False;False;e08d7809e954ff49;[];nih
2732;197;1-10;4644643.0;text;;[];False;False;a59f9b9a2851ddd2;[];asli
2733;197;11-50;4644649.0;text;;[];False;False;a59f9b9a2851ddd2;[];gw laper bgt nih
2734;198;11-50;4651110.0;text;;[];True;False;e08d7809e954ff49;['46afdfb452960a5e'];bayar berapa sih tadi?
2735;198;11-50;4652445.0;text;;[];False;False;46afdfb452960a5e;[];sarapan dulu baru mikir,,,
2736;198;11-50;4652450.0;text;;[];False;False;46afdfb452960a5e;[];gw mau,,, pesen,,, gofood,,, dulu
2737;198;11-50;4652464.0;text;;[];False;False;46afdfb452960a5e;[];indomie telor udah cukup,,, kok
2738;199;11-50;4668999.0;text;;['🙄'];False;False;e08d7809e954ff49;[];ketemuan di mall jam 3 ya
2739;199;11-50;4670223.0;text;;[];False;True;30aac53f3af5e900;[];ASIK BESOK LIBUR GUYS!
2740;199;11-50;4670723.0;text;;[];False;True;39683391a05b383b;[];gw seneng banget dapet... A!
2741;199;11-50;4671688.0;text;;[];False;False;46afdfb452960a5e;[];gw nyari parkir dulu bentar
2742;199;11-50;4671695.0;text;;[];False;False;46afdfb452960a5e;[];kita ketemuan dimana aja deh
2743;199;11-50;4671735.0;text;;[];False;False;a59f9b9a2851ddd2;[];gw naik ojol aja deh
2744;199;11-50;4671901.0;text;;['😅'];False;False;e08d7809e954ff49;[];lu dimana sih lama banget
2745;199;1-10;4673263.0;text;;[];False;False;46afdfb452960a5e;[];ahh
2746;199;0;4673274.0;sticker/webp;;[];False;False;46afdfb452960a5e;[];[Stiker]
2747;199;51-100;4673294.0;text;;[];False;False;46afdfb452960a5e;[];gw lagi nyoba masak rendang resep nyokap tapi,,, kayaknya gagal,,, total deh
2748;199;11-50;4673305.0;text;;[];False;False;46afdfb452960a5e;[];gw lagi di,,, warkop,,, nih
2749;199;11-50;4673308.0;text;;[];False;False;46afdfb452960a5e;[];macet parah di,,, jalan tol
2750;200;0;4677633.0;image/jpeg;;[];False;False;39683391a05b383b;[];[Foto]
2751;200;1-10;4677647.0;text;;[];False;False;30aac53f3af5e900;[];NGAB
2752;200;1-10;4677647.0;text;;['💪🏻'];False;False;30aac53f3af5e900;[];BRO
2753;200;1-10;4677649.0;text;;[];False;False;39683391a05b383b;[];yep
2754;200;11-50;4677651.0;text;;[];False;False;30aac53f3af5e900;[];KOPI SUSU YG BIASA YA
2755;200;1-10;4677654.0;text;;['😂'];False;False;39683391a05b383b;[];lol
2756;200;11-50;4677657.0;text;;[];False;False;39683391a05b383b;[];gw lagi diet tapi gagal mulu
2757;200;1-10;4677659.0;text;;[];False;False;30aac53f3af5e900;[];CUY
2758;200;1-10;4677661.0;text;;[];False;False;30aac53f3af5e900;[];FIX
2759;200;11-50;4677682.0;text;;[];False;False;39683391a05b383b;[];tadi gw makan nasi... padang
2760;200;11-50;4677702.0;text;;[];False;False;39683391a05b383b;[];es teh manis satu ya bang...
2761;200;1-10;4677703.0;text;;['😂'];False;False;39683391a05b383b;[];lol
2762;200;1-10;4677786.0;text;;[];False;False;30aac53f3af5e900;[];GASS
2763;200;1-10;4677789.0;text;;[];False;False;30aac53f3af5e900;[];YEP
2764;200;11-50;4677866.0;text;;[];True;False;30aac53f3af5e900;[];UDAH SAMPE BELOM?
2765;200;11-50;4677872.0;text;;[];False;False;30aac53f3af5e900;['39683391a05b383b'];GW MAU PESEN GOFOOD DULU
2766;200;11-50;4677918.0;text;;[];False;False;a59f9b9a2851ddd2;[];porsi makan gw nambah terus
2767;200;1-10;4677920.0;text;;[];False;False;39683391a05b383b;[];sis
2768;200;11-50;4677936.0;text;;[];False;False;39683391a05b383b;[];gw mau nyoba restoran baru
2769;200;11-50;4678234.0;text;;[];False;False;30aac53f3af5e900;[];GW MAU PESEN GOFOOD DULU
2770;200;1-10;4678292.0;text;;[];False;False;39683391a05b383b;[];yep
2771;200;1-10;4678292.0;text;;[];False;False;39683391a05b383b;[];ayok
2772;200;11-50;4678292.0;text;;[];False;False;39683391a05b383b;[];tadi gw makan... nasi padang...
2773;200;1-10;4678303.0;text;;[];False;False;30aac53f3af5e900;[];FIX
2774;200;11-50;4678305.0;text;;[];True;False;30aac53f3af5e900;[];UDAH SAMPE BELOM?
2775;200;1-10;4678307.0;text;;[];False;False;39683391a05b383b;[];lol
2776;200;11-50;4678307.0;text;;[];False;False;39683391a05b383b;[];indomie telor udah... cukup kok
2777;200;1-10;4678310.0;text;;[];False;False;39683391a05b383b;[];woy
2778;200;11-50;4678310.0;text;;[];False;False;30aac53f3af5e900;[];MASAK SENDIRI LEBIH HEMAT SIH
2779;200;1-10;4678313.0;text;;[];False;False;30aac53f3af5e900;[];FIX
2780;200;11-50;4678313.0;text;;[];True;False;39683391a05b383b;[];udah sampe belom?
2781;200;1-10;4678314.0;text;;[];False;False;30aac53f3af5e900;[];WOY
2782;200;1-10;4678314.0;text;;[];False;False;30aac53f3af5e900;[];CUY
2783;200;11-50;4678319.0;text;;[];False;False;30aac53f3af5e900;[];TADI GW MAKAN NASI PADANG
2784;200;1-10;4678320.0;text;;['😂'];False;False;39683391a05b383b;[];cuy
2785;200;1-10;4678325.0;text;;['😂'];False;False;30aac53f3af5e900;[];BENER
2786;200;1-10;4678329.0;text;;[];False;False;30aac53f3af5e900;[];AYOK
2787;200;1-10;4678344.0;text;;[];False;False;39683391a05b383b;[];fix
2788;200;11-50;4678353.0;text;;[];False;False;39683391a05b383b;[];nongkrong yuk di... kafe biasa
2789;200;11-50;4678376.0;text;;[];False;False;39683391a05b383b;[];masak sendiri lebih hemat sih
2790;200;51-100;4678443.0;text;;[];False;False;39683391a05b383b;[];gw lagi bingung milih topik skripsi antara dua tema yang sama menariknya...
2791;200;11-50;4678445.0;text;;[];False;False;39683391a05b383b;[];gw lagi diet tapi gagal mulu
2792;200;11-50;4678467.0;text;;[];False;False;39683391a05b383b;[];es teh manis satu ya bang
2793;200;11-50;4678480.0;text;;[];False;False;39683391a05b383b;[];kopi susu yg biasa ya
2794;200;1-10;4678495.0;text;;[];False;False;39683391a05b383b;[];sis
2795;200;11-50;4678498.0;text;;[];False;False;39683391a05b383b;[];masak sendiri lebih hemat sih
2796;201;1-10;4679761.0;text;;[];False;False;39683391a05b383b;[];cape
2797;201;1-10;4680067.0;text;;[];False;False;30aac53f3af5e900;[];DONG
2798;202;11-50;4739004.0;image/jpeg;;['🙄'];False;False;e08d7809e954ff49;[];[Foto]
2799;202;11-50;4741705.0;text;;[];False;False;39683391a05b383b;[];pacarnya baru siapa sih
2800;202;11-50;4741710.0;text;;[];False;False;39683391a05b383b;[];temen gw sakit masuk RS
2801;202;1-10;4741728.0;text;;['🤣'];False;False;e08d7809e954ff49;[];dong
2802;203;0;4827925.0;image/jpeg;;[];False;False;39683391a05b383b;[];[Foto]
2803;203;11-50;4827935.0;text;;[];False;False;a59f9b9a2851ddd2;[];series tu endingnya zonk bgt
2804;203;11-50;4829162.0;text;;[];False;False;30aac53f3af5e900;[];PODCAST YG LU REKOMEN MANA
2805;204;101-500;4854135.0;text;;['🤣'];False;False;e08d7809e954ff49;['a59f9b9a2851ddd2'];gw pengen curhat sedikit nih. akhir akhir ini gw ngerasa burnout banget sama rutinitas kuliah yang itu itu aja. bangun pagi, kuliah, tugas, tidur, repeat. kadang gw ngerasa kayak robot yang cuma jalan sesuai program tanpa tau tujuan akhirnya apa. mungkin gw butuh liburan beneran buat refresh otak
2806;204;11-50;4854276.0;text;;['😂'];False;False;39683391a05b383b;[];gw baru aja ketemu mantan
2807;204;1-10;4854310.0;text;;['🙄', '🤣'];False;False;e08d7809e954ff49;[];mager
2808;204;51-100;4854322.0;text;;[];False;False;39683391a05b383b;[];adek gw mau masuk kuliah... tahun... depan gw harus bantu... cariin info jurusan
2809;204;11-50;4854418.0;text;;['🤣'];False;False;e08d7809e954ff49;[];film baru di bioskop bagus ga
2810;204;1-10;4854567.0;text;;['😂'];False;False;39683391a05b383b;[];nice
2811;204;1-10;4854731.0;image/jpeg;;['🤣'];False;False;e08d7809e954ff49;[];[Foto]
2812;204;11-50;4854760.0;text;;['🤔'];True;False;e08d7809e954ff49;[];kenapa ga bales chat gw?
2813;204;11-50;4854807.0;text;;[];False;False;39683391a05b383b;[];bokap gw lagi di luar kota
2814;204;51-100;4854810.0;text;;[];False;False;39683391a05b383b;[];tadi pagi gw olahraga lari... keliling kampus 5... putaran badan pegel semua...
2815;204;1-10;4855372.0;text;;['😂'];False;False;30aac53f3af5e900;[];NICE
2816;204;11-50;4855382.0;text;;[];True;False;30aac53f3af5e900;[];SIAPA AJA YG DATENG?
2817;204;1-10;4855384.0;text;;['🙄'];False;False;30aac53f3af5e900;[];GITU
2818;204;1-10;4855398.0;text;;['🙄'];False;False;30aac53f3af5e900;[];PASTI
2819;204;51-100;4855401.0;text;;[];False;False;30aac53f3af5e900;[];ADEK GW MAU MASUK KULIAH TAHUN DEPAN GW HARUS BANTU CARIIN INFO JURUSAN
2820;204;11-50;4855406.0;text;;[];False;False;e08d7809e954ff49;[];playlist lo yang mana sih
2821;204;1-10;4855414.0;text;;[];False;False;a59f9b9a2851ddd2;[];hayuk
2822;204;1-10;4855418.0;text;;[];False;False;e08d7809e954ff49;[];hayuk
2823;204;11-50;4855441.0;text;;[];True;False;a59f9b9a2851ddd2;[];knp ga bales chat gw?
2824;204;11-50;4856049.0;text;;[];False;False;e08d7809e954ff49;[];bokap gw lagi di luar kota
2825;204;1-10;4856094.0;text;;[];True;False;a59f9b9a2851ddd2;[];napa?
2826;204;11-50;4856100.0;text;;[];False;False;a59f9b9a2851ddd2;[];film baru di bioskop bagus ga
2827;204;11-50;4856812.0;text;;[];False;False;e08d7809e954ff49;[];playlist lo yang mana sih
2828;204;1-10;4856818.0;text;;['😅'];False;False;e08d7809e954ff49;[];gini
2829;205;1-10;4859344.0;text;;[];False;False;a59f9b9a2851ddd2;[];hem
2830;205;51-100;4859351.0;text;;[];False;False;a59f9b9a2851ddd2;[];tadi gw antri di administrasi kampus 2 jam cuma buat ngurus surat
2831;205;1-10;4859427.0;text;;[];False;False;e08d7809e954ff49;[];oh
2832;205;11-50;4859436.0;text;;['🙈'];False;False;e08d7809e954ff49;[];gw lagi di atm sebentar
2833;206;11-50;5249601.0;text;;[];False;False;39683391a05b383b;[];gw lagi di atm sebentar
2834;206;11-50;5249608.0;text;;[];False;False;39683391a05b383b;[];gw baru ganti nomor... btw
2835;206;11-50;5249608.0;text;;[];False;False;39683391a05b383b;[];wifi kampus lemot parah
2836;206;11-50;5249615.0;text;;[];False;False;39683391a05b383b;[];wifi kampus lemot parah
2837;206;11-50;5249627.0;text;;[];False;False;39683391a05b383b;[];hujan deres ga bawa payung
2838;206;11-50;5249648.0;text;;[];False;False;39683391a05b383b;[];bentar ya gw lg di jalan...
2839;206;0;5249722.0;sticker/webp;;[];False;False;46afdfb452960a5e;[];[Stiker]
2840;206;1-10;5249742.0;text;;['😭'];False;False;e08d7809e954ff49;[];yess
2841;206;11-50;5249742.0;text;;[];False;False;39683391a05b383b;[];hujan deres ga... bawa payung
2842;206;11-50;5249746.0;text;;[];False;False;e08d7809e954ff49;[];wifi kampus lemot parah
2843;206;51-100;5249759.0;text;;[];False;False;39683391a05b383b;[];gw seneng banget akhirnya bisa ketemu temen temen lama setelah... lama ga...
2844;206;11-50;5249775.0;text;;[];False;False;39683391a05b383b;[];hp gw lowbat nih
2845;206;11-50;5249783.0;text;;[];False;False;39683391a05b383b;[];cuaca hari ini... panas banget
2846;206;11-50;5249801.0;text;;[];False;False;39683391a05b383b;[];wifi kampus lemot parah...
2847;206;11-50;5249808.0;text;;[];False;False;e08d7809e954ff49;[];charger hp gw rusak lagi
2848;206;1-10;5249815.0;text;;[];False;False;e08d7809e954ff49;[];okk
2849;206;11-50;5249823.0;text;;[];False;False;39683391a05b383b;[];gw baru ganti nomor btw
2850;206;1-10;5249835.0;text;;[];False;False;e08d7809e954ff49;[];gassss
2851;206;11-50;5249837.0;text;;[];False;False;e08d7809e954ff49;[];wifi kampus lemot parah
2852;206;11-50;5249841.0;text;;[];False;False;46afdfb452960a5e;[];hp gw lowbat nih
2853;206;11-50;5249844.0;text;;[];False;False;46afdfb452960a5e;[];cuaca hari ini,,, panas,,, banget
2854;206;0;5249848.0;sticker/webp;;[];False;False;46afdfb452960a5e;[];[Stiker]
2855;206;1-10;5249854.0;text;;['🤣'];False;False;e08d7809e954ff49;[];siapp
2856;206;1-10;5249854.0;text;;[];False;False;39683391a05b383b;[];okey
2857;206;11-50;5249876.0;text;;[];False;False;46afdfb452960a5e;[];ntar gw kabarin,,, lagi,,, deh
2858;206;11-50;5249879.0;text;;[];False;False;39683391a05b383b;[];baru bangun nih masih ngantuk
2859;206;11-50;5249957.0;text;;[];False;False;39683391a05b383b;[];cuaca hari ini panas banget
2860;206;1-10;5249962.0;text;;[];False;False;39683391a05b383b;[];hem
2861;206;11-50;5251171.0;text;;[];False;False;e08d7809e954ff49;[];wifi kampus lemot parah
2862;206;0;5251678.0;image/jpeg;;[];False;False;a59f9b9a2851ddd2;[];[Foto]
2863;206;11-50;5251681.0;text;;[];False;False;a59f9b9a2851ddd2;[];capek bgt hari ni asli
2864;206;11-50;5251720.0;text;;[];False;False;30aac53f3af5e900;[];LU TIM MANA DUKUNGNYA
2865;206;1-10;5251723.0;text;;[];False;False;30aac53f3af5e900;[];GASSSS
2866;206;11-50;5252103.0;text;;[];False;False;a59f9b9a2851ddd2;[];gw baru ganti nomor btw
2867;207;0;5256802.0;image/jpeg;;[];False;False;a59f9b9a2851ddd2;[];[Foto]
2868;207;11-50;5256847.0;text;;[];False;False;edab10a0f2ace5d1;[];gw lagiii di atmmm sebentar
2869;207;11-50;5257000.0;text;;[];False;False;39683391a05b383b;[];internet mati lagi di... kosan
2870;207;1-10;5257018.0;text;;[];False;False;39683391a05b383b;[];gassss
2871;207;11-50;5257022.0;text;;[];False;False;39683391a05b383b;[];gw lg sibuk bgt minggu ini
2872;208;11-50;5329870.0;text;;[];True;False;a59f9b9a2851ddd2;[];udah sampe belom?
2873;208;1-10;5330571.0;text;;[];False;False;a59f9b9a2851ddd2;[];gass
2874;208;11-50;5330893.0;text;;[];False;False;e08d7809e954ff49;[];sarapan dulu baru mikir
2875;208;51-100;5330901.0;text;;[];False;False;e08d7809e954ff49;[];tadi di kantin ketemu anak angkatan bawah yang kenal sama temen SMA gw
2876;209;51-100;5333085.0;text;;[];True;False;e08d7809e954ff49;[];lu pernah coba belajar bareng di perpus kota ga, enak ga disana?
2877;209;11-50;5333093.0;text;;[];False;False;39683391a05b383b;[];temenin gw dong besok...
2878;209;11-50;5333104.0;text;;[];False;False;39683391a05b383b;[];angkot ke sana masih ada ga
2879;209;11-50;5333107.0;text;;[];False;False;39683391a05b383b;[];pacarnya baru siapa sih
2880;209;1-10;5333143.0;text;;[];False;False;e08d7809e954ff49;[];setuju
2881;209;1-10;5333144.0;text;;[];False;False;e08d7809e954ff49;[];trus
2882;209;1-10;5334409.0;text;;[];False;False;a59f9b9a2851ddd2;[];wkwkw
2883;209;1-10;5334412.0;text;;[];False;False;a59f9b9a2851ddd2;[];males
2884;209;1-10;5334651.0;text;;[];False;False;39683391a05b383b;[];hihi
2885;209;11-50;5334726.0;text;;[];True;False;a59f9b9a2851ddd2;[];jadwal sidang kapan bro?
2886;210;11-50;5337225.0;text;;[];True;False;e08d7809e954ff49;[];kenapa ga bales chat gw?
2887;210;11-50;5337237.0;text;;[];True;False;e08d7809e954ff49;['a59f9b9a2851ddd2'];kenapa ga bales chat gw?
2888;210;11-50;5337398.0;text;;[];False;False;a59f9b9a2851ddd2;[];keluarga ngumpul lebaran ntr
2889;210;11-50;5337404.0;text;;[];False;False;a59f9b9a2851ddd2;[];kakak gw baru aja nikah
2890;210;11-50;5337412.0;text;;[];False;False;a59f9b9a2851ddd2;[];gw baru aja ketemu mantan
2891;210;11-50;5337603.0;text;;[];False;False;e08d7809e954ff49;[];film baru di bioskop bagus ga
2892;210;1-10;5337666.0;text;;[];False;False;e08d7809e954ff49;[];mager
2893;211;51-100;5338321.0;text;;[];False;False;e08d7809e954ff49;[];gw lagi mikirin mau ambil magang di perusahaan mana buat semester depan
2894;211;11-50;5338330.0;text;;[];False;False;e08d7809e954ff49;[];warteg depan kampus enak
2895;211;11-50;5338335.0;text;;['😅'];False;False;e08d7809e954ff49;[];mie ayam pak kumis juara sih
2896;211;11-50;5338347.0;text;;[];True;False;30aac53f3af5e900;[];BOLEH GW IKUT GA?
2897;211;1-10;5339183.0;text;;[];False;False;a59f9b9a2851ddd2;[];hmm
2898;211;51-100;5339710.0;text;;[];True;False;e08d7809e954ff49;['dd9a90a3d295de32', 'a59f9b9a2851ddd2', '39683391a05b383b'];menurut lu gw harus ambil mata kuliah pilihan yang mana semester depan?
2899;211;1-10;5339725.0;text;;[];False;False;a59f9b9a2851ddd2;[];bole
2900;211;11-50;5339727.0;text;;[];False;False;a59f9b9a2851ddd2;[];dosen pembimbing susah ditemui
2901;211;11-50;5339744.0;text;;['😝'];False;False;e08d7809e954ff49;[];gw mau ambil cuti semester
2902;211;11-50;5340055.0;text;;[];True;False;e08d7809e954ff49;[];boleh gw ikut ga?
2903;211;11-50;5340058.0;text;;[];False;False;39683391a05b383b;[];kelas tambahan hari sabtu sih
2904;212;1-10;5346406.0;text;;[];False;False;a59f9b9a2851ddd2;[];cape
2905;212;1-10;5346465.0;text;;[];False;False;e08d7809e954ff49;[];wkwkw
2906;212;1-10;5346481.0;text;;['😝'];False;False;e08d7809e954ff49;[];trus
2907;213;1-10;5348241.0;text;;[];False;False;e08d7809e954ff49;[];otw
2908;213;1-10;5348243.0;text;;[];False;False;39683391a05b383b;[];yuk
2909;213;11-50;5348249.0;text;;[];True;False;39683391a05b383b;[];jadi ketemuan ga... hari... ini?
2910;213;1-10;5348637.0;text;;[];False;False;39683391a05b383b;[];gas
2911;213;1-10;5348647.0;text;;[];True;False;39683391a05b383b;[];kapan?
2912;213;11-50;5348659.0;text;;[];False;False;39683391a05b383b;[];eh tadi kelas seru banget
2913;213;11-50;5348691.0;text;;[];False;False;39683391a05b383b;[];IPK gw turun semester ini
2914;213;11-50;5348713.0;text;;[];False;False;39683391a05b383b;[];gw belom mulai tugas
2915;213;1-10;5348730.0;text;;['😂'];False;False;39683391a05b383b;[];dah
2916;213;1-10;5348740.0;text;;[];False;False;39683391a05b383b;[];gas
2917;213;11-50;5348747.0;text;;[];False;False;39683391a05b383b;[];gw skip kelas hari ini
2918;213;11-50;5348754.0;text;;[];True;False;39683391a05b383b;[];tugas dikumpul kapan... sih?
2919;213;11-50;5348764.0;text;;[];False;False;39683391a05b383b;[];dosen gw galak banget sih
2920;213;11-50;5348768.0;text;;[];False;False;39683391a05b383b;[];matkul ini susah banget
2921;213;51-100;5348806.0;text;;['🤔'];False;False;39683391a05b383b;[];gw denger katanya semester depan ada mata kuliah baru yang wajib diambil
2922;213;11-50;5348826.0;text;;[];False;False;39683391a05b383b;[];presentasi gw amburadul
2923;214;11-50;5350972.0;text;;[];False;False;39683391a05b383b;[];bakso malang itu buka... ga... ya
2924;214;51-100;5351005.0;text;;[];False;False;39683391a05b383b;[];gw lagi bingung milih topik skripsi antara dua tema... yang sama menariknya...
2925;214;1-10;5351078.0;text;;['🤣'];False;False;e08d7809e954ff49;[];fix
2926;215;1-10;5353209.0;text;;[];False;True;39683391a05b383b;[];luar biasa!
2927;215;11-50;5353818.0;text;;[];False;False;a59f9b9a2851ddd2;[];baru bangun nih msh ngantuk
2928;215;11-50;5353825.0;text;;[];False;False;a59f9b9a2851ddd2;[];ntar gw kabarin lg deh
2929;215;1-10;5354026.0;text;;[];False;False;39683391a05b383b;[];yoii
2930;215;11-50;5354036.0;text;;[];False;False;39683391a05b383b;[];baru bangun nih masih ngantuk...
2931;215;11-50;5354044.0;text;;[];False;False;39683391a05b383b;[];dompet gw ketinggalan... di rumah
2932;215;11-50;5354054.0;text;;[];False;False;39683391a05b383b;[];gw lg sibuk bgt minggu ini
2933;215;11-50;5354066.0;text;;[];False;False;39683391a05b383b;[];baru bangun nih... masih ngantuk
2934;215;11-50;5354075.0;text;;[];True;False;30aac53f3af5e900;[];MASIH BUKA GA WARUNGNYA?
2935;215;11-50;5354099.0;text;;[];False;False;39683391a05b383b;[];lu tim mana dukungnya
2936;215;1-10;5354104.0;text;;['😂'];False;False;39683391a05b383b;[];siapp
2937;215;1-10;5354107.0;text;;[];False;False;39683391a05b383b;[];yess
2938;215;11-50;5354114.0;text;;[];False;False;39683391a05b383b;[];lu tim mana... dukungnya
2939;215;1-10;5354119.0;text;;[];True;False;30aac53f3af5e900;[];GK?
2940;215;11-50;5354123.0;text;;[];False;False;39683391a05b383b;[];hp gw lowbat... nih
2941;215;11-50;5354124.0;text;;[];False;False;39683391a05b383b;[];gw mau tidur... dulu... ya
2942;215;1-10;5354127.0;text;;[];False;False;39683391a05b383b;[];okey
2943;215;11-50;5354134.0;text;;[];False;False;30aac53f3af5e900;[];WIFI KAMPUS LEMOT PARAH
2944;215;1-10;5354141.0;text;;['😂'];False;False;39683391a05b383b;[];seep
2945;215;11-50;5354145.0;text;;[];False;False;39683391a05b383b;[];bentar ya gw lg di jalan
2946;215;1-10;5354213.0;text;;[];False;False;39683391a05b383b;[];okey
2947;215;11-50;5354220.0;text;;[];False;False;39683391a05b383b;[];gw lg sibuk... bgt... minggu ini...
2948;216;1-10;5356755.0;text;;[];False;False;39683391a05b383b;[];lol
2949;216;11-50;5356769.0;text;;[];False;False;39683391a05b383b;[];indomie telor udah cukup kok...
2950;216;11-50;5356769.0;text;;[];False;False;39683391a05b383b;[];masak sendiri lebih... hemat sih
2951;216;1-10;5357814.0;text;;[];False;False;a59f9b9a2851ddd2;[];gass
2952;216;11-50;5357819.0;text;;[];False;False;a59f9b9a2851ddd2;[];indomie telor udah cukup kok
2953;216;1-10;5358106.0;text;;[];False;False;a59f9b9a2851ddd2;[];bro
2954;216;11-50;5358120.0;text;;[];False;False;a59f9b9a2851ddd2;[];bakso malang tu buka ga ya
2955;216;11-50;5358122.0;text;;[];False;False;a59f9b9a2851ddd2;[];porsi makan gw nambah terus
2956;216;0;5358127.0;image/jpeg;;[];False;False;a59f9b9a2851ddd2;[];[Foto]
2957;216;11-50;5358147.0;text;;[];False;False;a59f9b9a2851ddd2;[];indomie telor udah cukup kok
2958;216;1-10;5361073.0;text;;['😂'];False;False;edab10a0f2ace5d1;[];gass
2959;217;11-50;5377712.0;text;;[];False;False;39683391a05b383b;[];perpus tutup jam berapa ya...
2960;217;101-500;5382276.0;text;;['😕'];True;False;e08d7809e954ff49;['dd9a90a3d295de32'];menurut kalian kenapa ya generasi kita tuh kayaknya lebih gampang stres dan burnout dibanding generasi orang tua kita dulu? apa karena tekanan sosmed atau emang tuntutan hidup yang makin tinggi ya? gw penasaran aja sih soalnya temen temen gw banyak yang ngeluh hal yang sama
2961;217;1-10;5382283.0;text;;[];False;False;e08d7809e954ff49;[];wkwk
2962;217;11-50;5382299.0;text;;[];False;False;39683391a05b383b;[];matkul ini susah banget
2963;217;11-50;5382334.0;text;;['🙄'];False;False;e08d7809e954ff49;[];gw skip kelas hari ini
2964;217;11-50;5382373.0;text;;[];True;False;39683391a05b383b;[];tugas dikumpul kapan... sih?
2965;217;11-50;5382375.0;text;;[];True;False;39683391a05b383b;[];siapa yang mau ikut?
2966;217;11-50;5382421.0;text;;[];False;False;e08d7809e954ff49;[];lab komputer penuh terus
2967;217;11-50;5382432.0;text;;[];False;False;39683391a05b383b;[];tadi absen ga sih kamu...
2968;217;1-10;5382442.0;text;;['😂'];False;False;39683391a05b383b;[];wkwk
2969;217;11-50;5382447.0;text;;[];False;False;39683391a05b383b;[];dosen gw galak banget sih
2970;217;11-50;5382447.0;text;;[];False;False;39683391a05b383b;[];gw belom mulai tugas
2971;217;11-50;5382460.0;text;;[];False;False;30aac53f3af5e900;[];EH TADI KELAS SERU BANGET
2972;217;11-50;5382461.0;text;;[];False;False;30aac53f3af5e900;[];MATKUL INI SUSAH BANGET
2973;217;11-50;5382462.0;text;;[];False;True;e08d7809e954ff49;[];gila sih lu bisa gitu!
2974;217;11-50;5382475.0;text;;[];False;False;39683391a05b383b;[];lab komputer penuh terus
2975;217;11-50;5382476.0;text;;[];False;False;39683391a05b383b;[];tadi absen ga sih kamu
2976;217;11-50;5382485.0;text;;[];False;False;39683391a05b383b;[];gw lg ngerjain tugas nih
2977;217;11-50;5382495.0;text;;[];False;False;30aac53f3af5e900;[];GW BELOM MULAI TUGAS
2978;217;1-10;5382495.0;text;;['😂'];False;False;30aac53f3af5e900;[];GAS
2979;217;1-10;5382495.0;text;;[];False;False;39683391a05b383b;[];dah
2980;217;11-50;5382504.0;text;;[];False;False;39683391a05b383b;[];matkul ini susah banget
2981;217;11-50;5382513.0;text;;[];False;False;39683391a05b383b;[];deadline besok pagi bro...
2982;217;11-50;5382515.0;text;;[];False;False;39683391a05b383b;[];IPK gw turun semester ini
2983;217;11-50;5382516.0;text;;[];False;False;30aac53f3af5e900;[];GW BELOM MULAI TUGAS
2984;217;1-10;5382522.0;text;;[];False;False;30aac53f3af5e900;[];HAHA
2985;217;1-10;5382523.0;text;;[];True;False;39683391a05b383b;[];apa?
2986;217;11-50;5382530.0;text;;[];False;False;39683391a05b383b;[];gw lg ngerjain... tugas nih
2987;217;11-50;5382559.0;text;;[];False;False;39683391a05b383b;[];deadline besok pagi bro
2988;217;51-100;5382561.0;text;;[];False;False;30aac53f3af5e900;['dd9a90a3d295de32'];GW DENGER KATANYA SEMESTER DEPAN ADA MATA KULIAH BARU YANG WAJIB DIAMBIL
2989;217;11-50;5382562.0;text;;[];False;False;39683391a05b383b;[];perpus tutup jam berapa ya
2990;217;11-50;5382576.0;text;;[];False;False;30aac53f3af5e900;[];DEADLINE BESOK PAGI BRO
2991;217;11-50;5382576.0;text;;[];False;False;30aac53f3af5e900;[];IPK GW TURUN SEMESTER INI
2992;217;11-50;5382582.0;text;;['😰'];False;True;e08d7809e954ff49;[];gila sih lu bisa gitu!
2993;217;1-10;5382588.0;text;;['😨'];False;False;30aac53f3af5e900;[];YOI
2994;217;1-10;5382592.0;text;;['😂'];False;False;39683391a05b383b;[];hehe
2995;217;1-10;5382599.0;text;;['😏'];False;False;30aac53f3af5e900;[];HAHA
2996;217;1-10;5382601.0;text;;['🤣'];False;False;e08d7809e954ff49;[];yoi
2997;217;11-50;5382609.0;text;;[];False;False;30aac53f3af5e900;[];IPK GW TURUN SEMESTER INI
2998;217;51-100;5382612.0;text;;[];False;False;39683391a05b383b;[];nyokap gw nelfon tadi nanyain kapan pulang, gw bilang aja abis ujian
2999;217;11-50;5382622.0;text;;[];False;False;39683391a05b383b;[];lab komputer penuh terus
3000;217;11-50;5382635.0;text;;[];True;False;39683391a05b383b;[];siapa yang mau ikut?
