id;conversation_id;num_characters;relative_time_seconds;message_type;responds_to_id;array_emojis;interrogative;exclamatory;sender_hash;mentioned_phones_hash;message_content
1;1145;11-50;0.0;text;;[];False;False;631ff720acdd094f;[];kelas tambahan hari sabtu sih
2;1145;11-50;2.0;text;;[];False;False;631ff720acdd094f;[];tugas kelompok bikin pusing
3;1145;11-50;17.0;text;;[];False;False;41acf68aa801bbd1;[];seminar tadi lama banget
4;1145;11-50;81.0;text;;[];False;False;631ff720acdd094f;[];seminar tadi lama banget
5;1145;11-50;82.0;text;;[];False;False;631ff720acdd094f;[];tugas kelompok bikin pusing
6;1145;51-100;443.0;text;;[];False;False;021e7ca3ed092081;[];GW UDAH BIKIN SLIDES PRESENTASI TAPI KAYAKNYA MASIH KURANG BAGUS DEH ISINYA
7;1145;101-500;498.0;text;;[];False;False;021e7ca3ed092081;[];GW LAGI GALAU BANGET NIH SOAL MASA DEPAN. MAU LANJUT S2 TAPI DUIT GA ADA, MAU LANGSUNG KERJA TAPI PENGALAMAN MASIH MINIM. NYOKAP BILANG TERSERAH GW AJA TAPI GW TAU DIA PENGEN GW CEPET KERJA BIAR BISA BANTU EKONOMI KELUARGA. BINGUNG BANGET SIH, KAYAK SEMUA PILIHAN ADA PLUS MINUSNYA
8;1145;51-100;523.0;text;;[];False;False;021e7ca3ed092081;[];GW UDAH BIKIN SLIDES PRESENTASI TAPI KAYAKNYA MASIH KURANG BAGUS DEH ISINYA
9;1145;11-50;547.0;text;;[];False;False;021e7ca3ed092081;[];LU UDAH MAKAN BELUM
10;1145;11-50;706.0;text;;[];False;False;eca900a7367c8b69;[];gw baru aja dr kampus
11;1146;11-50;20236.0;text;;[];False;False;cfa4332fcc87fa99;[];gw lagi baca novel,,, baru nih,,,
12;1146;11-50;20243.0;text;;[];True;False;cfa4332fcc87fa99;[];booking duluan apa langsung,,, aja?
13;1146;11-50;20253.0;text;;[];False;False;cfa4332fcc87fa99;[];podcast yg lu rekomen,,, mana
14;1146;11-50;20261.0;text;;[];False;False;cfa4332fcc87fa99;[];manga terbaru udah keluar,,, loh
15;1146;51-100;20292.0;text;;[];True;False;cfa4332fcc87fa99;[];kira kira kalo gw,,, apply magang sekarang masih keburu ga ya?
16;1146;51-100;20818.0;text;;[];False;False;c9b963274b33b88e;[];gw gagal diet lagi soalnya tadi sore diajak makan bakso sama temen
17;1147;11-50;77947.0;text;;[];True;False;d9dfce195e2645dd;[];gimanaaa kabar lu sekarang?
18;1147;11-50;77959.0;text;;[];False;False;7430439a03fe249a;[];mie ayam pak kumis juara sih!!
19;1147;1-10;77971.0;text;;[];False;False;27343f8a1c54ae69;[];Gpp.
20;1147;11-50;77976.0;text;;[];False;False;27343f8a1c54ae69;[];Dosen pembimbing susah ditemui.
21;1147;11-50;78262.0;text;;[];False;False;301550f41d8e1276;[];warteg depan kampus enka
22;1147;11-50;78268.0;text;;[];False;False;301550f41d8e1276;[];gw baur aja dr kamups
23;1147;1-10;78270.0;text;;[];False;False;301550f41d8e1276;[];gjae
24;1147;11-50;78282.0;text;;[];False;False;301550f41d8e1276;[];tugas keolmpok bkiin pusing
25;1147;1-10;78292.0;text;;[];False;False;0f5b3d2e1b2e9951;[];asli
26;1147;51-100;78300.0;text;;[];False;False;0f5b3d2e1b2e9951;[];jangan lupa besok kumpul di lobby kampus jam... 8 pagi buat berangkat bareng
27;1147;51-100;78319.0;text;;[];False;False;d9dfce195e2645dd;[];gw lagii mikirin mau ambil maganggg di perusahaannn mana buat semester depann
28;1147;11-50;78327.0;text;;[];False;False;d9dfce195e2645dd;[];gw laper banget nihhh
29;1147;11-50;78331.0;text;;[];False;False;d9dfce195e2645dd;[];lu udah makan belum
30;1147;51-100;78334.0;text;;[];False;False;301550f41d8e1276;[];janagn lupa besok kumpul di lobby kampus jam 8 pagi buat berangkat bareng
31;1147;11-50;78340.0;text;;[];False;False;301550f41d8e1276;[];sidang migngu depan doain ya
32;1147;51-100;78360.0;text;;[];False;False;0f5b3d2e1b2e9951;[];gw udah bikin... slides presentasi tp kayaknya msh kurang bagus deh isinya
33;1147;51-100;78366.0;text;;[];False;False;d9dfce195e2645dd;[];jangan lupa besok kumpul di lobby kampus jam 8 pagi buat berangkat bareng
34;1147;11-50;78372.0;text;;[];False;False;d9dfce195e2645dd;[];sidang minggu depan doain ya
35;1147;11-50;78379.0;text;;[];False;False;d9dfce195e2645dd;[];dosen pembimbing susah ditemuiiii
36;1147;11-50;78380.0;text;;[];False;False;d9dfce195e2645dd;[];proposalll skripsiiii gw ditolakkk
37;1147;11-50;78392.0;text;;[];False;False;d9dfce195e2645dd;[];tugas kelompokkkk bikin pusinggg
38;1147;11-50;78395.0;text;;[];False;False;d9dfce195e2645dd;[];dosenn pembimbing susahh ditemui
39;1147;51-100;78404.0;text;;[];False;False;d9dfce195e2645dd;[];gw lagi mikirinn mau ambilll magangg di perusahaannn mana buattt semesterrrr depannn
40;1147;1-10;78421.0;text;;[];True;False;301550f41d8e1276;[];gmn?
41;1147;51-100;78429.0;text;;[];False;False;d9dfce195e2645dd;[];kosan gw bocor lagi pass hujannn semalam, kasur gw basahh semua parah banget
42;1147;1-10;78431.0;text;;[];False;False;7430439a03fe249a;[];sabi!!!
43;1147;1-10;78439.0;text;;[];False;False;7430439a03fe249a;[];tuh!!!
44;1147;1-10;78643.0;text;;[];False;False;d9dfce195e2645dd;[];sabi
45;1147;0;78645.0;image/jpeg;;[];False;False;d9dfce195e2645dd;[];[Foto]
46;1147;11-50;78674.0;text;;[];False;False;d9dfce195e2645dd;[];gw laper banget nihhhh
47;1147;51-100;78678.0;text;;[];False;False;d9dfce195e2645dd;[];gw udah bikin slidesss presentasiii tapi kayaknyaa masih kurang bagus deh isinya
48;1147;101-500;78965.0;text;;[];False;False;d9dfce195e2645dd;['301550f41d8e1276'];gw lagii galau bangettt nihhh soal masa depan. mauu lanjut s2 tapi duit ga ada, mau langsungggg kerja tapii pengalaman masih minim. nyokap bilanggg terserah gw aja tapiiii gw tau diaaaa pengennnn gw cepettt kerja biarrr bisa bantu ekonomiii keluarga. bingung banget sih, kayak semuaa pilihan ada plussss minusnya
49;1147;1-10;78987.0;text;;[];False;False;d9dfce195e2645dd;[];hmm
50;1147;1-10;79004.0;text;;['🤗'];False;False;d9dfce195e2645dd;[];tuhhhh
51;1147;1-10;79130.0;text;;[];False;False;301550f41d8e1276;[];nih
52;1147;1-10;79146.0;text;;[];False;False;d9dfce195e2645dd;[];gaje
53;1147;11-50;79148.0;text;;[];False;False;d9dfce195e2645dd;[];mie ayam pakkk kumis juara sih
54;1147;11-50;79165.0;text;;[];False;False;d9dfce195e2645dd;[];mieeee ayam pak kumis juaraaaa sih
55;1147;1-10;79169.0;text;;[];False;False;301550f41d8e1276;[];asli
56;1147;11-50;79178.0;text;;[];False;False;301550f41d8e1276;[];sidang minggu depan doain ya
57;1147;51-100;79234.0;text;;[];False;False;301550f41d8e1276;[];gw udha bikin slides presentasi tp kayaknya msh kurang bagus deh isinya
58;1147;51-100;79255.0;text;;[];False;False;301550f41d8e1276;[];gw lg mikirin mau amibl magang di perusahaan mana buat semester deapn
59;1147;51-100;79314.0;text;;[];False;False;631ff720acdd094f;[];gw udah bikin slides presentasi tapi kayaknya masih kurang bagus deh isinya
60;1147;11-50;79316.0;text;;[];False;False;631ff720acdd094f;[];gw baru aja dari kampus
61;1147;11-50;79318.0;text;;[];False;False;631ff720acdd094f;[];mie ayam pak kumis juara sih
62;1147;11-50;79342.0;text;;[];False;False;d9dfce195e2645dd;[];wartegg depannn kampus enak
63;1147;11-50;79347.0;text;;[];False;False;d9dfce195e2645dd;[];proposal skripsi gw ditolak
64;1147;11-50;79351.0;text;;[];False;False;d9dfce195e2645dd;[];dosen pembimbing susahhh ditemuiii
65;1147;51-100;79419.0;text;;[];False;False;631ff720acdd094f;[];gw lagi mikirin mau ambil magang di perusahaan mana buat semester depan
66;1147;11-50;79883.0;text;;[];False;False;41acf68aa801bbd1;[];sidang minggu depan doain ya
67;1147;1-10;79908.0;text;;[];False;False;7430439a03fe249a;[];sabi!!
68;1147;101-500;79982.0;text;;[];True;False;53aa1fb24042d086;[];guysss adaa yanggg tau ga sih kenapa sistemmm registrasi online kampus sering bangett error pas masa pengisian krs? tiap semesterrrr selalu gitu bikinn stres, manaaa harus rebutannn mataaa kuliah yang kuotanya dikitttt banget lagi. apaa emang servernya ga kuat ya nampunggg banyakkk mahasiswa sekaligus?
69;1147;1-10;80014.0;text;;[];False;False;301550f41d8e1276;[];sabi
70;1147;11-50;80028.0;text;;[];False;False;301550f41d8e1276;[];tugas kelmopok bikin pusing
71;1147;101-500;80048.0;text;;[];False;False;53aa1fb24042d086;[];gw lagiiii galau banget nih soal masaaa depan. mau lanjut s2 tapiii duitttt ga ada, mau langsungg kerja tapi pengalaman masihhhh minim. nyokap bilang terserah gw aja tapiii gw tau dia pengen gw cepett kerja biar bisa bantuuuu ekonomi keluarga. bingungggg banget sih, kayak semua pilihan ada plusss minusnyaaa
72;1147;1-10;80060.0;text;;[];False;False;41acf68aa801bbd1;[];aman
73;1147;51-100;80065.0;text;;[];False;False;53aa1fb24042d086;[];gw lagii mikirinnnn mau ambil magang di perusahaannn mana buat semester depan
74;1147;11-50;80075.0;text;;[];False;False;53aa1fb24042d086;[];gw mau ambillll cutii semesterrrr
75;1147;101-500;80626.0;text;;[];False;False;c9b963274b33b88e;[];gw lagi galau banget nih soal masa depan. mau lanjut S2 tapi duit ga ada,... mau langsung kerja... tapi pengalaman... masih minim. nyokap bilang terserah gw aja... tapi gw tau dia pengen gw cepet kerja biar bisa bantu ekonomi keluarga. bingung banget sih, kayak semua... pilihan ada plus... minusnya
76;1147;11-50;80651.0;text;;[];False;False;53aa1fb24042d086;[];seminar tadi lama banget
77;1147;11-50;80662.0;text;;[];False;False;53aa1fb24042d086;[];gw mau ambil cuti semester
78;1147;101-500;80723.0;text;;[];False;False;d9dfce195e2645dd;[];gw lagi galau banget nih soallll masaaaa depan. mau lanjut s2 tapi duittt ga ada, mau langsungg kerja tapi pengalamannn masih minim. nyokap bilang terserah gw aja tapi gw tauuu diaaa pengennn gw cepet kerjaaaa biar bisa bantu ekonomii keluarga. bingunggg bangett sih, kayakkkk semua pilihan ada pluss minusnya
79;1147;11-50;80725.0;text;;[];False;False;d9dfce195e2645dd;[];gw baru ajaaaa dari kampuss
80;1147;51-100;80745.0;text;;[];False;False;d9dfce195e2645dd;[];gw lagii mikirin mauu ambilll magang di perusahaan mana buatt semesterrr depannn
81;1147;51-100;81926.0;text;;[];False;False;c9b963274b33b88e;[];jangan lupa besok kumpul di... lobby kampus jam 8 pagi buat berangkat... bareng
82;1147;11-50;81935.0;text;;[];False;False;c9b963274b33b88e;[];tugas kelompok bikin pusing
83;1147;11-50;81952.0;text;;[];False;False;d9dfce195e2645dd;[];gw baruuu aja dari kampus
84;1147;51-100;81995.0;text;;[];False;False;f3891c05ada5896e;[];gw udah bikin slides presentasi tapi kayaknya masih kurang bagus deh isinya
85;1147;11-50;82001.0;text;;[];False;False;f3891c05ada5896e;[];sidang minggu depan doain ya
86;1147;11-50;82012.0;text;;[];False;False;d9dfce195e2645dd;[];seminarrr tadi lama bangetttt
87;1147;1-10;82023.0;text;;[];False;False;d9dfce195e2645dd;[];aman
88;1147;1-10;82055.0;text;;[];False;False;021e7ca3ed092081;[];NIH
89;1147;11-50;82067.0;text;;[];False;False;021e7ca3ed092081;[];DOSEN PEMBIMBING SUSAH DITEMUI
90;1147;500+;82339.0;text;;[];False;False;021e7ca3ed092081;[];SIDANG MINGGU DEPAN DOAIN YA
91;1147;11-50;82351.0;text;;[];False;False;021e7ca3ed092081;[];WARTEG DEPAN KAMPUS ENAK
92;1147;101-500;82429.0;text;;[];False;False;021e7ca3ed092081;[];GW LAGI GALAU BANGET NIH SOAL MASA DEPAN. MAU LANJUT S2 TAPI DUIT GA ADA, MAU LANGSUNG KERJA TAPI PENGALAMAN MASIH MINIM. NYOKAP BILANG TERSERAH GW AJA TAPI GW TAU DIA PENGEN GW CEPET KERJA BIAR BISA BANTU EKONOMI KELUARGA. BINGUNG BANGET SIH, KAYAK SEMUA PILIHAN ADA PLUS MINUSNYA
93;1147;11-50;82429.0;text;;[];False;False;021e7ca3ed092081;[];LU UDAH MAKAN BELUM
94;1147;11-50;82437.0;text;;[];False;False;53aa1fb24042d086;[];gw laper banget nih
95;1147;1-10;82459.0;text;;[];False;False;0f5b3d2e1b2e9951;[];done
96;1147;51-100;82465.0;text;;[];False;False;021e7ca3ed092081;[];GW UDAH BIKIN SLIDES PRESENTASI TAPI KAYAKNYA MASIH KURANG BAGUS DEH ISINYA
97;1147;11-50;82479.0;text;;[];False;False;021e7ca3ed092081;[];GW BARU AJA DARI KAMPUS
98;1147;11-50;82489.0;text;;[];False;False;021e7ca3ed092081;[];DOSEN PEMBIMBING SUSAH DITEMUI
99;1147;11-50;82499.0;text;;[];False;False;021e7ca3ed092081;[];GW MAU AMBIL CUTI SEMESTER
100;1147;11-50;82509.0;text;;[];False;False;c9b963274b33b88e;[];gw mau ambil cuti semester...
101;1147;11-50;82511.0;text;;[];False;False;021e7ca3ed092081;[];GW BARU AJA DARI KAMPUS
102;1147;11-50;82527.0;text;;[];False;False;c9b963274b33b88e;[];gw laper banget nih
103;1147;1-10;82549.0;text;;[];False;False;021e7ca3ed092081;[];AMAN
104;1147;11-50;82557.0;text;;[];False;False;021e7ca3ed092081;[];GW LAPER BANGET NIH
105;1147;51-100;82570.0;text;;[];False;False;021e7ca3ed092081;[];KEMARIN GW KE TOKO BUKU BELI NOVEL BARU SAMA BUKU REFERENSI BUAT SKRIPSI
106;1147;11-50;82573.0;text;;[];False;False;c9b963274b33b88e;[];gw baru aja dari kampus
107;1147;11-50;82609.0;text;;[];False;False;021e7ca3ed092081;[];GW BARU AJA DARI KAMPUS
108;1147;51-100;82640.0;text;;[];False;False;c9b963274b33b88e;[];gw udah bikin slides presentasi tapi kayaknya masih kurang bagus deh isinya...
109;1147;101-500;82650.0;text;;[];False;False;021e7ca3ed092081;[];GW LAGI GALAU BANGET NIH SOAL MASA DEPAN. MAU LANJUT S2 TAPI DUIT GA ADA, MAU LANGSUNG KERJA TAPI PENGALAMAN MASIH MINIM. NYOKAP BILANG TERSERAH GW AJA TAPI GW TAU DIA PENGEN GW CEPET KERJA BIAR BISA BANTU EKONOMI KELUARGA. BINGUNG BANGET SIH, KAYAK SEMUA PILIHAN ADA PLUS MINUSNYA
110;1147;51-100;82852.0;text;;[];True;False;c9b963274b33b88e;[];menurut lu gw harus ambil... mata kuliah pilihan yang mana semester depan?
111;1148;11-50;89733.0;application/x-rar-compressed;;[];False;False;79a2420b8d936f39;[];[application/x-rar-compressed]
112;1148;11-50;89781.0;text;;[];False;False;021e7ca3ed092081;[];LU UDAH MAKAN BELUM
113;1148;11-50;89799.0;text;;[];False;False;79a2420b8d936f39;[];gw mau ambil cuti semester
114;1148;11-50;89801.0;text;;[];False;False;c9b963274b33b88e;[];mie ayam pak kumis juara... sih
115;1148;1-10;89821.0;text;;[];False;False;27343f8a1c54ae69;[];Done.
116;1148;0;89840.0;sticker/webp;;[];False;False;c9b963274b33b88e;[];[Stiker]
117;1148;101-500;89879.0;text;;[];True;False;fe835936853d47da;[];EH ADA YANG PUNYA REKOMENDASI LAPTOP BUDGET 5 JUTAAN YANG BAGUS BUAT KULIAH DAN NGODING GA? LAPTOP GW YANG SEKARANG UDAH MULAI LEMOT DAN SERING NGEHANG KALO BUKA BANYAK TAB. PENGENNYA SIH YANG RINGAN BUAT DIBAWA KE KAMPUS TAPI TETEP KENCENG PERFORMANYA, ADA SARAN?
118;1148;1-10;89879.0;text;;['😬'];False;False;70b7044e6650314d;[];aman
119;1148;11-50;89887.0;text;;[];False;False;fe835936853d47da;[];GW LAPER BANGET NIH
120;1148;1-10;90055.0;text;;[];False;False;41acf68aa801bbd1;[];done
121;1148;11-50;90059.0;text;;[];False;False;41acf68aa801bbd1;[];seminar tadi lama banget
122;1148;11-50;90064.0;text;;[];False;False;41acf68aa801bbd1;[];proposal skripsi gw ditolak
123;1148;1-10;90090.0;text;;[];False;False;1dc897b84262494d;[];asli
124;1148;1-10;90092.0;text;;['🤣'];False;False;1dc897b84262494d;[];sabi
125;1148;11-50;90100.0;text;;[];False;False;1dc897b84262494d;[];warteg depan kampus,,, enak
126;1148;11-50;90111.0;text;;[];False;False;1dc897b84262494d;[];warteg depan kampus enak
127;1148;1-10;90354.0;text;;[];False;False;41acf68aa801bbd1;[];sabi
128;1148;1-10;90415.0;text;;[];False;False;021e7ca3ed092081;[];TUH
129;1148;11-50;90421.0;text;;[];True;False;021e7ca3ed092081;[];BOLEH GW IKUT GA?
130;1148;1-10;90431.0;text;;[];False;False;70b7044e6650314d;[];aman
131;1148;1-10;90432.0;text;;[];False;False;70b7044e6650314d;[];gpp
132;1148;1-10;90442.0;text;;[];True;False;021e7ca3ed092081;[];BENER?
133;1148;1-10;90447.0;text;;[];False;False;70b7044e6650314d;[];bet
134;1148;11-50;90452.0;text;;[];True;False;70b7044e6650314d;[];boleh gw ikut ga?
135;1149;11-50;93260.0;text;;[];False;False;021e7ca3ed092081;[];NTAR GW KABARIN LAGI DEH
136;1149;11-50;93271.0;text;;[];True;False;021e7ca3ed092081;[];MASIH BUKA GA WARUNGNYA?
137;1149;11-50;93335.0;text;;[];False;False;41acf68aa801bbd1;[];gw lg sibuk bgt minggu ini
138;1149;11-50;93342.0;text;;[];False;False;41acf68aa801bbd1;[];ntar gw kabarin lagi deh
139;1149;1-10;93822.0;text;;[];False;False;28f443107967a03d;[];iyaa
140;1149;11-50;93833.0;text;;[];True;False;28f443107967a03d;[];bisa jemput gw ga?
141;1149;0;93989.0;image/jpeg;;[];False;False;28f443107967a03d;[];[Foto]
142;1149;11-50;94124.0;text;;[];True;False;021e7ca3ed092081;[];BISA JEMPUT GW GA?
143;1149;11-50;94287.0;text;;[];False;False;a73fab1860225fef;[];baru bangun nih masih ngantuk
144;1149;1-10;94302.0;text;;['🤣'];False;False;28f443107967a03d;[];siapp
145;1149;1-10;94305.0;text;;[];False;False;28f443107967a03d;[];iyaa
146;1150;51-100;99041.0;text;;[];False;False;129f9998b9e59b71;[];gw lagi mikirin mau ambil magang di perusahaan mana buat semester depan!!!
147;1150;51-100;100397.0;text;;[];False;False;021e7ca3ed092081;[];KEMARIN GW KE TOKO BUKU BELI NOVEL BARU SAMA BUKU REFERENSI BUAT SKRIPSI
148;1151;51-100;103612.0;text;;[];True;False;cf86f573279b2af5;[];menurut lu gw harus ambil mata kuliah pilihan yang mana semester depan?
149;1151;11-50;103805.0;text;;[];False;False;e3e22dc73269635e;[];gw laper bgt nih
150;1151;11-50;103831.0;text;;[];False;False;021e7ca3ed092081;[];SEMINAR TADI LAMA BANGET
151;1151;1-10;103870.0;video/mp4;;[];False;False;e3e22dc73269635e;[];[Video]
152;1151;51-100;103958.0;image/jpeg;;[];True;False;021e7ca3ed092081;[];[Foto]
153;1151;11-50;103971.0;text;;[];False;False;b4fc5a22b27ed5ac;[];sidang minggu depan... doain ya
154;1151;11-50;103973.0;text;;[];False;False;e3e22dc73269635e;[];proposla skripsi gw ditolak
155;1151;1-10;103977.0;text;;[];False;False;b4fc5a22b27ed5ac;[];nah
156;1151;11-50;103994.0;text;;[];False;False;021e7ca3ed092081;[];LU UDAH MAKAN BELUM
157;1151;11-50;104005.0;text;;[];True;False;021e7ca3ed092081;[];NTAR MALEM NGAPAIN?
158;1151;11-50;104018.0;text;;[];False;False;021e7ca3ed092081;[];DOSEN PEMBIMBING SUSAH DITEMUI
159;1151;1-10;104021.0;text;;[];True;False;021e7ca3ed092081;[];HAH?
160;1152;51-100;107298.0;text;;['😂'];False;False;41017f86f64a927e;[];gw denger katanya semester depan ada mataaa kuliahhhh baru yang wajib diambil
161;1152;11-50;107540.0;text;160.0;[];True;False;021e7ca3ed092081;[];SIAPA YANG MAU IKUT?
162;1152;11-50;107605.0;text;;[];False;False;70b7044e6650314d;[];ipk gw turun semester ni
163;1152;11-50;107616.0;text;;[];False;False;70b7044e6650314d;[];matkul ni susah bgt
164;1152;11-50;107647.0;text;;[];False;False;021e7ca3ed092081;[];MATKUL INI SUSAH BANGET
165;1152;1-10;107647.0;text;;[];False;False;021e7ca3ed092081;[];OK
166;1152;11-50;107648.0;text;;[];False;False;021e7ca3ed092081;[];TADI ABSEN GA SIH KAMU
167;1152;11-50;107649.0;text;;[];False;False;021e7ca3ed092081;[];PRESENTASI GW AMBURADUL
168;1152;11-50;107653.0;text;;[];True;False;021e7ca3ed092081;[];SIAPA YANG MAU IKUT?
169;1152;11-50;107772.0;text;;[];False;False;70b7044e6650314d;[];gw skip kelas hari ni
170;1152;51-100;107802.0;text;;[];False;False;70b7044e6650314d;[];eh besok kita jadi ketemuan di kafe deket stasiun kan ya jam 2 siang
171;1152;101-500;107934.0;text;;[];False;False;021e7ca3ed092081;[];JADI CERITANYA KEMARIN GW KE PERPUSTAKAAN PUSAT BUAT NYARI BAHAN REFERENSI SKRIPSI, TERNYATA BUKUNYA UDAH DIPINJEM SEMUA SAMA ANAK ANGKATAN SEBELAH. AKHIRNYA GW CUMA BISA FOTOKOPI DARI TEMEN YANG KEBETULAN PUNYA. LUMAYAN LAH DARIPADA GA DAPET SAMA SEKALI, TINGGAL DI RANGKUM AJA SISANYA
172;1152;51-100;107949.0;text;;[];False;False;021e7ca3ed092081;[];GW BARU AJA SELESAI NGERJAIN TUGAS SAMPE JAM 3 PAGI, MAU MATI RASANYA
173;1152;11-50;107957.0;text;;[];False;False;021e7ca3ed092081;[];IPK GW TURUN SEMESTER INI
174;1152;11-50;107964.0;text;;['🤔'];False;False;70b7044e6650314d;[];tadi absen ga sih km
175;1152;11-50;107989.0;text;;[];False;False;70b7044e6650314d;[];presentasi gw amburadul
176;1152;11-50;110285.0;text;;[];True;False;5dae0575118b0daf;[];tugas dikumpul kapan sih?
177;1152;11-50;110489.0;text/html;;[];False;False;fe835936853d47da;[];[text/html]
178;1152;1-10;110492.0;text/javascript;;[];False;False;fe835936853d47da;[];[text/javascript]
179;1152;11-50;110506.0;text;;[];False;False;fe835936853d47da;[];GW LG NGERJAIN TUGAS NIH
180;1152;11-50;110603.0;text;;[];False;False;5dae0575118b0daf;[];lab komputer penuh terus
181;1152;101-500;110611.0;text;;[];False;False;c9b963274b33b88e;[];jadi ceritanya kemarin gw... ke perpustakaan pusat buat nyari bahan referensi skripsi, ternyata bukunya udah... dipinjem semua sama anak angkatan... sebelah. akhirnya gw cuma... bisa fotokopi dari... temen yang kebetulan punya. lumayan lah daripada ga... dapet... sama sekali, tinggal di rangkum aja sisanya
182;1153;11-50;173839.0;image/jpeg;;[];False;False;021e7ca3ed092081;[];[Foto]
183;1153;11-50;173877.0;text;;[];True;False;eca900a7367c8b69;[];ntar malem ngapain?
184;1153;51-100;173897.0;text;;[];False;False;021e7ca3ed092081;[];JANGAN LUPA BESOK KUMPUL DI LOBBY KAMPUS JAM 8 PAGI BUAT BERANGKAT BARENG
185;1153;11-50;173905.0;text;;[];False;False;021e7ca3ed092081;[];SEMINAR TADI LAMA BANGET
186;1153;11-50;174435.0;text;;[];True;False;c9b963274b33b88e;[];ntar malem ngapain?
187;1153;11-50;174452.0;text;;[];False;False;021e7ca3ed092081;[];GW MAU AMBIL CUTI SEMESTER
188;1153;1-10;175243.0;text;;['😂'];False;False;f3891c05ada5896e;[];bet
189;1153;11-50;176682.0;text;;[];False;False;b3f383c93a9e454c;[];proposal skripsi gw ditolak
190;1153;51-100;176745.0;text;;[];False;False;c9b963274b33b88e;[];jangan lupa besok kumpul di lobby... kampus jam 8 pagi buat berangkat bareng
191;1153;11-50;178192.0;text;;[];False;False;e3e22dc73269635e;[];warteg depan kampus enak
192;1153;1-10;178280.0;text;;[];False;False;f3891c05ada5896e;[];sabi
193;1153;1-10;178733.0;text;;[];False;False;159aad3a1966ebab;[];SABI
194;1153;1-10;180326.0;text;;['🤣'];False;False;1dc897b84262494d;[];asli
195;1153;11-50;180328.0;text;182.0;[];False;False;1dc897b84262494d;[];tugas kelompok bikin,,, pusing
196;1154;11-50;190670.0;text;;[];True;False;159aad3a1966ebab;[];KENAPA GA BALES CHAT GW?
197;1154;101-500;190949.0;text;;[];False;False;021e7ca3ed092081;[];GW PENGEN CURHAT SEDIKIT NIH. AKHIR AKHIR INI GW NGERASA BURNOUT BANGET SAMA RUTINITAS KULIAH YANG ITU ITU AJA. BANGUN PAGI, KULIAH, TUGAS, TIDUR, REPEAT. KADANG GW NGERASA KAYAK ROBOT YANG CUMA JALAN SESUAI PROGRAM TANPA TAU TUJUAN AKHIRNYA APA. MUNGKIN GW BUTUH LIBURAN BENERAN BUAT REFRESH OTAK
198;1154;11-50;190975.0;text;;[];False;False;159aad3a1966ebab;[];GW BARU AJA KETEMU MANTAN
199;1154;11-50;191018.0;text;;[];False;False;159aad3a1966ebab;[];NYOKAP NANYA KAPAN LULUS
200;1154;101-500;191020.0;text;;[];False;False;021e7ca3ed092081;[];GW PENGEN CURHAT SEDIKIT NIH. AKHIR AKHIR INI GW NGERASA BURNOUT BANGET SAMA RUTINITAS KULIAH YANG ITU ITU AJA. BANGUN PAGI, KULIAH, TUGAS, TIDUR, REPEAT. KADANG GW NGERASA KAYAK ROBOT YANG CUMA JALAN SESUAI PROGRAM TANPA TAU TUJUAN AKHIRNYA APA. MUNGKIN GW BUTUH LIBURAN BENERAN BUAT REFRESH OTAK
201;1154;1-10;191024.0;text;;[];False;False;159aad3a1966ebab;[];ANJAY
202;1154;1-10;191024.0;text;;[];False;False;021e7ca3ed092081;[];PASTI
203;1155;101-500;201673.0;text;;[];True;False;c9b963274b33b88e;[];gw lagi bimbang nih antara mau ikut organisasi kampus... atau fokus ke akademik aja. menurut... kalian gimana sih, worth it... ga... sih ikut organisasi? soalnya gw denger banyak yang bilang... bisa nambah soft skill tapi di sisi lain waktu buat belajar jadi... berkurang kan, gimana pengalaman kalian?
204;1155;101-500;202186.0;text;;['😅'];False;False;ccd7e3655eff31e6;[];jadi ceritanya kemarin gw ke perpustakaan pusat buat nyari bahan referensi skripsi, ternyata bukunya udah dipinjem smua sm anak angkatan sebelah. akhirnya gw cuma bs fotokopi dr temen yg kebetulan pny. lumayan lah daripada ga dapet sm sekali, tinggal di rangkum aja sisanya
205;1155;51-100;204678.0;text;;[];False;False;c9b963274b33b88e;[];gw baru aja selesai... ngerjain tugas sampe jam 3 pagi, mau mati... rasanya
206;1155;11-50;205299.0;text;;[];False;False;159aad3a1966ebab;[];GW LG NGERJAIN TUGAS NIH
207;1155;1-10;205541.0;text;;['😂'];False;False;41017f86f64a927e;[];gas
208;1155;11-50;206434.0;text;;[];False;False;c9b963274b33b88e;[];gw belom mulai tugas
209;1155;11-50;207836.0;text;;[];False;False;1dc897b84262494d;[];gw skip kelas hari ini
210;1155;1-10;207838.0;text;;[];False;False;1dc897b84262494d;[];siap
211;1155;51-100;208092.0;text;;['😂'];False;False;ccd7e3655eff31e6;[];gw denger katanya semester depan ad mata kuliah baru yg wajib diambil
212;1155;51-100;208378.0;text;;[];True;False;c9b963274b33b88e;[];eh lu udah dapet info jadwal ujian akhir semester belum dari prodi?...
213;1155;11-50;208485.0;text;;['❤'];False;False;1dc897b84262494d;[];ipk gw turun semester ini
214;1155;51-100;208684.0;text;;['♥'];False;False;ccd7e3655eff31e6;[];nyokap gw nelfon tadi nanyain kapan pulang, gw bilang aja abis ujian
215;1155;1-10;208696.0;text;;['❤'];False;False;1dc897b84262494d;[];haha
216;1155;51-100;209111.0;text;;[];False;False;c9b963274b33b88e;[];gw denger katanya... semester depan ada mata kuliah baru yang wajib diambil...
217;1155;51-100;210423.0;text;;[];False;False;cfa4332fcc87fa99;[];gw denger katanya semester depan ada,,, mata kuliah baru yang wajib diambil,,,
218;1155;51-100;212558.0;text;;[];False;False;41acf68aa801bbd1;[];tadi gw ketemu dosen pembimbing dan dia minta revisi lagi untuk bab 3
219;1155;101-500;216373.0;text;;[];False;False;c9b963274b33b88e;[];jadi ceritanya kemarin gw ke perpustakaan pusat buat nyari bahan referensi skripsi, ternyata bukunya udah dipinjem semua sama... anak angkatan sebelah. akhirnya gw cuma bisa fotokopi dari temen... yang kebetulan punya. lumayan lah daripada ga dapet... sama sekali, tinggal di rangkum aja sisanya
220;1156;1-10;251964.0;text;;[];False;False;159aad3a1966ebab;[];GASSSS
221;1156;1-10;252003.0;text;;[];False;False;159aad3a1966ebab;[];SEEP
222;1156;1-10;252016.0;text;;[];False;False;159aad3a1966ebab;[];OH
223;1156;1-10;252039.0;text;;[];False;False;159aad3a1966ebab;[];SEEP
224;1156;51-100;252228.0;text;;[];False;False;c9b963274b33b88e;[];tadi gw antri... di administrasi kampus 2 jam cuma buat ngurus surat
225;1157;11-50;257311.0;text;;[];True;False;e7d2ce0ba56e7fbb;[];lu dimana sekarang?,,,
226;1157;1-10;257312.0;text;;['😂'];False;False;e7d2ce0ba56e7fbb;[];gas
227;1158;51-100;264320.0;text;;[];False;False;cfa4332fcc87fa99;[];kosan gw bocor lagi pas hujan semalam, kasur gw basah semua parah,,, banget
228;1158;1-10;264320.0;text;;[];True;False;cfa4332fcc87fa99;[];gmn?
229;1158;11-50;264339.0;text;;[];False;False;70b7044e6650314d;[];gw baru aja dr kampus
230;1158;101-500;264361.0;text;;[];True;False;cfa4332fcc87fa99;[];eh ada yang punya rekomendasi laptop,,, budget 5 jutaan yang bagus buat kuliah dan ngoding ga?,,, laptop gw,,, yang sekarang udah mulai lemot dan sering ngehang kalo buka,,, banyak tab. pengennya sih,,, yang ringan buat dibawa,,, ke kampus tapi tetep,,, kenceng performanya, ada saran?,,,
231;1158;11-50;264384.0;text;;[];False;False;cfa4332fcc87fa99;[];gw laper banget nih,,,
232;1158;11-50;264392.0;text;;[];True;False;cfa4332fcc87fa99;[];boleh gw ikut ga?
233;1158;11-50;264505.0;text;;[];False;False;021e7ca3ed092081;[];MIE AYAM PAK KUMIS JUARA SIH
234;1158;11-50;264523.0;text;;[];True;False;cfa4332fcc87fa99;[];gimana kabar lu sekarang?
235;1158;0;264525.0;image/jpeg;;[];False;False;021e7ca3ed092081;[];[Foto]
236;1158;11-50;264536.0;text;;[];False;False;021e7ca3ed092081;[];MIE AYAM PAK KUMIS JUARA SIH
237;1158;11-50;264541.0;text;;[];False;False;021e7ca3ed092081;[];TUGAS KELOMPOK BIKIN PUSING
238;1158;11-50;264595.0;text;;[];False;False;cfa4332fcc87fa99;[];gw mau ambil cuti,,, semester
239;1158;11-50;264603.0;text;;[];False;False;cfa4332fcc87fa99;[];kelas tambahan hari sabtu,,, sih
240;1158;11-50;264616.0;text;;[];False;False;cfa4332fcc87fa99;[];gw baru aja dari,,, kampus
241;1158;51-100;264631.0;text;;[];True;False;cfa4332fcc87fa99;[];menurut lu gw,,, harus ambil mata kuliah pilihan,,, yang mana,,, semester depan?,,,
242;1158;11-50;264663.0;text;;[];False;False;021e7ca3ed092081;[];LU UDAH MAKAN BELUM
243;1158;1-10;264716.0;text;;[];False;False;cfa4332fcc87fa99;[];nah
244;1158;11-50;264799.0;text;;[];False;False;cfa4332fcc87fa99;[];mie ayam pak kumis juara sih,,,
245;1158;101-500;264883.0;text;;[];False;False;cfa4332fcc87fa99;[];gw lagi,,, galau banget nih soal masa depan. mau,,, lanjut s2 tapi,,, duit ga,,, ada, mau langsung kerja tapi pengalaman,,, masih,,, minim.,,, nyokap bilang terserah gw aja tapi gw tau dia pengen gw cepet kerja biar bisa bantu ekonomi keluarga. bingung banget,,, sih, kayak semua pilihan ada plus,,, minusnya
246;1158;11-50;264893.0;text;;['😬'];False;False;cfa4332fcc87fa99;[];gw baru aja dari,,, kampus
247;1158;1-10;266384.0;text;;[];False;False;d9dfce195e2645dd;[];nah
248;1158;51-100;266401.0;text;;[];False;False;d9dfce195e2645dd;[];gw lagi mikirinnn mau ambill magangg di perusahaannn manaa buat semesterrrr depan
249;1158;11-50;266410.0;text;;[];False;False;d9dfce195e2645dd;[];gw laperrr banget nih
250;1158;11-50;266614.0;text;;[];False;False;c9b963274b33b88e;[];dosen pembimbing susah ditemui...
251;1158;51-100;268112.0;text;;[];True;False;6d774930919c0a25;[];menurut lu gw harus... ambil mata kuliah pilihan... yang mana semester depan?...
252;1158;11-50;268118.0;text;;[];False;False;6d774930919c0a25;[];warteg depan kampus enak
253;1158;11-50;268139.0;text;;[];False;False;c9b963274b33b88e;[];tugas kelompok bikin pusing
254;1159;500+;275830.0;text;;[];False;False;751af0e218861899;[];jangann lupa bawa duittt cashhhh
255;1159;51-100;275857.0;text;;[];False;False;751af0e218861899;['1dc897b84262494d'];gw harussss nabunggg lebih banyak sih buat bayar uang semester yangg naik
256;1159;11-50;277731.0;text;;[];False;False;1dc897b84262494d;[];macet parah di jalan,,, tol
257;1159;11-50;277738.0;text;;[];False;False;1dc897b84262494d;[];gw lagi di warkop,,, nih
258;1159;11-50;277739.0;text;;[];False;False;1dc897b84262494d;[];gw lagi di warkop nih
259;1159;11-50;278076.0;text;;[];True;False;c9b963274b33b88e;[];wifi password nya apa sih?...
260;1160;11-50;281314.0;text;;[];False;False;1dc897b84262494d;[];wifi kampus lemot parah,,,
261;1160;1-10;281329.0;text;;['🤣'];False;False;1dc897b84262494d;[];seep
262;1160;11-50;281333.0;text;;[];False;False;1dc897b84262494d;[];dompet gw ketinggalan di,,, rumah
263;1160;1-10;282102.0;text;;[];False;False;c9b963274b33b88e;[];hem
264;1161;101-500;361866.0;text;;[];True;False;fb858268ae0d26bc;[];eh ada yang punya rekomendasi laptop budget 5 jutaan yang bagus buat kuliah dan ngoding ga? laptop gw yang sekarang udah mulai lemot dan sering ngehang kalo buka banyak tab. pengennya sih yang ringan buat dibawa ke kampus tapi tetep kenceng performanya, ada saran!!!
265;1161;1-10;362247.0;text;;[];True;False;41acf68aa801bbd1;[];kapan?
266;1161;51-100;362252.0;text;;[];False;False;41acf68aa801bbd1;[];eh besok kita jadi ketemuan di kafe deket stasiun kan ya jam 2 siang
267;1161;11-50;362275.0;text;;[];False;False;41acf68aa801bbd1;[];lab komputer penuh terus
268;1162;11-50;367053.0;text;;[];False;False;edfade69974f97fe;[];Mie ayam pak kumis juara sih.
269;1162;11-50;367084.0;text;;[];False;False;b04f4644141f9ef4;[];warteg deapn kampus enka
270;1162;11-50;367471.0;text;;[];False;False;41acf68aa801bbd1;[];gw mau ambil cuti semester
271;1162;11-50;367540.0;text;;[];False;False;41acf68aa801bbd1;[];gw laper banget nih
272;1162;51-100;367542.0;text;;[];True;False;41acf68aa801bbd1;[];menurut lu gw harus ambil mata kuliah pilihan yang mana semester depan?
273;1162;0;367547.0;sticker/webp;;[];False;False;41acf68aa801bbd1;[];[Stiker]
274;1163;11-50;430466.0;text;;[];False;False;c9b963274b33b88e;[];gw skip kelas hari... ini
275;1163;11-50;432340.0;image/jpeg;;[];True;False;5cbd55139faade5b;[];[Foto]
276;1163;11-50;432365.0;text;;[];False;False;fce8ea989d61122f;[];gw lg ngerjainnnn tugass nihh
277;1163;11-50;432366.0;text;;[];False;False;fce8ea989d61122f;[];perpus tutup jam berapa ya
278;1163;11-50;432370.0;text;;[];False;False;fce8ea989d61122f;[];matkul ini susah banget
279;1163;1-10;432373.0;text;;[];False;False;fce8ea989d61122f;[];ok
280;1163;11-50;432987.0;text;;[];False;False;41017f86f64a927e;[];eh tadiii kelas seru bangett
281;1163;11-50;433018.0;text;;['😂'];False;False;41017f86f64a927e;[];gw belomm mulai tugas
282;1163;11-50;434760.0;text;;[];True;False;5cbd55139faade5b;[];siapa yg mau... ikut?
283;1163;11-50;434788.0;image/jpeg;;[];False;False;5cbd55139faade5b;[];[Foto]
284;1163;51-100;434798.0;text;;[];False;False;021e7ca3ed092081;[];GW DENGER KATANYA SEMESTER DEPAN ADA MATA KULIAH BARU YANG WAJIB DIAMBIL
285;1163;1-10;434809.0;text;;[];False;False;5cbd55139faade5b;[];haha
286;1163;51-100;435305.0;text;;[];True;False;5cbd55139faade5b;[];eh lu udah dapet info... jadwal ujian akhir semester blm dr prodi?
287;1163;51-100;436227.0;text;;[];False;False;5cbd55139faade5b;[];gw baru aja selesai ngerjain tugas sampe jam 3... pagi, mau mati rasanya
288;1164;0;442082.0;image/jpeg;;[];False;False;cfa4332fcc87fa99;[];[Foto]
289;1164;11-50;442109.0;text;;[];True;False;cfa4332fcc87fa99;[];siapa yang,,, mau ikut?
290;1164;11-50;442135.0;text;;[];False;False;021e7ca3ed092081;[];TADI ABSEN GA SIH KAMU
291;1164;11-50;442146.0;text;;[];False;False;021e7ca3ed092081;[];PRESENTASI GW AMBURADUL
292;1164;11-50;442149.0;text;;[];False;False;021e7ca3ed092081;[];GW LG NGERJAIN TUGAS NIH
293;1164;11-50;442154.0;text;;[];False;False;021e7ca3ed092081;[];PERPUS TUTUP JAM BERAPA YA
294;1164;11-50;442161.0;text;;[];False;False;021e7ca3ed092081;[];GW BELOM MULAI TUGAS
295;1164;11-50;442171.0;text;;[];False;False;021e7ca3ed092081;[];LAB KOMPUTER PENUH TERUS
296;1164;51-100;442193.0;text;;[];False;False;021e7ca3ed092081;[];NYOKAP GW NELFON TADI NANYAIN KAPAN PULANG, GW BILANG AJA ABIS UJIAN
297;1165;101-500;446374.0;text;;[];False;False;c9b963274b33b88e;[];kemarin malem gw sama... temen temen nongkrong di warkop biasa sampe jam 12 malem. kita ngobrol banyak hal dari mulai... tugas kuliah, rencana liburan, sampe masalah percintaan. seru sih walau... besoknya gw kesiangan masuk kelas pagi dan dosen negur di... depan semua... orang. malu tapi... ya gimana lagi
298;1165;51-100;446520.0;text;;[];False;False;d9dfce195e2645dd;[];gw udahhhh download semua materi kuliah tapi belum sempattt baca sama sekaliiii
299;1165;11-50;446538.0;text;;[];False;False;d9dfce195e2645dd;[];indomie telorrr udahh cukuppp kok
300;1165;1-10;446593.0;text;;[];False;False;d9dfce195e2645dd;[];yepppp
301;1165;1-10;446597.0;text;;[];False;False;d9dfce195e2645dd;[];ngabbbb
302;1165;11-50;446610.0;text;;[];False;False;d9dfce195e2645dd;[];baksooo malang itu buka ga ya
303;1165;51-100;446635.0;text;;[];False;False;d9dfce195e2645dd;[];weekend iniii gw mau staycation aja di kosan bingeeee watching series baruuu
304;1165;51-100;447160.0;text;;[];False;False;c9b963274b33b88e;[];dompet gw ilang kemarin... di... angkot tapi alhamdulillah ada yang nemuin
305;1166;11-50;534429.0;text;;[];False;False;cfa4332fcc87fa99;[];tugas kelompok bikin pusing
306;1166;1-10;534436.0;text;;[];False;False;cfa4332fcc87fa99;[];nah
307;1166;11-50;534454.0;text;;[];True;False;cfa4332fcc87fa99;[];ada yang,,, punya catetan?
308;1166;11-50;534653.0;text;;[];False;False;b4fc5a22b27ed5ac;[];kelas tambahan hari sabtu sih
309;1167;11-50;538288.0;text;;[];False;False;c9b963274b33b88e;[];gym hari ini skip deh
310;1167;51-100;538313.0;text;;[];False;False;c9b963274b33b88e;[];gw baru dapet info beasiswa buat semester depan mau coba daftar deh
311;1167;51-100;540655.0;text;;[];True;False;5cbd55139faade5b;[];kira kira kalo gw apply magang skrg msh keburu ga ya?
312;1167;11-50;540674.0;text;;[];False;False;5cbd55139faade5b;[];badminton yuk sore ni
313;1167;1-10;540676.0;text;;[];True;False;5cbd55139faade5b;[];gmana?
314;1167;1-10;540683.0;text;;[];True;False;5cbd55139faade5b;[];gmana?
315;1168;11-50;554442.0;text;;[];True;False;d9dfce195e2645dd;[];kapan terakhir kali ketemu?
316;1168;11-50;554550.0;text;;[];False;False;edfade69974f97fe;[];Jangan bilang siapa siapa ya.
317;1168;11-50;554606.0;text;;[];False;False;41acf68aa801bbd1;[];gw kangen temen temen sma
318;1168;11-50;554625.0;text;;[];False;False;edfade69974f97fe;[];Temenin gw dong besok.
319;1168;11-50;556454.0;text;;[];True;False;d9dfce195e2645dd;[];kapannn terakhirr kali ketemu?
320;1168;11-50;557398.0;text;;[];False;False;c9b963274b33b88e;[];pacarnya baru siapa... sih...
321;1168;1-10;558658.0;text;;[];False;False;a91f7b527c513293;[];males
322;1168;11-50;558804.0;text;;[];False;False;c9b963274b33b88e;[];temen gw sakit... masuk RS
323;1168;11-50;559770.0;text;;[];True;False;a91f7b527c513293;[];jadwal sidang kapan bro?
324;1168;1-10;559778.0;text;;[];False;False;a91f7b527c513293;[];wkwkw
325;1168;11-50;559779.0;text;;[];False;False;a91f7b527c513293;[];angkot ke sana masih ada ga
326;1168;11-50;560092.0;text;;[];False;False;c9b963274b33b88e;[];temen gw sakit masuk RS
327;1168;51-100;560115.0;text;;[];False;False;c9b963274b33b88e;[];lu harus coba kedai kopi baru... di jalan belakang kampus, enak banget
328;1168;0;566895.0;sticker/webp;;[];False;False;a91f7b527c513293;[];[Stiker]
329;1169;11-50;598054.0;text;;[];False;False;cc1eca4e77e4faa9;[];badminton yuk sore ini
330;1169;11-50;598103.0;image/jpeg;;[];True;False;cc1eca4e77e4faa9;[];[Foto]
331;1169;11-50;599137.0;text;;[];False;False;4257d3d838f5bedb;[];ALBUM BARU DIA ENAK BANGET
332;1169;11-50;599143.0;text;;[];False;False;4257d3d838f5bedb;[];BADMINTON YUK SORE INI
333;1169;51-100;601742.0;text;;[];True;False;edfade69974f97fe;[];kira kira kalo gw apply magang sekarang masih keburu ga ya?
334;1169;11-50;601753.0;text;;[];False;False;edfade69974f97fe;[];Konser itu mahal banget tiketnya.
335;1169;11-50;601878.0;text;;[];False;False;27343f8a1c54ae69;[];Game baru udah download belum.
336;1169;11-50;601884.0;text;;[];False;False;27343f8a1c54ae69;[];Badminton yuk sore ini.
337;1169;1-10;601919.0;text;;[];False;False;41acf68aa801bbd1;[];zonk
338;1169;11-50;601921.0;text;;[];False;False;41acf68aa801bbd1;[];gw abis lari pagi tadi
339;1169;11-50;601960.0;text;;[];True;False;edfade69974f97fe;[];booking duluan apa langsung aja?
340;1169;51-100;602030.0;text;;[];False;False;c9b963274b33b88e;[];dosen killer itu ternyata baik... banget orangnya kalo diajak... ngobrol santai
341;1170;11-50;608380.0;text;;[];True;False;4257d3d838f5bedb;[];BAYAR BERAPA SIH TADI?
342;1170;11-50;608391.0;text;;[];False;False;4257d3d838f5bedb;[];MASAK SENDIRI LEBIH HEMAT SIH
343;1170;11-50;608531.0;text;;[];False;False;021e7ca3ed092081;[];MASAK SENDIRI LEBIH HEMAT SIH
344;1170;1-10;608540.0;text;;[];False;False;021e7ca3ed092081;[];GASS
345;1170;11-50;608590.0;text;;[];False;False;cc1eca4e77e4faa9;[];gw mau nyoba restoran baru
346;1170;11-50;608622.0;text;;[];False;False;4257d3d838f5bedb;[];GW MAU NYOBA RESTORAN BARU
347;1170;1-10;608630.0;text;;[];False;False;021e7ca3ed092081;[];SIS
348;1171;11-50;685498.0;text;;[];True;False;7430439a03fe249a;[];booking duluan apa langsung aja!!
349;1171;1-10;686419.0;text;;[];False;False;70b7044e6650314d;[];btw
350;1171;11-50;686421.0;text;;[];True;False;70b7044e6650314d;[];tadi ngomong apa sih dosennya?
351;1171;51-100;686429.0;text;;[];True;False;70b7044e6650314d;[];kira kira kalo gw apply magang skrg msh keburu ga ya?
352;1171;1-10;686828.0;text;;[];False;False;7430439a03fe249a;[];jir!!
353;1171;11-50;686835.0;text;;[];False;True;7430439a03fe249a;[];akhirnya kelar juga nih!!
354;1172;11-50;705099.0;text;;[];False;False;cfa4332fcc87fa99;[];gw ngga bisa ikut,,, malem ini
355;1172;51-100;705103.0;text;;[];False;False;cfa4332fcc87fa99;[];gw lagi nyoba masak rendang resep nyokap tapi,,, kayaknya gagal,,, total deh
356;1172;11-50;705116.0;text;;[];True;False;cfa4332fcc87fa99;[];ada yg mau bareng?
357;1172;51-100;705147.0;text;;[];True;False;cfa4332fcc87fa99;[];gimana caranya biar bisa fokus belajar,,, tanpa main,,, hp terus,,, ya?
358;1172;101-500;706042.0;image/jpeg;;[];False;False;c9b963274b33b88e;[];[Foto]
359;1173;11-50;772202.0;text;;[];False;False;cfa4332fcc87fa99;[];gw lagi baca novel baru nih
360;1173;0;772211.0;image/jpeg;;[];False;False;cfa4332fcc87fa99;[];[Foto]
361;1173;0;772222.0;image/jpeg;;[];False;False;cfa4332fcc87fa99;[];[Foto]
362;1173;11-50;772224.0;text;;[];False;False;cfa4332fcc87fa99;[];album baru,,, dia enak banget
363;1173;11-50;772229.0;text;;[];False;False;cfa4332fcc87fa99;[];game baru udah download,,, belum
364;1173;11-50;772260.0;text;;[];True;False;cfa4332fcc87fa99;[];tadi ngomong apa,,, sih dosennya?
365;1173;101-500;772375.0;text;;[];False;False;021e7ca3ed092081;[];TADI SIANG GW MAKAN DI WARUNG MAKAN BARU DEKET GERBANG BELAKANG KAMPUS. NASI GORENGNYA LUMAYAN ENAK DAN HARGANYA MURAH BANGET CUMA 12 RIBU UDAH SAMA ES TEH. KAYAKNYA BAKAL JADI LANGGANAN BARU DEH SOALNYA WARTEG BIASA GW UDAH MULAI NAIK HARGA DAN PORSINYA MAKIN DIKIT AJA
366;1173;1-10;772405.0;text;;[];False;False;cfa4332fcc87fa99;[];bete
367;1173;1-10;772408.0;text;;[];True;False;cfa4332fcc87fa99;[];gmana?
368;1173;11-50;772411.0;text;;[];True;False;cfa4332fcc87fa99;[];booking duluan apa langsung,,, aja?
369;1173;11-50;772421.0;text;;[];True;False;cfa4332fcc87fa99;[];masih bangun ga lu jam segini?
370;1173;1-10;772436.0;text;;[];False;False;021e7ca3ed092081;[];NJIR
371;1173;11-50;772438.0;text;;[];False;False;021e7ca3ed092081;[];MANGA TERBARU UDAH KELUAR LOH
372;1173;11-50;772458.0;text;;[];False;False;cfa4332fcc87fa99;[];game baru udah,,, download,,, belum
373;1173;0;772539.0;image/jpeg;;[];False;False;021e7ca3ed092081;[];[Foto]
374;1173;0;772666.0;image/jpeg;;[];False;False;cfa4332fcc87fa99;[];[Foto]
375;1173;0;772676.0;image/jpeg;;[];False;False;cfa4332fcc87fa99;[];[Foto]
376;1173;11-50;772680.0;text;;[];False;False;cfa4332fcc87fa99;[];series itu endingnya zonk,,, bgt
377;1173;11-50;772684.0;text;;[];False;False;021e7ca3ed092081;[];KONSER ITU MAHAL BANGET TIKETNYA
378;1173;11-50;772693.0;text;;[];False;False;021e7ca3ed092081;[];GAME BARU UDAH DOWNLOAD BELUM
379;1173;11-50;772863.0;text;;[];False;False;cfa4332fcc87fa99;[];game baru udah download belum
380;1173;11-50;772881.0;text;;[];True;False;021e7ca3ed092081;[];TADI NGOMONG APA SIH DOSENNYA?
381;1173;1-10;772884.0;text;;[];False;False;cfa4332fcc87fa99;[];zonk
382;1173;1-10;772890.0;text;;[];False;False;cfa4332fcc87fa99;[];sans
383;1173;11-50;772899.0;text;;[];False;False;cfa4332fcc87fa99;[];game baru,,, udah,,, download belum
384;1173;11-50;772902.0;text;;[];False;False;cfa4332fcc87fa99;[];gw abis lari pagi,,, tadi
385;1173;0;772927.0;image/jpeg;;[];False;False;cfa4332fcc87fa99;[];[Foto]
386;1173;0;772933.0;image/jpeg;;[];False;False;cfa4332fcc87fa99;[];[Foto]
387;1173;1-10;772954.0;text;;[];False;False;021e7ca3ed092081;[];NJIR
388;1173;51-100;773145.0;text;;[];False;False;cfa4332fcc87fa99;[];gw harus ganti strategi belajar sih soalnya nilai uts kemarin jelek bgt,,,
389;1173;11-50;773164.0;text;;[];False;False;021e7ca3ed092081;[];GW ABIS LARI PAGI TADI
390;1174;51-100;791432.0;text;;[];True;False;41017f86f64a927e;[];siapa sih yangg spread gosip itu ke grup sebelah, tauuu ga orangnya?
391;1174;11-50;791445.0;text;;[];False;False;41017f86f64a927e;[];keluargaa ngumpul lebarann nanti
392;1174;11-50;791453.0;text;;[];False;False;41acf68aa801bbd1;[];gw baru aja ketemu mantan
393;1174;11-50;791454.0;text;;[];False;False;41acf68aa801bbd1;[];bokap gw lagi di luar kota
394;1174;11-50;791459.0;text;;[];False;False;41acf68aa801bbd1;[];playlist lo yang mana sih
395;1174;11-50;791459.0;text;;[];False;False;41017f86f64a927e;[];mamaaa mintaa gw pulang weekend
396;1174;11-50;791462.0;text;;[];False;False;41acf68aa801bbd1;[];gw baru aja ketemu mantan
397;1174;11-50;791464.0;text;;[];False;False;41acf68aa801bbd1;[];film baru di bioskop bagus ga
398;1174;1-10;791471.0;text;;[];False;False;41017f86f64a927e;[];mager
399;1174;11-50;791473.0;text;;[];False;False;41acf68aa801bbd1;[];gw lagi marathon drakor nih
400;1174;1-10;791473.0;text;;[];False;False;41017f86f64a927e;[];pastii
401;1174;1-10;791480.0;text;;[];False;False;41acf68aa801bbd1;[];gitu
402;1174;11-50;791493.0;text;;[];False;False;5dae0575118b0daf;[];bokap gw lagi di luar kota
403;1174;1-10;791497.0;text;;[];True;False;5dae0575118b0daf;[];napa?
404;1174;11-50;791512.0;text;;[];False;False;41acf68aa801bbd1;[];mama minta gw pulang weekend
405;1174;11-50;791517.0;text;;[];True;False;41017f86f64a927e;[];itu tempatnya jauhhhh ga?
406;1174;51-100;791596.0;text;;[];False;False;41017f86f64a927e;[];gw nonton film dokumenter semalammmm tentang laut dannn ikan, bagusss bangettt
407;1174;11-50;791608.0;text;;[];False;False;41017f86f64a927e;[];kakakkk gw baru aja nikah
408;1174;11-50;791897.0;text;;[];True;False;6ad6bfb8f7035aac;[];knp ga bales chat gw?
409;1174;51-100;792105.0;text;;[];False;False;c9b963274b33b88e;[];tadi pagi gw olahraga... lari keliling kampus 5 putaran badan pegel semua
410;1174;51-100;792213.0;text;;[];False;False;fce8ea989d61122f;[];gw nonton filmmmm dokumenterrrr semalam tentang laut dan ikan, bagus banget
411;1174;11-50;792216.0;text;;[];False;False;fce8ea989d61122f;[];gw lagi marathon drakorrr nihh
412;1174;11-50;792216.0;text;;[];False;False;fce8ea989d61122f;[];mamaaaa mintaaaa gw pulang weekendddd
413;1174;11-50;792218.0;text;;[];True;False;fce8ea989d61122f;[];kenapaaaa ga balessss chatt gw?
414;1174;0;792220.0;image/jpeg;;[];False;False;fce8ea989d61122f;[];[Foto]
415;1175;51-100;799330.0;text;;[];True;False;cfa4332fcc87fa99;[];gimana caranya biar bisa,,, fokus belajar,,, tanpa main hp terus ya?
416;1175;11-50;799351.0;text;;[];False;False;cfa4332fcc87fa99;[];jangan lupa bawa duit,,, cash
417;1176;101-500;875518.0;text;;[];True;False;70b7044e6650314d;[];guys ad yg tau ga sih knp sistem registrasi online kampus sering bgt error pas masa pengisian krs? tiap semester selalu gitu bikin stres, mana hrs rebutan mata kuliah yg kuotanya dikit bgt lg. apa emang servernya ga kuat ya nampung banyak mahasiswa sekaligus?
418;1176;11-50;875590.0;text;;[];False;False;1294c805454a6797;[];sarapan dulu baru mikir
419;1176;11-50;875621.0;text;;[];False;False;70b7044e6650314d;[];indomie telor udah cukup kok
420;1176;1-10;875645.0;text;;[];False;True;1294c805454a6797;[];keren!
421;1176;51-100;876310.0;text;;[];False;False;c9b963274b33b88e;[];gw udah download semua materi kuliah tapi belum sempat baca sama sekali
422;1176;1-10;876344.0;text;;['👍', '😌'];False;False;70b7044e6650314d;[];ayok
423;1177;101-500;881474.0;text;;[];True;False;c9b963274b33b88e;[];menurut kalian kenapa ya generasi... kita tuh kayaknya lebih gampang stres dan burnout dibanding generasi... orang tua kita dulu? apa karena tekanan sosmed atau emang tuntutan hidup yang makin tinggi ya? gw penasaran aja sih soalnya temen temen gw banyak... yang ngeluh hal yang sama
424;1177;11-50;883589.0;text;;[];True;False;021e7ca3ed092081;[];BOLEH GW IKUT GA?
425;1177;0;883589.0;image/jpeg;;[];False;False;021e7ca3ed092081;[];[Foto]
426;1177;0;883589.0;image/jpeg;;[];False;False;021e7ca3ed092081;[];[Foto]
427;1178;51-100;965635.0;text;;[];True;False;b04f4644141f9ef4;[];kira kiar klao gw apply magang skrg msh kebruu ga ya?
428;1178;11-50;965698.0;text;;[];False;False;021e7ca3ed092081;[];SERIES ITU ENDINGNYA ZONK BGT
429;1178;51-100;965709.0;text;;[];False;False;021e7ca3ed092081;[];SEMALAM HUJAN GEDE BANGET SAMPE KOSAN GW MATI LAMPU SEMALEMAN GILA
430;1178;1-10;966178.0;text;;[];False;False;631ff720acdd094f;[];njir
431;1178;11-50;966191.0;text;;[];False;False;631ff720acdd094f;[];game baru udah download belum
432;1178;11-50;966395.0;image/jpeg;;[];False;False;b04f4644141f9ef4;[];[Foto]
433;1178;101-500;966407.0;image/jpeg;;[];True;False;eb0f8f13d8134049;[];[Foto]
434;1178;11-50;966471.0;text;;[];True;False;b04f4644141f9ef4;[];ad sinyal ga disitu?
435;1178;11-50;966526.0;text;;[];False;False;fce8ea989d61122f;[];badminton yukkkk soreeee iniii
436;1178;11-50;966759.0;text;;[];False;False;7430439a03fe249a;[];badminton yuk sore ini!!
437;1178;1-10;966787.0;text;;[];True;False;fce8ea989d61122f;[];gitu?
438;1178;11-50;966788.0;text;;[];False;False;fce8ea989d61122f;[];podcast yg lu rekomen mana
439;1178;11-50;966790.0;text;;[];False;False;fce8ea989d61122f;[];series itu endingnyaaaa zonk bgttt
440;1178;11-50;967031.0;text;;[];True;False;fce8ea989d61122f;[];tadi ngomongg apa sihhh dosennya?
441;1178;11-50;967033.0;text;;[];False;False;fce8ea989d61122f;[];pertandingan bola tadii malam gilaaaa
442;1178;11-50;967042.0;text;;[];True;False;fce8ea989d61122f;[];masihhh bangun ga lu jammmm segini?
443;1178;1-10;967044.0;text;;['🙏🏻'];False;False;fce8ea989d61122f;[];hokiiii
444;1178;11-50;967489.0;text;;[];False;False;eb0f8f13d8134049;[];album baru dia enak banget
445;1178;11-50;967491.0;text;;[];False;False;eb0f8f13d8134049;[];pertandingan bola tadi malam gila
446;1178;11-50;967674.0;text;;[];False;False;7430439a03fe249a;[];podcast yg lu rekomen mana!!!
447;1178;0;968051.0;image/jpeg;;[];False;False;fce8ea989d61122f;[];[Foto]
448;1178;51-100;969300.0;text;;[];False;False;fe835936853d47da;[];GW BARU DAPET INFO BEASISWA BUAT SEMESTER DEPAN MAU COBA DAFTAR DEH
449;1178;11-50;969308.0;text;;[];False;False;fe835936853d47da;[];GW ABIS LARI PAGI TADI
450;1178;51-100;970878.0;text;;[];True;False;2e122f745ec54737;[];kiraaaa kira kaloo gw apply magang sekarangggg masih keburuuuu ga ya?
451;1178;51-100;971126.0;image/jpeg;;['😣', '🙏🏼'];True;False;a73fab1860225fef;[];[Foto]
452;1178;11-50;971129.0;text;;[];False;False;a73fab1860225fef;[];podcasttt yg lu rekomen mana
453;1178;11-50;971147.0;text;;[];False;False;a73fab1860225fef;[];gymmm hari ini skippp deh
454;1178;101-500;971405.0;text;;[];False;False;fe835936853d47da;[];TADI SIANG GW MAKAN DI WARUNG MAKAN BARU DEKET GERBANG BELAKANG KAMPUS. NASI GORENGNYA LUMAYAN ENAK DAN HARGANYA MURAH BANGET CUMA 12 RIBU UDAH SAMA ES TEH. KAYAKNYA BAKAL JADI LANGGANAN BARU DEH SOALNYA WARTEG BIASA GW UDAH MULAI NAIK HARGA DAN PORSINYA MAKIN DIKIT AJA
455;1178;51-100;971636.0;text;;[];False;False;53aa1fb24042d086;[];semalammm hujan gede banget sampe kosan gw matii lampu semaleman gila
456;1179;0;983661.0;image/jpeg;;[];False;False;1dc897b84262494d;[];[Foto]
457;1179;51-100;994745.0;text;;[];True;False;edfade69974f97fe;[];menurut lu gw harus ambil mata kuliah pilihan yang mana semester depan?
458;1179;51-100;994819.0;text;;[];False;False;edfade69974f97fe;[];Jangan lupa besok kumpul di lobby kampus jam 8 pagi buat berangkat bareng.
459;1179;101-500;994921.0;text;;[];False;False;c9b963274b33b88e;[];gw lagi galau banget nih... soal masa depan.... mau lanjut... S2 tapi duit ga ada, mau langsung kerja tapi pengalaman masih... minim. nyokap bilang terserah gw aja tapi gw tau dia pengen gw... cepet kerja biar... bisa bantu ekonomi... keluarga. bingung banget sih, kayak... semua pilihan ada plus minusnya
460;1179;51-100;994960.0;text;;[];False;False;c9b963274b33b88e;[];kosan gw bocor lagi pas hujan semalam, kasur gw basah semua parah banget
461;1179;101-500;995357.0;text;;[];False;False;edfade69974f97fe;[];Gw lagi galau banget nih soal masa depan. mau lanjut S2 tapi duit ga ada, mau langsung kerja tapi pengalaman masih minim. nyokap bilang terserah gw aja tapi gw tau dia pengen gw cepet kerja biar bisa bantu ekonomi keluarga. bingung banget sih, kayak semua pilihan ada plus minusnya.
462;1180;101-500;1038559.0;text;;[];True;False;c9b963274b33b88e;[];eh ada yang punya rekomendasi... laptop budget 5 jutaan yang... bagus buat... kuliah dan ngoding ga? laptop gw... yang sekarang udah mulai lemot dan... sering ngehang kalo buka banyak tab.... pengennya sih yang... ringan buat dibawa... ke kampus tapi... tetep kenceng performanya, ada saran?
463;1180;11-50;1038703.0;text;;[];False;False;27343f8a1c54ae69;[];Tadi gw makan nasi padang.
464;1180;11-50;1041345.0;text;;[];True;False;cfa4332fcc87fa99;[];bawa motor apa naik,,, apa?
465;1180;11-50;1041529.0;text;;[];False;False;c9b963274b33b88e;[];bakso malang itu... buka ga ya
466;1180;1-10;1041531.0;text;;[];False;False;c9b963274b33b88e;[];lol
467;1180;11-50;1041545.0;text;;[];False;False;cfa4332fcc87fa99;[];nongkrong yuk di kafe biasa
468;1180;11-50;1041551.0;text;;[];False;False;cfa4332fcc87fa99;[];es teh,,, manis satu ya bang
469;1180;11-50;1041555.0;text;;[];False;False;cfa4332fcc87fa99;[];masak sendiri,,, lebih hemat sih
470;1180;11-50;1041570.0;text;;[];False;False;cfa4332fcc87fa99;[];masak sendiri lebih hemat,,, sih
471;1180;11-50;1041579.0;text;;[];True;False;cfa4332fcc87fa99;[];udah sampe belom?
472;1180;51-100;1041591.0;text;;[];False;False;edfade69974f97fe;[];Weekend ini gw mau staycation aja di kosan binge watching series baru.
473;1180;11-50;1041601.0;text;;[];False;False;edfade69974f97fe;[];Masak sendiri lebih hemat sih.
474;1180;1-10;1041621.0;text;;[];True;False;cfa4332fcc87fa99;[];masa?
475;1180;11-50;1041635.0;text;;[];True;False;cfa4332fcc87fa99;[];udah sampe belom?
476;1180;51-100;1041659.0;text;;[];True;False;cfa4332fcc87fa99;[];ada yang tau kenapa,,, kantin kampus,,, tutup lebih awal hari,,, ini ga,,, sih?
477;1180;11-50;1041784.0;image/jpeg;;[];False;False;edfade69974f97fe;[];[Foto]
478;1180;1-10;1041814.0;text;;[];False;False;cfa4332fcc87fa99;[];yep
479;1180;1-10;1041819.0;text;;[];False;False;cfa4332fcc87fa99;[];bro
480;1180;11-50;1041837.0;text;;[];False;False;edfade69974f97fe;[];Kopi susu yg biasa ya.
481;1180;11-50;1041852.0;text;;[];False;False;cfa4332fcc87fa99;[];es teh manis satu ya bang
482;1180;51-100;1041863.0;text;;[];False;False;edfade69974f97fe;[];Gw lagi bingung milih topik skripsi antara dua tema yang sama menariknya.
483;1180;11-50;1041865.0;text;;[];True;False;cfa4332fcc87fa99;[];itu beneran,,, apa hoax?
484;1180;1-10;1041887.0;text;;[];False;False;edfade69974f97fe;[];Ngab.
485;1180;11-50;1041895.0;text;;[];False;False;edfade69974f97fe;[];Sarapan dulu baru mikir.
486;1180;11-50;1041900.0;text;;[];False;False;edfade69974f97fe;[];Masak sendiri lebih hemat sih.
487;1180;11-50;1041907.0;text;;[];False;False;edfade69974f97fe;[];Gw mau pesen gofood dulu.
488;1180;0;1041982.0;image/jpeg;;[];False;False;cfa4332fcc87fa99;[];[Foto]
489;1180;0;1041989.0;image/jpeg;;[];False;False;cfa4332fcc87fa99;[];[Foto]
490;1180;11-50;1041993.0;image/jpeg;;[];False;False;edfade69974f97fe;[];[Foto]
491;1180;1-10;1041993.0;text;;[];True;False;cfa4332fcc87fa99;[];masa?
492;1180;1-10;1042012.0;text;;[];False;False;cfa4332fcc87fa99;[];bener
493;1180;11-50;1042013.0;text;;[];False;False;edfade69974f97fe;[];Gw mau nyoba restoran baru.
494;1180;11-50;1042015.0;text;;[];True;False;cfa4332fcc87fa99;[];bayar berapa sih,,, tadi?
495;1180;11-50;1042025.0;text;;[];False;False;edfade69974f97fe;[];Gw mau pesen gofood dulu.
496;1180;11-50;1042045.0;text;;[];False;False;41acf68aa801bbd1;[];masak sendiri lebih hemat sih
497;1180;51-100;1042054.0;text;;[];False;False;edfade69974f97fe;[];Gw lagi bingung milih topik skripsi antara dua tema yang sama menariknya.
498;1180;11-50;1042422.0;text;;[];False;False;cfa4332fcc87fa99;[];bakso malang,,, itu buka ga ya,,,
499;1180;1-10;1042424.0;text;;[];False;False;cfa4332fcc87fa99;[];ngab
500;1180;1-10;1042424.0;text;;[];False;False;cfa4332fcc87fa99;[];sip
501;1180;0;1042447.0;image/jpeg;;[];False;False;cfa4332fcc87fa99;[];[Foto]
502;1180;1-10;1045008.0;text;;[];False;False;021e7ca3ed092081;[];LOL
503;1180;11-50;1045011.0;text;;[];False;False;021e7ca3ed092081;[];ES TEH MANIS SATU YA BANG
504;1180;101-500;1045047.0;text;;[];False;False;021e7ca3ed092081;[];KEMARIN MALEM GW SAMA TEMEN TEMEN NONGKRONG DI WARKOP BIASA SAMPE JAM 12 MALEM. KITA NGOBROL BANYAK HAL DARI MULAI TUGAS KULIAH, RENCANA LIBURAN, SAMPE MASALAH PERCINTAAN. SERU SIH WALAU BESOKNYA GW KESIANGAN MASUK KELAS PAGI DAN DOSEN NEGUR DI DEPAN SEMUA ORANG. MALU TAPI YA GIMANA LAGI
505;1180;1-10;1045070.0;image/jpeg;;[];False;False;021e7ca3ed092081;[];[Foto]
506;1180;101-500;1045097.0;text;;[];False;False;021e7ca3ed092081;[];KEMARIN MALEM GW SAMA TEMEN TEMEN NONGKRONG DI WARKOP BIASA SAMPE JAM 12 MALEM. KITA NGOBROL BANYAK HAL DARI MULAI TUGAS KULIAH, RENCANA LIBURAN, SAMPE MASALAH PERCINTAAN. SERU SIH WALAU BESOKNYA GW KESIANGAN MASUK KELAS PAGI DAN DOSEN NEGUR DI DEPAN SEMUA ORANG. MALU TAPI YA GIMANA LAGI
507;1180;11-50;1045111.0;text;;[];False;False;021e7ca3ed092081;[];TADI GW MAKAN NASI PADANG
508;1180;51-100;1045322.0;text;;[];False;False;021e7ca3ed092081;[];TADI DI KANTIN KETEMU ANAK ANGKATAN BAWAH YANG KENAL SAMA TEMEN SMA GW
509;1180;11-50;1045332.0;text;;[];False;False;41acf68aa801bbd1;[];bakso malang itu buka ga ya
510;1180;101-500;1045379.0;text;;[];False;False;021e7ca3ed092081;[];KEMARIN MALEM GW SAMA TEMEN TEMEN NONGKRONG DI WARKOP BIASA SAMPE JAM 12 MALEM. KITA NGOBROL BANYAK HAL DARI MULAI TUGAS KULIAH, RENCANA LIBURAN, SAMPE MASALAH PERCINTAAN. SERU SIH WALAU BESOKNYA GW KESIANGAN MASUK KELAS PAGI DAN DOSEN NEGUR DI DEPAN SEMUA ORANG. MALU TAPI YA GIMANA LAGI
511;1180;11-50;1045403.0;text;;[];False;False;41acf68aa801bbd1;[];porsi makan gw nambah terus
512;1180;11-50;1045437.0;text;;[];False;False;eca900a7367c8b69;[];kopi susu yg biasa ya
513;1180;11-50;1045440.0;text;;[];False;False;eca900a7367c8b69;[];bakso malang tu buka ga ya
514;1180;11-50;1045441.0;text;;[];False;False;edfade69974f97fe;[];Sarapan dulu baru mikir.
515;1180;11-50;1045490.0;text;;[];True;False;021e7ca3ed092081;[];ITU BENERAN APA HOAX?
516;1180;11-50;1045499.0;text;;[];False;False;021e7ca3ed092081;[];NONGKRONG YUK DI KAFE BIASA
517;1180;51-100;1045886.0;text;;[];False;False;c9b963274b33b88e;[];dompet gw ilang kemarin di angkot tapi alhamdulillah ada yang nemuin
518;1180;11-50;1045902.0;text;;[];False;False;021e7ca3ed092081;[];GW MAU PESEN GOFOOD DULU
519;1180;11-50;1045904.0;text;;[];False;False;cfa4332fcc87fa99;[];nongkrong yuk di kafe,,, biasa
520;1180;11-50;1045907.0;text;;[];False;False;cfa4332fcc87fa99;[];nongkrong yuk di kafe biasa
521;1180;11-50;1045919.0;text;;[];True;False;cfa4332fcc87fa99;[];bayar berapa sih tadi?
522;1180;1-10;1045927.0;text;;[];False;False;cfa4332fcc87fa99;[];woy
523;1180;51-100;1045933.0;text;;[];False;False;c9b963274b33b88e;[];gw lagi bingung milih topik skripsi antara dua tema yang sama menariknya
524;1180;51-100;1045954.0;text;;[];False;False;cfa4332fcc87fa99;[];tadi di,,, kantin ketemu,,, anak angkatan bawah yang kenal sama temen sma gw
525;1180;51-100;1045957.0;text;;[];False;False;c9b963274b33b88e;[];tadi di kantin ketemu anak angkatan bawah yang kenal sama temen SMA gw
526;1180;0;1045969.0;image/jpeg;;[];False;False;cfa4332fcc87fa99;[];[Foto]
527;1180;11-50;1045977.0;text;;[];False;False;cfa4332fcc87fa99;[];gw mau nyoba restoran baru
528;1180;51-100;1045980.0;text;;[];False;False;c9b963274b33b88e;[];gw udah download semua... materi kuliah... tapi belum sempat baca sama sekali
529;1180;11-50;1046003.0;text;;[];False;False;c9b963274b33b88e;[];sarapan dulu baru... mikir...
530;1180;0;1046046.0;image/jpeg;;[];False;False;c9b963274b33b88e;[];[Foto]
531;1180;11-50;1046059.0;text;;[];True;False;c9b963274b33b88e;[];bayar berapa sih tadi?
532;1180;11-50;1046066.0;text;;[];True;False;cfa4332fcc87fa99;[];udah sampe belom?
533;1180;11-50;1046073.0;text;;[];False;False;cfa4332fcc87fa99;[];masak sendiri lebih hemat sih
534;1180;11-50;1046083.0;text;;[];False;False;cfa4332fcc87fa99;[];nongkrong yuk di kafe,,, biasa
535;1180;11-50;1046089.0;text;;[];True;False;021e7ca3ed092081;[];ITU BENERAN APA HOAX?
536;1180;0;1046092.0;image/jpeg;;[];False;False;c9b963274b33b88e;[];[Foto]
537;1180;101-500;1046147.0;text;;[];False;False;c9b963274b33b88e;[];kemarin malem gw sama temen temen nongkrong di warkop biasa sampe jam 12 malem. kita ngobrol banyak hal dari mulai tugas kuliah, rencana liburan, sampe masalah percintaan. seru sih walau besoknya gw kesiangan masuk kelas pagi... dan dosen negur di... depan semua orang. malu... tapi ya gimana lagi...
538;1180;1-10;1046179.0;text;;[];False;False;c9b963274b33b88e;[];sis
539;1180;11-50;1046182.0;text;;[];False;False;c9b963274b33b88e;[];gw mau pesen gofood... dulu
540;1180;11-50;1046340.0;text;;['👍', '👌'];False;False;cfa4332fcc87fa99;[];tadi gw makan nasi padang
541;1180;1-10;1046347.0;image/jpeg;;[];False;False;c9b963274b33b88e;[];[Foto]
542;1180;1-10;1046401.0;text;;[];False;False;021e7ca3ed092081;[];NGAB
543;1180;51-100;1046406.0;text;;[];False;False;c9b963274b33b88e;[];dompet gw ilang kemarin di angkot tapi alhamdulillah ada yang nemuin
544;1180;11-50;1046418.0;text;;[];False;False;021e7ca3ed092081;[];PORSI MAKAN GW NAMBAH TERUS
545;1180;11-50;1046478.0;text;;[];True;False;70b7044e6650314d;[];bawa motor apa naik apa?
546;1180;11-50;1046493.0;text;;[];False;False;c9b963274b33b88e;[];gw lagi diet tapi gagal mulu
547;1180;1-10;1046506.0;text;;[];False;False;70b7044e6650314d;[];ngab
548;1180;51-100;1046515.0;image/jpeg;;[];False;False;c9b963274b33b88e;[];[Foto]
549;1180;11-50;1047431.0;text;;[];True;False;cfa4332fcc87fa99;[];bayar berapa sih tadi?
550;1180;0;1047455.0;image/jpeg;;[];False;False;cfa4332fcc87fa99;[];[Foto]
551;1180;0;1047469.0;image/jpeg;;[];False;False;cfa4332fcc87fa99;[];[Foto]
552;1180;11-50;1047534.0;image/jpeg;;[];False;False;cfa4332fcc87fa99;[];[Foto]
553;1180;11-50;1047538.0;text;;[];True;False;cfa4332fcc87fa99;[];itu beneran,,, apa hoax?,,,
554;1180;1-10;1047785.0;text;;[];False;False;cfa4332fcc87fa99;[];woy
555;1181;51-100;1049451.0;image/jpeg;;[];True;False;c9b963274b33b88e;[];[Foto]
556;1181;1-10;1049639.0;text;;[];False;False;b4fc5a22b27ed5ac;[];kok
557;1181;11-50;1049648.0;text;;[];True;False;b4fc5a22b27ed5ac;[];nilai keluar kapan ya?...
558;1181;1-10;1049651.0;text;;[];False;False;b4fc5a22b27ed5ac;[];ooh
559;1181;11-50;1049662.0;text;;[];False;False;b4fc5a22b27ed5ac;[];gw lg di warkop nih
560;1181;11-50;1049666.0;text;;[];False;False;b4fc5a22b27ed5ac;[];lu dmn sih lama bgt
561;1181;11-50;1049675.0;text;;[];False;False;b4fc5a22b27ed5ac;[];gw nyari parkir dulu bentar
562;1181;11-50;1049676.0;text;;[];False;False;b4fc5a22b27ed5ac;[];bsk sore ad waktu ga...
563;1181;11-50;1049686.0;text;;[];False;False;c9b963274b33b88e;[];kita ketemuan dimana aja deh
564;1182;51-100;1054342.0;text;508.0;[];False;False;28f443107967a03d;[];gw udah download semua materi kuliah tapi belum sempat baca sama sekali...
565;1182;51-100;1054356.0;text;;[];False;False;28f443107967a03d;[];tadi di kantin ketemu anak angkatan bawah yang kenal sama temen SMA gw
566;1182;11-50;1054373.0;text;;[];False;False;021e7ca3ed092081;[];MASAK SENDIRI LEBIH HEMAT SIH
567;1182;1-10;1054382.0;text;;[];False;False;28f443107967a03d;[];lol
568;1182;11-50;1054385.0;text;;[];False;False;28f443107967a03d;[];porsi makan gw nambah terus
569;1182;51-100;1054405.0;text;;[];False;False;28f443107967a03d;[];dompet gw ilang kemarin di angkot tapi alhamdulillah ada yang nemuin
570;1182;51-100;1054409.0;text;;[];False;False;021e7ca3ed092081;[];GW UDAH DOWNLOAD SEMUA MATERI KULIAH TAPI BELUM SEMPAT BACA SAMA SEKALI
571;1182;11-50;1054413.0;text;;[];False;False;021e7ca3ed092081;[];GW MAU NYOBA RESTORAN BARU
572;1182;1-10;1054430.0;text;;[];False;False;021e7ca3ed092081;[];FIX
573;1182;11-50;1054433.0;text;;[];False;False;021e7ca3ed092081;[];GW LAGI DIET TAPI GAGAL MULU
574;1182;51-100;1054453.0;text;;[];False;False;021e7ca3ed092081;[];GW LAGI BINGUNG MILIH TOPIK SKRIPSI ANTARA DUA TEMA YANG SAMA MENARIKNYA
575;1182;11-50;1054459.0;text;;[];False;False;021e7ca3ed092081;[];KOPI SUSU YG BIASA YA
576;1182;11-50;1054492.0;text;;[];False;False;021e7ca3ed092081;[];NONGKRONG YUK DI KAFE BIASA
577;1182;51-100;1054492.0;text;;[];False;False;021e7ca3ed092081;[];GW UDAH DOWNLOAD SEMUA MATERI KULIAH TAPI BELUM SEMPAT BACA SAMA SEKALI
578;1182;51-100;1054514.0;text;;[];False;False;021e7ca3ed092081;[];DOMPET GW ILANG KEMARIN DI ANGKOT TAPI ALHAMDULILLAH ADA YANG NEMUIN
579;1182;51-100;1055706.0;text;;[];False;False;7430439a03fe249a;[];weekend ini gw mau staycation aja di kosan binge watching series baru!!!
580;1182;1-10;1055715.0;text;;[];False;False;021e7ca3ed092081;[];SIP
581;1182;11-50;1055722.0;text;;[];False;False;021e7ca3ed092081;[];KOPI SUSU YG BIASA YA
582;1182;11-50;1055746.0;text;;[];False;False;cfa4332fcc87fa99;[];nongkrong yuk,,, di kafe biasa
583;1182;11-50;1055764.0;text;;['🤔'];True;False;cfa4332fcc87fa99;[];udah sampe belom?,,,
584;1182;11-50;1055784.0;text;;[];False;False;021e7ca3ed092081;[];GW MAU NYOBA RESTORAN BARU
585;1182;11-50;1055789.0;text;;[];False;False;021e7ca3ed092081;[];BAKSO MALANG ITU BUKA GA YA
586;1182;1-10;1055802.0;text;;[];False;False;cfa4332fcc87fa99;[];fix
587;1182;11-50;1055809.0;text;;[];False;False;021e7ca3ed092081;[];BAKSO MALANG ITU BUKA GA YA
588;1182;11-50;1055812.0;text;;[];False;False;cfa4332fcc87fa99;[];gw mau pesen,,, gofood dulu
589;1182;11-50;1055829.0;text;;[];False;False;cfa4332fcc87fa99;[];indomie telor udah cukup kok
590;1182;1-10;1055850.0;text;;[];True;False;021e7ca3ed092081;[];SERIUS?
591;1182;1-10;1055853.0;text;;[];False;False;021e7ca3ed092081;[];NGAB
592;1182;11-50;1055861.0;text;;[];False;False;cfa4332fcc87fa99;[];masak sendiri lebih hemat,,, sih
593;1182;11-50;1055867.0;text;;[];False;False;021e7ca3ed092081;[];INDOMIE TELOR UDAH CUKUP KOK
594;1182;1-10;1055867.0;text;;[];False;False;cfa4332fcc87fa99;[];ngab
595;1182;1-10;1055879.0;text;;[];False;False;cfa4332fcc87fa99;[];bener
596;1182;1-10;1055883.0;text;;[];False;False;cfa4332fcc87fa99;[];lol
597;1182;11-50;1055886.0;text;;[];False;False;cfa4332fcc87fa99;[];gw mau pesen gofood,,, dulu
598;1182;1-10;1055890.0;text;;[];False;False;cfa4332fcc87fa99;[];fix
599;1182;0;1055906.0;image/jpeg;;[];False;False;cfa4332fcc87fa99;[];[Foto]
600;1182;1-10;1055941.0;text;;[];False;False;021e7ca3ed092081;[];GASS
601;1182;1-10;1055943.0;text;;[];False;False;021e7ca3ed092081;[];SIS
602;1182;11-50;1055958.0;text;;[];False;False;021e7ca3ed092081;[];BAKSO MALANG ITU BUKA GA YA
603;1182;51-100;1055968.0;text;;[];False;False;021e7ca3ed092081;[];GW UDAH DOWNLOAD SEMUA MATERI KULIAH TAPI BELUM SEMPAT BACA SAMA SEKALI
604;1182;11-50;1055980.0;text;;[];False;False;021e7ca3ed092081;[];KOPI SUSU YG BIASA YA
605;1182;51-100;1056002.0;text;;[];True;False;021e7ca3ed092081;[];ADA YANG TAU KENAPA KANTIN KAMPUS TUTUP LEBIH AWAL HARI INI GA SIH?
606;1182;11-50;1056006.0;text;;[];False;False;021e7ca3ed092081;[];GW LAGI DIET TAPI GAGAL MULU
607;1182;11-50;1056011.0;text;;[];False;False;021e7ca3ed092081;[];MASAK SENDIRI LEBIH HEMAT SIH
608;1182;11-50;1056048.0;text;;[];False;False;021e7ca3ed092081;[];TADI GW MAKAN NASI PADANG
609;1182;51-100;1056077.0;text;;[];False;False;28f443107967a03d;['021e7ca3ed092081'];gw lagi bingung milih topik skripsi antara dua tema yang sama menariknya...
610;1182;11-50;1056080.0;text;;[];False;False;28f443107967a03d;[];porsi makan gw nambah terus
611;1182;1-10;1056087.0;text;;[];False;False;021e7ca3ed092081;[];BENER
612;1182;11-50;1056096.0;text;;[];False;False;021e7ca3ed092081;[];GW LAGI DIET TAPI GAGAL MULU
613;1182;11-50;1056102.0;text;;[];False;False;021e7ca3ed092081;[];BAKSO MALANG ITU BUKA GA YA
614;1182;11-50;1056109.0;text;;[];False;False;021e7ca3ed092081;[];ES TEH MANIS SATU YA BANG
615;1182;51-100;1056215.0;text;;[];False;False;28f443107967a03d;[];tadi di kantin... ketemu... anak angkatan bawah yang kenal... sama temen SMA gw
616;1182;51-100;1056302.0;text;;[];False;False;021e7ca3ed092081;[];GW LAGI BINGUNG MILIH TOPIK SKRIPSI ANTARA DUA TEMA YANG SAMA MENARIKNYA
617;1182;51-100;1057041.0;text;;[];False;False;c9b963274b33b88e;[];gw udah download semua materi... kuliah tapi belum sempat baca sama sekali
618;1182;0;1057669.0;sticker/webp;;[];False;False;f3891c05ada5896e;[];[Stiker]
619;1182;0;1057671.0;sticker/webp;;[];False;False;f3891c05ada5896e;[];[Stiker]
620;1182;0;1057710.0;sticker/webp;;[];False;False;021e7ca3ed092081;[];[Stiker]
621;1183;51-100;1126181.0;text;;[];True;False;edfade69974f97fe;[];mendingan naik kereta apa bus sih kalo mau ke bandung dari sini?
622;1183;11-50;1126222.0;text;;[];False;False;70b7044e6650314d;[];gw lg di atm btr
623;1183;1-10;1126299.0;text;;[];False;False;41acf68aa801bbd1;[];seep
624;1183;11-50;1126306.0;text;;[];False;False;41acf68aa801bbd1;[];lu tim mana dukungnya
625;1183;11-50;1126314.0;text;;[];False;False;41acf68aa801bbd1;[];internet mati lagi di kosan
626;1183;51-100;1126362.0;text;;[];False;False;70b7044e6650314d;[];gw seneng bgt akhirnya bs ketemu temen temen lama setelah lama ga
627;1184;11-50;1131090.0;text;;[];False;False;c9b963274b33b88e;[];indomie telor udah cukup kok
628;1184;11-50;1131106.0;text;;[];False;False;c9b963274b33b88e;[];es teh manis satu ya bang
629;1185;51-100;1147530.0;text;;[];True;False;70b7044e6650314d;[];lu prnh coba belajar bareng di perpus kota ga, enak ga disana?
630;1185;51-100;1147552.0;text;;[];False;False;70b7044e6650314d;[];hari ni gw ad rapat organisasi sampe sore jadi ga bs ikut nongkrong
631;1185;51-100;1148301.0;image/jpeg;;[];False;False;c9b963274b33b88e;[];[Foto]
632;1185;11-50;1148518.0;text;;['👍'];False;False;70b7044e6650314d;[];temenin gw dong besok
633;1185;51-100;1151767.0;text;;[];True;False;70b7044e6650314d;[];lu prnh coba belajar bareng di perpus kota ga, enak ga disana?
634;1186;51-100;1159707.0;text;;[];False;False;c9b963274b33b88e;[];dosen killer itu ternyata baik banget orangnya kalo diajak ngobrol... santai
635;1186;11-50;1159939.0;image/jpeg;;[];False;False;c9b963274b33b88e;[];[Foto]
636;1186;11-50;1159956.0;text;;[];False;False;c9b963274b33b88e;[];gw lagi baca novel baru nih
637;1187;11-50;1204458.0;text;;[];True;False;70b7044e6650314d;[];booking duluan apa langsung aja?
638;1187;51-100;1204476.0;text;;[];False;False;70b7044e6650314d;[];dosen killer tu ternyata baik bgt orangnya kalo diajak ngobrol santai
639;1187;51-100;1204698.0;text;;[];False;False;c9b963274b33b88e;[];dosen killer itu ternyata baik banget orangnya kalo diajak ngobrol... santai
640;1187;11-50;1205262.0;image/jpeg;;[];False;False;c9b963274b33b88e;[];[Foto]
641;1187;1-10;1205266.0;image/jpeg;;[];False;False;c9b963274b33b88e;[];[Foto]
642;1187;11-50;1205279.0;image/jpeg;;[];False;False;c9b963274b33b88e;[];[Foto]
643;1187;11-50;1205288.0;text;;[];False;False;021e7ca3ed092081;[];KONSER ITU MAHAL BANGET TIKETNYA
644;1187;11-50;1205299.0;text;;[];False;False;021e7ca3ed092081;[];PERTANDINGAN BOLA TADI MALAM GILA
645;1187;11-50;1205307.0;text;;[];False;False;021e7ca3ed092081;[];KONSER ITU MAHAL BANGET TIKETNYA
646;1187;11-50;1205312.0;text;;[];True;False;c9b963274b33b88e;[];masih bangun ga lu jam segini?...
647;1187;51-100;1205331.0;text;;[];False;False;021e7ca3ed092081;[];SEMALAM HUJAN GEDE BANGET SAMPE KOSAN GW MATI LAMPU SEMALEMAN GILA
648;1187;11-50;1205331.0;text;;[];True;False;c9b963274b33b88e;[];tadi ngomong apa sih dosennya?
649;1187;1-10;1205338.0;text;;[];False;False;021e7ca3ed092081;[];DIH
650;1187;11-50;1205344.0;text;;[];False;False;021e7ca3ed092081;[];MANGA TERBARU UDAH KELUAR LOH
651;1187;51-100;1205352.0;text;;[];False;False;021e7ca3ed092081;[];GW HARUS GANTI STRATEGI BELAJAR SIH SOALNYA NILAI UTS KEMARIN JELEK BGT
652;1187;11-50;1205355.0;text;;[];False;False;c9b963274b33b88e;[];gym hari ini skip deh
653;1187;1-10;1205372.0;text;;[];False;False;c9b963274b33b88e;[];bete
654;1187;101-500;1205388.0;text;;[];False;False;021e7ca3ed092081;[];TADI SIANG GW MAKAN DI WARUNG MAKAN BARU DEKET GERBANG BELAKANG KAMPUS. NASI GORENGNYA LUMAYAN ENAK DAN HARGANYA MURAH BANGET CUMA 12 RIBU UDAH SAMA ES TEH. KAYAKNYA BAKAL JADI LANGGANAN BARU DEH SOALNYA WARTEG BIASA GW UDAH MULAI NAIK HARGA DAN PORSINYA MAKIN DIKIT AJA
655;1187;11-50;1205403.0;text;;[];False;False;c9b963274b33b88e;[];game baru udah download... belum
656;1187;51-100;1205431.0;text;;[];False;False;c9b963274b33b88e;[];gw baru dapet... info... beasiswa buat semester depan mau coba... daftar deh...
657;1187;51-100;1205447.0;text;;[];False;False;021e7ca3ed092081;[];SEMALAM HUJAN GEDE BANGET SAMPE KOSAN GW MATI LAMPU SEMALEMAN GILA
658;1187;11-50;1205450.0;text;;[];False;False;021e7ca3ed092081;[];GYM HARI INI SKIP DEH
659;1187;11-50;1205460.0;text;;[];False;False;021e7ca3ed092081;[];ALBUM BARU DIA ENAK BANGET
660;1187;51-100;1205475.0;text;;[];False;False;c9b963274b33b88e;[];gw baru dapet... info beasiswa buat semester depan... mau coba daftar deh...
661;1187;11-50;1205485.0;text;;[];False;False;c9b963274b33b88e;[];manga terbaru udah keluar loh
662;1187;51-100;1205503.0;text;;[];False;False;70b7044e6650314d;[];semalam hujan gede bgt sampe kosan gw mati lampu semaleman gila
663;1187;51-100;1205507.0;text;;[];False;False;021e7ca3ed092081;[];SEMALAM HUJAN GEDE BANGET SAMPE KOSAN GW MATI LAMPU SEMALEMAN GILA
664;1187;11-50;1205510.0;text;;[];False;False;021e7ca3ed092081;[];ALBUM BARU DIA ENAK BANGET
665;1187;11-50;1205530.0;text;;[];False;False;021e7ca3ed092081;[];GAME BARU UDAH DOWNLOAD BELUM
666;1187;11-50;1205539.0;text;;[];False;False;c9b963274b33b88e;[];badminton yuk sore ini
667;1187;11-50;1205563.0;text;;[];True;False;c9b963274b33b88e;[];booking duluan apa langsung... aja?
668;1187;11-50;1205571.0;text;;[];False;False;c9b963274b33b88e;[];gw lagi baca novel baru nih
669;1187;11-50;1205578.0;text;;[];False;False;021e7ca3ed092081;[];FUTSAL BESOK JADI GA
670;1187;51-100;1205623.0;text;;[];True;False;c9b963274b33b88e;[];kira kira kalo... gw... apply... magang sekarang masih keburu ga ya?
671;1187;11-50;1205645.0;text;;[];False;False;021e7ca3ed092081;[];MANGA TERBARU UDAH KELUAR LOH
672;1187;11-50;1205654.0;text;;[];False;False;021e7ca3ed092081;[];SERIES ITU ENDINGNYA ZONK BGT
673;1187;11-50;1205668.0;text;;[];False;False;c9b963274b33b88e;[];game baru udah download belum
674;1187;51-100;1205697.0;text;;[];False;False;021e7ca3ed092081;[];GW HARUS GANTI STRATEGI BELAJAR SIH SOALNYA NILAI UTS KEMARIN JELEK BGT
675;1187;1-10;1205711.0;text;;[];False;False;c9b963274b33b88e;[];btw
676;1187;11-50;1205712.0;text;;[];False;False;021e7ca3ed092081;[];GW ABIS LARI PAGI TADI
677;1187;51-100;1205738.0;text;;[];False;False;c9b963274b33b88e;[];gw gagal diet lagi soalnya tadi sore diajak makan bakso sama temen
678;1187;51-100;1205758.0;text;;[];False;False;c9b963274b33b88e;[];gw gagal diet lagi soalnya tadi sore diajak makan bakso sama temen...
679;1187;11-50;1205758.0;text;;[];False;False;021e7ca3ed092081;[];SERIES ITU ENDINGNYA ZONK BGT
680;1187;51-100;1205784.0;text;;[];False;False;021e7ca3ed092081;[];SEMALAM HUJAN GEDE BANGET SAMPE KOSAN GW MATI LAMPU SEMALEMAN GILA
681;1187;51-100;1205807.0;text;;[];False;False;021e7ca3ed092081;[];DOSEN KILLER ITU TERNYATA BAIK BANGET ORANGNYA KALO DIAJAK NGOBROL SANTAI
682;1187;11-50;1205850.0;text;;[];False;False;631ff720acdd094f;[];album baru dia enak banget
683;1187;11-50;1205864.0;text;;[];False;False;631ff720acdd094f;[];series itu endingnya zonk bgt
684;1187;11-50;1205867.0;text;;[];False;False;021e7ca3ed092081;[];GYM HARI INI SKIP DEH
685;1187;51-100;1205890.0;text;;[];False;False;021e7ca3ed092081;[];GW HARUS GANTI STRATEGI BELAJAR SIH SOALNYA NILAI UTS KEMARIN JELEK BGT
686;1187;51-100;1205912.0;text;;[];False;False;c9b963274b33b88e;[];gw harus ganti strategi... belajar sih soalnya nilai UTS kemarin... jelek bgt...
687;1187;11-50;1205927.0;text;;[];False;False;c9b963274b33b88e;[];pertandingan bola tadi malam gila
688;1187;51-100;1205950.0;text;;[];False;False;021e7ca3ed092081;[];GW GAGAL DIET LAGI SOALNYA TADI SORE DIAJAK MAKAN BAKSO SAMA TEMEN
689;1187;11-50;1206056.0;text;;[];False;False;631ff720acdd094f;[];badminton yuk sore ini
690;1187;1-10;1206097.0;text;;[];False;False;7430439a03fe249a;[];bete!!!
691;1187;1-10;1206098.0;text;;[];False;False;7430439a03fe249a;[];hoki!!!
692;1187;1-10;1206098.0;text;;[];False;False;7430439a03fe249a;[];ih!!
693;1187;51-100;1206176.0;text;;[];False;False;021e7ca3ed092081;[];DOSEN KILLER ITU TERNYATA BAIK BANGET ORANGNYA KALO DIAJAK NGOBROL SANTAI
694;1187;11-50;1206182.0;text;;[];False;False;021e7ca3ed092081;[];GW ABIS LARI PAGI TADI
695;1187;11-50;1206186.0;text;;[];False;False;021e7ca3ed092081;[];KONSER ITU MAHAL BANGET TIKETNYA
696;1187;11-50;1206193.0;text;;[];False;False;021e7ca3ed092081;[];ALBUM BARU DIA ENAK BANGET
697;1187;1-10;1206243.0;text;;[];False;False;021e7ca3ed092081;[];SANS
698;1187;11-50;1206252.0;text;;[];False;False;021e7ca3ed092081;[];GYM HARI INI SKIP DEH
699;1187;51-100;1206481.0;text;;[];False;False;c9b963274b33b88e;[];dosen killer itu ternyata baik... banget orangnya kalo diajak ngobrol... santai
700;1187;1-10;1206492.0;text;;[];False;False;021e7ca3ed092081;[];KUY
701;1187;11-50;1206494.0;text;;[];False;False;021e7ca3ed092081;[];ALBUM BARU DIA ENAK BANGET
702;1187;11-50;1206522.0;text;;[];False;False;021e7ca3ed092081;[];GAME BARU UDAH DOWNLOAD BELUM
703;1187;51-100;1206553.0;text;;[];False;False;631ff720acdd094f;[];gw harus ganti strategi belajar sih soalnya nilai UTS kemarin jelek bgt
704;1187;1-10;1206563.0;text;;[];False;False;631ff720acdd094f;[];hoki
705;1187;1-10;1206568.0;text;;[];False;False;021e7ca3ed092081;[];KUY
706;1187;1-10;1206577.0;text;;[];False;False;631ff720acdd094f;[];oot
707;1187;11-50;1206742.0;text;;[];False;False;c9b963274b33b88e;[];gym hari ini skip deh
708;1187;11-50;1206787.0;text;;[];False;False;631ff720acdd094f;[];gw lagi baca novel baru nih
709;1187;11-50;1206829.0;text;;[];False;False;021e7ca3ed092081;[];MANGA TERBARU UDAH KELUAR LOH
710;1187;11-50;1206836.0;text;;[];False;False;021e7ca3ed092081;[];GW LAGI BACA NOVEL BARU NIH
711;1187;11-50;1206845.0;text;;[];False;False;021e7ca3ed092081;[];SERIES ITU ENDINGNYA ZONK BGT
712;1187;11-50;1206855.0;text;;[];False;False;c9b963274b33b88e;[];futsal besok jadi ga
713;1187;1-10;1206891.0;text;;[];False;False;41acf68aa801bbd1;[];njir
714;1187;11-50;1206897.0;text;;[];True;False;021e7ca3ed092081;[];BOOKING DULUAN APA LANGSUNG AJA?
715;1187;11-50;1206899.0;text;;[];False;False;41acf68aa801bbd1;[];album baru dia enak banget
716;1187;11-50;1206904.0;text;;[];False;False;41acf68aa801bbd1;[];manga terbaru udah keluar loh
717;1187;11-50;1206908.0;text;;[];False;False;631ff720acdd094f;[];gw abis lari pagi tadi
718;1187;11-50;1206918.0;text;;[];False;False;41acf68aa801bbd1;[];futsal besok jadi ga
719;1187;11-50;1206923.0;text;;[];False;False;021e7ca3ed092081;[];GW LAGI BACA NOVEL BARU NIH
720;1187;101-500;1206925.0;text;;[];False;False;c9b963274b33b88e;[];tadi siang gw makan di warung makan baru deket gerbang... belakang kampus.... nasi gorengnya lumayan enak... dan harganya murah banget... cuma 12 ribu udah sama es teh. kayaknya bakal jadi... langganan baru deh soalnya warteg biasa gw udah mulai naik harga dan porsinya makin dikit aja
721;1187;11-50;1206940.0;text;;[];False;False;c9b963274b33b88e;[];podcast yg lu... rekomen mana
722;1187;11-50;1206942.0;text;;[];False;False;021e7ca3ed092081;[];GW ABIS LARI PAGI TADI
723;1187;11-50;1206947.0;text;;[];False;False;021e7ca3ed092081;[];KONSER ITU MAHAL BANGET TIKETNYA
724;1187;51-100;1206968.0;text;;[];False;False;c9b963274b33b88e;[];gw gagal diet lagi soalnya tadi sore diajak... makan bakso sama temen...
725;1187;11-50;1206972.0;text;;[];False;False;021e7ca3ed092081;[];GW LAGI BACA NOVEL BARU NIH
726;1187;51-100;1206996.0;text;;[];False;False;c9b963274b33b88e;[];gw baru dapet info beasiswa buat... semester depan mau coba daftar deh
727;1187;1-10;1206996.0;text;;[];False;False;021e7ca3ed092081;[];BTW
728;1187;11-50;1207014.0;text;;[];False;False;021e7ca3ed092081;[];PERTANDINGAN BOLA TADI MALAM GILA
729;1187;11-50;1207025.0;text;;[];False;False;c9b963274b33b88e;[];pertandingan bola tadi malam gila...
730;1187;51-100;1207035.0;text;;[];False;False;021e7ca3ed092081;[];GW HARUS GANTI STRATEGI BELAJAR SIH SOALNYA NILAI UTS KEMARIN JELEK BGT
731;1187;11-50;1207043.0;text;;[];False;False;021e7ca3ed092081;[];MANGA TERBARU UDAH KELUAR LOH
732;1187;11-50;1207061.0;text;;[];False;False;021e7ca3ed092081;[];SERIES ITU ENDINGNYA ZONK BGT
733;1187;11-50;1207063.0;text;;[];False;False;c9b963274b33b88e;[];series itu endingnya zonk bgt
734;1187;11-50;1207086.0;text;;[];False;False;021e7ca3ed092081;[];GAME BARU UDAH DOWNLOAD BELUM
735;1187;51-100;1207094.0;text;;[];False;False;021e7ca3ed092081;[];GW HARUS GANTI STRATEGI BELAJAR SIH SOALNYA NILAI UTS KEMARIN JELEK BGT
736;1187;11-50;1207113.0;text;;[];False;False;021e7ca3ed092081;[];GW LAGI BACA NOVEL BARU NIH
737;1187;101-500;1207289.0;text;;[];False;False;c9b963274b33b88e;[];tadi siang gw makan di warung makan baru deket gerbang belakang kampus. nasi gorengnya lumayan enak dan harganya murah banget cuma 12 ribu udah... sama es teh. kayaknya bakal jadi langganan baru... deh soalnya warteg biasa... gw udah mulai naik harga dan... porsinya makin... dikit aja
738;1187;51-100;1207310.0;text;;[];False;False;c9b963274b33b88e;[];dosen killer itu... ternyata... baik banget orangnya kalo diajak ngobrol santai
739;1187;11-50;1207311.0;text;;[];False;False;c9b963274b33b88e;[];gw abis lari... pagi tadi
740;1187;11-50;1207325.0;text;;[];False;False;021e7ca3ed092081;[];MANGA TERBARU UDAH KELUAR LOH
741;1187;51-100;1207355.0;image/jpeg;;[];False;False;c9b963274b33b88e;[];[Foto]
742;1187;51-100;1207360.0;text;;[];False;False;021e7ca3ed092081;[];SEMALAM HUJAN GEDE BANGET SAMPE KOSAN GW MATI LAMPU SEMALEMAN GILA
743;1187;1-10;1207373.0;text;;[];False;False;021e7ca3ed092081;[];IH
744;1187;11-50;1207375.0;text;;[];False;False;c9b963274b33b88e;[];game baru udah download... belum
745;1187;11-50;1207399.0;text;;[];False;False;021e7ca3ed092081;[];GW LAGI BACA NOVEL BARU NIH
746;1187;51-100;1207416.0;text;;[];False;False;c9b963274b33b88e;[];gw harus ganti strategi belajar sih soalnya nilai UTS kemarin jelek bgt
747;1187;51-100;1207438.0;text;;[];False;False;c9b963274b33b88e;[];gw harus ganti... strategi belajar sih soalnya nilai UTS kemarin jelek bgt
748;1187;11-50;1207450.0;text;;[];False;False;021e7ca3ed092081;[];FUTSAL BESOK JADI GA
749;1187;11-50;1207461.0;text;;[];False;False;021e7ca3ed092081;[];BADMINTON YUK SORE INI
750;1187;1-10;1207462.0;text;;[];False;False;021e7ca3ed092081;[];DIH
751;1187;11-50;1207474.0;text;;[];False;False;021e7ca3ed092081;[];GYM HARI INI SKIP DEH
752;1187;11-50;1207480.0;text;;[];False;False;c9b963274b33b88e;[];game baru udah download belum...
753;1187;11-50;1207489.0;text;;[];False;False;021e7ca3ed092081;[];GAME BARU UDAH DOWNLOAD BELUM
754;1187;51-100;1207502.0;text;;[];False;False;c9b963274b33b88e;[];gw gagal diet lagi soalnya tadi sore diajak... makan... bakso sama temen...
755;1187;11-50;1207508.0;text;;[];False;False;c9b963274b33b88e;[];pertandingan bola tadi malam... gila
756;1187;1-10;1207517.0;text;;[];False;False;021e7ca3ed092081;[];NJIR
757;1187;11-50;1207537.0;text;;[];False;False;c9b963274b33b88e;[];game baru udah download belum...
758;1187;101-500;1207573.0;text;;[];False;False;021e7ca3ed092081;[];TADI SIANG GW MAKAN DI WARUNG MAKAN BARU DEKET GERBANG BELAKANG KAMPUS. NASI GORENGNYA LUMAYAN ENAK DAN HARGANYA MURAH BANGET CUMA 12 RIBU UDAH SAMA ES TEH. KAYAKNYA BAKAL JADI LANGGANAN BARU DEH SOALNYA WARTEG BIASA GW UDAH MULAI NAIK HARGA DAN PORSINYA MAKIN DIKIT AJA
759;1187;51-100;1207627.0;image/jpeg;;[];False;False;021e7ca3ed092081;[];[Foto]
760;1187;51-100;1207646.0;text;;[];False;False;c9b963274b33b88e;[];gw baru dapet... info beasiswa buat semester depan mau coba daftar deh
761;1187;11-50;1207675.0;text;;[];True;False;c9b963274b33b88e;[];booking duluan apa langsung aja?
762;1187;11-50;1207711.0;text;;[];False;False;021e7ca3ed092081;[];GYM HARI INI SKIP DEH
763;1187;11-50;1207713.0;image/jpeg;;[];False;False;021e7ca3ed092081;[];[Foto]
764;1187;11-50;1207878.0;text;;[];False;False;c9b963274b33b88e;[];game baru udah download belum...
765;1188;11-50;1214063.0;text;;[];True;False;a91f7b527c513293;[];ada yg mau bareng?
766;1188;11-50;1214599.0;text;;[];False;False;fe835936853d47da;[];GW NAIK OJOL AJA DEH
767;1189;1-10;1218012.0;text;;[];False;False;e7d2ce0ba56e7fbb;[];yoi
768;1189;11-50;1218022.0;text;;[];True;False;e7d2ce0ba56e7fbb;[];lu dimana sekarang?,,,
769;1189;1-10;1218103.0;text;;[];False;False;e7d2ce0ba56e7fbb;[];yuk
770;1189;11-50;1218128.0;text;;[];False;False;a91f7b527c513293;[];gw belom mulai tugas
771;1189;1-10;1218317.0;text;;[];False;False;e7d2ce0ba56e7fbb;[];dah
772;1189;11-50;1219699.0;text;;['😂'];False;False;129f9998b9e59b71;['41acf68aa801bbd1'];gw belom mulai tugas!!
773;1189;1-10;1219712.0;text;;[];False;False;41acf68aa801bbd1;[];dah
774;1189;11-50;1221929.0;text;;[];False;False;129f9998b9e59b71;[];matkul ini susah banget!!
775;1189;11-50;1222609.0;text;;['🤙🏼'];False;False;f23065b5d138024d;[];tadi absen ga sih kamu!!
776;1190;11-50;1227506.0;text;;[];False;False;cfa4332fcc87fa99;[];gw skip kelas hari ini
777;1190;11-50;1227508.0;text;;[];False;False;cfa4332fcc87fa99;[];perpus tutup,,, jam berapa,,, ya
778;1190;11-50;1227513.0;text;;[];False;False;cfa4332fcc87fa99;[];gw belom mulai tugas
779;1190;11-50;1227776.0;text;;[];True;False;41017f86f64a927e;[];lu dimanaaaa sekarang?
780;1190;11-50;1227800.0;text;;[];True;False;41017f86f64a927e;[];lu dimana sekarang?
781;1190;1-10;1227984.0;text;;[];False;False;cfa4332fcc87fa99;[];yuk
782;1190;1-10;1227990.0;text;;[];False;False;cfa4332fcc87fa99;[];haha
783;1190;11-50;1227998.0;text;;[];False;False;cfa4332fcc87fa99;[];gw lg ngerjain,,, tugas,,, nih
784;1190;11-50;1228002.0;text;;[];False;False;cfa4332fcc87fa99;[];perpus tutup jam berapa ya
785;1190;11-50;1228012.0;text;;[];False;False;cfa4332fcc87fa99;[];eh tadi kelas,,, seru banget
786;1190;11-50;1228020.0;text;;[];False;False;cfa4332fcc87fa99;[];ipk gw turun semester ini
787;1190;11-50;1228036.0;text;;[];False;False;cfa4332fcc87fa99;[];matkul ini susah,,, banget
788;1190;0;1228177.0;image/jpeg;;[];False;False;cfa4332fcc87fa99;[];[Foto]
789;1190;0;1228240.0;image/jpeg;;[];False;False;cfa4332fcc87fa99;[];[Foto]
790;1190;101-500;1228491.0;text;;[];False;False;c9b963274b33b88e;[];jadi ceritanya kemarin gw... ke perpustakaan pusat buat nyari bahan referensi skripsi,... ternyata bukunya udah dipinjem semua sama... anak angkatan sebelah. akhirnya gw cuma bisa fotokopi dari temen yang kebetulan punya. lumayan lah daripada ga dapet sama sekali, tinggal di... rangkum aja sisanya
791;1190;51-100;1228519.0;text;;[];False;False;c9b963274b33b88e;[];eh besok kita jadi... ketemuan di kafe deket stasiun... kan ya jam 2 siang
792;1190;1-10;1229358.0;text;;[];False;False;cfa4332fcc87fa99;[];iya
793;1191;51-100;1233375.0;text;;[];False;False;41017f86f64a927e;[];duit jajann gw abis padahal baru tanggal 15 harussss ngirit bangetttt nih
794;1191;101-500;1233782.0;text;;[];False;False;c9b963274b33b88e;[];minggu lalu gw akhirnya beraniin diri buat ngomong sama dosen... pembimbing soal progress skripsi yang... mandek. ternyata beliau pengertian banget... dan... kasih banyak masukan yang berguna. gw... nyesel ga ngomong... dari awal soalnya selama ini gw cuma takut ditolak atau... dimarahin padahal... dosennya baik banget...
795;1191;11-50;1233793.0;text;;[];False;False;c9b963274b33b88e;[];hujan deres ga bawa payung
796;1191;1-10;1235334.0;text;;[];False;False;cfa4332fcc87fa99;[];okey
797;1191;51-100;1235345.0;text;;[];True;False;cfa4332fcc87fa99;[];kapan ya terakhir kali kita semua ngumpul lengkap kayak dulu?
798;1191;11-50;1235355.0;text;;[];False;False;cfa4332fcc87fa99;[];capek banget hari,,, ini asli
799;1191;51-100;1235832.0;text;;[];False;False;c9b963274b33b88e;[];gw seneng banget akhirnya bisa ketemu temen temen lama setelah... lama ga...
800;1191;51-100;1236401.0;text;;[];True;False;cfa4332fcc87fa99;[];mendingan naik kereta,,, apa,,, bus sih kalo mau,,, ke bandung dari sini?
801;1192;11-50;1243583.0;text;;[];False;False;c9b963274b33b88e;[];bentar ya gw lg di jalan
802;1192;11-50;1243596.0;text;;[];False;False;c9b963274b33b88e;[];ntar gw kabarin lagi deh
803;1192;11-50;1243611.0;text;;[];False;False;c9b963274b33b88e;[];baru bangun nih masih ngantuk
804;1193;101-500;1291192.0;image/jpeg;;[];True;False;41017f86f64a927e;[];[Foto]
805;1193;51-100;1291227.0;text;;[];False;False;41017f86f64a927e;[];dompet gw ilangggg kemarin di angkot tapi alhamdulillahhh adaaaa yangggg nemuin
806;1193;51-100;1291431.0;text;;[];False;False;b4fc5a22b27ed5ac;[];tadi di kantin ketemu anak angkatan bawah yg kenal sm temen sma... gw
807;1193;11-50;1291448.0;text;;[];False;False;b4fc5a22b27ed5ac;[];nongkrong yuk di... kafe biasa...
808;1193;51-100;1291477.0;text;;[];False;False;b4fc5a22b27ed5ac;[];gw udah download... smua materi kuliah tp blm sempat baca sm sekali
809;1193;101-500;1291510.0;text;;[];False;False;b4fc5a22b27ed5ac;[];kemarin malem gw sm temen... temen nongkrong di warkop biasa sampe jam... 12 malem. kita ngobrol banyak hal dr mulai... tugas kuliah, rencana liburan,... sampe masalah percintaan. seru sih walau... besoknya gw kesiangan masuk kelas pagi... dan dosen negur di depan smua orang. malu... tp ya gmn lg
810;1193;101-500;1291547.0;text;;[];False;False;41017f86f64a927e;[];kemarin malem gw samaaaa temenn temen nongkrong di warkopp biasaaa sampeee jam 12 malem. kita ngobrol banyakkkk halll dariiii mulaiii tugassss kuliah, rencanaaa liburan, sampe masalah percintaan. seruu sih walauu besoknyaaa gw kesiangan masuk kelas pagiiii dan dosenn negur di depan semuaa orang. maluuuu tapi ya gimanaaaa lagiii
811;1193;0;1291583.0;image/jpeg;;[];False;False;41017f86f64a927e;[];[Foto]
812;1193;1-10;1291604.0;text;;[];False;False;b4fc5a22b27ed5ac;[];fix
813;1193;1-10;1291619.0;text;;[];False;False;b4fc5a22b27ed5ac;[];lol
814;1193;11-50;1291636.0;text;;[];True;False;b4fc5a22b27ed5ac;[];bayar berapa sih... tadi?
815;1193;1-10;1291642.0;text;;[];False;False;41017f86f64a927e;[];fix
816;1193;1-10;1291646.0;text;;[];False;False;41017f86f64a927e;[];ngabbb
817;1193;11-50;1291656.0;text;;[];False;False;b4fc5a22b27ed5ac;[];tadi gw makan nasi... padang
818;1193;51-100;1291666.0;text;;[];False;False;41017f86f64a927e;[];gw udahhh download semuaa materi kuliah tapi belum sempatttt bacaaaa samaa sekalii
819;1193;51-100;1291668.0;text;;[];False;False;b4fc5a22b27ed5ac;[];gw udah download smua materi kuliah tp blm sempat baca sm sekali...
820;1193;11-50;1291677.0;text;;[];False;False;41017f86f64a927e;[];porsiiii makan gw nambah terusss
821;1193;11-50;1291686.0;text;;[];False;False;b4fc5a22b27ed5ac;[];tadi gw makan... nasi padang...
822;1193;1-10;1291686.0;text;;[];False;False;b4fc5a22b27ed5ac;[];woy
823;1193;1-10;1291687.0;text;;[];False;False;b4fc5a22b27ed5ac;[];ayok
824;1193;51-100;1291884.0;text;;[];False;False;8d1fbc1cb14adde4;[];Gw lagi bingung milih topik skripsi antara dua tema yang sama menariknya.
825;1193;11-50;1291981.0;text;;[];False;False;41017f86f64a927e;[];gw mauuuu pesenn gofood dulu
826;1193;1-10;1291987.0;text;;[];False;False;41017f86f64a927e;[];fixx
827;1193;1-10;1292238.0;text;;[];False;False;b4fc5a22b27ed5ac;[];woy
828;1193;1-10;1292241.0;text;824.0;[];False;False;b4fc5a22b27ed5ac;[];sis
829;1194;11-50;1296594.0;text;;[];False;False;cfa4332fcc87fa99;[];dosen pembimbing susah ditemui
830;1194;11-50;1296648.0;text;;[];False;False;cfa4332fcc87fa99;[];gw baru,,, aja dari,,, kampus
831;1195;51-100;1330840.0;text;;[];True;False;a73fab1860225fef;[];ada yang tauuu kenapa kantinn kampussss tutuppp lebih awal hariiii ini ga sih?
832;1195;1-10;1333194.0;text;;[];False;False;cfa4332fcc87fa99;[];woy
833;1195;11-50;1333204.0;text;;[];False;False;cfa4332fcc87fa99;[];es teh manis satu ya bang
834;1195;11-50;1333254.0;text;;[];False;False;cfa4332fcc87fa99;[];gw lagi diet tapi,,, gagal mulu,,,
835;1195;101-500;1334515.0;text;;[];False;False;c9b963274b33b88e;[];kemarin malem gw sama... temen temen... nongkrong di... warkop biasa sampe jam 12 malem. kita... ngobrol banyak hal dari mulai tugas kuliah, rencana liburan, sampe masalah percintaan.... seru sih walau... besoknya gw kesiangan masuk kelas pagi dan dosen negur... di depan semua orang. malu tapi ya gimana lagi
836;1196;11-50;1380954.0;text;;[];True;False;631ff720acdd094f;[];makan apa ntar siang?
837;1196;51-100;1380959.0;text;;[];True;False;631ff720acdd094f;[];gimana caranya biar bisa fokus belajar tanpa main hp terus ya?
838;1196;0;1381144.0;unknown;;[];False;False;d9dfce195e2645dd;[];[Media tidak dikenal]
839;1197;51-100;1397748.0;text;;[];True;False;70b7044e6650314d;[];gmn caranya biar bs fokus belajar tanpa main hp terus ya?
840;1197;101-500;1400439.0;text;;[];True;False;2e122f745ec54737;[];menurut kaliannnn kenapa ya generasiiii kitaaa tuhhh kayaknyaaa lebih gampang stres dan burnout dibandinggg generasiiii orang tua kitaaaa dulu? apa karena tekanannn sosmed atau emang tuntutan hidup yang makin tinggi ya? gw penasarannnn aja sihhhh soalnya temen temen gw banyakkkk yangg ngeluhh hal yang sama
841;1197;101-500;1400648.0;text;;[];False;False;4257d3d838f5bedb;[];GW BARU AJA BERES BERESIN KOSAN DAN NEMU BARANG BARANG LAMA DARI JAMAN SMA. ADA FOTO KELAS, SURAT DARI MANTAN, SAMA BUKU DIARY YANG ISINYA CRINGE BANGET KALO DIBACA SEKARANG. JADI NOSTALGIA SENDIRI INGET MASA MASA DULU YANG LEBIH SEDERHANA. KADANG KANGEN JUGA SIH JADI ANAK SMA LAGI TANPA MIKIRIN SKRIPSI
842;1197;11-50;1400666.0;text;;[];True;False;2e122f745ec54737;[];adaaa yg mau bareng?
843;1197;11-50;1400687.0;text;;[];False;False;2e122f745ec54737;[];gw naikk ojoll aja deh
844;1197;51-100;1400690.0;text;;[];False;False;4257d3d838f5bedb;[];GW HARUS NABUNG LEBIH BANYAK SIH BUAT BAYAR UANG SEMESTER YANG NAIK
845;1197;1-10;1400693.0;text;;[];False;False;4257d3d838f5bedb;[];OII
846;1197;1-10;1400693.0;text;;[];False;False;2e122f745ec54737;[];ooh
847;1197;1-10;1400698.0;text;;[];False;True;2e122f745ec54737;[];nice!
848;1197;1-10;1400703.0;text;;[];False;False;2e122f745ec54737;[];ooh
849;1197;11-50;1400708.0;text;;[];False;False;4257d3d838f5bedb;[];RAME BANGET DISINI CUY
850;1197;11-50;1400711.0;text;;['🦌'];False;False;4257d3d838f5bedb;[];GW NYARI PARKIR DULU BENTAR
851;1197;101-500;1407062.0;image/jpeg;;[];True;False;c9b963274b33b88e;[];[Foto]
852;1198;11-50;1416299.0;text;;[];True;False;b239213ce3a4b0bd;[];kapan terakihr klai ketemu?
853;1198;51-100;1416358.0;text;;[];False;False;c9b963274b33b88e;[];wifi kosan gw lemot banget jadi gw ke perpus aja buat ngerjain... tugas
854;1198;11-50;1416362.0;text;;[];False;False;c9b963274b33b88e;[];eh denger gosip belum
855;1199;11-50;1473557.0;text;;[];False;False;cfa4332fcc87fa99;[];porsi makan gw nambah,,, terus
856;1199;1-10;1473562.0;text;;[];False;False;cfa4332fcc87fa99;[];woy
857;1199;1-10;1473573.0;text;;[];False;False;cfa4332fcc87fa99;[];woy
858;1199;11-50;1473576.0;text;;[];False;False;cfa4332fcc87fa99;[];nongkrong yuk di kafe,,, biasa
859;1199;11-50;1473586.0;text;;[];True;False;cfa4332fcc87fa99;[];bawa motor apa naik apa?
860;1199;11-50;1473878.0;text;;[];False;False;72a54ddc3b6c7053;[];es teh manis satu ya bang
861;1199;1-10;1473884.0;text;;[];False;False;72a54ddc3b6c7053;[];ayok
862;1200;0;1487985.0;image/jpeg;;[];False;False;f3891c05ada5896e;[];[Foto]
863;1200;51-100;1488004.0;text;;[];True;False;f3891c05ada5896e;[];siapa sih yang spread gosip itu ke grup sebelah, tau ga orangnya?
864;1200;11-50;1488057.0;text;;[];False;False;70b7044e6650314d;[];gw lg marathon drakor nih
865;1200;11-50;1488087.0;text;;[];False;False;159aad3a1966ebab;[];KELUARGA NGUMPUL LEBARAN NANTI
866;1200;1-10;1488088.0;text;;[];False;False;159aad3a1966ebab;[];PASTI
867;1200;11-50;1488092.0;text;;[];False;False;f3891c05ada5896e;[];playlist lo yang mana sih
868;1200;11-50;1488592.0;text;;[];False;False;c9b963274b33b88e;[];playlist lo yang mana sih
869;1200;51-100;1488641.0;text;;[];False;False;c9b963274b33b88e;[];gw lagi belajar masak sendiri... biar... ga jajan terus lumayan hemat soalnya...
870;1200;1-10;1490034.0;text;;[];False;False;b4fc5a22b27ed5ac;[];nice
871;1200;11-50;1490039.0;text;;[];False;False;b4fc5a22b27ed5ac;[];mama minta gw pulang weekend...
872;1200;11-50;1490055.0;text;;[];False;False;b4fc5a22b27ed5ac;[];bokap gw lg di luar kota
873;1200;1-10;1490475.0;text;;['🤣'];False;False;41017f86f64a927e;[];goks
874;1200;11-50;1490490.0;text;;[];False;False;41017f86f64a927e;[];gw lagi marathonn drakorrrr nih
875;1201;51-100;1532707.0;text;;[];True;False;5cbd55139faade5b;[];menurut lu gw hrs ambil... mata kuliah pilihan... yg mana semester depan?
876;1201;11-50;1532728.0;text;;[];False;False;5cbd55139faade5b;[];gw laper bgt nih...
877;1201;11-50;1532747.0;text;;[];True;False;5cbd55139faade5b;[];gmn kabar lu skrg?
878;1202;11-50;1544998.0;text;;[];False;False;fe835936853d47da;[];DOMPET GW KETINGGALAN DI RUMAH
879;1202;101-500;1546290.0;text;;[];False;False;c9b963274b33b88e;[];gw lagi belajar coding otodidak dari... YouTube buat nambah skill. mulai dari HTML CSS dulu... baru pelan pelan ke JavaScript.... lumayan susah sih awalnya tapi lama lama mulai paham juga. siapa tau nanti bisa bikin portfolio... sendiri dan dapet kerjaan freelance buat nambah uang jajan... selama kuliah
880;1202;11-50;1546596.0;text;;[];True;False;fe835936853d47da;[];GW HARUS BAWA APA AJA?
881;1202;1-10;1546610.0;text;;[];False;False;c9b963274b33b88e;[];iyaa
882;1202;51-100;1546630.0;text;;[];False;False;c9b963274b33b88e;[];gw lagi dengerin podcast tentang psikologi, lumayan buat nambah wawasan
883;1202;51-100;1546662.0;text;;[];False;False;70b7044e6650314d;[];duit jajan gw abis padahal baru tanggal 15 hrs ngirit bgt nih
884;1202;11-50;1546684.0;text;;[];False;False;c9b963274b33b88e;[];baru bangun nih masih ngantuk
885;1202;11-50;1546906.0;text;;[];False;False;fe835936853d47da;[];CAPEK BANGET HARI INI ASLI
886;1203;51-100;1553253.0;text;;[];True;False;c9b963274b33b88e;[];ada yang tau kenapa kantin kampus tutup lebih... awal hari ini ga sih?
887;1203;11-50;1558950.0;text;;['😂'];False;False;f3891c05ada5896e;[];porsi makan gw nambah terus
888;1204;51-100;1569037.0;text;;[];True;False;fb858268ae0d26bc;[];siapa sih yang spread gosip itu ke grup sebelah, tau ga orangnya!!
889;1204;51-100;1569073.0;text;;[];False;False;fb858268ae0d26bc;[];gw lagi belajar masak sendiri biar ga jajan terus lumayan hemat soalnya!!!
890;1205;51-100;1578007.0;text;;[];True;False;159aad3a1966ebab;[];SIAPA SIH YANG SPREAD GOSIP ITU KE GRUP SEBELAH, TAU GA ORANGNYA?
891;1205;1-10;1578547.0;text;;[];False;False;2e122f745ec54737;[];nice
892;1205;11-50;1579098.0;text;;[];False;False;159aad3a1966ebab;[];GW KANGEN MASAKAN RUMAH
893;1206;1-10;1667197.0;text;;[];False;False;b4fc5a22b27ed5ac;[];sip
894;1206;1-10;1667207.0;text;;[];False;False;b4fc5a22b27ed5ac;[];lol
895;1206;11-50;1667213.0;text;;[];True;False;b4fc5a22b27ed5ac;[];tu beneran apa hoax?
896;1206;11-50;1667216.0;text;;[];False;False;b4fc5a22b27ed5ac;[];gw mau pesen gofood dulu
897;1206;51-100;1667228.0;text;;[];False;False;b4fc5a22b27ed5ac;[];gw lg bingung milih... topik skripsi antara dua tema... yg sm menariknya
898;1206;11-50;1667237.0;text;;[];False;False;70b7044e6650314d;[];tadi gw makan nasi padang
899;1206;11-50;1667256.0;text;;[];False;False;70b7044e6650314d;[];gw lg diet tp gagal mulu
900;1206;1-10;1667266.0;text;;['🤔'];False;False;b4fc5a22b27ed5ac;[];yep
901;1206;1-10;1667270.0;text;;[];False;False;b4fc5a22b27ed5ac;[];ayok
902;1206;1-10;1667275.0;text;;[];False;False;b4fc5a22b27ed5ac;[];bener
903;1206;1-10;1667283.0;text;;['😌'];False;False;70b7044e6650314d;[];fix
904;1206;51-100;1667323.0;text;;[];False;False;70b7044e6650314d;[];weekend ni gw mau staycation aja di kosan binge watching series baru
905;1206;1-10;1668980.0;text;;[];False;False;b4fc5a22b27ed5ac;[];woy
906;1206;11-50;1668983.0;text;;[];False;False;b4fc5a22b27ed5ac;[];es teh manis satu ya bang
907;1206;1-10;1668990.0;text;;[];False;False;b4fc5a22b27ed5ac;[];sip
908;1206;1-10;1668991.0;text;;[];False;False;b4fc5a22b27ed5ac;[];ayok
909;1206;1-10;1668992.0;text;;[];False;False;b4fc5a22b27ed5ac;[];fix
910;1206;11-50;1668999.0;text;;[];False;False;b4fc5a22b27ed5ac;[];kopi susu yg biasa ya...
911;1206;1-10;1669001.0;text;;[];False;False;b4fc5a22b27ed5ac;[];gass
912;1206;11-50;1669003.0;text;;[];False;False;b4fc5a22b27ed5ac;[];masak sendiri lebih hemat sih
913;1206;1-10;1669022.0;text;;['😉'];False;False;70b7044e6650314d;[];ayok
914;1207;101-500;1678309.0;text;;[];True;False;0f5b3d2e1b2e9951;[];eh ad yg pny rekomendasi laptop... budget 5 jutaan yg bagus buat kuliah dan ngoding... ga? laptop gw yg skrg udah... mulai lemot dan sering ngehang kalo buka banyak tab.... pengennya sih yg ringan buat dibawa ke kampus tp tetep kenceng performanya,... ad saran?
915;1207;11-50;1680117.0;text;;[];False;False;41acf68aa801bbd1;[];game baru udah download belum
916;1207;11-50;1680122.0;text;;[];False;False;41acf68aa801bbd1;[];game baru udah download belum
917;1207;11-50;1680124.0;text;;[];False;False;41acf68aa801bbd1;[];pertandingan bola tadi malam gila
918;1207;11-50;1680130.0;text;;[];False;False;41acf68aa801bbd1;[];gym hari ini skip deh
919;1207;11-50;1680139.0;text;;[];False;False;41acf68aa801bbd1;[];manga terbaru udah keluar loh
920;1207;11-50;1680174.0;text;;[];True;False;41acf68aa801bbd1;[];tadi ngomong apa sih dosennya?
921;1207;11-50;1680263.0;text;;[];False;False;0f5b3d2e1b2e9951;[];pertandingan bola tadi malam gila...
922;1207;11-50;1680269.0;text;;[];False;False;41acf68aa801bbd1;[];badminton yuk sore ini
923;1208;11-50;1716696.0;text;;[];False;False;28f443107967a03d;[];IPK gw turun semester... ini
924;1208;11-50;1716817.0;text;;[];False;False;eca900a7367c8b69;[];ipk gw turun semester ni
925;1208;11-50;1716828.0;text;;[];False;False;eca900a7367c8b69;[];matkul ni susah bgt
926;1209;51-100;1720381.0;text;;[];True;False;c9b963274b33b88e;[];menurut lu gw harus ambil mata kuliah pilihan yang mana semester depan?
927;1209;1-10;1720464.0;text;926.0;[];False;False;d9dfce195e2645dd;[];sabii
928;1209;11-50;1720489.0;text;;[];False;False;c9b963274b33b88e;[];gw laper banget nih...
929;1209;51-100;1720489.0;text;;[];False;False;d9dfce195e2645dd;[];jangan lupa besokkk kumpul di lobbyy kampus jamm 8 pagi buat berangkat bareng
930;1209;11-50;1720497.0;text;;[];False;False;d9dfce195e2645dd;[];gw laper banget nih
931;1209;1-10;1720505.0;text;;[];False;False;f3891c05ada5896e;[];gaje
932;1209;11-50;1720511.0;text;;[];False;False;d9dfce195e2645dd;[];proposal skripsii gw ditolak
933;1209;51-100;1720529.0;text;;[];False;False;d9dfce195e2645dd;[];kosan gw bocor lagi pas hujan semalam, kasur gw basahh semua parah bangettt
934;1209;51-100;1720699.0;text;;[];False;False;c9b963274b33b88e;[];gw lagi mikirin mau ambil magang di perusahaan mana buat semester depan
935;1209;51-100;1720722.0;text;;[];False;False;c9b963274b33b88e;[];jangan lupa besok kumpul di lobby kampus jam 8... pagi buat berangkat bareng
936;1209;1-10;1720958.0;text;933.0;[];False;False;e3e22dc73269635e;[];asli
937;1209;11-50;1721063.0;text;;[];True;False;eca900a7367c8b69;[];ad yg pny catetan?
938;1209;11-50;1721070.0;text;;[];True;False;eca900a7367c8b69;[];gmn kabar lu skrg?
939;1209;11-50;1721381.0;text;;[];False;False;c9b963274b33b88e;[];gw baru aja dari kampus
940;1209;11-50;1721391.0;text;;[];False;False;c9b963274b33b88e;[];seminar tadi lama banget
941;1209;11-50;1721399.0;text;;[];False;False;eca900a7367c8b69;[];warteg depan kampus enak
942;1209;11-50;1721419.0;text;;[];False;False;c9b963274b33b88e;[];warteg depan kampus enak...
943;1209;11-50;1721456.0;text;;[];False;False;eca900a7367c8b69;[];seminar tadi lama bgt
944;1209;11-50;1721539.0;text;;[];False;False;4257d3d838f5bedb;[];SEMINAR TADI LAMA BANGET
945;1209;11-50;1721548.0;text;;[];False;False;4257d3d838f5bedb;[];WARTEG DEPAN KAMPUS ENAK
946;1209;101-500;1721597.0;text;;[];False;False;4257d3d838f5bedb;[];GW LAGI GALAU BANGET NIH SOAL MASA DEPAN. MAU LANJUT S2 TAPI DUIT GA ADA, MAU LANGSUNG KERJA TAPI PENGALAMAN MASIH MINIM. NYOKAP BILANG TERSERAH GW AJA TAPI GW TAU DIA PENGEN GW CEPET KERJA BIAR BISA BANTU EKONOMI KELUARGA. BINGUNG BANGET SIH, KAYAK SEMUA PILIHAN ADA PLUS MINUSNYA
947;1210;11-50;1737030.0;text;;[];False;False;0d3a2da4a66a885c;[];wifiii kampus lemott parahhhh
948;1210;11-50;1738995.0;image/jpeg;947.0;[];True;False;c9b963274b33b88e;[];[Foto]
949;1210;1-10;1739024.0;text;;[];False;False;0d3a2da4a66a885c;[];hem
950;1210;11-50;1739040.0;text;;[];False;False;0d3a2da4a66a885c;[];hujan deres ga bawaaaa payungggg
951;1210;11-50;1739670.0;text;;[];False;False;eca900a7367c8b69;[];capek bgt hari ni asli
952;1210;51-100;1740116.0;text;;[];True;False;c9b963274b33b88e;[];kenapa ya akhir akhir ini gw susah banget tidur padahal capek?
953;1210;51-100;1740187.0;text;;[];False;False;41017f86f64a927e;[];gw senenggg bangettt akhirnyaaaa bisa ketemu temen temennn lamaaaa setelah lama ga
954;1210;51-100;1740284.0;text;;[];True;False;c9b963274b33b88e;[];mendingan naik kereta apa... bus sih... kalo mau... ke... bandung dari sini?
955;1210;11-50;1740316.0;text;;[];False;False;159aad3a1966ebab;[];LU TIM MANA DUKUNGNYA
956;1210;1-10;1740562.0;text;;['😅', '🤣'];False;False;41017f86f64a927e;[];okkkk
957;1210;11-50;1740564.0;text;;[];False;False;41017f86f64a927e;[];wifi kampus lemot parah
958;1210;1-10;1740566.0;text;;[];False;False;41017f86f64a927e;[];iyaa
959;1210;1-10;1740575.0;text;;[];False;False;41017f86f64a927e;[];yess
960;1210;11-50;1740584.0;text;;[];False;False;41017f86f64a927e;[];dompet gw ketinggalann di rumah
961;1210;51-100;1740667.0;text;;[];False;False;c9b963274b33b88e;[];gw lagi dengerin podcast tentang psikologi, lumayan buat... nambah wawasan
962;1211;101-500;1750843.0;text;;[];True;False;2e122f745ec54737;[];eh ada yangg punya rekomendasi laptopp budgett 5 jutaannnn yangggg bagus buattt kuliah dann ngodingg ga? laptopppp gw yang sekarang udah mulai lemottt dan sering ngehang kaloooo bukaaa banyak tab. pengennyaaa sih yangggg ringan buatttt dibawa ke kampussss tapi tetep kenceng performanya, ada saran?
963;1211;11-50;1751503.0;text;;[];False;False;c9b963274b33b88e;[];badminton yuk sore... ini
964;1211;11-50;1751596.0;text;;[];False;False;751af0e218861899;[];gw lagiii bacaa novel baru nihhhh
965;1211;11-50;1752998.0;text;;[];True;False;159aad3a1966ebab;[];MASIH BANGUN GA LU JAM SEGINI?
966;1211;51-100;1753250.0;text;;[];False;False;c9b963274b33b88e;[];dosen killer itu... ternyata baik banget orangnya kalo... diajak ngobrol santai
967;1211;51-100;1753261.0;text;;[];False;False;c9b963274b33b88e;[];dosen killer itu ternyata baik banget orangnya kalo diajak ngobrol santai
968;1211;1-10;1753980.0;text;;['🤣'];False;False;1dc897b84262494d;[];ih
969;1211;1-10;1753981.0;text;;[];False;False;1dc897b84262494d;[];ih
970;1211;0;1767318.0;sticker/webp;;[];False;False;ca17306179e53cd7;[];[Stiker]
971;1212;51-100;1801946.0;text;;['💪'];False;False;cfa4332fcc87fa99;[];dosen killer,,, itu ternyata baik banget orangnya kalo diajak,,, ngobrol santai
972;1212;11-50;1805501.0;text;;[];False;False;c9b963274b33b88e;[];gw abis lari pagi... tadi
973;1213;1-10;1814470.0;text;;[];False;False;e7d2ce0ba56e7fbb;[];ngab
974;1213;11-50;1814487.0;text;;[];True;False;e7d2ce0ba56e7fbb;[];itu beneran,,, apa hoax?
975;1213;11-50;1814488.0;text;;[];True;False;e7d2ce0ba56e7fbb;[];bayar berapa sih tadi?
976;1213;1-10;1814670.0;text;;[];False;False;e3e22dc73269635e;[];ngab
977;1213;11-50;1815031.0;text;;[];False;False;d9dfce195e2645dd;[];gw mau nyobaaaa restoran baruu
978;1213;1-10;1815045.0;text;;[];True;False;e7d2ce0ba56e7fbb;[];masa?
979;1213;11-50;1815072.0;text;;[];False;False;d9dfce195e2645dd;[];gw mauu nyoba restorannnn baru
980;1213;11-50;1815073.0;text;;[];False;False;d9dfce195e2645dd;[];tadi gw makannn nasi padang
981;1213;11-50;1815088.0;text;;[];True;False;021e7ca3ed092081;[];BAWA MOTOR APA NAIK APA?
982;1213;11-50;1815095.0;text;;[];False;False;d9dfce195e2645dd;[];baksoooo malang itu buka ga ya
983;1213;11-50;1815103.0;text;;[];False;False;d9dfce195e2645dd;[];masak sendiri lebih hemat sihh
984;1213;51-100;1815128.0;text;;[];False;False;d9dfce195e2645dd;[];dompet gw ilang kemarin di angkot tapiii alhamdulillah ada yang nemuin
985;1213;11-50;1815129.0;text;;[];False;False;d9dfce195e2645dd;[];kopi susu yg biasaaa ya
986;1213;1-10;1815146.0;text;;['👆'];False;False;70b7044e6650314d;[];sip
987;1213;51-100;1815162.0;text;;[];False;False;d9dfce195e2645dd;[];dompet gw ilanggg kemarin di angkotttt tapi alhamdulillah ada yangg nemuin
988;1213;1-10;1815184.0;text;;[];False;False;4257d3d838f5bedb;[];BENER
989;1213;11-50;1815188.0;text;;[];False;False;4257d3d838f5bedb;[];NONGKRONG YUK DI KAFE BIASA
990;1213;51-100;1815218.0;text;;[];True;False;d9dfce195e2645dd;[];adaa yangggg tauuu kenapa kantinnn kampussss tutuppp lebih awal hariiii iniii ga sih?
991;1213;11-50;1815226.0;text;;[];False;False;d9dfce195e2645dd;[];es teh manis satu ya bangggg
992;1213;11-50;1815237.0;text;;[];False;False;d9dfce195e2645dd;[];porsi makannnn gw nambah terusss
993;1213;101-500;1815237.0;text;;[];False;False;4257d3d838f5bedb;[];KEMARIN MALEM GW SAMA TEMEN TEMEN NONGKRONG DI WARKOP BIASA SAMPE JAM 12 MALEM. KITA NGOBROL BANYAK HAL DARI MULAI TUGAS KULIAH, RENCANA LIBURAN, SAMPE MASALAH PERCINTAAN. SERU SIH WALAU BESOKNYA GW KESIANGAN MASUK KELAS PAGI DAN DOSEN NEGUR DI DEPAN SEMUA ORANG. MALU TAPI YA GIMANA LAGI
994;1213;1-10;1815243.0;text;;[];False;False;d9dfce195e2645dd;[];loll
995;1213;51-100;1815283.0;text;;[];False;False;4257d3d838f5bedb;[];DOMPET GW ILANG KEMARIN DI ANGKOT TAPI ALHAMDULILLAH ADA YANG NEMUIN
996;1213;11-50;1815287.0;text;;[];False;False;d9dfce195e2645dd;[];nongkrongggg yuk di kafe biasaaa
997;1213;11-50;1815295.0;text;;[];False;False;d9dfce195e2645dd;[];es teh manis satu ya bang
998;1213;51-100;1815322.0;text;;[];False;False;d9dfce195e2645dd;[];tadi di kantin ketemu anak angkatan bawah yang kenal sama temen smaaa gw
999;1213;11-50;1815337.0;text;;[];False;False;4257d3d838f5bedb;[];INDOMIE TELOR UDAH CUKUP KOK
1000;1213;1-10;1815339.0;text;;[];False;False;4257d3d838f5bedb;[];AYOK
1001;1213;101-500;1815743.0;text;;[];False;False;c9b963274b33b88e;[];kemarin malem gw sama temen... temen... nongkrong di warkop... biasa sampe jam 12 malem. kita... ngobrol... banyak hal dari mulai tugas kuliah, rencana liburan, sampe masalah percintaan. seru sih walau... besoknya gw kesiangan masuk kelas pagi dan dosen negur di depan semua orang. malu tapi ya gimana lagi
1002;1213;51-100;1815769.0;text;;[];False;False;c9b963274b33b88e;[];weekend ini gw mau... staycation aja di kosan binge watching series baru
1003;1213;11-50;1815795.0;text;;[];False;False;4257d3d838f5bedb;[];KOPI SUSU YG BIASA YA
1004;1213;101-500;1815808.0;text;;[];False;False;b04f4644141f9ef4;[];kemarin malem gw sm temen teemn nongkrong di warkop biasa sampe jam 12 malem. kita ngobrol banyak hal dr mulia tugas kuliah, rencana liburan, sampe masalah percintaan. seru sih walau besoknya gw kesiangan masuk kelas pagi dan doesn negur di depan smua orang. malu tp ya gmn lg
1005;1213;101-500;1815903.0;text;;[];False;False;c9b963274b33b88e;[];kemarin malem gw sama temen temen nongkrong di warkop biasa sampe jam... 12 malem. kita ngobrol banyak hal dari mulai tugas kuliah, rencana liburan, sampe masalah percintaan. seru sih walau... besoknya gw kesiangan masuk kelas... pagi... dan dosen negur di... depan semua orang. malu tapi ya gimana lagi
1006;1213;11-50;1815958.0;text;;[];True;False;41acf68aa801bbd1;[];bayar berapa sih tadi?
1007;1213;51-100;1815990.0;text;;[];False;False;b04f4644141f9ef4;[];dompte gw ilang kemarin di angkot tp alhamdulillah ad yg nemuin
1008;1213;101-500;1816087.0;text;;[];False;False;c9b963274b33b88e;[];kemarin malem gw sama temen... temen nongkrong di warkop biasa sampe jam 12 malem. kita ngobrol... banyak hal... dari mulai... tugas kuliah, rencana liburan, sampe... masalah percintaan. seru sih walau besoknya gw... kesiangan masuk kelas pagi dan dosen negur di... depan semua orang. malu tapi ya gimana lagi
1009;1213;101-500;1816108.0;text;;[];False;False;c9b963274b33b88e;[];kemarin malem gw sama temen... temen nongkrong di warkop biasa sampe jam... 12 malem. kita ngobrol banyak hal dari mulai tugas kuliah, rencana liburan, sampe masalah percintaan. seru... sih walau besoknya gw kesiangan masuk kelas pagi dan dosen negur... di depan semua orang. malu tapi... ya gimana lagi
1010;1213;11-50;1816114.0;text;;[];False;False;41acf68aa801bbd1;[];indomie telor udah cukup kok
1011;1213;1-10;1816128.0;text;;[];False;False;c9b963274b33b88e;[];sis
1012;1213;51-100;1816160.0;text;;[];False;False;c9b963274b33b88e;[];tadi di kantin ketemu anak angkatan bawah yang kenal... sama temen SMA gw
1013;1213;11-50;1816200.0;text;;[];False;False;7430439a03fe249a;[];gw mau nyoba restoran baru!!!
1014;1213;11-50;1816208.0;text;;[];False;False;7430439a03fe249a;[];gw mau nyoba restoran baru!!
1015;1213;11-50;1816242.0;text;;[];False;False;41acf68aa801bbd1;[];es teh manis satu ya bang
1016;1213;11-50;1816243.0;text;;[];False;False;41acf68aa801bbd1;[];gw mau pesen gofood dulu
1017;1213;1-10;1816247.0;text;;[];False;False;41acf68aa801bbd1;[];ayok
1018;1213;11-50;1816253.0;text;;[];False;False;41acf68aa801bbd1;[];es teh manis satu ya bang
1019;1213;11-50;1816273.0;text;;[];False;False;c9b963274b33b88e;[];gw mau nyoba restoran baru
1020;1213;101-500;1816324.0;text;;[];False;False;c9b963274b33b88e;[];kemarin malem gw sama temen temen nongkrong di warkop biasa sampe jam 12 malem. kita ngobrol banyak hal dari mulai... tugas kuliah, rencana liburan, sampe masalah percintaan. seru sih walau besoknya gw kesiangan masuk kelas pagi dan dosen negur di depan semua orang. malu tapi ya gimana lagi
1021;1213;101-500;1816364.0;text;;[];False;False;c9b963274b33b88e;[];kemarin malem gw sama temen temen nongkrong di warkop... biasa sampe jam... 12 malem. kita... ngobrol banyak hal... dari mulai tugas kuliah, rencana liburan,... sampe masalah percintaan. seru sih walau... besoknya gw kesiangan masuk kelas pagi dan dosen negur di depan semua... orang. malu tapi ya gimana lagi...
1022;1213;51-100;1816545.0;text;;[];False;False;7430439a03fe249a;[];weekend ini gw mau staycation aja di kosan binge watching series baru!!
1023;1213;101-500;1816639.0;text;;[];False;False;c9b963274b33b88e;[];kemarin malem gw sama temen... temen... nongkrong di warkop... biasa sampe jam 12 malem. kita... ngobrol banyak hal dari mulai... tugas kuliah, rencana liburan, sampe masalah percintaan. seru sih walau... besoknya gw kesiangan masuk kelas pagi dan dosen negur di depan semua orang. malu tapi ya gimana lagi...
1024;1213;11-50;1816801.0;text;;[];False;False;41acf68aa801bbd1;[];kopi susu yg biasa ya
1025;1213;11-50;1816804.0;text;;[];False;False;41acf68aa801bbd1;[];gw lagi diet tapi gagal mulu
1026;1213;1-10;1816845.0;text;;[];False;False;4257d3d838f5bedb;[];SIS
1027;1213;101-500;1816846.0;text;;[];False;False;4257d3d838f5bedb;[];KEMARIN MALEM GW SAMA TEMEN TEMEN NONGKRONG DI WARKOP BIASA SAMPE JAM 12 MALEM. KITA NGOBROL BANYAK HAL DARI MULAI TUGAS KULIAH, RENCANA LIBURAN, SAMPE MASALAH PERCINTAAN. SERU SIH WALAU BESOKNYA GW KESIANGAN MASUK KELAS PAGI DAN DOSEN NEGUR DI DEPAN SEMUA ORANG. MALU TAPI YA GIMANA LAGI
1028;1213;11-50;1816896.0;text;;[];False;False;b4fc5a22b27ed5ac;[];nongkrong yuk di kafe biasa...
1029;1213;11-50;1816897.0;text;;[];False;False;b4fc5a22b27ed5ac;[];indomie telor udah cukup kok...
1030;1213;11-50;1816907.0;text;;[];False;False;b4fc5a22b27ed5ac;[];gw mau pesen gofood dulu...
1031;1213;11-50;1816914.0;text;;[];False;False;b4fc5a22b27ed5ac;[];nongkrong yuk di kafe biasa
1032;1213;11-50;1816918.0;text;;[];False;False;b4fc5a22b27ed5ac;[];masak sendiri lebih hemat sih...
1033;1213;11-50;1816931.0;text;;[];False;False;b4fc5a22b27ed5ac;[];masak sendiri lebih hemat sih
1034;1213;11-50;1816940.0;text;;[];False;False;b4fc5a22b27ed5ac;[];masak sendiri lebih hemat sih
1035;1213;11-50;1816951.0;text;;[];False;False;b4fc5a22b27ed5ac;[];nongkrong yuk di kafe biasa...
1036;1213;11-50;1816992.0;text;;[];False;False;d9dfce195e2645dd;[];masak sendiriiii lebihh hematttt sih
1037;1213;51-100;1817019.0;text;;[];False;False;d9dfce195e2645dd;[];gw lagi bingung milihh topik skripsi antara duaaa tema yang sama menariknya
1038;1213;11-50;1817025.0;text;;[];False;False;d9dfce195e2645dd;[];baksoooo malang itu buka ga ya
1039;1213;101-500;1817061.0;text;;[];False;False;d9dfce195e2645dd;[];kemarinn malemm gw samaa temennnn temen nongkrong di warkop biasaaa sampe jam 12 malem. kita ngobrol banyakkkk halll dari mulaiii tugas kuliah, rencanaaa liburan, sampe masalah percintaan. seru sihhh walau besoknyaaa gw kesiangan masukkkk kelassss pagii dannnn dosen negurrrr di depann semua orang. maluuuu tapii ya gimana lagi
1040;1213;101-500;1818661.0;text;;[];False;False;c236cb0576b47c11;[];kemarin malem gw sama temen temen nongkrong di warkop biasa sampe jam 12 malem. kita ngobrol banyak hal dari mulai tugas kuliah, rencana liburan, sampe masalah percintaan. seru sih walau besoknya gw kesiangan masuk kelas pagi dan dosen negur di depan semua orang. malu tapi ya gimana lagi
1041;1213;51-100;1818712.0;text;;[];False;False;4257d3d838f5bedb;[];GW LAGI BINGUNG MILIH TOPIK SKRIPSI ANTARA DUA TEMA YANG SAMA MENARIKNYA
1042;1213;101-500;1818762.0;text;;[];False;False;c9b963274b33b88e;[];kemarin malem gw sama temen temen nongkrong di warkop biasa... sampe jam 12 malem. kita ngobrol... banyak hal... dari mulai tugas kuliah, rencana liburan,... sampe masalah percintaan. seru sih walau besoknya gw kesiangan masuk kelas pagi dan dosen negur... di depan semua orang. malu... tapi... ya gimana lagi...
1043;1213;51-100;1818809.0;text;;[];False;False;c236cb0576b47c11;[];tadi di kantin ketemu anak angkatan bawah yang kenal sama temen sma gw
1044;1213;11-50;1818852.0;text;;[];True;False;c9b963274b33b88e;[];bawa motor apa naik apa?
1045;1213;51-100;1818854.0;text;;[];False;False;4257d3d838f5bedb;[];WEEKEND INI GW MAU STAYCATION AJA DI KOSAN BINGE WATCHING SERIES BARU
1046;1213;11-50;1819716.0;text;;['🥺'];False;False;e7d2ce0ba56e7fbb;[];indomie telor udah cukup,,, kok
1047;1213;1-10;1819719.0;text;;[];False;False;e7d2ce0ba56e7fbb;[];bener
1048;1213;11-50;1820385.0;text;;[];False;False;b04f4644141f9ef4;[];indomie telor udah cukup kok
1049;1213;101-500;1820403.0;text;;[];True;False;e7d2ce0ba56e7fbb;[];gw lagi bimbang nih antara mau,,, ikut organisasi kampus atau fokus ke akademik aja. menurut,,, kalian gimana sih,,,, worth it ga sih,,, ikut organisasi? soalnya gw,,, denger banyak yang bilang bisa nambah,,, soft skill tapi di,,, sisi lain waktu,,, buat belajar jadi,,, berkurang kan, gimana pengalaman kalian?
1050;1213;11-50;1820411.0;text;;[];False;False;e7d2ce0ba56e7fbb;[];nongkrong yuk di kafe biasa
1051;1213;11-50;1820448.0;text;;[];False;False;e3e22dc73269635e;[];nongkrogn yuk di kaef biasa
1052;1213;11-50;1820449.0;text;;[];False;False;e3e22dc73269635e;[];nongkrong yuk di kfae bisaa
1053;1213;11-50;1820454.0;text;;[];False;False;e3e22dc73269635e;[];gw mau nyoba restoran baru
1054;1213;1-10;1820545.0;text;;[];False;False;e7d2ce0ba56e7fbb;[];cuy
1055;1213;11-50;1820549.0;text;;[];False;False;e7d2ce0ba56e7fbb;[];porsi makan,,, gw nambah terus
1056;1213;0;1820599.0;sticker/webp;;[];False;False;e3e22dc73269635e;[];[Stiker]
1057;1213;11-50;1820625.0;text;;[];False;False;159aad3a1966ebab;['8cc71229b3580b0e', '301550f41d8e1276'];MASAK SENDIRI LEBIH HEMAT SIH
1058;1213;11-50;1820697.0;text;;[];False;False;41acf68aa801bbd1;[];tadi gw makan nasi padang
1059;1213;11-50;1820700.0;text;;[];False;False;41acf68aa801bbd1;[];masak sendiri lebih hemat sih
1060;1213;11-50;1820711.0;text;;[];False;False;41acf68aa801bbd1;[];bakso malang itu buka ga ya
1061;1213;11-50;1820712.0;text;;[];False;False;41acf68aa801bbd1;[];bakso malang itu buka ga ya
1062;1213;101-500;1820768.0;text;;[];True;False;e7d2ce0ba56e7fbb;[];eh ada yang punya rekomendasi laptop budget 5 jutaan,,, yang bagus buat kuliah dan ngoding ga? laptop gw yang sekarang,,, udah mulai lemot dan sering ngehang kalo,,, buka banyak tab. pengennya sih yang ringan buat dibawa ke kampus tapi tetep,,, kenceng performanya, ada saran?,,,
1063;1213;11-50;1820807.0;text;;[];False;True;4257d3d838f5bedb;[];CAPEK BANGET HARI INI!
1064;1213;51-100;1821012.0;text;;[];False;False;e3e22dc73269635e;[];dompet gw ilang kemarin di ankgot tp alhamdulillah ad yg nemuin
1065;1213;11-50;1821019.0;text;;[];False;False;e3e22dc73269635e;[];es teh manis satu ya bang
1066;1213;11-50;1821037.0;text;;[];False;False;4257d3d838f5bedb;[];GW MAU NYOBA RESTORAN BARU
1067;1213;1-10;1821041.0;text;;[];True;False;159aad3a1966ebab;[];YAKIN?
1068;1213;11-50;1821061.0;text;;[];True;False;159aad3a1966ebab;[];BAYAR BERAPA SIH TADI?
1069;1213;11-50;1821071.0;text;;[];False;False;4257d3d838f5bedb;[];GW MAU NYOBA RESTORAN BARU
1070;1213;0;1821072.0;audio;;[];False;False;e3e22dc73269635e;[];[Voice Note]
1071;1213;11-50;1821073.0;text;;[];False;False;4257d3d838f5bedb;[];GW LAGI DIET TAPI GAGAL MULU
1072;1213;11-50;1821077.0;text;;[];True;False;159aad3a1966ebab;[];BAWA MOTOR APA NAIK APA?
1073;1213;11-50;1821079.0;text;;[];False;False;4257d3d838f5bedb;[];GW LAGI DIET TAPI GAGAL MULU
1074;1213;11-50;1821084.0;text;;[];False;False;4257d3d838f5bedb;[];PORSI MAKAN GW NAMBAH TERUS
1075;1213;11-50;1821086.0;text;;['🤣'];False;False;159aad3a1966ebab;[];INDOMIE TELOR UDAH CUKUP KOK
1076;1213;51-100;1821092.0;text;;[];False;False;8cc71229b3580b0e;[];GW LAGI BINGUNG MILIH TOPIK SKRIPSI ANTARA DUA TEMA YANG SAMA MENARIKNYA
1077;1213;11-50;1821101.0;text;;[];False;False;159aad3a1966ebab;[];ES TEH MANIS SATU YA BANG
1078;1213;11-50;1821115.0;text;;[];False;False;4257d3d838f5bedb;[];INDOMIE TELOR UDAH CUKUP KOK
1079;1213;11-50;1821121.0;text;1069.0;['😂'];False;False;159aad3a1966ebab;[];GW MAU PESEN GOFOOD DULU
1080;1213;11-50;1821125.0;text;;[];False;False;4257d3d838f5bedb;[];ES TEH MANIS SATU YA BANG
1081;1213;1-10;1821125.0;text;;[];False;False;159aad3a1966ebab;[];LOL
1082;1213;11-50;1821129.0;text;;[];False;False;159aad3a1966ebab;[];MASAK SENDIRI LEBIH HEMAT SIH
1083;1213;51-100;1821132.0;text;;[];True;False;0699d772691cc48e;[];ad yg tau knp kantin kampus tutup lebih awal hari ni ga sih?
1084;1213;11-50;1821139.0;text;;[];False;False;4257d3d838f5bedb;[];GW MAU NYOBA RESTORAN BARU
1085;1213;11-50;1821145.0;text;;[];False;False;4257d3d838f5bedb;[];PORSI MAKAN GW NAMBAH TERUS
1086;1213;1-10;1821155.0;text;;[];False;False;e3e22dc73269635e;[];sip
1087;1213;51-100;1821159.0;text;;[];True;False;e3e22dc73269635e;[];ad yg tau knp kanitn kampus tutpu lbeih aawl hari ni ga shi?
1088;1213;1-10;1821180.0;text;;[];False;False;159aad3a1966ebab;[];BRO
1089;1214;0;1822999.0;image/jpeg;;[];False;False;a91f7b527c513293;[];[Foto]
1090;1214;0;1823010.0;sticker/webp;;[];False;False;a91f7b527c513293;[];[Stiker]
1091;1214;11-50;1823011.0;text;1089.0;[];False;False;a91f7b527c513293;[];gw nyari parkir dulu bentar
1092;1214;0;1823025.0;sticker/webp;;[];False;False;54c821a38520a24e;[];[Stiker]
1093;1214;11-50;1823025.0;text;;[];True;False;41acf68aa801bbd1;[];nilai keluar kapan ya?
1094;1214;0;1823028.0;sticker/webp;;[];False;False;54c821a38520a24e;[];[Stiker]
1095;1214;11-50;1823035.0;text;1089.0;[];False;False;e3e22dc73269635e;[];ketemuan di mall jam 3 ya
1096;1214;1-10;1823037.0;text;;[];False;False;a91f7b527c513293;[];kok
1097;1214;1-10;1823039.0;text;;[];False;False;a91f7b527c513293;[];mah
1098;1214;11-50;1823056.0;text;;[];False;False;41acf68aa801bbd1;[];bsk sore ada waktu ga
1099;1214;11-50;1823061.0;text;;[];False;False;e3e22dc73269635e;[];gw ngga bs ikut malem ni
1100;1214;51-100;1823067.0;text;;[];False;False;e3e22dc73269635e;[];gw hrs nbaung lebih banyak sih baut bayar unag semester yg naki
1101;1214;1-10;1823080.0;text;;[];False;False;a91f7b527c513293;[];kok
1102;1214;11-50;1823087.0;text;;[];False;False;aa424dbe177544e7;[];rame banget disini cuy
1103;1214;11-50;1823092.0;text;;[];False;False;a91f7b527c513293;[];lu dimana sih lama banget
1104;1214;11-50;1823100.0;text;;[];False;False;a91f7b527c513293;[];macet parah di jalan tol
1105;1214;1-10;1823114.0;text;;[];False;False;a91f7b527c513293;[];emm
1106;1214;11-50;1823138.0;text;;[];False;False;4257d3d838f5bedb;[];GW NAIK OJOL AJA DEH
1107;1214;1-10;1823252.0;text;;[];False;False;a73fab1860225fef;[];emmmm
1108;1214;11-50;1823277.0;text;;[];False;False;4257d3d838f5bedb;[];LU DIMANA SIH LAMA BANGET
1109;1214;11-50;1823295.0;text;;[];True;False;159aad3a1966ebab;[];WIFI PASSWORD NYA APA SIH?
1110;1214;1-10;1823304.0;text;;['🤣'];False;False;159aad3a1966ebab;[];AHH
1111;1214;11-50;1823307.0;text;;[];False;False;e3e22dc73269635e;[];gw lg di warkop nih
1112;1214;11-50;1823324.0;text;;[];False;False;a73fab1860225fef;[];bsk soreeee ada waktu ga
1113;1214;11-50;1823341.0;text;;[];False;False;a73fab1860225fef;[];kita ketemuan dimana aja deh
1114;1214;1-10;1823512.0;text;;['😂'];False;False;4257d3d838f5bedb;[];HOO
1115;1214;11-50;1823517.0;text;;[];False;False;4257d3d838f5bedb;[];GW NGGA BISA IKUT MALEM INI
1116;1214;11-50;1823523.0;text;;[];False;True;4257d3d838f5bedb;[];GW SENENG BANGET DAPET A!
1117;1214;11-50;1823564.0;text;;[];True;False;41acf68aa801bbd1;[];ada yg mau bareng?
1118;1214;1-10;1823610.0;text;1117.0;[];False;False;a73fab1860225fef;[];woi
1119;1214;0;1823619.0;video/mp4;;[];False;False;e3e22dc73269635e;[];[Video]
1120;1214;1-10;1823681.0;text;;[];False;False;41acf68aa801bbd1;[];emm
1121;1214;11-50;1823707.0;text;;['😏'];False;False;a73fab1860225fef;[];gw lagiii di warkop nihhhh
1122;1214;0;1823712.0;sticker/webp;1117.0;[];False;False;4257d3d838f5bedb;[];[Stiker]
1123;1214;11-50;1823729.0;text;;[];False;False;41acf68aa801bbd1;[];gw ngga bisa ikut malem ini
1124;1214;51-100;1823952.0;text;;['😇'];False;False;0f5b3d2e1b2e9951;[];motor gw mogok di tengah jalan tadi pagi jadi gw... telat masuk kelas
1125;1214;51-100;1824370.0;text;;[];False;False;eca900a7367c8b69;[];temen sekamar gw pindah kosan jadi skrg gw sendirian di kamar
1126;1215;51-100;1825767.0;text;;[];True;False;eca900a7367c8b69;[];kira kira kalo gw apply magang skrg msh keburu ga ya?
1127;1215;101-500;1825811.0;image/jpeg;;[];False;False;021e7ca3ed092081;[];[Foto]
1128;1215;11-50;1825820.0;text;;[];True;False;021e7ca3ed092081;[];BOOKING DULUAN APA LANGSUNG AJA?
1129;1215;51-100;1825828.0;text;;[];False;False;0f5b3d2e1b2e9951;[];semalam hujan gede bgt... sampe kosan gw mati lampu semaleman gila
1130;1215;11-50;1825847.0;text;;[];False;False;0f5b3d2e1b2e9951;[];gym hari ni skip deh
1131;1215;51-100;1825852.0;text;;[];False;False;eca900a7367c8b69;[];semalam hujan gede bgt sampe kosan gw mati lampu semaleman gila
1132;1215;1-10;1825857.0;text;;[];False;False;eca900a7367c8b69;[];ih
1133;1215;101-500;1828012.0;text;;[];True;False;021e7ca3ed092081;[];MENURUT KALIAN KENAPA YA GENERASI KITA TUH KAYAKNYA LEBIH GAMPANG STRES DAN BURNOUT DIBANDING GENERASI ORANG TUA KITA DULU? APA KARENA TEKANAN SOSMED ATAU EMANG TUNTUTAN HIDUP YANG MAKIN TINGGI YA? GW PENASARAN AJA SIH SOALNYA TEMEN TEMEN GW BANYAK YANG NGELUH HAL YANG SAMA
1134;1215;11-50;1828039.0;text;;[];False;False;631ff720acdd094f;[];futsal besok jadi ga
1135;1215;11-50;1828048.0;text;;[];True;False;021e7ca3ed092081;[];BOOKING DULUAN APA LANGSUNG AJA?
1136;1215;11-50;1828049.0;text;;[];False;False;631ff720acdd094f;[];game baru udah download belum
1137;1215;1-10;1828052.0;text;;[];False;False;021e7ca3ed092081;[];FYI
1138;1215;51-100;1828060.0;text;;[];False;False;631ff720acdd094f;[];gw baru dapet info beasiswa buat semester depan mau coba daftar deh
1139;1215;51-100;1828076.0;text;;[];False;False;631ff720acdd094f;[];semalam hujan gede banget sampe kosan gw mati lampu semaleman gila
1140;1215;1-10;1828079.0;text;;[];False;False;631ff720acdd094f;[];fyi
1141;1215;11-50;1828092.0;text;;[];True;False;021e7ca3ed092081;[];MASIH BANGUN GA LU JAM SEGINI?
1142;1215;1-10;1828103.0;text;;[];False;False;631ff720acdd094f;[];bete
1143;1215;1-10;1828105.0;text;;[];False;False;631ff720acdd094f;[];njir
1144;1215;1-10;1828109.0;text;;[];False;False;631ff720acdd094f;[];zonk
1145;1215;11-50;1828126.0;text;;[];False;False;021e7ca3ed092081;[];GW LAGI BACA NOVEL BARU NIH
1146;1215;11-50;1828127.0;text;;[];False;False;021e7ca3ed092081;[];ALBUM BARU DIA ENAK BANGET
1147;1215;1-10;1828147.0;text;;[];False;False;021e7ca3ed092081;[];FYI
1148;1215;0;1828626.0;image/jpeg;;[];False;False;021e7ca3ed092081;[];[Foto]
1149;1215;11-50;1829060.0;text;;[];True;False;cfa4332fcc87fa99;[];booking duluan apa langsung aja?
1150;1215;11-50;1829209.0;text;;[];False;False;b3f383c93a9e454c;[];gym hari ini skip deh
1151;1215;11-50;1829247.0;text;;[];False;False;751af0e218861899;[];gym hari iniii skip deh
1152;1215;11-50;1829253.0;text;;[];False;False;751af0e218861899;[];badmintonnnn yukkk sore iniiii
1153;1215;51-100;1829316.0;text;;[];False;False;b3f383c93a9e454c;[];gw baru dapet info beasiswa buat semester depan mau coba daftar deh
1154;1215;11-50;1829417.0;text;;[];True;False;fe835936853d47da;[];MASIH BANGUN GA LU JAM SEGINI?
1155;1215;11-50;1829794.0;text;;[];False;False;b3f383c93a9e454c;[];gw abis lari pagi tadi
1156;1215;1-10;1829847.0;text;1151.0;[];False;False;eca900a7367c8b69;[];njir
1157;1215;11-50;1829970.0;text;;[];True;False;fe835936853d47da;[];TADI NGOMONG APA SIH DOSENNYA?
1158;1215;51-100;1830031.0;text;;[];False;False;b3f383c93a9e454c;[];dosen killer itu ternyata baik banget orangnya kalo diajak ngobrol santai
1159;1215;11-50;1830095.0;text;;[];False;False;fe835936853d47da;[];GAME BARU UDAH DOWNLOAD BELUM
1160;1216;11-50;1887724.0;text;1129.0;[];True;False;53aa1fb24042d086;[];mau nitip apa ga?
1161;1216;101-500;1893258.0;text;;[];True;False;c9b963274b33b88e;[];guys ada yang tau ga sih... kenapa sistem... registrasi online kampus sering... banget error pas... masa pengisian KRS? tiap semester... selalu gitu bikin stres, mana harus rebutan... mata kuliah yang kuotanya dikit banget lagi. apa emang... servernya ga kuat... ya... nampung banyak mahasiswa sekaligus?
1162;1217;11-50;1901428.0;text;;[];False;False;0f5b3d2e1b2e9951;[];game baru udah download blm
1163;1217;1-10;1901446.0;text;;[];False;False;4257d3d838f5bedb;[];FYI
1164;1217;11-50;1901463.0;text;;[];False;False;0f5b3d2e1b2e9951;[];pertandingan bola tadi malam gila...
1165;1217;11-50;1901475.0;text;;[];False;False;53aa1fb24042d086;[];gw abis larii pagiiii tadiii
1166;1217;11-50;1901481.0;text;;[];False;False;53aa1fb24042d086;[];konser ituu mahal banget tiketnya
1167;1217;11-50;1907878.0;text;;[];False;False;0f5b3d2e1b2e9951;[];gym hari ni... skip... deh
1168;1217;0;1917806.0;sticker/webp;;[];False;False;cfa4332fcc87fa99;[];[Stiker]
1169;1218;51-100;1997960.0;text;;[];True;False;6d774930919c0a25;[];lu pernah coba belajar... bareng di perpus kota... ga, enak ga disana?...
1170;1218;11-50;1997977.0;text;;[];True;False;41acf68aa801bbd1;[];jadwal sidang kapan bro?
1171;1218;1-10;1997986.0;text;;[];False;False;6d774930919c0a25;[];males
1172;1218;11-50;1998000.0;text;;[];False;False;41acf68aa801bbd1;[];gw kangen temen temen sma
1173;1218;11-50;1998015.0;text;;[];False;False;6d774930919c0a25;[];gw berantem sama si anu...
1174;1218;11-50;1998040.0;text;;[];False;False;41acf68aa801bbd1;[];angkot ke sana masih ada ga
1175;1219;51-100;2066396.0;text;;[];True;False;021e7ca3ed092081;[];ADA YANG TAU KENAPA KANTIN KAMPUS TUTUP LEBIH AWAL HARI INI GA SIH?
1176;1219;11-50;2066404.0;text;;[];False;False;021e7ca3ed092081;[];MASAK SENDIRI LEBIH HEMAT SIH
1177;1219;51-100;2066419.0;text;;[];False;False;021e7ca3ed092081;[];DOMPET GW ILANG KEMARIN DI ANGKOT TAPI ALHAMDULILLAH ADA YANG NEMUIN
1178;1219;11-50;2066420.0;text;;[];False;False;021e7ca3ed092081;[];BAKSO MALANG ITU BUKA GA YA
1179;1219;51-100;2066478.0;text;;[];False;False;8d1fbc1cb14adde4;['7430439a03fe249a'];Gw udah download semua materi kuliah tapi belum sempat baca sama sekali.
1180;1219;11-50;2066494.0;text;;[];False;False;021e7ca3ed092081;[];MASAK SENDIRI LEBIH HEMAT SIH
1181;1219;11-50;2066499.0;text;;[];True;False;021e7ca3ed092081;[];ITU BENERAN APA HOAX?
1182;1219;11-50;2066879.0;text;;[];False;False;7430439a03fe249a;[];porsi makan gw nambah terus!!!
1183;1219;11-50;2066888.0;text;;[];False;False;7430439a03fe249a;[];indomie telor udah cukup kok!!
1184;1219;51-100;2066931.0;text;;[];False;False;1294c805454a6797;[];gw lagi bingung milih,,, topik skripsi antara dua tema,,, yang sama menariknya
1185;1219;11-50;2066951.0;text;;[];False;False;1294c805454a6797;[];gw mau nyoba restoran,,, baru
1186;1219;11-50;2067091.0;text;;[];False;False;28f443107967a03d;[];tadi gw makan nasi padang
1187;1219;0;2067092.0;image/jpeg;;[];False;False;7430439a03fe249a;[];[Foto]
1188;1219;11-50;2067112.0;text;;[];False;False;28f443107967a03d;[];nongkrong yuk di kafe biasa
1189;1219;11-50;2067117.0;text;;[];False;False;7430439a03fe249a;[];kopi susu yg biasa ya!!
1190;1219;11-50;2067137.0;text;1188.0;[];False;False;41acf68aa801bbd1;[];porsi makan gw nambah terus
1191;1219;51-100;2067138.0;text;;[];False;False;7430439a03fe249a;[];tadi di kantin ketemu anak angkatan bawah yang kenal sama temen SMA gw!!!
1192;1219;1-10;2067138.0;text;;['🤣'];False;False;28f443107967a03d;[];bener
1193;1219;1-10;2067139.0;text;;[];False;False;28f443107967a03d;[];yep
1194;1220;51-100;2073107.0;text;;[];False;False;c9b963274b33b88e;[];wifi kosan gw lemot banget... jadi gw ke perpus aja buat ngerjain tugas
1195;1220;51-100;2075197.0;text;;[];False;False;021e7ca3ed092081;[];WIFI KOSAN GW LEMOT BANGET JADI GW KE PERPUS AJA BUAT NGERJAIN TUGAS
1196;1220;0;2075269.0;image/jpeg;;[];False;False;021e7ca3ed092081;[];[Foto]
1197;1220;11-50;2076118.0;text;;[];True;False;41acf68aa801bbd1;[];pinjam catetan boleh ga?
1198;1220;1-10;2076762.0;text;;[];False;False;021e7ca3ed092081;[];GABUT
1199;1220;51-100;2076803.0;text;;[];False;False;021e7ca3ed092081;[];LU HARUS COBA KEDAI KOPI BARU DI JALAN BELAKANG KAMPUS, ENAK BANGET
1200;1220;11-50;2077204.0;text;;[];False;False;7430439a03fe249a;[];jangan bilang siapa siapa ya!!!
1201;1220;51-100;2078251.0;text;;[];False;False;28f443107967a03d;[];wifi kosan gw... lemot banget... jadi gw ke perpus aja buat ngerjain tugas
1202;1220;11-50;2078742.0;text;;[];True;False;1dc897b84262494d;[];jadwal sidang kapan,,, bro?
1203;1220;1-10;2078785.0;text;;[];False;False;8d1fbc1cb14adde4;[];Males.
1204;1220;1-10;2078803.0;text;;[];False;False;021e7ca3ed092081;[];MALES
1205;1220;11-50;2078817.0;text;;[];False;False;021e7ca3ed092081;[];GW KANGEN TEMEN TEMEN SMA
1206;1220;11-50;2078831.0;text;;[];False;False;021e7ca3ed092081;[];TEMENIN GW DONG BESOK
1207;1220;1-10;2078853.0;text;;[];False;False;7430439a03fe249a;[];trus!!
1208;1220;101-500;2078891.0;text;;[];False;False;021e7ca3ed092081;[];HARI INI GW ISENG NYOBA BIKIN KOPI PAKE METODE V60 YANG LAGI HYPE DI KALANGAN ANAK ANAK KAMPUS. BELI ALATNYA LUMAYAN MAHAL SIH TAPI HASILNYA EMANG BEDA DARI KOPI SACHET BIASA. KOPINYA LEBIH SMOOTH DAN GA TERLALU PAHIT. KAYAKNYA GW BAKAL KETAGIHAN NIH BIKIN KOPI SENDIRI TIAP PAGI SEBELUM KE KAMPUS
1209;1221;51-100;2082962.0;text;;[];True;False;8cad1e4d549a6b1d;[];kira kira kalo gw apply magangggg sekarang masih keburu ga ya?
1210;1221;11-50;2083218.0;text;;[];False;False;27343f8a1c54ae69;[];Manga terbaru udah keluar loh.
1211;1221;51-100;2083240.0;text;;[];False;False;27343f8a1c54ae69;[];Gw baru dapet info beasiswa buat semester depan mau coba daftar deh.
1212;1221;11-50;2083901.0;text;;[];True;False;8cad1e4d549a6b1d;[];ada sinyal ga disitu?
1213;1221;11-50;2084219.0;text;;[];False;False;27343f8a1c54ae69;[];Gw abis lari pagi tadi.
1214;1221;1-10;2086271.0;text;;[];False;False;edfade69974f97fe;[];Njir.
1215;1221;11-50;2086280.0;text;;[];True;False;edfade69974f97fe;[];tadi ngomong apa sih dosennya?
1216;1221;1-10;2086336.0;text;;[];False;False;159aad3a1966ebab;[];BTW
1217;1221;11-50;2086344.0;text;;[];False;False;159aad3a1966ebab;[];SERIES ITU ENDINGNYA ZONK BGT
1218;1221;51-100;2086358.0;text;;[];False;False;159aad3a1966ebab;[];GW BARU DAPET INFO BEASISWA BUAT SEMESTER DEPAN MAU COBA DAFTAR DEH
1219;1221;11-50;2086360.0;text;;[];False;False;edfade69974f97fe;[];Badminton yuk sore ini.
1220;1221;1-10;2086366.0;text;;[];False;False;b4fc5a22b27ed5ac;[];hoki
1221;1221;1-10;2086366.0;text;;[];False;False;b4fc5a22b27ed5ac;[];bete
1222;1221;11-50;2086374.0;text;;[];False;False;159aad3a1966ebab;[];GW ABIS LARI PAGI TADI
1223;1221;11-50;2086389.0;text;;[];False;False;70b7044e6650314d;[];manga terbaru udah keluar loh
1224;1221;1-10;2086394.0;text;;[];False;False;159aad3a1966ebab;[];DIH
1225;1221;11-50;2086397.0;text;;[];False;False;b4fc5a22b27ed5ac;[];konser tu mahal bgt tiketnya
1226;1221;11-50;2086399.0;text;;[];False;False;b4fc5a22b27ed5ac;[];pertandingan bola tadi malam... gila
1227;1221;1-10;2086403.0;text;;[];False;False;b4fc5a22b27ed5ac;[];sans
1228;1221;11-50;2086405.0;text;;[];False;False;b4fc5a22b27ed5ac;[];konser tu mahal bgt tiketnya
1229;1221;1-10;2086411.0;text;;[];False;False;70b7044e6650314d;[];fyi
1230;1221;11-50;2086411.0;text;;[];False;False;159aad3a1966ebab;[];GW ABIS LARI PAGI TADI
1231;1221;11-50;2086415.0;text;;[];False;False;b4fc5a22b27ed5ac;[];gym hari ni skip deh
1232;1221;11-50;2086427.0;text;;[];False;False;70b7044e6650314d;[];konser tu mahal bgt tiketnya
1233;1221;11-50;2086431.0;text;;[];False;False;edfade69974f97fe;[];Gw lagi baca novel baru nih.
1234;1221;11-50;2086698.0;text;;[];False;False;edfade69974f97fe;[];Konser itu mahal banget tiketnya.
1235;1221;1-10;2086750.0;text;;[];False;False;70b7044e6650314d;[];dih
1236;1221;11-50;2086838.0;text;;[];False;False;4257d3d838f5bedb;[];GW ABIS LARI PAGI TADI
1237;1221;11-50;2086847.0;text;;[];True;False;4257d3d838f5bedb;[];MASIH BANGUN GA LU JAM SEGINI?
1238;1221;11-50;2086877.0;text;;[];False;False;4257d3d838f5bedb;[];SERIES ITU ENDINGNYA ZONK BGT
1239;1221;1-10;2087081.0;text;;[];False;False;98abc1a04bfaecc6;[];btw!!
1240;1221;11-50;2087081.0;text;;[];False;False;98abc1a04bfaecc6;[];gym hari ini skip deh!!!
1241;1221;11-50;2087115.0;text;;[];False;False;70b7044e6650314d;[];konser tu mahal bgt tiketnya
1242;1221;11-50;2087122.0;text;;[];False;False;70b7044e6650314d;[];podcast yg lu rekomen mana
1243;1221;11-50;2087313.0;text;;[];True;False;4257d3d838f5bedb;[];MASIH BANGUN GA LU JAM SEGINI?
1244;1221;11-50;2087378.0;text;;[];False;False;eca900a7367c8b69;[];manga terbaru udah keluar loh
1245;1221;11-50;2087385.0;text;;[];False;False;eca900a7367c8b69;[];gw abis lari pagi tadi
1246;1221;11-50;2089630.0;text;;[];True;False;4257d3d838f5bedb;[];BOOKING DULUAN APA LANGSUNG AJA?
1247;1221;11-50;2089636.0;text;;[];False;False;4257d3d838f5bedb;[];GYM HARI INI SKIP DEH
1248;1221;11-50;2089780.0;text;;[];False;False;7430439a03fe249a;[];futsal besok jadi ga!!!
1249;1221;51-100;2089937.0;text;1248.0;[];True;False;4257d3d838f5bedb;[];KIRA KIRA KALO GW APPLY MAGANG SEKARANG MASIH KEBURU GA YA?
1250;1221;11-50;2090554.0;text;;[];True;False;5cbd55139faade5b;[];booking duluan apa langsung aja?
1251;1221;11-50;2090654.0;text;;[];False;False;7430439a03fe249a;[];podcast yg lu rekomen mana!!!
1252;1221;11-50;2092598.0;text;;[];False;False;a74f175aae33af91;[];Konser itu mahal banget tiketnya.
1253;1221;101-500;2092640.0;text;;[];False;False;a74f175aae33af91;[];Tadi siang gw makan di warung makan baru deket gerbang belakang kampus. nasi gorengnya lumayan enak dan harganya murah banget cuma 12 ribu udah sama es teh. kayaknya bakal jadi langganan baru deh soalnya warteg biasa gw udah mulai naik harga dan porsinya makin dikit aja.
1254;1221;1-10;2092641.0;text;;[];True;False;4257d3d838f5bedb;[];GMANA?
1255;1221;51-100;2092649.0;text;;[];False;False;a74f175aae33af91;[];Gw gagal diet lagi soalnya tadi sore diajak makan bakso sama temen.
1256;1221;51-100;2092662.0;text;;[];False;False;a74f175aae33af91;[];Dosen killer itu ternyata baik banget orangnya kalo diajak ngobrol santai.
1257;1221;11-50;2092665.0;text;;[];False;False;4257d3d838f5bedb;[];PERTANDINGAN BOLA TADI MALAM GILA
1258;1221;11-50;2092669.0;text;;[];False;False;4257d3d838f5bedb;[];BADMINTON YUK SORE INI
1259;1221;11-50;2092679.0;text;;[];False;False;a74f175aae33af91;[];Futsal besok jadi ga.
1260;1221;11-50;2092687.0;text;;[];False;False;a74f175aae33af91;[];Badminton yuk sore ini.
1261;1221;51-100;2092704.0;text;;[];False;False;a74f175aae33af91;[];Gw harus ganti strategi belajar sih soalnya nilai UTS kemarin jelek bgt.
1262;1221;11-50;2092738.0;text;;[];False;False;4257d3d838f5bedb;[];GW LAGI BACA NOVEL BARU NIH
1263;1221;1-10;2092771.0;text;;['😞', '🙏'];False;False;4257d3d838f5bedb;[];DIH
1264;1221;11-50;2093010.0;video/mp4;;[];False;False;a74f175aae33af91;[];[Video]
1265;1221;51-100;2093027.0;text;;[];False;False;a74f175aae33af91;[];Dosen killer itu ternyata baik banget orangnya kalo diajak ngobrol santai.
1266;1221;11-50;2093104.0;text;;[];False;False;4257d3d838f5bedb;[];BADMINTON YUK SORE INI
1267;1221;11-50;2093129.0;text;;['🇧🇷'];False;False;4257d3d838f5bedb;[];FUTSAL BESOK JADI GA
1268;1221;51-100;2094038.0;text;;[];True;False;c9b963274b33b88e;[];kira kira kalo gw apply magang sekarang masih keburu ga ya?
1269;1222;101-500;2263678.0;text;;[];True;False;eca900a7367c8b69;[];guys ad yg tau ga sih knp sistem registrasi online kampus sering bgt error pas masa pengisian krs? tiap semester selalu gitu bikin stres, mana hrs rebutan mata kuliah yg kuotanya dikit bgt lg. apa emang servernya ga kuat ya nampung banyak mahasiswa sekaligus?
1270;1222;1-10;2263706.0;text;;['🙏'];False;False;79a2420b8d936f39;[];lol
1271;1223;51-100;2353050.0;text;;[];True;False;da2a3bc612c85c2b;[];siapa sih yg spraed gosip tu ke grup sebelah, tau ga orangnya?
1272;1223;11-50;2353153.0;text;;[];False;False;41acf68aa801bbd1;[];adek gw masuk sma tahun ini
1273;1223;11-50;2353153.0;text;;[];False;False;41acf68aa801bbd1;[];bokap gw lagi di luar kota
1274;1223;1-10;2353157.0;text;;[];False;False;41acf68aa801bbd1;[];anjay
1275;1223;11-50;2353169.0;text;;[];True;False;41acf68aa801bbd1;[];siapa aja yg dateng?
1276;1223;11-50;2353177.0;text;;[];False;False;41acf68aa801bbd1;[];mama minta gw pulang weekend
1277;1223;51-100;2353281.0;text;;[];True;False;eca900a7367c8b69;[];siapa sih yg spread gosip tu ke grup sebelah, tau ga orangnya?
1278;1223;11-50;2353390.0;text;;[];False;False;da2a3bc612c85c2b;[];keluarga ngumpul lebarna ntr
1279;1223;11-50;2353393.0;text;;[];False;False;da2a3bc612c85c2b;[];kakak gw baru aja nikah
1280;1223;11-50;2353423.0;text;1277.0;[];False;False;41acf68aa801bbd1;[];bokap gw lagi di luar kota
1281;1223;11-50;2353433.0;text;;[];False;False;41acf68aa801bbd1;[];gw baru aja ketemu mantan
1282;1223;11-50;2353447.0;text;;[];False;False;41acf68aa801bbd1;[];duit bulanan belum dikirim
1283;1223;51-100;2353455.0;text;;[];False;False;41acf68aa801bbd1;[];tadi pagi gw olahraga lari keliling kampus 5 putaran badan pegel semua
1284;1223;51-100;2353464.0;text;;[];False;False;41acf68aa801bbd1;[];gw lagi belajar masak sendiri biar ga jajan terus lumayan hemat soalnya
1285;1223;51-100;2353500.0;text;;[];False;False;eca900a7367c8b69;[];gw nonton film dokumenter semalam tentang laut dan ikan, bagus bgt
1286;1223;1-10;2353507.0;text;;[];False;False;eca900a7367c8b69;[];hayuk
1287;1223;1-10;2353516.0;text;;[];False;False;41acf68aa801bbd1;[];woles
1288;1223;1-10;2353518.0;text;;[];False;False;41acf68aa801bbd1;[];gitu
1289;1223;11-50;2353544.0;text;;[];False;False;eca900a7367c8b69;[];playlist lo yg mana sih
1290;1224;51-100;2408784.0;text;;[];True;False;eca900a7367c8b69;[];siapa sih yg spread gosip tu ke grup sebelah, tau ga orangnya?
1291;1224;11-50;2411690.0;text;;[];False;False;edfade69974f97fe;[];Gw kangen masakan rumah.
1292;1224;1-10;2411892.0;text;;['👌🏻'];False;False;eca900a7367c8b69;[];yess
1293;1225;11-50;2417346.0;text;;[];True;False;c9b963274b33b88e;[];makan apa ntar siang?
1294;1225;1-10;2417427.0;text;;[];False;False;b04f4644141f9ef4;[];oii
1295;1225;11-50;2417435.0;text;;[];False;False;c9b963274b33b88e;[];jangan lupa bawa duit cash
1296;1226;11-50;2428033.0;text;;[];False;False;41017f86f64a927e;[];bakso malang ituuuu buka ga ya
1297;1226;11-50;2428047.0;text;;[];False;False;c9b963274b33b88e;[];kopi susu yg biasa ya
1298;1226;11-50;2428057.0;text;;['🤣'];False;False;41017f86f64a927e;[];kopii susu yg biasa ya
1299;1226;11-50;2428064.0;text;;[];False;False;021e7ca3ed092081;[];GW MAU PESEN GOFOOD DULU
1300;1226;1-10;2428069.0;text;;[];True;False;021e7ca3ed092081;[];MASA?
1301;1226;1-10;2428095.0;text;;[];False;False;41017f86f64a927e;[];sip
1302;1226;11-50;2428107.0;text;;[];True;False;021e7ca3ed092081;[];BAWA MOTOR APA NAIK APA?
1303;1226;1-10;2428125.0;text;1302.0;[];False;False;cc1eca4e77e4faa9;[];ayok
1304;1226;11-50;2428127.0;text;;[];False;False;1dc897b84262494d;[];gw lagi diet tapi gagal mulu
1305;1226;11-50;2428137.0;text;;[];False;False;41017f86f64a927e;[];tadi gw makan nasi padang
1306;1226;1-10;2428151.0;text;;[];False;False;021e7ca3ed092081;[];WOY
1307;1226;1-10;2428160.0;text;;[];False;False;cc1eca4e77e4faa9;[];ayok
1308;1226;0;2428167.0;image/jpeg;;[];False;False;021e7ca3ed092081;[];[Foto]
1309;1226;11-50;2428180.0;text;;[];False;False;021e7ca3ed092081;[];GW MAU NYOBA RESTORAN BARU
1310;1226;1-10;2428183.0;text;;[];False;False;1dc897b84262494d;[];sip
1311;1226;1-10;2428195.0;text;;[];False;False;cc1eca4e77e4faa9;[];bro
1312;1226;11-50;2428215.0;text;;[];False;False;021e7ca3ed092081;[];PORSI MAKAN GW NAMBAH TERUS
1313;1226;11-50;2428244.0;text;;[];False;False;1dc897b84262494d;[];sarapan dulu baru mikir
1314;1226;1-10;2428246.0;text;;[];False;False;1dc897b84262494d;[];ayok
1315;1226;1-10;2428248.0;text;;[];False;False;1dc897b84262494d;[];yep
1316;1226;51-100;2428268.0;text;;[];True;False;c9b963274b33b88e;[];ada yang tau kenapa kantin kampus tutup lebih awal hari ini ga... sih?
1317;1226;11-50;2428315.0;text;;['🤣'];False;False;7430439a03fe249a;[];gw lagi diet tapi gagal mulu!!!
1318;1226;1-10;2428563.0;text;;[];True;True;129f9998b9e59b71;[];serius!!!
1319;1226;1-10;2428589.0;image/jpeg;;[];False;False;c9b963274b33b88e;[];[Foto]
1320;1226;11-50;2428597.0;text;;[];False;False;c9b963274b33b88e;[];kopi susu yg biasa ya...
1321;1226;51-100;2428697.0;text;;[];True;False;021e7ca3ed092081;[];ADA YANG TAU KENAPA KANTIN KAMPUS TUTUP LEBIH AWAL HARI INI GA SIH?
1322;1226;1-10;2428707.0;text;;[];False;False;70b7044e6650314d;[];cuy
1323;1226;11-50;2428738.0;text;;[];False;False;021e7ca3ed092081;[];NONGKRONG YUK DI KAFE BIASA
1324;1226;51-100;2428751.0;text;;[];False;False;021e7ca3ed092081;[];GW UDAH DOWNLOAD SEMUA MATERI KULIAH TAPI BELUM SEMPAT BACA SAMA SEKALI
1325;1226;11-50;2428762.0;text;;[];True;False;021e7ca3ed092081;[];UDAH SAMPE BELOM?
1326;1226;1-10;2428766.0;text;;[];False;False;70b7044e6650314d;[];ngab
1327;1226;51-100;2430715.0;text;;[];True;False;b04f4644141f9ef4;[];ad yg tau knp kantin kampus tutpu lebih awal hari ni ga sih?
1328;1226;11-50;2430729.0;text;;[];False;False;c9b963274b33b88e;[];nongkrong yuk di kafe biasa
1329;1226;11-50;2430739.0;text;;[];False;False;c9b963274b33b88e;[];es teh manis satu ya... bang
1330;1227;11-50;2434075.0;text;;[];False;False;a73fab1860225fef;[];konser ituuu mahal banget tiketnyaa
1331;1227;51-100;2434705.0;image/jpeg;;[];True;False;70b7044e6650314d;[];[Foto]
1332;1227;51-100;2435341.0;text;;[];True;False;41017f86f64a927e;[];kira kiraaaa kaloooo gw applyyyy magangg sekarang masihh keburu ga ya?
1333;1227;11-50;2435343.0;text;;[];False;False;41017f86f64a927e;[];albumm baru dia enak bangetttt
1334;1228;101-500;2449190.0;text;;[];True;False;5dae0575118b0daf;[];guys ada yang tau ga sih kenapa sistem registrasi online kampus sering banget error pas masa pengisian KRS? tiap semester selalu gitu bikin stres, mana harus rebutan mata kuliah yang kuotanya dikit banget lagi. apa emang servernya ga kuat ya nampung banyak mahasiswa sekaligus?
1335;1228;11-50;2449218.0;text;;[];False;False;4257d3d838f5bedb;[];KELAS TAMBAHAN HARI SABTU SIH
1336;1228;11-50;2449320.0;text;;[];False;False;1dc897b84262494d;[];proposal skripsi,,, gw ditolak
1337;1228;11-50;2449334.0;text;;[];False;False;41acf68aa801bbd1;[];warteg depan kampus enak
1338;1228;11-50;2449336.0;text;;[];False;False;41acf68aa801bbd1;[];gw baru aja dari kampus
1339;1228;11-50;2449342.0;text;;[];False;False;41acf68aa801bbd1;[];warteg depan kampus enak
1340;1228;11-50;2449352.0;text;;[];False;False;41acf68aa801bbd1;[];warteg depan kampus enak
1341;1228;101-500;2449589.0;text;;[];False;False;27343f8a1c54ae69;[];Gw lagi galau banget nih soal masa depan. mau lanjut S2 tapi duit ga ada, mau langsung kerja tapi pengalaman masih minim. nyokap bilang terserah gw aja tapi gw tau dia pengen gw cepet kerja biar bisa bantu ekonomi keluarga. bingung banget sih, kayak semua pilihan ada plus minusnya.
1342;1228;1-10;2449619.0;text;;[];False;False;41acf68aa801bbd1;[];bole
1343;1228;11-50;2449639.0;text;;[];False;False;edfade69974f97fe;[];Lu udah makan belum.
1344;1228;101-500;2449730.0;text;;[];False;False;27343f8a1c54ae69;[];Gw lagi galau banget nih soal masa depan. mau lanjut S2 tapi duit ga ada, mau langsung kerja tapi pengalaman masih minim. nyokap bilang terserah gw aja tapi gw tau dia pengen gw cepet kerja biar bisa bantu ekonomi keluarga. bingung banget sih, kayak semua pilihan ada plus minusnya.
1345;1228;51-100;2449833.0;text;;[];False;False;edfade69974f97fe;[];Jangan lupa besok kumpul di lobby kampus jam 8 pagi buat berangkat bareng.
1346;1228;51-100;2449946.0;text;;[];False;False;eca900a7367c8b69;[];gw lg mikirin mau ambil magang di perusahaan mana buat semester depan
1347;1228;11-50;2449953.0;text;;[];False;False;eca900a7367c8b69;[];gw mau ambil cuti semester
1348;1229;11-50;2489312.0;text;;[];True;False;eca900a7367c8b69;[];kos lu dmn sih tepatnya?
1349;1229;51-100;2489332.0;text;;[];False;False;eca900a7367c8b69;[];gw pengen bgt liburan ke pantai tp duit lg tipis bgt skrg
1350;1230;11-50;2504151.0;text;;[];True;False;a73fab1860225fef;[];kos lu dimana sih tepatnya?
1351;1230;11-50;2504198.0;text;;[];False;False;eca900a7367c8b69;[];jangan bilang siapa siapa ya
1352;1230;1-10;2504208.0;text;;[];True;False;a73fab1860225fef;[];sampe?
1353;1230;51-100;2504235.0;text;;[];False;False;eca900a7367c8b69;[];gw baru aja dapet kabar kalo temen kita diterima kerja di luar negeri
1354;1230;11-50;2504267.0;text;;[];False;False;a73fab1860225fef;[];eh denger gosip belummmm
1355;1230;11-50;2504278.0;text;;[];True;False;a73fab1860225fef;[];kos lu dimana sih tepatnya?
1356;1230;11-50;2504324.0;text;;[];False;False;301550f41d8e1276;[];jangan bilnag siapa siapa ya
1357;1230;1-10;2504335.0;text;;[];False;False;301550f41d8e1276;[];cpae
1358;1230;51-100;2504360.0;text;;[];False;False;301550f41d8e1276;[];gw baru aja dapet kabar kalo temen kita diterima kerja di lura negeri
1359;1230;11-50;2504403.0;text;;[];False;False;eca900a7367c8b69;[];gw ga percaya sih gosipnya
1360;1230;11-50;2504412.0;text;;[];False;False;eca900a7367c8b69;[];eh denger gosip blm
1361;1230;1-10;2504489.0;text;;[];False;False;a73fab1860225fef;[];hihi
1362;1230;11-50;2504492.0;text;;[];False;False;a73fab1860225fef;[];reuniiii kapan ya kita
1363;1230;1-10;2504496.0;text;;['🥰'];False;False;a73fab1860225fef;[];hihi
1364;1230;11-50;2504634.0;image/jpeg;;[];False;False;a73fab1860225fef;[];[Foto]
1365;1230;11-50;2504637.0;text;;[];False;False;a73fab1860225fef;[];gw berantemmm sama si anu
1366;1230;51-100;2504726.0;text;;[];False;False;a73fab1860225fef;[];wifi kosan gw lemotttt banget jadi gw ke perpusss ajaaaa buattt ngerjainn tugas
1367;1230;11-50;2504729.0;image/jpeg;1350.0;[];False;False;95987c3c9f1f0f13;[];[Foto]
1368;1230;11-50;2504851.0;text;;[];False;False;a73fab1860225fef;[];pacarnyaaaa baruuuu siapaaaa sih
1369;1230;11-50;2504910.0;text;;[];True;False;a73fab1860225fef;[];kosss lu dimana sih tepatnya?
1370;1230;11-50;2505127.0;text;;[];False;False;95987c3c9f1f0f13;[];si tu udah... putus katanya
1371;1230;1-10;2505144.0;text;;['🥺', '🥰'];False;False;a73fab1860225fef;[];ywddd
1372;1230;1-10;2505235.0;text;;['🤗'];False;False;95987c3c9f1f0f13;[];males
1373;1230;11-50;2505326.0;text;;[];False;False;5dae0575118b0daf;[];eh denger gosip belum
1374;1230;1-10;2505335.0;text;;[];False;False;5dae0575118b0daf;[];cape
1375;1231;0;2524785.0;unknown;;[];False;False;2e122f745ec54737;[];[Media tidak dikenal]
1376;1231;11-50;2525517.0;text;;[];False;False;2e122f745ec54737;[];lu dimana sih lamaaaa banget
1377;1231;11-50;2525519.0;text;;[];True;False;2e122f745ec54737;[];adaaa yg mauuuu bareng?
1378;1231;11-50;2525530.0;text;;[];True;False;2e122f745ec54737;[];makann apa ntarrrr siang?
1379;1231;11-50;2525578.0;text;;[];False;False;948923744c5b8bb2;[];gw nyari parkir duluuu bentar
1380;1231;1-10;2525580.0;text;;[];False;False;98abc1a04bfaecc6;[];woi!!!
1381;1231;51-100;2525595.0;text;;[];False;False;98abc1a04bfaecc6;[];temen sekamar gw pindah kosan jadi sekarang gw sendirian di kamar!!
1382;1231;11-50;2525633.0;text;;[];False;False;2e122f745ec54737;[];gw nggaa bisa ikut malem ini
1383;1231;11-50;2525635.0;text;;[];True;False;2e122f745ec54737;[];nilaii keluar kapannn ya?
1384;1231;11-50;2525641.0;text;;[];False;False;2e122f745ec54737;[];gw lagi di warkop nih
1385;1231;1-10;2525645.0;text;;[];True;False;2e122f745ec54737;[];udah?
1386;1231;11-50;2526094.0;text;;[];False;False;948923744c5b8bb2;[];ketemuan di malll jammmm 3 ya
1387;1231;1-10;2526102.0;text;;[];False;False;2e122f745ec54737;[];ooh
1388;1231;11-50;2526112.0;text;;[];False;False;2e122f745ec54737;[];gw lagi di warkop nih
1389;1231;1-10;2526118.0;text;;['😭'];False;False;2e122f745ec54737;[];woi
1390;1231;51-100;2526139.0;text;;[];False;False;2e122f745ec54737;[];kemarinnn malem gw begadang nonton bola sampe subuh terus ketiduran
1391;1231;11-50;2526157.0;text;;[];False;False;2e122f745ec54737;[];gw nyari parkirrrr duluuu bentar
1392;1231;11-50;2526167.0;text;;[];False;False;2e122f745ec54737;[];kitaa ketemuan dimana ajaaaa deh
1393;1231;11-50;2526177.0;text;;[];False;False;2e122f745ec54737;[];gw lagiii di warkop nih
1394;1231;11-50;2526188.0;text;;[];False;False;948923744c5b8bb2;[];lu dimanaa sih lama bangetttt
1395;1231;11-50;2526201.0;text;;[];False;False;2e122f745ec54737;[];kitaaaa ketemuannnn dimana aja deh
1396;1231;11-50;2526204.0;text;;[];False;False;70b7044e6650314d;[];macet parah di jalan tol
1397;1231;1-10;2526582.0;text;;['👍🏼'];False;False;2e122f745ec54737;[];woii
1398;1231;51-100;2526978.0;text;;[];False;False;98abc1a04bfaecc6;[];gw harus nabung lebih banyak sih buat bayar uang semester yang naik!!!
1399;1231;51-100;2527035.0;text;;[];False;False;70b7044e6650314d;[];temen sekamar gw pindah kosan jadi skrg gw sendirian di kamar
1400;1231;11-50;2527043.0;text;;[];False;False;41acf68aa801bbd1;[];jangan lupa bawa duit cash
1401;1231;11-50;2527050.0;text;;[];False;False;41acf68aa801bbd1;[];gw udah di parkiran nih
1402;1231;11-50;2527053.0;text;;[];False;False;41acf68aa801bbd1;[];gw naik ojol aja deh
1403;1231;11-50;2527062.0;text;;[];False;False;41acf68aa801bbd1;[];gw naik ojol aja deh
1404;1231;11-50;2527636.0;text;;[];True;False;631ff720acdd094f;[];makan apa ntar siang?
1405;1231;11-50;2527642.0;text;;[];False;False;631ff720acdd094f;[];bsk sore ada waktu ga
1406;1231;11-50;2527778.0;text;;[];False;False;28f443107967a03d;[];gw ngga bisa ikut malem ini
1407;1231;11-50;2527888.0;text;;[];False;False;631ff720acdd094f;[];kita ketemuan dimana aja deh
1408;1231;11-50;2527898.0;text;;[];False;False;631ff720acdd094f;[];gw lagi di warkop nih
1409;1231;11-50;2528027.0;text;;[];False;False;fe835936853d47da;[];LU DIMANA SIH LAMA BANGET
1410;1231;1-10;2529855.0;text;;[];False;False;edfade69974f97fe;[];Ooh.
1411;1231;0;2529970.0;unknown;;[];False;False;2e122f745ec54737;[];[Media tidak dikenal]
1412;1231;1-10;2529971.0;text;;[];False;False;2e122f745ec54737;[];dehhh
1413;1231;1-10;2529979.0;text;;['😂'];False;False;2e122f745ec54737;[];emm
1414;1231;11-50;2529982.0;text;;[];False;False;2e122f745ec54737;[];gw naik ojoll aja deh
1415;1231;1-10;2530158.0;text;;[];False;False;edfade69974f97fe;[];Wah.
1416;1232;1-10;2583017.0;text;;[];False;False;2e122f745ec54737;[];beteee
1417;1232;11-50;2583023.0;text;;[];True;False;2e122f745ec54737;[];tadi ngomong apaaa sih dosennya?
1418;1232;51-100;2583031.0;text;;[];True;False;2e122f745ec54737;[];kira kira kalo gw applyyy magang sekarangg masih keburu ga ya?
1419;1233;51-100;2604244.0;text;;[];True;False;631ff720acdd094f;[];lu pernah coba belajar bareng di perpus kota ga, enak ga disana?
1420;1233;11-50;2604260.0;text;;[];True;False;631ff720acdd094f;[];pinjam catetan boleh ga?
1421;1233;51-100;2604264.0;text;;[];False;False;631ff720acdd094f;[];hari ini gw ada rapat organisasi sampe sore jadi ga bisa ikut nongkrong
1422;1233;1-10;2605092.0;text;1419.0;[];False;False;da2a3bc612c85c2b;[];males
1423;1233;11-50;2605099.0;text;;[];False;False;da2a3bc612c85c2b;[];temen gw sakit masuk rs
1424;1233;51-100;2605120.0;text;;[];False;False;da2a3bc612c85c2b;[];gw pengen bgt libruan ke pantai tp duit lg tipis bgt skrg
1425;1233;1-10;2605137.0;text;;[];True;False;631ff720acdd094f;[];ready?
1426;1233;51-100;2605139.0;text;;[];False;False;da2a3bc612c85c2b;[];wiif kosan gw lemto bgt jadi gw ke perpus aja buta ngerjain tugas
1427;1233;1-10;2605141.0;text;;[];False;False;631ff720acdd094f;[];males
1428;1233;1-10;2605143.0;text;;[];False;False;da2a3bc612c85c2b;[];males
1429;1233;11-50;2605145.0;text;;[];False;False;da2a3bc612c85c2b;[];temen gw sakit mausk rs
1430;1233;11-50;2605146.0;text;;[];False;False;631ff720acdd094f;[];temen gw sakit masuk RS
1431;1233;11-50;2605147.0;text;;[];False;False;631ff720acdd094f;[];temen gw sakit masuk RS
1432;1233;11-50;2605156.0;text;;[];False;False;631ff720acdd094f;[];gw berantem sama si anu
1433;1233;1-10;2605160.0;text;;[];False;False;da2a3bc612c85c2b;[];cape
1434;1233;51-100;2605188.0;text;;[];False;False;da2a3bc612c85c2b;[];gw pengen bgt liburan ke pantai tp duit lg tipis bgt skrg
1435;1233;0;2605433.0;image/jpeg;;[];False;False;e7d2ce0ba56e7fbb;[];[Foto]
1436;1233;51-100;2605453.0;text;;[];False;False;e7d2ce0ba56e7fbb;[];gw baru aja dapet,,, kabar kalo temen kita,,, diterima kerja di luar,,, negeri
1437;1233;11-50;2605454.0;text;;[];False;False;e7d2ce0ba56e7fbb;[];gw kangen temen temen sma
1438;1233;1-10;2605461.0;text;;['😭'];False;False;e7d2ce0ba56e7fbb;[];dong
1439;1234;101-500;2614018.0;text;;[];True;False;b04f4644141f9ef4;[];guys ad yg tau ga sih knp sistem registrasi online kamups sering bgt error pas maas penigsian krs? tipa semseter selalu giut bikin stres, mana hrs rebutan mata kuliah yg kuotanya dkiit bgt lg. apa emang servernya ga kuat ya nampnug banyak mahasiswa sekaligus?
1440;1234;11-50;2618121.0;text;1419.0;[];False;False;edfade69974f97fe;[];Dompet gw ketinggalan di rumah.
1441;1234;11-50;2618123.0;text;;[];False;False;edfade69974f97fe;[];Gw lagi di atm sebentar.
1442;1235;51-100;2671511.0;image/jpeg;;[];True;False;b04f4644141f9ef4;[];[Foto]
1443;1235;101-500;2694093.0;text;;[];True;False;c9b963274b33b88e;[];menurut kalian kenapa ya generasi kita tuh kayaknya lebih gampang stres dan burnout dibanding generasi orang tua kita dulu? apa karena tekanan sosmed atau emang tuntutan hidup yang makin tinggi ya? gw penasaran aja sih soalnya... temen temen gw banyak yang ngeluh hal yang sama
1444;1235;51-100;2694501.0;text;;[];True;False;70b7044e6650314d;[];siapa sih yg spread gosip tu ke grup sebelah, tau ga orangnya?
1445;1235;11-50;2695076.0;text;;[];False;False;fe835936853d47da;[];ADEK GW MASUK SMA TAHUN INI
1446;1235;1-10;2695085.0;text;;[];False;False;c9b963274b33b88e;[];anjay
1447;1235;11-50;2695096.0;text;;[];False;False;fe835936853d47da;[];GW KANGEN MASAKAN RUMAH
1448;1235;11-50;2695261.0;text;;[];False;False;41acf68aa801bbd1;[];playlist lo yang mana sih
1449;1235;51-100;2695271.0;text;;[];False;False;41acf68aa801bbd1;[];gw nonton film dokumenter semalam tentang laut dan ikan, bagus banget
1450;1235;1-10;2695304.0;text;;[];False;False;70b7044e6650314d;[];woles
1451;1235;51-100;2695658.0;text;;[];True;False;c9b963274b33b88e;[];siapa sih yang spread gosip itu ke grup sebelah, tau ga orangnya?
1452;1235;1-10;2695673.0;text;;[];False;True;41acf68aa801bbd1;[];duh!
1453;1235;1-10;2695682.0;text;;[];False;False;41acf68aa801bbd1;[];woles
1454;1235;11-50;2695684.0;text;;[];False;False;41acf68aa801bbd1;[];gw baru aja ketemu mantan
1455;1235;11-50;2695686.0;text;;[];False;False;41acf68aa801bbd1;[];gw kangen masakan rumah
1456;1235;11-50;2695728.0;text;;[];False;False;41acf68aa801bbd1;[];adek gw masuk sma tahun ini
1457;1235;11-50;2695803.0;text;;[];False;False;c9b963274b33b88e;[];keluarga ngumpul lebaran nanti
1458;1236;11-50;2697427.0;text;;[];True;False;c9b963274b33b88e;[];itu tempatnya jauh ga?
1459;1236;11-50;2698584.0;text;1456.0;['😉'];False;False;28f443107967a03d;[];adek gw masuk SMA tahun ini
1460;1236;11-50;2698797.0;text;;[];False;False;41acf68aa801bbd1;[];duit bulanan belum dikirim
1461;1236;51-100;2699222.0;text;;[];True;False;70b7044e6650314d;[];siapa sih yg spread gosip tu ke grup sebelah, tau ga orangnya?
1462;1236;1-10;2699231.0;text;;[];False;False;41acf68aa801bbd1;[];noted
1463;1236;11-50;2699235.0;text;;[];False;False;41acf68aa801bbd1;[];mama minta gw pulang weekend
1464;1236;11-50;2699238.0;text;;[];False;False;41acf68aa801bbd1;[];nyokap nanya kapan lulus
1465;1236;101-500;2699252.0;text;;[];False;False;41acf68aa801bbd1;[];gw pengen curhat sedikit nih. akhir akhir ini gw ngerasa burnout banget sama rutinitas kuliah yang itu itu aja. bangun pagi, kuliah, tugas, tidur, repeat. kadang gw ngerasa kayak robot yang cuma jalan sesuai program tanpa tau tujuan akhirnya apa. mungkin gw butuh liburan beneran buat refresh otak
1466;1236;11-50;2699267.0;text;;['👍'];False;False;70b7044e6650314d;[];gw lg marathon drakor nih
1467;1236;11-50;2699392.0;text;;[];False;False;95987c3c9f1f0f13;[];duit bulanan blm dikirim
1468;1236;1-10;2699425.0;text;;[];False;False;41acf68aa801bbd1;[];mager
1469;1236;51-100;2700962.0;text;;[];True;False;c9b963274b33b88e;[];siapa sih yang spread gosip... itu ke grup... sebelah,... tau ga orangnya?
1470;1236;11-50;2700981.0;text;;[];False;False;c9b963274b33b88e;[];mama minta gw pulang... weekend
1471;1236;11-50;2701440.0;text;;[];False;False;e7d2ce0ba56e7fbb;[];playlist lo,,, yang mana sih
1472;1236;11-50;2701998.0;text;;[];True;False;70b7044e6650314d;[];siapa aja yg dateng?
1473;1236;0;2702003.0;image/jpeg;;[];False;False;70b7044e6650314d;[];[Foto]
1474;1236;11-50;2702045.0;text;;[];False;False;98abc1a04bfaecc6;[];nyokap nanya kapan lulus!!!
1475;1236;11-50;2702068.0;text;;[];False;False;98abc1a04bfaecc6;[];gw kangen masakan rumah!!!
1476;1236;1-10;2702092.0;text;;['🤦'];False;False;70b7044e6650314d;[];hayuk
1477;1236;1-10;2702094.0;text;;[];False;False;70b7044e6650314d;[];yess
1478;1236;11-50;2702106.0;text;;[];False;False;98abc1a04bfaecc6;[];gw baru aja ketemu mantan!!!
1479;1236;1-10;2702123.0;text;;[];False;False;70b7044e6650314d;[];mager
1480;1237;101-500;2753410.0;text;;[];True;False;631ff720acdd094f;[];eh ada yang punya rekomendasi laptop budget 5 jutaan yang bagus buat kuliah dan ngoding ga? laptop gw yang sekarang udah mulai lemot dan sering ngehang kalo buka banyak tab. pengennya sih yang ringan buat dibawa ke kampus tapi tetep kenceng performanya, ada saran?
1481;1237;51-100;2753427.0;text;;[];False;False;631ff720acdd094f;[];gw udah bikin slides presentasi tapi kayaknya masih kurang bagus deh isinya
1482;1237;51-100;2753440.0;text;;[];False;False;631ff720acdd094f;[];kosan gw bocor lagi pas hujan semalam, kasur gw basah semua parah banget
1483;1237;11-50;2754410.0;text;;[];False;False;b04f4644141f9ef4;[];tugas kelompok bikin pusing
1484;1237;1-10;2754710.0;text;;[];False;False;631ff720acdd094f;[];sabi
1485;1237;11-50;2754710.0;text;;[];False;False;631ff720acdd094f;[];gw mau ambil cuti semester
1486;1237;11-50;2754721.0;text;;[];False;False;631ff720acdd094f;[];dosen pembimbing susah ditemui
1487;1237;0;2754747.0;image/jpeg;;[];False;False;631ff720acdd094f;[];[Foto]
1488;1237;11-50;2754778.0;text;;[];False;False;631ff720acdd094f;[];gw baru aja dari kampus
1489;1237;11-50;2754818.0;text;;[];True;False;98abc1a04bfaecc6;[];gimana kabar lu sekarang!!
1490;1237;11-50;2754828.0;text;;[];False;False;98abc1a04bfaecc6;[];sidang minggu depan doain ya!!
1491;1237;1-10;2754934.0;text;;[];False;False;da2a3bc612c85c2b;[];hmm
1492;1237;11-50;2755008.0;text;;[];False;False;98abc1a04bfaecc6;[];proposal skripsi gw ditolak!!!
1493;1237;11-50;2755018.0;text;;['🤷🏻\u200d♂'];False;False;98abc1a04bfaecc6;[];kelas tambahan hari sabtu sih!!!
1494;1237;1-10;2755260.0;text;;[];False;False;631ff720acdd094f;[];nih
1495;1237;51-100;2755267.0;text;;[];False;False;631ff720acdd094f;[];jangan lupa besok kumpul di lobby kampus jam 8 pagi buat berangkat bareng
1496;1237;11-50;2755269.0;text;;[];False;False;631ff720acdd094f;[];tugas kelompok bikin pusing
1497;1237;51-100;2755407.0;text;;[];False;False;98abc1a04bfaecc6;[];kosan gw bocor lagi pas hujan semalam, kasur gw basah semua parah banget!!
1498;1237;1-10;2755418.0;text;;[];False;False;631ff720acdd094f;[];nih
1499;1237;51-100;2755418.0;text;;[];False;False;631ff720acdd094f;[];gw udah bikin slides presentasi tapi kayaknya masih kurang bagus deh isinya
1500;1237;11-50;2755539.0;text;;[];False;False;70b7044e6650314d;[];gw mau ambil cuti semester
1501;1237;11-50;2755540.0;text;;[];False;False;70b7044e6650314d;[];tugas kelompok bikin pusing
1502;1237;0;2755704.0;audio;;[];False;False;41acf68aa801bbd1;[];[Voice Note]
1503;1237;11-50;2755733.0;text;;[];False;False;631ff720acdd094f;[];dosen pembimbing susah ditemui
1504;1237;11-50;2755733.0;text;;[];False;False;631ff720acdd094f;[];gw laper banget nih
1505;1237;1-10;2755738.0;text;;[];True;False;631ff720acdd094f;[];dimana?
1506;1237;1-10;2755795.0;text;;[];False;False;41acf68aa801bbd1;[];hmm
1507;1237;11-50;2755804.0;text;;[];False;False;41acf68aa801bbd1;[];kelas tambahan hari sabtu sih
1508;1237;51-100;2755828.0;text;;[];False;False;41acf68aa801bbd1;[];gw lagi mikirin mau ambil magang di perusahaan mana buat semester depan
1509;1237;11-50;2755831.0;text;;[];False;False;41acf68aa801bbd1;[];lu udah makan belum
1510;1237;11-50;2756000.0;text;;[];True;False;c9b963274b33b88e;[];boleh gw ikut ga?
1511;1237;1-10;2756058.0;text;;[];False;False;70b7044e6650314d;[];asli
1512;1237;11-50;2756078.0;text;;[];True;False;eca900a7367c8b69;[];boleh gw ikut ga?
1513;1237;11-50;2756084.0;text;;[];True;False;c9b963274b33b88e;[];ntar malem ngapain?...
1514;1237;11-50;2756100.0;text;;[];False;False;7430439a03fe249a;[];tugas kelompok bikin pusing!!!
1515;1237;1-10;2756117.0;text;;[];False;False;c9b963274b33b88e;[];aman
1516;1237;11-50;2756138.0;text;;[];True;False;c9b963274b33b88e;[];ada yang punya... catetan?
1517;1237;11-50;2756174.0;text;;[];False;False;28f443107967a03d;[];gw baru aja dari... kampus
1518;1237;51-100;2756197.0;text;;[];False;False;28f443107967a03d;[];jangan lupa besok... kumpul di lobby kampus jam 8 pagi buat berangkat bareng
1519;1237;1-10;2756202.0;text;;[];False;False;28f443107967a03d;[];aman
1520;1237;51-100;2756202.0;text;;[];False;False;631ff720acdd094f;[];kemarin gw ke toko buku beli novel baru sama buku referensi buat skripsi
1521;1237;1-10;2756210.0;text;;[];False;False;631ff720acdd094f;[];aman
1522;1237;1-10;2756214.0;text;;[];False;False;631ff720acdd094f;[];asli
1523;1237;11-50;2756225.0;text;;[];False;False;631ff720acdd094f;[];gw baru aja dari kampus
1524;1237;11-50;2756238.0;text;;[];False;False;28f443107967a03d;[];kelas tambahan hari sabtu sih
1525;1238;101-500;2759849.0;text;;[];True;False;c9b963274b33b88e;[];eh ada yang punya rekomendasi laptop budget 5 jutaan yang bagus buat kuliah dan ngoding ga?... laptop gw yang sekarang... udah mulai lemot dan sering ngehang kalo buka banyak tab. pengennya sih yang ringan buat dibawa ke kampus tapi... tetep... kenceng performanya, ada saran?
1526;1238;11-50;2759938.0;text;;[];False;False;41acf68aa801bbd1;[];charger hp gw rusak lagi
1527;1238;11-50;2759949.0;text;;[];False;False;41acf68aa801bbd1;[];hujan deres ga bawa payung
1528;1238;11-50;2759950.0;text;;[];False;False;41acf68aa801bbd1;[];bentar ya gw lg di jalan
1529;1238;11-50;2759983.0;text;;[];False;False;c9b963274b33b88e;[];gw mau tidur dulu ya
1530;1238;101-500;2760538.0;text;;[];True;False;b04f4644141f9ef4;[];guys ad yg tau ga sih knp sistem registrasi online kampus sering bgt error pas msaa pengisian krs? taip semester selalu gitu bikni stres, mana hrs rebutan mata kuliah yg kuotanya dikit bgt lg. apa emang servernya ga kuat ya nampung banyak mahasiswa sekaligus?
1531;1238;1-10;2760611.0;text;;[];False;False;e7d2ce0ba56e7fbb;[];gassss
1532;1238;101-500;2770083.0;text;;[];True;False;c9b963274b33b88e;[];eh ada yang punya rekomendasi laptop... budget 5 jutaan yang bagus buat kuliah dan ngoding... ga? laptop gw yang sekarang udah mulai lemot dan... sering ngehang kalo buka banyak tab. pengennya sih yang ringan buat dibawa ke kampus tapi tetep kenceng performanya,... ada saran?
1533;1239;0;2840499.0;image/jpeg;;[];False;False;6d5d9b1deed1bdd2;[];[Foto]
1534;1239;51-100;2845218.0;text;;[];True;False;b04f4644141f9ef4;[];gmn caranya bair bs fokus belajar tanpa mani hp terus ya?
1535;1239;51-100;2846350.0;text;;[];False;False;fe835936853d47da;[];GW LAGI NYOBA MASAK RENDANG RESEP NYOKAP TAPI KAYAKNYA GAGAL TOTAL DEH
1536;1239;11-50;2846362.0;text;;['😅'];False;False;fe835936853d47da;[];GW NAIK OJOL AJA DEH
1537;1239;51-100;2847016.0;text;;[];True;False;631ff720acdd094f;[];gimana caranya biar bisa fokus belajar tanpa main hp terus ya?
1538;1239;51-100;2847039.0;text;;[];False;False;631ff720acdd094f;[];gw harus nabung lebih banyak sih buat bayar uang semester yang naik
1539;1239;51-100;2847078.0;text;;[];False;False;41acf68aa801bbd1;[];motor gw mogok di tengah jalan tadi pagi jadi gw telat masuk kelas
1540;1239;11-50;2847080.0;text;;[];False;False;41acf68aa801bbd1;[];bsk sore ada waktu ga
1541;1239;11-50;2847473.0;text;;[];False;False;631ff720acdd094f;[];jangan lupa bawa duit cash
1542;1239;51-100;2847532.0;image/jpeg;;[];True;False;70b7044e6650314d;[];[Foto]
1543;1239;0;2847538.0;image/jpeg;;[];False;False;70b7044e6650314d;[];[Foto]
1544;1239;11-50;2847591.0;text;;[];False;False;631ff720acdd094f;[];gw udah di parkiran nih
1545;1239;11-50;2847611.0;text;;[];False;False;70b7044e6650314d;[];gw udah di parkiran nih
1546;1239;1-10;2847664.0;text;;[];False;False;70b7044e6650314d;[];emm
1547;1239;1-10;2847667.0;text;;[];False;True;70b7044e6650314d;[];aduh!
1548;1239;1-10;2847726.0;text;;[];False;False;631ff720acdd094f;[];oii
1549;1239;1-10;2847731.0;text;;[];False;False;631ff720acdd094f;[];kan
1550;1239;51-100;2848060.0;image/jpeg;;[];True;False;301550f41d8e1276;[];[Foto]
1551;1240;11-50;2849079.0;text;1550.0;[];True;False;301550f41d8e1276;[];ad yg mau bareng?
1552;1240;11-50;2849234.0;text;;[];False;False;301550f41d8e1276;[];macet paarh di jalan tol
1553;1240;51-100;2852715.0;image/jpeg;;[];True;False;70b7044e6650314d;[];[Foto]
1554;1241;11-50;2856609.0;text;;[];False;False;1dc897b84262494d;[];gw mau ambil cuti,,, semester
1555;1241;11-50;2856646.0;text;;[];False;False;1dc897b84262494d;[];tugas kelompok bikin pusing,,,
1556;1241;11-50;2856667.0;text;;['🤦'];False;False;70b7044e6650314d;[];tugas kelompok bikin pusing
1557;1241;1-10;2856999.0;text;;['👍'];False;False;70b7044e6650314d;[];tuh
1558;1241;1-10;2857005.0;text;;[];False;True;70b7044e6650314d;[];mantap!
1559;1241;11-50;2857049.0;text;;[];True;False;70b7044e6650314d;[];gmn kabar lu skrg?
1560;1241;11-50;2857059.0;text;;[];False;False;70b7044e6650314d;[];kelas tambahan hari sabtu sih
1561;1241;51-100;2857076.0;text;;[];False;False;70b7044e6650314d;[];gw lg mikirin mau ambil magang di perusahaan mana buat semester depan
1562;1241;51-100;2857590.0;text;;[];False;False;98abc1a04bfaecc6;[];gw udah bikin slides presentasi tapi kayaknya masih kurang bagus deh isinya!!!
1563;1241;11-50;2857600.0;text;;[];False;False;98abc1a04bfaecc6;[];tugas kelompok bikin pusing!!
1564;1241;51-100;2858322.0;image/jpeg;;[];False;False;b239213ce3a4b0bd;[];[Foto]
1565;1241;11-50;2858327.0;text;;[];True;False;b239213ce3a4b0bd;[];gmn kabar lu skrg?
1566;1242;51-100;2861991.0;text;;['👍'];False;False;70b7044e6650314d;[];gw lg bingung milih topik skripsi antara dua tema yg sm menariknya
1567;1242;51-100;2862031.0;text;;[];False;False;70b7044e6650314d;[];gw lg bingung milih topik skripsi antara dua tema yg sm menariknya
1568;1243;11-50;2864939.0;text;;[];True;False;5dae0575118b0daf;[];jadwal sidang kapan bro?
1569;1243;1-10;2866543.0;text;;[];False;False;0d3a2da4a66a885c;[];ywdd
1570;1244;1-10;2929804.0;text;;[];False;False;a74f175aae33af91;[];Gabut.
1571;1244;1-10;2940880.0;text;;[];True;False;5dae0575118b0daf;[];bisa?
1572;1244;11-50;2940888.0;text;;[];False;False;5dae0575118b0daf;[];gw kangen temen temen SMA
1573;1244;1-10;2942439.0;text;;[];False;False;a74f175aae33af91;[];Hihi.
1574;1244;1-10;2942499.0;text;;[];False;False;0d3a2da4a66a885c;[];gabut
1575;1245;1-10;2949550.0;text;;[];True;False;2e122f745ec54737;[];sampe?
1576;1245;11-50;2949552.0;text;;[];False;False;2e122f745ec54737;[];gw ga percaya sih gosipnyaaa
1577;1245;11-50;2949557.0;text;;[];False;False;2e122f745ec54737;[];gw ga percaya sih gosipnya
1578;1245;11-50;2949587.0;text;;[];True;False;2e122f745ec54737;[];pinjammm catetan bolehhh ga?
1579;1245;11-50;2949597.0;text;;[];False;False;2e122f745ec54737;[];diem diemmmm ternyataaaa jadian
1580;1246;11-50;2954966.0;text;;[];False;False;70b7044e6650314d;[];dosen pembimbing susah ditemui
1581;1246;11-50;2954966.0;text;;[];False;False;70b7044e6650314d;[];gw mau ambil cuti semester
1582;1246;51-100;2954980.0;text;;[];False;False;70b7044e6650314d;[];kosan gw bocor lg pas hujan semalam, kasur gw basah smua parah bgt
1583;1246;51-100;2954998.0;text;;[];True;False;70b7044e6650314d;[];menurut lu gw hrs ambil mata kuliah pilihan yg mana semester depan?
1584;1246;11-50;2955010.0;text;;[];False;False;70b7044e6650314d;[];gw mau ambil cuti semester
1585;1246;11-50;2955032.0;text;;[];True;False;70b7044e6650314d;[];ad yg pny catetan?
1586;1247;11-50;2960693.0;text;;[];False;False;eb0f8f13d8134049;[];eh denger gosip belum
1587;1247;11-50;2960736.0;text;;[];False;False;eb0f8f13d8134049;[];gw ga percaya... sih gosipnya...
1588;1247;51-100;2960763.0;text;;[];False;False;70b7044e6650314d;[];hari ni gw ad rapat organisasi sampe sore jadi ga bs ikut nongkrong
1589;1247;51-100;2960817.0;text;;[];False;False;70b7044e6650314d;[];hari ni gw ad rapat organisasi sampe sore jadi ga bs ikut nongkrong
1590;1247;11-50;2960823.0;text;;[];False;False;70b7044e6650314d;[];gw berantem sm si anu
1591;1248;11-50;2963625.0;text;;[];False;False;eb0f8f13d8134049;[];ntar gw kabarin lagi deh
1592;1248;51-100;2964374.0;text;;[];True;False;481489378063ffed;[];ada yang mau patungan buat beli kado ulang tahun si anu ga?
1593;1249;11-50;2976567.0;text;;[];False;False;301550f41d8e1276;[];temenin gw dong besok
1594;1249;11-50;2976580.0;text;;[];False;False;301550f41d8e1276;[];gw kangen temen temne sma
1595;1250;51-100;3012043.0;text;;[];False;False;70b7044e6650314d;[];laptop gw mulai lemot nih kayaknya hrs install ulang atau ganti ram
1596;1250;51-100;3012059.0;text;;[];True;False;70b7044e6650314d;[];knp ya akhir akhir ni gw susah bgt tidur padahal capek?
1597;1250;11-50;3012099.0;text;;[];False;False;70b7044e6650314d;[];baru bangun nih msh ngantuk
1598;1250;11-50;3012598.0;text;;[];False;False;70b7044e6650314d;[];baru bangun nih msh ngantuk
1599;1251;101-500;3015545.0;text;;[];True;False;e3e22dc73269635e;[];eh ad yg pny rekomendasi laptop budget 5 juatan yg bagus buat kuliha dan ngoding ga? laptop gw yg skrg udah mulai lemot dan sering ngehang kalo buka banyak tab. pengennya sih yg ringan buat dibawa ke kampus tp tteep kenceng performanya, ad saran?
1600;1251;11-50;3015574.0;text;;[];False;False;70b7044e6650314d;[];gw lg di atm btr
1601;1251;51-100;3015582.0;text;;[];False;False;e3e22dc73269635e;[];duit jajan gw abis padahal baru tanggal 15 hrs ngirit bgt nih
1602;1251;11-50;3015586.0;text;;[];False;False;41acf68aa801bbd1;[];internet mati lagi di kosan
1603;1251;1-10;3015664.0;text;;['❤️'];False;False;e3e22dc73269635e;[];hem
1604;1252;101-500;3021893.0;text;;[];False;False;cfa4332fcc87fa99;[];jadi ceritanya kemarin gw ke perpustakaan pusat buat,,, nyari bahan referensi skripsi,,,, ternyata bukunya udah dipinjem,,, semua sama anak angkatan,,, sebelah. akhirnya gw cuma bisa fotokopi dari temen yang kebetulan punya. lumayan lah daripada ga dapet sama sekali, tinggal di,,, rangkum aja,,, sisanya
1605;1252;11-50;3021897.0;text;;[];False;False;cfa4332fcc87fa99;[];presentasi gw,,, amburadul
1606;1252;11-50;3021898.0;text;;[];True;False;cfa4332fcc87fa99;[];tugas dikumpul kapan sih?
1607;1253;51-100;3041202.0;text;;[];True;False;5dae0575118b0daf;[];lu pernah coba belajar bareng di perpus kota ga, enak ga disana?
1608;1253;51-100;3041800.0;text;;[];True;False;70b7044e6650314d;[];lu prnh coba belajar bareng di perpus kota ga, enak ga disana?
1609;1253;11-50;3041811.0;text;;[];False;False;70b7044e6650314d;[];temenin gw dong besok
1610;1254;51-100;3047267.0;text;;[];True;False;c9b963274b33b88e;[];gimana sih caranya bikin proposal penelitian yang bagus menurut dosen?...
1611;1254;11-50;3047302.0;text;;[];False;False;70b7044e6650314d;[];lu tim mana dukungnya
1612;1254;11-50;3047312.0;text;;[];False;False;c9b963274b33b88e;[];internet mati lagi di kosan
1613;1254;11-50;3047329.0;text;;[];False;True;70b7044e6650314d;[];sumpah tu lucu parah!
1614;1254;11-50;3047342.0;text;;[];False;False;c9b963274b33b88e;[];charger hp gw rusak lagi
1615;1254;101-500;3047385.0;text;;[];False;False;c9b963274b33b88e;[];rencana liburan semester... ini gw mau road trip sama temen temen ke Jogja. kita udah patungan buat sewa mobil dan... booking penginapan murah di daerah Malioboro. itinerary nya udah gw... bikin detail dari hari pertama sampe hari ketiga. tinggal eksekusi aja nih semoga cuaca mendukung dan ga ada halangan
1616;1254;11-50;3047388.0;text;;[];False;False;70b7044e6650314d;[];gw lg di atm btr
1617;1254;1-10;3047399.0;text;;[];False;False;c9b963274b33b88e;[];gassss
1618;1255;11-50;3065179.0;text;;[];False;False;d9dfce195e2645dd;[];gw skipppp kelas hari ini
1619;1255;11-50;3065187.0;text;;[];True;False;d9dfce195e2645dd;[];lu dimanaaa sekarang?
1620;1255;51-100;3065206.0;text;;['😅'];False;False;d9dfce195e2645dd;[];gw baruuu aja selesai ngerjainnn tugass sampeeee jammmm 3 pagi, mau matii rasanya
1621;1256;11-50;3099188.0;text;;[];False;False;c9b963274b33b88e;[];futsal besok jadi ga
1622;1256;51-100;3101962.0;text;;[];True;False;631ff720acdd094f;[];kira kira kalo gw apply magang sekarang masih keburu ga ya?
1623;1256;51-100;3102585.0;text;;[];False;False;b04f4644141f9ef4;[];dsoen killer tu ternyata baik bgt ornagnya kalo daijak ngobrol santai
1624;1257;51-100;3117660.0;text;;[];False;False;301550f41d8e1276;[];tadi pagi gw olahraga lari keliling kapmus 5 puatran badan pegle smua
1625;1257;11-50;3117685.0;text;;[];False;False;631ff720acdd094f;[];gw kangen masakan rumah
1626;1257;51-100;3117702.0;text;;[];False;False;301550f41d8e1276;[];beosk ad bazaar di kapmus katanya banyak mkaanan mruah, pada ikut ga
1627;1257;11-50;3117709.0;text;;[];False;False;301550f41d8e1276;[];nyokap nanya kapna lulus
1628;1257;101-500;3117829.0;image/jpeg;;[];True;False;021e7ca3ed092081;[];[Foto]
1629;1257;51-100;3117884.0;text;;[];False;False;301550f41d8e1276;[];besok ad bazaar di kampus katanya banyak makanan murah, pdaa iktu ga
1630;1257;11-50;3117887.0;text;;[];False;False;301550f41d8e1276;[];duti bulanan blm dikirim
1631;1257;11-50;3117902.0;text;;[];False;False;301550f41d8e1276;[];film baur di bioskop baugs ga
1632;1257;11-50;3117948.0;text;;[];True;False;021e7ca3ed092081;[];ITU TEMPATNYA JAUH GA?
1633;1257;101-500;3117949.0;text;;[];True;False;021e7ca3ed092081;[];GUYS ADA YANG TAU GA SIH KENAPA SISTEM REGISTRASI ONLINE KAMPUS SERING BANGET ERROR PAS MASA PENGISIAN KRS? TIAP SEMESTER SELALU GITU BIKIN STRES, MANA HARUS REBUTAN MATA KULIAH YANG KUOTANYA DIKIT BANGET LAGI. APA EMANG SERVERNYA GA KUAT YA NAMPUNG BANYAK MAHASISWA SEKALIGUS?
1634;1257;1-10;3117958.0;text;;[];False;False;301550f41d8e1276;[];pasti
1635;1257;1-10;3117968.0;text;;[];False;False;021e7ca3ed092081;[];WOLES
1636;1257;1-10;3117976.0;text;;[];False;False;021e7ca3ed092081;[];ANJAY
1637;1258;101-500;3123934.0;text;;[];True;False;021e7ca3ed092081;[];GUYS ADA YANG TAU GA SIH KENAPA SISTEM REGISTRASI ONLINE KAMPUS SERING BANGET ERROR PAS MASA PENGISIAN KRS? TIAP SEMESTER SELALU GITU BIKIN STRES, MANA HARUS REBUTAN MATA KULIAH YANG KUOTANYA DIKIT BANGET LAGI. APA EMANG SERVERNYA GA KUAT YA NAMPUNG BANYAK MAHASISWA SEKALIGUS?
1638;1258;11-50;3123961.0;text;;[];False;False;e7d2ce0ba56e7fbb;[];reuni kapan ya kita,,,
1639;1258;51-100;3123962.0;text;;[];False;False;021e7ca3ed092081;[];GW PENGEN BANGET LIBURAN KE PANTAI TAPI DUIT LAGI TIPIS BANGET SEKARANG
1640;1258;1-10;3123970.0;text;;[];False;False;021e7ca3ed092081;[];WKWKW
1641;1258;1-10;3123973.0;text;;[];False;False;021e7ca3ed092081;[];YWD
1642;1258;1-10;3123979.0;text;;[];False;False;021e7ca3ed092081;[];HIHI
1643;1258;11-50;3123983.0;text;;[];False;False;021e7ca3ed092081;[];GW GA PERCAYA SIH GOSIPNYA
1644;1258;1-10;3123983.0;text;;[];False;False;e7d2ce0ba56e7fbb;[];hihi
1645;1258;11-50;3123985.0;text;;[];False;False;e7d2ce0ba56e7fbb;[];si itu,,, udah putus katanya
1646;1258;11-50;3124003.0;text;;[];False;False;e7d2ce0ba56e7fbb;[];jangan bilang,,, siapa siapa,,, ya
1647;1258;11-50;3124007.0;text;;[];False;False;e7d2ce0ba56e7fbb;[];temen gw sakit masuk,,, rs
1648;1258;11-50;3124017.0;text;;[];False;False;e7d2ce0ba56e7fbb;[];si itu udah,,, putus katanya
1649;1258;11-50;3124025.0;text;;[];False;False;e7d2ce0ba56e7fbb;[];temen gw sakit,,, masuk rs
1650;1258;51-100;3124039.0;text;;[];False;False;021e7ca3ed092081;[];WIFI KOSAN GW LEMOT BANGET JADI GW KE PERPUS AJA BUAT NGERJAIN TUGAS
1651;1258;51-100;3124061.0;text;;[];False;False;021e7ca3ed092081;[];GW BARU AJA DAPET KABAR KALO TEMEN KITA DITERIMA KERJA DI LUAR NEGERI
1652;1258;51-100;3124087.0;text;;[];False;False;e7d2ce0ba56e7fbb;[];wifi kosan gw lemot,,, banget jadi,,, gw ke perpus aja buat ngerjain tugas
1653;1258;11-50;3124102.0;text;;[];False;False;e7d2ce0ba56e7fbb;[];temen gw sakit masuk,,, rs
1654;1258;1-10;3124109.0;text;;[];False;False;e7d2ce0ba56e7fbb;[];hihi
1655;1258;101-500;3124110.0;text;;[];True;False;021e7ca3ed092081;[];MENURUT KALIAN KENAPA YA GENERASI KITA TUH KAYAKNYA LEBIH GAMPANG STRES DAN BURNOUT DIBANDING GENERASI ORANG TUA KITA DULU? APA KARENA TEKANAN SOSMED ATAU EMANG TUNTUTAN HIDUP YANG MAKIN TINGGI YA? GW PENASARAN AJA SIH SOALNYA TEMEN TEMEN GW BANYAK YANG NGELUH HAL YANG SAMA
1656;1258;1-10;3124125.0;text;;[];False;False;e7d2ce0ba56e7fbb;[];males
1657;1258;1-10;3124128.0;text;;[];False;False;e7d2ce0ba56e7fbb;[];males
1658;1258;11-50;3124129.0;text;;[];False;False;e7d2ce0ba56e7fbb;[];gw ga percaya,,, sih gosipnya
1659;1258;11-50;3124132.0;text;;[];False;False;e7d2ce0ba56e7fbb;[];si itu udah,,, putus,,, katanya
1660;1258;1-10;3124135.0;text;;[];False;False;e7d2ce0ba56e7fbb;[];males
1661;1258;1-10;3124140.0;text;;[];False;False;e7d2ce0ba56e7fbb;[];gabut
1662;1258;11-50;3124147.0;text;;[];False;False;e7d2ce0ba56e7fbb;[];gw ga percaya sih gosipnya
1663;1258;11-50;3124151.0;text;;[];False;False;e7d2ce0ba56e7fbb;[];temen gw sakit masuk rs
1664;1258;11-50;3124161.0;text;;[];False;False;e7d2ce0ba56e7fbb;[];jangan bilang siapa siapa,,, ya
1665;1258;11-50;3124166.0;text;;[];False;False;e7d2ce0ba56e7fbb;[];temenin gw dong besok
1666;1258;51-100;3124173.0;text;;[];False;False;e7d2ce0ba56e7fbb;[];wifi kosan,,, gw lemot banget jadi,,, gw ke perpus,,, aja,,, buat ngerjain,,, tugas
1667;1258;11-50;3124176.0;text;;[];False;False;e7d2ce0ba56e7fbb;[];temenin gw dong besok
1668;1258;1-10;3124185.0;text;;[];False;False;e7d2ce0ba56e7fbb;[];wkwkw
1669;1258;11-50;3124187.0;text;;[];False;False;e7d2ce0ba56e7fbb;[];angkot ke sana masih,,, ada ga
1670;1258;1-10;3124194.0;text;;['🤭'];False;False;e7d2ce0ba56e7fbb;[];wkwkw
1671;1258;101-500;3124330.0;text;;[];False;False;021e7ca3ed092081;[];HARI INI GW ISENG NYOBA BIKIN KOPI PAKE METODE V60 YANG LAGI HYPE DI KALANGAN ANAK ANAK KAMPUS. BELI ALATNYA LUMAYAN MAHAL SIH TAPI HASILNYA EMANG BEDA DARI KOPI SACHET BIASA. KOPINYA LEBIH SMOOTH DAN GA TERLALU PAHIT. KAYAKNYA GW BAKAL KETAGIHAN NIH BIKIN KOPI SENDIRI TIAP PAGI SEBELUM KE KAMPUS
1672;1258;11-50;3124343.0;text;;[];False;False;021e7ca3ed092081;[];PACARNYA BARU SIAPA SIH
1673;1258;51-100;3124360.0;text;;[];False;False;021e7ca3ed092081;[];GW BARU AJA DAPET KABAR KALO TEMEN KITA DITERIMA KERJA DI LUAR NEGERI
1674;1258;11-50;3126235.0;text;;[];False;False;28f443107967a03d;[];angkot ke sana masih ada ga
1675;1258;101-500;3126523.0;text;;[];True;False;021e7ca3ed092081;[];GUYS ADA YANG TAU GA SIH KENAPA SISTEM REGISTRASI ONLINE KAMPUS SERING BANGET ERROR PAS MASA PENGISIAN KRS? TIAP SEMESTER SELALU GITU BIKIN STRES, MANA HARUS REBUTAN MATA KULIAH YANG KUOTANYA DIKIT BANGET LAGI. APA EMANG SERVERNYA GA KUAT YA NAMPUNG BANYAK MAHASISWA SEKALIGUS?
1676;1258;1-10;3126554.0;text;;[];False;False;631ff720acdd094f;[];gabut
1677;1258;11-50;3126559.0;text;;[];False;False;631ff720acdd094f;[];angkot ke sana masih ada ga
1678;1258;11-50;3126595.0;text;;[];False;False;021e7ca3ed092081;[];TEMENIN GW DONG BESOK
1679;1258;1-10;3126599.0;text;;[];True;False;021e7ca3ed092081;[];SAMPE?
1680;1258;1-10;3126609.0;text;;[];False;False;631ff720acdd094f;[];gabut
1681;1258;1-10;3126611.0;text;;[];False;False;021e7ca3ed092081;[];CAPE
1682;1259;101-500;3130213.0;text;;[];True;False;70b3e0dce59d76a5;[];GW LAGI BIMBANG NIH ANTARA MAU IKUT ORGANISASI KAMPUS ATAU FOKUS KE AKADEMIK AJA. MENURUT KALIAN GIMANA SIH, WORTH IT GA SIH IKUT ORGANISASI? SOALNYA GW DENGER BANYAK YANG BILANG BISA NAMBAH SOFT SKILL TAPI DI SISI LAIN WAKTU BUAT BELAJAR JADI BERKURANG KAN, GIMANA PENGALAMAN KALIAN?
1683;1259;11-50;3133119.0;text;;[];False;False;301550f41d8e1276;[];kakka gw baru aja nikah
1684;1259;51-100;3133127.0;text;;[];False;False;301550f41d8e1276;[];besok ad bazaar di kmapus katanya banyak makanan murah, pada ikut ga
1685;1260;1-10;3150624.0;text;;[];False;False;e7d2ce0ba56e7fbb;[];sama
1686;1260;11-50;3150625.0;text;;[];False;False;e7d2ce0ba56e7fbb;[];gw kangen temen temen sma
1687;1260;11-50;3150625.0;text;;[];False;False;e7d2ce0ba56e7fbb;[];jangan bilang siapa siapa ya
1688;1260;11-50;3150625.0;text;;[];False;False;e7d2ce0ba56e7fbb;[];gw kangen temen temen sma
1689;1260;1-10;3150629.0;text;;['👉🏻', '👈🏻'];False;False;e7d2ce0ba56e7fbb;[];udah
1690;1260;1-10;3150630.0;text;;[];False;False;e7d2ce0ba56e7fbb;[];cape
1691;1260;51-100;3150632.0;text;;[];False;False;e7d2ce0ba56e7fbb;[];gw pengen banget liburan ke pantai tapi duit lagi tipis banget sekarang,,,
1692;1260;51-100;3150632.0;text;;[];True;False;e7d2ce0ba56e7fbb;[];lu pernah coba belajar bareng di,,, perpus kota ga, enak,,, ga disana?
1693;1260;11-50;3150767.0;text;;[];False;False;301550f41d8e1276;[];jangan bilang siapa siapa ya
1694;1260;11-50;3150774.0;text;;[];False;False;301550f41d8e1276;[];temenin gw dong besko
1695;1260;1-10;3150782.0;text;;[];False;False;e7d2ce0ba56e7fbb;[];ywd
1696;1260;11-50;3150783.0;text;;[];False;False;301550f41d8e1276;[];si tu udah putus katanya
1697;1260;11-50;3150784.0;text;;[];False;False;e7d2ce0ba56e7fbb;[];diem diem ternyata,,, jadian
1698;1260;11-50;3150793.0;text;;[];False;False;301550f41d8e1276;[];angkot ke sana msh ad ga
1699;1260;11-50;3150815.0;text;;[];False;False;301550f41d8e1276;[];reuin kapan ya kiat
1700;1260;11-50;3150824.0;text;;[];False;False;301550f41d8e1276;[];angkot ke sana msh ad ga
1701;1260;11-50;3150846.0;text;;[];False;False;301550f41d8e1276;[];jangan bilang siapa siapa ya
1702;1260;11-50;3150863.0;text;;[];False;False;301550f41d8e1276;[];si tu udah putus katanya
1703;1260;51-100;3150864.0;text;;[];False;False;e7d2ce0ba56e7fbb;[];hari ini gw ada rapat organisasi sampe sore jadi ga bisa ikut nongkrong
1704;1260;11-50;3150876.0;text;;[];False;False;301550f41d8e1276;[];reuni kapan ya ktia
1705;1260;11-50;3150879.0;text;;[];True;False;e7d2ce0ba56e7fbb;[];kos lu dimana sih tepatnya?
1706;1260;1-10;3150892.0;text;;[];True;False;e7d2ce0ba56e7fbb;[];ready?
1707;1260;1-10;3150895.0;text;;[];False;False;301550f41d8e1276;[];males
1708;1260;11-50;3150924.0;text;;[];False;False;301550f41d8e1276;[];si tu udah ptuus katanya
1709;1260;51-100;3150935.0;text;;[];True;False;e7d2ce0ba56e7fbb;[];lu pernah coba belajar bareng di perpus kota ga, enak ga disana?,,,
1710;1260;51-100;3150951.0;text;;[];False;False;301550f41d8e1276;[];lu hrs coba keadi kopi baru di jalan belakang kampus, enak bgt
1711;1260;1-10;3150951.0;text;;[];False;False;e7d2ce0ba56e7fbb;[];sama
1712;1260;11-50;3150955.0;text;;[];False;False;e7d2ce0ba56e7fbb;[];gw kangen temen temen sma
1713;1260;11-50;3150963.0;text;;[];False;False;301550f41d8e1276;[];reuni kapan ya ktia
1714;1260;11-50;3150967.0;text;;[];False;False;e7d2ce0ba56e7fbb;[];diem diem ternyata jadian
1715;1260;11-50;3150971.0;text;;[];False;False;e7d2ce0ba56e7fbb;[];eh denger,,, gosip belum
1716;1260;11-50;3150977.0;text;;[];False;False;e7d2ce0ba56e7fbb;[];eh denger gosip belum,,,
1717;1260;11-50;3150984.0;text;;[];False;False;e7d2ce0ba56e7fbb;[];jangan bilang,,, siapa,,, siapa,,, ya
1718;1260;1-10;3153300.0;text;;[];False;False;631ff720acdd094f;[];setuju
1719;1260;11-50;3153306.0;text;;[];False;False;631ff720acdd094f;[];angkot ke sana masih ada ga
1720;1260;51-100;3153322.0;text;;[];False;False;631ff720acdd094f;[];hari ini gw ada rapat organisasi sampe sore jadi ga bisa ikut nongkrong
1721;1260;1-10;3153386.0;text;;[];False;False;e7d2ce0ba56e7fbb;[];males
1722;1261;51-100;3187715.0;image/jpeg;;[];True;False;70b7044e6650314d;[];[Foto]
1723;1261;1-10;3187744.0;text;;[];False;False;70b7044e6650314d;[];tuh
1724;1261;11-50;3187749.0;text;;[];False;False;70b7044e6650314d;[];lu udah makan blm
1725;1262;51-100;3190965.0;text;;[];True;False;b04f4644141f9ef4;[];knp ya akhir akhir ni gw susah bgt tidur padahal capke?
1726;1262;51-100;3191711.0;text;;[];False;False;021e7ca3ed092081;[];TADI GW ANTRI DI ADMINISTRASI KAMPUS 2 JAM CUMA BUAT NGURUS SURAT
1727;1262;1-10;3191717.0;text;;[];False;False;021e7ca3ed092081;[];YOII
1728;1262;11-50;3191717.0;text;;[];False;False;021e7ca3ed092081;[];BENTAR YA GW LG DI JALAN
1729;1262;101-500;3192258.0;text;;[];False;False;eb0f8f13d8134049;[];gw baru selesai nonton dokumenter tentang kehidupan nelayan... di pesisir utara Jawa. sedih banget liat perjuangan mereka yang... harus melaut... berhari... hari cuma buat dapet ikan yang harganya ga seberapa di pasar. bikin gw makin bersyukur sih sama kehidupan gw sekarang walau kadang ngeluh juga...
1730;1262;1-10;3192296.0;text;;[];False;False;b04f4644141f9ef4;[];seep
1731;1262;11-50;3192338.0;text;;[];False;False;eb0f8f13d8134049;[];gw mau tidur dulu ya
1732;1262;11-50;3192352.0;image/jpeg;;[];True;False;b04f4644141f9ef4;[];[Foto]
1733;1262;11-50;3192382.0;text;;[];False;False;e7d2ce0ba56e7fbb;[];gw baru,,, ganti nomor,,, btw
1734;1262;51-100;3192399.0;text;;[];False;False;e7d2ce0ba56e7fbb;[];gw lagi,,, dengerin podcast tentang psikologi, lumayan buat nambah,,, wawasan,,,
1735;1262;101-500;3192490.0;text;1731.0;[];False;False;021e7ca3ed092081;[];KEMARIN GW IKUT KEGIATAN BAKTI SOSIAL YANG DIADAIN SAMA BEM FAKULTAS. KITA KE PANTI ASUHAN DI PINGGIRAN KOTA BUAT NGAJAR ANAK ANAK DAN BAGI BAGI SEMBAKO. SERU BANGET SIH DAN BIKIN HATI ADEM. ANAK ANAKNYA LUCU LUCU DAN SEMANGAT BANGET BELAJAR WALAU FASILITAS MEREKA TERBATAS. JADI PENGEN RUTIN KESANA
1736;1262;11-50;3192506.0;text;;[];False;False;e7d2ce0ba56e7fbb;[];gw mau tidur dulu ya
1737;1262;11-50;3192509.0;text;;[];False;False;eb0f8f13d8134049;[];lu tim mana dukungnya
1738;1262;11-50;3192512.0;text;;[];False;False;e7d2ce0ba56e7fbb;[];baru bangun nih,,, masih,,, ngantuk
1739;1262;1-10;3192532.0;text;;[];False;False;eb0f8f13d8134049;[];eh
1740;1262;1-10;3192538.0;text;;[];False;False;eb0f8f13d8134049;[];okey
1741;1262;51-100;3192573.0;text;;[];False;False;e7d2ce0ba56e7fbb;[];gw lagi dengerin podcast,,, tentang psikologi, lumayan buat,,, nambah wawasan
1742;1262;11-50;3192579.0;text;;[];False;False;e7d2ce0ba56e7fbb;[];gw mau tidur dulu ya
1743;1262;1-10;3192580.0;text;;[];False;False;e7d2ce0ba56e7fbb;[];siapp
1744;1262;11-50;3192612.0;text;;['😂'];False;False;eb0f8f13d8134049;[];capek banget hari... ini asli
1745;1262;11-50;3192616.0;text;;[];False;False;eb0f8f13d8134049;[];internet mati lagi di kosan
1746;1262;0;3192693.0;image/jpeg;;[];False;False;eb0f8f13d8134049;[];[Foto]
1747;1262;1-10;3193348.0;text;;[];False;False;021e7ca3ed092081;[];YOII
1748;1262;11-50;3193353.0;text;;[];False;False;021e7ca3ed092081;[];CHARGER HP GW RUSAK LAGI
1749;1262;51-100;3193375.0;text;;[];False;False;021e7ca3ed092081;[];GW LAGI DENGERIN PODCAST TENTANG PSIKOLOGI, LUMAYAN BUAT NAMBAH WAWASAN
1750;1263;1-10;3194039.0;text;;[];True;False;021e7ca3ed092081;[];READY?
1751;1263;101-500;3194042.0;text;;[];True;False;021e7ca3ed092081;[];EH ADA YANG PUNYA REKOMENDASI LAPTOP BUDGET 5 JUTAAN YANG BAGUS BUAT KULIAH DAN NGODING GA? LAPTOP GW YANG SEKARANG UDAH MULAI LEMOT DAN SERING NGEHANG KALO BUKA BANYAK TAB. PENGENNYA SIH YANG RINGAN BUAT DIBAWA KE KAMPUS TAPI TETEP KENCENG PERFORMANYA, ADA SARAN?
1752;1263;11-50;3195838.0;text;;[];False;False;631ff720acdd094f;[];si itu udah putus katanya
1753;1263;11-50;3195844.0;text;;[];False;False;631ff720acdd094f;[];gw berantem sama si anu
1754;1264;11-50;3200234.0;text;;[];True;False;021e7ca3ed092081;[];BOOKING DULUAN APA LANGSUNG AJA?
1755;1264;11-50;3200239.0;text;;[];True;False;021e7ca3ed092081;[];TADI NGOMONG APA SIH DOSENNYA?
1756;1264;11-50;3200261.0;text;;[];True;False;021e7ca3ed092081;[];TADI NGOMONG APA SIH DOSENNYA?
1757;1264;11-50;3200284.0;text;;[];False;False;021e7ca3ed092081;[];GW LAGI BACA NOVEL BARU NIH
1758;1264;11-50;3200330.0;text;;[];False;False;631ff720acdd094f;[];badminton yuk sore ini
1759;1264;51-100;3201367.0;text;;[];True;False;c9b963274b33b88e;[];kira kira kalo gw apply magang... sekarang masih keburu ga... ya?
1760;1264;11-50;3201377.0;text;;[];True;False;c9b963274b33b88e;[];masih bangun ga lu jam segini?
1761;1264;1-10;3201380.0;text;1759.0;[];False;False;021e7ca3ed092081;[];DIH
1762;1264;11-50;3201393.0;text;;[];False;False;021e7ca3ed092081;[];BADMINTON YUK SORE INI
1763;1264;11-50;3201393.0;text;;[];False;False;c9b963274b33b88e;[];konser itu mahal banget tiketnya...
1764;1264;51-100;3201402.0;text;;[];False;False;021e7ca3ed092081;[];SEMALAM HUJAN GEDE BANGET SAMPE KOSAN GW MATI LAMPU SEMALEMAN GILA
1765;1264;101-500;3201431.0;text;;[];False;False;c9b963274b33b88e;[];tadi siang gw... makan di warung makan baru... deket gerbang... belakang kampus. nasi gorengnya lumayan... enak dan harganya murah banget cuma... 12 ribu udah... sama... es teh. kayaknya bakal jadi langganan baru deh soalnya warteg biasa... gw udah mulai naik harga dan porsinya makin dikit aja
1766;1264;1-10;3202553.0;text;;[];False;False;e7d2ce0ba56e7fbb;[];sans
1767;1264;11-50;3202568.0;text;;[];False;False;e7d2ce0ba56e7fbb;[];album baru dia,,, enak,,, banget
1768;1264;11-50;3202573.0;text;;[];False;False;e7d2ce0ba56e7fbb;[];pertandingan bola tadi malam gila
1769;1264;101-500;3202597.0;text;;[];True;False;e7d2ce0ba56e7fbb;[];gw lagi bimbang nih,,, antara mau ikut organisasi kampus,,, atau fokus ke akademik aja. menurut kalian,,, gimana sih, worth it ga sih ikut organisasi? soalnya gw denger banyak yang bilang bisa nambah soft skill tapi di sisi lain waktu buat,,, belajar jadi berkurang kan, gimana pengalaman kalian?
1770;1264;1-10;3202826.0;text;;[];False;False;631ff720acdd094f;[];jir
1771;1264;51-100;3202841.0;text;;[];False;False;631ff720acdd094f;[];semalam hujan gede banget sampe kosan gw mati lampu semaleman gila
1772;1264;51-100;3202853.0;text;;[];False;False;631ff720acdd094f;[];gw harus ganti strategi belajar sih soalnya nilai UTS kemarin jelek bgt
1773;1264;51-100;3202858.0;text;;[];False;False;631ff720acdd094f;[];gw harus ganti strategi belajar sih soalnya nilai UTS kemarin jelek bgt
1774;1264;51-100;3202876.0;text;;[];False;False;631ff720acdd094f;[];dosen killer itu ternyata baik banget orangnya kalo diajak ngobrol santai
1775;1264;51-100;3202897.0;text;;[];False;False;631ff720acdd094f;[];gw baru dapet info beasiswa buat semester depan mau coba daftar deh
1776;1264;11-50;3202906.0;text;;[];False;False;631ff720acdd094f;[];gw abis lari pagi tadi
1777;1264;101-500;3203263.0;text;;[];True;False;c9b963274b33b88e;[];eh ada yang punya rekomendasi laptop budget 5 jutaan... yang bagus buat... kuliah dan ngoding... ga?... laptop gw yang sekarang udah mulai lemot dan sering ngehang kalo... buka banyak tab. pengennya sih yang ringan buat... dibawa ke kampus tapi... tetep... kenceng performanya, ada saran?
1778;1264;1-10;3203284.0;text;;[];False;False;631ff720acdd094f;[];sans
1779;1264;11-50;3203299.0;text;;[];False;False;631ff720acdd094f;[];album baru dia enak banget
1780;1264;51-100;3203302.0;text;;[];False;False;631ff720acdd094f;[];gw gagal diet lagi soalnya tadi sore diajak makan bakso sama temen
1781;1264;1-10;3203394.0;text;;[];False;False;c9b963274b33b88e;[];dih
1782;1265;51-100;3205398.0;image/jpeg;;[];True;False;021e7ca3ed092081;[];[Foto]
1783;1265;11-50;3205441.0;text;;[];False;False;e7d2ce0ba56e7fbb;[];gw skip kelas hari ini
1784;1265;1-10;3205445.0;text;;[];False;False;021e7ca3ed092081;[];YOI
1785;1266;51-100;3206718.0;text;;[];False;False;021e7ca3ed092081;[];GW LAGI BELAJAR MASAK SENDIRI BIAR GA JAJAN TERUS LUMAYAN HEMAT SOALNYA
1786;1266;1-10;3206723.0;text;;[];True;False;021e7ca3ed092081;[];KNP?
1787;1267;11-50;3211260.0;text;;[];True;False;e7d2ce0ba56e7fbb;[];wifi password nya apa sih?
1788;1267;0;3212031.0;image/jpeg;;[];False;False;5dae0575118b0daf;[];[Foto]
1789;1267;11-50;3212043.0;text;;[];True;False;5dae0575118b0daf;[];makan apa ntar siang?
1790;1267;51-100;3212066.0;text;;[];False;False;5dae0575118b0daf;[];gw lagi nyoba masak rendang resep nyokap tapi kayaknya gagal total deh
1791;1267;11-50;3212313.0;text;;[];True;False;70b7044e6650314d;[];makan apa ntar siang?
1792;1267;1-10;3212330.0;text;;[];False;False;70b7044e6650314d;[];hoo
1793;1267;11-50;3212330.0;text;;[];False;False;edfade69974f97fe;[];Bsk sore ada waktu ga.
1794;1267;1-10;3212340.0;text;;[];True;False;5dae0575118b0daf;[];udah?
1795;1267;11-50;3212348.0;text;;[];False;False;edfade69974f97fe;[];Macet parah di jalan tol.
1796;1267;11-50;3212353.0;text;;[];False;False;5dae0575118b0daf;[];macet parah di jalan tol
1797;1267;1-10;3212361.0;text;;[];False;False;5dae0575118b0daf;[];wah
1798;1267;1-10;3212366.0;text;;[];False;False;5dae0575118b0daf;[];yaa
1799;1267;11-50;3212407.0;text;;[];False;False;edfade69974f97fe;[];Gw lagi di warkop nih.
1800;1268;101-500;3216055.0;text;;[];True;False;b04f4644141f9ef4;[];eh ad yg pny rekomendasi laptop bduget 5 jutaan yg bagus buat kuliah dan ngodnig ga? laptop gw yg skgr udah mulai lemot dan sering ngehang kalo bkua banyak tba. pengnenya sih yg ringan buat dibaaw ke kampus tp tetep kenceng performanya, ad saran?
1801;1268;11-50;3216080.0;text;;[];False;False;021e7ca3ed092081;[];CAPEK BANGET HARI INI ASLI
1802;1268;51-100;3216091.0;text;;[];False;False;021e7ca3ed092081;[];GW SENENG BANGET AKHIRNYA BISA KETEMU TEMEN TEMEN LAMA SETELAH LAMA GA
1803;1269;0;3216701.0;image/jpeg;;[];False;False;021e7ca3ed092081;[];[Foto]
1804;1269;11-50;3216784.0;text;;[];False;False;301550f41d8e1276;[];film baur di bioskop bagus ga
1805;1270;0;3268371.0;image/jpeg;;[];False;False;b04f4644141f9ef4;[];[Foto]
1806;1270;101-500;3271666.0;text;;[];True;False;cfa4332fcc87fa99;[];guys ada yang tau,,, ga sih kenapa sistem,,, registrasi online kampus sering,,, banget error pas,,, masa pengisian krs? tiap semester selalu gitu bikin stres,,,, mana harus rebutan mata,,, kuliah yang,,, kuotanya dikit banget lagi. apa emang,,, servernya ga,,, kuat,,, ya nampung banyak mahasiswa sekaligus?,,,
1807;1270;51-100;3271701.0;text;;['🤔'];True;False;cfa4332fcc87fa99;[];ada yang tau kenapa,,, kantin kampus tutup lebih awal hari ini ga sih?
1808;1270;1-10;3271918.0;text;;[];True;False;28f443107967a03d;[];masa?
1809;1270;11-50;3271921.0;text;;[];False;False;28f443107967a03d;[];porsi makan gw nambah terus
1810;1270;11-50;3272975.0;text;;[];False;False;cfa4332fcc87fa99;[];es teh manis satu ya bang,,,
1811;1270;11-50;3272987.0;text;;[];True;False;cfa4332fcc87fa99;[];bayar berapa sih tadi?
1812;1270;51-100;3273002.0;text;;[];False;False;cfa4332fcc87fa99;[];tadi di kantin,,, ketemu anak angkatan bawah yang kenal sama temen sma,,, gw
1813;1270;11-50;3273015.0;text;;[];True;False;cfa4332fcc87fa99;[];bawa motor apa naik,,, apa?
1814;1270;11-50;3273020.0;text;;[];False;False;cfa4332fcc87fa99;[];nongkrong yuk di kafe,,, biasa
1815;1270;51-100;3275411.0;text;;[];True;False;70b7044e6650314d;[];ad yg tau knp kantin kampus tutup lebih awal hari ni ga sih?
1816;1270;11-50;3275438.0;text;;[];False;False;70b7044e6650314d;[];kopi susu yg biasa ya
1817;1270;0;3275454.0;image/jpeg;;[];False;False;70b7044e6650314d;[];[Foto]
1818;1271;11-50;3276981.0;text;;[];False;False;70b7044e6650314d;[];internet mati lg di kosan
1819;1271;11-50;3276996.0;text;;[];False;False;70b7044e6650314d;[];bentar ya gw lg di jalan
1820;1271;51-100;3277298.0;text;;[];False;False;70b7044e6650314d;[];duit jajan gw abis padahal baru tanggal 15 hrs ngirit bgt nih
1821;1271;11-50;3278383.0;text;;[];False;False;27343f8a1c54ae69;[];Dompet gw ketinggalan di rumah.
1822;1271;11-50;3278392.0;text;;[];False;False;27343f8a1c54ae69;[];Gw lg sibuk bgt minggu ini.
1823;1271;11-50;3278441.0;text;;[];False;False;70b7044e6650314d;[];hujan deres ga bawa payung
1824;1271;11-50;3278731.0;text;;[];False;False;70b7044e6650314d;[];hp gw lowbat nih
1825;1271;11-50;3278733.0;text;;[];False;False;70b7044e6650314d;[];ntar gw kabarin lg deh
1826;1271;11-50;3278758.0;text;;[];False;False;70b7044e6650314d;[];hp gw lowbat nih
1827;1271;11-50;3279389.0;text;;[];False;False;70b7044e6650314d;[];dompet gw ketinggalan di rumah
1828;1272;11-50;3291454.0;text;;[];False;False;2e122f745ec54737;[];gw belom mulai tugas
1829;1272;101-500;3297753.0;image/jpeg;;[];True;False;c9b963274b33b88e;[];[Foto]
1830;1272;11-50;3297910.0;text;;[];False;False;021e7ca3ed092081;[];PRESENTASI GW AMBURADUL
1831;1272;11-50;3298177.0;text;;[];False;False;c9b963274b33b88e;[];gw lg ngerjain tugas... nih...
1832;1272;0;3299521.0;image/jpeg;;[];False;False;8d1fbc1cb14adde4;[];[Foto]
1833;1272;11-50;3299523.0;text;;[];False;False;8d1fbc1cb14adde4;[];Gw belom mulai tugas.
1834;1272;11-50;3299537.0;text;;[];False;False;021e7ca3ed092081;[];LAB KOMPUTER PENUH TERUS
1835;1272;1-10;3299542.0;text;;[];False;False;021e7ca3ed092081;[];YOI
1836;1272;101-500;3299610.0;text;;[];False;False;021e7ca3ed092081;[];JADI CERITANYA KEMARIN GW KE PERPUSTAKAAN PUSAT BUAT NYARI BAHAN REFERENSI SKRIPSI, TERNYATA BUKUNYA UDAH DIPINJEM SEMUA SAMA ANAK ANGKATAN SEBELAH. AKHIRNYA GW CUMA BISA FOTOKOPI DARI TEMEN YANG KEBETULAN PUNYA. LUMAYAN LAH DARIPADA GA DAPET SAMA SEKALI, TINGGAL DI RANGKUM AJA SISANYA
1837;1272;51-100;3299617.0;text;;[];False;False;021e7ca3ed092081;[];GW DENGER KATANYA SEMESTER DEPAN ADA MATA KULIAH BARU YANG WAJIB DIAMBIL
1838;1272;101-500;3299730.0;text;;[];False;False;021e7ca3ed092081;[];JADI CERITANYA KEMARIN GW KE PERPUSTAKAAN PUSAT BUAT NYARI BAHAN REFERENSI SKRIPSI, TERNYATA BUKUNYA UDAH DIPINJEM SEMUA SAMA ANAK ANGKATAN SEBELAH. AKHIRNYA GW CUMA BISA FOTOKOPI DARI TEMEN YANG KEBETULAN PUNYA. LUMAYAN LAH DARIPADA GA DAPET SAMA SEKALI, TINGGAL DI RANGKUM AJA SISANYA
1839;1272;11-50;3299751.0;text;;[];False;False;8d1fbc1cb14adde4;[];Eh tadi kelas seru banget.
1840;1272;1-10;3299779.0;text;;[];False;False;021e7ca3ed092081;[];IYA
1841;1272;51-100;3299795.0;text;;[];False;False;021e7ca3ed092081;[];GW DENGER KATANYA SEMESTER DEPAN ADA MATA KULIAH BARU YANG WAJIB DIAMBIL
1842;1272;11-50;3299802.0;text;;[];False;False;021e7ca3ed092081;[];GW SKIP KELAS HARI INI
1843;1272;51-100;3299821.0;text;;[];False;False;021e7ca3ed092081;[];GW BARU AJA SELESAI NGERJAIN TUGAS SAMPE JAM 3 PAGI, MAU MATI RASANYA
1844;1273;51-100;3300951.0;text;;[];True;False;021e7ca3ed092081;[];KIRA KIRA KALO GW APPLY MAGANG SEKARANG MASIH KEBURU GA YA?
1845;1273;11-50;3301481.0;text;;[];True;False;021e7ca3ed092081;[];TADI NGOMONG APA SIH DOSENNYA?
1846;1273;11-50;3301486.0;text;;[];True;False;021e7ca3ed092081;[];ADA SINYAL GA DISITU?
1847;1273;11-50;3301537.0;text;;[];False;False;021e7ca3ed092081;[];GW ABIS LARI PAGI TADI
1848;1273;1-10;3301541.0;text;;[];False;False;021e7ca3ed092081;[];BETE
1849;1273;11-50;3301551.0;text;;[];False;False;021e7ca3ed092081;[];KONSER ITU MAHAL BANGET TIKETNYA
1850;1273;51-100;3301641.0;text;;[];True;False;c9b963274b33b88e;[];kira kira kalo gw apply magang sekarang masih keburu ga ya?
1851;1273;11-50;3301657.0;text;;[];False;False;021e7ca3ed092081;[];GYM HARI INI SKIP DEH
1852;1273;11-50;3301666.0;text;;[];False;False;021e7ca3ed092081;[];GW LAGI BACA NOVEL BARU NIH
1853;1273;1-10;3301707.0;text;;[];True;False;c9b963274b33b88e;[];gitu?
1854;1273;11-50;3301837.0;text;;[];True;False;c9b963274b33b88e;[];booking duluan apa langsung aja?
1855;1273;11-50;3301839.0;text;;[];False;False;021e7ca3ed092081;[];PODCAST YG LU REKOMEN MANA
1856;1273;11-50;3301853.0;text;;[];True;False;c9b963274b33b88e;[];ada sinyal ga... disitu?...
1857;1273;1-10;3301857.0;text;;[];False;False;021e7ca3ed092081;[];BTW
1858;1273;11-50;3301885.0;text;;[];False;False;c9b963274b33b88e;[];manga terbaru udah... keluar loh
1859;1273;11-50;3302090.0;image/jpeg;;[];False;False;021e7ca3ed092081;[];[Foto]
1860;1273;11-50;3302118.0;text;;[];False;False;c9b963274b33b88e;[];gym hari ini skip deh
1861;1273;51-100;3302133.0;text;;[];True;False;021e7ca3ed092081;[];KIRA KIRA KALO GW APPLY MAGANG SEKARANG MASIH KEBURU GA YA?
1862;1273;101-500;3303069.0;text;;[];False;False;c9b963274b33b88e;[];tadi siang gw makan di... warung makan baru deket gerbang belakang kampus. nasi gorengnya lumayan... enak dan harganya murah banget cuma 12 ribu udah sama es teh. kayaknya bakal jadi langganan baru deh soalnya warteg biasa gw udah mulai naik... harga dan porsinya makin... dikit aja
1863;1273;11-50;3303164.0;text;;[];False;False;021e7ca3ed092081;[];GW ABIS LARI PAGI TADI
1864;1273;11-50;3303179.0;text;;[];False;False;021e7ca3ed092081;[];KONSER ITU MAHAL BANGET TIKETNYA
1865;1273;51-100;3303246.0;text;;[];False;False;c9b963274b33b88e;[];dosen killer itu ternyata baik banget orangnya kalo diajak ngobrol santai
1866;1273;1-10;3303258.0;text;;[];False;False;021e7ca3ed092081;[];DIH
1867;1273;51-100;3303327.0;image/jpeg;;[];True;False;021e7ca3ed092081;[];[Foto]
1868;1273;101-500;3303570.0;text;;[];False;False;c9b963274b33b88e;[];tadi siang gw makan di warung makan baru... deket gerbang belakang kampus.... nasi gorengnya lumayan enak dan harganya murah banget cuma... 12 ribu udah sama es teh. kayaknya bakal jadi langganan baru deh soalnya warteg biasa gw udah mulai naik harga dan... porsinya makin dikit aja
1869;1273;11-50;3303584.0;text;;[];True;False;c9b963274b33b88e;[];tadi ngomong apa sih dosennya?
1870;1273;11-50;3303600.0;text;;[];False;False;021e7ca3ed092081;[];GYM HARI INI SKIP DEH
1871;1273;11-50;3303603.0;text;;[];False;False;021e7ca3ed092081;[];PERTANDINGAN BOLA TADI MALAM GILA
1872;1273;11-50;3303618.0;text;;[];False;False;c9b963274b33b88e;[];konser itu mahal banget tiketnya
1873;1274;11-50;3304258.0;text;;[];True;False;c9b963274b33b88e;[];siapa yang mau ikut?
1874;1274;51-100;3304278.0;text;;[];False;False;c9b963274b33b88e;[];gw denger katanya semester depan ada... mata kuliah baru... yang wajib diambil...
1875;1274;0;3304316.0;unknown;;[];False;False;2e122f745ec54737;[];[Media tidak dikenal]
1876;1274;0;3304328.0;unknown;;[];False;False;2e122f745ec54737;[];[Media tidak dikenal]
1877;1274;0;3304348.0;unknown;;[];False;False;2e122f745ec54737;[];[Media tidak dikenal]
1878;1274;0;3304367.0;unknown;;[];False;False;2e122f745ec54737;[];[Media tidak dikenal]
1879;1274;11-50;3304426.0;text;1832.0;[];True;False;301550f41d8e1276;[];tuags dikumpul kapan sih?
1880;1274;101-500;3304635.0;text;;[];False;False;c9b963274b33b88e;[];jadi ceritanya kemarin gw ke perpustakaan pusat buat nyari... bahan referensi skripsi, ternyata bukunya udah... dipinjem semua sama anak angkatan... sebelah. akhirnya gw cuma bisa fotokopi dari temen yang kebetulan punya. lumayan lah... daripada ga dapet sama sekali, tinggal di rangkum aja... sisanya
1881;1275;101-500;3313911.0;text;;[];True;False;021e7ca3ed092081;[];EH ADA YANG PUNYA REKOMENDASI LAPTOP BUDGET 5 JUTAAN YANG BAGUS BUAT KULIAH DAN NGODING GA? LAPTOP GW YANG SEKARANG UDAH MULAI LEMOT DAN SERING NGEHANG KALO BUKA BANYAK TAB. PENGENNYA SIH YANG RINGAN BUAT DIBAWA KE KAMPUS TAPI TETEP KENCENG PERFORMANYA, ADA SARAN?
1882;1275;11-50;3313937.0;text;;[];False;False;021e7ca3ed092081;[];DOSEN PEMBIMBING SUSAH DITEMUI
1883;1275;1-10;3314409.0;text;;[];False;False;28f443107967a03d;[];nah
1884;1275;51-100;3316973.0;text;1882.0;[];False;False;301550f41d8e1276;[];kemarin gw ke toko buku beli novle baru sm buku referensi buat skripsi
1885;1275;51-100;3317114.0;text;;[];False;False;301550f41d8e1276;[];jangan lupa besok kumpul di lobby kampus jam 8 pagi baut breangkat bareng
1886;1275;11-50;3317229.0;image/jpeg;;[];False;False;021e7ca3ed092081;[];[Foto]
1887;1275;1-10;3317356.0;text;;['🤣'];False;False;159aad3a1966ebab;[];ASLI
1888;1275;101-500;3321814.0;text;;[];False;False;d9dfce195e2645dd;[];gw lagiiii galau banget nih soalll masa depan. mauu lanjut s2 tapi duit ga ada, mau langsung kerjaaaa tapii pengalaman masihhh minim. nyokap bilang terserah gw ajaaa tapi gw tauuuu dia pengen gw cepett kerjaa biar bisa bantu ekonomiiii keluarga. bingungggg banget sih, kayakk semuaa pilihan adaaaa plus minusnya
1889;1276;11-50;3358890.0;text;;[];False;False;c9b963274b33b88e;[];gw lagi marathon drakor... nih
1890;1276;101-500;3363376.0;text;;[];True;False;021e7ca3ed092081;[];GW LAGI BIMBANG NIH ANTARA MAU IKUT ORGANISASI KAMPUS ATAU FOKUS KE AKADEMIK AJA. MENURUT KALIAN GIMANA SIH, WORTH IT GA SIH IKUT ORGANISASI? SOALNYA GW DENGER BANYAK YANG BILANG BISA NAMBAH SOFT SKILL TAPI DI SISI LAIN WAKTU BUAT BELAJAR JADI BERKURANG KAN, GIMANA PENGALAMAN KALIAN?
1891;1276;51-100;3363399.0;text;;[];True;False;021e7ca3ed092081;[];SIAPA SIH YANG SPREAD GOSIP ITU KE GRUP SEBELAH, TAU GA ORANGNYA?
1892;1276;11-50;3365842.0;text;;[];False;False;e7d2ce0ba56e7fbb;[];mama minta gw pulang weekend
1893;1276;11-50;3365843.0;text;;[];False;False;e7d2ce0ba56e7fbb;[];adek gw masuk sma tahun ini,,,
1894;1276;1-10;3365849.0;text;;[];True;False;e7d2ce0ba56e7fbb;[];dimana?
1895;1276;11-50;3365853.0;text;;[];False;False;021e7ca3ed092081;[];BOKAP GW LAGI DI LUAR KOTA
1896;1276;11-50;3365862.0;text;;[];True;False;021e7ca3ed092081;[];SIAPA AJA YG DATENG?
1897;1276;51-100;3366393.0;image/jpeg;;[];True;False;021e7ca3ed092081;[];[Foto]
1898;1276;11-50;3367072.0;text;;[];False;False;28f443107967a03d;[];bokap gw lagi di luar kota
1899;1276;51-100;3367086.0;text;;[];False;False;28f443107967a03d;[];tadi pagi gw olahraga lari keliling kampus 5 putaran badan pegel semua
1900;1276;11-50;3367093.0;text;;[];False;False;28f443107967a03d;[];keluarga ngumpul lebaran nanti
1901;1276;11-50;3367112.0;text;;[];True;False;021e7ca3ed092081;[];KENAPA GA BALES CHAT GW?
1902;1276;51-100;3367127.0;text;;[];True;False;021e7ca3ed092081;[];SIAPA SIH YANG SPREAD GOSIP ITU KE GRUP SEBELAH, TAU GA ORANGNYA?
1903;1276;1-10;3367161.0;text;;[];False;False;8d1fbc1cb14adde4;[];Pasti.
1904;1276;1-10;3367162.0;text;;[];False;False;8d1fbc1cb14adde4;[];Hayuk.
1905;1276;1-10;3367163.0;text;;[];False;False;8d1fbc1cb14adde4;[];Yess.
1906;1276;1-10;3367166.0;text;;[];False;False;8d1fbc1cb14adde4;[];Noted.
1907;1276;0;3367174.0;sticker/webp;;[];False;False;41acf68aa801bbd1;[];[Stiker]
1908;1276;0;3367192.0;video/mp4;1905.0;[];False;False;021e7ca3ed092081;[];[Video]
1909;1276;51-100;3367292.0;text;;[];False;False;28f443107967a03d;[];gw nonton film dokumenter semalam tentang... laut dan ikan, bagus banget
1910;1276;0;3367300.0;image/jpeg;;[];False;False;28f443107967a03d;[];[Foto]
1911;1276;11-50;3367305.0;text;;[];False;False;28f443107967a03d;[];duit bulanan belum dikirim
1912;1276;11-50;3367307.0;text;;[];False;False;021e7ca3ed092081;[];DUIT BULANAN BELUM DIKIRIM
1913;1276;51-100;3367331.0;text;;[];False;False;021e7ca3ed092081;[];GW NONTON FILM DOKUMENTER SEMALAM TENTANG LAUT DAN IKAN, BAGUS BANGET
1914;1276;11-50;3367340.0;text;;[];False;False;021e7ca3ed092081;[];GW BARU AJA KETEMU MANTAN
1915;1276;1-10;3367346.0;text;;[];False;False;021e7ca3ed092081;[];GINI
1916;1276;1-10;3367351.0;text;;[];False;False;28f443107967a03d;[];nice
1917;1276;51-100;3367364.0;text;;[];False;False;28f443107967a03d;[];besok ada bazaar di kampus... katanya banyak makanan murah, pada ikut ga
1918;1276;11-50;3367370.0;text;;[];False;False;28f443107967a03d;[];film baru di... bioskop bagus ga
1919;1276;11-50;3367375.0;text;;[];False;False;28f443107967a03d;[];duit bulanan belum dikirim
1920;1276;11-50;3367385.0;text;;[];False;False;28f443107967a03d;[];adek gw masuk SMA tahun ini
1921;1276;51-100;3367390.0;text;;[];False;False;021e7ca3ed092081;[];GW LAGI BELAJAR MASAK SENDIRI BIAR GA JAJAN TERUS LUMAYAN HEMAT SOALNYA
1922;1276;101-500;3369119.0;text;;[];True;False;c9b963274b33b88e;[];gw lagi bimbang nih antara mau ikut organisasi kampus atau fokus ke akademik aja. menurut... kalian gimana sih, worth it ga sih ikut organisasi? soalnya gw denger banyak yang bilang... bisa nambah soft skill tapi di sisi lain waktu... buat belajar jadi berkurang kan, gimana pengalaman kalian?
1923;1276;1-10;3369149.0;text;;[];True;False;021e7ca3ed092081;[];DIMANA?
1924;1276;51-100;3369177.0;text;;[];False;False;c9b963274b33b88e;[];gw nonton film dokumenter semalam... tentang laut dan ikan, bagus banget
1925;1276;51-100;3369179.0;text;;[];False;False;021e7ca3ed092081;[];ADEK GW MAU MASUK KULIAH TAHUN DEPAN GW HARUS BANTU CARIIN INFO JURUSAN
1926;1276;1-10;3369197.0;text;;[];False;False;021e7ca3ed092081;[];GOKS
1927;1276;11-50;3369215.0;text;;[];False;False;c9b963274b33b88e;[];gw lagi marathon drakor nih...
1928;1276;51-100;3369217.0;text;;[];True;False;021e7ca3ed092081;[];SIAPA SIH YANG SPREAD GOSIP ITU KE GRUP SEBELAH, TAU GA ORANGNYA?
1929;1276;11-50;3369237.0;text;;[];False;False;021e7ca3ed092081;[];GW BARU AJA KETEMU MANTAN
1930;1276;51-100;3369249.0;text;;[];False;False;021e7ca3ed092081;[];TADI PAGI GW OLAHRAGA LARI KELILING KAMPUS 5 PUTARAN BADAN PEGEL SEMUA
1931;1276;51-100;3369270.0;text;;[];False;False;021e7ca3ed092081;[];TADI PAGI GW OLAHRAGA LARI KELILING KAMPUS 5 PUTARAN BADAN PEGEL SEMUA
1932;1276;51-100;3369280.0;text;;[];False;False;021e7ca3ed092081;[];GW NONTON FILM DOKUMENTER SEMALAM TENTANG LAUT DAN IKAN, BAGUS BANGET
1933;1276;1-10;3369295.0;text;;[];False;False;021e7ca3ed092081;[];GOKS
1934;1276;101-500;3369296.0;text;;[];False;False;c9b963274b33b88e;[];gw pengen curhat sedikit nih. akhir akhir ini gw ngerasa... burnout banget sama rutinitas kuliah yang itu itu aja. bangun... pagi, kuliah, tugas, tidur,... repeat.... kadang gw ngerasa kayak robot yang cuma jalan sesuai program tanpa... tau tujuan akhirnya apa. mungkin gw... butuh liburan beneran buat refresh otak
1935;1276;11-50;3369324.0;text;;[];False;False;c9b963274b33b88e;[];keluarga ngumpul lebaran nanti
1936;1276;51-100;3369335.0;text;;[];False;False;021e7ca3ed092081;[];GW NONTON FILM DOKUMENTER SEMALAM TENTANG LAUT DAN IKAN, BAGUS BANGET
1937;1276;11-50;3369340.0;text;;[];False;False;021e7ca3ed092081;[];GW BARU AJA KETEMU MANTAN
1938;1276;51-100;3369377.0;text;;[];False;False;021e7ca3ed092081;[];GW LAGI BELAJAR MASAK SENDIRI BIAR GA JAJAN TERUS LUMAYAN HEMAT SOALNYA
1939;1276;101-500;3369416.0;text;;[];False;False;021e7ca3ed092081;[];GW PENGEN CURHAT SEDIKIT NIH. AKHIR AKHIR INI GW NGERASA BURNOUT BANGET SAMA RUTINITAS KULIAH YANG ITU ITU AJA. BANGUN PAGI, KULIAH, TUGAS, TIDUR, REPEAT. KADANG GW NGERASA KAYAK ROBOT YANG CUMA JALAN SESUAI PROGRAM TANPA TAU TUJUAN AKHIRNYA APA. MUNGKIN GW BUTUH LIBURAN BENERAN BUAT REFRESH OTAK
1940;1276;101-500;3369417.0;text;;[];True;False;c9b963274b33b88e;[];menurut kalian kenapa... ya generasi... kita tuh kayaknya... lebih gampang stres dan burnout dibanding generasi orang tua kita dulu? apa karena tekanan sosmed atau emang tuntutan hidup yang... makin tinggi ya? gw penasaran aja sih soalnya temen temen gw banyak... yang ngeluh hal yang sama
1941;1276;51-100;3369435.0;text;;[];False;False;021e7ca3ed092081;[];GW LAGI BELAJAR MASAK SENDIRI BIAR GA JAJAN TERUS LUMAYAN HEMAT SOALNYA
1942;1276;11-50;3369458.0;text;;[];True;False;021e7ca3ed092081;[];KENAPA GA BALES CHAT GW?
1943;1276;51-100;3369521.0;text;;[];False;False;c9b963274b33b88e;[];tadi pagi gw olahraga... lari keliling kampus 5... putaran badan... pegel semua
1944;1276;101-500;3369577.0;text;;[];False;False;021e7ca3ed092081;[];GW PENGEN CURHAT SEDIKIT NIH. AKHIR AKHIR INI GW NGERASA BURNOUT BANGET SAMA RUTINITAS KULIAH YANG ITU ITU AJA. BANGUN PAGI, KULIAH, TUGAS, TIDUR, REPEAT. KADANG GW NGERASA KAYAK ROBOT YANG CUMA JALAN SESUAI PROGRAM TANPA TAU TUJUAN AKHIRNYA APA. MUNGKIN GW BUTUH LIBURAN BENERAN BUAT REFRESH OTAK
1945;1276;11-50;3369589.0;text;;[];False;False;021e7ca3ed092081;[];GW BARU AJA KETEMU MANTAN
1946;1276;101-500;3369614.0;text;;[];False;False;c9b963274b33b88e;[];gw pengen curhat sedikit... nih. akhir akhir ini... gw ngerasa burnout banget... sama rutinitas kuliah... yang itu itu aja. bangun pagi, kuliah, tugas, tidur, repeat. kadang gw ngerasa kayak robot... yang cuma jalan sesuai program tanpa tau tujuan akhirnya... apa.... mungkin gw butuh liburan beneran... buat refresh otak
1947;1276;51-100;3369614.0;text;;[];False;False;021e7ca3ed092081;[];BESOK ADA BAZAAR DI KAMPUS KATANYA BANYAK MAKANAN MURAH, PADA IKUT GA
1948;1276;11-50;3369633.0;text;;[];False;False;021e7ca3ed092081;[];ADEK GW MASUK SMA TAHUN INI
1949;1276;101-500;3369656.0;text;;[];False;False;c9b963274b33b88e;[];gw pengen curhat sedikit nih. akhir... akhir ini gw ngerasa burnout banget sama rutinitas kuliah... yang itu itu aja. bangun pagi, kuliah, tugas, tidur,... repeat. kadang gw... ngerasa kayak robot... yang cuma jalan sesuai program tanpa... tau tujuan akhirnya... apa.... mungkin gw... butuh liburan beneran buat refresh otak
1950;1276;11-50;3369666.0;text;;[];False;False;021e7ca3ed092081;[];DUIT BULANAN BELUM DIKIRIM
1951;1276;51-100;3369700.0;text;;[];False;False;c9b963274b33b88e;[];gw nonton film... dokumenter semalam tentang laut dan ikan, bagus banget
1952;1276;101-500;3369710.0;text;;[];True;False;021e7ca3ed092081;[];MENURUT KALIAN KENAPA YA GENERASI KITA TUH KAYAKNYA LEBIH GAMPANG STRES DAN BURNOUT DIBANDING GENERASI ORANG TUA KITA DULU? APA KARENA TEKANAN SOSMED ATAU EMANG TUNTUTAN HIDUP YANG MAKIN TINGGI YA? GW PENASARAN AJA SIH SOALNYA TEMEN TEMEN GW BANYAK YANG NGELUH HAL YANG SAMA
1953;1276;11-50;3369712.0;text;;[];False;False;021e7ca3ed092081;[];MAMA MINTA GW PULANG WEEKEND
1954;1276;11-50;3369724.0;text;;[];False;False;021e7ca3ed092081;[];GW BARU AJA KETEMU MANTAN
1955;1276;51-100;3369725.0;text;;[];False;False;c9b963274b33b88e;[];tadi pagi gw... olahraga lari keliling kampus 5 putaran badan pegel semua
1956;1276;11-50;3369730.0;text;;[];False;False;021e7ca3ed092081;[];GW BARU AJA KETEMU MANTAN
1957;1276;1-10;3369732.0;text;;[];False;False;021e7ca3ed092081;[];GILA
1958;1276;1-10;3369741.0;text;;[];False;False;c9b963274b33b88e;[];yess
1959;1276;101-500;3369777.0;text;;[];False;False;c9b963274b33b88e;[];gw pengen curhat sedikit nih. akhir... akhir ini gw ngerasa burnout banget sama rutinitas kuliah yang itu itu aja. bangun... pagi, kuliah, tugas, tidur, repeat. kadang gw ngerasa... kayak robot... yang cuma jalan sesuai program tanpa tau tujuan akhirnya apa. mungkin gw butuh liburan beneran... buat refresh otak
1960;1276;51-100;3369811.0;text;;[];False;False;021e7ca3ed092081;[];GW LAGI BELAJAR MASAK SENDIRI BIAR GA JAJAN TERUS LUMAYAN HEMAT SOALNYA
1961;1276;11-50;3369814.0;text;;[];False;False;021e7ca3ed092081;[];KELUARGA NGUMPUL LEBARAN NANTI
1962;1276;51-100;3369826.0;text;;[];False;False;021e7ca3ed092081;[];TADI PAGI GW OLAHRAGA LARI KELILING KAMPUS 5 PUTARAN BADAN PEGEL SEMUA
1963;1276;11-50;3369827.0;text;;[];True;False;c9b963274b33b88e;[];itu tempatnya jauh ga?...
1964;1276;11-50;3369852.0;text;;[];False;False;021e7ca3ed092081;[];NYOKAP NANYA KAPAN LULUS
1965;1276;11-50;3369854.0;text;;[];False;False;c9b963274b33b88e;[];gw kangen masakan rumah
1966;1276;11-50;3369862.0;text;;[];False;False;021e7ca3ed092081;[];FILM BARU DI BIOSKOP BAGUS GA
1967;1276;1-10;3369869.0;text;;[];False;False;c9b963274b33b88e;[];gila
1968;1276;101-500;3369944.0;text;;[];False;False;c9b963274b33b88e;[];gw pengen curhat sedikit nih. akhir... akhir ini gw ngerasa burnout banget... sama rutinitas kuliah yang itu itu... aja. bangun... pagi, kuliah, tugas, tidur, repeat. kadang gw... ngerasa kayak robot... yang cuma jalan sesuai program tanpa tau tujuan akhirnya apa. mungkin gw butuh liburan beneran buat refresh otak...
1969;1276;101-500;3370220.0;text;;[];False;False;c9b963274b33b88e;[];gw pengen curhat sedikit nih. akhir akhir ini gw ngerasa burnout banget sama rutinitas kuliah yang itu itu aja. bangun pagi, kuliah, tugas, tidur, repeat. kadang gw ngerasa kayak robot yang cuma jalan sesuai program tanpa tau tujuan akhirnya apa.... mungkin gw butuh liburan beneran buat refresh otak
1970;1276;11-50;3371013.0;text;;[];False;False;f23065b5d138024d;[];gw kangen masakan rumah!!
1971;1276;51-100;3371103.0;text;;['🙃'];False;False;f23065b5d138024d;[];tadi pagi gw olahraga lari keliling kampus 5 putaran badan pegel semua!!
1972;1276;11-50;3371174.0;text;;[];False;False;c9b963274b33b88e;[];kakak gw baru aja nikah
1973;1276;1-10;3371280.0;text;;['😂'];False;False;f23065b5d138024d;[];hayuk!!!
1974;1276;11-50;3373057.0;text;;[];False;False;c9b963274b33b88e;[];nyokap nanya kapan lulus...
1975;1277;11-50;3380249.0;text;;[];True;False;2e122f745ec54737;[];bookingg duluan apaa langsung aja?
1976;1277;1-10;3380255.0;text;;[];False;False;2e122f745ec54737;[];njir
1977;1277;11-50;3380275.0;text;;[];False;False;d9dfce195e2645dd;[];albumm baruuuu dia enak banget
1978;1277;11-50;3380310.0;text;;[];False;False;e24da97f3b24b4ba;[];konser tu mahal bgt tiketnya
1979;1277;11-50;3380351.0;text;;[];False;True;2e122f745ec54737;[];stress berat gw sama tugas!
1980;1277;1-10;3380354.0;text;;['🥺'];False;False;2e122f745ec54737;[];fyi
1981;1277;1-10;3380358.0;text;;[];True;False;2e122f745ec54737;[];jd?
1982;1277;11-50;3380370.0;text;;[];False;False;2e122f745ec54737;[];gymmm hari ini skip dehhh
1983;1277;1-10;3380399.0;text;;[];False;False;e24da97f3b24b4ba;[];sans
1984;1277;51-100;3380442.0;text;;[];False;False;e24da97f3b24b4ba;[];gw hrs ganti strategi belajar sih soalnya nilai uts kemarin jelek bgt
1985;1277;1-10;3380500.0;text;;[];False;False;41acf68aa801bbd1;[];kuy
1986;1277;51-100;3380503.0;text;;[];False;True;41acf68aa801bbd1;[];sedih banget gw harus pisah sama temen kos gw yang udah pindah!
1987;1277;1-10;3380509.0;text;;[];False;False;41acf68aa801bbd1;[];kuy
1988;1277;1-10;3380563.0;text;;[];False;False;e24da97f3b24b4ba;[];sans
1989;1277;11-50;3380809.0;text;;['🥴'];False;False;da2a3bc612c85c2b;[];album baru dia enka bgt
1990;1277;101-500;3380860.0;text;;[];True;False;021e7ca3ed092081;[];MENURUT KALIAN KENAPA YA GENERASI KITA TUH KAYAKNYA LEBIH GAMPANG STRES DAN BURNOUT DIBANDING GENERASI ORANG TUA KITA DULU? APA KARENA TEKANAN SOSMED ATAU EMANG TUNTUTAN HIDUP YANG MAKIN TINGGI YA? GW PENASARAN AJA SIH SOALNYA TEMEN TEMEN GW BANYAK YANG NGELUH HAL YANG SAMA
1991;1277;51-100;3380876.0;text;;[];False;False;021e7ca3ed092081;[];DOSEN KILLER ITU TERNYATA BAIK BANGET ORANGNYA KALO DIAJAK NGOBROL SANTAI
1992;1277;11-50;3380895.0;text;;[];False;False;41acf68aa801bbd1;[];manga terbaru udah keluar loh
1993;1277;51-100;3380897.0;text;;[];False;False;41acf68aa801bbd1;[];gw harus ganti strategi belajar sih soalnya nilai uts kemarin jelek bgt
1994;1277;11-50;3380905.0;text;;[];False;False;021e7ca3ed092081;[];MANGA TERBARU UDAH KELUAR LOH
1995;1277;1-10;3380912.0;text;;[];False;False;021e7ca3ed092081;[];DIH
1996;1277;51-100;3380918.0;text;;[];False;False;41acf68aa801bbd1;[];dosen killer itu ternyata baik banget orangnya kalo diajak ngobrol santai
1997;1277;101-500;3380975.0;text;;[];False;False;021e7ca3ed092081;[];TADI SIANG GW MAKAN DI WARUNG MAKAN BARU DEKET GERBANG BELAKANG KAMPUS. NASI GORENGNYA LUMAYAN ENAK DAN HARGANYA MURAH BANGET CUMA 12 RIBU UDAH SAMA ES TEH. KAYAKNYA BAKAL JADI LANGGANAN BARU DEH SOALNYA WARTEG BIASA GW UDAH MULAI NAIK HARGA DAN PORSINYA MAKIN DIKIT AJA
1998;1277;11-50;3381004.0;text;;[];False;False;41acf68aa801bbd1;[];badminton yuk sore ini
1999;1277;101-500;3381093.0;text;;[];False;False;fe835936853d47da;[];TADI SIANG GW MAKAN DI WARUNG MAKAN BARU DEKET GERBANG BELAKANG KAMPUS. NASI GORENGNYA LUMAYAN ENAK DAN HARGANYA MURAH BANGET CUMA 12 RIBU UDAH SAMA ES TEH. KAYAKNYA BAKAL JADI LANGGANAN BARU DEH SOALNYA WARTEG BIASA GW UDAH MULAI NAIK HARGA DAN PORSINYA MAKIN DIKIT AJA
2000;1277;51-100;3381168.0;text;;[];False;False;021e7ca3ed092081;[];SEMALAM HUJAN GEDE BANGET SAMPE KOSAN GW MATI LAMPU SEMALEMAN GILA
2001;1277;51-100;3381181.0;text;;[];False;False;021e7ca3ed092081;[];DOSEN KILLER ITU TERNYATA BAIK BANGET ORANGNYA KALO DIAJAK NGOBROL SANTAI
2002;1277;11-50;3381187.0;text;;[];False;False;fe835936853d47da;[];PERTANDINGAN BOLA TADI MALAM GILA
2003;1277;11-50;3381196.0;text;;[];False;False;021e7ca3ed092081;[];SERIES ITU ENDINGNYA ZONK BGT
2004;1277;11-50;3381200.0;text;;[];False;False;021e7ca3ed092081;[];ALBUM BARU DIA ENAK BANGET
2005;1277;1-10;3381203.0;text;;[];False;False;4257d3d838f5bedb;[];NJIR
2006;1277;1-10;3381206.0;text;1992.0;[];False;False;4257d3d838f5bedb;[];DIH
2007;1277;51-100;3381234.0;text;;[];False;False;021e7ca3ed092081;[];DOSEN KILLER ITU TERNYATA BAIK BANGET ORANGNYA KALO DIAJAK NGOBROL SANTAI
2008;1277;101-500;3381278.0;text;;[];False;False;fe835936853d47da;[];TADI SIANG GW MAKAN DI WARUNG MAKAN BARU DEKET GERBANG BELAKANG KAMPUS. NASI GORENGNYA LUMAYAN ENAK DAN HARGANYA MURAH BANGET CUMA 12 RIBU UDAH SAMA ES TEH. KAYAKNYA BAKAL JADI LANGGANAN BARU DEH SOALNYA WARTEG BIASA GW UDAH MULAI NAIK HARGA DAN PORSINYA MAKIN DIKIT AJA
2009;1277;11-50;3381284.0;text;;[];False;False;fe835936853d47da;[];KONSER ITU MAHAL BANGET TIKETNYA
2010;1277;11-50;3381290.0;text;;[];False;False;021e7ca3ed092081;[];ALBUM BARU DIA ENAK BANGET
2011;1277;101-500;3381336.0;text;;[];False;False;021e7ca3ed092081;[];TADI SIANG GW MAKAN DI WARUNG MAKAN BARU DEKET GERBANG BELAKANG KAMPUS. NASI GORENGNYA LUMAYAN ENAK DAN HARGANYA MURAH BANGET CUMA 12 RIBU UDAH SAMA ES TEH. KAYAKNYA BAKAL JADI LANGGANAN BARU DEH SOALNYA WARTEG BIASA GW UDAH MULAI NAIK HARGA DAN PORSINYA MAKIN DIKIT AJA
2012;1277;51-100;3381376.0;text;;[];False;False;fe835936853d47da;[];GW HARUS GANTI STRATEGI BELAJAR SIH SOALNYA NILAI UTS KEMARIN JELEK BGT
2013;1277;1-10;3381389.0;text;;[];False;False;021e7ca3ed092081;[];NJIR
2014;1277;51-100;3381408.0;text;;[];True;False;c236cb0576b47c11;[];kira kira kalo gw apply magang sekarang masih keburu ga ya?
2015;1277;101-500;3381462.0;text;;[];False;False;021e7ca3ed092081;[];TADI SIANG GW MAKAN DI WARUNG MAKAN BARU DEKET GERBANG BELAKANG KAMPUS. NASI GORENGNYA LUMAYAN ENAK DAN HARGANYA MURAH BANGET CUMA 12 RIBU UDAH SAMA ES TEH. KAYAKNYA BAKAL JADI LANGGANAN BARU DEH SOALNYA WARTEG BIASA GW UDAH MULAI NAIK HARGA DAN PORSINYA MAKIN DIKIT AJA
2016;1277;51-100;3381469.0;text;;[];False;False;021e7ca3ed092081;[];SEMALAM HUJAN GEDE BANGET SAMPE KOSAN GW MATI LAMPU SEMALEMAN GILA
2017;1277;51-100;3381486.0;text;;[];False;False;021e7ca3ed092081;[];DOSEN KILLER ITU TERNYATA BAIK BANGET ORANGNYA KALO DIAJAK NGOBROL SANTAI
2018;1277;51-100;3381490.0;text;;[];False;False;021e7ca3ed092081;[];GW BARU DAPET INFO BEASISWA BUAT SEMESTER DEPAN MAU COBA DAFTAR DEH
2019;1277;101-500;3381543.0;text;;[];False;False;fe835936853d47da;[];TADI SIANG GW MAKAN DI WARUNG MAKAN BARU DEKET GERBANG BELAKANG KAMPUS. NASI GORENGNYA LUMAYAN ENAK DAN HARGANYA MURAH BANGET CUMA 12 RIBU UDAH SAMA ES TEH. KAYAKNYA BAKAL JADI LANGGANAN BARU DEH SOALNYA WARTEG BIASA GW UDAH MULAI NAIK HARGA DAN PORSINYA MAKIN DIKIT AJA
2020;1277;51-100;3381559.0;text;;[];False;False;fe835936853d47da;[];GW GAGAL DIET LAGI SOALNYA TADI SORE DIAJAK MAKAN BAKSO SAMA TEMEN
2021;1277;11-50;3381576.0;text;;[];False;False;fe835936853d47da;[];PERTANDINGAN BOLA TADI MALAM GILA
2022;1277;11-50;3381629.0;text;;[];False;False;021e7ca3ed092081;[];GW ABIS LARI PAGI TADI
2023;1277;11-50;3381638.0;text;;[];False;False;c9b963274b33b88e;[];futsal besok jadi ga
2024;1277;11-50;3381674.0;text;;[];False;False;fe835936853d47da;[];ALBUM BARU DIA ENAK BANGET
2025;1277;11-50;3381692.0;text;;[];True;False;c9b963274b33b88e;[];tadi ngomong apa sih dosennya?
2026;1277;51-100;3381697.0;text;;[];False;False;fe835936853d47da;[];DOSEN KILLER ITU TERNYATA BAIK BANGET ORANGNYA KALO DIAJAK NGOBROL SANTAI
2027;1277;51-100;3381719.0;text;;[];False;False;021e7ca3ed092081;[];GW BARU DAPET INFO BEASISWA BUAT SEMESTER DEPAN MAU COBA DAFTAR DEH
2028;1277;51-100;3381738.0;text;;[];False;False;c9b963274b33b88e;[];semalam hujan gede banget... sampe kosan gw mati lampu semaleman gila
2029;1277;51-100;3381754.0;text;;[];False;False;c9b963274b33b88e;[];dosen killer itu ternyata baik banget orangnya kalo diajak ngobrol santai
2030;1277;11-50;3381755.0;text;;[];False;False;021e7ca3ed092081;[];PERTANDINGAN BOLA TADI MALAM GILA
2031;1277;51-100;3381766.0;text;;[];False;False;021e7ca3ed092081;[];GW GAGAL DIET LAGI SOALNYA TADI SORE DIAJAK MAKAN BAKSO SAMA TEMEN
2032;1277;1-10;3381769.0;text;;[];False;False;021e7ca3ed092081;[];BETE
2033;1277;11-50;3381786.0;text;;[];False;False;c9b963274b33b88e;[];gw abis lari pagi tadi
2034;1277;11-50;3381802.0;text;;[];False;False;c9b963274b33b88e;[];manga terbaru udah... keluar loh...
2035;1277;11-50;3381820.0;text;;[];False;False;c9b963274b33b88e;[];pertandingan bola tadi malam... gila
2036;1277;1-10;3381848.0;text;;[];False;False;021e7ca3ed092081;[];FYI
2037;1277;101-500;3381877.0;text;;[];False;False;021e7ca3ed092081;[];TADI SIANG GW MAKAN DI WARUNG MAKAN BARU DEKET GERBANG BELAKANG KAMPUS. NASI GORENGNYA LUMAYAN ENAK DAN HARGANYA MURAH BANGET CUMA 12 RIBU UDAH SAMA ES TEH. KAYAKNYA BAKAL JADI LANGGANAN BARU DEH SOALNYA WARTEG BIASA GW UDAH MULAI NAIK HARGA DAN PORSINYA MAKIN DIKIT AJA
2038;1277;51-100;3381886.0;text;;[];False;False;c9b963274b33b88e;[];dosen killer itu ternyata baik banget orangnya kalo diajak ngobrol santai
2039;1277;51-100;3381912.0;text;;[];False;False;c9b963274b33b88e;[];semalam hujan gede... banget sampe kosan gw mati lampu semaleman gila
2040;1277;11-50;3381919.0;text;;[];False;False;301550f41d8e1276;[];album baru dia enak bgt
2041;1277;11-50;3381919.0;text;;[];False;False;021e7ca3ed092081;[];GYM HARI INI SKIP DEH
2042;1277;11-50;3381928.0;text;;[];False;False;301550f41d8e1276;[];series tu endignnya zonk bgt
2043;1277;51-100;3381947.0;text;2040.0;[];False;False;021e7ca3ed092081;[];GW HARUS GANTI STRATEGI BELAJAR SIH SOALNYA NILAI UTS KEMARIN JELEK BGT
2044;1277;11-50;3381952.0;text;2039.0;[];False;False;301550f41d8e1276;[];futsal besok jadi ga
2045;1277;51-100;3381966.0;text;;[];False;False;021e7ca3ed092081;[];GW HARUS GANTI STRATEGI BELAJAR SIH SOALNYA NILAI UTS KEMARIN JELEK BGT
2046;1277;101-500;3382010.0;text;;[];False;False;c9b963274b33b88e;[];tadi siang gw... makan... di warung makan baru... deket gerbang... belakang kampus. nasi gorengnya lumayan enak dan harganya murah banget cuma 12 ribu udah sama es teh. kayaknya... bakal jadi... langganan baru... deh soalnya warteg biasa gw udah mulai naik harga dan porsinya makin dikit... aja
2047;1277;11-50;3382014.0;text;;[];False;False;301550f41d8e1276;[];gw absi lari pagi tadi
2048;1277;11-50;3382025.0;text;;[];False;False;301550f41d8e1276;[];gym hair ni skip deh
2049;1277;11-50;3382046.0;text;;[];True;False;301550f41d8e1276;[];msh banugn ga lu jam segini?
2050;1277;1-10;3382049.0;text;;[];False;False;c9b963274b33b88e;[];hoki
2051;1277;11-50;3382051.0;text;;[];False;False;c9b963274b33b88e;[];pertandingan bola tadi... malam gila
2052;1277;1-10;3382052.0;text;;[];False;False;301550f41d8e1276;[];hoki
2053;1277;11-50;3382074.0;text;;[];False;False;301550f41d8e1276;[];badminton yuk sore ni
2054;1277;51-100;3382092.0;text;;[];False;False;301550f41d8e1276;['98abc1a04bfaecc6', '41acf68aa801bbd1'];gw gagal diet lg soalnya taid sore diajak maakn bkaso sm temen
2055;1277;11-50;3382094.0;text;;[];False;False;301550f41d8e1276;[];game baru uadh download blm
2056;1277;11-50;3382138.0;text;;[];False;False;c9b963274b33b88e;[];konser itu mahal banget tiketnya
2057;1277;11-50;3382154.0;text;;[];False;False;301550f41d8e1276;[];album baru dia enak bgt
2058;1277;11-50;3382154.0;text;;[];False;False;301550f41d8e1276;[];alubm baru dia enak bgt
2059;1277;51-100;3382157.0;text;;[];False;False;c9b963274b33b88e;[];gw gagal diet lagi soalnya tadi sore diajak makan bakso sama temen
2060;1277;11-50;3382168.0;text;;[];False;False;301550f41d8e1276;[];gym hrai ni sikp deh
2061;1277;51-100;3382205.0;text;;[];False;False;c9b963274b33b88e;[];gw harus ganti strategi belajar sih... soalnya nilai UTS kemarin... jelek bgt...
2062;1277;101-500;3382283.0;text;;[];False;False;c9b963274b33b88e;[];tadi siang gw makan di warung makan baru deket gerbang belakang kampus. nasi gorengnya lumayan enak dan harganya... murah banget cuma 12 ribu udah sama es teh. kayaknya bakal jadi langganan baru deh soalnya warteg biasa gw udah mulai naik... harga dan porsinya makin dikit aja
2063;1277;11-50;3382411.0;text;;[];True;False;41acf68aa801bbd1;[];tadi ngomong apa sih dosennya?
2064;1277;1-10;3382422.0;text;;[];False;False;2e122f745ec54737;[];fyi
2065;1277;1-10;3382426.0;text;;[];False;False;41acf68aa801bbd1;[];oot
2066;1277;1-10;3382441.0;text;;[];False;False;c9b963274b33b88e;[];hoki
2067;1277;0;3382447.0;sticker/webp;;[];False;False;41acf68aa801bbd1;[];[Stiker]
2068;1277;11-50;3382475.0;text;;[];True;False;2e122f745ec54737;[];tadi ngomongg apaa sihhh dosennya?
2069;1277;1-10;3382477.0;text;;[];False;False;2e122f745ec54737;[];bete
2070;1277;11-50;3382525.0;text;2068.0;[];False;False;c9b963274b33b88e;[];gw lagi baca novel baru nih...
2071;1277;1-10;3382528.0;text;;[];False;False;2e122f745ec54737;[];dih
2072;1277;11-50;3382537.0;text;;[];False;False;2e122f745ec54737;[];futsal besok jadi ga
2073;1277;11-50;3382566.0;text;;[];False;False;2e122f745ec54737;[];mangaaaa terbaru udah keluar loh
2074;1277;11-50;3382571.0;text;;[];True;False;2e122f745ec54737;[];masih bangun ga lu jamm segini?
2075;1277;51-100;3382658.0;text;;[];False;False;c9b963274b33b88e;[];semalam hujan gede... banget sampe... kosan gw mati lampu semaleman gila
2076;1277;1-10;3382781.0;text;;[];False;False;70b7044e6650314d;[];ih
2077;1277;11-50;3382805.0;text;;[];False;False;70b7044e6650314d;[];gw abis lari pagi tadi
2078;1277;51-100;3382823.0;text;;[];False;False;70b7044e6650314d;[];gw gagal diet lg soalnya tadi sore diajak makan bakso sm temen
2079;1277;0;3382932.0;image/jpeg;;[];False;False;8d1fbc1cb14adde4;[];[Foto]
2080;1277;11-50;3382941.0;text;;[];False;False;8d1fbc1cb14adde4;[];Manga terbaru udah keluar loh.
2081;1277;1-10;3382941.0;text;;[];False;False;8d1fbc1cb14adde4;[];Fyi.
2082;1277;1-10;3382964.0;text;;[];False;False;41acf68aa801bbd1;[];fyi
2083;1277;1-10;3383036.0;text;;[];False;False;8d1fbc1cb14adde4;[];Sans.
2084;1277;1-10;3383389.0;text;;[];True;False;2e122f745ec54737;[];ya?
2085;1277;0;3383391.0;image/jpeg;;[];False;False;2e122f745ec54737;[];[Foto]
2086;1277;51-100;3383492.0;text;;[];False;False;2e122f745ec54737;[];gw gagal diet lagiii soalnya tadi soree diajakkkk makan bakso sama temen
2087;1278;11-50;3387358.0;image/jpeg;;[];False;False;021e7ca3ed092081;[];[Foto]
2088;1278;1-10;3387405.0;text;;[];False;False;129f9998b9e59b71;[];mager!!
2089;1278;11-50;3387467.0;text;;[];False;False;fe835936853d47da;[];GW BARU AJA KETEMU MANTAN
2090;1278;11-50;3387479.0;text;;[];False;False;021e7ca3ed092081;[];KELUARGA NGUMPUL LEBARAN NANTI
2091;1278;1-10;3387483.0;text;;[];False;False;021e7ca3ed092081;[];GITU
2092;1278;51-100;3387502.0;text;;[];False;False;021e7ca3ed092081;[];GW LAGI BELAJAR MASAK SENDIRI BIAR GA JAJAN TERUS LUMAYAN HEMAT SOALNYA
2093;1278;11-50;3387542.0;text;;[];False;False;fe835936853d47da;[];GW BARU AJA KETEMU MANTAN
2094;1278;11-50;3387580.0;text;;[];False;False;c9b963274b33b88e;[];film baru di bioskop bagus ga
2095;1278;11-50;3387602.0;text;;[];False;False;021e7ca3ed092081;[];KELUARGA NGUMPUL LEBARAN NANTI
2096;1278;11-50;3387634.0;text;;[];False;False;c9b963274b33b88e;[];playlist lo yang mana sih
2097;1279;51-100;3391001.0;text;;[];True;False;159aad3a1966ebab;[];MENURUT LU GW HARUS AMBIL MATA KULIAH PILIHAN YANG MANA SEMESTER DEPAN?
2098;1279;1-10;3392782.0;text;;[];False;False;631ff720acdd094f;[];bole
2099;1279;11-50;3394340.0;text;;[];False;False;98abc1a04bfaecc6;[];gw mau ambil cuti semester!!!
2100;1279;11-50;3394346.0;text;;[];False;False;98abc1a04bfaecc6;[];gw baru aja dari kampus!!
2101;1279;11-50;3394361.0;text;;[];False;False;98abc1a04bfaecc6;[];gw mau ambil cuti semester!!
2102;1279;11-50;3394362.0;text;2100.0;['🤣'];False;False;159aad3a1966ebab;[];SIDANG MINGGU DEPAN DOAIN YA
2103;1279;1-10;3394364.0;text;;[];False;False;98abc1a04bfaecc6;[];sabi!!
2104;1279;1-10;3394370.0;text;;[];False;False;1f0f18315c081d27;[];aman
2105;1279;1-10;3394373.0;text;;[];False;False;98abc1a04bfaecc6;[];aman!!!
2106;1279;0;3394379.0;sticker/webp;;[];False;False;98abc1a04bfaecc6;[];[Stiker]
2107;1279;11-50;3394385.0;text;;[];False;False;159aad3a1966ebab;[];PROPOSAL SKRIPSI GW DITOLAK
2108;1279;11-50;3394395.0;text;;[];False;False;159aad3a1966ebab;[];SEMINAR TADI LAMA BANGET
2109;1279;11-50;3394397.0;text;;[];False;False;159aad3a1966ebab;[];DOSEN PEMBIMBING SUSAH DITEMUI
2110;1280;101-500;3397722.0;text;;[];True;False;021e7ca3ed092081;[];GUYS ADA YANG TAU GA SIH KENAPA SISTEM REGISTRASI ONLINE KAMPUS SERING BANGET ERROR PAS MASA PENGISIAN KRS? TIAP SEMESTER SELALU GITU BIKIN STRES, MANA HARUS REBUTAN MATA KULIAH YANG KUOTANYA DIKIT BANGET LAGI. APA EMANG SERVERNYA GA KUAT YA NAMPUNG BANYAK MAHASISWA SEKALIGUS?
2111;1280;11-50;3397782.0;text;;[];True;False;301550f41d8e1276;[];knp ga bales caht gw?
2112;1280;1-10;3397791.0;text;;[];False;False;301550f41d8e1276;[];anjay
2113;1280;11-50;3397797.0;text;;[];False;False;301550f41d8e1276;[];gw lg marathon drakor nih
2114;1280;1-10;3397822.0;text;;[];False;False;631ff720acdd094f;[];noted
2115;1280;11-50;3397825.0;text;;[];True;False;021e7ca3ed092081;[];ITU TEMPATNYA JAUH GA?
2116;1280;11-50;3397828.0;text;;[];True;False;021e7ca3ed092081;[];SIAPA AJA YG DATENG?
2117;1280;11-50;3397834.0;text;;[];False;False;631ff720acdd094f;[];kakak gw baru aja nikah
2118;1280;11-50;3397841.0;text;;[];False;False;631ff720acdd094f;[];kakak gw baru aja nikah
2119;1280;11-50;3397845.0;text;;[];False;False;021e7ca3ed092081;[];BOKAP GW LAGI DI LUAR KOTA
2120;1280;11-50;3397851.0;text;;[];False;False;631ff720acdd094f;[];keluarga ngumpul lebaran nanti
2121;1280;1-10;3397852.0;text;2118.0;[];False;False;021e7ca3ed092081;[];NOTED
2122;1280;11-50;3398889.0;text;;[];True;False;28f443107967a03d;[];itu tempatnya jauh ga?
2123;1280;51-100;3398904.0;text;;[];False;False;28f443107967a03d;[];gw nonton film dokumenter semalam tentang laut dan ikan, bagus banget
2124;1280;11-50;3398914.0;text;;[];False;False;28f443107967a03d;[];mama minta gw... pulang... weekend
2125;1280;11-50;3399771.0;text;;[];True;False;021e7ca3ed092081;[];KENAPA GA BALES CHAT GW?
2126;1280;51-100;3399787.0;image/jpeg;;[];False;False;021e7ca3ed092081;[];[Foto]
2127;1280;11-50;3399797.0;text;;[];False;False;021e7ca3ed092081;[];GW LAGI MARATHON DRAKOR NIH
2128;1280;51-100;3399853.0;text;;[];False;False;021e7ca3ed092081;[];GW LAGI BELAJAR MASAK SENDIRI BIAR GA JAJAN TERUS LUMAYAN HEMAT SOALNYA
2129;1280;1-10;3399864.0;text;;[];False;False;021e7ca3ed092081;[];PASTI
2130;1280;1-10;3399867.0;text;;[];False;False;021e7ca3ed092081;[];NICE
2131;1280;11-50;3399869.0;text;;[];False;False;021e7ca3ed092081;[];DUIT BULANAN BELUM DIKIRIM
2132;1280;1-10;3399870.0;text;;[];False;False;28f443107967a03d;[];anjay
2133;1280;1-10;3399900.0;text;;[];False;False;28f443107967a03d;[];woles
2134;1280;51-100;3399906.0;text;;[];False;False;28f443107967a03d;[];gw lagi belajar masak sendiri biar ga jajan terus lumayan hemat soalnya...
2135;1280;51-100;3399918.0;text;;[];False;False;28f443107967a03d;[];besok ada bazaar di kampus katanya banyak makanan murah, pada... ikut ga
2136;1280;11-50;3399931.0;text;;[];False;False;28f443107967a03d;[];nyokap nanya kapan lulus
2137;1280;11-50;3399941.0;text;;[];False;False;28f443107967a03d;[];keluarga ngumpul lebaran nanti
2138;1280;51-100;3400102.0;text;;[];False;False;021e7ca3ed092081;[];GW LAGI BELAJAR MASAK SENDIRI BIAR GA JAJAN TERUS LUMAYAN HEMAT SOALNYA
2139;1280;11-50;3400107.0;text;;[];False;False;021e7ca3ed092081;[];MAMA MINTA GW PULANG WEEKEND
2140;1280;11-50;3400115.0;text;;[];False;False;021e7ca3ed092081;[];DUIT BULANAN BELUM DIKIRIM
2141;1280;11-50;3400117.0;text;;[];False;False;301550f41d8e1276;[];playlist lo yg mana sih
2142;1280;11-50;3400134.0;text;;[];False;False;021e7ca3ed092081;[];GW KANGEN MASAKAN RUMAH
2143;1280;11-50;3400167.0;image/jpeg;;[];False;False;021e7ca3ed092081;[];[Foto]
2144;1280;11-50;3400388.0;text;;[];True;False;631ff720acdd094f;[];lu lagi ngapain sih?
2145;1280;1-10;3400435.0;image/jpeg;;[];False;False;021e7ca3ed092081;[];[Foto]
2146;1280;11-50;3400442.0;text;;[];True;False;392140d2285645e4;[];kenapa ga bales chat gw?
2147;1280;0;3400469.0;image/jpeg;;[];False;False;021e7ca3ed092081;[];[Foto]
2148;1280;11-50;3400825.0;text;;[];True;False;631ff720acdd094f;[];itu tempatnya jauh ga?
2149;1280;11-50;3400831.0;text;;[];False;False;631ff720acdd094f;[];duit bulanan belum dikirim
2150;1280;1-10;3400833.0;text;;[];False;False;631ff720acdd094f;[];nice
2151;1280;11-50;3400839.0;text;;[];False;False;631ff720acdd094f;[];gw lagi marathon drakor nih
2152;1280;11-50;3400847.0;text;;[];False;False;631ff720acdd094f;[];playlist lo yang mana sih
2153;1280;11-50;3400865.0;text;;[];True;False;631ff720acdd094f;[];siapa aja yg dateng?
2154;1280;51-100;3400909.0;text;;[];False;False;021e7ca3ed092081;[];GW NONTON FILM DOKUMENTER SEMALAM TENTANG LAUT DAN IKAN, BAGUS BANGET
2155;1280;11-50;3401157.0;text;;[];False;False;631ff720acdd094f;[];nyokap nanya kapan lulus
2156;1280;51-100;3401184.0;text;;[];False;False;631ff720acdd094f;[];tadi pagi gw olahraga lari keliling kampus 5 putaran badan pegel semua
2157;1280;11-50;3401198.0;text;;[];False;False;631ff720acdd094f;[];duit bulanan belum dikirim
2158;1280;1-10;3401201.0;text;;[];False;False;631ff720acdd094f;[];mager
2159;1280;0;3401240.0;sticker/webp;2148.0;[];False;False;41acf68aa801bbd1;[];[Stiker]
2160;1280;1-10;3401309.0;text;;[];False;False;28f443107967a03d;[];yess
2161;1280;11-50;3401329.0;text;;[];False;False;28f443107967a03d;[];kakak gw baru aja nikah
2162;1280;11-50;3401332.0;text;;[];False;False;159aad3a1966ebab;[];BOKAP GW LAGI DI LUAR KOTA
2163;1280;11-50;3401373.0;text;;[];False;False;b4fc5a22b27ed5ac;[];duit bulanan blm dikirim
2164;1280;11-50;3401378.0;text;;[];False;False;b4fc5a22b27ed5ac;[];nyokap nanya kapan lulus
2165;1280;11-50;3401384.0;text;;[];False;False;edfade69974f97fe;[];Nyokap nanya kapan lulus.
2166;1280;11-50;3401385.0;text;;[];False;False;b4fc5a22b27ed5ac;[];keluarga ngumpul lebaran ntr
2167;1280;11-50;3401388.0;text;;[];False;False;b4fc5a22b27ed5ac;[];nyokap nanya kapan lulus
2168;1280;1-10;3401414.0;text;;[];False;False;631ff720acdd094f;[];woles
2169;1280;51-100;3401429.0;text;;[];False;False;edfade69974f97fe;[];Tadi pagi gw olahraga lari keliling kampus 5 putaran badan pegel semua.
2170;1280;1-10;3401431.0;text;;[];False;False;28f443107967a03d;[];anjay
2171;1280;11-50;3401436.0;text;;[];False;False;28f443107967a03d;[];adek gw masuk SMA tahun ini
2172;1280;11-50;3401438.0;text;;[];False;False;edfade69974f97fe;[];Playlist lo yang mana sih.
2173;1280;11-50;3401467.0;text;;[];False;False;edfade69974f97fe;[];Mama minta gw pulang weekend.
2174;1280;11-50;3401996.0;text;;[];True;False;98abc1a04bfaecc6;[];siapa aja yg dateng!!!
2175;1280;1-10;3402011.0;text;;[];False;False;28f443107967a03d;[];hayuk
2176;1280;11-50;3402015.0;text;;[];False;False;98abc1a04bfaecc6;[];mama minta gw pulang weekend!!
2177;1280;11-50;3402121.0;text;;[];True;False;e7d2ce0ba56e7fbb;[];kenapa ga,,, bales chat gw?
2178;1280;11-50;3402136.0;text;;[];False;False;da2a3bc612c85c2b;[];adek gw masuk sma tahun ni
2179;1280;11-50;3402167.0;text;;['🤣'];False;False;e7d2ce0ba56e7fbb;[];nyokap nanya kapan,,, lulus
2180;1280;51-100;3402179.0;text;;[];False;False;98abc1a04bfaecc6;[];besok ada bazaar di kampus katanya banyak makanan murah, pada ikut ga!!!
2181;1280;1-10;3402189.0;text;;[];False;False;e7d2ce0ba56e7fbb;[];nice
2182;1280;11-50;3402195.0;text;;[];False;False;98abc1a04bfaecc6;[];bokap gw lagi di luar kota!!
2183;1280;11-50;3402202.0;text;;[];True;False;e7d2ce0ba56e7fbb;[];lu lagi ngapain sih?
2184;1280;1-10;3402205.0;text;;['🙃'];False;False;e7d2ce0ba56e7fbb;[];nice
2185;1280;11-50;3402205.0;text;;[];False;False;e7d2ce0ba56e7fbb;[];duit bulanan belum dikirim
2186;1280;1-10;3402210.0;text;;[];False;False;98abc1a04bfaecc6;[];nice!!
2187;1280;51-100;3402220.0;text;;[];False;False;e7d2ce0ba56e7fbb;[];tadi pagi gw olahraga,,, lari keliling kampus 5 putaran badan pegel semua
2188;1280;11-50;3402224.0;text;;[];False;False;98abc1a04bfaecc6;[];duit bulanan belum dikirim!!!
2189;1280;11-50;3402233.0;text;;[];False;False;e7d2ce0ba56e7fbb;[];gw baru aja ketemu mantan
2190;1280;11-50;3402238.0;text;;[];False;False;e7d2ce0ba56e7fbb;[];duit bulanan belum dikirim
2191;1280;11-50;3402252.0;text;;[];False;False;e7d2ce0ba56e7fbb;[];playlist lo yang mana sih
2192;1280;1-10;3402264.0;text;;['🤷🏻\u200d♂'];False;False;98abc1a04bfaecc6;[];gini!!!
2193;1280;11-50;3402287.0;text;;[];False;False;27343f8a1c54ae69;[];Kakak gw baru aja nikah.
2194;1280;51-100;3402336.0;text;;[];False;False;98abc1a04bfaecc6;[];gw lagi belajar masak sendiri biar ga jajan terus lumayan hemat soalnya!!
2195;1280;11-50;3402358.0;text;;[];False;False;98abc1a04bfaecc6;[];bokap gw lagi di luar kota!!
2196;1280;101-500;3402416.0;text;;[];False;False;27343f8a1c54ae69;[];Gw pengen curhat sedikit nih. akhir akhir ini gw ngerasa burnout banget sama rutinitas kuliah yang itu itu aja. bangun pagi, kuliah, tugas, tidur, repeat. kadang gw ngerasa kayak robot yang cuma jalan sesuai program tanpa tau tujuan akhirnya apa. mungkin gw butuh liburan beneran buat refresh otak.
2197;1280;11-50;3402468.0;text;;[];False;False;27343f8a1c54ae69;[];Keluarga ngumpul lebaran nanti.
2198;1280;1-10;3402473.0;text;;[];False;False;27343f8a1c54ae69;[];Woles.
2199;1280;51-100;3403551.0;text;;[];True;False;b04f4644141f9ef4;[];siapa sih yg spread gospi tu ke grup sebleah, tau ga oranngya?
2200;1280;11-50;3403591.0;text;;[];False;False;28f443107967a03d;[];gw baru aja ketemu mantan
2201;1280;11-50;3403610.0;text;;[];False;False;28f443107967a03d;[];mama minta gw pulang... weekend
2202;1280;101-500;3403649.0;text;;[];False;False;28f443107967a03d;[];gw pengen curhat sedikit nih. akhir... akhir ini gw ngerasa burnout banget... sama rutinitas kuliah yang itu itu aja. bangun pagi,... kuliah, tugas, tidur, repeat. kadang gw... ngerasa... kayak robot yang cuma jalan sesuai program tanpa tau tujuan akhirnya apa.... mungkin gw butuh liburan... beneran buat refresh otak
2203;1280;11-50;3403656.0;text;;[];False;False;28f443107967a03d;[];film baru di bioskop bagus ga
2204;1280;51-100;3403664.0;text;;[];False;False;28f443107967a03d;[];besok ada bazaar di kampus... katanya... banyak makanan murah, pada ikut ga...
2205;1280;11-50;3403674.0;text;;[];False;False;28f443107967a03d;[];nyokap nanya kapan lulus
2206;1280;1-10;3403692.0;text;;[];False;False;27343f8a1c54ae69;[];Gila.
2207;1281;0;3444751.0;image/jpeg;;[];False;False;b04f4644141f9ef4;[];[Foto]
2208;1281;11-50;3444768.0;text;;[];True;False;b04f4644141f9ef4;[];tadi ngomong apa sih dosennya?
2209;1281;51-100;3446556.0;text;;[];True;False;70b7044e6650314d;['1f0f18315c081d27', '85076e557e5aa8b4'];kira kira kalo gw apply magang skrg msh keburu ga ya?
2210;1281;1-10;3446594.0;text;;[];False;False;1f0f18315c081d27;[];sans
2211;1281;11-50;3446624.0;text;;[];False;False;1f0f18315c081d27;[];badminton yuk sore ini
2212;1281;51-100;3446648.0;text;;[];False;False;1f0f18315c081d27;[];gw baru,,, dapet info beasiswa buat,,, semester depan mau coba daftar deh,,,
2213;1281;51-100;3446678.0;text;;[];False;False;70b7044e6650314d;[];gw hrs ganti strategi belajar sih soalnya nilai uts kemarin jelek bgt
2214;1281;51-100;3446694.0;text;;[];True;False;70b7044e6650314d;['b3f383c93a9e454c'];kira kira kalo gw apply magang skrg msh keburu ga ya?
2215;1281;11-50;3446736.0;text;;[];False;False;b3f383c93a9e454c;[];gw lagi baca novel baru nih
2216;1281;101-500;3447711.0;text;;[];True;False;c9b963274b33b88e;[];menurut kalian kenapa ya... generasi kita tuh kayaknya lebih gampang stres dan burnout dibanding generasi... orang tua kita... dulu? apa... karena tekanan sosmed atau emang tuntutan hidup yang makin tinggi ya? gw penasaran aja sih soalnya temen temen gw banyak... yang ngeluh hal yang sama
2217;1281;11-50;3448624.0;text;;[];False;False;631ff720acdd094f;[];series itu endingnya zonk bgt
2218;1281;51-100;3448634.0;text;;[];False;False;631ff720acdd094f;[];semalam hujan gede banget sampe kosan gw mati lampu semaleman gila
2219;1281;51-100;3448651.0;text;;[];False;False;631ff720acdd094f;[];gw harus ganti strategi belajar sih soalnya nilai UTS kemarin jelek bgt
2220;1281;11-50;3449184.0;image/jpeg;;[];False;False;631ff720acdd094f;[];[Foto]
2221;1281;51-100;3449189.0;text;;[];False;False;631ff720acdd094f;[];gw baru dapet info beasiswa buat semester depan mau coba daftar deh
2222;1281;11-50;3449312.0;text;;[];False;False;b04f4644141f9ef4;[];futsal besok jadi ga
2223;1281;51-100;3449811.0;text;;[];False;False;631ff720acdd094f;[];gw harus ganti strategi belajar sih soalnya nilai UTS kemarin jelek bgt
2224;1282;11-50;3456589.0;text;;[];False;False;021e7ca3ed092081;[];KAKAK GW BARU AJA NIKAH
2225;1282;11-50;3456594.0;text;;[];False;False;021e7ca3ed092081;[];PLAYLIST LO YANG MANA SIH
2226;1282;11-50;3456598.0;text;;[];False;False;021e7ca3ed092081;[];GW BARU AJA KETEMU MANTAN
2227;1282;11-50;3456602.0;text;;[];False;False;021e7ca3ed092081;[];KELUARGA NGUMPUL LEBARAN NANTI
2228;1282;51-100;3456645.0;text;;[];False;False;021e7ca3ed092081;[];BESOK ADA BAZAAR DI KAMPUS KATANYA BANYAK MAKANAN MURAH, PADA IKUT GA
2229;1282;11-50;3456730.0;text;;[];False;False;021e7ca3ed092081;[];ADEK GW MASUK SMA TAHUN INI
2230;1282;51-100;3457005.0;text;;[];False;False;021e7ca3ed092081;[];BESOK ADA BAZAAR DI KAMPUS KATANYA BANYAK MAKANAN MURAH, PADA IKUT GA
2231;1282;11-50;3457009.0;text;;[];False;False;021e7ca3ed092081;[];FILM BARU DI BIOSKOP BAGUS GA
2232;1282;1-10;3457011.0;text;;[];False;False;021e7ca3ed092081;[];GITU
2233;1283;11-50;3458499.0;text;;[];False;False;021e7ca3ed092081;[];GW BARU GANTI NOMOR BTW
2234;1283;11-50;3458500.0;text;;[];False;False;021e7ca3ed092081;[];HUJAN DERES GA BAWA PAYUNG
2235;1283;1-10;3458512.0;text;;[];False;False;021e7ca3ed092081;[];IYAA
2236;1283;11-50;3458524.0;text;;[];False;False;1dc897b84262494d;[];bentar ya gw lg di jalan
2237;1283;1-10;3458577.0;image/jpeg;;[];False;False;021e7ca3ed092081;[];[Foto]
2238;1283;11-50;3458584.0;text;;[];False;False;021e7ca3ed092081;[];GW LG SIBUK BGT MINGGU INI
2239;1283;11-50;3458589.0;text;;[];False;False;021e7ca3ed092081;[];CUACA HARI INI PANAS BANGET
2240;1283;51-100;3458806.0;text;;[];False;False;28f443107967a03d;[];gw lagi dengerin podcast tentang psikologi,... lumayan buat... nambah wawasan
2241;1283;1-10;3458839.0;text;;['🤣'];False;False;28f443107967a03d;[];yess
2242;1283;1-10;3458845.0;text;;[];False;False;021e7ca3ed092081;[];OH
2243;1283;51-100;3458901.0;text;;[];False;False;edfade69974f97fe;[];Tadi gw antri di administrasi kampus 2 jam cuma buat ngurus surat.
2244;1283;1-10;3459017.0;text;2243.0;[];False;False;631ff720acdd094f;[];yoii
2245;1283;11-50;3459025.0;text;2243.0;[];False;False;021e7ca3ed092081;[];WIFI KAMPUS LEMOT PARAH
2246;1283;51-100;3460068.0;text;;[];True;False;c9b963274b33b88e;[];ada yang mau... patungan buat beli kado ulang tahun si anu ga?...
2247;1284;11-50;3461562.0;image/jpeg;;[];False;False;021e7ca3ed092081;[];[Foto]
2248;1284;11-50;3461604.0;text;;[];True;False;c9b963274b33b88e;[];ada yg mau bareng?
2249;1284;1-10;3461605.0;text;;[];False;False;021e7ca3ed092081;[];MAH
2250;1284;11-50;3461611.0;text;;[];False;False;c9b963274b33b88e;[];gw udah di... parkiran... nih
2251;1284;1-10;3461795.0;text;;[];False;False;021e7ca3ed092081;[];KAN
2252;1284;101-500;3461920.0;text;;[];True;False;021e7ca3ed092081;[];EH ADA YANG PUNYA REKOMENDASI LAPTOP BUDGET 5 JUTAAN YANG BAGUS BUAT KULIAH DAN NGODING GA? LAPTOP GW YANG SEKARANG UDAH MULAI LEMOT DAN SERING NGEHANG KALO BUKA BANYAK TAB. PENGENNYA SIH YANG RINGAN BUAT DIBAWA KE KAMPUS TAPI TETEP KENCENG PERFORMANYA, ADA SARAN?
2253;1284;1-10;3462002.0;text;;[];False;False;edfade69974f97fe;[];Mah.
2254;1284;11-50;3462018.0;text;;[];False;False;edfade69974f97fe;[];Bsk sore ada waktu ga.
2255;1284;11-50;3462028.0;text;;[];False;False;edfade69974f97fe;[];Gw lagi di warkop nih.
2256;1284;11-50;3462035.0;text;;[];True;False;021e7ca3ed092081;[];WIFI PASSWORD NYA APA SIH?
2257;1284;11-50;3462036.0;text;;[];False;False;edfade69974f97fe;[];Gw udah di parkiran nih.
2258;1284;11-50;3462040.0;text;;[];True;False;021e7ca3ed092081;[];NILAI KELUAR KAPAN YA?
2259;1284;11-50;3462053.0;text;;[];False;False;021e7ca3ed092081;[];LU DIMANA SIH LAMA BANGET
2260;1284;11-50;3462053.0;text;;[];False;False;edfade69974f97fe;[];Gw lagi di warkop nih.
2261;1284;1-10;3462073.0;text;;[];False;False;41acf68aa801bbd1;[];emm
2262;1284;11-50;3462083.0;text;;[];False;False;41acf68aa801bbd1;[];ketemuan di mall jam 3 ya
2263;1284;1-10;3462089.0;text;;[];False;False;021e7ca3ed092081;[];YAA
2264;1284;11-50;3462092.0;text;;[];False;False;41acf68aa801bbd1;[];lu dimana sih lama banget
2265;1284;1-10;3462095.0;text;;[];False;False;021e7ca3ed092081;[];YAA
2266;1284;11-50;3462139.0;text;;[];False;False;021e7ca3ed092081;[];GW NAIK OJOL AJA DEH
2267;1284;51-100;3462160.0;text;;[];False;False;021e7ca3ed092081;[];GW HARUS NABUNG LEBIH BANYAK SIH BUAT BAYAR UANG SEMESTER YANG NAIK
2268;1284;1-10;3462191.0;text;;[];False;False;41acf68aa801bbd1;[];deh
2269;1284;11-50;3462194.0;text;;[];True;False;41acf68aa801bbd1;[];wifi password nya apa sih?
2270;1284;11-50;3462203.0;text;;[];False;False;021e7ca3ed092081;[];JANGAN LUPA BAWA DUIT CASH
2271;1284;11-50;3462211.0;text;;[];False;False;021e7ca3ed092081;[];GW NYARI PARKIR DULU BENTAR
2272;1284;1-10;3462212.0;text;;[];False;False;021e7ca3ed092081;[];KOK
2273;1284;11-50;3462242.0;text;;[];False;False;41acf68aa801bbd1;[];jangan lupa bawa duit cash
2274;1284;51-100;3462243.0;text;;[];False;False;021e7ca3ed092081;[];GW LAGI NYOBA MASAK RENDANG RESEP NYOKAP TAPI KAYAKNYA GAGAL TOTAL DEH
2275;1284;1-10;3462259.0;text;;[];True;False;021e7ca3ed092081;[];UDAH?
2276;1284;11-50;3462272.0;text;;[];False;False;41acf68aa801bbd1;[];gw lagi di warkop nih
2277;1284;1-10;3462297.0;text;;[];False;False;edfade69974f97fe;[];Kan.
2278;1284;51-100;3462299.0;text;;[];False;False;021e7ca3ed092081;[];TEMEN SEKAMAR GW PINDAH KOSAN JADI SEKARANG GW SENDIRIAN DI KAMAR
2279;1284;11-50;3462313.0;text;;[];False;False;021e7ca3ed092081;[];JANGAN LUPA BAWA DUIT CASH
2280;1284;1-10;3462527.0;text;;[];False;False;7430439a03fe249a;[];emm!!
2281;1284;51-100;3462569.0;text;;[];False;False;021e7ca3ed092081;[];KEMARIN MALEM GW BEGADANG NONTON BOLA SAMPE SUBUH TERUS KETIDURAN
2282;1284;500+;3462769.0;text;;[];False;False;c9b963274b33b88e;[];gw nyari parkir dulu bentar
2283;1284;51-100;3462784.0;text;;[];False;False;c9b963274b33b88e;[];kemarin malem gw begadang nonton bola sampe subuh terus ketiduran
2284;1284;51-100;3462812.0;text;;[];False;False;c9b963274b33b88e;[];gw harus nabung lebih banyak sih buat bayar uang semester yang naik
2285;1284;11-50;3462829.0;text;;[];False;False;021e7ca3ed092081;[];MACET PARAH DI JALAN TOL
2286;1284;11-50;3462854.0;text;;[];False;False;c9b963274b33b88e;[];rame banget disini cuy
2287;1284;1-10;3463238.0;text;;[];False;False;41acf68aa801bbd1;[];hoo
2288;1284;101-500;3464527.0;text;;[];False;False;c9b963274b33b88e;[];gw baru aja beres beresin... kosan dan nemu barang barang lama dari... jaman SMA. ada... foto kelas, surat dari mantan, sama buku diary yang isinya... cringe banget kalo dibaca sekarang.... jadi nostalgia sendiri inget masa masa dulu yang lebih... sederhana. kadang kangen juga sih... jadi... anak SMA lagi... tanpa mikirin skripsi...
2289;1284;51-100;3464541.0;text;;[];False;False;c9b963274b33b88e;[];kemarin malem gw begadang... nonton... bola sampe subuh terus... ketiduran
2290;1284;11-50;3464576.0;text;;[];False;False;41acf68aa801bbd1;[];kita ketemuan dimana aja deh
2291;1284;11-50;3464594.0;text;;[];True;False;c9b963274b33b88e;[];ada yg mau bareng?
2292;1284;11-50;3464619.0;text;;[];False;False;41acf68aa801bbd1;[];ketemuan di mall jam 3 ya
2293;1284;11-50;3464621.0;text;;[];False;False;41acf68aa801bbd1;[];lu dimana sih lama banget
2294;1284;1-10;3464623.0;text;;[];False;False;41acf68aa801bbd1;[];kan
2295;1284;1-10;3464768.0;text;;[];False;False;c9b963274b33b88e;[];wah
2296;1284;11-50;3465295.0;text;;[];True;False;f23065b5d138024d;[];makan apa ntar siang!!
2297;1284;51-100;3465405.0;text;;[];True;False;c9b963274b33b88e;[];gimana caranya biar bisa fokus belajar tanpa main hp terus... ya?
2298;1284;51-100;3465491.0;image/jpeg;;[];True;False;021e7ca3ed092081;[];[Foto]
2299;1284;11-50;3465514.0;image/jpeg;;[];False;False;021e7ca3ed092081;[];[Foto]
2300;1285;51-100;3466179.0;image/jpeg;;[];False;False;021e7ca3ed092081;[];[Foto]
2301;1285;1-10;3467900.0;text;;[];False;False;28f443107967a03d;[];ngab
2302;1285;11-50;3467909.0;text;;[];False;False;28f443107967a03d;[];tadi gw makan nasi... padang
2303;1285;51-100;3467915.0;text;;[];False;False;28f443107967a03d;[];weekend ini gw mau staycation aja di kosan binge watching series baru
2304;1285;11-50;3467933.0;text;;[];False;False;021e7ca3ed092081;[];INDOMIE TELOR UDAH CUKUP KOK
2305;1285;11-50;3467939.0;text;;[];False;False;021e7ca3ed092081;[];GW LAGI DIET TAPI GAGAL MULU
2306;1285;51-100;3467944.0;text;;[];False;False;28f443107967a03d;[];tadi di kantin ketemu anak angkatan bawah yang kenal sama temen SMA gw
2307;1285;1-10;3467946.0;text;;[];False;False;021e7ca3ed092081;[];BENER
2308;1285;11-50;3467951.0;text;;[];False;False;021e7ca3ed092081;[];GW LAGI DIET TAPI GAGAL MULU
2309;1285;11-50;3467970.0;text;;[];False;False;021e7ca3ed092081;[];GW LAGI DIET TAPI GAGAL MULU
2310;1285;51-100;3467973.0;text;;[];False;False;021e7ca3ed092081;[];GW UDAH DOWNLOAD SEMUA MATERI KULIAH TAPI BELUM SEMPAT BACA SAMA SEKALI
2311;1285;11-50;3468021.0;text;;[];True;False;41acf68aa801bbd1;[];udah sampe belom?
2312;1285;11-50;3468033.0;text;;[];True;False;41acf68aa801bbd1;[];bayar berapa sih tadi?
2313;1285;1-10;3468037.0;text;;[];False;False;021e7ca3ed092081;[];FIX
2314;1285;11-50;3468046.0;text;;[];True;False;021e7ca3ed092081;[];UDAH SAMPE BELOM?
2315;1285;11-50;3468052.0;text;;[];True;False;021e7ca3ed092081;[];BAYAR BERAPA SIH TADI?
2316;1285;101-500;3468210.0;text;;[];False;False;27343f8a1c54ae69;[];Kemarin malem gw sama temen temen nongkrong di warkop biasa sampe jam 12 malem. kita ngobrol banyak hal dari mulai tugas kuliah, rencana liburan, sampe masalah percintaan. seru sih walau besoknya gw kesiangan masuk kelas pagi dan dosen negur di depan semua orang. malu tapi ya gimana lagi.
2317;1285;51-100;3468225.0;text;;[];False;False;27343f8a1c54ae69;[];Tadi di kantin ketemu anak angkatan bawah yang kenal sama temen SMA gw.
2318;1285;11-50;3468468.0;text;;[];False;False;41acf68aa801bbd1;[];indomie telor udah cukup kok
2319;1286;101-500;3472800.0;text;;[];True;False;e3e22dc73269635e;[];menurut kalian knp ya genreasi kita tuh kayaknya lebih gampang strse dan buronut dibanding generasi ornag tua kita dulu? apa krn tekanan ssomed atau eamng tuntutan hidup yg makin tinggi ya? gw penasaran aja sih soalnay teemn temen gw banyak yg ngeluh hal yg sm
2320;1286;11-50;3472804.0;text;;[];False;False;e3e22dc73269635e;[];gw belom mulai tugas
2321;1286;11-50;3472856.0;text;;[];False;False;b4fc5a22b27ed5ac;[];gw lg ngerjain tugas nih
2322;1286;11-50;3472862.0;text;;[];False;False;b4fc5a22b27ed5ac;[];presentasi gw amburadul
2323;1286;1-10;3472873.0;text;;[];False;False;b4fc5a22b27ed5ac;[];oke
2324;1286;11-50;3472887.0;text;;[];False;False;b4fc5a22b27ed5ac;[];lab komputer penuh terus
2325;1286;11-50;3472888.0;text;;[];False;False;b4fc5a22b27ed5ac;[];presentasi gw amburadul
2326;1286;0;3472976.0;image/jpeg;;[];False;False;e3e22dc73269635e;[];[Foto]
2327;1286;11-50;3473199.0;text;;[];False;False;edfade69974f97fe;[];Gw skip kelas hari ini.
2328;1286;11-50;3473652.0;text;;[];False;False;e3e22dc73269635e;[];gw belom mluai tugas
2329;1286;11-50;3473842.0;text;;[];False;False;edfade69974f97fe;[];Eh tadi kelas seru banget.
2330;1286;11-50;3473850.0;text;;[];False;False;edfade69974f97fe;[];Perpus tutup jam berapa ya.
2331;1286;11-50;3473864.0;text;;[];False;False;edfade69974f97fe;[];Presentasi gw amburadul.
2332;1286;51-100;3473903.0;text;;[];False;False;edfade69974f97fe;[];Eh besok kita jadi ketemuan di kafe deket stasiun kan ya jam 2 siang.
2333;1286;51-100;3473931.0;text;;[];True;False;edfade69974f97fe;[];eh lu udah dapet info jadwal ujian akhir semester belum dari prodi?
2334;1286;0;3473968.0;image/jpeg;;[];False;False;301550f41d8e1276;[];[Foto]
2335;1286;11-50;3474098.0;text;;[];False;False;301550f41d8e1276;[];presentasi gw amburadul
2336;1286;11-50;3474101.0;text;;[];False;False;301550f41d8e1276;[];tadi absen ga sih km
2337;1286;11-50;3474116.0;text;;[];False;False;301550f41d8e1276;[];dosen gw galak bgt sih
2338;1286;0;3474117.0;audio;;[];False;False;b4fc5a22b27ed5ac;[];[Voice Note]
2339;1286;11-50;3474122.0;text;;[];True;False;b4fc5a22b27ed5ac;[];tugas dikumpul kapan... sih?
2340;1286;51-100;3474142.0;text;;[];False;False;301550f41d8e1276;[];eh bseok kita jadi ketemuan di kafe dkeet stasiun kan ya jam 2 siang
2341;1286;51-100;3474176.0;text;;[];False;False;301550f41d8e1276;[];tadi gw keetmu dosen pembimbing dan dia minta revisi lg utk bab 3
2342;1286;11-50;3474183.0;text;;[];False;False;301550f41d8e1276;[];perpus tutup jam bearpa ya
2343;1286;51-100;3474263.0;text;;[];True;False;edfade69974f97fe;[];eh lu udah dapet info jadwal ujian akhir semester belum dari prodi?
2344;1286;51-100;3474284.0;text;;[];False;False;edfade69974f97fe;[];Tadi gw ketemu dosen pembimbing dan dia minta revisi lagi untuk bab 3.
2345;1286;0;3474286.0;audio;;[];False;False;b4fc5a22b27ed5ac;[];[Voice Note]
2346;1286;1-10;3474303.0;text;2344.0;[];False;False;b4fc5a22b27ed5ac;[];gas
2347;1286;11-50;3474306.0;text;;[];False;False;edfade69974f97fe;[];Gw lg ngerjain tugas nih.
2348;1286;11-50;3474322.0;text;;[];True;False;5dae0575118b0daf;[];jadi ketemuan ga hari ini?
2349;1286;51-100;3474328.0;text;;[];False;False;edfade69974f97fe;[];Tadi gw ketemu dosen pembimbing dan dia minta revisi lagi untuk bab 3.
2350;1286;11-50;3474339.0;text;;[];True;False;5dae0575118b0daf;[];siapa yang mau ikut?
2351;1286;11-50;3474376.0;text;;[];False;False;b04f4644141f9ef4;[];presentasi gw amburadul
2352;1286;1-10;3474388.0;text;;[];False;False;b4fc5a22b27ed5ac;[];dah
2353;1286;11-50;3474389.0;text;;[];False;False;b4fc5a22b27ed5ac;[];tadi absen ga... sih km...
2354;1286;11-50;3474396.0;text;;[];False;False;b4fc5a22b27ed5ac;[];tadi absen ga sih km
2355;1286;1-10;3474408.0;text;;[];True;False;b4fc5a22b27ed5ac;[];siapa?
2356;1286;11-50;3474432.0;text;;[];False;False;edfade69974f97fe;[];Eh tadi kelas seru banget.
2357;1286;51-100;3474475.0;text;;[];False;False;edfade69974f97fe;[];Gw denger katanya semester depan ada mata kuliah baru yang wajib diambil.
2358;1286;11-50;3474488.0;text;;[];False;False;edfade69974f97fe;[];Gw skip kelas hari ini.
2359;1286;11-50;3474502.0;text;;[];False;False;b4fc5a22b27ed5ac;[];gw skip kelas hari ni
2360;1286;11-50;3474508.0;text;;[];False;False;b4fc5a22b27ed5ac;[];dosen gw galak bgt sih...
2361;1286;11-50;3474514.0;text;;[];False;False;b4fc5a22b27ed5ac;[];gw lg ngerjain tugas nih
2362;1286;11-50;3474527.0;text;;[];False;False;b4fc5a22b27ed5ac;[];tadi absen ga sih... km
2363;1286;11-50;3474542.0;text;;[];False;False;edfade69974f97fe;[];Lab komputer penuh terus.
2364;1286;0;3474643.0;audio;;[];False;False;b4fc5a22b27ed5ac;[];[Voice Note]
2365;1286;11-50;3474730.0;text;;[];False;False;edfade69974f97fe;[];Eh tadi kelas seru banget.
2366;1286;11-50;3475615.0;text;;[];False;False;2e122f745ec54737;[];eh tadi kelas seru bangett
2367;1286;1-10;3475619.0;text;;[];True;False;2e122f745ec54737;[];siapa?
2368;1286;1-10;3475640.0;text;;[];False;False;b4fc5a22b27ed5ac;[];gas
2369;1286;11-50;3475647.0;text;;[];False;False;b4fc5a22b27ed5ac;[];gw lg ngerjain tugas nih
2370;1286;1-10;3476753.0;text;;[];False;False;2e122f745ec54737;[];siap
2371;1286;11-50;3476754.0;text;;[];False;False;2e122f745ec54737;[];perpus tutup jammm berapa ya
2372;1287;51-100;3480268.0;text;;[];False;False;c9b963274b33b88e;[];gw baru aja dapet kabar kalo temen kita diterima... kerja di luar negeri
2373;1287;51-100;3481943.0;text;;[];False;False;fe835936853d47da;[];GW BARU AJA DAPET KABAR KALO TEMEN KITA DITERIMA KERJA DI LUAR NEGERI
2374;1287;11-50;3481947.0;text;;[];False;False;fe835936853d47da;[];TEMENIN GW DONG BESOK
2375;1287;11-50;3483542.0;text;;[];True;False;b3f383c93a9e454c;[];jadwal sidang kapan bro?
2376;1287;1-10;3486089.0;text;;[];False;False;e7d2ce0ba56e7fbb;[];udah
2377;1287;1-10;3486089.0;text;;[];False;False;e7d2ce0ba56e7fbb;[];ywd
2378;1287;11-50;3486092.0;text;;[];False;False;e7d2ce0ba56e7fbb;[];pacarnya baru siapa sih,,,
2379;1287;11-50;3486095.0;text;;[];False;False;e7d2ce0ba56e7fbb;[];gw berantem,,, sama,,, si anu
2380;1287;11-50;3486101.0;text;;[];False;False;e7d2ce0ba56e7fbb;[];gw ga percaya sih gosipnya
2381;1287;11-50;3486105.0;text;;[];False;False;e7d2ce0ba56e7fbb;[];diem diem ternyata jadian
2382;1287;11-50;3486118.0;text;;[];False;False;e7d2ce0ba56e7fbb;[];gw ga percaya,,, sih gosipnya
2383;1287;1-10;3486120.0;text;;[];False;False;e7d2ce0ba56e7fbb;[];udah
2384;1287;51-100;3486151.0;text;;['😐'];False;False;e7d2ce0ba56e7fbb;[];gw baru aja dapet kabar kalo,,, temen kita diterima kerja di luar negeri
2385;1287;11-50;3486154.0;text;;[];True;False;b04f4644141f9ef4;[];kos lu dmn sih tepatnya?
2386;1287;11-50;3486164.0;text;;[];False;False;e7d2ce0ba56e7fbb;[];jangan bilang,,, siapa siapa ya
2387;1287;1-10;3486170.0;text;;[];False;False;e7d2ce0ba56e7fbb;[];setuju
2388;1287;11-50;3486172.0;text;;[];False;False;e7d2ce0ba56e7fbb;[];temen gw sakit masuk rs
2389;1287;101-500;3486216.0;text;;[];False;False;b04f4644141f9ef4;[];hari ni gw iseng nyoba bikin kopi pake metode v60 yg lg hype di kalangan anak anak kampus. blei aaltnya lumaayn mahal sih tp hasilnya emang beda dr koip sachet biasa. kopiyna lebih smooht dan ga terlalu pahit. kaayknya gw bakal ketagihan nih bikin kopi sendiri tiap paig sebelum ke kampus
2390;1287;1-10;3486289.0;text;;[];False;False;b4fc5a22b27ed5ac;[];ywd
2391;1287;51-100;3486315.0;text;;[];True;False;b4fc5a22b27ed5ac;[];lu prnh coba belajar bareng di perpus kota ga,... enak... ga disana?
2392;1287;51-100;3486364.0;text;;[];True;False;b4fc5a22b27ed5ac;[];lu prnh coba belajar bareng di perpus kota ga, enak... ga disana?
2393;1287;51-100;3486400.0;text;;[];False;False;edfade69974f97fe;[];Gw pengen banget liburan ke pantai tapi duit lagi tipis banget sekarang.
2394;1287;1-10;3486407.0;text;;[];True;False;b4fc5a22b27ed5ac;[];sampe?
2395;1287;11-50;3486412.0;text;;[];True;False;b4fc5a22b27ed5ac;[];kos lu dmn... sih tepatnya?
2396;1287;51-100;3486441.0;text;;[];False;False;edfade69974f97fe;[];Wifi kosan gw lemot banget jadi gw ke perpus aja buat ngerjain tugas.
2397;1287;11-50;3486447.0;text;;[];False;False;edfade69974f97fe;[];Eh denger gosip belum.
2398;1287;51-100;3486465.0;text;;[];True;False;27343f8a1c54ae69;[];lu pernah coba belajar bareng di perpus kota ga, enak ga disana?
2399;1287;11-50;3486485.0;text;;[];True;False;edfade69974f97fe;[];kos lu dimana sih tepatnya?
2400;1287;51-100;3486542.0;text;;[];False;False;edfade69974f97fe;[];Wifi kosan gw lemot banget jadi gw ke perpus aja buat ngerjain tugas.
2401;1287;101-500;3486565.0;text;;[];False;False;27343f8a1c54ae69;[];Hari ini gw iseng nyoba bikin kopi pake metode V60 yang lagi hype di kalangan anak anak kampus. beli alatnya lumayan mahal sih tapi hasilnya emang beda dari kopi sachet biasa. kopinya lebih smooth dan ga terlalu pahit. kayaknya gw bakal ketagihan nih bikin kopi sendiri tiap pagi sebelum ke kampus.
2402;1287;1-10;3486581.0;text;;[];False;False;edfade69974f97fe;[];Ywd.
2403;1287;11-50;3486597.0;text;;[];False;False;edfade69974f97fe;[];Reuni kapan ya kita.
2404;1287;101-500;3486693.0;text;;[];False;False;27343f8a1c54ae69;[];Hari ini gw iseng nyoba bikin kopi pake metode V60 yang lagi hype di kalangan anak anak kampus. beli alatnya lumayan mahal sih tapi hasilnya emang beda dari kopi sachet biasa. kopinya lebih smooth dan ga terlalu pahit. kayaknya gw bakal ketagihan nih bikin kopi sendiri tiap pagi sebelum ke kampus.
2405;1287;1-10;3486706.0;text;;[];False;False;edfade69974f97fe;[];Males.
2406;1287;11-50;3486729.0;text;;[];True;False;edfade69974f97fe;[];kapan terakhir kali ketemu?
2407;1287;1-10;3486733.0;text;;[];False;False;27343f8a1c54ae69;[];Setuju.
2408;1287;51-100;3486742.0;text;;[];False;False;edfade69974f97fe;[];Hari ini gw ada rapat organisasi sampe sore jadi ga bisa ikut nongkrong.
2409;1287;1-10;3486747.0;text;;[];False;False;27343f8a1c54ae69;[];Gabut.
2410;1287;11-50;3486751.0;text;;[];False;False;edfade69974f97fe;[];Gw kangen temen temen SMA.
2411;1287;51-100;3486800.0;text;;[];False;False;27343f8a1c54ae69;[];Gw baru aja dapet kabar kalo temen kita diterima kerja di luar negeri.
2412;1287;51-100;3486820.0;text;;[];True;False;edfade69974f97fe;[];lu pernah coba belajar bareng di perpus kota ga, enak ga disana?
2413;1287;11-50;3486966.0;text;;[];False;False;27343f8a1c54ae69;[];Diem diem ternyata jadian.
2414;1287;51-100;3487027.0;text;;[];False;False;27343f8a1c54ae69;[];Lu harus coba kedai kopi baru di jalan belakang kampus, enak banget.
2415;1287;11-50;3487130.0;text;;[];True;False;edfade69974f97fe;[];pinjam catetan boleh ga?
2416;1287;51-100;3487166.0;text;;[];False;False;27343f8a1c54ae69;[];Hari ini gw ada rapat organisasi sampe sore jadi ga bisa ikut nongkrong.
2417;1287;11-50;3487177.0;text;;[];False;False;edfade69974f97fe;[];Angkot ke sana masih ada ga.
2418;1287;51-100;3487249.0;text;;[];False;False;27343f8a1c54ae69;[];Hari ini gw ada rapat organisasi sampe sore jadi ga bisa ikut nongkrong.
2419;1287;11-50;3487686.0;text;;[];False;False;41acf68aa801bbd1;[];angkot ke sana masih ada ga
2420;1287;51-100;3487699.0;text;;[];False;False;41acf68aa801bbd1;[];gw baru aja dapet kabar kalo temen kita diterima kerja di luar negeri
2421;1287;51-100;3487715.0;text;;[];False;False;41acf68aa801bbd1;[];lu harus coba kedai kopi baru di jalan belakang kampus, enak banget
2422;1287;11-50;3487726.0;text;;[];False;False;41acf68aa801bbd1;[];eh denger gosip belum
2423;1287;101-500;3487766.0;text;;[];False;False;021e7ca3ed092081;[];HARI INI GW ISENG NYOBA BIKIN KOPI PAKE METODE V60 YANG LAGI HYPE DI KALANGAN ANAK ANAK KAMPUS. BELI ALATNYA LUMAYAN MAHAL SIH TAPI HASILNYA EMANG BEDA DARI KOPI SACHET BIASA. KOPINYA LEBIH SMOOTH DAN GA TERLALU PAHIT. KAYAKNYA GW BAKAL KETAGIHAN NIH BIKIN KOPI SENDIRI TIAP PAGI SEBELUM KE KAMPUS
2424;1287;11-50;3487773.0;text;;[];False;False;021e7ca3ed092081;[];GW KANGEN TEMEN TEMEN SMA
2425;1287;51-100;3487792.0;text;;[];False;False;021e7ca3ed092081;[];GW PENGEN BANGET LIBURAN KE PANTAI TAPI DUIT LAGI TIPIS BANGET SEKARANG
2426;1287;11-50;3487801.0;text;;[];False;False;021e7ca3ed092081;[];TEMEN GW SAKIT MASUK RS
2427;1287;51-100;3487830.0;text;;[];False;False;41acf68aa801bbd1;[];hari ini gw ada rapat organisasi sampe sore jadi ga bisa ikut nongkrong
2428;1287;11-50;3487839.0;text;;[];False;False;41acf68aa801bbd1;[];si itu udah putus katanya
2429;1287;1-10;3487841.0;text;;[];False;False;41acf68aa801bbd1;[];dong
2430;1287;11-50;3487847.0;text;;[];False;False;41acf68aa801bbd1;[];angkot ke sana masih ada ga
2431;1287;11-50;3487859.0;text;;[];False;False;41acf68aa801bbd1;[];temenin gw dong besok
2432;1287;11-50;3487864.0;text;;[];True;False;021e7ca3ed092081;[];KAPAN TERAKHIR KALI KETEMU?
2433;1287;11-50;3487868.0;text;;[];True;False;021e7ca3ed092081;[];JADWAL SIDANG KAPAN BRO?
2434;1287;11-50;3487928.0;text;;[];False;False;41acf68aa801bbd1;[];gw kangen temen temen sma
2435;1287;11-50;3487936.0;text;;[];False;False;41acf68aa801bbd1;[];si itu udah putus katanya
2436;1287;11-50;3487946.0;text;;[];False;False;41acf68aa801bbd1;[];diem diem ternyata jadian
2437;1287;11-50;3487965.0;text;;[];False;False;021e7ca3ed092081;[];GW GA PERCAYA SIH GOSIPNYA
2438;1287;1-10;3487974.0;text;;[];False;False;021e7ca3ed092081;[];UDAH
2439;1287;51-100;3487981.0;text;;[];False;False;021e7ca3ed092081;[];LU HARUS COBA KEDAI KOPI BARU DI JALAN BELAKANG KAMPUS, ENAK BANGET
2440;1287;101-500;3488079.0;text;;[];False;False;021e7ca3ed092081;[];HARI INI GW ISENG NYOBA BIKIN KOPI PAKE METODE V60 YANG LAGI HYPE DI KALANGAN ANAK ANAK KAMPUS. BELI ALATNYA LUMAYAN MAHAL SIH TAPI HASILNYA EMANG BEDA DARI KOPI SACHET BIASA. KOPINYA LEBIH SMOOTH DAN GA TERLALU PAHIT. KAYAKNYA GW BAKAL KETAGIHAN NIH BIKIN KOPI SENDIRI TIAP PAGI SEBELUM KE KAMPUS
2441;1287;1-10;3488087.0;text;;[];False;False;021e7ca3ed092081;[];CAPE
2442;1287;51-100;3488092.0;text;;[];False;False;41acf68aa801bbd1;[];lu harus coba kedai kopi baru di jalan belakang kampus, enak banget
2443;1287;101-500;3488129.0;text;;[];True;False;021e7ca3ed092081;[];GW LAGI BIMBANG NIH ANTARA MAU IKUT ORGANISASI KAMPUS ATAU FOKUS KE AKADEMIK AJA. MENURUT KALIAN GIMANA SIH, WORTH IT GA SIH IKUT ORGANISASI? SOALNYA GW DENGER BANYAK YANG BILANG BISA NAMBAH SOFT SKILL TAPI DI SISI LAIN WAKTU BUAT BELAJAR JADI BERKURANG KAN, GIMANA PENGALAMAN KALIAN?
2444;1287;11-50;3488132.0;text;;[];False;False;021e7ca3ed092081;[];SI ITU UDAH PUTUS KATANYA
2445;1287;11-50;3488147.0;text;;[];False;False;41acf68aa801bbd1;[];si itu udah putus katanya
2446;1287;11-50;3488154.0;text;;[];False;False;41acf68aa801bbd1;[];jangan bilang siapa siapa ya
2447;1287;11-50;3488173.0;text;;[];False;False;41acf68aa801bbd1;[];reuni kapan ya kita
2448;1287;51-100;3488179.0;text;;[];False;False;41acf68aa801bbd1;[];lu harus coba kedai kopi baru di jalan belakang kampus, enak banget
2449;1287;11-50;3488181.0;text;;[];False;False;41acf68aa801bbd1;[];diem diem ternyata jadian
2450;1287;51-100;3488203.0;text;;[];False;False;41acf68aa801bbd1;[];gw baru aja dapet kabar kalo temen kita diterima kerja di luar negeri
2451;1287;1-10;3488226.0;text;;[];False;False;021e7ca3ed092081;[];WKWKW
2452;1287;11-50;3488229.0;text;;[];False;False;021e7ca3ed092081;[];JANGAN BILANG SIAPA SIAPA YA
2453;1287;11-50;3488235.0;text;;[];False;False;021e7ca3ed092081;[];ANGKOT KE SANA MASIH ADA GA
2454;1287;1-10;3488237.0;text;;[];False;False;021e7ca3ed092081;[];DONG
2455;1287;51-100;3488248.0;text;;[];False;False;021e7ca3ed092081;[];WIFI KOSAN GW LEMOT BANGET JADI GW KE PERPUS AJA BUAT NGERJAIN TUGAS
2456;1287;11-50;3488255.0;text;;[];False;False;021e7ca3ed092081;[];EH DENGER GOSIP BELUM
2457;1287;101-500;3488300.0;text;;[];False;False;021e7ca3ed092081;[];HARI INI GW ISENG NYOBA BIKIN KOPI PAKE METODE V60 YANG LAGI HYPE DI KALANGAN ANAK ANAK KAMPUS. BELI ALATNYA LUMAYAN MAHAL SIH TAPI HASILNYA EMANG BEDA DARI KOPI SACHET BIASA. KOPINYA LEBIH SMOOTH DAN GA TERLALU PAHIT. KAYAKNYA GW BAKAL KETAGIHAN NIH BIKIN KOPI SENDIRI TIAP PAGI SEBELUM KE KAMPUS
2458;1287;101-500;3488542.0;text;;[];False;False;021e7ca3ed092081;[];HARI INI GW ISENG NYOBA BIKIN KOPI PAKE METODE V60 YANG LAGI HYPE DI KALANGAN ANAK ANAK KAMPUS. BELI ALATNYA LUMAYAN MAHAL SIH TAPI HASILNYA EMANG BEDA DARI KOPI SACHET BIASA. KOPINYA LEBIH SMOOTH DAN GA TERLALU PAHIT. KAYAKNYA GW BAKAL KETAGIHAN NIH BIKIN KOPI SENDIRI TIAP PAGI SEBELUM KE KAMPUS
2459;1288;101-500;3495965.0;text;;['😅'];True;False;ccd7e3655eff31e6;[];gw lg bimbang nih antara mau ikut organisasi kampus atau fokus ke akademik aja. menurut kalian gmn sih, worth it ga sih ikut organisasi? soalnya gw denger banyak yg bilang bs nambah soft skill tp di sisi lain waktu buat belajar jadi berkurang kan, gmn pengalaman kalian?
2460;1288;11-50;3500482.0;text;;[];False;False;ccd7e3655eff31e6;[];kopi susu yg biasa ya
2461;1289;51-100;3506818.0;text;;[];False;False;301550f41d8e1276;[];dosen killer tu ternyata baik bgt orangnya kalo diajak ngborol santai
2462;1289;1-10;3506826.0;text;;[];False;False;301550f41d8e1276;[];oot
2463;1289;11-50;3506848.0;text;;[];False;False;301550f41d8e1276;[];futsal besok jadi ga
2464;1289;11-50;3506858.0;text;;[];False;False;301550f41d8e1276;[];pertandignan bola taid malam gila
2465;1289;11-50;3507101.0;text;;[];False;False;ccd7e3655eff31e6;[];pertandingan bola tadi malam gila
2466;1289;1-10;3507166.0;text;;['🌝'];False;False;392140d2285645e4;[];ih
2467;1289;51-100;3515954.0;text;;[];True;False;301550f41d8e1276;[];kira kira klao gw appyl mgaang skrg msh keburu ga ya?
2468;1290;51-100;3528727.0;text;2392.0;[];False;False;c9b963274b33b88e;[];jangan lupa besok kumpul di lobby kampus jam... 8 pagi buat berangkat bareng
2469;1290;1-10;3536090.0;text;;[];False;False;e7d2ce0ba56e7fbb;[];tuh
2470;1290;1-10;3536092.0;text;;['🥺'];False;False;e7d2ce0ba56e7fbb;[];nah
2471;1290;51-100;3536096.0;text;;[];False;False;e7d2ce0ba56e7fbb;[];jangan lupa besok,,, kumpul di lobby,,, kampus jam 8 pagi buat berangkat bareng
2472;1290;11-50;3536163.0;text;;[];True;False;159aad3a1966ebab;[];ADA YANG PUNYA CATETAN?
2473;1290;1-10;3536165.0;text;;[];False;False;159aad3a1966ebab;[];NAH
2474;1290;11-50;3536172.0;text;;[];False;False;70b7044e6650314d;[];gw baru aja dr kampus
2475;1290;11-50;3536175.0;text;;[];False;False;70b7044e6650314d;[];sidang minggu depan doain ya
2476;1290;51-100;3536193.0;text;;[];False;False;e7d2ce0ba56e7fbb;[];jangan lupa besok kumpul di lobby,,, kampus jam 8,,, pagi buat berangkat bareng
2477;1290;101-500;3536197.0;text;;[];True;False;d9dfce195e2645dd;[];gw lagi bimbang nihhh antara mau ikut organisasi kampus atauu fokus ke akademik aja. menurut kalian gimanaaa sih, worth it ga sih ikut organisasi? soalnya gw denger banyak yanggg bilanggg bisaaaa nambahhhh soft skilll tapi di sisiiii lain waktuuu buat belajar jadi berkurang kan, gimana pengalaman kalian?
2478;1290;11-50;3536209.0;text;;[];True;False;e7d2ce0ba56e7fbb;[];gimana kabar lu sekarang?
2479;1290;11-50;3536209.0;text;;[];True;False;70b7044e6650314d;[];boleh gw ikut ga?
2480;1290;11-50;3536221.0;text;;[];False;False;d9dfce195e2645dd;[];lu udah makan belumm
2481;1290;11-50;3536229.0;text;;[];False;False;e7d2ce0ba56e7fbb;[];tugas kelompok bikin pusing
2482;1290;11-50;3536240.0;text;;['🤣', '🙃'];False;False;e7d2ce0ba56e7fbb;[];kelas tambahan hari sabtu sih
2483;1290;11-50;3536360.0;text;;[];False;False;d9dfce195e2645dd;[];sidang minggu depan doain ya
2484;1290;101-500;3537841.0;text;;[];True;False;159aad3a1966ebab;[];EH ADA YANG PUNYA REKOMENDASI LAPTOP BUDGET 5 JUTAAN YANG BAGUS BUAT KULIAH DAN NGODING GA? LAPTOP GW YANG SEKARANG UDAH MULAI LEMOT DAN SERING NGEHANG KALO BUKA BANYAK TAB. PENGENNYA SIH YANG RINGAN BUAT DIBAWA KE KAMPUS TAPI TETEP KENCENG PERFORMANYA, ADA SARAN?
2485;1290;11-50;3537854.0;text;;[];False;False;159aad3a1966ebab;['e7d2ce0ba56e7fbb'];GW BARU AJA DARI KAMPUS
2486;1290;51-100;3537877.0;text;;[];False;False;159aad3a1966ebab;[];KEMARIN GW KE TOKO BUKU BELI NOVEL BARU SAMA BUKU REFERENSI BUAT SKRIPSI
2487;1290;1-10;3537892.0;text;;[];True;False;70b7044e6650314d;[];dmn?
2488;1290;11-50;3537908.0;text;;[];False;False;159aad3a1966ebab;[];MIE AYAM PAK KUMIS JUARA SIH
2489;1290;1-10;3537919.0;text;;['👍'];False;False;70b7044e6650314d;[];sabi
2490;1290;1-10;3537939.0;text;;[];False;False;e7d2ce0ba56e7fbb;[];aman
2491;1290;11-50;3537939.0;text;;['🥺'];False;False;e7d2ce0ba56e7fbb;[];warteg depan,,, kampus,,, enak
2492;1290;1-10;3537951.0;text;;['❤️'];False;False;159aad3a1966ebab;[];SABI
2493;1290;51-100;3538042.0;text;;[];True;False;301550f41d8e1276;[];menurut lu gw hrs ambil mata kuliah pilihan yg mana semester depan?
2494;1290;1-10;3538130.0;text;;[];False;False;41acf68aa801bbd1;[];done
2495;1290;51-100;3538133.0;text;;[];False;False;41acf68aa801bbd1;[];kosan gw bocor lagi pas hujan semalam, kasur gw basah semua parah banget
2496;1290;11-50;3538146.0;text;;[];False;False;41acf68aa801bbd1;[];tugas kelompok bikin pusing
2497;1291;11-50;3545209.0;text;;[];False;False;28f443107967a03d;[];bokap gw lagi di luar kota
2498;1291;1-10;3545210.0;text;;[];False;False;28f443107967a03d;[];pasti
2499;1291;11-50;3545225.0;text;;[];False;False;28f443107967a03d;[];duit bulanan belum dikirim
2500;1291;101-500;3545283.0;text;;[];False;False;28f443107967a03d;[];gw pengen curhat sedikit nih. akhir akhir ini gw ngerasa burnout banget sama rutinitas kuliah... yang itu itu aja. bangun pagi, kuliah, tugas, tidur,... repeat.... kadang gw ngerasa kayak robot yang cuma... jalan sesuai program... tanpa tau tujuan akhirnya apa.... mungkin gw butuh liburan... beneran buat refresh otak...
2501;1292;11-50;3548679.0;text;;[];False;False;301550f41d8e1276;[];masak senidri lebih hemat sih
2502;1292;11-50;3549534.0;text;;['👍'];False;False;70b7044e6650314d;[];nongkrong yuk di kafe biasa
2503;1292;11-50;3549552.0;text;;[];False;False;7430439a03fe249a;[];gw lagi diet tapi gagal mulu!!!
2504;1292;101-500;3550074.0;text;;[];True;False;c9b963274b33b88e;[];guys ada yang... tau ga sih kenapa sistem registrasi online kampus sering banget error pas masa pengisian KRS? tiap semester selalu gitu bikin stres, mana... harus rebutan mata kuliah yang... kuotanya dikit banget lagi. apa emang... servernya ga kuat ya... nampung banyak mahasiswa sekaligus?
2505;1292;1-10;3550093.0;text;;[];False;False;021e7ca3ed092081;[];LOL
2506;1292;11-50;3550099.0;text;;[];False;False;c9b963274b33b88e;[];masak sendiri lebih hemat sih
2507;1292;1-10;3550103.0;text;;[];False;False;021e7ca3ed092081;[];GASS
2508;1292;51-100;3550127.0;text;;[];False;False;021e7ca3ed092081;[];WEEKEND INI GW MAU STAYCATION AJA DI KOSAN BINGE WATCHING SERIES BARU
2509;1292;11-50;3550141.0;text;;[];False;False;021e7ca3ed092081;[];TADI GW MAKAN NASI PADANG
2510;1292;51-100;3550306.0;text;;[];True;False;41acf68aa801bbd1;[];ada yang tau kenapa kantin kampus tutup lebih awal hari ini ga sih?
2511;1292;51-100;3550488.0;text;;[];True;False;c9b963274b33b88e;[];ada yang tau... kenapa kantin... kampus tutup lebih awal hari ini ga... sih?
2512;1292;1-10;3550728.0;text;;[];False;False;021e7ca3ed092081;[];AYOK
2513;1292;1-10;3550866.0;text;;[];False;False;c9b963274b33b88e;[];sip
2514;1292;11-50;3551212.0;text;;[];True;False;27343f8a1c54ae69;[];bayar berapa sih tadi?
2515;1292;11-50;3551244.0;text;;[];False;False;eb0f8f13d8134049;[];nongkrong yuk di kafe biasa
2516;1292;1-10;3551250.0;text;;[];False;False;27343f8a1c54ae69;[];Ayok.
2517;1292;1-10;3551252.0;text;;[];False;False;70b7044e6650314d;[];sip
2518;1292;51-100;3551271.0;text;;[];True;False;27343f8a1c54ae69;[];ada yang tau kenapa kantin kampus tutup lebih awal hari ini ga sih?
2519;1292;11-50;3551292.0;text;;[];False;False;27343f8a1c54ae69;[];Indomie telor udah cukup kok.
2520;1292;11-50;3551938.0;text;;[];True;False;021e7ca3ed092081;[];UDAH SAMPE BELOM?
2521;1292;101-500;3551974.0;text;;[];True;False;021e7ca3ed092081;[];MENURUT KALIAN KENAPA YA GENERASI KITA TUH KAYAKNYA LEBIH GAMPANG STRES DAN BURNOUT DIBANDING GENERASI ORANG TUA KITA DULU? APA KARENA TEKANAN SOSMED ATAU EMANG TUNTUTAN HIDUP YANG MAKIN TINGGI YA? GW PENASARAN AJA SIH SOALNYA TEMEN TEMEN GW BANYAK YANG NGELUH HAL YANG SAMA
2522;1292;11-50;3551984.0;text;;[];True;False;021e7ca3ed092081;[];BAYAR BERAPA SIH TADI?
2523;1292;11-50;3552049.0;text;;[];False;False;41acf68aa801bbd1;[];bakso malang itu buka ga ya
2524;1292;101-500;3552141.0;text;;[];False;False;021e7ca3ed092081;[];KEMARIN MALEM GW SAMA TEMEN TEMEN NONGKRONG DI WARKOP BIASA SAMPE JAM 12 MALEM. KITA NGOBROL BANYAK HAL DARI MULAI TUGAS KULIAH, RENCANA LIBURAN, SAMPE MASALAH PERCINTAAN. SERU SIH WALAU BESOKNYA GW KESIANGAN MASUK KELAS PAGI DAN DOSEN NEGUR DI DEPAN SEMUA ORANG. MALU TAPI YA GIMANA LAGI
2525;1292;11-50;3552235.0;text;;[];False;False;41acf68aa801bbd1;[];porsi makan gw nambah terus
2526;1292;11-50;3552251.0;text;;[];False;False;021e7ca3ed092081;[];PORSI MAKAN GW NAMBAH TERUS
2527;1292;1-10;3552260.0;text;;[];False;False;021e7ca3ed092081;[];SIS
2528;1292;51-100;3552639.0;text;;[];False;False;367583db0e7f7ca2;[];tadi di kantin ketemu anak angkatan bawahhhh yangggg kenallll sama temen sma gw
2529;1292;11-50;3554118.0;text;;[];True;False;0f5b3d2e1b2e9951;[];bawa motor apa naik apa?
2530;1292;11-50;3554124.0;text;;[];True;False;0f5b3d2e1b2e9951;[];bawa motor apa naik apa?
2531;1292;0;3554136.0;unknown;;[];False;False;021e7ca3ed092081;[];[Media tidak dikenal]
2532;1292;11-50;3554349.0;text;;[];False;False;d9dfce195e2645dd;[];indomieee telor udah cukup kok
2533;1292;11-50;3554356.0;text;;[];False;False;d9dfce195e2645dd;[];nongkrongg yukk di kafeeee biasaaaa
2534;1292;51-100;3554380.0;text;;[];False;False;d9dfce195e2645dd;[];weekendddd ini gw mau staycation aja di kosan bingeee watching series baru
2535;1292;11-50;3554438.0;text;;[];False;False;021e7ca3ed092081;[];NONGKRONG YUK DI KAFE BIASA
2536;1292;11-50;3554441.0;text;;[];False;False;c9b963274b33b88e;[];tadi gw makan nasi padang
2537;1292;101-500;3554507.0;text;;[];True;False;c9b963274b33b88e;[];gw lagi bimbang... nih antara mau ikut organisasi kampus atau fokus ke... akademik aja. menurut... kalian gimana sih, worth it ga sih ikut organisasi?... soalnya gw denger banyak yang bilang bisa nambah soft skill tapi... di sisi lain waktu buat belajar jadi berkurang kan, gimana pengalaman kalian?
2538;1292;11-50;3554518.0;text;;[];True;False;d9dfce195e2645dd;[];udahh sampe belom?
2539;1292;11-50;3554520.0;text;;[];False;False;d9dfce195e2645dd;[];es tehhhh manis satu ya bang
2540;1292;11-50;3554521.0;text;;[];False;False;d9dfce195e2645dd;[];porsi makann gw nambah terus
2541;1292;11-50;3554592.0;text;;[];False;False;c9b963274b33b88e;[];gw mau nyoba restoran baru
2542;1292;51-100;3554768.0;text;;[];False;False;27343f8a1c54ae69;[];Weekend ini gw mau staycation aja di kosan binge watching series baru.
2543;1292;51-100;3554837.0;text;;[];True;False;0f5b3d2e1b2e9951;[];ad yg tau knp kantin kampus tutup lebih awal hari ni ga... sih?
2544;1292;101-500;3554905.0;text;;[];False;False;c9b963274b33b88e;[];kemarin malem gw sama temen temen nongkrong di warkop biasa sampe jam 12 malem. kita ngobrol banyak hal dari mulai tugas kuliah, rencana liburan,... sampe masalah percintaan. seru sih walau... besoknya gw kesiangan masuk kelas pagi dan dosen negur di depan semua orang. malu tapi... ya gimana lagi
2545;1292;1-10;3554911.0;text;;[];False;False;0f5b3d2e1b2e9951;[];woy
2546;1292;11-50;3554923.0;text;;[];False;True;0f5b3d2e1b2e9951;[];enak bgt makanannya!
2547;1292;51-100;3554935.0;text;;[];False;False;0f5b3d2e1b2e9951;[];dompet gw ilang kemarin di angkot tp alhamdulillah ad yg... nemuin
2548;1292;11-50;3554947.0;text;;[];False;False;c9b963274b33b88e;[];tadi gw makan nasi... padang...
2549;1292;1-10;3555133.0;text;;[];True;False;021e7ca3ed092081;[];KOK?
2550;1292;51-100;3555139.0;text;;[];False;False;021e7ca3ed092081;[];DOMPET GW ILANG KEMARIN DI ANGKOT TAPI ALHAMDULILLAH ADA YANG NEMUIN
2551;1292;1-10;3555178.0;text;;[];False;False;0f5b3d2e1b2e9951;[];cuy
2552;1292;51-100;3555207.0;text;;[];False;False;0f5b3d2e1b2e9951;[];gw lg bingung milih topik skripsi antara dua tema yg sm menariknya...
2553;1292;1-10;3555226.0;text;;[];False;False;021e7ca3ed092081;[];CUY
2554;1292;11-50;3555226.0;text;;[];False;False;021e7ca3ed092081;[];GW MAU PESEN GOFOOD DULU
2555;1292;101-500;3556406.0;text;;[];False;False;0f5b3d2e1b2e9951;[];kemarin malem gw sm temen temen nongkrong di warkop biasa sampe jam... 12 malem. kita ngobrol banyak hal dr mulai tugas kuliah, rencana liburan,... sampe... masalah percintaan. seru... sih walau besoknya gw kesiangan masuk kelas... pagi dan dosen negur di depan smua orang. malu tp... ya gmn lg...
2556;1292;11-50;3556434.0;text;;[];False;False;41acf68aa801bbd1;[];es teh manis satu ya bang
2557;1292;11-50;3556493.0;text;;[];True;False;cc1eca4e77e4faa9;[];udah sampe belom?
2558;1292;11-50;3556781.0;text;;[];False;False;301550f41d8e1276;[];gw mau pesne goofod dulu
2559;1292;11-50;3557068.0;text;;[];False;False;021e7ca3ed092081;[];NONGKRONG YUK DI KAFE BIASA
2560;1292;11-50;3557081.0;text;;[];False;False;021e7ca3ed092081;[];ES TEH MANIS SATU YA BANG
2561;1292;101-500;3557162.0;text;;[];True;False;021e7ca3ed092081;[];GUYS ADA YANG TAU GA SIH KENAPA SISTEM REGISTRASI ONLINE KAMPUS SERING BANGET ERROR PAS MASA PENGISIAN KRS? TIAP SEMESTER SELALU GITU BIKIN STRES, MANA HARUS REBUTAN MATA KULIAH YANG KUOTANYA DIKIT BANGET LAGI. APA EMANG SERVERNYA GA KUAT YA NAMPUNG BANYAK MAHASISWA SEKALIGUS?
2562;1292;11-50;3557167.0;text;;[];False;False;cc1eca4e77e4faa9;[];tadi gw makan nasi padang
2563;1292;0;3557393.0;image/jpeg;;[];False;False;0f5b3d2e1b2e9951;[];[Foto]
2564;1292;101-500;3557462.0;text;;[];True;False;021e7ca3ed092081;[];GW LAGI BIMBANG NIH ANTARA MAU IKUT ORGANISASI KAMPUS ATAU FOKUS KE AKADEMIK AJA. MENURUT KALIAN GIMANA SIH, WORTH IT GA SIH IKUT ORGANISASI? SOALNYA GW DENGER BANYAK YANG BILANG BISA NAMBAH SOFT SKILL TAPI DI SISI LAIN WAKTU BUAT BELAJAR JADI BERKURANG KAN, GIMANA PENGALAMAN KALIAN?
2565;1292;11-50;3557480.0;text;;[];False;False;0f5b3d2e1b2e9951;[];gw mau nyoba restoran baru
2566;1292;1-10;3557491.0;text;;[];False;False;021e7ca3ed092081;[];GASS
2567;1292;11-50;3557497.0;text;;[];False;False;021e7ca3ed092081;[];GW MAU NYOBA RESTORAN BARU
2568;1292;1-10;3557536.0;text;;[];False;False;021e7ca3ed092081;[];BENER
2569;1292;101-500;3557888.0;text;;[];False;False;b04f4644141f9ef4;[];keamrin malem gw sm temen temen nongkrong di warkop biasa sampe jam 12 malem. kita ngobrol banyak hal dr mulai tugas kuliah, rencana liburan, samep masalah percintaan. seru sih walau besoknya gw kesiangan masuk kelas pagi dan dosen negur di depan smua orang. malu tp ya gmn lg
2570;1292;1-10;3557895.0;text;;[];True;False;b04f4644141f9ef4;[];serius?
2571;1292;1-10;3558517.0;text;;['🥺'];False;False;2e122f745ec54737;[];bro
2572;1292;51-100;3558518.0;text;;[];True;False;2e122f745ec54737;[];ada yang tau kenapa kantinnnn kampus tutup lebih awalll harii iniiii ga sih?
2573;1292;1-10;3558519.0;text;;[];False;False;2e122f745ec54737;[];lol
2574;1292;101-500;3558737.0;text;;[];True;False;021e7ca3ed092081;[];MENURUT KALIAN KENAPA YA GENERASI KITA TUH KAYAKNYA LEBIH GAMPANG STRES DAN BURNOUT DIBANDING GENERASI ORANG TUA KITA DULU? APA KARENA TEKANAN SOSMED ATAU EMANG TUNTUTAN HIDUP YANG MAKIN TINGGI YA? GW PENASARAN AJA SIH SOALNYA TEMEN TEMEN GW BANYAK YANG NGELUH HAL YANG SAMA
2575;1292;11-50;3558744.0;text;;[];True;False;021e7ca3ed092081;[];BAWA MOTOR APA NAIK APA?
2576;1292;101-500;3560027.0;text;;[];False;False;e3e22dc73269635e;[];kemarin mlaem gw sm temen temen nongkrong di warkop biasa sampe jam 12 malem. kiat nogbrol banyak hal dr mulai tugas kuilah, rencana liburan, sampe masalah percintaan. seru sih waalu besoknya gw kseiangan masku kelas pagi dan dsoen negur di dpean smua ornag. malu tp ya gmn lg
2577;1292;101-500;3560053.0;text;;[];False;False;e3e22dc73269635e;[];kemarin malme gw sm teemn temen nongkrong di warkop biasa sampe jam 12 malem. kita ngobrol banyak hal dr mulai tugas kuliah, renacna liburan, sapme masalah percintaan. seru sih walau besoknya gw kesiangan masuk kelas pagi dan dosen negur di depan smua orang. malu tp ya gmn lg
2578;1292;11-50;3560062.0;text;;[];False;False;e3e22dc73269635e;[];porsi makna gw nambah terus
2579;1292;11-50;3560078.0;text;;[];False;False;70b7044e6650314d;[];es teh manis satu ya bang
2580;1292;51-100;3560094.0;text;;[];False;False;b04f4644141f9ef4;[];weekend ni gw mau staycation aja di kosan binge watching series baru
2581;1292;51-100;3560285.0;text;;[];True;False;631ff720acdd094f;[];ada yang tau kenapa kantin kampus tutup lebih awal hari ini ga sih?
2582;1292;1-10;3560306.0;text;;['🤷\u200d♂️'];False;False;70b7044e6650314d;[];woy
2583;1292;51-100;3560593.0;text;;[];False;False;b4fc5a22b27ed5ac;[];gw udah download... smua materi kuliah tp blm sempat baca sm sekali
2584;1292;1-10;3560614.0;text;;[];False;False;b4fc5a22b27ed5ac;[];cuy
2585;1292;11-50;3560618.0;text;;[];False;False;b4fc5a22b27ed5ac;[];sarapan dulu baru mikir
2586;1292;11-50;3560632.0;text;;[];True;False;b4fc5a22b27ed5ac;[];bawa motor apa naik apa?
2587;1292;11-50;3560651.0;text;;[];True;False;b4fc5a22b27ed5ac;[];tu beneran apa hoax?
2588;1292;51-100;3560716.0;text;;[];True;False;631ff720acdd094f;[];ada yang tau kenapa kantin kampus tutup lebih awal hari ini ga sih?
2589;1292;11-50;3560810.0;text;;[];False;False;b4fc5a22b27ed5ac;[];nongkrong yuk di kafe biasa
2590;1292;11-50;3560822.0;text;;[];False;False;b4fc5a22b27ed5ac;[];kopi susu yg biasa ya
2591;1292;101-500;3561236.0;text;;[];True;True;c9b963274b33b88e;[];eh ada yang punya rekomendasi laptop budget 5 jutaan yang... bagus buat... kuliah dan ngoding... ga? laptop gw yang sekarang udah mulai lemot dan... sering ngehang kalo... buka banyak tab.... pengennya sih yang ringan buat dibawa ke kampus tapi tetep kenceng performanya,... ada saran?
2592;1292;11-50;3561316.0;text;;[];False;False;0f5b3d2e1b2e9951;[];gw lg diet tp gagal... mulu
2593;1292;11-50;3561326.0;text;;[];False;False;0f5b3d2e1b2e9951;[];tadi gw makan... nasi... padang...
2594;1292;11-50;3561382.0;text;;[];False;False;021e7ca3ed092081;[];SARAPAN DULU BARU MIKIR
2595;1292;11-50;3561433.0;text;;[];False;False;c9b963274b33b88e;[];tadi gw makan nasi padang
2596;1292;51-100;3561759.0;text;;[];False;False;edfade69974f97fe;[];Tadi di kantin ketemu anak angkatan bawah yang kenal sama temen SMA gw.
2597;1292;51-100;3561773.0;text;;[];False;False;edfade69974f97fe;[];Weekend ini gw mau staycation aja di kosan binge watching series baru.
2598;1292;11-50;3561927.0;text;;[];True;False;0f5b3d2e1b2e9951;[];bawa motor apa naik apa?
2599;1292;1-10;3561967.0;text;;[];False;False;b4fc5a22b27ed5ac;[];gass
2600;1292;1-10;3563341.0;text;;[];False;False;301550f41d8e1276;[];benre
2601;1292;51-100;3563363.0;text;;[];True;False;301550f41d8e1276;[];ad yg tau knp kantin kampus ttuup lebih awal hari ni ga sih?
2602;1292;1-10;3563373.0;text;;[];False;False;b4fc5a22b27ed5ac;[];sip
2603;1292;11-50;3563383.0;text;;[];False;False;b4fc5a22b27ed5ac;[];es teh manis satu... ya bang
2604;1292;11-50;3563383.0;text;;[];False;False;301550f41d8e1276;[];sarapan dulu baru mikir
2605;1292;1-10;3563391.0;text;;[];False;False;b4fc5a22b27ed5ac;[];woy
2606;1292;1-10;3563391.0;text;;[];False;False;301550f41d8e1276;[];bro
2607;1292;1-10;3563393.0;text;;[];False;False;301550f41d8e1276;[];yep
2608;1292;101-500;3565580.0;text;;[];True;False;c9b963274b33b88e;[];eh ada yang punya rekomendasi laptop budget 5 jutaan yang bagus buat... kuliah dan ngoding... ga? laptop gw... yang sekarang udah... mulai lemot dan... sering ngehang kalo buka... banyak tab.... pengennya sih yang... ringan buat dibawa ke kampus tapi tetep kenceng performanya, ada saran?
2609;1292;1-10;3566487.0;text;;[];False;False;631ff720acdd094f;[];sis
2610;1292;11-50;3566499.0;text;;[];False;False;631ff720acdd094f;[];bakso malang itu buka ga ya
2611;1292;1-10;3566515.0;text;;[];True;False;021e7ca3ed092081;[];KOK?
2612;1292;51-100;3566531.0;text;;[];True;False;631ff720acdd094f;[];ada yang tau kenapa kantin kampus tutup lebih awal hari ini ga sih?
2613;1292;1-10;3566539.0;text;;[];False;False;631ff720acdd094f;[];gass
2614;1292;11-50;3566547.0;text;;[];True;False;631ff720acdd094f;[];bawa motor apa naik apa?
2615;1292;1-10;3566552.0;text;;[];False;False;159aad3a1966ebab;[];AYOK
2616;1292;11-50;3566554.0;text;;[];False;False;631ff720acdd094f;[];tadi gw makan nasi padang
2617;1292;1-10;3566555.0;text;;[];False;False;021e7ca3ed092081;[];BENER
2618;1292;11-50;3566560.0;text;;[];False;False;631ff720acdd094f;[];gw lagi diet tapi gagal mulu
2619;1292;11-50;3566567.0;text;;[];False;False;159aad3a1966ebab;[];PORSI MAKAN GW NAMBAH TERUS
2620;1292;51-100;3566570.0;text;;[];False;False;631ff720acdd094f;[];weekend ini gw mau staycation aja di kosan binge watching series baru
2621;1292;1-10;3566571.0;text;;[];False;False;631ff720acdd094f;[];lol
2622;1292;1-10;3566574.0;text;;[];False;False;159aad3a1966ebab;[];BENER
2623;1292;11-50;3566595.0;text;;[];False;False;159aad3a1966ebab;[];NONGKRONG YUK DI KAFE BIASA
2624;1292;51-100;3566606.0;text;;[];True;False;631ff720acdd094f;[];ada yang tau kenapa kantin kampus tutup lebih awal hari ini ga sih?
2625;1292;51-100;3566611.0;text;;[];False;False;28f443107967a03d;[];dompet gw ilang kemarin di angkot tapi alhamdulillah... ada yang nemuin
2626;1292;11-50;3566613.0;text;;[];False;False;631ff720acdd094f;[];gw lagi diet tapi gagal mulu
2627;1292;11-50;3566625.0;text;;[];False;False;021e7ca3ed092081;[];MASAK SENDIRI LEBIH HEMAT SIH
2628;1292;11-50;3566627.0;text;;[];False;False;631ff720acdd094f;[];indomie telor udah cukup kok
2629;1292;11-50;3566630.0;text;;[];False;False;021e7ca3ed092081;[];GW LAGI DIET TAPI GAGAL MULU
2630;1292;1-10;3566637.0;text;;[];False;False;021e7ca3ed092081;[];GASS
2631;1292;51-100;3566643.0;text;;[];False;False;631ff720acdd094f;[];gw udah download semua materi kuliah tapi belum sempat baca sama sekali
2632;1292;11-50;3566644.0;text;;[];False;False;021e7ca3ed092081;[];TADI GW MAKAN NASI PADANG
2633;1292;11-50;3566646.0;text;;[];False;False;021e7ca3ed092081;[];INDOMIE TELOR UDAH CUKUP KOK
2634;1292;11-50;3566651.0;text;;[];False;False;021e7ca3ed092081;[];BAKSO MALANG ITU BUKA GA YA
2635;1292;11-50;3566662.0;text;;[];False;False;631ff720acdd094f;[];bakso malang itu buka ga ya
2636;1292;11-50;3566796.0;text;;[];False;False;021e7ca3ed092081;[];BAKSO MALANG ITU BUKA GA YA
2637;1292;11-50;3566796.0;text;;[];True;False;021e7ca3ed092081;[];BAYAR BERAPA SIH TADI?
2638;1292;0;3566799.0;image/jpeg;;[];False;False;021e7ca3ed092081;[];[Foto]
2639;1292;11-50;3566819.0;text;;[];False;False;631ff720acdd094f;[];gw lagi diet tapi gagal mulu
2640;1292;11-50;3566821.0;text;;[];False;False;631ff720acdd094f;[];sarapan dulu baru mikir
2641;1292;11-50;3566831.0;text;;[];False;False;021e7ca3ed092081;[];GW MAU PESEN GOFOOD DULU
2642;1292;11-50;3566835.0;text;;[];True;False;301550f41d8e1276;[];bwaa motor apa naik apa?
2643;1292;1-10;3566844.0;text;;[];False;False;159aad3a1966ebab;[];AYOK
2644;1292;11-50;3566859.0;text;;[];False;False;631ff720acdd094f;[];nongkrong yuk di kafe biasa
2645;1292;1-10;3566868.0;text;;[];False;False;301550f41d8e1276;[];lol
2646;1292;11-50;3566868.0;text;;[];False;False;301550f41d8e1276;[];sarapan dulu brau mkiir
2647;1292;1-10;3566870.0;text;;[];False;False;021e7ca3ed092081;[];NGAB
2648;1292;11-50;3566878.0;text;;[];False;False;021e7ca3ed092081;[];GW MAU PESEN GOFOOD DULU
2649;1292;11-50;3566906.0;text;;[];False;False;021e7ca3ed092081;[];INDOMIE TELOR UDAH CUKUP KOK
2650;1292;51-100;3566908.0;text;;[];False;False;021e7ca3ed092081;[];GW LAGI BINGUNG MILIH TOPIK SKRIPSI ANTARA DUA TEMA YANG SAMA MENARIKNYA
2651;1292;11-50;3566910.0;text;2580.0;[];False;False;e3e22dc73269635e;[];es teh manis stau ya bang
2652;1292;11-50;3566918.0;text;2650.0;[];False;False;631ff720acdd094f;[];gw lagi diet tapi gagal mulu
2653;1292;1-10;3566921.0;text;;[];False;False;e3e22dc73269635e;[];sip
2654;1292;101-500;3566938.0;text;;[];False;True;e3e22dc73269635e;[];paarh bgt banjir di daerah kosan gw semalam smp air masuk ke kmaar setinggi bteis! barang barang gw bnayak yg kerendem termasuk bkuu kuliah dan sepatu. gw hrs ngungsi ke kosan temen dan skrg lg bersihin suma barang. semoga ga ad yg rusak paarh sih!
2655;1292;11-50;3566940.0;text;;[];True;False;b04f4644141f9ef4;[];bawa mtoor apa niak apa?
2656;1292;51-100;3566958.0;text;;[];False;False;e3e22dc73269635e;[];weekend ni gw mau staycation aja di ksoan binge watching sereis baru
2657;1292;1-10;3566958.0;text;;[];False;False;e3e22dc73269635e;[];sis
2658;1292;51-100;3566959.0;text;;[];True;False;631ff720acdd094f;[];ada yang tau kenapa kantin kampus tutup lebih awal hari ini ga sih?
2659;1292;51-100;3566990.0;text;;[];False;False;e3e22dc73269635e;[];dompet gw ilang kemrain di angkot tp alhamdulillah ad yg nemuin
2660;1292;11-50;3566994.0;text;;[];False;False;b04f4644141f9ef4;[];posri makan gw nambha terus
2661;1292;51-100;3567022.0;text;;[];True;False;b04f4644141f9ef4;[];ad yg tau knp kantni kampus tutup lebih awla hari ni ga shi?
2662;1292;1-10;3567029.0;text;;[];False;False;e3e22dc73269635e;[];sis
2663;1292;11-50;3567033.0;text;;[];False;False;e3e22dc73269635e;[];gw mau pesen gofood dulu
2664;1292;1-10;3567041.0;text;;[];False;False;e3e22dc73269635e;[];bener
2665;1292;11-50;3567042.0;text;;[];False;False;e3e22dc73269635e;[];nongkrong yuk di kafe biasa
2666;1292;11-50;3567050.0;text;;[];False;False;e3e22dc73269635e;[];bakso malnag tu buka ga ya
2667;1292;1-10;3567067.0;text;;[];False;False;e3e22dc73269635e;[];woy
2668;1292;51-100;3567070.0;text;;[];False;False;e3e22dc73269635e;[];gw udah download smua materi kuliah tp blm sempat bcaa sm seklai
2669;1292;11-50;3567137.0;text;;[];False;False;b04f4644141f9ef4;[];gw mau pesen goofod dulu
2670;1292;11-50;3567156.0;text;;[];False;False;159aad3a1966ebab;[];NONGKRONG YUK DI KAFE BIASA
2671;1292;1-10;3567171.0;text;2650.0;['😂'];False;False;159aad3a1966ebab;[];BENER
2672;1292;1-10;3567728.0;text;;[];False;False;301550f41d8e1276;[];gass
2673;1292;11-50;3567738.0;text;;[];False;False;301550f41d8e1276;[];gw lg diet tp gagal mulu
2674;1292;1-10;3567739.0;text;;[];False;False;301550f41d8e1276;[];cuy
2675;1292;11-50;3567746.0;text;;[];False;False;301550f41d8e1276;[];tadi gw makan nasi padang
2676;1292;11-50;3567898.0;text;;[];True;False;e7d2ce0ba56e7fbb;[];bawa motor apa naik,,, apa?
2677;1292;0;3567898.0;image/jpeg;;[];False;False;e7d2ce0ba56e7fbb;[];[Foto]
2678;1292;11-50;3567899.0;text;;['🤔'];True;False;e7d2ce0ba56e7fbb;[];udah sampe belom?
2679;1292;51-100;3567907.0;text;;['🤔'];False;False;e7d2ce0ba56e7fbb;[];gw lagi bingung milih topik skripsi antara dua tema yang sama menariknya
2680;1292;1-10;3567992.0;text;;[];False;False;301550f41d8e1276;[];lol
2681;1292;11-50;3568004.0;text;;[];False;False;e7d2ce0ba56e7fbb;[];tadi gw,,, makan,,, nasi padang
2682;1292;11-50;3568012.0;text;;['🤔'];False;False;e7d2ce0ba56e7fbb;[];porsi makan gw nambah terus
2683;1292;11-50;3568031.0;text;;['🥴'];False;False;e7d2ce0ba56e7fbb;[];es teh manis satu,,, ya bang
2684;1292;1-10;3568034.0;text;;[];False;False;e7d2ce0ba56e7fbb;[];woy
2685;1292;11-50;3568040.0;text;;[];False;False;e7d2ce0ba56e7fbb;[];nongkrong yuk di kafe,,, biasa
2686;1292;11-50;3568042.0;text;;[];False;False;e7d2ce0ba56e7fbb;[];nongkrong yuk di kafe,,, biasa
2687;1292;51-100;3568063.0;text;;['😅'];True;False;e7d2ce0ba56e7fbb;[];ada yang tau kenapa kantin kampus,,, tutup lebih awal hari ini ga sih?
2688;1293;11-50;3568696.0;text;;[];True;False;e7d2ce0ba56e7fbb;[];gw harus bawa apa aja?
2689;1293;101-500;3568771.0;text;;[];False;False;e7d2ce0ba56e7fbb;[];minggu lalu,,, gw akhirnya,,, beraniin diri,,, buat ngomong,,, sama dosen,,, pembimbing soal,,, progress skripsi yang mandek.,,, ternyata beliau pengertian banget dan kasih banyak masukan yang berguna. gw nyesel,,, ga ngomong,,, dari awal soalnya selama ini gw cuma takut ditolak,,, atau dimarahin padahal dosennya baik banget
2690;1293;11-50;3568801.0;text;;[];False;False;021e7ca3ed092081;[];CUACA HARI INI PANAS BANGET
2691;1293;1-10;3568811.0;text;;[];False;False;021e7ca3ed092081;[];OKEY
2692;1293;11-50;3568816.0;text;;[];False;False;021e7ca3ed092081;[];INTERNET MATI LAGI DI KOSAN
2693;1293;11-50;3569041.0;image/jpeg;;[];False;False;021e7ca3ed092081;[];[Foto]
2694;1293;0;3569379.0;image/jpeg;;[];False;False;70b7044e6650314d;[];[Foto]
2695;1293;51-100;3569410.0;text;;[];True;False;70b7044e6650314d;[];gmn sih caranya bikin proposal penelitian yg bagus menurut dosen?
2696;1293;51-100;3569449.0;text;;[];False;False;70b7044e6650314d;[];gw lg dengerin podcast tentang psikologi, lumayan buat nambah wawasan
2697;1293;11-50;3569987.0;text;;[];False;False;021e7ca3ed092081;[];BARU BANGUN NIH MASIH NGANTUK
2698;1293;11-50;3570001.0;text;;[];False;False;021e7ca3ed092081;[];DOMPET GW KETINGGALAN DI RUMAH
2699;1293;11-50;3570005.0;text;;[];True;False;021e7ca3ed092081;[];MASIH BUKA GA WARUNGNYA?
2700;1293;1-10;3570024.0;text;;[];False;False;70b7044e6650314d;[];okey
2701;1293;11-50;3570045.0;text;;[];False;False;021e7ca3ed092081;[];CAPEK BANGET HARI INI ASLI
2702;1293;11-50;3570057.0;text;;[];False;False;021e7ca3ed092081;[];CHARGER HP GW RUSAK LAGI
2703;1293;11-50;3570069.0;text;;[];False;False;021e7ca3ed092081;[];INTERNET MATI LAGI DI KOSAN
2704;1293;11-50;3570084.0;text;;[];True;False;021e7ca3ed092081;[];MASIH BUKA GA WARUNGNYA?
2705;1293;11-50;3570144.0;text;;[];False;False;b3f383c93a9e454c;[];baru bangun nih masih ngantuk
2706;1293;11-50;3570158.0;text;;[];False;False;b3f383c93a9e454c;[];baru bangun nih masih ngantuk
2707;1293;11-50;3570207.0;text;;[];False;False;021e7ca3ed092081;[];LU TIM MANA DUKUNGNYA
2708;1293;11-50;3570211.0;text;;[];False;False;021e7ca3ed092081;[];HP GW LOWBAT NIH
2709;1293;11-50;3570219.0;text;;[];False;False;021e7ca3ed092081;[];INTERNET MATI LAGI DI KOSAN
2710;1293;51-100;3570287.0;text;;[];False;False;021e7ca3ed092081;[];GW LAGI DENGERIN PODCAST TENTANG PSIKOLOGI, LUMAYAN BUAT NAMBAH WAWASAN
2711;1294;51-100;3573019.0;text;;[];True;False;021e7ca3ed092081;[];ADA YANG TAU KENAPA KANTIN KAMPUS TUTUP LEBIH AWAL HARI INI GA SIH?
2712;1294;1-10;3574544.0;text;;[];False;False;301550f41d8e1276;[];bro
2713;1294;51-100;3574608.0;text;;[];True;False;021e7ca3ed092081;[];ADA YANG TAU KENAPA KANTIN KAMPUS TUTUP LEBIH AWAL HARI INI GA SIH?
2714;1294;11-50;3574624.0;text;;[];False;False;301550f41d8e1276;[];porsi makan gw nambah tersu
2715;1294;11-50;3574639.0;text;;[];False;False;301550f41d8e1276;[];gw mau pesen gofood duul
2716;1294;101-500;3574691.0;text;;[];False;False;27343f8a1c54ae69;[];Kemarin malem gw sama temen temen nongkrong di warkop biasa sampe jam 12 malem. kita ngobrol banyak hal dari mulai tugas kuliah, rencana liburan, sampe masalah percintaan. seru sih walau besoknya gw kesiangan masuk kelas pagi dan dosen negur di depan semua orang. malu tapi ya gimana lagi.
2717;1294;51-100;3574734.0;text;;[];False;False;021e7ca3ed092081;[];GW LAGI BINGUNG MILIH TOPIK SKRIPSI ANTARA DUA TEMA YANG SAMA MENARIKNYA
2718;1294;51-100;3575049.0;text;;[];False;False;41acf68aa801bbd1;[];weekend ini gw mau staycation aja di kosan binge watching series baru
2719;1294;1-10;3575062.0;text;;[];False;False;41acf68aa801bbd1;[];woy
2720;1294;11-50;3575068.0;text;;[];False;False;41acf68aa801bbd1;[];masak sendiri lebih hemat sih
2721;1294;11-50;3575079.0;text;;[];True;False;021e7ca3ed092081;[];BAYAR BERAPA SIH TADI?
2722;1294;11-50;3575084.0;text;;[];False;False;021e7ca3ed092081;[];NONGKRONG YUK DI KAFE BIASA
2723;1294;11-50;3575337.0;text;;[];True;False;41acf68aa801bbd1;[];udah sampe belom?
2724;1294;11-50;3575354.0;text;;[];True;False;021e7ca3ed092081;[];ITU BENERAN APA HOAX?
2725;1294;11-50;3575475.0;text;;[];False;False;41acf68aa801bbd1;[];porsi makan gw nambah terus
2726;1294;11-50;3575482.0;text;;[];False;False;41acf68aa801bbd1;[];indomie telor udah cukup kok
2727;1294;51-100;3575495.0;text;;[];False;False;41acf68aa801bbd1;[];gw udah download semua materi kuliah tapi belum sempat baca sama sekali
2728;1294;11-50;3575499.0;text;;[];False;False;41acf68aa801bbd1;[];sarapan dulu baru mikir
2729;1294;11-50;3575517.0;text;;[];False;False;021e7ca3ed092081;[];INDOMIE TELOR UDAH CUKUP KOK
2730;1294;11-50;3575549.0;text;;[];False;False;41acf68aa801bbd1;[];gw mau pesen gofood dulu
2731;1294;51-100;3575565.0;text;;[];False;False;41acf68aa801bbd1;[];dompet gw ilang kemarin di angkot tapi alhamdulillah ada yang nemuin
2732;1294;51-100;3575578.0;text;;[];False;False;41acf68aa801bbd1;[];gw udah download semua materi kuliah tapi belum sempat baca sama sekali
2733;1294;11-50;3575578.0;text;;[];False;False;41acf68aa801bbd1;[];sarapan dulu baru mikir
2734;1294;11-50;3575638.0;text;;[];False;False;021e7ca3ed092081;[];MASAK SENDIRI LEBIH HEMAT SIH
2735;1295;51-100;3617220.0;text;;[];True;False;b04f4644141f9ef4;[];siapa sih yg spread gosip tu ke grup sebelah, tau ga orangnya?
2736;1295;0;3621346.0;image/jpeg;;[];False;False;631ff720acdd094f;[];[Foto]
2737;1295;0;3621366.0;image/jpeg;;[];False;False;631ff720acdd094f;[];[Foto]
2738;1295;11-50;3621374.0;text;;[];True;False;631ff720acdd094f;[];itu tempatnya jauh ga?
2739;1295;51-100;3621389.0;text;;[];False;False;631ff720acdd094f;[];gw nonton film dokumenter semalam tentang laut dan ikan, bagus banget
2740;1295;11-50;3621657.0;text;;[];True;False;28f443107967a03d;[];lu lagi ngapain... sih?
2741;1295;1-10;3621687.0;text;;[];False;False;28f443107967a03d;[];nice
2742;1295;1-10;3621694.0;text;;[];False;False;28f443107967a03d;[];yess
2743;1295;51-100;3621712.0;text;;[];False;False;28f443107967a03d;[];gw nonton film dokumenter... semalam tentang laut dan ikan, bagus banget
2744;1295;11-50;3621716.0;text;;[];False;False;28f443107967a03d;[];bokap gw lagi di luar... kota
2745;1295;11-50;3621761.0;text;;[];False;False;631ff720acdd094f;[];adek gw masuk SMA tahun ini
2746;1295;11-50;3622058.0;text;;[];False;False;41acf68aa801bbd1;[];gw lagi marathon drakor nih
2747;1295;11-50;3622061.0;text;;[];False;False;41acf68aa801bbd1;[];kakak gw baru aja nikah
2748;1295;11-50;3622061.0;text;;[];False;False;41acf68aa801bbd1;[];kakak gw baru aja nikah
2749;1295;1-10;3622062.0;text;;[];False;False;41acf68aa801bbd1;[];mager
2750;1295;11-50;3622364.0;image/jpeg;;[];False;False;631ff720acdd094f;[];[Foto]
2751;1295;101-500;3622383.0;text;;[];True;False;631ff720acdd094f;[];gw lagi bimbang nih antara mau ikut organisasi kampus atau fokus ke akademik aja. menurut kalian gimana sih, worth it ga sih ikut organisasi? soalnya gw denger banyak yang bilang bisa nambah soft skill tapi di sisi lain waktu buat belajar jadi berkurang kan, gimana pengalaman kalian?
2752;1295;11-50;3622789.0;text;;[];False;False;41acf68aa801bbd1;[];kakak gw baru aja nikah
2753;1295;1-10;3623021.0;text;;[];False;False;27343f8a1c54ae69;[];Goks.
2754;1295;1-10;3623091.0;text;;[];False;False;41acf68aa801bbd1;[];gila
2755;1295;11-50;3623099.0;text;;[];False;False;41acf68aa801bbd1;[];kakak gw baru aja nikah
2756;1295;1-10;3623125.0;text;;[];False;False;27343f8a1c54ae69;[];Yess.
2757;1295;11-50;3623143.0;text;;[];False;False;41acf68aa801bbd1;[];adek gw masuk sma tahun ini
2758;1295;11-50;3623156.0;text;;[];False;False;27343f8a1c54ae69;[];Gw baru aja ketemu mantan.
2759;1295;11-50;3623160.0;text;;[];False;False;27343f8a1c54ae69;[];Film baru di bioskop bagus ga.
2760;1295;11-50;3623196.0;text;;[];True;False;021e7ca3ed092081;[];LU LAGI NGAPAIN SIH?
2761;1295;51-100;3623202.0;text;;[];False;False;021e7ca3ed092081;[];BESOK ADA BAZAAR DI KAMPUS KATANYA BANYAK MAKANAN MURAH, PADA IKUT GA
2762;1295;11-50;3623207.0;image/jpeg;;[];True;False;631ff720acdd094f;[];[Foto]
2763;1295;11-50;3623248.0;text;;[];False;False;41acf68aa801bbd1;[];adek gw masuk sma tahun ini
2764;1295;11-50;3623263.0;text;;[];False;False;41acf68aa801bbd1;[];mama minta gw pulang weekend
2765;1295;1-10;3623273.0;text;;[];True;False;edfade69974f97fe;[];napa?
2766;1295;11-50;3623283.0;text;;[];False;False;edfade69974f97fe;[];Film baru di bioskop bagus ga.
2767;1295;11-50;3623299.0;text;;[];False;False;021e7ca3ed092081;[];KELUARGA NGUMPUL LEBARAN NANTI
2768;1295;11-50;3623303.0;text;;[];False;False;021e7ca3ed092081;[];GW LAGI MARATHON DRAKOR NIH
2769;1295;0;3623309.0;image/jpeg;;[];False;False;021e7ca3ed092081;[];[Foto]
2770;1295;1-10;3623310.0;text;;[];False;False;41acf68aa801bbd1;[];goks
2771;1295;1-10;3623310.0;text;;[];False;False;41acf68aa801bbd1;[];goks
2772;1295;101-500;3623343.0;text;;[];True;False;27343f8a1c54ae69;[];guys ada yang tau ga sih kenapa sistem registrasi online kampus sering banget error pas masa pengisian KRS? tiap semester selalu gitu bikin stres, mana harus rebutan mata kuliah yang kuotanya dikit banget lagi. apa emang servernya ga kuat ya nampung banyak mahasiswa sekaligus?
2773;1295;11-50;3623364.0;text;;['😔'];False;False;41acf68aa801bbd1;[];nyokap nanya kapan lulus
2774;1295;51-100;3623392.0;text;;[];False;False;41acf68aa801bbd1;[];gw lagi belajar masak sendiri biar ga jajan terus lumayan hemat soalnya
2775;1295;1-10;3623398.0;text;;[];False;False;41acf68aa801bbd1;[];gila
2776;1295;51-100;3623453.0;text;;[];True;False;27343f8a1c54ae69;[];siapa sih yang spread gosip itu ke grup sebelah, tau ga orangnya?
2777;1295;1-10;3623500.0;text;;[];False;False;41acf68aa801bbd1;[];noted
2778;1295;51-100;3623510.0;text;;[];False;False;41acf68aa801bbd1;[];tadi pagi gw olahraga lari keliling kampus 5 putaran badan pegel semua
2779;1296;11-50;3630067.0;text;;[];False;False;d9dfce195e2645dd;['e3e22dc73269635e'];adekkkk gw masuk smaa tahun ini
2780;1296;11-50;3630107.0;text;;[];False;False;d9dfce195e2645dd;[];gw baruuuu aja ketemu mantan
2781;1296;11-50;3630180.0;text;;[];False;False;021e7ca3ed092081;[];GW KANGEN MASAKAN RUMAH
2782;1296;11-50;3630186.0;text;;[];False;False;d9dfce195e2645dd;[];adekkk gw masuk sma tahun iniii
2783;1296;11-50;3630187.0;text;;[];False;False;d9dfce195e2645dd;[];duit bulanan belummm dikirim
2784;1296;51-100;3630192.0;text;;[];False;False;72a54ddc3b6c7053;[];besok ad bazaar di kampus katanya banyak makanan murah, pada... ikut ga
2785;1296;1-10;3630205.0;text;;[];False;False;e3e22dc73269635e;[];anjay
2786;1296;11-50;3630218.0;text;;[];False;False;e3e22dc73269635e;[];nyokap nanya kaapn lulus
2787;1296;11-50;3630226.0;text;;[];False;False;021e7ca3ed092081;[];KELUARGA NGUMPUL LEBARAN NANTI
2788;1296;11-50;3630235.0;text;;[];False;False;d9dfce195e2645dd;[];gw baruuu aja ketemu mantan
2789;1296;11-50;3630247.0;text;;[];False;False;e3e22dc73269635e;[];kakak gw baur aja nikha
2790;1296;1-10;3630248.0;text;;[];False;False;021e7ca3ed092081;[];WOLES
2791;1296;1-10;3630260.0;text;;[];False;False;e3e22dc73269635e;[];mager
2792;1296;11-50;3630267.0;text;;[];True;False;c9b963274b33b88e;[];kenapa ga bales chat... gw?
2793;1296;51-100;3630284.0;text;;[];False;False;cfa4332fcc87fa99;[];gw nonton film dokumenter semalam tentang,,, laut dan ikan,,,, bagus banget
2794;1296;11-50;3630286.0;text;;[];False;False;cfa4332fcc87fa99;[];bokap gw,,, lagi di,,, luar kota
2795;1296;1-10;3630291.0;text;;[];False;False;cfa4332fcc87fa99;[];nice
2796;1296;1-10;3630291.0;text;;[];False;False;cfa4332fcc87fa99;[];hayuk
2797;1296;101-500;3630321.0;text;;[];True;False;c9b963274b33b88e;[];menurut kalian kenapa ya generasi kita tuh kayaknya lebih gampang stres dan... burnout dibanding generasi orang tua kita dulu? apa karena tekanan sosmed atau... emang tuntutan hidup... yang... makin tinggi ya? gw penasaran aja sih soalnya temen temen gw banyak... yang ngeluh hal yang sama
2798;1296;1-10;3630487.0;text;;[];False;False;4257d3d838f5bedb;[];GOKS
2799;1296;11-50;3630491.0;text;;[];False;False;4257d3d838f5bedb;[];GW LAGI MARATHON DRAKOR NIH
2800;1296;11-50;3630527.0;text;;[];False;False;70b7044e6650314d;[];gw baru aja ketemu mantan
2801;1296;11-50;3632840.0;text;;[];True;False;e3e22dc73269635e;[];lu lg ngapain sih?
2802;1296;11-50;3632849.0;text;;[];False;False;e3e22dc73269635e;[];keluarga ngumpul lebaran ntr
2803;1296;51-100;3634643.0;text;;['🥴'];False;False;4257d3d838f5bedb;[];GW LAGI BELAJAR MASAK SENDIRI BIAR GA JAJAN TERUS LUMAYAN HEMAT SOALNYA
2804;1296;11-50;3634645.0;text;;[];False;False;4257d3d838f5bedb;[];BOKAP GW LAGI DI LUAR KOTA
2805;1296;11-50;3634741.0;text;;[];False;False;f23065b5d138024d;[];gw lagi marathon drakor nih!!!
2806;1296;11-50;3634743.0;text;;[];False;False;f23065b5d138024d;[];gw kangen masakan rumah!!
2807;1296;51-100;3634799.0;text;;[];False;False;f23065b5d138024d;[];adek gw mau masuk kuliah tahun depan gw harus bantu cariin info jurusan!!
2808;1296;11-50;3634828.0;text;;[];False;False;d7e3adf3d152bfda;[];keluarga ngumpul lebaran nanti!!
2809;1296;51-100;3635084.0;text;;[];False;False;32bf3f433d172d69;[];Gw nonton film dokumenter semalam tentang laut dan ikan, bagus banget.
2810;1297;51-100;3639059.0;text;;[];True;False;631ff720acdd094f;[];menurut lu gw harus ambil mata kuliah pilihan yang mana semester depan?
2811;1297;51-100;3639074.0;text;;[];False;False;631ff720acdd094f;[];jangan lupa besok kumpul di lobby kampus jam 8 pagi buat berangkat bareng
2812;1298;11-50;3641860.0;text;;[];False;False;2e122f745ec54737;[];dosen gw galakk banget sihh
2813;1298;1-10;3641866.0;text;;[];True;False;2e122f745ec54737;[];siapa?
2814;1299;51-100;3643820.0;image/jpeg;;[];True;False;b04f4644141f9ef4;[];[Foto]
2815;1299;11-50;3644102.0;text;;[];False;False;e3973f3f8248a706;[];gw laper bgt nih
2816;1299;0;3644125.0;image/jpeg;;[];False;False;e3973f3f8248a706;[];[Foto]
2817;1299;11-50;3644172.0;text;;[];False;False;e3973f3f8248a706;[];kelas tambahna hari sabtu sih
2818;1299;11-50;3644179.0;text;;[];False;False;e3973f3f8248a706;[];lu udah makan blm
2819;1299;11-50;3644402.0;text;;[];False;False;b04f4644141f9ef4;[];warteg depan kampus enak
2820;1299;11-50;3644411.0;text;;[];True;False;c9b963274b33b88e;[];boleh gw ikut ga?
2821;1299;11-50;3644483.0;text;;[];True;False;c9b963274b33b88e;[];boleh gw ikut ga?
2822;1299;11-50;3644632.0;image/jpeg;;[];False;False;b04f4644141f9ef4;[];[Foto]
2823;1299;11-50;3645521.0;text;;[];False;False;e3973f3f8248a706;[];dosen pembimbing ssuah ditemui
2824;1299;51-100;3645566.0;text;;[];False;False;e3973f3f8248a706;[];gw udah bikin slides presentasi tp kayankya msh kurang bagus deh isinya
2825;1299;101-500;3646139.0;text;;[];True;False;021e7ca3ed092081;[];EH ADA YANG PUNYA REKOMENDASI LAPTOP BUDGET 5 JUTAAN YANG BAGUS BUAT KULIAH DAN NGODING GA? LAPTOP GW YANG SEKARANG UDAH MULAI LEMOT DAN SERING NGEHANG KALO BUKA BANYAK TAB. PENGENNYA SIH YANG RINGAN BUAT DIBAWA KE KAMPUS TAPI TETEP KENCENG PERFORMANYA, ADA SARAN?
2826;1299;1-10;3646164.0;text;;[];False;False;021e7ca3ed092081;[];TUH
2827;1299;11-50;3646178.0;text;;[];False;False;c9b963274b33b88e;[];mie ayam pak kumis juara sih
2828;1299;51-100;3646194.0;text;;[];False;False;c9b963274b33b88e;[];jangan lupa besok kumpul di lobby... kampus jam... 8 pagi buat berangkat... bareng
2829;1299;1-10;3646200.0;text;;[];False;False;021e7ca3ed092081;[];AMAN
2830;1299;1-10;3646200.0;text;;[];False;False;021e7ca3ed092081;[];NAH
2831;1299;11-50;3646564.0;text;;[];False;False;fe835936853d47da;[];KELAS TAMBAHAN HARI SABTU SIH
2832;1299;101-500;3647035.0;text;;[];True;False;fe835936853d47da;[];EH ADA YANG PUNYA REKOMENDASI LAPTOP BUDGET 5 JUTAAN YANG BAGUS BUAT KULIAH DAN NGODING GA? LAPTOP GW YANG SEKARANG UDAH MULAI LEMOT DAN SERING NGEHANG KALO BUKA BANYAK TAB. PENGENNYA SIH YANG RINGAN BUAT DIBAWA KE KAMPUS TAPI TETEP KENCENG PERFORMANYA, ADA SARAN?
2833;1299;11-50;3648086.0;text;;[];False;False;631ff720acdd094f;[];gw baru aja dari kampus
2834;1299;11-50;3648098.0;text;;[];True;False;5636ce8be59ebaec;[];gmn kabar lu skrg?...
2835;1299;51-100;3648110.0;text;;[];True;False;631ff720acdd094f;[];menurut lu gw harus ambil mata kuliah pilihan yang mana semester depan?
2836;1299;11-50;3648443.0;text;;[];False;False;fe835936853d47da;[];SIDANG MINGGU DEPAN DOAIN YA
2837;1299;11-50;3648452.0;text;;[];True;False;fe835936853d47da;[];NTAR MALEM NGAPAIN?
2838;1299;101-500;3648495.0;text;;[];False;False;5636ce8be59ebaec;[];gw lg galau bgt nih soal masa depan.... mau lanjut s2 tp... duit ga ad, mau langsung kerja tp pengalaman... msh... minim. nyokap bilang terserah... gw aja... tp gw tau dia pengen gw cepet kerja biar bs bantu ekonomi keluarga. bingung bgt sih, kyk... smua... pilihan ad plus minusnya
2839;1299;11-50;3648510.0;text;;[];False;False;5636ce8be59ebaec;[];seminar tadi lama bgt
2840;1299;11-50;3648534.0;text;;[];False;False;fe835936853d47da;[];GW BARU AJA DARI KAMPUS
2841;1299;11-50;3648544.0;text;;[];False;False;5636ce8be59ebaec;[];sidang minggu depan doain ya...
2842;1299;11-50;3648553.0;text;;[];True;False;5cbd55139faade5b;[];boleh gw ikut ga?
2843;1299;51-100;3648561.0;text;;[];False;False;fe835936853d47da;[];KEMARIN GW KE TOKO BUKU BELI NOVEL BARU SAMA BUKU REFERENSI BUAT SKRIPSI
2844;1299;1-10;3648571.0;text;;[];False;False;301550f41d8e1276;[];alsi
2845;1299;1-10;3648579.0;text;;['🤗'];False;False;fe835936853d47da;[];NAH
2846;1299;1-10;3648602.0;text;;['😅'];False;False;5636ce8be59ebaec;[];hmm
2847;1299;11-50;3648720.0;text;;[];False;False;631ff720acdd094f;[];proposal skripsi gw ditolak
2848;1299;11-50;3648746.0;text;;[];True;False;5cbd55139faade5b;[];ad yg pny catetan?
2849;1299;11-50;3648751.0;text;;[];True;False;fe835936853d47da;[];GIMANA KABAR LU SEKARANG?
2850;1299;11-50;3648771.0;text;;[];True;False;5cbd55139faade5b;[];gmn kabar lu skrg?
2851;1299;51-100;3648775.0;text;;[];False;False;631ff720acdd094f;[];kosan gw bocor lagi pas hujan semalam, kasur gw basah semua parah banget
2852;1299;11-50;3648781.0;text;;[];False;False;631ff720acdd094f;[];dosen pembimbing susah ditemui
2853;1299;11-50;3648839.0;text;;[];False;False;fe835936853d47da;[];GW BARU AJA DARI KAMPUS
2854;1299;11-50;3648872.0;text;;[];True;False;c9b963274b33b88e;[];boleh gw ikut ga?
2855;1299;11-50;3648970.0;text;;[];False;False;fe835936853d47da;[];SEMINAR TADI LAMA BANGET
2856;1299;11-50;3648981.0;text;;[];False;False;fe835936853d47da;[];GW MAU AMBIL CUTI SEMESTER
2857;1299;1-10;3649386.0;text;;[];False;False;c9b963274b33b88e;[];aman
2858;1300;101-500;3653361.0;text;;[];True;False;c9b963274b33b88e;[];gw lagi bimbang nih antara mau ikut organisasi kampus atau fokus ke akademik aja. menurut kalian gimana sih, worth it... ga sih ikut organisasi?... soalnya gw denger banyak yang bilang bisa nambah soft skill tapi di... sisi lain waktu... buat belajar jadi berkurang kan,... gimana pengalaman kalian?
2859;1300;51-100;3653493.0;text;;[];False;False;c9b963274b33b88e;[];tadi di kantin ketemu anak angkatan bawah yang kenal sama temen SMA... gw
2860;1300;101-500;3653609.0;text;;[];False;False;c9b963274b33b88e;[];kemarin malem gw sama temen temen nongkrong di warkop biasa sampe jam 12 malem. kita ngobrol banyak hal dari mulai tugas kuliah, rencana liburan, sampe masalah percintaan. seru sih walau besoknya gw kesiangan masuk kelas pagi dan dosen negur di depan semua... orang. malu tapi ya gimana lagi
2861;1300;11-50;3654129.0;text;;[];False;False;fe835936853d47da;[];GW MAU NYOBA RESTORAN BARU
2862;1300;1-10;3654640.0;text;;[];False;False;e3973f3f8248a706;[];fix
2863;1300;51-100;3654660.0;text;;[];False;False;e3973f3f8248a706;[];dompet gw ilang kemarin di angkot tp alhamdulillah ad yg nemuin
2864;1300;11-50;3654663.0;text;;[];False;False;c9b963274b33b88e;[];nongkrong yuk di kafe biasa...
2865;1300;1-10;3654664.0;text;;[];False;False;e3973f3f8248a706;[];lol
2866;1300;11-50;3654670.0;text;;[];False;False;c9b963274b33b88e;[];indomie telor udah cukup kok
2867;1301;51-100;3707274.0;text;;[];True;False;b04f4644141f9ef4;[];ad yg tau knp knatin kampsu tutup leibh aawl hari ni ga sih?
2868;1301;101-500;3711362.0;image/jpeg;;[];True;False;b04f4644141f9ef4;[];[Foto]
2869;1301;11-50;3712419.0;text;;[];False;False;fe835936853d47da;[];GW MAU PESEN GOFOOD DULU
2870;1301;101-500;3712639.0;text;;[];False;False;c9b963274b33b88e;[];kemarin malem gw sama temen temen nongkrong di warkop biasa sampe jam 12 malem. kita ngobrol... banyak hal dari mulai... tugas kuliah, rencana liburan,... sampe masalah percintaan. seru sih walau besoknya gw kesiangan masuk kelas pagi dan dosen negur di depan semua orang. malu tapi ya gimana lagi...
2871;1301;11-50;3712652.0;text;;[];False;False;c9b963274b33b88e;[];porsi makan gw... nambah terus
2872;1301;1-10;3713105.0;text;;[];False;False;b04f4644141f9ef4;[];gsas
2873;1301;51-100;3715072.0;text;;[];True;False;c9b963274b33b88e;[];ada yang tau kenapa... kantin kampus tutup lebih awal hari ini ga sih?
2874;1301;51-100;3715555.0;text;;[];False;False;b04f4644141f9ef4;[];weekend ni gw mau staycation aja di kosan binge watching series baru
2875;1301;51-100;3718073.0;text;;[];True;False;631ff720acdd094f;[];ada yang tau kenapa kantin kampus tutup lebih awal hari ini ga sih?
2876;1302;11-50;3728758.0;text;;[];True;False;2e122f745ec54737;[];bisa jemput gw ga?
2877;1302;11-50;3729218.0;text;;[];False;False;631ff720acdd094f;[];hujan deres ga bawa payung
2878;1302;51-100;3729221.0;text;;[];False;False;631ff720acdd094f;[];gw seneng banget akhirnya bisa ketemu temen temen lama setelah lama ga
2879;1302;51-100;3729243.0;text;;[];True;False;631ff720acdd094f;[];ada yang punya softcopy buku mata kuliah statistik semester ini ga?
2880;1302;51-100;3729498.0;text;;[];False;False;fe835936853d47da;[];GW LAGI DENGERIN PODCAST TENTANG PSIKOLOGI, LUMAYAN BUAT NAMBAH WAWASAN
2881;1302;1-10;3729674.0;text;;[];False;False;2e122f745ec54737;[];seep
2882;1302;11-50;3729681.0;text;;[];False;False;2e122f745ec54737;[];gw lagi di atm sebentarr
2883;1302;1-10;3729691.0;text;;[];True;False;2e122f745ec54737;[];ada?
2884;1302;0;3729692.0;image/jpeg;;[];False;False;2e122f745ec54737;[];[Foto]
2885;1302;11-50;3729705.0;text;;[];False;False;2e122f745ec54737;[];capek banget hari inii aslii
2886;1302;51-100;3729717.0;text;;[];False;False;2e122f745ec54737;[];laptoppp gw mulai lemot nih kayaknya harus install ulanggg atauuuu gantii ram
2887;1302;11-50;3729744.0;image/jpeg;;[];False;False;2e122f745ec54737;[];[Foto]
2888;1302;11-50;3729767.0;text;;[];False;False;0f5b3d2e1b2e9951;[];hujan deres ga bawa payung
2889;1302;11-50;3729768.0;text;;[];False;False;da2a3bc612c85c2b;[];gw lg di atm btr
2890;1302;11-50;3729786.0;text;;[];False;False;2e122f745ec54737;[];ntar gw kabarin lagi deh
2891;1302;11-50;3729794.0;text;;[];False;False;2e122f745ec54737;[];dompetttt gw ketinggalannnn di rumah
2892;1302;1-10;3729800.0;text;;[];False;False;fe835936853d47da;[];YESS
2893;1302;11-50;3729808.0;text;;[];False;False;fe835936853d47da;[];HP GW LOWBAT NIH
2894;1302;0;3729824.0;image/jpeg;;[];False;False;2e122f745ec54737;[];[Foto]
2895;1302;1-10;3729832.0;text;;[];False;False;fe835936853d47da;[];YOII
2896;1302;11-50;3729854.0;text;;[];True;False;2e122f745ec54737;[];bisa jemputtt gw ga?
2897;1302;1-10;3729882.0;text;;['😢'];False;False;2e122f745ec54737;[];okeyy
2898;1302;11-50;3729883.0;text;;[];True;False;fe835936853d47da;[];MAU NITIP APA GA?
2899;1302;1-10;3729884.0;text;;[];False;False;2e122f745ec54737;[];eh
2900;1302;1-10;3729900.0;text;;[];False;False;2e122f745ec54737;[];eh
2901;1302;51-100;3729914.0;text;;[];False;False;fe835936853d47da;[];GW SENENG BANGET AKHIRNYA BISA KETEMU TEMEN TEMEN LAMA SETELAH LAMA GA
2902;1302;11-50;3729924.0;text;;[];False;False;fe835936853d47da;[];HP GW LOWBAT NIH
2903;1302;51-100;3729962.0;text;;[];False;False;fe835936853d47da;[];LAPTOP GW MULAI LEMOT NIH KAYAKNYA HARUS INSTALL ULANG ATAU GANTI RAM
2904;1302;1-10;3729983.0;text;;[];False;False;fe835936853d47da;[];OKEY
2905;1302;11-50;3729992.0;text;;[];False;False;2e122f745ec54737;[];ntar gw kabarin lagi deh
2906;1302;1-10;3729994.0;text;;[];False;False;2e122f745ec54737;[];okey
2907;1302;1-10;3729994.0;text;;[];False;False;2e122f745ec54737;[];seep
2908;1302;1-10;3730006.0;text;;[];False;False;fe835936853d47da;[];OH
2909;1302;11-50;3730258.0;text;;[];False;False;70b7044e6650314d;[];hp gw lowbat nih
2910;1302;11-50;3730271.0;text;;[];False;False;70b7044e6650314d;[];dompet gw ketinggalan di rumah
2911;1302;11-50;3730284.0;text;;[];True;False;70b7044e6650314d;[];besok libur bukan sih?
2912;1302;11-50;3730294.0;text;;[];False;False;70b7044e6650314d;[];bentar ya gw lg di jalan
2913;1302;11-50;3731476.0;text;;[];False;False;2e122f745ec54737;[];hujan deres ga bawa payunggg
2914;1302;51-100;3731487.0;text;;[];True;False;2e122f745ec54737;[];gimana sih caranya bikin proposal penelitian yanggg bagus menuruttt dosen?
2915;1302;11-50;3731609.0;text;;[];False;False;948923744c5b8bb2;[];internet matiii lagi di kosan
2916;1302;11-50;3731706.0;text;;[];True;False;2e122f745ec54737;[];besok libur bukan sih?
2917;1302;0;3732143.0;unknown;;[];False;False;2e122f745ec54737;[];[Media tidak dikenal]
2918;1302;11-50;3732153.0;text;;[];False;False;2e122f745ec54737;[];gw lg sibukkkk bgt minggu iniii
2919;1302;0;3732209.0;image/jpeg;;[];False;False;2e122f745ec54737;[];[Foto]
2920;1302;11-50;3732882.0;text;;[];False;False;70b7044e6650314d;[];gw lg di atm btr
2921;1302;11-50;3733135.0;text;;[];False;False;2e122f745ec54737;[];ntarr gw kabarinnnn lagii dehh
2922;1302;11-50;3733145.0;text;;[];False;False;2e122f745ec54737;[];cuaca hari ini panasss banget
2923;1302;1-10;3733146.0;text;;[];False;False;2e122f745ec54737;[];ah
2924;1303;51-100;3736436.0;text;;[];True;False;fe835936853d47da;[];SIAPA SIH YANG SPREAD GOSIP ITU KE GRUP SEBELAH, TAU GA ORANGNYA?
2925;1303;500+;3737308.0;text;2882.0;[];False;False;c9b963274b33b88e;[];keluarga ngumpul lebaran nanti...
2926;1303;1-10;3737686.0;text;;[];False;False;2e122f745ec54737;[];hayukk
2927;1303;11-50;3739603.0;text;;[];True;False;c9b963274b33b88e;[];kenapa ga bales chat gw?
2928;1304;101-500;3742902.0;text;;[];True;False;021e7ca3ed092081;[];EH ADA YANG PUNYA REKOMENDASI LAPTOP BUDGET 5 JUTAAN YANG BAGUS BUAT KULIAH DAN NGODING GA? LAPTOP GW YANG SEKARANG UDAH MULAI LEMOT DAN SERING NGEHANG KALO BUKA BANYAK TAB. PENGENNYA SIH YANG RINGAN BUAT DIBAWA KE KAMPUS TAPI TETEP KENCENG PERFORMANYA, ADA SARAN?
2929;1304;1-10;3743392.0;text;;[];False;False;631ff720acdd094f;[];sama
2930;1304;51-100;3743423.0;text;;[];True;False;021e7ca3ed092081;[];LU PERNAH COBA BELAJAR BARENG DI PERPUS KOTA GA, ENAK GA DISANA?
2931;1304;11-50;3743443.0;text;;[];False;False;021e7ca3ed092081;[];GW GA PERCAYA SIH GOSIPNYA
2932;1304;11-50;3743443.0;text;;[];False;False;021e7ca3ed092081;[];TEMEN GW SAKIT MASUK RS
2933;1305;11-50;3747800.0;image/jpeg;;[];True;False;159aad3a1966ebab;[];[Foto]
2934;1305;11-50;3747848.0;text;;[];False;False;021e7ca3ed092081;[];GW LG SIBUK BGT MINGGU INI
2935;1305;51-100;3747902.0;text;;[];False;False;159aad3a1966ebab;[];LAPTOP GW MULAI LEMOT NIH KAYAKNYA HARUS INSTALL ULANG ATAU GANTI RAM
2936;1305;101-500;3747932.0;text;;[];False;False;159aad3a1966ebab;[];RENCANA LIBURAN SEMESTER INI GW MAU ROAD TRIP SAMA TEMEN TEMEN KE JOGJA. KITA UDAH PATUNGAN BUAT SEWA MOBIL DAN BOOKING PENGINAPAN MURAH DI DAERAH MALIOBORO. ITINERARY NYA UDAH GW BIKIN DETAIL DARI HARI PERTAMA SAMPE HARI KETIGA. TINGGAL EKSEKUSI AJA NIH SEMOGA CUACA MENDUKUNG DAN GA ADA HALANGAN
2937;1305;11-50;3747985.0;text;;[];False;False;b04f4644141f9ef4;[];lu tim mana dukungnya
2938;1305;11-50;3747989.0;text;;[];False;False;b04f4644141f9ef4;[];dompet gw ketinggalan di rumah
2939;1305;1-10;3748016.0;text;;[];False;False;021e7ca3ed092081;[];SIAPP
2940;1305;1-10;3748021.0;text;;[];False;False;021e7ca3ed092081;[];EH
2941;1305;11-50;3748035.0;text;;[];False;False;159aad3a1966ebab;[];HUJAN DERES GA BAWA PAYUNG
2942;1305;11-50;3748045.0;text;;[];True;False;159aad3a1966ebab;[];BESOK LIBUR BUKAN SIH?
2943;1305;11-50;3748060.0;text;;[];False;False;fe835936853d47da;[];GW LG SIBUK BGT MINGGU INI
2944;1305;11-50;3748069.0;text;;[];False;False;fe835936853d47da;[];WIFI KAMPUS LEMOT PARAH
2945;1305;101-500;3748306.0;text;;[];True;False;021e7ca3ed092081;[];GUYS ADA YANG TAU GA SIH KENAPA SISTEM REGISTRASI ONLINE KAMPUS SERING BANGET ERROR PAS MASA PENGISIAN KRS? TIAP SEMESTER SELALU GITU BIKIN STRES, MANA HARUS REBUTAN MATA KULIAH YANG KUOTANYA DIKIT BANGET LAGI. APA EMANG SERVERNYA GA KUAT YA NAMPUNG BANYAK MAHASISWA SEKALIGUS?
2946;1305;0;3748328.0;image/jpeg;;[];False;False;021e7ca3ed092081;[];[Foto]
2947;1305;51-100;3748522.0;text;;[];True;False;631ff720acdd094f;[];gimana sih caranya bikin proposal penelitian yang bagus menurut dosen?
2948;1305;11-50;3748524.0;text;;[];False;False;631ff720acdd094f;[];ntar gw kabarin lagi deh
2949;1305;51-100;3748626.0;text;;[];False;False;b4fc5a22b27ed5ac;[];laptop gw mulai lemot nih kayaknya hrs install ulang atau ganti ram
2950;1305;11-50;3748644.0;text;;[];False;False;b4fc5a22b27ed5ac;[];dompet gw ketinggalan di... rumah
2951;1305;11-50;3748678.0;text;;[];False;False;631ff720acdd094f;[];bentar ya gw lg di jalan
2952;1305;11-50;3748689.0;text;;[];False;False;631ff720acdd094f;[];baru bangun nih masih ngantuk
2953;1305;11-50;3748694.0;text;;[];True;False;631ff720acdd094f;[];masih buka ga warungnya?
2954;1305;51-100;3748971.0;text;;[];False;False;b4fc5a22b27ed5ac;[];gw lg dengerin podcast tentang psikologi,... lumayan buat nambah wawasan
2955;1305;51-100;3748988.0;text;;[];False;False;b4fc5a22b27ed5ac;[];duit jajan gw abis padahal baru tanggal 15 hrs ngirit bgt nih
2956;1305;51-100;3749017.0;text;;[];False;False;b4fc5a22b27ed5ac;[];gw seneng bgt... akhirnya bs ketemu temen temen lama setelah lama ga...
2957;1305;11-50;3749033.0;text;;[];False;False;631ff720acdd094f;[];charger hp gw rusak lagi
2958;1305;101-500;3749043.0;text;;[];False;False;b4fc5a22b27ed5ac;[];gw baru selesai nonton dokumenter tentang kehidupan nelayan di pesisir utara jawa. sedih bgt liat... perjuangan mrk yg hrs melaut berhari hari cuma buat... dapet ikan yg harganya ga seberapa di pasar. bikin gw makin... bersyukur sih sm kehidupan gw skrg walau kadang ngeluh jg
2959;1305;11-50;3749043.0;text;;[];False;False;631ff720acdd094f;[];dompet gw ketinggalan di rumah
2960;1305;11-50;3749054.0;text;;[];False;False;b4fc5a22b27ed5ac;[];capek bgt hari ni asli
2961;1305;51-100;3749057.0;text;;[];False;False;631ff720acdd094f;[];tadi gw antri di administrasi kampus 2 jam cuma buat ngurus surat
2962;1305;11-50;3749062.0;text;;[];True;False;fe835936853d47da;[];LU PUNYA KONTAK DIA GA?
2963;1305;51-100;3749071.0;text;;[];True;False;631ff720acdd094f;[];gimana sih caranya bikin proposal penelitian yang bagus menurut dosen?
2964;1305;101-500;3749362.0;text;;[];False;True;b4fc5a22b27ed5ac;[];yesss gw akhirnya dapet nilai a di mata kuliah yg paling gw... takutin selama ni! padahal gw udah pasrah bgt... pas ujian soalnya soalnya susah parah. ternyata tugas dan presentasi gw nilainya bagus jadi bs nutupin... nilai ujian. alhamdulillah bgt perjuangan ga... sia sia!
2965;1305;11-50;3749371.0;text;;[];False;False;b4fc5a22b27ed5ac;[];cuaca hari ni panas bgt
2966;1305;51-100;3749407.0;text;;[];False;False;b4fc5a22b27ed5ac;[];laptop gw mulai lemot nih kayaknya hrs install... ulang... atau ganti ram...
2967;1305;11-50;3749425.0;text;;[];False;False;b4fc5a22b27ed5ac;[];dompet gw ketinggalan di rumah...
2968;1305;11-50;3749435.0;text;;[];False;False;b4fc5a22b27ed5ac;[];bentar ya gw lg di jalan
2969;1305;1-10;3749439.0;text;;[];False;False;fe835936853d47da;[];OKK
2970;1305;11-50;3749454.0;text;;[];False;False;fe835936853d47da;[];GW BARU GANTI NOMOR BTW
2971;1305;1-10;3749481.0;text;;[];False;False;b4fc5a22b27ed5ac;[];iyaa
2972;1305;11-50;3749636.0;text;;[];False;False;631ff720acdd094f;[];gw mau tidur dulu ya
2973;1305;11-50;3749645.0;text;;[];False;False;631ff720acdd094f;[];bentar ya gw lg di jalan
2974;1306;51-100;3787667.0;text;;[];True;False;fce8ea989d61122f;[];eh lu udah dapet info jadwall ujian akhirr semesterrrr belum dari prodi?
2975;1306;51-100;3797724.0;image/jpeg;;[];False;False;b04f4644141f9ef4;[];[Foto]
2976;1306;11-50;3797729.0;text;;[];False;False;b04f4644141f9ef4;[];gw lg ngerjain tugas nih
2977;1307;101-500;3805841.0;text;;[];True;True;c9b963274b33b88e;[];gw lagi bimbang nih antara mau ikut organisasi kampus atau... fokus ke akademik aja. menurut... kalian gimana sih, worth it... ga sih ikut organisasi?... soalnya gw denger banyak yang bilang... bisa nambah soft skill tapi... di... sisi lain waktu buat belajar jadi... berkurang kan, gimana pengalaman kalian?
2978;1307;51-100;3806203.0;text;;[];False;False;c9b963274b33b88e;[];dosen killer itu ternyata baik banget orangnya kalo diajak ngobrol santai
2979;1307;11-50;3808761.0;text;;[];True;False;2e122f745ec54737;[];tadi ngomong apaa sih dosennya?
2980;1307;101-500;3808921.0;text;;[];False;False;7430439a03fe249a;[];tadi siang gw makan di warung makan baru deket gerbang belakang kampus. nasi gorengnya lumayan enak dan harganya murah banget cuma 12 ribu udah sama es teh. kayaknya bakal jadi langganan baru deh soalnya warteg biasa gw udah mulai naik harga dan porsinya makin dikit aja!!!
2981;1307;1-10;3808931.0;text;;['👍🏽'];False;False;2e122f745ec54737;[];ih
2982;1307;11-50;3808935.0;text;;[];False;False;2e122f745ec54737;[];futsal besok jadii ga
2983;1307;1-10;3808995.0;text;;[];False;False;7430439a03fe249a;[];sans!!!
2984;1307;101-500;3809910.0;text;;[];False;False;c9b963274b33b88e;[];tadi siang gw makan di warung makan baru deket gerbang belakang kampus.... nasi gorengnya lumayan enak dan harganya murah banget cuma 12 ribu udah sama es teh. kayaknya bakal jadi langganan baru deh... soalnya warteg biasa... gw udah mulai naik harga dan porsinya makin dikit aja
2985;1307;51-100;3809933.0;text;;[];False;False;c9b963274b33b88e;[];gw gagal diet lagi soalnya tadi sore diajak makan bakso sama temen...
2986;1308;51-100;3815989.0;image/jpeg;;[];True;False;b04f4644141f9ef4;[];[Foto]
2987;1308;101-500;3816015.0;text;;[];True;False;bb65043a44266d0a;[];guys ada yangggg tauuu ga sihh kenapaaaa sistemm registrasi onlinee kampusss seringgg bangett error pas masa pengisian krs? tiapppp semester selalu gitu bikin stres, mana harusss rebutan mata kuliah yang kuotanyaaa dikit banget lagi. apaa emang servernya ga kuat ya nampung banyak mahasiswaaaa sekaligus?
2988;1308;51-100;3816125.0;text;;[];True;False;eca900a7367c8b69;[];menurut lu gw hrs ambil mata kuliah pilihan yg mana semester depan?
2989;1308;11-50;3816129.0;text;;[];True;False;eca900a7367c8b69;[];gmn kabar lu skrg?
2990;1308;101-500;3816253.0;text;;[];False;False;c9b963274b33b88e;[];gw lagi galau banget... nih soal masa depan.... mau lanjut S2 tapi duit ga ada,... mau langsung kerja tapi pengalaman masih minim. nyokap bilang terserah... gw aja tapi gw tau... dia pengen gw... cepet kerja... biar bisa bantu ekonomi keluarga. bingung banget sih, kayak... semua... pilihan ada plus minusnya
2991;1308;1-10;3816272.0;text;;[];False;False;bb65043a44266d0a;[];asli
2992;1308;11-50;3816289.0;text;;[];False;False;bb65043a44266d0a;[];seminar tadi lama banget
2993;1308;1-10;3816675.0;text;;[];False;False;eca900a7367c8b69;[];bet
2994;1308;51-100;3816695.0;text;;[];True;False;eca900a7367c8b69;[];menurut lu gw hrs ambil mata kuliah pilihan yg mana semester depan?
2995;1308;11-50;3816715.0;text;;[];True;False;021e7ca3ed092081;[];ADA YANG PUNYA CATETAN?
2996;1308;1-10;3816715.0;text;;[];False;False;eca900a7367c8b69;[];hmm
2997;1308;11-50;3816721.0;text;;[];False;False;021e7ca3ed092081;[];DOSEN PEMBIMBING SUSAH DITEMUI
2998;1308;11-50;3816723.0;text;;[];False;False;021e7ca3ed092081;[];LU UDAH MAKAN BELUM
2999;1308;51-100;3816744.0;text;;[];False;False;021e7ca3ed092081;[];JANGAN LUPA BESOK KUMPUL DI LOBBY KAMPUS JAM 8 PAGI BUAT BERANGKAT BARENG
3000;1308;1-10;3816753.0;text;;[];False;False;eca900a7367c8b69;[];bet
