id;conversation_id;num_characters;relative_time_seconds;message_type;responds_to_id;array_emojis;interrogative;exclamatory;sender_hash;mentioned_phones_hash;message_content
1;577;0;0.0;sticker/webp;;[];False;False;59929ab32a09f5d5;[];[Stiker]
2;577;0;3.0;sticker/webp;;[];False;False;2caf768530221aee;[];[Stiker]
3;577;0;5.0;sticker/webp;;[];False;False;2caf768530221aee;[];[Stiker]
4;577;0;9.0;sticker/webp;;[];False;False;59929ab32a09f5d5;[];[Stiker]
5;577;0;9.0;sticker/webp;;[];False;False;59929ab32a09f5d5;[];[Stiker]
6;577;11-50;11.0;text;;[];False;False;51312755e5db6714;[];WARTEG DEPAN KAMPUS ENAK
7;577;0;12.0;sticker/webp;;[];False;False;59929ab32a09f5d5;[];[Stiker]
8;577;0;12.0;sticker/webp;;[];False;False;59929ab32a09f5d5;[];[Stiker]
9;577;0;13.0;sticker/webp;;[];False;False;2caf768530221aee;[];[Stiker]
10;577;1-10;14.0;text;;[];False;False;51312755e5db6714;[];BOLE
11;577;0;17.0;sticker/webp;;[];False;False;59929ab32a09f5d5;[];[Stiker]
12;577;0;18.0;sticker/webp;;[];False;False;59929ab32a09f5d5;[];[Stiker]
13;577;0;19.0;sticker/webp;;[];False;False;2caf768530221aee;[];[Stiker]
14;577;0;22.0;sticker/webp;;[];False;False;59929ab32a09f5d5;[];[Stiker]
15;577;0;27.0;sticker/webp;;[];False;False;59929ab32a09f5d5;[];[Stiker]
16;577;0;27.0;sticker/webp;;[];False;False;2caf768530221aee;[];[Stiker]
17;577;0;34.0;sticker/webp;;[];False;False;8c98eacc3af87d50;[];[Stiker]
18;577;0;35.0;sticker/webp;;[];False;False;59929ab32a09f5d5;[];[Stiker]
19;577;0;39.0;sticker/webp;;[];False;False;59929ab32a09f5d5;[];[Stiker]
20;577;0;41.0;sticker/webp;;[];False;False;59929ab32a09f5d5;[];[Stiker]
21;577;0;43.0;sticker/webp;;[];False;False;8c98eacc3af87d50;[];[Stiker]
22;577;0;44.0;sticker/webp;;[];False;False;2caf768530221aee;[];[Stiker]
23;577;0;44.0;sticker/webp;;[];False;False;59929ab32a09f5d5;[];[Stiker]
24;577;0;52.0;sticker/webp;;[];False;False;59929ab32a09f5d5;[];[Stiker]
25;577;0;55.0;sticker/webp;;[];False;False;2caf768530221aee;[];[Stiker]
26;577;0;63.0;sticker/webp;;[];False;False;2caf768530221aee;[];[Stiker]
27;577;0;64.0;sticker/webp;;[];False;False;2caf768530221aee;[];[Stiker]
28;577;0;66.0;sticker/webp;;[];False;False;59929ab32a09f5d5;[];[Stiker]
29;577;0;68.0;sticker/webp;;[];False;False;59929ab32a09f5d5;[];[Stiker]
30;577;0;75.0;sticker/webp;;[];False;False;2caf768530221aee;[];[Stiker]
31;577;0;79.0;sticker/webp;;[];False;False;2caf768530221aee;[];[Stiker]
32;577;0;91.0;sticker/webp;;[];False;False;59929ab32a09f5d5;[];[Stiker]
33;577;0;94.0;sticker/webp;;[];False;False;59929ab32a09f5d5;[];[Stiker]
34;577;0;102.0;sticker/webp;;[];False;False;59929ab32a09f5d5;[];[Stiker]
35;577;0;112.0;sticker/webp;;[];False;False;59929ab32a09f5d5;[];[Stiker]
36;577;0;114.0;sticker/webp;;[];False;False;59929ab32a09f5d5;[];[Stiker]
37;577;0;119.0;sticker/webp;;[];False;False;59929ab32a09f5d5;[];[Stiker]
38;577;0;122.0;sticker/webp;;[];False;False;59929ab32a09f5d5;[];[Stiker]
39;577;0;127.0;sticker/webp;;[];False;False;59929ab32a09f5d5;[];[Stiker]
40;577;0;142.0;sticker/webp;;[];False;False;59929ab32a09f5d5;[];[Stiker]
41;577;0;147.0;sticker/webp;;[];False;False;59929ab32a09f5d5;[];[Stiker]
42;577;0;149.0;sticker/webp;;[];False;False;59929ab32a09f5d5;[];[Stiker]
43;577;0;150.0;sticker/webp;;[];False;False;59929ab32a09f5d5;[];[Stiker]
44;577;0;157.0;sticker/webp;;[];False;False;59929ab32a09f5d5;[];[Stiker]
45;577;0;227.0;sticker/webp;;[];False;False;59929ab32a09f5d5;[];[Stiker]
46;578;0;2116.0;sticker/webp;;[];False;False;daaf7fd45ed34d98;[];[Stiker]
47;578;0;2235.0;sticker/webp;;[];False;False;136b02c627e1e405;[];[Stiker]
48;578;0;2557.0;sticker/webp;;[];False;False;f9139fba1c32d789;[];[Stiker]
49;578;0;2968.0;sticker/webp;;[];False;False;daaf7fd45ed34d98;[];[Stiker]
50;578;0;3539.0;sticker/webp;;[];False;False;daaf7fd45ed34d98;[];[Stiker]
51;578;0;3704.0;sticker/webp;;[];False;False;b06fb76c3d677959;[];[Stiker]
52;578;0;3705.0;sticker/webp;;[];False;False;b06fb76c3d677959;[];[Stiker]
53;578;0;3706.0;sticker/webp;;[];False;False;b06fb76c3d677959;[];[Stiker]
54;578;0;3709.0;sticker/webp;;[];False;False;b06fb76c3d677959;[];[Stiker]
55;578;0;3712.0;sticker/webp;;[];False;False;b06fb76c3d677959;[];[Stiker]
56;578;0;4217.0;sticker/webp;;[];False;False;daaf7fd45ed34d98;[];[Stiker]
57;578;0;4218.0;sticker/webp;;[];False;False;daaf7fd45ed34d98;[];[Stiker]
58;578;0;4822.0;sticker/webp;;[];False;False;4591aabc7bfa7818;[];[Stiker]
59;578;0;4822.0;sticker/webp;;[];False;False;4591aabc7bfa7818;[];[Stiker]
60;578;0;4823.0;sticker/webp;;[];False;False;4591aabc7bfa7818;[];[Stiker]
61;578;0;4828.0;sticker/webp;;[];False;False;4591aabc7bfa7818;[];[Stiker]
62;578;0;4830.0;sticker/webp;;[];False;False;4591aabc7bfa7818;[];[Stiker]
63;578;0;4834.0;sticker/webp;;[];False;False;4591aabc7bfa7818;[];[Stiker]
64;578;0;4834.0;sticker/webp;;[];False;False;4591aabc7bfa7818;[];[Stiker]
65;578;0;4834.0;sticker/webp;;[];False;False;4591aabc7bfa7818;[];[Stiker]
66;578;0;4851.0;sticker/webp;;[];False;False;4591aabc7bfa7818;[];[Stiker]
67;578;0;4854.0;sticker/webp;;[];False;False;4591aabc7bfa7818;[];[Stiker]
68;578;11-50;5181.0;text;;[];False;False;51312755e5db6714;[];GW LAPER BANGET NIH
69;578;11-50;5237.0;text;;[];False;False;51312755e5db6714;[];MIE AYAM PAK KUMIS JUARA SIH
70;578;11-50;5240.0;text;;[];False;False;51312755e5db6714;[];MIE AYAM PAK KUMIS JUARA SIH
71;578;1-10;5241.0;text;;[];False;False;51312755e5db6714;[];NIH
72;578;11-50;5267.0;text;;[];False;False;51312755e5db6714;[];MIE AYAM PAK KUMIS JUARA SIH
73;578;11-50;5319.0;text;;[];False;False;d03a2a70ecfec79a;[];warteg depna kamups enak
74;578;1-10;5329.0;text;;[];False;False;51312755e5db6714;[];NIH
75;578;1-10;5330.0;text;;[];False;False;51312755e5db6714;[];HMM
76;578;0;5369.0;sticker/webp;;[];False;False;d03a2a70ecfec79a;[];[Stiker]
77;578;11-50;5499.0;text;;[];False;False;51312755e5db6714;[];DOSEN PEMBIMBING SUSAH DITEMUI
78;578;1-10;5502.0;text;;[];False;False;51312755e5db6714;[];BET
79;578;0;5550.0;sticker/webp;;[];False;False;daaf7fd45ed34d98;[];[Stiker]
80;578;0;5625.0;sticker/webp;79.0;[];False;False;daaf7fd45ed34d98;[];[Stiker]
81;578;11-50;6187.0;text;;[];False;False;51312755e5db6714;[];GW MAU AMBIL CUTI SEMESTER
82;578;0;6397.0;sticker/webp;;[];False;False;d03a2a70ecfec79a;[];[Stiker]
83;578;0;6430.0;image/jpeg;;[];False;False;4234eb2e62ab98b1;[];[Foto]
84;579;0;14026.0;sticker/webp;;[];False;False;b06fb76c3d677959;[];[Stiker]
85;579;0;14370.0;sticker/webp;;[];False;False;13d265a25abf6cea;[];[Stiker]
86;579;0;14632.0;sticker/webp;;[];False;False;2b8e28f61885eadd;[];[Stiker]
87;579;0;14644.0;sticker/webp;;[];False;False;13d265a25abf6cea;[];[Stiker]
88;579;11-50;14674.0;text;;[];False;False;2b8e28f61885eadd;[];gw berantem sama si anu
89;579;0;15009.0;sticker/webp;;[];False;False;13d265a25abf6cea;[];[Stiker]
90;579;11-50;15080.0;text;;[];False;False;2b8e28f61885eadd;[];gw berantem sama si anu
91;579;11-50;15087.0;text;;[];False;False;2b8e28f61885eadd;[];diem diem ternyata jadian
92;579;11-50;15169.0;text;;[];False;False;13d265a25abf6cea;[];gw ga percayaaa sih gosipnya
93;579;1-10;15206.0;text;;[];False;False;2b8e28f61885eadd;[];ywd
94;579;11-50;15214.0;text;;[];False;False;2b8e28f61885eadd;[];diem diem ternyata jadian
95;579;0;15255.0;sticker/webp;;[];False;False;13d265a25abf6cea;[];[Stiker]
96;579;0;15575.0;sticker/webp;;[];False;False;2b8e28f61885eadd;[];[Stiker]
97;579;0;15800.0;sticker/webp;;[];False;False;13d265a25abf6cea;[];[Stiker]
98;579;1-10;15833.0;text;;[];False;False;2b8e28f61885eadd;[];udah
99;579;0;15856.0;sticker/webp;;[];False;False;2b8e28f61885eadd;[];[Stiker]
100;579;0;16327.0;sticker/webp;;[];False;False;13d265a25abf6cea;[];[Stiker]
101;579;0;16646.0;sticker/webp;;[];False;False;96027169b05163b0;[];[Stiker]
102;579;0;17143.0;sticker/webp;;[];False;False;55a82d2fa1b34c06;[];[Stiker]
103;580;0;20739.0;sticker/webp;;[];False;False;13d265a25abf6cea;[];[Stiker]
104;580;11-50;20746.0;text;;[];False;False;13d265a25abf6cea;[];gw lg ngerjainn tugas nihhhh
105;580;1-10;20747.0;text;;[];False;False;13d265a25abf6cea;[];hehe
106;580;11-50;20755.0;text;;[];False;False;13d265a25abf6cea;[];presentasi gw amburadullll
107;580;1-10;20762.0;text;;[];False;False;13d265a25abf6cea;[];hahaaaa
108;580;0;20766.0;image/jpeg;;[];False;False;13d265a25abf6cea;[];[Foto]
109;580;1-10;20778.0;text;;[];False;False;51312755e5db6714;[];OKE
110;580;11-50;20779.0;text;;[];False;False;51312755e5db6714;[];DOSEN GW GALAK BANGET SIH
111;580;1-10;20780.0;text;;[];False;False;51312755e5db6714;[];YUK
112;580;11-50;20796.0;text;111.0;[];False;False;13d265a25abf6cea;[];tadi absenn ga sih kamu
113;580;51-100;20812.0;text;;[];False;False;13d265a25abf6cea;[];gw baru ajaa selesai ngerjainn tugas sampe jam 3 pagi, mau mati rasanya
114;580;11-50;20852.0;text;;[];False;False;51312755e5db6714;[];LAB KOMPUTER PENUH TERUS
115;580;11-50;20858.0;text;;[];False;False;51312755e5db6714;[];LAB KOMPUTER PENUH TERUS
116;580;1-10;20874.0;text;;[];False;False;13d265a25abf6cea;[];wkwkkkk
117;580;11-50;20881.0;text;;[];False;False;d03a2a70ecfec79a;[];perpus tutup jam berapa ya
118;580;11-50;20881.0;text;;[];False;False;d03a2a70ecfec79a;[];gw belom mulai tugas
119;580;11-50;20884.0;text;;[];False;False;13d265a25abf6cea;[];gw skip kelass harii ini
120;580;11-50;20886.0;text;;[];False;False;51312755e5db6714;[];DEADLINE BESOK PAGI BRO
121;580;11-50;20893.0;text;;[];False;False;13d265a25abf6cea;[];labbbb komputerrr penuhh terus
122;580;11-50;20921.0;text;;[];False;False;51312755e5db6714;[];PRESENTASI GW AMBURADUL
123;580;51-100;20930.0;text;;['🇮🇨'];False;True;f20b22191611f1a5;[];gila sih dosen gw tiba tiba kasih tugas tambahan padahal besok uas!
124;580;11-50;20952.0;text;;[];False;False;13d265a25abf6cea;[];perpus tutup jam berapa ya
125;580;11-50;20953.0;text;;[];False;False;d03a2a70ecfec79a;[];presentasi gw amburadul
126;580;11-50;20973.0;text;;[];False;False;51312755e5db6714;[];TADI ABSEN GA SIH KAMU
127;580;0;20995.0;sticker/webp;;[];False;False;f20b22191611f1a5;[];[Stiker]
128;580;0;21008.0;sticker/webp;;[];False;False;d03a2a70ecfec79a;[];[Stiker]
129;580;1-10;21082.0;text;;[];False;False;13d265a25abf6cea;[];siapppp
130;580;0;21136.0;sticker/webp;;[];False;False;13d265a25abf6cea;[];[Stiker]
131;580;11-50;21183.0;text;;[];False;False;51312755e5db6714;[];PRESENTASI GW AMBURADUL
132;580;11-50;21214.0;text;;[];False;False;51312755e5db6714;[];GW SKIP KELAS HARI INI
133;580;11-50;21258.0;text;;[];False;False;13d265a25abf6cea;[];gw skippp kelas hari ini
134;580;1-10;21328.0;text;;[];False;False;58d7e8dd0ed3965e;[];hehe
135;580;0;21332.0;sticker/webp;;[];False;False;58d7e8dd0ed3965e;[];[Stiker]
136;580;11-50;21337.0;text;;[];False;False;58d7e8dd0ed3965e;[];eh tadi kelas seru,,, banget
137;580;1-10;21379.0;text;;[];False;False;2caf768530221aee;[];oke
138;580;0;21678.0;sticker/webp;;[];False;False;13d265a25abf6cea;[];[Stiker]
139;581;1-10;24206.0;text;;[];False;False;daaf7fd45ed34d98;[];kuy
140;581;11-50;24209.0;text;;[];False;False;daaf7fd45ed34d98;[];game baru udah download belum
141;582;0;39249.0;image/jpeg;;[];False;False;65db2d93bdff800b;[];[Foto]
142;582;11-50;39334.0;text;;[];False;False;daaf7fd45ed34d98;[];kelas tambahan hari sabtu sih
143;582;11-50;39350.0;text;;[];False;False;daaf7fd45ed34d98;[];gw mau ambil cuti semester
144;582;11-50;39354.0;text;;[];False;False;daaf7fd45ed34d98;[];proposal skripsi gw,,, ditolak
145;582;0;39484.0;sticker/webp;143.0;[];False;False;13d265a25abf6cea;[];[Stiker]
146;582;0;39616.0;sticker/webp;;[];False;False;daaf7fd45ed34d98;[];[Stiker]
147;582;0;39636.0;sticker/webp;;[];False;False;13d265a25abf6cea;[];[Stiker]
148;582;0;39673.0;sticker/webp;;[];False;False;daaf7fd45ed34d98;[];[Stiker]
149;582;0;39831.0;sticker/webp;;[];False;False;13d265a25abf6cea;[];[Stiker]
150;582;0;39950.0;sticker/webp;149.0;[];False;False;daaf7fd45ed34d98;[];[Stiker]
151;582;0;41145.0;sticker/webp;;[];False;False;9f557ab075256a7c;[];[Stiker]
152;583;0;45584.0;sticker/webp;;[];False;False;59929ab32a09f5d5;[];[Stiker]
153;583;0;45645.0;sticker/webp;;[];False;False;8c98eacc3af87d50;[];[Stiker]
154;583;0;46049.0;sticker/webp;;[];False;False;daaf7fd45ed34d98;[];[Stiker]
155;584;0;48785.0;sticker/webp;;[];False;False;daaf7fd45ed34d98;[];[Stiker]
156;584;11-50;48785.0;text;;[];False;False;daaf7fd45ed34d98;[];gw lagi di atm sebentar
157;585;0;52149.0;sticker/webp;;[];False;False;4591aabc7bfa7818;[];[Stiker]
158;585;0;52153.0;sticker/webp;;[];False;False;4591aabc7bfa7818;[];[Stiker]
159;586;0;78693.0;sticker/webp;;[];False;False;daaf7fd45ed34d98;[];[Stiker]
160;586;0;79005.0;sticker/webp;;[];False;False;3815ccab5ed5f10d;[];[Stiker]
161;586;0;79300.0;sticker/webp;;[];False;False;daaf7fd45ed34d98;[];[Stiker]
162;586;0;79309.0;sticker/webp;;[];False;False;daaf7fd45ed34d98;[];[Stiker]
163;586;0;79493.0;sticker/webp;;[];False;False;daaf7fd45ed34d98;[];[Stiker]
164;586;0;79526.0;sticker/webp;;[];False;False;136b02c627e1e405;[];[Stiker]
165;587;11-50;86998.0;text;;[];False;False;daaf7fd45ed34d98;['2caf768530221aee'];masak sendiri,,, lebih hemat,,, sih
166;587;11-50;87004.0;text;;[];False;False;daaf7fd45ed34d98;[];kopi susu yg biasa ya
167;587;0;87033.0;sticker/webp;165.0;[];False;False;59929ab32a09f5d5;[];[Stiker]
168;587;1-10;87035.0;text;;[];False;False;2caf768530221aee;[];bro
169;587;1-10;87052.0;text;;[];False;False;2caf768530221aee;[];bener
170;587;0;87062.0;sticker/webp;;[];False;False;2caf768530221aee;[];[Stiker]
171;587;1-10;87104.0;text;;[];False;False;51312755e5db6714;[];GASS
172;587;1-10;87108.0;text;;[];False;False;51312755e5db6714;[];BRO
173;587;11-50;87111.0;text;;[];False;False;51312755e5db6714;[];KOPI SUSU YG BIASA YA
174;587;0;87145.0;sticker/webp;;[];False;False;daaf7fd45ed34d98;[];[Stiker]
175;587;0;87155.0;sticker/webp;;[];False;False;daaf7fd45ed34d98;[];[Stiker]
176;587;0;87543.0;sticker/webp;;[];False;False;b755abcfd4269903;[];[Stiker]
177;587;0;88559.0;sticker/webp;;[];False;False;daaf7fd45ed34d98;[];[Stiker]
178;588;0;92560.0;unknown;;[];False;False;703b27b186f0ab83;[];[Media tidak dikenal]
179;588;0;92604.0;system;;[];False;False;b9f7ff47d422b33c;[];[Pesan sistem]
180;588;0;93254.0;sticker/webp;;[];False;False;8e6daf6762ad41fd;[];[Stiker]
181;589;0;141970.0;sticker/webp;;[];False;False;4591aabc7bfa7818;[];[Stiker]
182;589;0;142613.0;sticker/webp;;[];False;False;0ebb14d608ff1bbe;[];[Stiker]
183;590;0;173653.0;sticker/webp;;[];False;False;136b02c627e1e405;[];[Stiker]
184;590;0;188267.0;sticker/webp;;[];False;False;13d265a25abf6cea;[];[Stiker]
185;590;0;188372.0;sticker/webp;;[];False;False;13d265a25abf6cea;[];[Stiker]
186;590;0;188373.0;sticker/webp;;[];False;False;13d265a25abf6cea;[];[Stiker]
187;590;0;188405.0;sticker/webp;;[];False;False;0ebb14d608ff1bbe;[];[Stiker]
188;590;0;189312.0;sticker/webp;;[];False;False;13d265a25abf6cea;[];[Stiker]
189;590;0;189314.0;sticker/webp;;[];False;False;13d265a25abf6cea;[];[Stiker]
190;590;0;189328.0;sticker/webp;;[];False;False;13d265a25abf6cea;[];[Stiker]
191;590;0;190206.0;sticker/webp;;[];False;False;daaf7fd45ed34d98;[];[Stiker]
192;590;0;190725.0;sticker/webp;;[];False;False;0ebb14d608ff1bbe;[];[Stiker]
193;590;0;190740.0;sticker/webp;;[];False;False;2caf768530221aee;[];[Stiker]
194;590;0;190783.0;sticker/webp;;[];False;False;1039425bd2b06e14;[];[Stiker]
195;590;0;190925.0;sticker/webp;;[];False;False;daaf7fd45ed34d98;[];[Stiker]
196;590;0;191194.0;sticker/webp;;[];False;False;0ebb14d608ff1bbe;[];[Stiker]
197;590;0;191197.0;sticker/webp;;[];False;False;0ebb14d608ff1bbe;[];[Stiker]
198;590;0;191206.0;sticker/webp;;[];False;False;0ebb14d608ff1bbe;[];[Stiker]
199;590;1-10;191211.0;text;;[];False;False;0ebb14d608ff1bbe;[];nah
200;591;0;192398.0;sticker/webp;;[];False;False;daaf7fd45ed34d98;[];[Stiker]
201;591;0;193368.0;sticker/webp;;[];False;False;2b8e28f61885eadd;[];[Stiker]
202;591;0;193784.0;sticker/webp;;[];False;False;13d265a25abf6cea;[];[Stiker]
203;592;0;196087.0;sticker/webp;;[];False;False;8c98eacc3af87d50;[];[Stiker]
204;592;0;196353.0;sticker/webp;;[];False;False;9db6557189f5a92c;[];[Stiker]
205;592;0;196608.0;sticker/webp;204.0;[];False;False;13d265a25abf6cea;[];[Stiker]
206;593;0;197846.0;sticker/webp;;[];False;False;13d265a25abf6cea;[];[Stiker]
207;593;0;198255.0;sticker/webp;;[];False;False;55a82d2fa1b34c06;[];[Stiker]
208;593;0;198313.0;sticker/webp;;[];False;False;7f5ec4d76e6ac681;[];[Stiker]
209;593;0;198323.0;sticker/webp;;[];False;False;0ebb14d608ff1bbe;[];[Stiker]
210;593;0;198323.0;sticker/webp;;[];False;False;0ebb14d608ff1bbe;[];[Stiker]
211;593;0;198348.0;sticker/webp;;[];False;False;0ebb14d608ff1bbe;[];[Stiker]
212;593;0;198527.0;sticker/webp;;[];False;False;13d265a25abf6cea;[];[Stiker]
213;594;0;203648.0;sticker/webp;;[];False;False;daaf7fd45ed34d98;[];[Stiker]
214;594;0;203660.0;sticker/webp;;[];False;False;daaf7fd45ed34d98;[];[Stiker]
215;595;0;207031.0;sticker/webp;;[];False;False;13d265a25abf6cea;[];[Stiker]
216;595;0;207108.0;sticker/webp;;[];False;False;59929ab32a09f5d5;[];[Stiker]
217;595;11-50;207385.0;text;;[];False;False;2b8e28f61885eadd;[];manga terbaru udah keluar loh
218;595;11-50;207434.0;text;;[];False;False;13d265a25abf6cea;[];pertandingan bolaaaa tadi malammmm gila
219;595;1-10;207443.0;text;;['🙄'];False;False;51312755e5db6714;[];DIH
220;595;1-10;207458.0;text;;['🤔'];False;False;2b8e28f61885eadd;[];zonk
221;595;11-50;207486.0;text;;[];False;False;2b8e28f61885eadd;[];badminton yuk sore ini
222;595;1-10;207504.0;text;;[];False;False;51312755e5db6714;[];JIR
223;595;11-50;207506.0;text;;[];False;False;0ebb14d608ff1bbe;[];futsal besok jadi ga
224;595;11-50;207528.0;text;;[];False;False;d03a2a70ecfec79a;[];badminton yuk sore ni
225;595;11-50;207530.0;text;;[];False;False;0ebb14d608ff1bbe;[];album baru dia enak banget
226;595;11-50;207545.0;text;;[];False;False;13d265a25abf6cea;[];seriessss ituuuu endingnya zonk bgtttt
227;595;11-50;207551.0;text;;[];False;False;2b8e28f61885eadd;[];konser itu mahal banget tiketnya
228;595;11-50;207559.0;text;;[];False;False;0ebb14d608ff1bbe;[];gw lagi baca novel baru nih
229;595;11-50;207566.0;text;225.0;[];False;False;2b8e28f61885eadd;[];manga terbaru udah keluar loh
230;595;11-50;207575.0;text;;[];False;False;0ebb14d608ff1bbe;[];pertandingan bola tadi malam gila
231;595;0;207589.0;sticker/webp;;[];False;False;0ebb14d608ff1bbe;[];[Stiker]
232;595;51-100;207614.0;text;;[];False;False;13d265a25abf6cea;[];gw gagal diet lagi soalnya tadiiii sore diajak makann bakso samaaa temen
233;595;51-100;207690.0;text;;[];False;False;0ebb14d608ff1bbe;[];gw gagal diet lagi soalnya tadi sore diajak makan bakso sama temen
234;595;1-10;207714.0;text;;['🤨'];False;False;2caf768530221aee;[];ih
235;595;0;207714.0;sticker/webp;;[];False;False;0ebb14d608ff1bbe;[];[Stiker]
236;595;51-100;207749.0;text;;[];False;False;e34ce80a8c087bb8;[];dosen killer itu ternyata baik banget orangnya kalo diajak,,, ngobrol santai
237;595;11-50;207876.0;text;;[];False;False;13d265a25abf6cea;[];konser ituuu mahal banget tiketnya
238;595;11-50;207880.0;text;;[];False;False;13d265a25abf6cea;[];konserr itu mahal bangett tiketnya
239;595;11-50;207881.0;text;;[];False;False;13d265a25abf6cea;[];gw abis larii pagiiii tadi
240;595;11-50;207895.0;text;;[];False;False;51312755e5db6714;[];GW ABIS LARI PAGI TADI
241;595;11-50;207907.0;text;;[];False;False;0ebb14d608ff1bbe;[];gym hari ini skip deh
242;595;0;207908.0;sticker/webp;;[];False;False;13d265a25abf6cea;[];[Stiker]
243;595;11-50;207908.0;text;;[];False;False;51312755e5db6714;[];FUTSAL BESOK JADI GA
244;595;1-10;207920.0;text;;[];False;False;2b8e28f61885eadd;[];jir
245;595;1-10;207923.0;text;;[];False;False;13d265a25abf6cea;[];kuyyy
246;595;1-10;207924.0;text;;[];False;False;0ebb14d608ff1bbe;[];jir
247;595;0;207925.0;sticker/webp;;[];False;False;0ebb14d608ff1bbe;[];[Stiker]
248;595;11-50;207934.0;text;;[];False;False;13d265a25abf6cea;[];series itu endingnya zonk bgtttt
249;595;51-100;207936.0;text;;[];False;False;51312755e5db6714;[];DOSEN KILLER ITU TERNYATA BAIK BANGET ORANGNYA KALO DIAJAK NGOBROL SANTAI
250;595;11-50;207938.0;text;;[];False;False;2b8e28f61885eadd;[];podcast yg lu rekomen mana
251;595;11-50;207945.0;text;;[];False;False;51312755e5db6714;[];GW ABIS LARI PAGI TADI
252;595;11-50;207945.0;text;;[];False;False;13d265a25abf6cea;[];manga terbaru udahhhh keluar loh
253;595;11-50;207952.0;text;;[];False;False;2b8e28f61885eadd;[];pertandingan bola tadi malam gila
254;595;11-50;207958.0;text;;[];False;False;d03a2a70ecfec79a;[];pertandingan bola taid malam gila
255;595;11-50;207958.0;text;;[];False;False;13d265a25abf6cea;[];series ituu endingnyaaa zonk bgt
256;595;11-50;207985.0;text;;[];False;False;51312755e5db6714;[];KONSER ITU MAHAL BANGET TIKETNYA
257;595;11-50;207988.0;text;;[];False;False;51312755e5db6714;[];GAME BARU UDAH DOWNLOAD BELUM
258;595;11-50;208012.0;text;;[];False;False;d03a2a70ecfec79a;[];gym hrai ni skip deh
259;595;11-50;208016.0;text;;[];False;False;13d265a25abf6cea;[];gameeee baru udah download belum
260;595;11-50;208026.0;text;;[];False;False;d03a2a70ecfec79a;[];series tu endingnya zonk bgt
261;595;11-50;208048.0;text;;[];False;False;13d265a25abf6cea;[];konser itu mahal banget tiketnyaaaa
262;595;1-10;208051.0;text;;[];False;False;13d265a25abf6cea;[];njirr
263;595;11-50;208060.0;text;;[];False;False;d03a2a70ecfec79a;[];podcast yg lu rekomen mana
264;595;11-50;208065.0;text;;[];False;False;2b8e28f61885eadd;[];game baru udah download belum
265;595;11-50;208077.0;text;;[];False;True;2b8e28f61885eadd;[];akhirnya kelar juga nih!
266;595;11-50;208080.0;text;;[];False;False;d03a2a70ecfec79a;[];gym hari ni skip deh
267;595;11-50;208136.0;text;;[];False;False;13d265a25abf6cea;[];badmintonn yuk sore ini
268;595;11-50;208148.0;text;;[];False;False;13d265a25abf6cea;[];manga terbaru udah keluar lohhh
269;595;11-50;208181.0;text;;[];False;False;2b8e28f61885eadd;[];series itu endingnya zonk bgt
270;595;11-50;208228.0;text;;[];False;False;13d265a25abf6cea;[];pertandingannn bola tadii malamm gila
271;595;11-50;208234.0;text;;[];False;False;13d265a25abf6cea;[];gw abis lari pagi tadiiii
272;595;1-10;208244.0;text;;[];False;False;13d265a25abf6cea;[];fyi
273;595;11-50;208246.0;text;;[];False;False;13d265a25abf6cea;[];pertandingan bolaaa tadi malam gila
274;595;1-10;208280.0;text;;[];False;False;2b8e28f61885eadd;[];njir
275;595;11-50;208285.0;text;;[];True;False;2b8e28f61885eadd;[];tadi ngomong apa sih dosennya?
276;595;11-50;208400.0;text;;[];False;False;51312755e5db6714;[];FUTSAL BESOK JADI GA
277;595;11-50;208405.0;text;;[];False;False;13d265a25abf6cea;[];mangaaa terbaruu udah keluarr loh
278;595;11-50;208432.0;text;;[];False;False;13d265a25abf6cea;[];podcast yg lu rekomenn mana
279;595;11-50;208446.0;text;;[];False;False;13d265a25abf6cea;[];gw lagiiii baca novel baruuu nih
280;595;11-50;208456.0;text;;[];False;False;51312755e5db6714;[];GW LAGI BACA NOVEL BARU NIH
281;595;0;208510.0;sticker/webp;;[];False;False;daaf7fd45ed34d98;[];[Stiker]
282;595;1-10;208517.0;text;;[];False;False;13d265a25abf6cea;[];sans
283;595;11-50;208522.0;text;;[];False;False;51312755e5db6714;[];FUTSAL BESOK JADI GA
284;595;51-100;208528.0;text;;[];False;False;13d265a25abf6cea;[];gw baruuu dapet infoo beasiswa buatttt semester depan mauu coba daftarr deh
285;595;1-10;208550.0;text;;[];False;False;daaf7fd45ed34d98;[];jir
286;595;11-50;208551.0;text;;[];False;False;daaf7fd45ed34d98;[];album baru,,, dia enak banget
287;595;11-50;208551.0;text;;[];False;False;51312755e5db6714;[];SERIES ITU ENDINGNYA ZONK BGT
288;595;1-10;208558.0;text;;[];False;False;daaf7fd45ed34d98;[];fyi
289;595;11-50;208577.0;text;;[];False;False;51312755e5db6714;[];KONSER ITU MAHAL BANGET TIKETNYA
290;595;11-50;208601.0;text;;[];False;False;daaf7fd45ed34d98;[];manga terbaru udah keluar loh
291;595;1-10;208603.0;text;;[];False;False;daaf7fd45ed34d98;[];oot
292;595;1-10;208603.0;text;;[];False;False;daaf7fd45ed34d98;[];zonk
293;595;1-10;208611.0;text;;[];True;False;51312755e5db6714;[];JD?
294;595;1-10;208611.0;text;;[];False;False;daaf7fd45ed34d98;[];zonk
295;595;11-50;208613.0;text;;[];False;False;2b8e28f61885eadd;[];badminton yuk sore ini
296;595;11-50;208640.0;text;;[];False;False;2b8e28f61885eadd;[];series itu endingnya zonk bgt
297;595;11-50;208656.0;text;;[];False;False;51312755e5db6714;[];GW ABIS LARI PAGI TADI
298;595;0;208679.0;sticker/webp;;[];False;False;daaf7fd45ed34d98;[];[Stiker]
299;595;1-10;208706.0;text;;[];False;False;13d265a25abf6cea;[];jir
300;595;11-50;208718.0;text;;[];False;False;13d265a25abf6cea;[];album baruuuu dia enak banget
301;595;1-10;208729.0;text;;[];False;False;51312755e5db6714;[];SANS
302;595;11-50;208731.0;text;;[];False;False;13d265a25abf6cea;[];badminton yuk sore inii
303;595;51-100;208732.0;text;;[];False;False;51312755e5db6714;[];GW BARU DAPET INFO BEASISWA BUAT SEMESTER DEPAN MAU COBA DAFTAR DEH
304;595;11-50;208820.0;text;;[];False;False;13d265a25abf6cea;[];konser itu mahallll banget tiketnya
305;595;1-10;208912.0;text;;[];False;False;51312755e5db6714;[];HOKI
306;595;11-50;208925.0;text;;[];False;False;51312755e5db6714;[];PODCAST YG LU REKOMEN MANA
307;595;11-50;208929.0;text;;[];False;False;51312755e5db6714;[];PODCAST YG LU REKOMEN MANA
308;595;11-50;208982.0;text;;[];False;False;e3a948cd6154145f;[];gym hari ini skip deh
309;595;11-50;208983.0;text;;[];False;False;e3a948cd6154145f;[];badminton yuk sore ini
310;595;0;209137.0;sticker/webp;;[];False;False;13d265a25abf6cea;[];[Stiker]
311;595;1-10;209180.0;text;;[];False;False;daaf7fd45ed34d98;[];dih
312;595;11-50;209189.0;text;;[];False;False;daaf7fd45ed34d98;['13d265a25abf6cea'];gw abis lari pagi tadi
313;595;1-10;209191.0;text;;[];True;False;daaf7fd45ed34d98;[];gmana?
314;595;1-10;209205.0;text;;[];False;False;13d265a25abf6cea;[];zonk
315;595;0;209214.0;video/mp4;;[];False;False;daaf7fd45ed34d98;[];[Video]
316;595;1-10;209215.0;text;;[];False;False;51312755e5db6714;[];NJIR
317;595;11-50;209216.0;text;;[];False;False;51312755e5db6714;[];PODCAST YG LU REKOMEN MANA
318;595;1-10;209275.0;text;;[];False;False;daaf7fd45ed34d98;[];ih
319;595;11-50;209287.0;text;;[];False;False;daaf7fd45ed34d98;[];gw lagi baca novel baru nih
320;595;11-50;209287.0;text;;[];False;False;daaf7fd45ed34d98;[];manga terbaru udah keluar loh
321;595;1-10;209303.0;text;;[];False;False;51312755e5db6714;[];ZONK
322;595;11-50;209323.0;text;;[];False;False;daaf7fd45ed34d98;[];game baru udah download belum
323;595;0;209326.0;sticker/webp;;[];False;False;daaf7fd45ed34d98;[];[Stiker]
324;595;1-10;209343.0;text;;[];False;False;13d265a25abf6cea;[];dihhhh
325;595;11-50;209357.0;text;;[];False;False;13d265a25abf6cea;[];gw abisss lari pagii tadiiii
326;595;1-10;209358.0;text;;['😂'];False;False;13d265a25abf6cea;[];fyi
327;595;11-50;209359.0;text;;[];False;False;13d265a25abf6cea;[];album baru dia enakkkk banget
328;595;0;209389.0;video/mp4;;[];False;False;daaf7fd45ed34d98;[];[Video]
329;595;11-50;209398.0;text;;[];False;False;51312755e5db6714;[];KONSER ITU MAHAL BANGET TIKETNYA
330;595;1-10;209420.0;text;;[];False;False;daaf7fd45ed34d98;[];hoki
331;595;51-100;209425.0;text;;[];False;False;daaf7fd45ed34d98;[];gw gagal diet lagi soalnya tadi sore diajak,,, makan bakso,,, sama temen
332;595;1-10;209428.0;text;;[];False;False;daaf7fd45ed34d98;[];kuy
333;595;1-10;209439.0;text;;[];False;False;daaf7fd45ed34d98;[];ih
334;595;11-50;209442.0;text;;[];False;False;daaf7fd45ed34d98;[];konser itu mahal,,, banget tiketnya
335;595;11-50;209502.0;text;;[];False;False;daaf7fd45ed34d98;[];album baru dia enak banget
336;595;1-10;209511.0;text;;[];False;False;daaf7fd45ed34d98;[];kuy
337;595;1-10;209512.0;text;;[];False;False;e34ce80a8c087bb8;[];jir
338;595;11-50;209517.0;text;;[];False;False;daaf7fd45ed34d98;[];badminton yuk sore ini
339;595;11-50;209520.0;text;;[];False;False;daaf7fd45ed34d98;[];gw lagi baca novel baru nih
340;595;1-10;209522.0;text;;[];False;False;daaf7fd45ed34d98;[];ih
341;595;1-10;209534.0;text;;[];True;False;daaf7fd45ed34d98;[];gmana?
342;595;1-10;209539.0;text;;[];False;False;51312755e5db6714;[];FYI
343;595;11-50;209543.0;text;;[];False;False;51312755e5db6714;[];GW ABIS LARI PAGI TADI
344;595;1-10;209549.0;text;;[];False;False;2b8e28f61885eadd;[];fyi
345;595;1-10;209552.0;text;;[];False;False;2b8e28f61885eadd;[];bete
346;595;11-50;209558.0;text;;[];False;False;daaf7fd45ed34d98;[];game baru udah download,,, belum
347;595;11-50;209571.0;text;;[];False;False;daaf7fd45ed34d98;[];podcast yg lu,,, rekomen mana
348;595;1-10;209572.0;text;;[];False;False;daaf7fd45ed34d98;[];sans
349;595;11-50;209574.0;text;;[];False;False;51312755e5db6714;[];GW LAGI BACA NOVEL BARU NIH
350;595;11-50;209575.0;text;;[];False;False;daaf7fd45ed34d98;[];konser itu mahal banget tiketnya
351;595;11-50;209583.0;text;;[];False;False;daaf7fd45ed34d98;[];konser itu mahal banget tiketnya
352;595;11-50;209590.0;text;;[];False;False;51312755e5db6714;[];GAME BARU UDAH DOWNLOAD BELUM
353;595;11-50;209591.0;text;;[];False;False;daaf7fd45ed34d98;[];futsal besok jadi ga,,,
354;595;1-10;209598.0;text;;[];False;False;51312755e5db6714;[];OOT
355;595;1-10;209599.0;text;;[];False;False;daaf7fd45ed34d98;[];fyi
356;595;11-50;209615.0;text;;[];False;False;51312755e5db6714;[];FUTSAL BESOK JADI GA
357;595;11-50;209622.0;text;;[];False;False;51312755e5db6714;[];GYM HARI INI SKIP DEH
358;595;51-100;209623.0;text;;[];False;False;daaf7fd45ed34d98;[];gw gagal,,, diet lagi soalnya tadi sore diajak makan bakso sama temen,,,
359;595;11-50;209638.0;text;;[];False;False;daaf7fd45ed34d98;[];podcast yg,,, lu,,, rekomen mana
360;595;1-10;209645.0;text;;[];False;False;daaf7fd45ed34d98;[];sans
361;595;0;209701.0;sticker/webp;;[];False;False;daaf7fd45ed34d98;[];[Stiker]
362;595;11-50;209705.0;text;;[];False;False;daaf7fd45ed34d98;[];gym hari ini skip,,, deh
363;595;11-50;209741.0;text;;[];False;False;322364729bfba14a;[];gw lagiii baca novel baru nih
364;595;1-10;209753.0;text;;[];False;False;daaf7fd45ed34d98;[];njir
365;595;11-50;209755.0;text;;[];False;False;daaf7fd45ed34d98;[];pertandingan bola,,, tadi,,, malam,,, gila
366;595;0;209769.0;sticker/webp;;[];False;False;daaf7fd45ed34d98;[];[Stiker]
367;595;11-50;209787.0;text;;[];False;False;51312755e5db6714;[];GAME BARU UDAH DOWNLOAD BELUM
368;595;11-50;209795.0;text;;[];False;False;51312755e5db6714;[];ALBUM BARU DIA ENAK BANGET
369;595;11-50;209810.0;text;;[];False;False;daaf7fd45ed34d98;[];badminton yuk sore ini
370;595;11-50;209864.0;text;;[];False;False;51312755e5db6714;[];FUTSAL BESOK JADI GA
371;595;11-50;209873.0;text;;[];False;False;51312755e5db6714;[];BADMINTON YUK SORE INI
372;595;11-50;209885.0;text;;[];False;False;51312755e5db6714;[];KONSER ITU MAHAL BANGET TIKETNYA
373;595;1-10;209889.0;text;;[];False;False;daaf7fd45ed34d98;[];hoki
374;595;11-50;209891.0;text;;[];True;False;daaf7fd45ed34d98;[];booking duluan apa langsung aja?
375;595;11-50;209901.0;text;;[];False;False;daaf7fd45ed34d98;[];konser itu mahal banget tiketnya
376;595;0;209901.0;image/jpeg;;[];False;False;51312755e5db6714;[];[Foto]
377;595;1-10;209907.0;text;;[];False;False;daaf7fd45ed34d98;[];jir
378;595;11-50;209910.0;text;;[];False;False;daaf7fd45ed34d98;[];podcast yg,,, lu rekomen mana
379;595;1-10;209916.0;text;;[];True;False;daaf7fd45ed34d98;[];gmana?
380;595;11-50;209942.0;text;;[];False;True;51312755e5db6714;[];AKHIRNYA KELAR JUGA NIH!
381;595;1-10;209942.0;text;;[];False;False;51312755e5db6714;[];JIR
382;595;0;209954.0;sticker/webp;;[];False;False;a6f644004d5858f7;[];[Stiker]
383;595;0;210136.0;video/mp4;;[];False;False;daaf7fd45ed34d98;[];[Video]
384;595;11-50;210150.0;text;;[];False;False;2b8e28f61885eadd;[];album baru dia enak banget
385;595;11-50;210162.0;text;;[];False;False;2b8e28f61885eadd;[];game baru udah download belum
386;595;1-10;210174.0;text;;[];True;False;daaf7fd45ed34d98;[];gmana?
387;595;11-50;210176.0;text;;[];True;False;f20b22191611f1a5;[];ad sinyal ga disitu?
388;595;11-50;210177.0;text;;[];False;False;daaf7fd45ed34d98;[];game baru udah download belum
389;595;0;210193.0;sticker/webp;;[];False;False;daaf7fd45ed34d98;[];[Stiker]
390;595;0;210194.0;sticker/webp;387.0;[];False;False;daaf7fd45ed34d98;[];[Stiker]
391;595;1-10;210198.0;text;387.0;[];False;False;2b8e28f61885eadd;[];ih
392;595;0;210214.0;sticker/webp;;[];False;False;2b8e28f61885eadd;[];[Stiker]
393;595;0;210744.0;sticker/webp;;[];False;False;9db6557189f5a92c;[];[Stiker]
394;595;0;210896.0;sticker/webp;;[];False;False;2b8e28f61885eadd;[];[Stiker]
395;595;0;210958.0;sticker/webp;;[];False;False;9ea01fb33608fb9d;[];[Stiker]
396;595;0;210958.0;sticker/webp;;[];False;False;9ea01fb33608fb9d;[];[Stiker]
397;595;11-50;212389.0;text;;[];True;False;6eee2375e4e2738b;[];ad sinayl ga disitu?
398;595;0;212402.0;sticker/webp;;[];False;False;cce79bec13f4ae0f;[];[Stiker]
399;595;0;212422.0;sticker/webp;;[];False;False;cce79bec13f4ae0f;[];[Stiker]
400;595;51-100;212467.0;text;;[];False;False;6eee2375e4e2738b;[];gw gagal diet lg soalnya tadi sore diajak maakn bakso sm temen
401;595;0;212497.0;sticker/webp;;[];False;False;84d4b7adc977192f;[];[Stiker]
402;595;0;212521.0;sticker/webp;400.0;[];False;False;daaf7fd45ed34d98;[];[Stiker]
403;595;0;212578.0;sticker/webp;;[];False;False;84d4b7adc977192f;[];[Stiker]
404;595;1-10;212677.0;text;;[];False;False;6eee2375e4e2738b;[];jir
405;595;11-50;212709.0;text;;[];False;False;b755abcfd4269903;[];Manga terbaru udah keluar loh.
406;595;0;212715.0;sticker/webp;;[];False;False;84d4b7adc977192f;[];[Stiker]
407;595;11-50;212722.0;text;;[];False;False;13d265a25abf6cea;[];series itu endingnya zonkkk bgt
408;595;11-50;212727.0;text;;[];False;False;13d265a25abf6cea;[];gw abisss lariiii pagiii tadi
409;595;11-50;212735.0;text;;[];False;False;13d265a25abf6cea;[];podcastttt yg lu rekomen mana
410;595;11-50;212740.0;text;;[];False;False;13d265a25abf6cea;[];album baru dia enak banget
411;595;11-50;212772.0;text;;[];True;False;daaf7fd45ed34d98;[];ada sinyal ga disitu?
412;595;0;212781.0;sticker/webp;407.0;[];False;False;b755abcfd4269903;[];[Stiker]
413;595;11-50;212793.0;text;;[];False;False;2b8e28f61885eadd;[];podcast yg lu rekomen mana
414;595;1-10;212802.0;text;;[];False;False;13d265a25abf6cea;[];sans
415;595;11-50;212820.0;text;;[];False;False;2b8e28f61885eadd;[];gw lagi baca novel baru nih
416;595;0;212989.0;sticker/webp;;[];False;False;3c5ad85045efc199;[];[Stiker]
417;595;1-10;213047.0;text;;[];False;False;daaf7fd45ed34d98;[];dih
418;595;1-10;213053.0;text;;[];False;False;daaf7fd45ed34d98;[];jir
419;595;11-50;213061.0;text;;[];False;False;daaf7fd45ed34d98;[];game baru udah download belum
420;595;11-50;213065.0;text;;[];False;False;daaf7fd45ed34d98;[];gw abis lari,,, pagi tadi
421;595;0;213069.0;sticker/webp;;[];False;False;daaf7fd45ed34d98;[];[Stiker]
422;595;0;213082.0;sticker/webp;;[];False;False;5ae54207965fa6e8;[];[Stiker]
423;595;11-50;213095.0;text;;[];False;False;2b8e28f61885eadd;[];futsal besok jadi ga
424;595;0;213126.0;video/mp4;;[];False;False;daaf7fd45ed34d98;[];[Video]
425;595;11-50;213154.0;text;;[];False;False;2b8e28f61885eadd;[];album baru dia enak banget
426;595;0;213156.0;sticker/webp;;[];False;False;13d265a25abf6cea;[];[Stiker]
427;595;0;213169.0;sticker/webp;;[];False;False;daaf7fd45ed34d98;[];[Stiker]
428;595;11-50;213176.0;text;;[];False;False;2b8e28f61885eadd;[];pertandingan bola tadi malam gila
429;595;0;213203.0;sticker/webp;;[];False;False;daaf7fd45ed34d98;[];[Stiker]
430;595;0;213416.0;image/jpeg;;[];False;False;84d4b7adc977192f;[];[Foto]
431;595;11-50;213434.0;text;;[];False;False;13d265a25abf6cea;['51312755e5db6714'];game baru udahh download belummm
432;595;1-10;213534.0;text;;[];False;False;51312755e5db6714;[];HOKI
433;595;11-50;213549.0;text;;[];False;False;84d4b7adc977192f;[];pertandingannnn bola tadi malam gilaaa
434;595;11-50;213573.0;text;;[];False;False;51312755e5db6714;['044a0faf4d6eac29'];GAME BARU UDAH DOWNLOAD BELUM
435;595;1-10;213587.0;text;;[];False;False;13d265a25abf6cea;[];zonk
436;595;1-10;214033.0;text;;[];False;False;2b8e28f61885eadd;[];ih
437;595;11-50;214042.0;text;;[];True;False;2b8e28f61885eadd;[];masih bangun ga lu jam segini?
438;595;11-50;214054.0;text;;[];False;False;51312755e5db6714;[];GW LAGI BACA NOVEL BARU NIH
439;595;11-50;214074.0;text;;[];True;False;2b8e28f61885eadd;[];tadi ngomong apa sih dosennya?
440;595;11-50;214088.0;text;;['🤔'];False;False;2b8e28f61885eadd;[];game baru udah download belum
441;595;11-50;214492.0;text;439.0;[];False;False;51312755e5db6714;[];ALBUM BARU DIA ENAK BANGET
442;595;1-10;214508.0;text;;[];True;False;51312755e5db6714;[];GMANA?
443;595;1-10;214511.0;text;;[];False;False;2b8e28f61885eadd;[];dih
444;595;1-10;214536.0;text;;[];True;False;51312755e5db6714;[];JD?
445;595;11-50;214536.0;text;;[];False;False;2b8e28f61885eadd;[];gym hari ini skip deh
446;595;1-10;214552.0;text;;[];False;False;51312755e5db6714;[];KUY
447;595;0;214620.0;sticker/webp;;[];False;False;2b8e28f61885eadd;[];[Stiker]
448;595;11-50;214689.0;text;;[];False;False;13d265a25abf6cea;[];badminton yukk sore ini
449;595;0;214698.0;sticker/webp;;[];False;False;13d265a25abf6cea;[];[Stiker]
450;595;0;214698.0;sticker/webp;;[];False;False;daaf7fd45ed34d98;[];[Stiker]
451;595;11-50;214721.0;text;;[];False;False;51312755e5db6714;[];PERTANDINGAN BOLA TADI MALAM GILA
452;595;0;214735.0;image/jpeg;;[];False;False;8c98eacc3af87d50;[];[Foto]
453;595;11-50;214739.0;text;;[];False;False;51312755e5db6714;[];KONSER ITU MAHAL BANGET TIKETNYA
454;595;11-50;214868.0;text;;[];False;False;daaf7fd45ed34d98;[];game baru udah download belum
455;595;1-10;214984.0;text;;[];False;False;51312755e5db6714;[];DIH
456;595;11-50;215004.0;text;;[];False;False;51312755e5db6714;[];BADMINTON YUK SORE INI
457;595;0;215075.0;sticker/webp;;[];False;False;7793fa3d5446ee92;[];[Stiker]
458;595;0;215198.0;sticker/webp;;[];False;False;2b8e28f61885eadd;[];[Stiker]
459;595;11-50;216262.0;text;;[];False;False;51312755e5db6714;[];GAME BARU UDAH DOWNLOAD BELUM
460;595;0;216366.0;sticker/webp;;[];False;False;55a82d2fa1b34c06;[];[Stiker]
461;595;11-50;216706.0;text;459.0;[];False;False;2b8e28f61885eadd;[];gym hari ini skip deh
462;595;0;216941.0;sticker/webp;;[];False;False;daaf7fd45ed34d98;[];[Stiker]
463;595;0;217144.0;unknown;;[];False;False;daaf7fd45ed34d98;[];[Media tidak dikenal]
464;595;0;217154.0;sticker/webp;;[];False;False;55a82d2fa1b34c06;[];[Stiker]
465;595;0;217223.0;sticker/webp;;[];False;False;daaf7fd45ed34d98;[];[Stiker]
466;595;0;217277.0;unknown;;[];False;False;daaf7fd45ed34d98;[];[Media tidak dikenal]
467;595;0;217302.0;sticker/webp;;[];False;False;55a82d2fa1b34c06;[];[Stiker]
468;595;0;217343.0;sticker/webp;;[];False;False;2b8e28f61885eadd;[];[Stiker]
469;595;0;217369.0;sticker/webp;;[];False;False;55a82d2fa1b34c06;[];[Stiker]
470;595;11-50;217370.0;text;;[];False;False;51312755e5db6714;[];SERIES ITU ENDINGNYA ZONK BGT
471;595;11-50;217386.0;text;;[];False;False;51312755e5db6714;[];GAME BARU UDAH DOWNLOAD BELUM
472;595;0;217417.0;sticker/webp;;[];False;False;2b8e28f61885eadd;[];[Stiker]
473;595;0;217431.0;sticker/webp;;[];False;False;2b8e28f61885eadd;[];[Stiker]
474;596;0;218734.0;sticker/webp;;[];False;False;daaf7fd45ed34d98;[];[Stiker]
475;596;0;219224.0;sticker/webp;;[];False;False;13d265a25abf6cea;[];[Stiker]
476;596;0;219239.0;sticker/webp;;[];False;False;daaf7fd45ed34d98;[];[Stiker]
477;596;0;219264.0;sticker/webp;;[];False;False;2b8e28f61885eadd;[];[Stiker]
478;596;0;219336.0;sticker/webp;;[];False;False;daaf7fd45ed34d98;[];[Stiker]
479;596;0;219339.0;sticker/webp;;[];False;False;daaf7fd45ed34d98;[];[Stiker]
480;596;0;219356.0;sticker/webp;;[];False;False;daaf7fd45ed34d98;[];[Stiker]
481;596;0;219367.0;sticker/webp;;[];False;False;2b8e28f61885eadd;[];[Stiker]
482;596;0;219416.0;sticker/webp;;[];False;False;daaf7fd45ed34d98;[];[Stiker]
483;596;0;219456.0;sticker/webp;;[];False;False;13d265a25abf6cea;[];[Stiker]
484;596;0;219463.0;sticker/webp;;[];False;False;13d265a25abf6cea;[];[Stiker]
485;596;0;219555.0;sticker/webp;;[];False;False;2b8e28f61885eadd;[];[Stiker]
486;596;0;219606.0;sticker/webp;;[];False;False;13d265a25abf6cea;[];[Stiker]
487;596;0;219685.0;sticker/webp;;[];False;False;0ebb14d608ff1bbe;[];[Stiker]
488;596;0;219688.0;sticker/webp;;[];False;False;0ebb14d608ff1bbe;[];[Stiker]
489;596;0;219721.0;sticker/webp;;[];False;False;daaf7fd45ed34d98;[];[Stiker]
490;596;0;219729.0;sticker/webp;;[];False;False;daaf7fd45ed34d98;[];[Stiker]
491;596;0;219732.0;sticker/webp;;[];False;False;2b8e28f61885eadd;[];[Stiker]
492;596;0;219745.0;sticker/webp;488.0;[];False;False;55a82d2fa1b34c06;[];[Stiker]
493;596;0;219765.0;sticker/webp;;[];False;False;2b8e28f61885eadd;[];[Stiker]
494;596;0;219844.0;sticker/webp;;[];False;False;96027169b05163b0;[];[Stiker]
495;596;0;219883.0;sticker/webp;;[];False;False;13d265a25abf6cea;[];[Stiker]
496;596;11-50;219886.0;text;488.0;[];False;False;13d265a25abf6cea;[];diem diemmm ternyataaaa jadiann
497;596;0;219902.0;sticker/webp;495.0;[];False;False;0ebb14d608ff1bbe;[];[Stiker]
498;596;0;219913.0;sticker/webp;;[];False;False;2b8e28f61885eadd;[];[Stiker]
499;596;0;219934.0;sticker/webp;;[];False;False;13d265a25abf6cea;[];[Stiker]
500;596;0;219992.0;sticker/webp;;[];False;False;daaf7fd45ed34d98;[];[Stiker]
501;596;0;220010.0;sticker/webp;;[];False;False;2b8e28f61885eadd;[];[Stiker]
502;596;0;220084.0;sticker/webp;;[];False;False;13d265a25abf6cea;[];[Stiker]
503;596;0;220085.0;sticker/webp;;[];False;False;13d265a25abf6cea;[];[Stiker]
504;596;0;220087.0;sticker/webp;;[];False;False;13d265a25abf6cea;[];[Stiker]
505;596;0;220132.0;sticker/webp;;[];False;False;2b8e28f61885eadd;[];[Stiker]
506;596;0;220138.0;sticker/webp;;[];False;False;2b8e28f61885eadd;[];[Stiker]
507;596;0;220167.0;sticker/webp;;[];False;False;55a82d2fa1b34c06;[];[Stiker]
508;596;0;220180.0;unknown;;[];False;False;55a82d2fa1b34c06;[];[Media tidak dikenal]
509;596;0;220213.0;sticker/webp;;[];False;False;2b8e28f61885eadd;[];[Stiker]
510;596;0;220262.0;sticker/webp;;[];False;False;55a82d2fa1b34c06;[];[Stiker]
511;596;0;220286.0;sticker/webp;;[];False;False;2b8e28f61885eadd;[];[Stiker]
512;596;0;220319.0;sticker/webp;502.0;[];False;False;daaf7fd45ed34d98;[];[Stiker]
513;596;0;220325.0;sticker/webp;;[];False;False;daaf7fd45ed34d98;[];[Stiker]
514;596;0;220374.0;sticker/webp;;[];False;False;8a41f38331caf1c7;[];[Stiker]
515;596;0;220572.0;sticker/webp;;[];False;False;13d265a25abf6cea;[];[Stiker]
516;596;0;220614.0;sticker/webp;;[];False;False;13d265a25abf6cea;[];[Stiker]
517;596;1-10;220644.0;text;;['🙄'];False;False;51312755e5db6714;[];CAPE
518;596;0;220644.0;sticker/webp;;[];False;False;2b8e28f61885eadd;[];[Stiker]
519;596;11-50;220726.0;text;;[];False;False;4234eb2e62ab98b1;[];si tu udah putus katanya
520;596;0;220778.0;sticker/webp;;[];False;False;55a82d2fa1b34c06;[];[Stiker]
521;596;1-10;220800.0;text;;['😂'];False;False;2b8e28f61885eadd;[];udah
522;596;0;220809.0;sticker/webp;;[];False;False;13d265a25abf6cea;[];[Stiker]
523;596;0;220875.0;sticker/webp;;[];False;False;1de3fa895baf408c;[];[Stiker]
524;596;0;220875.0;sticker/webp;;[];False;False;1de3fa895baf408c;[];[Stiker]
525;596;0;220879.0;sticker/webp;;[];False;False;1de3fa895baf408c;[];[Stiker]
526;596;0;220881.0;sticker/webp;;[];False;False;1de3fa895baf408c;[];[Stiker]
527;596;0;220885.0;sticker/webp;;[];False;False;1de3fa895baf408c;[];[Stiker]
528;596;0;220886.0;sticker/webp;;[];False;False;1de3fa895baf408c;[];[Stiker]
529;596;0;220954.0;sticker/webp;;[];False;False;2b8e28f61885eadd;[];[Stiker]
530;597;11-50;270463.0;text;;[];True;False;9c9c45a93b41912e;[];masih buka ga... warungnya?
531;597;0;270503.0;sticker/webp;;[];False;False;2b8e28f61885eadd;[];[Stiker]
532;597;0;270692.0;sticker/webp;;[];False;False;14e83a3153ceb979;[];[Stiker]
533;597;0;271111.0;system;;[];False;False;2f34555d2b8b38f3;[];[Pesan sistem]
534;597;0;271179.0;sticker/webp;;[];False;False;136b02c627e1e405;[];[Stiker]
535;597;0;271185.0;sticker/webp;;[];False;False;136b02c627e1e405;[];[Stiker]
536;597;0;271185.0;sticker/webp;;[];False;False;136b02c627e1e405;[];[Stiker]
537;597;0;271187.0;sticker/webp;;[];False;False;136b02c627e1e405;[];[Stiker]
538;597;0;271206.0;sticker/webp;;[];False;False;136b02c627e1e405;[];[Stiker]
539;597;0;271317.0;unknown;;[];False;False;a737e59d0b730d9e;[];[Media tidak dikenal]
540;597;0;271414.0;sticker/webp;;[];False;False;8c98eacc3af87d50;[];[Stiker]
541;597;0;283655.0;sticker/webp;;[];False;False;1039425bd2b06e14;[];[Stiker]
542;598;0;298332.0;system;;[];False;False;8ca8ed4eb215573f;[];[Pesan sistem]
543;598;1-10;299420.0;text;;[];False;False;1039425bd2b06e14;[];amin
544;598;0;299611.0;sticker/webp;;[];False;False;2192d89a3afe5e09;[];[Stiker]
545;598;0;300123.0;sticker/webp;;[];False;False;8c98eacc3af87d50;[];[Stiker]
546;598;0;300142.0;sticker/webp;;[];False;False;136b02c627e1e405;[];[Stiker]
547;599;0;302001.0;sticker/webp;;[];False;False;daaf7fd45ed34d98;[];[Stiker]
548;599;0;303806.0;system;;[];False;False;72df0fc6848b7b21;[];[Pesan sistem]
549;599;11-50;303863.0;text;;[];False;False;2b8e28f61885eadd;[];dosen gw galak banget sih
550;599;0;303865.0;sticker/webp;;[];False;False;2b8e28f61885eadd;[];[Stiker]
551;599;0;303870.0;sticker/webp;;[];False;False;2b8e28f61885eadd;[];[Stiker]
552;599;0;303874.0;sticker/webp;;[];False;False;2b8e28f61885eadd;[];[Stiker]
553;599;0;303917.0;sticker/webp;;[];False;False;13d265a25abf6cea;[];[Stiker]
554;599;11-50;303918.0;text;;[];False;False;7793fa3d5446ee92;[];MATKUL INI SUSAH BANGET
555;599;11-50;303920.0;text;;[];False;False;7793fa3d5446ee92;[];PERPUS TUTUP JAM BERAPA YA
556;599;1-10;303923.0;text;;[];False;False;13d265a25abf6cea;[];hehe
557;599;0;303924.0;sticker/webp;;[];False;False;7793fa3d5446ee92;[];[Stiker]
558;599;1-10;303932.0;text;;[];False;False;13d265a25abf6cea;[];dah
559;599;1-10;303947.0;text;;['😭'];False;False;7793fa3d5446ee92;[];HAHA
560;599;1-10;303950.0;text;;[];False;False;7793fa3d5446ee92;[];GAS
561;599;11-50;303953.0;text;;[];False;False;daaf7fd45ed34d98;[];gw lg,,, ngerjain tugas nih
562;599;0;303955.0;sticker/webp;;[];False;False;daaf7fd45ed34d98;[];[Stiker]
563;599;1-10;303960.0;text;;[];False;False;daaf7fd45ed34d98;[];wkwk
564;599;11-50;303965.0;text;;[];False;False;2b8e28f61885eadd;[];dosen gw galak banget sih
565;599;0;303976.0;sticker/webp;;[];False;False;daaf7fd45ed34d98;[];[Stiker]
566;599;11-50;303977.0;text;;[];True;False;2b8e28f61885eadd;[];tugas dikumpul kapan sih?
567;599;11-50;303985.0;text;;[];False;False;daaf7fd45ed34d98;[];gw skip kelas,,, hari ini
568;599;11-50;303992.0;text;;[];False;False;daaf7fd45ed34d98;[];ipk gw turun semester,,, ini
569;599;0;303996.0;sticker/webp;;[];False;False;daaf7fd45ed34d98;[];[Stiker]
570;599;0;304014.0;image/jpeg;;[];False;False;2b8e28f61885eadd;[];[Foto]
571;599;0;304017.0;sticker/webp;;[];False;False;136b02c627e1e405;[];[Stiker]
572;599;11-50;304037.0;text;568.0;[];False;False;2b8e28f61885eadd;[];matkul ini susah banget
573;599;1-10;304043.0;text;;[];False;False;daaf7fd45ed34d98;[];dah
574;599;1-10;304048.0;text;;[];False;False;2b8e28f61885eadd;[];ok
575;599;0;304057.0;sticker/webp;;[];False;False;daaf7fd45ed34d98;[];[Stiker]
576;599;0;304061.0;sticker/webp;;[];False;False;daaf7fd45ed34d98;[];[Stiker]
577;599;11-50;304073.0;text;;[];True;False;daaf7fd45ed34d98;[];lu dimana sekarang?
578;599;0;304078.0;sticker/webp;;[];False;False;daaf7fd45ed34d98;[];[Stiker]
579;599;0;304122.0;sticker/webp;;[];False;False;2b8e28f61885eadd;[];[Stiker]
580;599;1-10;304184.0;text;;[];False;False;daaf7fd45ed34d98;[];gas
581;599;11-50;304192.0;text;;[];False;False;daaf7fd45ed34d98;[];perpus tutup,,, jam berapa,,, ya
582;599;11-50;304203.0;text;;[];False;False;daaf7fd45ed34d98;['2caf768530221aee'];deadline besok pagi bro,,,
583;599;11-50;304253.0;text;;[];False;False;2b8e28f61885eadd;[];lab komputer penuh terus
584;599;1-10;304264.0;text;;[];False;False;daaf7fd45ed34d98;[];otw
585;599;11-50;304267.0;text;;[];False;False;2b8e28f61885eadd;[];gw belom mulai tugas
586;599;11-50;304269.0;text;;[];False;False;daaf7fd45ed34d98;[];matkul ini,,, susah banget
587;599;11-50;304279.0;text;;[];False;False;daaf7fd45ed34d98;[];deadline besok pagi,,, bro
588;599;11-50;304287.0;text;;[];False;False;daaf7fd45ed34d98;[];deadline besok pagi bro
589;599;11-50;304288.0;text;;[];False;False;2b8e28f61885eadd;[];lab komputer penuh terus
590;599;1-10;304298.0;text;;[];False;False;daaf7fd45ed34d98;[];siap
591;599;11-50;304303.0;text;;[];False;False;daaf7fd45ed34d98;[];tadi absen,,, ga sih kamu
592;599;11-50;304307.0;text;;[];True;False;daaf7fd45ed34d98;[];siapa yang mau,,, ikut?,,,
593;599;1-10;304316.0;text;;[];False;False;7793fa3d5446ee92;[];OTW
594;599;11-50;304331.0;text;;[];False;False;2b8e28f61885eadd;[];matkul ini susah banget
595;599;1-10;304337.0;text;;[];True;False;2b8e28f61885eadd;[];mana?
596;599;11-50;304340.0;text;;[];False;False;2b8e28f61885eadd;[];gw lg ngerjain tugas nih
597;599;1-10;304347.0;text;;[];False;False;daaf7fd45ed34d98;[];dah
598;599;11-50;304354.0;text;;[];False;False;daaf7fd45ed34d98;[];dosen gw galak banget,,, sih
599;599;11-50;304357.0;text;;[];False;False;51312755e5db6714;[];PERPUS TUTUP JAM BERAPA YA
600;599;11-50;304362.0;text;;[];False;False;51312755e5db6714;[];GW BELOM MULAI TUGAS
601;599;11-50;304370.0;text;;[];False;False;daaf7fd45ed34d98;[];gw belom mulai,,, tugas,,,
602;599;11-50;304405.0;text;;[];False;False;daaf7fd45ed34d98;[];dosen gw galak banget sih
603;599;11-50;304436.0;text;;[];True;False;2b8e28f61885eadd;[];siapa yang mau ikut?
604;599;0;304450.0;unknown;;[];False;False;55a82d2fa1b34c06;[];[Media tidak dikenal]
605;599;11-50;304452.0;text;;[];False;False;2b8e28f61885eadd;[];deadline besok pagi bro
606;599;11-50;304498.0;text;;[];True;False;51312755e5db6714;[];JADI KETEMUAN GA HARI INI?
607;599;11-50;304506.0;text;;[];True;False;51312755e5db6714;[];JADI KETEMUAN GA HARI INI?
608;599;0;304509.0;sticker/webp;;[];False;False;55a82d2fa1b34c06;[];[Stiker]
609;599;1-10;304509.0;text;;[];False;False;51312755e5db6714;[];HAHA
610;599;1-10;304511.0;text;;['🙄'];False;False;13d265a25abf6cea;[];ok
611;599;0;304575.0;sticker/webp;;[];False;False;daaf7fd45ed34d98;[];[Stiker]
612;599;1-10;304586.0;text;;[];False;False;13d265a25abf6cea;[];dahhh
613;599;1-10;304587.0;text;;[];False;False;13d265a25abf6cea;[];wkwk
614;599;11-50;304592.0;text;;[];False;False;2b8e28f61885eadd;[];gw belom mulai tugas
615;599;1-10;304597.0;text;;[];False;False;13d265a25abf6cea;[];wkwkkkk
616;599;11-50;304607.0;text;;[];True;False;2b8e28f61885eadd;[];tugas dikumpul kapan sih?
617;599;11-50;304616.0;text;;[];False;False;13d265a25abf6cea;[];presentasi gw amburadullll
618;599;1-10;304619.0;text;;[];False;False;51312755e5db6714;[];WKWK
619;599;11-50;304628.0;text;;[];False;False;51312755e5db6714;[];IPK GW TURUN SEMESTER INI
620;599;11-50;304644.0;text;;[];False;False;daaf7fd45ed34d98;[];ipk gw turun,,, semester ini
621;599;11-50;304659.0;text;619.0;[];False;False;2b8e28f61885eadd;[];IPK gw turun semester ini
622;599;11-50;304666.0;text;;[];False;False;2b8e28f61885eadd;[];lab komputer penuh terus
623;599;1-10;304685.0;text;;[];False;False;13d265a25abf6cea;[];haha
624;599;0;304686.0;sticker/webp;;[];False;False;daaf7fd45ed34d98;[];[Stiker]
625;599;11-50;304697.0;text;;[];False;False;13d265a25abf6cea;[];presentasi gw amburadullll
626;599;0;304701.0;sticker/webp;;[];False;False;51312755e5db6714;[];[Stiker]
627;599;11-50;304703.0;text;622.0;[];False;False;51312755e5db6714;[];GW LG NGERJAIN TUGAS NIH
628;599;11-50;304705.0;text;;[];False;False;51312755e5db6714;[];GW LG NGERJAIN TUGAS NIH
629;599;11-50;304714.0;text;;[];False;False;51312755e5db6714;[];TADI ABSEN GA SIH KAMU
630;599;1-10;304722.0;text;;[];False;False;2b8e28f61885eadd;[];ok
631;599;11-50;304731.0;text;;[];False;False;2b8e28f61885eadd;[];IPK gw turun semester ini
632;599;11-50;304733.0;text;;[];False;False;2b8e28f61885eadd;[];eh tadi kelas seru banget
633;599;11-50;304774.0;text;;[];False;False;13d265a25abf6cea;[];ipk gw turun semester ini
634;599;0;304788.0;sticker/webp;;[];False;False;13d265a25abf6cea;[];[Stiker]
635;599;11-50;304820.0;text;;[];False;False;51312755e5db6714;[];DEADLINE BESOK PAGI BRO
636;599;11-50;304830.0;text;;[];False;False;51312755e5db6714;[];DOSEN GW GALAK BANGET SIH
637;599;11-50;304834.0;text;;[];False;False;51312755e5db6714;[];EH TADI KELAS SERU BANGET
638;599;11-50;304853.0;text;;[];False;False;2b8e28f61885eadd;[];dosen gw galak banget sih
639;599;0;304903.0;sticker/webp;;[];False;False;136b02c627e1e405;[];[Stiker]
640;599;0;304918.0;sticker/webp;;[];False;False;2b8e28f61885eadd;[];[Stiker]
641;599;11-50;304928.0;text;;[];False;False;51312755e5db6714;[];PERPUS TUTUP JAM BERAPA YA
642;599;0;304935.0;sticker/webp;;[];False;False;51312755e5db6714;[];[Stiker]
643;599;0;304960.0;video/mp4;;[];False;False;daaf7fd45ed34d98;[];[Video]
644;599;11-50;304979.0;text;;[];True;False;2b8e28f61885eadd;[];lu dimana sekarang?
645;599;11-50;304989.0;text;;[];True;False;2b8e28f61885eadd;[];siapa yang mau ikut?
646;599;11-50;304989.0;text;;[];False;False;daaf7fd45ed34d98;[];eh tadi kelas seru banget
647;599;0;305020.0;sticker/webp;;[];False;False;2b8e28f61885eadd;[];[Stiker]
648;599;0;305059.0;sticker/webp;;[];False;False;136b02c627e1e405;[];[Stiker]
649;599;51-100;305060.0;text;;['👏🏻'];False;True;55a82d2fa1b34c06;[];GILA SIH DOSEN GW TIBA TIBA KASIH TUGAS TAMBAHAN PADAHAL BESOK UAS!
650;599;11-50;305089.0;text;;[];False;False;7793fa3d5446ee92;[];GW SKIP KELAS HARI INI
651;599;1-10;305089.0;text;;[];True;False;7793fa3d5446ee92;[];SIAPA?
652;599;11-50;305109.0;text;;[];False;False;daaf7fd45ed34d98;[];presentasi gw amburadul
653;599;1-10;305119.0;text;;[];False;False;2b8e28f61885eadd;[];yuk
654;599;11-50;305127.0;text;;[];True;False;daaf7fd45ed34d98;[];jadi ketemuan ga hari,,, ini?
655;599;11-50;305175.0;text;;[];False;False;51312755e5db6714;[];LAB KOMPUTER PENUH TERUS
656;599;11-50;305178.0;text;;[];False;False;51312755e5db6714;[];DOSEN GW GALAK BANGET SIH
657;599;11-50;305185.0;text;;[];False;False;51312755e5db6714;[];GW SKIP KELAS HARI INI
658;599;0;305189.0;sticker/webp;;[];False;False;136b02c627e1e405;[];[Stiker]
659;599;11-50;305207.0;text;;[];False;False;daaf7fd45ed34d98;[];dosen gw,,, galak banget sih
660;599;1-10;305207.0;text;;[];False;False;daaf7fd45ed34d98;[];oke
661;599;11-50;305240.0;text;;[];False;False;136b02c627e1e405;[];gw belom mulai tugas
662;599;1-10;305245.0;text;;[];False;False;daaf7fd45ed34d98;[];wkwk
663;599;0;305247.0;sticker/webp;;[];False;False;136b02c627e1e405;[];[Stiker]
664;599;1-10;305296.0;text;654.0;[];False;False;2b8e28f61885eadd;[];yuk
665;599;1-10;305302.0;text;656.0;[];False;False;2b8e28f61885eadd;[];ok
666;599;11-50;305318.0;text;;[];False;False;2b8e28f61885eadd;[];perpus tutup jam berapa ya
667;599;0;305380.0;sticker/webp;;[];False;False;7793fa3d5446ee92;[];[Stiker]
668;599;0;305389.0;sticker/webp;;[];False;False;daaf7fd45ed34d98;[];[Stiker]
669;599;1-10;305648.0;text;;[];False;False;51312755e5db6714;[];WKWK
670;599;11-50;305732.0;text;;[];False;False;51312755e5db6714;['2b8e28f61885eadd'];DOSEN GW GALAK BANGET SIH
671;599;11-50;305769.0;text;;[];False;False;2b8e28f61885eadd;[];lab komputer penuh terus
672;599;1-10;305796.0;text;;[];False;False;13d265a25abf6cea;[];dahh
673;599;11-50;305801.0;text;;[];False;False;13d265a25abf6cea;[];gw lg ngerjainnnn tugassss nihh
674;599;0;305802.0;sticker/webp;;[];False;False;daaf7fd45ed34d98;[];[Stiker]
675;599;1-10;305803.0;text;;[];False;False;13d265a25abf6cea;[];oke
676;599;11-50;305814.0;text;;[];False;False;13d265a25abf6cea;[];dosen gw galak bangettt sihhh
677;599;0;305815.0;sticker/webp;;[];False;False;13d265a25abf6cea;[];[Stiker]
678;599;11-50;305817.0;text;;[];False;False;daaf7fd45ed34d98;[];deadline besok,,, pagi bro
679;599;11-50;305827.0;text;;[];False;False;daaf7fd45ed34d98;[];gw belom,,, mulai tugas
680;599;0;305831.0;sticker/webp;;[];False;False;703b27b186f0ab83;[];[Stiker]
681;599;0;305854.0;sticker/webp;;[];False;False;13d265a25abf6cea;[];[Stiker]
682;599;11-50;305863.0;text;;[];False;False;13d265a25abf6cea;[];deadline besok pagiii bro
683;599;11-50;305872.0;text;;[];False;False;51312755e5db6714;[];GW LG NGERJAIN TUGAS NIH
684;599;1-10;305935.0;text;;[];False;False;daaf7fd45ed34d98;[];haha
685;599;11-50;305944.0;text;;[];False;False;daaf7fd45ed34d98;[];gw belom mulai tugas,,,
686;599;0;305953.0;sticker/webp;;[];False;False;daaf7fd45ed34d98;[];[Stiker]
687;599;0;306063.0;sticker/webp;;[];False;False;13d265a25abf6cea;[];[Stiker]
688;599;11-50;306115.0;text;;[];False;False;2b8e28f61885eadd;[];gw skip kelas hari ini
689;599;0;306127.0;sticker/webp;;[];False;False;2b8e28f61885eadd;[];[Stiker]
690;599;0;306150.0;sticker/webp;;[];False;False;daaf7fd45ed34d98;[];[Stiker]
691;600;1-10;350732.0;image/jpeg;;[];False;False;3b9b10fb6cf953de;[];[Foto]
692;600;11-50;350807.0;text;;[];False;False;daaf7fd45ed34d98;[];duit bulanan,,, belum dikirim
693;600;1-10;350812.0;text;;[];False;False;daaf7fd45ed34d98;[];pasti
694;600;1-10;350830.0;text;;[];False;False;3b9b10fb6cf953de;[];gila
695;600;11-50;350845.0;text;;[];False;False;daaf7fd45ed34d98;[];adek gw masuk sma tahun ini,,,
696;600;1-10;350854.0;text;;[];False;False;daaf7fd45ed34d98;[];woles
697;600;11-50;350862.0;text;;[];False;False;3b9b10fb6cf953de;[];keluarga ngumpul lebaran nanti
698;600;11-50;351031.0;text;;[];False;False;13d265a25abf6cea;[];film baru di bioskopppp bagus ga
699;600;11-50;351078.0;text;;[];False;False;3b9b10fb6cf953de;[];keluarga ngumpul lebaran nanti
700;600;11-50;351251.0;text;;[];True;False;daaf7fd45ed34d98;[];itu tempatnya jauh ga?
701;600;1-10;351252.0;text;;[];False;False;daaf7fd45ed34d98;[];gila
702;600;1-10;351255.0;text;;[];False;False;3b9b10fb6cf953de;[];woles
703;600;11-50;351355.0;text;;[];False;False;daaf7fd45ed34d98;[];adek gw masuk sma tahun ini
704;600;11-50;351362.0;text;;[];False;False;daaf7fd45ed34d98;[];mama minta gw pulang weekend
705;600;1-10;351416.0;text;;[];False;False;3b9b10fb6cf953de;[];yess
706;600;11-50;351417.0;text;;[];False;False;3b9b10fb6cf953de;[];duit bulanan belum dikirim
707;600;11-50;351426.0;text;;[];False;False;3b9b10fb6cf953de;[];mama minta gw pulang weekend
708;600;11-50;351515.0;text;691.0;[];False;False;3ce060ad1c470c49;[];gw baru aja ketemu mantan
709;600;11-50;351536.0;text;;[];False;False;3b9b10fb6cf953de;[];nyokap nanya kapan lulus
710;600;11-50;351673.0;text;;[];False;False;13d265a25abf6cea;[];bokappp gw lagi di luar kota
711;600;11-50;351696.0;text;;[];False;False;13d265a25abf6cea;[];gw kangennn masakann rumahhh
712;600;0;351697.0;sticker/webp;;[];False;False;13d265a25abf6cea;[];[Stiker]
713;600;11-50;351710.0;text;;[];False;False;3b9b10fb6cf953de;[];film baru di bioskop bagus ga
714;600;11-50;351738.0;text;;[];False;False;13d265a25abf6cea;[];gw kangen masakan rumah
715;600;11-50;351739.0;text;;[];False;False;13d265a25abf6cea;[];gw lagii marathonnnn drakor nih
716;600;11-50;351751.0;text;;[];False;False;13d265a25abf6cea;[];bokap gw lagi di luarrr kota
717;600;51-100;351784.0;text;;[];False;False;3b9b10fb6cf953de;[];gw nonton film dokumenter semalam tentang laut dan ikan, bagus banget
718;600;0;351802.0;sticker/webp;691.0;[];False;False;b755abcfd4269903;[];[Stiker]
719;600;11-50;351809.0;text;;[];False;False;13d265a25abf6cea;[];gw baru aja ketemu mantan
720;600;11-50;351817.0;text;;[];False;False;3b9b10fb6cf953de;[];bokap gw lagi di luar kota
721;600;1-10;351825.0;text;;[];False;False;3b9b10fb6cf953de;[];nice
722;600;11-50;351827.0;text;;[];False;False;13d265a25abf6cea;[];keluarga ngumpul lebarannn nantii
723;600;1-10;351830.0;text;;[];False;False;13d265a25abf6cea;[];magerrr
724;600;1-10;351831.0;text;;[];False;False;13d265a25abf6cea;[];noted
725;600;11-50;351868.0;text;;[];False;False;3b9b10fb6cf953de;[];bokap gw lagi di luar kota
726;600;51-100;351897.0;text;;[];False;False;13d265a25abf6cea;[];adek gw mau masukk kuliah tahun depan gw harusss bantuuuu cariin info jurusannnn
727;600;11-50;351961.0;text;;[];False;False;3b9b10fb6cf953de;[];gw baru aja ketemu mantan
728;600;11-50;351964.0;text;;[];False;False;13d265a25abf6cea;[];playlist lo yang manaaa sih
729;600;11-50;351968.0;text;;[];True;False;13d265a25abf6cea;[];lu lagii ngapainnnn sih?
730;600;11-50;351973.0;text;;[];False;False;3b9b10fb6cf953de;[];duit bulanan belum dikirim
731;600;51-100;352011.0;text;;[];False;False;3b9b10fb6cf953de;[];adek gw mau masuk kuliah tahun depan gw harus bantu cariin info jurusan
732;600;11-50;352021.0;text;;[];False;False;13d265a25abf6cea;[];bokap gw lagi di luar kotaaa
733;600;11-50;352034.0;text;;[];False;False;13d265a25abf6cea;[];bokap gw lagi di luarrr kota
734;600;11-50;352118.0;text;;[];False;False;3b9b10fb6cf953de;[];adek gw masuk SMA tahun ini
735;600;1-10;352235.0;text;;[];False;False;13d265a25abf6cea;[];gila
736;600;101-500;352260.0;text;;[];False;False;55a82d2fa1b34c06;[];GW PENGEN CURHAT SEDIKIT NIH. AKHIR AKHIR INI GW NGERASA BURNOUT BANGET SAMA RUTINITAS KULIAH YANG ITU ITU AJA. BANGUN PAGI, KULIAH, TUGAS, TIDUR, REPEAT. KADANG GW NGERASA KAYAK ROBOT YANG CUMA JALAN SESUAI PROGRAM TANPA TAU TUJUAN AKHIRNYA APA. MUNGKIN GW BUTUH LIBURAN BENERAN BUAT REFRESH OTAK
737;600;1-10;352316.0;text;;[];False;False;1de3fa895baf408c;[];nice
738;600;101-500;352344.0;text;;[];False;False;55a82d2fa1b34c06;[];GW PENGEN CURHAT SEDIKIT NIH. AKHIR AKHIR INI GW NGERASA BURNOUT BANGET SAMA RUTINITAS KULIAH YANG ITU ITU AJA. BANGUN PAGI, KULIAH, TUGAS, TIDUR, REPEAT. KADANG GW NGERASA KAYAK ROBOT YANG CUMA JALAN SESUAI PROGRAM TANPA TAU TUJUAN AKHIRNYA APA. MUNGKIN GW BUTUH LIBURAN BENERAN BUAT REFRESH OTAK
739;600;101-500;352355.0;text;;[];False;False;1de3fa895baf408c;[];gw pengen curhat,,, sedikit nih. akhir,,, akhir ini,,, gw ngerasa burnout banget sama rutinitas,,, kuliah yang,,, itu itu aja. bangun pagi,,,, kuliah,,,, tugas, tidur,,,, repeat. kadang gw ngerasa kayak robot yang cuma,,, jalan sesuai program tanpa tau tujuan akhirnya,,, apa. mungkin gw butuh liburan,,, beneran buat refresh otak,,,
740;600;101-500;352389.0;text;;[];False;False;55a82d2fa1b34c06;[];GW PENGEN CURHAT SEDIKIT NIH. AKHIR AKHIR INI GW NGERASA BURNOUT BANGET SAMA RUTINITAS KULIAH YANG ITU ITU AJA. BANGUN PAGI, KULIAH, TUGAS, TIDUR, REPEAT. KADANG GW NGERASA KAYAK ROBOT YANG CUMA JALAN SESUAI PROGRAM TANPA TAU TUJUAN AKHIRNYA APA. MUNGKIN GW BUTUH LIBURAN BENERAN BUAT REFRESH OTAK
741;600;11-50;352395.0;text;;[];False;False;13d265a25abf6cea;[];nyokapppp nanyaa kapan luluss
742;600;11-50;352399.0;text;;[];False;False;55a82d2fa1b34c06;[];GW BARU AJA KETEMU MANTAN
743;600;11-50;352402.0;text;;[];False;False;13d265a25abf6cea;[];duit bulanan belummmm dikirim
744;600;0;352410.0;sticker/webp;;[];False;False;13d265a25abf6cea;[];[Stiker]
745;600;51-100;352416.0;text;741.0;[];False;False;1de3fa895baf408c;[];gw nonton film dokumenter semalam tentang laut dan ikan, bagus banget
746;600;11-50;352473.0;text;;[];False;False;daaf7fd45ed34d98;[];gw baru aja ketemu mantan
747;600;11-50;352485.0;text;;[];False;False;daaf7fd45ed34d98;[];gw kangen masakan rumah,,,
748;600;0;352494.0;sticker/webp;;[];False;False;daaf7fd45ed34d98;[];[Stiker]
749;600;0;352533.0;sticker/webp;;[];False;False;13d265a25abf6cea;[];[Stiker]
750;600;0;352593.0;sticker/webp;;[];False;False;daaf7fd45ed34d98;[];[Stiker]
751;600;0;352824.0;sticker/webp;;[];False;False;1de3fa895baf408c;[];[Stiker]
752;600;11-50;352859.0;text;;[];False;False;51312755e5db6714;[];FILM BARU DI BIOSKOP BAGUS GA
753;600;0;353162.0;sticker/webp;;[];False;False;13d265a25abf6cea;[];[Stiker]
754;600;0;353186.0;sticker/webp;;[];False;False;1de3fa895baf408c;[];[Stiker]
755;600;11-50;353194.0;text;;[];False;False;1de3fa895baf408c;[];playlist lo yang mana sih
756;600;0;353197.0;sticker/webp;;[];False;False;daaf7fd45ed34d98;[];[Stiker]
757;600;11-50;353232.0;text;;[];False;False;13d265a25abf6cea;[];adek gw masuk sma tahun ini
758;600;1-10;353240.0;text;;['🤭'];False;False;1de3fa895baf408c;[];nice
759;601;11-50;355523.0;text;;[];False;False;8c98eacc3af87d50;[];mie ayam pak kumis juara sih
760;601;0;355528.0;sticker/webp;;[];False;False;8c98eacc3af87d50;[];[Stiker]
761;601;0;355546.0;sticker/webp;;[];False;False;0ebb14d608ff1bbe;[];[Stiker]
762;601;0;355549.0;sticker/webp;;[];False;False;0ebb14d608ff1bbe;[];[Stiker]
763;601;0;355552.0;sticker/webp;;[];False;False;65db2d93bdff800b;[];[Stiker]
764;601;0;355555.0;sticker/webp;;[];False;False;0ebb14d608ff1bbe;[];[Stiker]
765;601;0;355558.0;sticker/webp;;[];False;False;65db2d93bdff800b;[];[Stiker]
766;601;0;355563.0;sticker/webp;;[];False;False;0ebb14d608ff1bbe;[];[Stiker]
767;601;0;355570.0;sticker/webp;;[];False;False;65db2d93bdff800b;[];[Stiker]
768;601;0;355572.0;sticker/webp;;[];False;False;65db2d93bdff800b;[];[Stiker]
769;601;0;355572.0;sticker/webp;;[];False;False;65db2d93bdff800b;[];[Stiker]
770;601;0;355575.0;sticker/webp;;[];False;False;65db2d93bdff800b;[];[Stiker]
771;602;0;356868.0;sticker/webp;;[];False;False;daaf7fd45ed34d98;[];[Stiker]
772;602;0;356936.0;sticker/webp;;[];False;False;2caf768530221aee;[];[Stiker]
773;602;11-50;357258.0;text;;[];False;False;51312755e5db6714;[];PORSI MAKAN GW NAMBAH TERUS
774;602;11-50;357439.0;text;;[];False;False;13d265a25abf6cea;[];gw mauuu nyoba restorannn baruuu
775;602;0;357464.0;sticker/webp;;[];False;False;13d265a25abf6cea;[];[Stiker]
776;602;0;357465.0;sticker/webp;;[];False;False;13d265a25abf6cea;[];[Stiker]
777;602;0;357465.0;sticker/webp;;[];False;False;13d265a25abf6cea;[];[Stiker]
778;602;0;357467.0;sticker/webp;;[];False;False;13d265a25abf6cea;[];[Stiker]
779;602;0;357473.0;sticker/webp;;[];False;False;13d265a25abf6cea;[];[Stiker]
780;602;0;357476.0;sticker/webp;;[];False;False;13d265a25abf6cea;[];[Stiker]
781;602;0;357478.0;sticker/webp;;[];False;False;13d265a25abf6cea;[];[Stiker]
782;602;0;357482.0;sticker/webp;;[];False;False;13d265a25abf6cea;[];[Stiker]
783;602;0;357489.0;sticker/webp;;[];False;False;13d265a25abf6cea;[];[Stiker]
784;602;0;357492.0;sticker/webp;;[];False;False;13d265a25abf6cea;[];[Stiker]
785;602;0;357493.0;sticker/webp;;[];False;False;13d265a25abf6cea;[];[Stiker]
786;602;0;357497.0;sticker/webp;;[];False;False;13d265a25abf6cea;[];[Stiker]
787;602;0;357499.0;sticker/webp;;[];False;False;13d265a25abf6cea;[];[Stiker]
788;602;0;357500.0;sticker/webp;;[];False;False;13d265a25abf6cea;[];[Stiker]
789;602;0;357501.0;sticker/webp;;[];False;False;13d265a25abf6cea;[];[Stiker]
790;602;0;357502.0;sticker/webp;;[];False;False;13d265a25abf6cea;[];[Stiker]
791;602;0;357511.0;sticker/webp;;[];False;False;13d265a25abf6cea;[];[Stiker]
792;602;0;357515.0;sticker/webp;;[];False;False;13d265a25abf6cea;[];[Stiker]
793;602;0;357515.0;sticker/webp;;[];False;False;13d265a25abf6cea;[];[Stiker]
794;602;0;357520.0;sticker/webp;;[];False;False;13d265a25abf6cea;[];[Stiker]
795;602;0;357522.0;sticker/webp;;[];False;False;13d265a25abf6cea;[];[Stiker]
796;602;0;357523.0;sticker/webp;;[];False;False;13d265a25abf6cea;[];[Stiker]
797;602;0;357526.0;sticker/webp;;[];False;False;13d265a25abf6cea;[];[Stiker]
798;602;0;357528.0;sticker/webp;;[];False;False;13d265a25abf6cea;[];[Stiker]
799;602;0;357533.0;sticker/webp;;[];False;False;13d265a25abf6cea;[];[Stiker]
800;602;0;357539.0;sticker/webp;;[];False;False;13d265a25abf6cea;[];[Stiker]
801;602;0;357539.0;sticker/webp;;[];False;False;13d265a25abf6cea;[];[Stiker]
802;602;11-50;357539.0;text;;[];False;False;1de3fa895baf408c;[];tadi gw makan nasi,,, padang
803;602;0;357542.0;sticker/webp;;[];False;False;13d265a25abf6cea;[];[Stiker]
804;602;0;357546.0;sticker/webp;;[];False;False;13d265a25abf6cea;[];[Stiker]
805;602;0;357551.0;sticker/webp;;[];False;False;13d265a25abf6cea;[];[Stiker]
806;602;0;357553.0;sticker/webp;;[];False;False;13d265a25abf6cea;[];[Stiker]
807;602;0;357554.0;sticker/webp;;[];False;False;13d265a25abf6cea;[];[Stiker]
808;602;0;357562.0;sticker/webp;;[];False;False;13d265a25abf6cea;[];[Stiker]
809;602;0;357562.0;sticker/webp;;[];False;False;13d265a25abf6cea;[];[Stiker]
810;602;0;357570.0;sticker/webp;;[];False;False;13d265a25abf6cea;[];[Stiker]
811;602;0;357571.0;sticker/webp;;[];False;False;13d265a25abf6cea;[];[Stiker]
812;602;0;357583.0;sticker/webp;;[];False;False;13d265a25abf6cea;[];[Stiker]
813;602;0;357583.0;sticker/webp;;[];False;False;13d265a25abf6cea;[];[Stiker]
814;602;0;357584.0;sticker/webp;;[];False;False;13d265a25abf6cea;[];[Stiker]
815;602;0;357589.0;sticker/webp;;[];False;False;13d265a25abf6cea;[];[Stiker]
816;602;0;357592.0;sticker/webp;;[];False;False;13d265a25abf6cea;[];[Stiker]
817;602;0;357599.0;sticker/webp;;[];False;False;13d265a25abf6cea;[];[Stiker]
818;602;0;357600.0;sticker/webp;;[];False;False;13d265a25abf6cea;[];[Stiker]
819;602;0;357602.0;sticker/webp;;[];False;False;13d265a25abf6cea;[];[Stiker]
820;602;0;357606.0;sticker/webp;;[];False;False;13d265a25abf6cea;[];[Stiker]
821;602;0;357610.0;sticker/webp;;[];False;False;13d265a25abf6cea;[];[Stiker]
822;602;0;357612.0;sticker/webp;;[];False;False;13d265a25abf6cea;[];[Stiker]
823;602;0;357615.0;sticker/webp;;[];False;False;13d265a25abf6cea;[];[Stiker]
824;602;0;357616.0;sticker/webp;;[];False;False;13d265a25abf6cea;[];[Stiker]
825;602;0;357618.0;sticker/webp;;[];False;False;13d265a25abf6cea;[];[Stiker]
826;602;0;357621.0;sticker/webp;;[];False;False;13d265a25abf6cea;[];[Stiker]
827;602;0;357622.0;sticker/webp;;[];False;False;13d265a25abf6cea;[];[Stiker]
828;602;0;357627.0;sticker/webp;;[];False;False;13d265a25abf6cea;[];[Stiker]
829;602;0;357627.0;sticker/webp;;[];False;False;13d265a25abf6cea;[];[Stiker]
830;602;0;357631.0;sticker/webp;;[];False;False;13d265a25abf6cea;[];[Stiker]
831;602;0;357632.0;sticker/webp;;[];False;False;13d265a25abf6cea;[];[Stiker]
832;602;0;357634.0;sticker/webp;;[];False;False;13d265a25abf6cea;[];[Stiker]
833;602;0;357637.0;sticker/webp;;[];False;False;13d265a25abf6cea;[];[Stiker]
834;602;0;357637.0;sticker/webp;;[];False;False;13d265a25abf6cea;[];[Stiker]
835;602;0;357638.0;sticker/webp;;[];False;False;13d265a25abf6cea;[];[Stiker]
836;602;0;357640.0;sticker/webp;;[];False;False;13d265a25abf6cea;[];[Stiker]
837;602;0;357642.0;sticker/webp;;[];False;False;13d265a25abf6cea;[];[Stiker]
838;602;0;357643.0;sticker/webp;;[];False;False;13d265a25abf6cea;[];[Stiker]
839;602;0;357646.0;sticker/webp;;[];False;False;13d265a25abf6cea;[];[Stiker]
840;602;11-50;357646.0;text;;[];False;False;51312755e5db6714;[];SARAPAN DULU BARU MIKIR
841;602;11-50;357649.0;text;;[];False;False;51312755e5db6714;[];GW MAU PESEN GOFOOD DULU
842;602;0;357649.0;sticker/webp;;[];False;False;13d265a25abf6cea;[];[Stiker]
843;602;0;357651.0;sticker/webp;;[];False;False;13d265a25abf6cea;[];[Stiker]
844;602;0;357653.0;sticker/webp;;[];False;False;13d265a25abf6cea;[];[Stiker]
845;602;0;357656.0;sticker/webp;;[];False;False;13d265a25abf6cea;[];[Stiker]
846;602;0;357660.0;sticker/webp;;[];False;False;13d265a25abf6cea;[];[Stiker]
847;602;0;357662.0;sticker/webp;;[];False;False;13d265a25abf6cea;[];[Stiker]
848;602;0;357662.0;sticker/webp;;[];False;False;13d265a25abf6cea;[];[Stiker]
849;602;0;357664.0;sticker/webp;;[];False;False;13d265a25abf6cea;[];[Stiker]
850;602;0;357666.0;sticker/webp;;[];False;False;13d265a25abf6cea;[];[Stiker]
851;602;0;357669.0;sticker/webp;;[];False;False;13d265a25abf6cea;[];[Stiker]
852;602;0;357669.0;sticker/webp;;[];False;False;13d265a25abf6cea;[];[Stiker]
853;602;0;357673.0;sticker/webp;;[];False;False;13d265a25abf6cea;[];[Stiker]
854;602;0;357676.0;sticker/webp;;[];False;False;13d265a25abf6cea;[];[Stiker]
855;602;0;357679.0;sticker/webp;;[];False;False;13d265a25abf6cea;[];[Stiker]
856;602;0;357685.0;sticker/webp;;[];False;False;13d265a25abf6cea;[];[Stiker]
857;602;0;357687.0;sticker/webp;;[];False;False;13d265a25abf6cea;[];[Stiker]
858;602;0;357694.0;sticker/webp;;[];False;False;13d265a25abf6cea;[];[Stiker]
859;602;0;357694.0;sticker/webp;;[];False;False;13d265a25abf6cea;[];[Stiker]
860;602;0;357697.0;sticker/webp;;[];False;False;13d265a25abf6cea;[];[Stiker]
861;602;0;357698.0;sticker/webp;;[];False;False;13d265a25abf6cea;[];[Stiker]
862;602;0;357706.0;sticker/webp;;[];False;False;13d265a25abf6cea;[];[Stiker]
863;602;0;357707.0;sticker/webp;;[];False;False;13d265a25abf6cea;[];[Stiker]
864;602;0;357708.0;sticker/webp;;[];False;False;13d265a25abf6cea;[];[Stiker]
865;602;0;357711.0;sticker/webp;;[];False;False;13d265a25abf6cea;[];[Stiker]
866;602;0;357712.0;sticker/webp;;[];False;False;13d265a25abf6cea;[];[Stiker]
867;602;1-10;357717.0;text;;[];True;True;b755abcfd4269903;[];serius?
868;602;0;357741.0;sticker/webp;;[];False;False;13d265a25abf6cea;[];[Stiker]
869;602;0;357754.0;sticker/webp;;[];False;False;13d265a25abf6cea;[];[Stiker]
870;602;0;357780.0;sticker/webp;;[];False;False;13d265a25abf6cea;[];[Stiker]
871;602;0;357787.0;sticker/webp;;[];False;False;13d265a25abf6cea;[];[Stiker]
872;602;0;357817.0;sticker/webp;;[];False;False;13d265a25abf6cea;[];[Stiker]
873;602;0;357826.0;sticker/webp;;[];False;False;13d265a25abf6cea;[];[Stiker]
874;602;0;357847.0;sticker/webp;;[];False;False;13d265a25abf6cea;[];[Stiker]
875;602;0;357862.0;sticker/webp;;[];False;False;13d265a25abf6cea;[];[Stiker]
876;602;11-50;357869.0;text;;[];False;False;51312755e5db6714;[];SARAPAN DULU BARU MIKIR
877;602;0;357940.0;sticker/webp;;[];False;False;13d265a25abf6cea;[];[Stiker]
878;602;0;357953.0;sticker/webp;;[];False;False;13d265a25abf6cea;[];[Stiker]
879;602;0;357991.0;sticker/webp;;[];False;False;13d265a25abf6cea;[];[Stiker]
880;602;1-10;358003.0;text;;[];False;False;daaf7fd45ed34d98;[];lol
881;602;0;358005.0;sticker/webp;;[];False;False;13d265a25abf6cea;[];[Stiker]
882;602;11-50;358010.0;text;;[];False;False;daaf7fd45ed34d98;['13d265a25abf6cea'];tadi gw makan nasi padang
883;602;11-50;358017.0;text;;[];True;False;daaf7fd45ed34d98;[];bawa motor apa naik apa?
884;602;0;358018.0;sticker/webp;;[];False;False;13d265a25abf6cea;[];[Stiker]
885;602;0;358031.0;sticker/webp;;[];False;False;daaf7fd45ed34d98;[];[Stiker]
886;602;0;358051.0;sticker/webp;;[];False;False;13d265a25abf6cea;[];[Stiker]
887;602;1-10;358110.0;text;691.0;[];False;False;56b91190e4f4849e;[];AYOK
888;602;0;358138.0;sticker/webp;;[];False;False;daaf7fd45ed34d98;[];[Stiker]
889;602;0;358176.0;sticker/webp;;[];False;False;13d265a25abf6cea;[];[Stiker]
890;602;0;358234.0;sticker/webp;;[];False;False;13d265a25abf6cea;[];[Stiker]
891;602;0;358300.0;sticker/webp;;[];False;False;daaf7fd45ed34d98;[];[Stiker]
892;602;0;358308.0;sticker/webp;;[];False;False;13d265a25abf6cea;[];[Stiker]
893;602;0;358308.0;sticker/webp;;[];False;False;daaf7fd45ed34d98;[];[Stiker]
894;602;0;358322.0;sticker/webp;;[];False;False;daaf7fd45ed34d98;[];[Stiker]
895;602;0;358327.0;sticker/webp;;[];False;False;daaf7fd45ed34d98;[];[Stiker]
896;602;0;358332.0;sticker/webp;;[];False;False;13d265a25abf6cea;[];[Stiker]
897;602;0;358340.0;sticker/webp;;[];False;False;13d265a25abf6cea;[];[Stiker]
898;602;0;358351.0;sticker/webp;;[];False;False;13d265a25abf6cea;[];[Stiker]
899;602;0;358353.0;sticker/webp;;[];False;False;13d265a25abf6cea;[];[Stiker]
900;602;0;358357.0;sticker/webp;;[];False;False;13d265a25abf6cea;[];[Stiker]
901;602;11-50;358361.0;text;;[];False;False;13d265a25abf6cea;[];tadiii gw makannnn nasi padang
902;602;0;358365.0;sticker/webp;;[];False;False;13d265a25abf6cea;[];[Stiker]
903;602;11-50;358388.0;text;;[];False;False;daaf7fd45ed34d98;[];tadi gw makan nasi,,, padang
904;602;1-10;358393.0;text;;[];False;False;13d265a25abf6cea;[];ngabbbb
905;602;0;358396.0;video/mp4;902.0;[];False;False;daaf7fd45ed34d98;[];[Video]
906;602;11-50;358404.0;text;;[];False;False;13d265a25abf6cea;[];baksooo malang itu buka ga ya
907;602;1-10;358406.0;text;;[];False;False;13d265a25abf6cea;[];fixxxx
908;602;0;358426.0;sticker/webp;;[];False;False;daaf7fd45ed34d98;[];[Stiker]
909;602;0;358641.0;sticker/webp;;[];False;False;daaf7fd45ed34d98;[];[Stiker]
910;603;0;362260.0;image/jpeg;;[];False;False;6eee2375e4e2738b;[];[Foto]
911;603;0;365020.0;sticker/webp;691.0;[];False;False;2aee3383c62f0d1c;[];[Stiker]
912;603;0;369457.0;system;;[];False;False;8e8732d5f53cb3a4;[];[Pesan sistem]
913;604;1-10;374335.0;text;;[];False;False;0ebb14d608ff1bbe;[];hoo
914;605;0;376948.0;video/mp4;;[];False;False;daaf7fd45ed34d98;[];[Video]
915;606;0;379072.0;sticker/webp;;[];False;False;97672e43c962b681;[];[Stiker]
916;606;0;380193.0;sticker/webp;;[];False;False;2b8e28f61885eadd;[];[Stiker]
917;607;0;381527.0;sticker/webp;;[];False;False;daaf7fd45ed34d98;[];[Stiker]
918;607;0;381530.0;sticker/webp;;[];False;False;daaf7fd45ed34d98;[];[Stiker]
919;607;0;381540.0;sticker/webp;;[];False;False;daaf7fd45ed34d98;[];[Stiker]
920;607;1-10;381591.0;text;;[];False;False;2b8e28f61885eadd;[];gas
921;607;11-50;381597.0;text;;[];False;False;2b8e28f61885eadd;[];lab komputer penuh terus
922;607;0;382514.0;sticker/webp;;[];False;False;b60fbe2a5f164dcb;[];[Stiker]
923;608;0;384223.0;sticker/webp;;[];False;False;0ebb14d608ff1bbe;[];[Stiker]
924;608;0;384225.0;sticker/webp;;[];False;False;0ebb14d608ff1bbe;[];[Stiker]
925;609;0;386751.0;sticker/webp;;[];False;False;2aee3383c62f0d1c;[];[Stiker]
926;609;0;386799.0;sticker/webp;;[];False;False;daaf7fd45ed34d98;[];[Stiker]
927;610;0;397109.0;sticker/webp;;[];False;False;13d265a25abf6cea;[];[Stiker]
928;610;0;397113.0;sticker/webp;;[];False;False;13d265a25abf6cea;[];[Stiker]
929;611;0;404239.0;sticker/webp;;[];False;False;8c98eacc3af87d50;[];[Stiker]
930;611;0;404247.0;sticker/webp;;[];False;False;8c98eacc3af87d50;[];[Stiker]
931;611;0;405251.0;sticker/webp;;[];False;False;8e6daf6762ad41fd;[];[Stiker]
932;612;0;427195.0;sticker/webp;;[];False;False;8c98eacc3af87d50;[];[Stiker]
933;613;0;430639.0;unknown;;[];False;False;2acb06eca1f87978;[];[Media tidak dikenal]
934;613;0;432660.0;sticker/webp;928.0;[];False;False;daaf7fd45ed34d98;[];[Stiker]
935;614;0;482756.0;sticker/webp;;[];False;False;13d265a25abf6cea;[];[Stiker]
936;614;0;483356.0;sticker/webp;934.0;[];False;False;5ae54207965fa6e8;[];[Stiker]
937;614;0;483377.0;sticker/webp;;[];False;False;daaf7fd45ed34d98;[];[Stiker]
938;614;11-50;483418.0;text;;[];False;False;13d265a25abf6cea;[];filmmm baruuuu di bioskop bagus ga
939;614;0;483426.0;sticker/webp;;[];False;False;13d265a25abf6cea;[];[Stiker]
940;614;11-50;483432.0;text;;[];False;False;9f557ab075256a7c;[];bokap gw lagiii di luar kotaaaa
941;614;1-10;483545.0;text;;[];False;False;51312755e5db6714;[];WOLES
942;614;11-50;483548.0;text;;[];False;False;51312755e5db6714;[];BOKAP GW LAGI DI LUAR KOTA
943;614;1-10;483552.0;text;;[];False;False;51312755e5db6714;[];WOLES
944;614;11-50;483586.0;text;;[];False;False;51312755e5db6714;[];GW KANGEN MASAKAN RUMAH
945;614;1-10;483943.0;text;;['🙂'];False;False;13d265a25abf6cea;[];gila
946;614;11-50;484082.0;text;;['😂'];False;False;9f557ab075256a7c;[];bokapp gw lagi di luar kota
947;614;1-10;484083.0;text;;[];False;False;9f557ab075256a7c;[];nice
948;614;11-50;484106.0;text;;[];False;False;9f557ab075256a7c;[];gw baruuuu aja ketemu mantan
949;614;1-10;484107.0;text;;['😏'];False;False;9f557ab075256a7c;[];gituu
950;614;0;484210.0;sticker/webp;;[];False;False;daaf7fd45ed34d98;[];[Stiker]
951;614;0;484222.0;sticker/webp;;[];False;False;daaf7fd45ed34d98;[];[Stiker]
952;614;0;488118.0;sticker/webp;;[];False;False;9db6557189f5a92c;[];[Stiker]
953;615;0;535898.0;image/jpeg;;[];False;False;daaf7fd45ed34d98;[];[Foto]
954;615;0;536104.0;sticker/webp;;[];False;False;13d265a25abf6cea;[];[Stiker]
955;615;0;536127.0;sticker/webp;;[];False;False;daaf7fd45ed34d98;[];[Stiker]
956;615;0;536135.0;sticker/webp;;[];False;False;13d265a25abf6cea;[];[Stiker]
957;615;0;536137.0;sticker/webp;;[];False;False;13d265a25abf6cea;[];[Stiker]
958;615;0;536145.0;sticker/webp;;[];False;False;daaf7fd45ed34d98;[];[Stiker]
959;615;0;536155.0;sticker/webp;;[];False;False;daaf7fd45ed34d98;[];[Stiker]
960;615;11-50;536213.0;text;;[];False;False;daaf7fd45ed34d98;['13d265a25abf6cea'];temen gw sakit,,, masuk rs
961;615;1-10;536217.0;text;;[];True;False;daaf7fd45ed34d98;[];ready?
962;615;0;536221.0;sticker/webp;;[];False;False;59929ab32a09f5d5;[];[Stiker]
963;615;11-50;536226.0;text;;[];False;False;51312755e5db6714;[];TEMENIN GW DONG BESOK
964;615;11-50;536228.0;text;;[];False;False;51312755e5db6714;[];GW GA PERCAYA SIH GOSIPNYA
965;615;1-10;536234.0;text;;[];False;False;13d265a25abf6cea;[];gabutt
966;615;1-10;536234.0;text;960.0;[];False;False;13d265a25abf6cea;[];amin
967;615;0;536238.0;sticker/webp;;[];False;False;daaf7fd45ed34d98;[];[Stiker]
968;615;0;536241.0;sticker/webp;;[];False;False;13d265a25abf6cea;[];[Stiker]
969;615;0;536260.0;video/mp4;;[];False;False;daaf7fd45ed34d98;[];[Video]
970;615;0;536261.0;sticker/webp;;[];False;False;13d265a25abf6cea;[];[Stiker]
971;615;0;536269.0;sticker/webp;;[];False;False;13d265a25abf6cea;[];[Stiker]
972;615;0;536282.0;sticker/webp;;[];False;False;daaf7fd45ed34d98;[];[Stiker]
973;615;51-100;536290.0;text;;[];False;False;51312755e5db6714;[];WIFI KOSAN GW LEMOT BANGET JADI GW KE PERPUS AJA BUAT NGERJAIN TUGAS
974;615;11-50;536298.0;text;;[];False;False;51312755e5db6714;[];PACARNYA BARU SIAPA SIH
975;615;0;536304.0;sticker/webp;;[];False;False;daaf7fd45ed34d98;[];[Stiker]
976;615;51-100;536325.0;text;;[];False;False;13d265a25abf6cea;[];harii ini gw ada rapat organisasi sampe sore jadi ga bisa ikutttt nongkrongggg
977;615;0;536337.0;sticker/webp;;[];False;False;13d265a25abf6cea;[];[Stiker]
978;615;11-50;536338.0;text;;[];False;False;13d265a25abf6cea;[];eh denger gosip belumm
979;615;1-10;536357.0;text;;[];False;False;51312755e5db6714;[];HIHI
980;615;11-50;536373.0;text;;[];False;False;daaf7fd45ed34d98;[];gw ga percaya sih gosipnya
981;615;0;536382.0;sticker/webp;;[];False;False;daaf7fd45ed34d98;[];[Stiker]
982;615;0;536390.0;sticker/webp;;[];False;False;daaf7fd45ed34d98;[];[Stiker]
983;615;1-10;536404.0;text;;[];False;False;51312755e5db6714;[];AMIN
984;615;1-10;536405.0;text;;[];False;False;51312755e5db6714;[];MALES
985;615;0;536421.0;sticker/webp;;[];False;False;daaf7fd45ed34d98;[];[Stiker]
986;615;0;536579.0;sticker/webp;;[];False;False;13d265a25abf6cea;[];[Stiker]
987;616;0;538143.0;sticker/webp;;[];False;False;5ae54207965fa6e8;[];[Stiker]
988;616;0;538151.0;sticker/webp;;[];False;False;5ae54207965fa6e8;[];[Stiker]
989;616;0;538284.0;sticker/webp;;[];False;False;daaf7fd45ed34d98;[];[Stiker]
990;617;0;551162.0;sticker/webp;;[];False;False;9f557ab075256a7c;[];[Stiker]
991;617;11-50;551173.0;text;;[];False;False;9f557ab075256a7c;[];konser ituuu mahall bangettt tiketnyaa
992;618;0;554839.0;sticker/webp;;[];False;False;daaf7fd45ed34d98;[];[Stiker]
993;618;0;557336.0;sticker/webp;;[];False;False;65db2d93bdff800b;[];[Stiker]
994;619;0;606435.0;sticker/webp;;[];False;False;daaf7fd45ed34d98;[];[Stiker]
995;619;0;606480.0;sticker/webp;;[];False;False;59929ab32a09f5d5;[];[Stiker]
996;619;0;606487.0;sticker/webp;;[];False;False;2caf768530221aee;[];[Stiker]
997;619;0;606589.0;sticker/webp;;[];False;False;0ebb14d608ff1bbe;[];[Stiker]
998;619;0;606634.0;sticker/webp;;[];False;False;59929ab32a09f5d5;[];[Stiker]
999;619;0;606682.0;sticker/webp;;[];False;False;2caf768530221aee;[];[Stiker]
1000;619;0;606701.0;sticker/webp;;[];False;False;0ebb14d608ff1bbe;[];[Stiker]
1001;619;0;606747.0;sticker/webp;;[];False;False;59929ab32a09f5d5;[];[Stiker]
1002;620;0;608798.0;sticker/webp;;[];False;False;daaf7fd45ed34d98;[];[Stiker]
1003;620;0;610297.0;sticker/webp;;[];False;False;daaf7fd45ed34d98;[];[Stiker]
1004;620;0;610597.0;sticker/webp;1003.0;[];False;False;37b155f0c38fc0a1;[];[Stiker]
1005;620;0;610621.0;sticker/webp;;[];False;False;daaf7fd45ed34d98;[];[Stiker]
1006;620;0;610857.0;sticker/webp;;[];False;False;37b155f0c38fc0a1;[];[Stiker]
1007;620;0;611021.0;sticker/webp;;[];False;False;daaf7fd45ed34d98;[];[Stiker]
1008;620;0;611029.0;sticker/webp;;[];False;False;daaf7fd45ed34d98;[];[Stiker]
1009;621;0;623702.0;sticker/webp;;[];False;False;13d265a25abf6cea;[];[Stiker]
1010;621;0;623800.0;sticker/webp;;[];False;False;13d265a25abf6cea;[];[Stiker]
1011;621;0;623919.0;sticker/webp;;[];False;False;13d265a25abf6cea;[];[Stiker]
1012;621;0;624238.0;sticker/webp;;[];False;False;51312755e5db6714;[];[Stiker]
1013;621;0;624254.0;sticker/webp;;[];False;False;8e3d4f19cee83b51;[];[Stiker]
1014;621;0;624783.0;sticker/webp;;[];False;False;8e3d4f19cee83b51;[];[Stiker]
1015;621;0;624792.0;sticker/webp;;[];False;False;51312755e5db6714;[];[Stiker]
1016;622;0;628946.0;sticker/webp;;[];False;False;aa839d34b3436611;[];[Stiker]
1017;622;0;631389.0;sticker/webp;;[];False;False;daaf7fd45ed34d98;[];[Stiker]
1018;622;0;631396.0;sticker/webp;;[];False;False;daaf7fd45ed34d98;[];[Stiker]
1019;622;0;633384.0;sticker/webp;;[];False;False;023fd26a3eca8714;[];[Stiker]
1020;623;11-50;639737.0;text;;[];False;False;7793fa3d5446ee92;[];GW LG NGERJAIN TUGAS NIH
1021;623;11-50;639737.0;text;;[];False;False;7793fa3d5446ee92;[];LAB KOMPUTER PENUH TERUS
1022;623;11-50;640469.0;video/mp4;;[];False;False;51312755e5db6714;['daaf7fd45ed34d98'];[Video]
1023;623;1-10;640588.0;text;;[];False;False;daaf7fd45ed34d98;[];dah
1024;623;1-10;640591.0;text;;[];False;False;daaf7fd45ed34d98;[];yuk
1025;623;1-10;640604.0;text;;[];False;False;daaf7fd45ed34d98;[];hehe
1026;623;11-50;640607.0;text;;[];False;False;daaf7fd45ed34d98;[];gw belom mulai tugas
1027;623;11-50;640617.0;text;;[];False;False;daaf7fd45ed34d98;[];dosen gw galak banget sih
1028;623;1-10;640627.0;text;;[];True;False;13d265a25abf6cea;[];apa?
1029;623;11-50;640637.0;text;;[];False;False;13d265a25abf6cea;[];matkullll ini susahhh banget
1030;623;1-10;640640.0;text;;[];False;False;daaf7fd45ed34d98;[];gas
1031;623;11-50;640650.0;text;;[];False;False;daaf7fd45ed34d98;[];lab komputer penuh,,, terus
1032;623;11-50;640658.0;text;;[];True;False;daaf7fd45ed34d98;[];tugas dikumpul kapan sih?
1033;623;11-50;640667.0;text;;[];False;False;13d265a25abf6cea;[];ipk gw turun semesterr ini
1034;623;0;640684.0;sticker/webp;;[];False;False;13d265a25abf6cea;[];[Stiker]
1035;623;0;640715.0;sticker/webp;;[];False;False;daaf7fd45ed34d98;[];[Stiker]
1036;623;0;640717.0;sticker/webp;;[];False;False;daaf7fd45ed34d98;[];[Stiker]
1037;624;11-50;649909.0;text;;[];True;False;a737e59d0b730d9e;[];udah sampe belom?
1038;624;0;649924.0;sticker/webp;;[];False;False;3b9b10fb6cf953de;[];[Stiker]
1039;624;0;649927.0;sticker/webp;;[];False;False;3b9b10fb6cf953de;[];[Stiker]
1040;624;0;649927.0;sticker/webp;;[];False;False;3b9b10fb6cf953de;[];[Stiker]
1041;624;0;649928.0;sticker/webp;;[];False;False;3b9b10fb6cf953de;[];[Stiker]
1042;624;0;649929.0;sticker/webp;;[];False;False;3b9b10fb6cf953de;[];[Stiker]
1043;624;0;649931.0;sticker/webp;;[];False;False;3b9b10fb6cf953de;[];[Stiker]
1044;624;0;649940.0;sticker/webp;;[];False;False;59929ab32a09f5d5;[];[Stiker]
1045;624;0;649942.0;sticker/webp;;[];False;False;59929ab32a09f5d5;[];[Stiker]
1046;624;0;649943.0;sticker/webp;;[];False;False;59929ab32a09f5d5;[];[Stiker]
1047;624;0;649946.0;sticker/webp;;[];False;False;59929ab32a09f5d5;[];[Stiker]
1048;624;0;649949.0;sticker/webp;;[];False;False;59929ab32a09f5d5;[];[Stiker]
1049;624;0;649989.0;sticker/webp;;[];False;False;a737e59d0b730d9e;[];[Stiker]
1050;625;0;658851.0;sticker/webp;;[];False;False;4591aabc7bfa7818;[];[Stiker]
1051;625;0;658857.0;sticker/webp;;[];False;False;4591aabc7bfa7818;[];[Stiker]
1052;625;0;659037.0;sticker/webp;1050.0;[];False;False;51312755e5db6714;[];[Stiker]
1053;626;11-50;686094.0;text;;[];False;False;daaf7fd45ed34d98;['044a0faf4d6eac29'];gw udah di parkiran,,, nih
1054;626;1-10;686100.0;text;;[];False;False;daaf7fd45ed34d98;[];hoo
1055;627;101-500;691052.0;text;;['😘'];False;True;50c1348d459d9136;[];parah banget banjir di daerah kosan gw semalam sampai air masuk ke kamar setinggi betis! barang barang gw banyak yang kerendem termasuk buku kuliah dan sepatu. gw harus ngungsi ke kosan temen dan sekarang lagi bersihin semua barang. semoga ga ada yang rusak parah sih!
1056;627;11-50;691146.0;text;;[];False;True;01cd3e5013f64a92;[];asik besok libur guys!
1057;627;1-10;691517.0;text;;['😁'];False;False;6b177579013a1aaa;[];MAH
1058;627;1-10;691585.0;text;;[];False;True;dbee766e4d7d6f3f;[];yay!
1059;627;11-50;691637.0;text;;[];False;False;b755abcfd4269903;[];Bsk sore ada waktu ga.
1060;627;0;691641.0;system;;[];False;False;bce3b10fba8bf024;[];[Pesan sistem]
1061;627;0;691647.0;sticker/webp;;[];False;False;b755abcfd4269903;[];[Stiker]
1062;627;1-10;698957.0;text;;[];False;False;56b91190e4f4849e;[];DEH
1063;628;1-10;711660.0;text;;['👌🏻'];False;False;9f557ab075256a7c;[];mager
1064;628;51-100;714049.0;text;;[];True;True;63fae49959e2f42f;[];siapa sih yang... spread gosip... itu... ke grup sebelah, tau... ga orangnya?
1065;629;0;722311.0;sticker/webp;;[];False;False;13d265a25abf6cea;[];[Stiker]
1066;629;0;722553.0;sticker/webp;;[];False;False;1039425bd2b06e14;[];[Stiker]
1067;629;11-50;723130.0;text;1063.0;[];False;False;daaf7fd45ed34d98;[];temen gw sakit,,, masuk rs
1068;629;0;723145.0;sticker/webp;;[];False;False;daaf7fd45ed34d98;[];[Stiker]
1069;629;11-50;723194.0;text;;[];False;False;d03a2a70ecfec79a;[];gw berantem sm si anu
1070;629;0;723431.0;sticker/webp;;[];False;False;13d265a25abf6cea;[];[Stiker]
1071;629;11-50;723435.0;text;;[];False;False;13d265a25abf6cea;[];temen gw sakitttt masukk rs
1072;629;0;724201.0;sticker/webp;;[];False;False;daaf7fd45ed34d98;[];[Stiker]
1073;629;0;724208.0;sticker/webp;;[];False;False;daaf7fd45ed34d98;[];[Stiker]
1074;629;0;724415.0;sticker/webp;;[];False;False;51312755e5db6714;[];[Stiker]
1075;629;1-10;725132.0;text;1063.0;['👌🏻'];False;False;1039425bd2b06e14;[];gabut
1076;630;0;726347.0;sticker/webp;;[];False;False;daaf7fd45ed34d98;[];[Stiker]
1077;630;0;726350.0;sticker/webp;;[];False;False;daaf7fd45ed34d98;[];[Stiker]
1078;630;0;726353.0;sticker/webp;;[];False;False;daaf7fd45ed34d98;[];[Stiker]
1079;630;0;726365.0;sticker/webp;;[];False;False;daaf7fd45ed34d98;[];[Stiker]
1080;630;0;726395.0;sticker/webp;;[];False;False;2caf768530221aee;[];[Stiker]
1081;631;0;734985.0;sticker/webp;;[];False;False;8c98eacc3af87d50;[];[Stiker]
1082;631;0;737721.0;sticker/webp;;[];False;False;f20b22191611f1a5;[];[Stiker]
1083;631;0;737729.0;sticker/webp;;[];False;False;f20b22191611f1a5;[];[Stiker]
1084;631;0;737730.0;sticker/webp;;[];False;False;f20b22191611f1a5;[];[Stiker]
1085;631;0;738380.0;system;;[];False;False;41bca16a89980f19;[];[Pesan sistem]
1086;632;0;740912.0;video/mp4;;[];False;False;b176aee11588ca9d;[];[Video]
1087;632;11-50;741123.0;text;;[];False;False;51312755e5db6714;[];SERIES ITU ENDINGNYA ZONK BGT
1088;632;0;741177.0;image/jpeg;;[];False;False;f20b22191611f1a5;[];[Foto]
1089;633;0;746183.0;video/mp4;;[];False;False;9f557ab075256a7c;[];[Video]
1090;633;1-10;746183.0;text;;['💪'];False;False;9f557ab075256a7c;[];tuh
1091;634;1-10;766878.0;text;;[];False;False;74cb51abdd48ed21;[];Gass.
1092;634;0;785035.0;image/jpeg;;[];False;False;daaf7fd45ed34d98;[];[Foto]
1093;634;11-50;785055.0;text;;[];False;False;daaf7fd45ed34d98;[];tadi gw makan nasi padang
1094;634;11-50;785299.0;text;;[];False;False;b755abcfd4269903;[];Es teh manis satu ya bang.
1095;635;0;786243.0;sticker/webp;;[];False;False;b755abcfd4269903;[];[Stiker]
1096;635;11-50;786669.0;text;;[];False;False;56b91190e4f4849e;[];GW LAGI DI WARKOP NIH
1097;635;0;786720.0;sticker/webp;;[];False;False;b755abcfd4269903;[];[Stiker]
1098;635;1-10;786726.0;text;;[];False;False;daaf7fd45ed34d98;[];mah
1099;635;0;786734.0;sticker/webp;;[];False;False;daaf7fd45ed34d98;[];[Stiker]
1100;635;0;786749.0;sticker/webp;;[];False;False;dbee766e4d7d6f3f;[];[Stiker]
1101;635;11-50;787322.0;text;;[];False;False;56b91190e4f4849e;[];RAME BANGET DISINI CUY
1102;635;1-10;787371.0;text;;[];False;False;b755abcfd4269903;[];Mah.
1103;635;11-50;787419.0;text;;[];False;False;56b91190e4f4849e;[];GW NAIK OJOL AJA DEH
1104;635;1-10;787427.0;text;;[];False;False;56b91190e4f4849e;[];HOO
1105;635;1-10;787428.0;text;;[];False;False;56b91190e4f4849e;[];EMM
1106;635;0;787445.0;video/mp4;;[];False;False;2b8e28f61885eadd;[];[Video]
1107;635;11-50;787448.0;text;;[];False;False;56b91190e4f4849e;[];GW NAIK OJOL AJA DEH
1108;635;1-10;787477.0;text;;[];False;False;b755abcfd4269903;[];Ooh.
1109;635;0;787826.0;sticker/webp;;[];False;False;b755abcfd4269903;[];[Stiker]
1110;636;1-10;792662.0;text;;[];False;False;56b91190e4f4849e;[];TUH
1111;636;11-50;792728.0;text;;[];False;False;d03a2a70ecfec79a;[];gw baru aja dr kapmus
1112;636;1-10;792739.0;text;;[];False;False;b755abcfd4269903;[];Bole.
1113;636;0;792768.0;sticker/webp;;[];False;False;d03a2a70ecfec79a;[];[Stiker]
1114;637;0;794331.0;sticker/webp;;[];False;False;daaf7fd45ed34d98;[];[Stiker]
1115;637;0;794340.0;sticker/webp;;[];False;False;daaf7fd45ed34d98;[];[Stiker]
1116;637;11-50;794567.0;text;;[];False;False;daaf7fd45ed34d98;[];gw ga percaya sih,,, gosipnya
1117;637;1-10;794571.0;text;;[];False;False;daaf7fd45ed34d98;[];ywd
1118;637;0;794573.0;sticker/webp;;[];False;False;daaf7fd45ed34d98;[];[Stiker]
1119;637;0;794673.0;system;;[];False;False;6eee2375e4e2738b;[];[Pesan sistem]
1120;637;11-50;794704.0;text;;[];False;False;19d7beeed8bda09b;[];pacaryna baru siapa sih
1121;637;1-10;794742.0;text;;[];False;False;d03a2a70ecfec79a;[];trus
1122;637;11-50;794746.0;text;;[];False;False;daaf7fd45ed34d98;[];angkot ke sana masih ada ga
1123;637;11-50;794796.0;text;;[];False;False;19d7beeed8bda09b;[];jangan bilang siapa sipaa ya
1124;637;1-10;794798.0;text;;[];False;False;19d7beeed8bda09b;[];males
1125;637;0;794799.0;video/mp4;;[];False;False;daaf7fd45ed34d98;[];[Video]
1126;637;1-10;794877.0;text;;[];False;False;daaf7fd45ed34d98;[];dong
1127;637;0;794882.0;sticker/webp;;[];False;False;daaf7fd45ed34d98;[];[Stiker]
1128;637;11-50;794885.0;text;;[];False;False;daaf7fd45ed34d98;[];gw kangen temen temen sma
1129;637;1-10;794888.0;text;;[];False;False;daaf7fd45ed34d98;[];sama
1130;637;1-10;795002.0;text;;[];False;False;daaf7fd45ed34d98;[];cape
1131;637;11-50;795030.0;text;;[];False;False;daaf7fd45ed34d98;['2caf768530221aee'];jangan bilang siapa siapa,,, ya
1132;637;11-50;795041.0;text;;[];False;False;daaf7fd45ed34d98;[];si itu udah putus katanya
1133;637;11-50;795138.0;text;;[];False;False;daaf7fd45ed34d98;[];si itu udah putus katanya
1134;637;11-50;795150.0;text;;[];True;False;d03a2a70ecfec79a;[];jadwal sidang kapan bro?
1135;637;11-50;795164.0;text;;[];False;False;d03a2a70ecfec79a;[];diem diem trenyata jadian
1136;637;0;795194.0;sticker/webp;;[];False;False;4591aabc7bfa7818;[];[Stiker]
1137;637;0;795209.0;sticker/webp;;[];False;False;d03a2a70ecfec79a;[];[Stiker]
1138;637;11-50;795219.0;text;;[];False;False;d03a2a70ecfec79a;[];angkot ke sana msh ad ga
1139;637;11-50;795233.0;text;;[];False;False;d03a2a70ecfec79a;[];temenin gw dong besok
1140;637;1-10;795243.0;text;;['🧐'];False;False;d03a2a70ecfec79a;[];setuju
1141;637;1-10;795255.0;text;;[];False;False;d03a2a70ecfec79a;[];hihi
1142;637;11-50;795261.0;text;;[];False;False;d03a2a70ecfec79a;[];gw berantem sm si anu
1143;637;11-50;795264.0;text;;[];False;False;d03a2a70ecfec79a;[];jangan bialng siapa siapa ya
1144;637;11-50;795270.0;text;;[];False;False;d03a2a70ecfec79a;[];gw berantem sm si anu
1145;637;1-10;795286.0;text;;[];False;False;d03a2a70ecfec79a;[];hihi
1146;637;11-50;795292.0;text;;[];False;False;d03a2a70ecfec79a;[];reuni kpaan ya kita
1147;637;11-50;795295.0;text;;[];False;False;2caf768530221aee;[];gw kangen temen temen sma
1148;637;11-50;795312.0;text;;[];False;False;d03a2a70ecfec79a;[];si tu udah putus katanya
1149;637;0;795318.0;sticker/webp;;[];False;False;4591aabc7bfa7818;[];[Stiker]
1150;637;1-10;795328.0;text;;[];False;False;d03a2a70ecfec79a;[];wkwwk
1151;637;0;795378.0;sticker/webp;;[];False;False;84d4b7adc977192f;[];[Stiker]
1152;637;51-100;795394.0;text;;[];False;False;d03a2a70ecfec79a;[];wifi kosan gw lemot bgt jaid gw ke perups aja buta ngerjain tugas
1153;637;1-10;795404.0;text;;[];False;False;d03a2a70ecfec79a;[];trus
1154;637;11-50;795407.0;text;;[];False;False;d03a2a70ecfec79a;[];jangan bilang siapa siapa ya
1155;637;11-50;795414.0;text;;[];False;False;d03a2a70ecfec79a;[];pacarnya baur siapa sih
1156;637;11-50;795427.0;text;;[];False;False;d03a2a70ecfec79a;[];temenin gw dong besok
1157;637;11-50;795433.0;text;;[];False;False;d03a2a70ecfec79a;[];dime diem ternytaa jadian
1158;637;11-50;795437.0;text;;[];False;False;d03a2a70ecfec79a;[];diem dime ternyata jadian
1159;637;1-10;795441.0;text;;[];False;False;daaf7fd45ed34d98;[];males
1160;637;0;795444.0;sticker/webp;;[];False;False;4591aabc7bfa7818;[];[Stiker]
1161;637;11-50;795454.0;text;;[];False;False;daaf7fd45ed34d98;[];jangan bilang siapa siapa ya
1162;637;11-50;795455.0;text;;[];False;False;daaf7fd45ed34d98;[];temen gw sakit masuk,,, rs
1163;637;51-100;795455.0;text;;[];False;False;d03a2a70ecfec79a;[];gw baru aja dapet kabar kalo temen ktia diterima kerja di luar negeir
1164;637;11-50;795468.0;text;;[];False;False;daaf7fd45ed34d98;[];gw kangen temen temen sma
1165;637;0;795474.0;sticker/webp;;[];False;False;daaf7fd45ed34d98;[];[Stiker]
1166;637;51-100;795480.0;text;;[];False;False;d03a2a70ecfec79a;[];gw penegn bgt liburan ke pantai tp duit lg tipis bgt skrg
1167;637;11-50;795482.0;text;;[];False;False;d03a2a70ecfec79a;[];gw berantem sm si anu
1168;637;0;795497.0;system;;[];False;False;f20b22191611f1a5;[];[Pesan sistem]
1169;637;11-50;795507.0;text;;[];False;False;d03a2a70ecfec79a;[];temen gw sakit masuk rs
1170;637;11-50;795536.0;text;;[];False;False;d03a2a70ecfec79a;[];diem diem ternyata jadian
1171;637;1-10;795554.0;text;;[];False;False;daaf7fd45ed34d98;[];males
1172;637;0;795561.0;sticker/webp;;[];False;False;daaf7fd45ed34d98;[];[Stiker]
1173;637;0;795564.0;sticker/webp;;[];False;False;daaf7fd45ed34d98;[];[Stiker]
1174;637;0;795571.0;sticker/webp;;[];False;False;daaf7fd45ed34d98;[];[Stiker]
1175;637;11-50;795572.0;text;;[];False;False;d03a2a70ecfec79a;[];eh denger gosip blm
1176;637;11-50;795573.0;text;;[];False;False;d03a2a70ecfec79a;[];temenin gw dong besok
1177;637;11-50;796790.0;text;;['😂'];False;False;9f557ab075256a7c;[];jangan bilang siapa siapa ya
1178;638;0;802678.0;sticker/webp;;[];False;False;2192d89a3afe5e09;[];[Stiker]
1179;638;0;802778.0;sticker/webp;;[];False;False;136b02c627e1e405;[];[Stiker]
1180;638;0;803126.0;sticker/webp;;[];False;False;daaf7fd45ed34d98;[];[Stiker]
1181;639;0;804215.0;sticker/webp;;[];False;False;13d265a25abf6cea;[];[Stiker]
1182;639;0;804934.0;sticker/webp;;[];False;False;daaf7fd45ed34d98;[];[Stiker]
1183;639;0;804938.0;sticker/webp;;[];False;False;daaf7fd45ed34d98;[];[Stiker]
1184;639;0;804967.0;sticker/webp;;[];False;False;13d265a25abf6cea;[];[Stiker]
1185;639;0;805187.0;sticker/webp;;[];False;False;daaf7fd45ed34d98;[];[Stiker]
1186;639;0;805196.0;sticker/webp;;[];False;False;daaf7fd45ed34d98;[];[Stiker]
1187;640;0;808499.0;sticker/webp;;[];False;False;55a82d2fa1b34c06;[];[Stiker]
1188;640;0;808502.0;sticker/webp;;[];False;False;55a82d2fa1b34c06;[];[Stiker]
1189;640;0;808706.0;sticker/webp;;[];False;False;2b8e28f61885eadd;[];[Stiker]
1190;640;0;813997.0;sticker/webp;;[];False;False;daaf7fd45ed34d98;[];[Stiker]
1191;641;0;861866.0;sticker/webp;;[];False;False;136b02c627e1e405;[];[Stiker]
1192;642;0;876108.0;system;;[];False;False;136b02c627e1e405;[];[Pesan sistem]
1193;642;0;881375.0;image/jpeg;;[];False;False;4234eb2e62ab98b1;[];[Foto]
1194;642;0;882112.0;sticker/webp;;[];False;False;daaf7fd45ed34d98;[];[Stiker]
1195;643;0;883619.0;sticker/webp;;[];False;False;51312755e5db6714;[];[Stiker]
1196;643;500+;884806.0;text;;[];False;False;9f557ab075256a7c;[];presentasiii gw amburadul
1197;643;1-10;884893.0;text;;[];False;False;51312755e5db6714;[];OTW
1198;643;11-50;884895.0;text;;[];False;False;9f557ab075256a7c;['13d265a25abf6cea'];gw skipppp kelas hariiii ini
1199;643;1-10;884899.0;text;;[];False;False;51312755e5db6714;[];GAS
1200;643;11-50;884908.0;text;;['😂'];False;False;9f557ab075256a7c;[];eh tadi kelass seruuuu banget
1201;643;11-50;884913.0;text;;[];False;False;9f557ab075256a7c;[];lab komputerrr penuh terusss
1202;643;11-50;884938.0;text;;[];False;False;13d265a25abf6cea;[];tadi absen ga sih kamu
1203;643;11-50;884946.0;text;;[];False;False;51312755e5db6714;[];GW LG NGERJAIN TUGAS NIH
1204;643;11-50;884948.0;text;;[];False;False;51312755e5db6714;[];LAB KOMPUTER PENUH TERUS
1205;643;1-10;884951.0;text;;['😂'];False;False;9f557ab075256a7c;[];gas
1206;643;1-10;884953.0;text;;[];False;False;51312755e5db6714;[];GAS
1207;643;11-50;884965.0;text;;[];False;False;9f557ab075256a7c;[];ipk gw turun semester ini
1208;643;0;884978.0;system;;[];False;False;1cddbdfeb76a9d0a;[];[Pesan sistem]
1209;643;1-10;885013.0;text;;['😂'];False;False;9f557ab075256a7c;[];dah
1210;643;1-10;885015.0;text;;[];False;False;51312755e5db6714;[];HEHE
1211;643;11-50;885016.0;text;;[];False;False;9f557ab075256a7c;[];gw belom mulai tugas
1212;643;11-50;885018.0;text;;[];False;False;51312755e5db6714;[];IPK GW TURUN SEMESTER INI
1213;643;1-10;885028.0;text;;['😭'];False;False;51312755e5db6714;[];OTW
1214;643;0;885050.0;sticker/webp;;[];False;False;9f557ab075256a7c;[];[Stiker]
1215;643;11-50;885062.0;text;;[];False;False;9f557ab075256a7c;[];perpus tutup jam berapa ya
1216;643;0;885087.0;sticker/webp;;[];False;False;dbee766e4d7d6f3f;[];[Stiker]
1217;643;0;885090.0;sticker/webp;;[];False;False;4e9a43820eff114a;[];[Stiker]
1218;643;0;885093.0;sticker/webp;;[];False;False;4e9a43820eff114a;[];[Stiker]
1219;643;0;885105.0;sticker/webp;1218.0;[];False;False;9f557ab075256a7c;[];[Stiker]
1220;643;0;885112.0;sticker/webp;;[];False;False;4e9a43820eff114a;[];[Stiker]
1221;643;0;885113.0;sticker/webp;;[];False;False;9f557ab075256a7c;[];[Stiker]
1222;643;0;885115.0;sticker/webp;;[];False;False;4e9a43820eff114a;[];[Stiker]
1223;643;0;885118.0;sticker/webp;;[];False;False;9f557ab075256a7c;[];[Stiker]
1224;643;0;885132.0;sticker/webp;;[];False;False;9f557ab075256a7c;[];[Stiker]
1225;643;0;885196.0;sticker/webp;;[];False;False;dbee766e4d7d6f3f;[];[Stiker]
1226;643;51-100;885211.0;text;;[];False;False;05d0ba10e1b9eeb5;[];tadi gw ketemu dosen pembimbing dan dia minta revisi lagi untuk bab 3
1227;643;0;885278.0;sticker/webp;;[];False;False;f0531c2588d9db92;[];[Stiker]
1228;643;0;885316.0;sticker/webp;;[];False;False;2acb06eca1f87978;[];[Stiker]
1229;643;51-100;885340.0;text;;[];False;False;05d0ba10e1b9eeb5;[];nyokap gw nelfon tadi nanyain kapan pulang, gw bilang aja abis ujian
1230;643;11-50;885343.0;text;;[];False;False;05d0ba10e1b9eeb5;[];deadline besok pagi bro
1231;643;0;885521.0;sticker/webp;;[];False;False;b63f9d5ce11f8bfa;[];[Stiker]
1232;643;11-50;885545.0;text;;[];False;False;51312755e5db6714;[];PERPUS TUTUP JAM BERAPA YA
1233;643;0;885552.0;sticker/webp;;[];False;False;2acb06eca1f87978;[];[Stiker]
1234;643;11-50;885562.0;text;;[];False;False;51312755e5db6714;[];IPK GW TURUN SEMESTER INI
1235;643;1-10;885569.0;text;;[];False;False;51312755e5db6714;[];HAHA
1236;643;0;885588.0;system;;[];False;False;7deb699b247ff089;[];[Pesan sistem]
1237;643;11-50;885633.0;text;;['😂'];False;False;b63f9d5ce11f8bfa;[];TADI ABSEN GA SIH KAMU
1238;643;1-10;885634.0;text;;[];False;False;51312755e5db6714;[];SIAP
1239;643;1-10;885643.0;text;;[];False;False;51312755e5db6714;[];YOI
1240;643;0;885646.0;system;;[];False;False;ba06a52383224219;[];[Pesan sistem]
1241;643;11-50;885653.0;text;;[];False;False;51312755e5db6714;[];PERPUS TUTUP JAM BERAPA YA
1242;643;0;885686.0;sticker/webp;;[];False;False;58d7e8dd0ed3965e;[];[Stiker]
1243;643;0;885707.0;sticker/webp;;[];False;False;70aa9816b6596287;[];[Stiker]
1244;643;0;885747.0;sticker/webp;;[];False;False;4c1d11f6dad5757b;[];[Stiker]
1245;644;0;890394.0;sticker/webp;;[];False;False;c4f31904a6e45e6b;[];[Stiker]
1246;644;51-100;890498.0;text;;[];True;False;4591aabc7bfa7818;[];siapa sih yang spread gosip itu ke grup sebelah, tau ga orangnya?
1247;644;0;890755.0;sticker/webp;;[];False;False;4591aabc7bfa7818;[];[Stiker]
1248;644;0;891142.0;system;;[];False;False;b63f9d5ce11f8bfa;[];[Pesan sistem]
1249;644;0;891832.0;sticker/webp;;[];False;False;4591aabc7bfa7818;[];[Stiker]
1250;644;0;891976.0;sticker/webp;;[];False;False;daaf7fd45ed34d98;[];[Stiker]
1251;644;0;891977.0;sticker/webp;;[];False;False;daaf7fd45ed34d98;[];[Stiker]
1252;644;0;891983.0;sticker/webp;;[];False;False;daaf7fd45ed34d98;[];[Stiker]
1253;644;1-10;892772.0;text;;['😂'];False;False;9f557ab075256a7c;[];giniiii
1254;644;11-50;894642.0;text;;[];False;False;daaf7fd45ed34d98;[];adek gw masuk sma tahun ini
1255;644;11-50;894653.0;text;;[];False;False;daaf7fd45ed34d98;[];gw lagi marathon drakor,,, nih
1256;644;11-50;894669.0;text;;[];False;False;daaf7fd45ed34d98;[];nyokap nanya,,, kapan lulus,,,
1257;644;0;894671.0;sticker/webp;;[];False;False;daaf7fd45ed34d98;[];[Stiker]
1258;644;1-10;894725.0;text;;[];False;False;daaf7fd45ed34d98;[];pasti
1259;644;11-50;894731.0;text;;[];False;False;daaf7fd45ed34d98;[];nyokap nanya kapan lulus,,,
1260;644;11-50;894749.0;text;;[];False;False;daaf7fd45ed34d98;[];kakak gw baru aja nikah
1261;644;0;894755.0;sticker/webp;;[];False;False;daaf7fd45ed34d98;[];[Stiker]
1262;644;0;894794.0;image/jpeg;;[];False;False;daaf7fd45ed34d98;[];[Foto]
1263;645;0;898247.0;image/jpeg;;[];False;False;9ea01fb33608fb9d;[];[Foto]
1264;645;11-50;898889.0;text;;[];True;False;2b8e28f61885eadd;[];siapa aja yg dateng?
1265;645;11-50;898910.0;text;;[];False;False;55a82d2fa1b34c06;[];GW LAGI MARATHON DRAKOR NIH
1266;645;0;898949.0;sticker/webp;;[];False;False;9ea01fb33608fb9d;[];[Stiker]
1267;645;11-50;898959.0;text;1265.0;[];True;False;2b8e28f61885eadd;[];kenapa ga bales chat gw?
1268;645;11-50;898975.0;text;;['🤔'];False;False;2b8e28f61885eadd;[];playlist lo yang mana sih
1269;645;0;899004.0;image/jpeg;;[];False;False;2b8e28f61885eadd;[];[Foto]
1270;645;51-100;899022.0;text;;[];False;False;55a82d2fa1b34c06;[];TADI PAGI GW OLAHRAGA LARI KELILING KAMPUS 5 PUTARAN BADAN PEGEL SEMUA
1271;645;11-50;899036.0;text;;[];False;False;55a82d2fa1b34c06;[];NYOKAP NANYA KAPAN LULUS
1272;645;11-50;899044.0;text;1270.0;[];False;False;2b8e28f61885eadd;[];keluarga ngumpul lebaran nanti
1273;645;11-50;899048.0;text;;[];False;False;2b8e28f61885eadd;[];bokap gw lagi di luar kota
1274;645;11-50;899057.0;text;;[];False;False;55a82d2fa1b34c06;[];NYOKAP NANYA KAPAN LULUS
1275;645;0;899066.0;sticker/webp;;[];False;False;2b8e28f61885eadd;[];[Stiker]
1276;645;51-100;899166.0;text;;[];False;False;2b8e28f61885eadd;[];adek gw mau masuk kuliah tahun depan gw harus bantu cariin info jurusan
1277;645;1-10;899189.0;text;;[];False;False;daaf7fd45ed34d98;[];woles
1278;645;11-50;899207.0;text;;[];False;False;9db6557189f5a92c;[];DUIT BULANAN BELUM DIKIRIM
1279;645;11-50;899212.0;text;;[];False;False;51312755e5db6714;[];KELUARGA NGUMPUL LEBARAN NANTI
1280;645;1-10;899220.0;text;;[];False;False;51312755e5db6714;[];GOKS
1281;645;51-100;899233.0;text;;[];False;False;51312755e5db6714;[];GW LAGI BELAJAR MASAK SENDIRI BIAR GA JAJAN TERUS LUMAYAN HEMAT SOALNYA
1282;645;51-100;899255.0;text;;[];False;False;2b8e28f61885eadd;[];gw nonton film dokumenter semalam tentang laut dan ikan, bagus banget
1283;645;11-50;899641.0;text;;[];False;False;55a82d2fa1b34c06;[];GW KANGEN MASAKAN RUMAH
1284;646;0;902606.0;sticker/webp;;[];False;False;daaf7fd45ed34d98;[];[Stiker]
1285;646;11-50;902703.0;text;;[];True;False;2b8e28f61885eadd;[];pinjam catetan boleh ga?
1286;646;0;902801.0;sticker/webp;;[];False;False;daaf7fd45ed34d98;[];[Stiker]
1287;646;0;902817.0;sticker/webp;;[];False;False;daaf7fd45ed34d98;[];[Stiker]
1288;646;11-50;902868.0;text;;[];True;False;2b8e28f61885eadd;[];pinjam catetan boleh ga?
1289;646;11-50;902972.0;text;;[];False;False;aef1f9905c89fdcb;[];Reuni kapan ya kita.
1290;646;11-50;902978.0;text;;[];False;False;aef1f9905c89fdcb;[];Temenin gw dong besok.
1291;646;11-50;903031.0;text;;[];False;False;aef1f9905c89fdcb;[];Reuni kapan ya kita.
1292;646;1-10;903035.0;text;;[];False;False;aef1f9905c89fdcb;[];Dong.
1293;646;0;903041.0;video/mp4;;[];False;False;daaf7fd45ed34d98;[];[Video]
1294;646;11-50;903051.0;text;;[];False;False;aef1f9905c89fdcb;[];Gw berantem sama si anu.
1295;646;11-50;903060.0;text;;[];False;False;aef1f9905c89fdcb;[];Diem diem ternyata jadian.
1296;646;11-50;903067.0;text;;[];False;False;aef1f9905c89fdcb;[];Temen gw sakit masuk RS.
1297;646;11-50;903079.0;text;;[];False;False;aef1f9905c89fdcb;[];Angkot ke sana masih ada ga.
1298;646;11-50;903080.0;text;;[];False;False;aef1f9905c89fdcb;[];Gw berantem sama si anu.
1299;646;1-10;903081.0;text;;[];False;False;aef1f9905c89fdcb;[];Udah.
1300;646;11-50;903096.0;text;;[];False;False;aef1f9905c89fdcb;[];Gw kangen temen temen SMA.
1301;646;11-50;903107.0;text;;[];False;False;aef1f9905c89fdcb;[];Gw kangen temen temen SMA.
1302;646;11-50;903113.0;text;;[];False;False;aef1f9905c89fdcb;[];Temen gw sakit masuk RS.
1303;646;11-50;903124.0;text;;[];False;False;aef1f9905c89fdcb;[];Angkot ke sana masih ada ga.
1304;646;11-50;903129.0;text;;[];False;False;aef1f9905c89fdcb;[];Reuni kapan ya kita.
1305;646;11-50;903131.0;text;;[];False;False;aef1f9905c89fdcb;[];Angkot ke sana masih ada ga.
1306;646;11-50;903146.0;text;;[];False;False;daaf7fd45ed34d98;[];angkot ke sana masih ada ga
1307;646;0;903147.0;sticker/webp;;[];False;False;c4c08a9a55d29c9e;[];[Stiker]
1308;646;1-10;903152.0;text;;[];False;False;b755abcfd4269903;[];Sama.
1309;646;0;903161.0;sticker/webp;;[];False;False;daaf7fd45ed34d98;[];[Stiker]
1310;646;0;903231.0;sticker/webp;;[];False;False;aef1f9905c89fdcb;[];[Stiker]
1311;646;11-50;903245.0;text;;[];False;False;aef1f9905c89fdcb;[];Eh denger gosip belum.
1312;646;11-50;903248.0;text;;[];False;False;aef1f9905c89fdcb;[];Gw kangen temen temen SMA.
1313;646;0;903298.0;sticker/webp;;[];False;False;daaf7fd45ed34d98;[];[Stiker]
1314;646;0;903386.0;sticker/webp;;[];False;False;0ebb14d608ff1bbe;[];[Stiker]
1315;646;0;903391.0;sticker/webp;;[];False;False;0ebb14d608ff1bbe;[];[Stiker]
1316;646;0;903517.0;sticker/webp;;[];False;False;2b8e28f61885eadd;[];[Stiker]
1317;646;0;903890.0;sticker/webp;;[];False;False;daaf7fd45ed34d98;[];[Stiker]
1318;646;0;904044.0;sticker/webp;;[];False;False;0ebb14d608ff1bbe;[];[Stiker]
1319;646;0;904705.0;unknown;;[];False;False;f632e257acd86cea;[];[Media tidak dikenal]
1320;646;0;904766.0;sticker/webp;;[];False;False;daaf7fd45ed34d98;[];[Stiker]
1321;646;0;904874.0;sticker/webp;;[];False;False;13d265a25abf6cea;[];[Stiker]
1322;646;0;905013.0;video/mp4;1321.0;[];False;False;daaf7fd45ed34d98;[];[Video]
1323;646;0;905076.0;sticker/webp;;[];False;False;2b8e28f61885eadd;[];[Stiker]
1324;646;0;905084.0;sticker/webp;;[];False;False;7f5ec4d76e6ac681;[];[Stiker]
1325;646;1-10;905102.0;text;;[];False;False;2b8e28f61885eadd;[];sama
1326;646;0;905106.0;sticker/webp;;[];False;False;2b8e28f61885eadd;[];[Stiker]
1327;646;0;905107.0;sticker/webp;;[];False;False;13d265a25abf6cea;[];[Stiker]
1328;646;0;905138.0;sticker/webp;;[];False;False;2b8e28f61885eadd;[];[Stiker]
1329;646;0;906168.0;unknown;;[];False;False;5ae54207965fa6e8;[];[Media tidak dikenal]
1330;646;0;906191.0;sticker/webp;1321.0;[];False;False;5ae54207965fa6e8;[];[Stiker]
1331;646;11-50;906707.0;text;;[];True;False;d1b736c655f12b6a;[];jadwal sidang kapan bro?
1332;646;0;906724.0;sticker/webp;;[];False;False;daaf7fd45ed34d98;[];[Stiker]
1333;646;0;906796.0;sticker/webp;;[];False;False;14e83a3153ceb979;[];[Stiker]
1334;646;0;906797.0;sticker/webp;;[];False;False;14e83a3153ceb979;[];[Stiker]
1335;646;0;906813.0;sticker/webp;;[];False;False;14e83a3153ceb979;[];[Stiker]
1336;647;11-50;911465.0;text;;[];False;False;69c6edc25f19ddbf;[];adek gw masuk SMA tahun ini
1337;647;0;911493.0;sticker/webp;;[];False;False;cfe218211c2855b5;[];[Stiker]
1338;647;0;911497.0;sticker/webp;;[];False;False;aef1f9905c89fdcb;[];[Stiker]
1339;647;0;911958.0;sticker/webp;;[];False;False;ed094b2b3b340244;[];[Stiker]
1340;647;0;912899.0;video/mp4;;[];False;False;2b8e28f61885eadd;[];[Video]
1341;648;101-500;940043.0;text;;['🌎', '🍃', '🌺', '🌸', '😘', '🌷', '🌿', '😊', '🌻', '🌾', '💕', '🌹', '🌼'];False;False;96027169b05163b0;[];gw baru aja beres beresin kosan dan nemu barang barang lama dari jaman sma. ada foto kelas, surat dari mantan, sama buku diary yang isinya cringe banget kalo dibaca sekarang. jadi nostalgia sendiri inget masa masa dulu yang lebih sederhana. kadang kangen juga sih jadi anak sma lagi tanpa mikirin skripsi
1342;648;0;940210.0;sticker/webp;;[];False;False;5ae54207965fa6e8;[];[Stiker]
1343;648;0;941094.0;sticker/webp;;[];False;False;2192d89a3afe5e09;[];[Stiker]
1344;649;0;962523.0;sticker/webp;;[];False;False;0ebb14d608ff1bbe;[];[Stiker]
1345;649;0;962607.0;sticker/webp;;[];False;False;65db2d93bdff800b;[];[Stiker]
1346;649;0;962608.0;sticker/webp;;[];False;False;65db2d93bdff800b;[];[Stiker]
1347;649;0;964028.0;sticker/webp;;[];False;False;daaf7fd45ed34d98;[];[Stiker]
1348;650;0;968241.0;sticker/webp;;[];False;False;d1b736c655f12b6a;[];[Stiker]
1349;650;0;968243.0;sticker/webp;;[];False;False;d1b736c655f12b6a;[];[Stiker]
1350;650;0;968264.0;sticker/webp;;[];False;False;d1b736c655f12b6a;[];[Stiker]
1351;650;0;968269.0;sticker/webp;;[];False;False;d1b736c655f12b6a;[];[Stiker]
1352;650;0;968273.0;sticker/webp;;[];False;False;d1b736c655f12b6a;[];[Stiker]
1353;650;0;968273.0;sticker/webp;;[];False;False;d1b736c655f12b6a;[];[Stiker]
1354;650;0;968277.0;sticker/webp;;[];False;False;71022c86d6de19de;[];[Stiker]
1355;650;0;968280.0;sticker/webp;;[];False;False;d1b736c655f12b6a;[];[Stiker]
1356;650;0;968283.0;sticker/webp;;[];False;False;d1b736c655f12b6a;[];[Stiker]
1357;650;0;968283.0;sticker/webp;;[];False;False;d1b736c655f12b6a;[];[Stiker]
1358;650;0;968291.0;sticker/webp;;[];False;False;d1b736c655f12b6a;[];[Stiker]
1359;650;0;968292.0;sticker/webp;;[];False;False;d1b736c655f12b6a;[];[Stiker]
1360;650;0;968293.0;sticker/webp;;[];False;False;d1b736c655f12b6a;[];[Stiker]
1361;650;0;970162.0;sticker/webp;;[];False;False;56b91190e4f4849e;[];[Stiker]
1362;651;0;987631.0;sticker/webp;;[];False;False;b06fb76c3d677959;[];[Stiker]
1363;651;0;987869.0;sticker/webp;;[];False;False;b06fb76c3d677959;[];[Stiker]
1364;651;0;987869.0;sticker/webp;;[];False;False;b06fb76c3d677959;[];[Stiker]
1365;651;0;987870.0;sticker/webp;;[];False;False;b06fb76c3d677959;[];[Stiker]
1366;651;0;988056.0;sticker/webp;;[];False;False;daaf7fd45ed34d98;[];[Stiker]
1367;651;0;988701.0;sticker/webp;;[];False;False;2b8e28f61885eadd;[];[Stiker]
1368;651;0;989628.0;sticker/webp;;[];False;False;aa839d34b3436611;[];[Stiker]
1369;651;0;990073.0;sticker/webp;;[];False;False;4591aabc7bfa7818;[];[Stiker]
1370;651;0;990076.0;sticker/webp;;[];False;False;4591aabc7bfa7818;[];[Stiker]
1371;651;0;990080.0;sticker/webp;;[];False;False;4591aabc7bfa7818;[];[Stiker]
1372;651;0;990085.0;sticker/webp;;[];False;False;4591aabc7bfa7818;[];[Stiker]
1373;651;0;990086.0;sticker/webp;;[];False;False;4591aabc7bfa7818;[];[Stiker]
1374;651;0;990086.0;sticker/webp;;[];False;False;4591aabc7bfa7818;[];[Stiker]
1375;651;0;990088.0;sticker/webp;;[];False;False;4591aabc7bfa7818;[];[Stiker]
1376;651;0;990089.0;sticker/webp;;[];False;False;4591aabc7bfa7818;[];[Stiker]
1377;651;0;990091.0;sticker/webp;;[];False;False;4591aabc7bfa7818;[];[Stiker]
1378;651;0;990094.0;sticker/webp;;[];False;False;4591aabc7bfa7818;[];[Stiker]
1379;651;0;990095.0;sticker/webp;;[];False;False;4591aabc7bfa7818;[];[Stiker]
1380;651;0;990103.0;sticker/webp;;[];False;False;4591aabc7bfa7818;[];[Stiker]
1381;651;0;990107.0;sticker/webp;;[];False;False;4591aabc7bfa7818;[];[Stiker]
1382;651;0;990109.0;sticker/webp;;[];False;False;4591aabc7bfa7818;[];[Stiker]
1383;651;0;990112.0;sticker/webp;;[];False;False;4591aabc7bfa7818;[];[Stiker]
1384;651;0;990113.0;sticker/webp;;[];False;False;4591aabc7bfa7818;[];[Stiker]
1385;651;0;990114.0;sticker/webp;;[];False;False;4591aabc7bfa7818;[];[Stiker]
1386;651;0;990115.0;sticker/webp;;[];False;False;4591aabc7bfa7818;[];[Stiker]
1387;651;0;990121.0;sticker/webp;;[];False;False;4591aabc7bfa7818;[];[Stiker]
1388;651;0;990122.0;sticker/webp;;[];False;False;4591aabc7bfa7818;[];[Stiker]
1389;651;0;990126.0;sticker/webp;;[];False;False;4591aabc7bfa7818;[];[Stiker]
1390;651;0;990126.0;sticker/webp;;[];False;False;4591aabc7bfa7818;[];[Stiker]
1391;651;0;990128.0;sticker/webp;;[];False;False;4591aabc7bfa7818;[];[Stiker]
1392;651;1-10;990134.0;text;;[];False;False;51312755e5db6714;[];WOY
1393;651;0;990138.0;sticker/webp;;[];False;False;4591aabc7bfa7818;[];[Stiker]
1394;651;0;990139.0;sticker/webp;;[];False;False;4591aabc7bfa7818;[];[Stiker]
1395;651;1-10;990143.0;text;;[];False;False;51312755e5db6714;[];WOY
1396;651;1-10;990144.0;text;;[];False;False;51312755e5db6714;[];WOY
1397;651;1-10;990146.0;text;;[];False;False;51312755e5db6714;[];WOY
1398;651;0;990146.0;sticker/webp;;[];False;False;4591aabc7bfa7818;[];[Stiker]
1399;651;0;990146.0;sticker/webp;;[];False;False;4591aabc7bfa7818;[];[Stiker]
1400;651;0;990158.0;sticker/webp;;[];False;False;4591aabc7bfa7818;[];[Stiker]
1401;651;0;990166.0;sticker/webp;;[];False;False;4591aabc7bfa7818;[];[Stiker]
1402;651;0;990172.0;sticker/webp;;[];False;False;4591aabc7bfa7818;[];[Stiker]
1403;651;0;990174.0;sticker/webp;;[];False;False;4591aabc7bfa7818;[];[Stiker]
1404;651;0;990175.0;sticker/webp;;[];False;False;4591aabc7bfa7818;[];[Stiker]
1405;651;0;990188.0;sticker/webp;;[];False;False;4591aabc7bfa7818;[];[Stiker]
1406;651;0;990191.0;sticker/webp;;[];False;False;4591aabc7bfa7818;[];[Stiker]
1407;651;0;990196.0;sticker/webp;;[];False;False;4591aabc7bfa7818;[];[Stiker]
1408;651;0;990205.0;sticker/webp;;[];False;False;4591aabc7bfa7818;[];[Stiker]
1409;651;0;990211.0;sticker/webp;;[];False;False;4591aabc7bfa7818;[];[Stiker]
1410;651;0;990217.0;sticker/webp;;[];False;False;4591aabc7bfa7818;[];[Stiker]
1411;651;0;990220.0;sticker/webp;;[];False;False;4591aabc7bfa7818;[];[Stiker]
1412;651;0;990222.0;sticker/webp;;[];False;False;4591aabc7bfa7818;[];[Stiker]
1413;651;11-50;990376.0;text;;[];False;False;2aee3383c62f0d1c;[];kopi susu yg biasa ya
1414;651;1-10;990418.0;text;;['🤣'];False;False;4591aabc7bfa7818;[];Bener.
1415;651;1-10;991225.0;text;;['🤣'];False;False;b755abcfd4269903;[];Ngab.
1416;651;0;992071.0;video/mp4;;[];False;False;daaf7fd45ed34d98;[];[Video]
1417;651;101-500;993702.0;text;;[];True;False;1039425bd2b06e14;[];eh ada yang punya rekomendasi laptop budget 5 jutaan yang bagus buat kuliah dan ngoding ga? laptop gw yang sekarang udah mulai lemot dan sering ngehang kalo buka banyak tab. pengennya sih yang ringan buat dibawa ke kampus tapi tetep kenceng performanya, ada saran?
1418;651;1-10;994158.0;text;;['🤟', '😎'];False;False;96027169b05163b0;[];sis
1419;651;1-10;994864.0;text;;[];False;False;daaf7fd45ed34d98;[];fix
1420;651;11-50;994871.0;text;;[];False;False;daaf7fd45ed34d98;[];kopi susu yg biasa ya
1421;652;11-50;1005821.0;text;;[];True;False;05d0ba10e1b9eeb5;[];kenapa ga bales chat gw?
1422;652;11-50;1005869.0;text;;[];False;False;05d0ba10e1b9eeb5;[];gw baru aja ketemu mantan
1423;652;0;1006299.0;sticker/webp;;[];False;False;8c98eacc3af87d50;[];[Stiker]
1424;652;0;1006316.0;sticker/webp;;[];False;False;322364729bfba14a;[];[Stiker]
1425;652;1-10;1006391.0;text;;[];False;False;4591aabc7bfa7818;[];Woles.
1426;652;51-100;1006396.0;text;1421.0;[];False;False;4591aabc7bfa7818;[];Gw nonton film dokumenter semalam tentang laut dan ikan, bagus banget.
1427;652;51-100;1006478.0;text;;['🤣'];False;False;322364729bfba14a;[];gw nonton film dokumenter semalammm tentang laut dan ikan, bagus bangettt
1428;653;0;1032753.0;sticker/webp;;[];False;False;daaf7fd45ed34d98;[];[Stiker]
1429;653;0;1034719.0;sticker/webp;;[];False;False;aef1f9905c89fdcb;[];[Stiker]
1430;654;0;1042373.0;sticker/webp;;[];False;False;51312755e5db6714;[];[Stiker]
1431;654;0;1042438.0;sticker/webp;;[];False;False;51312755e5db6714;[];[Stiker]
1432;654;0;1042987.0;sticker/webp;;[];False;False;daaf7fd45ed34d98;[];[Stiker]
1433;654;11-50;1042998.0;text;;[];False;False;daaf7fd45ed34d98;[];gw kangen temen temen sma
1434;654;11-50;1043026.0;text;;[];False;False;51312755e5db6714;[];GW BERANTEM SAMA SI ANU
1435;654;11-50;1043027.0;text;;[];False;False;51312755e5db6714;[];JANGAN BILANG SIAPA SIAPA YA
1436;654;1-10;1043029.0;text;;[];False;False;51312755e5db6714;[];MALES
1437;654;0;1043053.0;sticker/webp;;[];False;False;4174e5bef45cc1d3;[];[Stiker]
1438;654;1-10;1043519.0;text;;[];False;False;13d265a25abf6cea;[];trussss
1439;654;11-50;1043528.0;text;;[];False;False;13d265a25abf6cea;[];eh denger gosipppp belumm
1440;654;1-10;1043547.0;text;;[];False;False;51312755e5db6714;[];TRUS
1441;654;1-10;1043548.0;text;;[];False;False;51312755e5db6714;[];UDAH
1442;654;0;1043570.0;sticker/webp;;[];False;False;13d265a25abf6cea;[];[Stiker]
1443;654;11-50;1043581.0;text;;[];False;False;51312755e5db6714;[];JANGAN BILANG SIAPA SIAPA YA
1444;654;1-10;1043586.0;text;;[];False;False;51312755e5db6714;[];WKWKW
1445;654;1-10;1043588.0;text;;[];False;False;13d265a25abf6cea;[];malesss
1446;654;11-50;1043958.0;text;;[];False;False;51312755e5db6714;[];TEMEN GW SAKIT MASUK RS
1447;654;1-10;1044043.0;text;;[];False;False;13d265a25abf6cea;[];hihiiii
1448;654;0;1044085.0;sticker/webp;;[];False;False;aef1f9905c89fdcb;[];[Stiker]
1449;654;11-50;1044104.0;text;;[];False;False;51312755e5db6714;[];EH DENGER GOSIP BELUM
1450;654;101-500;1044145.0;text;;[];False;False;4591aabc7bfa7818;[];Hari ini gw iseng nyoba bikin kopi pake metode V60 yang lagi hype di kalangan anak anak kampus. beli alatnya lumayan mahal sih tapi hasilnya emang beda dari kopi sachet biasa. kopinya lebih smooth dan ga terlalu pahit. kayaknya gw bakal ketagihan nih bikin kopi sendiri tiap pagi sebelum ke kampus.
1451;654;0;1044173.0;sticker/webp;;[];False;False;d03a2a70ecfec79a;[];[Stiker]
1452;654;0;1044178.0;sticker/webp;;[];False;False;d03a2a70ecfec79a;[];[Stiker]
1453;654;1-10;1044214.0;text;1450.0;[];False;False;51312755e5db6714;[];TRUS
1454;654;11-50;1044222.0;text;;[];False;False;51312755e5db6714;[];REUNI KAPAN YA KITA
1455;654;11-50;1044226.0;text;1450.0;[];False;False;aef1f9905c89fdcb;[];Pacarnya baru siapa sih.
1456;654;11-50;1044239.0;text;1455.0;[];False;False;51312755e5db6714;[];PACARNYA BARU SIAPA SIH
1457;654;11-50;1044250.0;text;;['👌🏼'];False;False;51312755e5db6714;[];GW KANGEN TEMEN TEMEN SMA
1458;654;0;1044333.0;image/jpeg;;[];False;False;5ae54207965fa6e8;[];[Foto]
1459;654;0;1044602.0;sticker/webp;;[];False;False;4591aabc7bfa7818;[];[Stiker]
1460;654;0;1044603.0;sticker/webp;1455.0;[];False;False;4591aabc7bfa7818;[];[Stiker]
1461;654;0;1044618.0;sticker/webp;;[];False;False;13d265a25abf6cea;[];[Stiker]
1462;654;11-50;1044628.0;text;1455.0;[];False;False;d03a2a70ecfec79a;[];gw berantem sm si anu
1463;654;11-50;1044746.0;text;;[];False;False;13d265a25abf6cea;[];temeninnn gw dong besok
1464;654;11-50;1044751.0;text;;[];False;False;13d265a25abf6cea;[];angkot ke sana masih adaaaa ga
1465;654;0;1044770.0;sticker/webp;;[];False;False;d03a2a70ecfec79a;[];[Stiker]
1466;654;0;1044770.0;sticker/webp;;[];False;False;13d265a25abf6cea;[];[Stiker]
1467;654;11-50;1044832.0;text;;[];False;False;aef1f9905c89fdcb;[];Pacarnya baru siapa sih.
1468;654;1-10;1044889.0;text;;[];False;False;4591aabc7bfa7818;[];Males.
1469;654;11-50;1044920.0;text;;[];False;False;51312755e5db6714;[];SI ITU UDAH PUTUS KATANYA
1470;654;0;1044945.0;system;;[];False;False;4591aabc7bfa7818;[];[Pesan sistem]
1471;654;11-50;1044956.0;text;;[];True;False;4591aabc7bfa7818;[];kapan terakhir kali ketemu?
1472;654;11-50;1044989.0;text;;[];False;False;d03a2a70ecfec79a;[];diem diem ternyata jadian
1473;654;0;1045006.0;sticker/webp;;[];False;False;4591aabc7bfa7818;[];[Stiker]
1474;654;11-50;1045036.0;text;;[];True;False;13d265a25abf6cea;[];pinjam catetan bolehh ga?
1475;654;11-50;1045048.0;text;;[];False;False;d03a2a70ecfec79a;[];gw ga percaya sih gosipnya
1476;654;11-50;1045057.0;text;;[];False;False;d03a2a70ecfec79a;[];reuni kapan ya kita
1477;654;1-10;1045065.0;text;;[];False;False;d03a2a70ecfec79a;[];wkwkw
1478;654;11-50;1045068.0;text;;[];False;False;d03a2a70ecfec79a;[];eh denger gosip blm
1479;654;1-10;1045072.0;text;;[];False;False;d03a2a70ecfec79a;[];wkwkw
1480;654;11-50;1045077.0;text;;[];False;False;4591aabc7bfa7818;[];Temenin gw dong besok.
1481;654;11-50;1045081.0;text;;[];False;False;13d265a25abf6cea;[];reuni kapan ya kita
1482;654;1-10;1045084.0;text;;['😂'];False;False;13d265a25abf6cea;[];trus
1483;654;11-50;1045085.0;text;;[];False;False;aef1f9905c89fdcb;[];Si itu udah putus katanya.
1484;654;11-50;1045086.0;text;;[];False;False;4591aabc7bfa7818;[];Temen gw sakit masuk RS.
1485;654;11-50;1045090.0;text;;[];False;False;aef1f9905c89fdcb;[];Jangan bilang siapa siapa ya.
1486;654;11-50;1045094.0;text;;[];False;False;aef1f9905c89fdcb;[];Reuni kapan ya kita.
1487;654;0;1045116.0;system;;[];False;False;4591aabc7bfa7818;[];[Pesan sistem]
1488;654;11-50;1045201.0;text;;[];False;False;daaf7fd45ed34d98;[];gw kangen,,, temen,,, temen sma
1489;654;11-50;1045205.0;text;;[];False;False;daaf7fd45ed34d98;[];gw berantem sama si anu
1490;654;11-50;1045238.0;text;;[];False;False;13d265a25abf6cea;[];gw ga percayaaa sih gosipnya
1491;654;11-50;1045249.0;text;;[];False;False;daaf7fd45ed34d98;[];si itu udah putus katanya
1492;654;11-50;1045257.0;text;;[];False;False;daaf7fd45ed34d98;[];pacarnya baru siapa,,, sih,,,
1493;654;11-50;1045258.0;text;;[];False;False;daaf7fd45ed34d98;[];temenin gw,,, dong besok
1494;654;11-50;1045263.0;text;;[];False;False;13d265a25abf6cea;[];pacarnyaa baru siapaa sih
1495;654;11-50;1045263.0;text;;[];False;False;daaf7fd45ed34d98;['2caf768530221aee'];temenin gw dong besok,,,
1496;654;0;1045268.0;sticker/webp;;[];False;False;daaf7fd45ed34d98;[];[Stiker]
1497;654;11-50;1045269.0;text;;[];False;False;13d265a25abf6cea;[];gw berantem sama si anu
1498;654;0;1045288.0;sticker/webp;;[];False;False;d03a2a70ecfec79a;[];[Stiker]
1499;654;0;1045289.0;sticker/webp;;[];False;False;d03a2a70ecfec79a;[];[Stiker]
1500;654;0;1045289.0;sticker/webp;;[];False;False;d03a2a70ecfec79a;[];[Stiker]
1501;654;1-10;1045300.0;text;;[];True;False;daaf7fd45ed34d98;[];boleh?
1502;654;0;1045301.0;sticker/webp;;[];False;False;2c5cad9f34cd2b25;[];[Stiker]
1503;654;11-50;1045307.0;text;;[];True;False;daaf7fd45ed34d98;[];kapan terakhir kali ketemu?
1504;654;1-10;1045321.0;text;;[];False;False;daaf7fd45ed34d98;[];cape
1505;654;0;1045326.0;sticker/webp;;[];False;False;daaf7fd45ed34d98;[];[Stiker]
1506;654;0;1045350.0;sticker/webp;;[];False;False;d03a2a70ecfec79a;[];[Stiker]
1507;654;0;1045351.0;sticker/webp;;[];False;False;d03a2a70ecfec79a;[];[Stiker]
1508;654;11-50;1045351.0;text;;[];False;False;daaf7fd45ed34d98;['4591aabc7bfa7818'];reuni kapan ya kita
1509;654;11-50;1045357.0;text;;[];False;False;daaf7fd45ed34d98;[];eh denger gosip belum
1510;654;0;1045375.0;sticker/webp;;[];False;False;daaf7fd45ed34d98;[];[Stiker]
1511;654;0;1045376.0;sticker/webp;;[];False;False;daaf7fd45ed34d98;[];[Stiker]
1512;654;0;1045401.0;sticker/webp;;[];False;False;daaf7fd45ed34d98;[];[Stiker]
1513;654;0;1045407.0;sticker/webp;;[];False;False;daaf7fd45ed34d98;[];[Stiker]
1514;654;0;1045428.0;sticker/webp;;[];False;False;13d265a25abf6cea;[];[Stiker]
1515;654;0;1045454.0;sticker/webp;;[];False;False;daaf7fd45ed34d98;[];[Stiker]
1516;654;0;1045454.0;sticker/webp;;[];False;False;daaf7fd45ed34d98;[];[Stiker]
1517;654;0;1045462.0;unknown;;[];False;False;daaf7fd45ed34d98;[];[Media tidak dikenal]
1518;654;11-50;1045485.0;text;;[];False;False;daaf7fd45ed34d98;[];reuni kapan ya kita
1519;654;11-50;1045487.0;text;;[];False;False;daaf7fd45ed34d98;[];angkot ke,,, sana masih ada ga
1520;654;11-50;1045505.0;text;;[];False;False;daaf7fd45ed34d98;[];angkot ke sana masih,,, ada ga,,,
1521;654;11-50;1046478.0;text;;[];False;False;0ebb14d608ff1bbe;[];angkot ke sana masih ada ga
1522;654;11-50;1046485.0;text;;[];False;False;0ebb14d608ff1bbe;[];diem diem ternyata jadian
1523;654;0;1046498.0;sticker/webp;;[];False;False;0ebb14d608ff1bbe;[];[Stiker]
1524;654;0;1046508.0;sticker/webp;;[];False;False;0ebb14d608ff1bbe;[];[Stiker]
1525;655;0;1048376.0;sticker/webp;;[];False;False;daaf7fd45ed34d98;[];[Stiker]
1526;655;0;1048477.0;sticker/webp;1522.0;[];False;False;13d265a25abf6cea;[];[Stiker]
1527;655;0;1048828.0;sticker/webp;;[];False;False;0ebb14d608ff1bbe;[];[Stiker]
1528;655;0;1048831.0;sticker/webp;1526.0;[];False;False;0ebb14d608ff1bbe;[];[Stiker]
1529;655;0;1049104.0;sticker/webp;;[];False;False;13d265a25abf6cea;[];[Stiker]
1530;655;0;1049205.0;sticker/webp;;[];False;False;37b155f0c38fc0a1;[];[Stiker]
1531;655;1-10;1049834.0;text;;[];False;False;0ebb14d608ff1bbe;[];fix
1532;655;0;1049835.0;sticker/webp;;[];False;False;0ebb14d608ff1bbe;[];[Stiker]
1533;655;0;1049842.0;sticker/webp;;[];False;False;daaf7fd45ed34d98;[];[Stiker]
1534;655;0;1049855.0;sticker/webp;;[];False;False;0ebb14d608ff1bbe;[];[Stiker]
1535;655;11-50;1049864.0;text;1531.0;[];False;False;13d265a25abf6cea;[];es teh manissss satu ya bang
1536;655;0;1049873.0;sticker/webp;;[];False;False;daaf7fd45ed34d98;[];[Stiker]
1537;655;0;1049873.0;sticker/webp;;[];False;False;13d265a25abf6cea;[];[Stiker]
1538;655;0;1049886.0;sticker/webp;;[];False;False;daaf7fd45ed34d98;[];[Stiker]
1539;655;0;1049888.0;sticker/webp;;[];False;False;daaf7fd45ed34d98;[];[Stiker]
1540;655;0;1049888.0;sticker/webp;;[];False;False;0ebb14d608ff1bbe;[];[Stiker]
1541;655;0;1049900.0;sticker/webp;;[];False;False;0ebb14d608ff1bbe;[];[Stiker]
1542;655;0;1049906.0;sticker/webp;;[];False;False;13d265a25abf6cea;[];[Stiker]
1543;655;0;1049912.0;sticker/webp;;[];False;False;0ebb14d608ff1bbe;[];[Stiker]
1544;655;0;1049915.0;sticker/webp;;[];False;False;daaf7fd45ed34d98;[];[Stiker]
1545;655;0;1049928.0;sticker/webp;;[];False;False;0ebb14d608ff1bbe;[];[Stiker]
1546;655;0;1049933.0;sticker/webp;;[];False;False;daaf7fd45ed34d98;[];[Stiker]
1547;655;0;1049936.0;sticker/webp;;[];False;False;0ebb14d608ff1bbe;[];[Stiker]
1548;655;0;1049937.0;sticker/webp;;[];False;False;daaf7fd45ed34d98;[];[Stiker]
1549;655;0;1049938.0;sticker/webp;;[];False;False;daaf7fd45ed34d98;[];[Stiker]
1550;655;0;1049946.0;sticker/webp;;[];False;False;0ebb14d608ff1bbe;[];[Stiker]
1551;655;0;1049959.0;sticker/webp;;[];False;False;0ebb14d608ff1bbe;[];[Stiker]
1552;655;0;1049979.0;sticker/webp;;[];False;False;daaf7fd45ed34d98;[];[Stiker]
1553;655;0;1049991.0;sticker/webp;;[];False;False;0ebb14d608ff1bbe;[];[Stiker]
1554;655;0;1050009.0;sticker/webp;;[];False;False;daaf7fd45ed34d98;[];[Stiker]
1555;655;0;1050157.0;sticker/webp;;[];False;False;13d265a25abf6cea;[];[Stiker]
1556;655;0;1050537.0;sticker/webp;;[];False;False;daaf7fd45ed34d98;[];[Stiker]
1557;656;0;1051641.0;sticker/webp;;[];False;False;0ebb14d608ff1bbe;[];[Stiker]
1558;656;0;1051756.0;sticker/webp;;[];False;False;9f557ab075256a7c;[];[Stiker]
1559;656;0;1051808.0;sticker/webp;1558.0;[];False;False;0ebb14d608ff1bbe;[];[Stiker]
1560;656;0;1051850.0;sticker/webp;;[];False;False;9f557ab075256a7c;[];[Stiker]
1561;656;0;1051864.0;sticker/webp;;[];False;False;9f557ab075256a7c;[];[Stiker]
1562;656;0;1053143.0;sticker/webp;;[];False;False;daaf7fd45ed34d98;[];[Stiker]
1563;657;0;1054714.0;sticker/webp;;[];False;False;8c98eacc3af87d50;[];[Stiker]
1564;657;0;1054889.0;sticker/webp;;[];False;False;daaf7fd45ed34d98;[];[Stiker]
1565;657;0;1055731.0;sticker/webp;;[];False;False;13d265a25abf6cea;[];[Stiker]
1566;657;0;1055871.0;sticker/webp;;[];False;False;2caf768530221aee;[];[Stiker]
1567;657;0;1055885.0;sticker/webp;;[];False;False;2caf768530221aee;[];[Stiker]
1568;658;0;1059738.0;sticker/webp;;[];False;False;b60fbe2a5f164dcb;[];[Stiker]
1569;658;11-50;1060686.0;text;;[];False;False;b06fb76c3d677959;[];playlist lo yang mana sih!!
1570;658;0;1060844.0;sticker/webp;;[];False;False;daaf7fd45ed34d98;[];[Stiker]
1571;658;0;1060847.0;sticker/webp;;[];False;False;daaf7fd45ed34d98;[];[Stiker]
1572;658;0;1060849.0;sticker/webp;;[];False;False;daaf7fd45ed34d98;[];[Stiker]
1573;658;0;1060850.0;sticker/webp;;[];False;False;daaf7fd45ed34d98;[];[Stiker]
1574;658;0;1060853.0;sticker/webp;;[];False;False;daaf7fd45ed34d98;[];[Stiker]
1575;658;0;1060868.0;sticker/webp;;[];False;False;6e533ec1fe685366;[];[Stiker]
1576;658;0;1062265.0;sticker/webp;;[];False;False;daaf7fd45ed34d98;[];[Stiker]
1577;659;0;1065980.0;sticker/webp;;[];False;False;8c98eacc3af87d50;[];[Stiker]
1578;659;0;1065985.0;sticker/webp;;[];False;False;7bfcc226a1c58c11;[];[Stiker]
1579;660;0;1079173.0;sticker/webp;;[];False;False;6e533ec1fe685366;[];[Stiker]
1580;660;0;1079337.0;sticker/webp;;[];False;False;0ebb14d608ff1bbe;[];[Stiker]
1581;660;1-10;1079343.0;text;;[];False;False;0ebb14d608ff1bbe;[];njir
1582;660;11-50;1079347.0;text;;[];False;False;0ebb14d608ff1bbe;[];game baru udah download belum
1583;660;1-10;1079455.0;text;;[];False;False;0ebb14d608ff1bbe;[];njir
1584;660;11-50;1079459.0;text;;[];False;False;0ebb14d608ff1bbe;[];gw lagi baca novel baru nih
1585;660;0;1079984.0;sticker/webp;;[];False;False;2caf768530221aee;[];[Stiker]
1586;660;0;1080039.0;sticker/webp;;[];False;False;daaf7fd45ed34d98;[];[Stiker]
1587;660;0;1080212.0;system;;[];False;False;123138f48e769dad;[];[Pesan sistem]
1588;660;0;1081076.0;sticker/webp;;[];False;False;9f557ab075256a7c;[];[Stiker]
1589;660;0;1081238.0;sticker/webp;;[];False;False;daaf7fd45ed34d98;[];[Stiker]
1590;661;0;1084061.0;sticker/webp;;[];False;False;8e467b5bdde6cfe0;[];[Stiker]
1591;661;0;1084066.0;sticker/webp;;[];False;False;404e0f74832150e1;[];[Stiker]
1592;661;0;1084085.0;sticker/webp;;[];False;False;8e467b5bdde6cfe0;[];[Stiker]
1593;661;0;1084096.0;sticker/webp;;[];False;False;8e467b5bdde6cfe0;[];[Stiker]
1594;661;0;1084133.0;sticker/webp;;[];False;False;8e467b5bdde6cfe0;[];[Stiker]
1595;661;0;1084167.0;sticker/webp;;[];False;False;8e467b5bdde6cfe0;[];[Stiker]
1596;661;0;1084480.0;sticker/webp;;[];False;False;e38003a21aace982;[];[Stiker]
1597;661;0;1084484.0;sticker/webp;;[];False;False;e38003a21aace982;[];[Stiker]
1598;661;0;1084486.0;sticker/webp;;[];False;False;e38003a21aace982;[];[Stiker]
1599;661;0;1084504.0;sticker/webp;;[];False;False;e38003a21aace982;[];[Stiker]
1600;661;0;1084511.0;sticker/webp;;[];False;False;e38003a21aace982;[];[Stiker]
1601;661;0;1084827.0;sticker/webp;;[];False;False;9f557ab075256a7c;[];[Stiker]
1602;661;0;1084993.0;sticker/webp;;[];False;False;dbee766e4d7d6f3f;[];[Stiker]
1603;661;0;1085267.0;sticker/webp;;[];False;False;dbee766e4d7d6f3f;[];[Stiker]
1604;661;0;1085268.0;sticker/webp;;[];False;False;b5c68f559bfc358f;[];[Stiker]
1605;661;0;1085270.0;sticker/webp;;[];False;False;dbee766e4d7d6f3f;[];[Stiker]
1606;661;0;1085270.0;sticker/webp;;[];False;False;dbee766e4d7d6f3f;[];[Stiker]
1607;661;0;1085272.0;sticker/webp;;[];False;False;dbee766e4d7d6f3f;[];[Stiker]
1608;661;0;1085273.0;sticker/webp;;[];False;False;b5c68f559bfc358f;[];[Stiker]
1609;661;0;1085274.0;sticker/webp;;[];False;False;b5c68f559bfc358f;[];[Stiker]
1610;661;0;1085277.0;sticker/webp;;[];False;False;b5c68f559bfc358f;[];[Stiker]
1611;662;0;1126350.0;sticker/webp;;[];False;False;4591aabc7bfa7818;[];[Stiker]
1612;662;0;1126354.0;sticker/webp;;[];False;False;4591aabc7bfa7818;[];[Stiker]
1613;662;0;1127143.0;sticker/webp;;[];False;False;96027169b05163b0;[];[Stiker]
1614;663;0;1129639.0;sticker/webp;;[];False;False;2b8e28f61885eadd;[];[Stiker]
1615;663;0;1131573.0;sticker/webp;;[];False;False;96027169b05163b0;[];[Stiker]
1616;664;0;1134784.0;sticker/webp;;[];False;False;daaf7fd45ed34d98;[];[Stiker]
1617;664;0;1135102.0;sticker/webp;;[];False;False;1de3fa895baf408c;[];[Stiker]
1618;664;0;1135106.0;sticker/webp;;[];False;False;1de3fa895baf408c;[];[Stiker]
1619;664;0;1135115.0;sticker/webp;;[];False;False;1de3fa895baf408c;[];[Stiker]
1620;664;0;1135917.0;sticker/webp;;[];False;False;daaf7fd45ed34d98;[];[Stiker]
1621;664;0;1163828.0;sticker/webp;;[];False;False;daaf7fd45ed34d98;[];[Stiker]
1622;665;0;1209672.0;sticker/webp;;[];False;False;daaf7fd45ed34d98;[];[Stiker]
1623;665;0;1209673.0;sticker/webp;;[];False;False;daaf7fd45ed34d98;[];[Stiker]
1624;666;1-10;1216665.0;text;;[];False;False;0ebb14d608ff1bbe;[];asli
1625;666;51-100;1222836.0;text;;['😅'];False;False;b7de0f179524bcf1;[];kosan gw bocor lagi pas hujan semalam, kasur gw basah semua parah banget
1626;666;0;1222901.0;sticker/webp;;[];False;False;b0c45ad881953262;[];[Stiker]
1627;666;0;1222907.0;sticker/webp;;[];False;False;b0c45ad881953262;[];[Stiker]
1628;666;0;1222922.0;sticker/webp;;[];False;False;b0c45ad881953262;[];[Stiker]
1629;666;0;1222924.0;sticker/webp;;[];False;False;b0c45ad881953262;[];[Stiker]
1630;666;0;1222928.0;sticker/webp;;[];False;False;b0c45ad881953262;[];[Stiker]
1631;666;0;1222935.0;unknown;;[];False;False;b0c45ad881953262;[];[Media tidak dikenal]
1632;666;0;1222943.0;sticker/webp;;[];False;False;b0c45ad881953262;[];[Stiker]
1633;666;0;1222949.0;sticker/webp;;[];False;False;b0c45ad881953262;[];[Stiker]
1634;666;1-10;1222955.0;text;;['☺'];False;False;b7de0f179524bcf1;[];tuh
1635;666;0;1222958.0;sticker/webp;;[];False;False;b0c45ad881953262;[];[Stiker]
1636;666;0;1222959.0;sticker/webp;;[];False;False;b0c45ad881953262;[];[Stiker]
1637;667;0;1226446.0;unknown;;[];False;False;b13c0b07745bdba5;[];[Media tidak dikenal]
1638;667;0;1228876.0;sticker/webp;;[];False;False;8323a7df91d28d76;[];[Stiker]
1639;667;0;1228929.0;sticker/webp;;[];False;False;b5c68f559bfc358f;[];[Stiker]
1640;667;1-10;1229152.0;text;;[];False;False;56b91190e4f4849e;[];HEM
1641;667;1-10;1229793.0;text;;[];False;False;daaf7fd45ed34d98;[];yoii
1642;667;11-50;1229793.0;text;;[];False;False;daaf7fd45ed34d98;[];wifi kampus,,, lemot,,, parah,,,
1643;667;0;1229815.0;video/mp4;;[];False;False;daaf7fd45ed34d98;[];[Video]
1644;667;0;1229858.0;sticker/webp;;[];False;False;65db2d93bdff800b;[];[Stiker]
1645;667;0;1230199.0;sticker/webp;;[];False;False;4591aabc7bfa7818;[];[Stiker]
1646;667;0;1230451.0;sticker/webp;;[];False;False;b5c68f559bfc358f;[];[Stiker]
1647;667;0;1230567.0;sticker/webp;;[];False;False;dbee766e4d7d6f3f;[];[Stiker]
1648;668;11-50;1234987.0;text;;[];False;False;d1b736c655f12b6a;[];jangan bilang siapa siapa ya
1649;668;1-10;1234988.0;text;;[];True;False;d1b736c655f12b6a;[];bisa?
1650;668;0;1235014.0;sticker/webp;;[];False;False;b5c68f559bfc358f;[];[Stiker]
1651;668;0;1235077.0;unknown;;[];False;False;b5c68f559bfc358f;[];[Media tidak dikenal]
1652;668;0;1235090.0;sticker/webp;;[];False;False;dbee766e4d7d6f3f;[];[Stiker]
1653;668;0;1235114.0;sticker/webp;;[];False;False;b5c68f559bfc358f;[];[Stiker]
1654;668;0;1235152.0;sticker/webp;;[];False;False;b5c68f559bfc358f;[];[Stiker]
1655;668;0;1235156.0;sticker/webp;;[];False;False;b5c68f559bfc358f;[];[Stiker]
1656;668;0;1235157.0;sticker/webp;;[];False;False;b5c68f559bfc358f;[];[Stiker]
1657;668;0;1235181.0;sticker/webp;;[];False;False;b5c68f559bfc358f;[];[Stiker]
1658;668;0;1235199.0;sticker/webp;;[];False;False;b5c68f559bfc358f;[];[Stiker]
1659;668;11-50;1235204.0;text;;[];False;False;b5c68f559bfc358f;[];reuni kapan ya kita
1660;668;0;1235214.0;sticker/webp;;[];False;False;dbee766e4d7d6f3f;[];[Stiker]
1661;668;0;1235708.0;sticker/webp;;[];False;False;daaf7fd45ed34d98;[];[Stiker]
1662;669;11-50;1240188.0;text;;[];False;False;0ebb14d608ff1bbe;[];mama minta gw pulang weekend
1663;669;11-50;1240188.0;text;;[];False;False;0ebb14d608ff1bbe;[];kakak gw baru aja nikah
1664;669;0;1240202.0;sticker/webp;;[];False;False;0ebb14d608ff1bbe;[];[Stiker]
1665;669;11-50;1240524.0;text;;['🤣'];False;False;8e467b5bdde6cfe0;[];gw lg marathon drakro nih
1666;669;0;1240644.0;unknown;;[];False;False;726dcd8215a66616;[];[Media tidak dikenal]
1667;669;0;1240652.0;sticker/webp;;[];False;False;812a7b5b6772a4c8;[];[Stiker]
1668;669;0;1241143.0;sticker/webp;;[];False;False;2b8e28f61885eadd;[];[Stiker]
1669;669;0;1241320.0;sticker/webp;;[];False;False;55a82d2fa1b34c06;[];[Stiker]
1670;669;0;1241526.0;sticker/webp;;[];False;False;2b8e28f61885eadd;[];[Stiker]
1671;669;0;1241559.0;sticker/webp;1670.0;[];False;False;65db2d93bdff800b;[];[Stiker]
1672;669;0;1241598.0;sticker/webp;;[];False;False;2b8e28f61885eadd;[];[Stiker]
1673;669;0;1241624.0;sticker/webp;;[];False;False;b5c68f559bfc358f;[];[Stiker]
1674;669;0;1241693.0;sticker/webp;;[];False;False;2b8e28f61885eadd;[];[Stiker]
1675;669;0;1241706.0;sticker/webp;;[];False;False;2b8e28f61885eadd;[];[Stiker]
1676;669;0;1241714.0;sticker/webp;;[];False;False;2b8e28f61885eadd;[];[Stiker]
1677;669;0;1241723.0;sticker/webp;;[];False;False;59929ab32a09f5d5;[];[Stiker]
1678;669;0;1241724.0;sticker/webp;;[];False;False;59929ab32a09f5d5;[];[Stiker]
1679;669;0;1241724.0;sticker/webp;;[];False;False;59929ab32a09f5d5;[];[Stiker]
1680;669;0;1241730.0;sticker/webp;;[];False;False;2b8e28f61885eadd;[];[Stiker]
1681;669;0;1241740.0;sticker/webp;;[];False;False;2b8e28f61885eadd;[];[Stiker]
1682;669;0;1241748.0;sticker/webp;;[];False;False;2b8e28f61885eadd;[];[Stiker]
1683;669;0;1241748.0;sticker/webp;;[];False;False;2b8e28f61885eadd;[];[Stiker]
1684;669;0;1241748.0;sticker/webp;;[];False;False;2b8e28f61885eadd;[];[Stiker]
1685;669;0;1241758.0;sticker/webp;;[];False;False;2b8e28f61885eadd;[];[Stiker]
1686;669;0;1241759.0;sticker/webp;;[];False;False;2b8e28f61885eadd;[];[Stiker]
1687;669;0;1241763.0;sticker/webp;;[];False;False;2b8e28f61885eadd;[];[Stiker]
1688;669;0;1241767.0;sticker/webp;;[];False;False;2b8e28f61885eadd;[];[Stiker]
1689;669;0;1241771.0;sticker/webp;;[];False;False;2b8e28f61885eadd;[];[Stiker]
1690;669;0;1241779.0;sticker/webp;;[];False;False;2b8e28f61885eadd;[];[Stiker]
1691;669;0;1241786.0;sticker/webp;;[];False;False;2b8e28f61885eadd;[];[Stiker]
1692;669;0;1241786.0;sticker/webp;;[];False;False;2b8e28f61885eadd;[];[Stiker]
1693;669;0;1241799.0;sticker/webp;;[];False;False;2b8e28f61885eadd;[];[Stiker]
1694;669;0;1241808.0;sticker/webp;;[];False;False;2b8e28f61885eadd;[];[Stiker]
1695;669;0;1241808.0;sticker/webp;;[];False;False;2b8e28f61885eadd;[];[Stiker]
1696;669;0;1241810.0;sticker/webp;;[];False;False;8323a7df91d28d76;[];[Stiker]
1697;669;0;1241813.0;sticker/webp;;[];False;False;2b8e28f61885eadd;[];[Stiker]
1698;669;0;1241815.0;sticker/webp;;[];False;False;2b8e28f61885eadd;[];[Stiker]
1699;669;0;1241818.0;sticker/webp;;[];False;False;8323a7df91d28d76;[];[Stiker]
1700;669;0;1241820.0;sticker/webp;;[];False;False;2b8e28f61885eadd;[];[Stiker]
1701;669;0;1241820.0;sticker/webp;;[];False;False;2b8e28f61885eadd;[];[Stiker]
1702;669;0;1241826.0;sticker/webp;;[];False;False;2b8e28f61885eadd;[];[Stiker]
1703;669;0;1241828.0;sticker/webp;;[];False;False;2b8e28f61885eadd;[];[Stiker]
1704;669;0;1241836.0;sticker/webp;;[];False;False;2b8e28f61885eadd;[];[Stiker]
1705;669;0;1241838.0;sticker/webp;;[];False;False;2b8e28f61885eadd;[];[Stiker]
1706;669;0;1241839.0;sticker/webp;;[];False;False;2b8e28f61885eadd;[];[Stiker]
1707;669;0;1241848.0;sticker/webp;;[];False;False;2b8e28f61885eadd;[];[Stiker]
1708;669;0;1241849.0;sticker/webp;;[];False;False;2b8e28f61885eadd;[];[Stiker]
1709;669;0;1241850.0;sticker/webp;;[];False;False;2b8e28f61885eadd;[];[Stiker]
1710;669;0;1241851.0;sticker/webp;;[];False;False;2b8e28f61885eadd;[];[Stiker]
1711;669;0;1241856.0;sticker/webp;;[];False;False;2b8e28f61885eadd;[];[Stiker]
1712;669;0;1241860.0;sticker/webp;;[];False;False;2b8e28f61885eadd;[];[Stiker]
1713;669;0;1241863.0;sticker/webp;;[];False;False;2b8e28f61885eadd;[];[Stiker]
1714;669;0;1241871.0;sticker/webp;;[];False;False;2b8e28f61885eadd;[];[Stiker]
1715;669;0;1241873.0;sticker/webp;;[];False;False;2b8e28f61885eadd;[];[Stiker]
1716;669;0;1241882.0;sticker/webp;;[];False;False;59929ab32a09f5d5;[];[Stiker]
1717;669;0;1241905.0;sticker/webp;;[];False;False;2b8e28f61885eadd;[];[Stiker]
1718;669;11-50;1241969.0;text;;[];False;False;2b8e28f61885eadd;[];kakak gw baru aja nikah
1719;669;11-50;1241973.0;text;;[];False;False;2b8e28f61885eadd;[];adek gw masuk SMA tahun ini
1720;669;0;1241991.0;sticker/webp;;[];False;False;8e467b5bdde6cfe0;[];[Stiker]
1721;669;0;1242010.0;sticker/webp;;[];False;False;2b8e28f61885eadd;[];[Stiker]
1722;669;11-50;1242952.0;text;1662.0;[];False;False;daaf7fd45ed34d98;[];bokap gw lagi di luar kota,,,
1723;669;11-50;1242959.0;text;;[];False;False;daaf7fd45ed34d98;['0ebb14d608ff1bbe'];film baru di bioskop,,, bagus ga,,,
1724;669;11-50;1243346.0;text;;[];False;False;0ebb14d608ff1bbe;[];gw lagi marathon drakor nih
1725;669;1-10;1243348.0;text;;[];False;False;0ebb14d608ff1bbe;[];yess
1726;669;11-50;1243359.0;text;;[];False;False;0ebb14d608ff1bbe;[];kakak gw baru aja nikah
1727;669;0;1243370.0;sticker/webp;;[];False;False;0ebb14d608ff1bbe;[];[Stiker]
1728;669;1-10;1244953.0;text;;[];False;False;daaf7fd45ed34d98;[];gitu
1729;669;11-50;1244974.0;text;;[];False;False;daaf7fd45ed34d98;['044a0faf4d6eac29'];bokap gw lagi di luar kota
1730;669;11-50;1244975.0;text;;[];False;False;daaf7fd45ed34d98;[];bokap gw lagi di,,, luar kota,,,
1731;669;0;1244986.0;sticker/webp;;[];False;False;daaf7fd45ed34d98;[];[Stiker]
1732;669;11-50;1244987.0;text;;[];False;False;daaf7fd45ed34d98;[];mama minta gw pulang weekend
1733;669;1-10;1245030.0;text;;[];False;False;d03a2a70ecfec79a;[];anjay
1734;669;11-50;1245032.0;text;;[];False;False;d03a2a70ecfec79a;[];nyokpa nanya kapan lulus
1735;669;51-100;1245134.0;text;;[];False;False;2b8e28f61885eadd;['044a0faf4d6eac29', 'daaf7fd45ed34d98'];gw nonton film dokumenter semalam tentang laut dan ikan, bagus banget
1736;669;11-50;1245142.0;text;;[];False;False;2b8e28f61885eadd;[];duit bulanan belum dikirim
1737;669;0;1245171.0;sticker/webp;;[];False;False;2b8e28f61885eadd;[];[Stiker]
1738;669;0;1245343.0;video/mp4;;[];False;False;daaf7fd45ed34d98;[];[Video]
1739;669;0;1245373.0;sticker/webp;;[];False;False;2b8e28f61885eadd;[];[Stiker]
1740;669;1-10;1245373.0;text;;[];False;False;daaf7fd45ed34d98;[];goks
1741;669;0;1245389.0;sticker/webp;;[];False;False;daaf7fd45ed34d98;[];[Stiker]
1742;669;0;1245522.0;sticker/webp;;[];False;False;1de3fa895baf408c;[];[Stiker]
1743;669;0;1245531.0;sticker/webp;;[];False;False;1de3fa895baf408c;[];[Stiker]
1744;669;0;1245532.0;sticker/webp;;[];False;False;1de3fa895baf408c;[];[Stiker]
1745;669;0;1245542.0;sticker/webp;;[];False;False;1de3fa895baf408c;[];[Stiker]
1746;670;0;1247277.0;sticker/webp;;[];False;False;daaf7fd45ed34d98;[];[Stiker]
1747;670;0;1247277.0;sticker/webp;;[];False;False;daaf7fd45ed34d98;[];[Stiker]
1748;670;0;1247291.0;system;;[];False;False;8e7cf15e868d8ad3;[];[Pesan sistem]
1749;670;0;1247469.0;sticker/webp;;[];False;False;13d265a25abf6cea;[];[Stiker]
1750;670;11-50;1247533.0;text;;[];False;False;daaf7fd45ed34d98;[];seminar tadi lama banget
1751;670;11-50;1247544.0;text;;[];False;False;daaf7fd45ed34d98;[];sidang minggu depan,,, doain ya
1752;670;0;1247551.0;sticker/webp;;[];False;False;daaf7fd45ed34d98;[];[Stiker]
1753;670;1-10;1248022.0;text;;[];False;False;2b8e28f61885eadd;[];asli
1754;670;11-50;1248062.0;text;;[];False;False;2b8e28f61885eadd;[];proposal skripsi gw ditolak
1755;670;11-50;1248716.0;text;;[];False;False;13d265a25abf6cea;[];seminar tadi lama bangett
1756;670;1-10;1248720.0;text;;[];False;False;13d265a25abf6cea;[];hmm
1757;670;11-50;1248722.0;text;;[];False;False;13d265a25abf6cea;[];kelas tambahan hari sabtuuu sihhh
1758;670;0;1248735.0;sticker/webp;;[];False;False;13d265a25abf6cea;[];[Stiker]
1759;670;0;1248742.0;sticker/webp;;[];False;False;daaf7fd45ed34d98;[];[Stiker]
1760;670;0;1248751.0;sticker/webp;;[];False;False;daaf7fd45ed34d98;[];[Stiker]
1761;671;0;1250357.0;sticker/webp;;[];False;False;4591aabc7bfa7818;[];[Stiker]
1762;671;0;1250415.0;sticker/webp;;[];False;False;2b8e28f61885eadd;[];[Stiker]
1763;671;0;1250440.0;sticker/webp;;[];False;False;b5c68f559bfc358f;[];[Stiker]
1764;671;0;1250780.0;sticker/webp;;[];False;False;daaf7fd45ed34d98;[];[Stiker]
1765;671;0;1250832.0;sticker/webp;;[];False;False;2b8e28f61885eadd;[];[Stiker]
1766;671;0;1251101.0;sticker/webp;;[];False;False;13d265a25abf6cea;[];[Stiker]
1767;671;0;1251353.0;sticker/webp;;[];False;False;2b8e28f61885eadd;[];[Stiker]
1768;671;1-10;1251455.0;image/jpeg;;['🤣'];False;False;1039425bd2b06e14;[];[Foto]
1769;671;1-10;1251544.0;text;;[];True;False;b768311ae0d21c6b;[];ada?
1770;671;0;1252086.0;sticker/webp;;[];False;False;daaf7fd45ed34d98;[];[Stiker]
1771;671;51-100;1252546.0;text;;[];True;False;13d265a25abf6cea;[];gimanaa sihh caranyaa bikin proposal penelitian yang bagusss menurut dosen?
1772;671;11-50;1252558.0;text;;[];False;False;13d265a25abf6cea;[];wifi kampus lemottt parahhhh
1773;671;11-50;1252693.0;text;;[];False;False;4591aabc7bfa7818;[];Internet mati lagi di kosan.
1774;671;1-10;1252697.0;text;;[];False;False;4591aabc7bfa7818;[];Hem.
1775;671;1-10;1252707.0;text;;['🤣'];False;False;4591aabc7bfa7818;[];Siapp.
1776;671;11-50;1252708.0;text;;[];False;False;4591aabc7bfa7818;[];Gw lg sibuk bgt minggu ini.
1777;671;0;1252737.0;sticker/webp;;[];False;False;b5c68f559bfc358f;[];[Stiker]
1778;671;11-50;1252761.0;text;;['😂'];False;False;13d265a25abf6cea;[];capek bangetttt hari ini asliii
1779;672;11-50;1254790.0;text;;[];False;False;daaf7fd45ed34d98;[];gw baru aja ketemu,,, mantan
1780;672;11-50;1254883.0;text;;[];False;False;13d265a25abf6cea;[];gw kangen masakannnn rumah
1781;672;11-50;1254901.0;text;;[];False;False;13d265a25abf6cea;[];playlist lo yang mana sih
1782;672;11-50;1254906.0;text;;[];False;False;13d265a25abf6cea;[];gw lagi marathon drakor nih
1783;672;0;1254909.0;sticker/webp;;[];False;False;daaf7fd45ed34d98;[];[Stiker]
1784;672;0;1254913.0;sticker/webp;;[];False;False;13d265a25abf6cea;[];[Stiker]
1785;672;11-50;1254919.0;text;;[];False;False;daaf7fd45ed34d98;[];film baru di bioskop bagus ga
1786;672;0;1254920.0;sticker/webp;;[];False;False;daaf7fd45ed34d98;[];[Stiker]
1787;672;0;1254932.0;sticker/webp;;[];False;False;13d265a25abf6cea;[];[Stiker]
1788;672;0;1254932.0;sticker/webp;;[];False;False;b5c68f559bfc358f;[];[Stiker]
1789;672;0;1254964.0;sticker/webp;;[];False;False;0ebb14d608ff1bbe;[];[Stiker]
1790;672;0;1254975.0;sticker/webp;;[];False;False;daaf7fd45ed34d98;[];[Stiker]
1791;672;0;1254976.0;sticker/webp;;[];False;False;daaf7fd45ed34d98;[];[Stiker]
1792;672;0;1255114.0;sticker/webp;;[];False;False;13d265a25abf6cea;[];[Stiker]
1793;672;0;1255334.0;sticker/webp;;[];False;False;daaf7fd45ed34d98;[];[Stiker]
1794;672;0;1255341.0;sticker/webp;;[];False;False;daaf7fd45ed34d98;[];[Stiker]
1795;672;0;1255682.0;sticker/webp;;[];False;False;4591aabc7bfa7818;[];[Stiker]
1796;672;0;1255687.0;sticker/webp;;[];False;False;4591aabc7bfa7818;[];[Stiker]
1797;672;0;1255687.0;sticker/webp;;[];False;False;4591aabc7bfa7818;[];[Stiker]
1798;672;0;1255688.0;sticker/webp;;[];False;False;4591aabc7bfa7818;[];[Stiker]
1799;672;0;1255691.0;sticker/webp;;[];False;False;4591aabc7bfa7818;[];[Stiker]
1800;672;0;1255693.0;sticker/webp;;[];False;False;4591aabc7bfa7818;[];[Stiker]
1801;672;0;1255701.0;sticker/webp;;[];False;False;4591aabc7bfa7818;[];[Stiker]
1802;672;0;1255702.0;sticker/webp;;[];False;False;4591aabc7bfa7818;[];[Stiker]
1803;672;0;1255706.0;sticker/webp;;[];False;False;4591aabc7bfa7818;[];[Stiker]
1804;672;0;1255708.0;sticker/webp;;[];False;False;4591aabc7bfa7818;[];[Stiker]
1805;672;0;1255712.0;sticker/webp;;[];False;False;4591aabc7bfa7818;[];[Stiker]
1806;672;0;1255713.0;sticker/webp;;[];False;False;4591aabc7bfa7818;[];[Stiker]
1807;672;0;1255716.0;sticker/webp;;[];False;False;4591aabc7bfa7818;[];[Stiker]
1808;672;0;1255717.0;sticker/webp;;[];False;False;4591aabc7bfa7818;[];[Stiker]
1809;672;0;1255720.0;sticker/webp;;[];False;False;4591aabc7bfa7818;[];[Stiker]
1810;672;0;1255722.0;sticker/webp;;[];False;False;4591aabc7bfa7818;[];[Stiker]
1811;672;0;1255725.0;sticker/webp;;[];False;False;4591aabc7bfa7818;[];[Stiker]
1812;672;0;1255728.0;sticker/webp;;[];False;False;4591aabc7bfa7818;[];[Stiker]
1813;672;0;1255729.0;sticker/webp;;[];False;False;4591aabc7bfa7818;[];[Stiker]
1814;672;0;1256182.0;sticker/webp;;[];False;False;daaf7fd45ed34d98;[];[Stiker]
1815;672;0;1256448.0;sticker/webp;;[];False;False;ef6a6d48dc4ae5b0;[];[Stiker]
1816;672;0;1256452.0;sticker/webp;;[];False;False;ef6a6d48dc4ae5b0;[];[Stiker]
1817;673;0;1257429.0;sticker/webp;;[];False;False;dbee766e4d7d6f3f;[];[Stiker]
1818;673;0;1257509.0;sticker/webp;;[];False;False;2b8e28f61885eadd;[];[Stiker]
1819;673;0;1257813.0;sticker/webp;;[];False;False;55a82d2fa1b34c06;[];[Stiker]
1820;673;0;1257848.0;sticker/webp;;[];False;False;1039425bd2b06e14;[];[Stiker]
1821;673;0;1257862.0;sticker/webp;;[];False;False;2b8e28f61885eadd;[];[Stiker]
1822;673;0;1257941.0;sticker/webp;;[];False;False;b5c68f559bfc358f;[];[Stiker]
1823;673;0;1258436.0;sticker/webp;;[];False;False;cce79bec13f4ae0f;[];[Stiker]
1824;673;0;1258491.0;sticker/webp;;[];False;False;55a82d2fa1b34c06;[];[Stiker]
1825;673;0;1258510.0;sticker/webp;;[];False;False;cce79bec13f4ae0f;[];[Stiker]
1826;673;0;1258527.0;sticker/webp;;[];False;False;55a82d2fa1b34c06;[];[Stiker]
1827;673;0;1258528.0;sticker/webp;;[];False;False;cce79bec13f4ae0f;[];[Stiker]
1828;673;0;1258783.0;sticker/webp;;[];False;False;2b8e28f61885eadd;[];[Stiker]
1829;673;0;1259399.0;sticker/webp;;[];False;False;55a82d2fa1b34c06;[];[Stiker]
1830;673;0;1259853.0;sticker/webp;;[];False;False;2b8e28f61885eadd;[];[Stiker]
1831;673;0;1259879.0;sticker/webp;;[];False;False;2b8e28f61885eadd;[];[Stiker]
1832;674;0;1314742.0;sticker/webp;;[];False;False;4234eb2e62ab98b1;[];[Stiker]
1833;674;11-50;1315038.0;text;;[];False;False;56b91190e4f4849e;[];PACARNYA BARU SIAPA SIH
1834;674;0;1315351.0;sticker/webp;;[];False;False;2caf768530221aee;[];[Stiker]
1835;674;0;1315407.0;image/jpeg;;[];False;False;37b155f0c38fc0a1;[];[Foto]
1836;674;0;1316282.0;sticker/webp;;[];False;False;e082a073faf2a572;[];[Stiker]
1837;674;0;1316286.0;sticker/webp;;[];False;False;e082a073faf2a572;[];[Stiker]
1838;674;0;1316288.0;sticker/webp;;[];False;False;e082a073faf2a572;[];[Stiker]
1839;674;0;1316294.0;sticker/webp;;[];False;False;e082a073faf2a572;[];[Stiker]
1840;674;0;1316296.0;sticker/webp;;[];False;False;e082a073faf2a572;[];[Stiker]
1841;674;0;1316327.0;sticker/webp;;[];False;False;e082a073faf2a572;[];[Stiker]
1842;674;11-50;1316327.0;text;;[];False;False;e082a073faf2a572;[];eh denger gosip blm...
1843;674;1-10;1316392.0;text;;[];False;False;c262f06dea1d8383;[];trus
1844;674;0;1316437.0;sticker/webp;;[];False;False;65db2d93bdff800b;[];[Stiker]
1845;674;0;1316470.0;image/jpeg;;[];False;False;65db2d93bdff800b;[];[Foto]
1846;674;0;1316535.0;sticker/webp;;[];False;False;13d265a25abf6cea;[];[Stiker]
1847;674;0;1316573.0;sticker/webp;;[];False;False;65db2d93bdff800b;[];[Stiker]
1848;674;0;1316577.0;sticker/webp;;[];False;False;65db2d93bdff800b;[];[Stiker]
1849;674;0;1316607.0;sticker/webp;;[];False;False;13d265a25abf6cea;[];[Stiker]
1850;674;0;1316643.0;system;;[];False;False;59929ab32a09f5d5;[];[Pesan sistem]
1851;674;0;1316662.0;sticker/webp;;[];False;False;daaf7fd45ed34d98;[];[Stiker]
1852;674;0;1316675.0;sticker/webp;;[];False;False;59929ab32a09f5d5;[];[Stiker]
1853;674;0;1316685.0;sticker/webp;;[];False;False;daaf7fd45ed34d98;[];[Stiker]
1854;674;11-50;1316719.0;text;;[];False;False;51312755e5db6714;[];TEMENIN GW DONG BESOK
1855;674;11-50;1316719.0;text;;[];False;False;51312755e5db6714;[];SI ITU UDAH PUTUS KATANYA
1856;675;0;1319272.0;sticker/webp;;[];False;False;4591aabc7bfa7818;[];[Stiker]
1857;675;0;1319273.0;sticker/webp;;[];False;False;4591aabc7bfa7818;[];[Stiker]
1858;675;0;1319301.0;sticker/webp;;[];False;False;4e6fc7214e6009e6;[];[Stiker]
1859;675;0;1319322.0;sticker/webp;;[];False;False;e082a073faf2a572;[];[Stiker]
1860;675;0;1319323.0;sticker/webp;;[];False;False;e082a073faf2a572;[];[Stiker]
1861;675;0;1319325.0;sticker/webp;;[];False;False;e082a073faf2a572;[];[Stiker]
1862;675;0;1319384.0;sticker/webp;;[];False;False;4e6fc7214e6009e6;[];[Stiker]
1863;675;0;1319454.0;audio;;[];False;False;2c5cad9f34cd2b25;[];[Voice Note]
1864;675;0;1319457.0;video/mp4;;[];False;False;2c5cad9f34cd2b25;[];[Video]
1865;675;0;1319459.0;audio;;[];False;False;2c5cad9f34cd2b25;[];[Voice Note]
1866;675;11-50;1319468.0;text;;[];False;False;2c5cad9f34cd2b25;[];IPK gw turun semester ini
1867;675;0;1319544.0;audio;;[];False;False;51312755e5db6714;[];[Voice Note]
1868;675;0;1319707.0;sticker/webp;1865.0;[];False;False;b5c68f559bfc358f;[];[Stiker]
1869;675;11-50;1319791.0;text;;['😂'];False;False;9f557ab075256a7c;[];presentasiiii gw amburadul
1870;675;0;1319823.0;sticker/webp;1865.0;[];False;False;9f557ab075256a7c;[];[Stiker]
1871;675;11-50;1319832.0;text;;[];False;False;51312755e5db6714;[];GW BELOM MULAI TUGAS
1872;675;51-100;1319900.0;text;;[];False;False;2c5cad9f34cd2b25;[];nyokap gw nelfon tadi nanyain... kapan pulang, gw bilang aja abis ujian
1873;675;11-50;1319901.0;text;;[];False;False;2c5cad9f34cd2b25;[];presentasi gw amburadul
1874;675;0;1319914.0;system;;[];False;False;466fcb5352bd7e1b;[];[Pesan sistem]
1875;675;51-100;1319929.0;text;;['🤷🏻\u200d♂'];False;False;b5c68f559bfc358f;[];eh besok kita jadi ketemuan di kafe deket stasiun kan ya jam 2 siang
1876;675;0;1319942.0;sticker/webp;;[];False;False;b5c68f559bfc358f;[];[Stiker]
1877;675;0;1319957.0;sticker/webp;;[];False;False;d03a2a70ecfec79a;[];[Stiker]
1878;675;0;1319957.0;sticker/webp;;[];False;False;d03a2a70ecfec79a;[];[Stiker]
1879;675;0;1319962.0;sticker/webp;;[];False;False;2c5cad9f34cd2b25;[];[Stiker]
1880;675;0;1319963.0;sticker/webp;;[];False;False;dbee766e4d7d6f3f;[];[Stiker]
1881;675;0;1319966.0;sticker/webp;;[];False;False;dbee766e4d7d6f3f;[];[Stiker]
1882;675;0;1319970.0;sticker/webp;;[];False;False;dbee766e4d7d6f3f;[];[Stiker]
1883;675;11-50;1319976.0;text;;[];False;False;daaf7fd45ed34d98;[];dosen gw galak,,, banget sih
1884;675;1-10;1319980.0;text;1865.0;[];False;False;daaf7fd45ed34d98;[];oke
1885;675;11-50;1319983.0;text;;[];False;False;daaf7fd45ed34d98;[];dosen gw galak banget sih
1886;675;0;1319990.0;sticker/webp;;[];False;False;4e6fc7214e6009e6;[];[Stiker]
1887;675;0;1319993.0;sticker/webp;;[];False;False;dbee766e4d7d6f3f;[];[Stiker]
1888;675;0;1320008.0;sticker/webp;;[];False;False;daaf7fd45ed34d98;[];[Stiker]
1889;675;0;1320086.0;sticker/webp;;[];False;False;51312755e5db6714;[];[Stiker]
1890;675;0;1320117.0;sticker/webp;;[];False;False;daaf7fd45ed34d98;[];[Stiker]
1891;675;0;1320119.0;sticker/webp;;[];False;False;daaf7fd45ed34d98;[];[Stiker]
1892;675;0;1320150.0;sticker/webp;;[];False;False;51312755e5db6714;[];[Stiker]
1893;675;0;1320161.0;video/mp4;;[];False;False;daaf7fd45ed34d98;[];[Video]
1894;675;0;1320171.0;sticker/webp;;[];False;False;daaf7fd45ed34d98;[];[Stiker]
1895;675;0;1320191.0;sticker/webp;;[];False;False;b5c68f559bfc358f;[];[Stiker]
1896;675;11-50;1321923.0;text;;[];False;False;51312755e5db6714;[];IPK GW TURUN SEMESTER INI
1897;675;1-10;1321924.0;text;;[];False;False;51312755e5db6714;[];OK
1898;675;11-50;1322009.0;text;;[];True;False;51312755e5db6714;[];SIAPA YANG MAU IKUT?
1899;675;11-50;1322015.0;text;;[];True;False;51312755e5db6714;[];LU DIMANA SEKARANG?
1900;675;1-10;1322042.0;text;;[];False;False;51312755e5db6714;[];DAH
1901;675;11-50;1322047.0;text;;[];False;False;51312755e5db6714;[];GW BELOM MULAI TUGAS
1902;675;0;1322062.0;sticker/webp;;[];False;False;b5c68f559bfc358f;[];[Stiker]
1903;675;0;1322176.0;sticker/webp;;[];False;False;51312755e5db6714;[];[Stiker]
1904;675;11-50;1322310.0;text;;[];False;False;b176aee11588ca9d;[];eh tadi kelas seru banget!!!
1905;675;0;1322365.0;sticker/webp;;[];False;False;51312755e5db6714;[];[Stiker]
1906;675;0;1322378.0;sticker/webp;;[];False;False;4591aabc7bfa7818;[];[Stiker]
1907;675;0;1322520.0;sticker/webp;;[];False;False;51312755e5db6714;[];[Stiker]
1908;675;11-50;1322998.0;text;;[];True;False;9c9c45a93b41912e;[];lu dimana sekarang?
1909;675;0;1323012.0;sticker/webp;;[];False;False;daaf7fd45ed34d98;[];[Stiker]
1910;675;0;1323093.0;sticker/webp;;[];False;False;4e6fc7214e6009e6;[];[Stiker]
1911;675;0;1323149.0;sticker/webp;;[];False;False;b176aee11588ca9d;[];[Stiker]
1912;675;11-50;1323157.0;text;;[];False;False;9c9c45a93b41912e;[];gw lg ngerjain tugas nih
1913;675;0;1323157.0;sticker/webp;;[];False;False;b176aee11588ca9d;[];[Stiker]
1914;675;0;1323173.0;sticker/webp;;[];False;False;b176aee11588ca9d;[];[Stiker]
1915;675;0;1323179.0;sticker/webp;;[];False;False;b176aee11588ca9d;[];[Stiker]
1916;675;0;1323330.0;unknown;;[];False;False;4e6fc7214e6009e6;[];[Media tidak dikenal]
1917;675;0;1323335.0;sticker/webp;;[];False;False;4e6fc7214e6009e6;[];[Stiker]
1918;676;0;1324559.0;sticker/webp;;[];False;False;dbee766e4d7d6f3f;[];[Stiker]
1919;676;0;1324561.0;sticker/webp;;[];False;False;dbee766e4d7d6f3f;[];[Stiker]
1920;676;0;1324564.0;sticker/webp;;[];False;False;dbee766e4d7d6f3f;[];[Stiker]
1921;676;0;1324605.0;sticker/webp;;[];False;False;b5c68f559bfc358f;[];[Stiker]
1922;676;11-50;1324626.0;text;;[];False;False;51312755e5db6714;['daaf7fd45ed34d98'];KITA KETEMUAN DIMANA AJA DEH
1923;676;0;1324641.0;sticker/webp;;[];False;False;dbee766e4d7d6f3f;[];[Stiker]
1924;676;0;1325062.0;sticker/webp;;[];False;False;96027169b05163b0;[];[Stiker]
1925;676;0;1325907.0;sticker/webp;;[];False;False;b5c68f559bfc358f;[];[Stiker]
1926;676;0;1325908.0;sticker/webp;;[];False;False;b5c68f559bfc358f;[];[Stiker]
1927;676;1-10;1325953.0;text;;[];False;False;e082a073faf2a572;[];deh
1928;676;0;1326297.0;sticker/webp;;[];False;False;dbee766e4d7d6f3f;[];[Stiker]
1929;676;0;1326411.0;sticker/webp;;[];False;False;e44651ed2640cf56;[];[Stiker]
1930;676;0;1327045.0;sticker/webp;;[];False;False;e082a073faf2a572;[];[Stiker]
1931;676;0;1327167.0;sticker/webp;;[];False;False;96027169b05163b0;[];[Stiker]
1932;676;0;1327233.0;sticker/webp;;[];False;False;9f557ab075256a7c;[];[Stiker]
1933;676;11-50;1327618.0;text;1865.0;[];False;False;1039425bd2b06e14;[];gw ngga bisa ikut malem ini
1934;676;0;1327773.0;sticker/webp;;[];False;False;daaf7fd45ed34d98;[];[Stiker]
1935;676;0;1327776.0;sticker/webp;;[];False;False;daaf7fd45ed34d98;[];[Stiker]
1936;676;0;1327779.0;sticker/webp;;[];False;False;daaf7fd45ed34d98;[];[Stiker]
1937;676;0;1328014.0;sticker/webp;;[];False;False;e44651ed2640cf56;[];[Stiker]
1938;676;0;1328100.0;sticker/webp;;[];False;False;daaf7fd45ed34d98;[];[Stiker]
1939;676;0;1328300.0;sticker/webp;;[];False;False;e44651ed2640cf56;[];[Stiker]
1940;676;51-100;1328444.0;text;1865.0;[];False;False;b176aee11588ca9d;[];gw harus nabung lebih banyak sih buat bayar uang semester yang naik!!!
1941;676;11-50;1328582.0;text;;[];True;False;1039425bd2b06e14;[];nilai keluar kapan ya?
1942;676;11-50;1328632.0;text;;[];False;False;51312755e5db6714;[];KETEMUAN DI MALL JAM 3 YA
1943;676;1-10;1328633.0;text;;[];False;False;51312755e5db6714;[];DEH
1944;676;11-50;1328660.0;text;;[];False;False;b176aee11588ca9d;[];lu dimana sih lama banget!!
1945;676;11-50;1328671.0;text;;[];False;False;b176aee11588ca9d;[];lu dimana sih lama banget!!
1946;676;51-100;1328679.0;text;;[];False;False;2c5cad9f34cd2b25;[];kemarin malem gw begadang... nonton bola sampe subuh terus... ketiduran...
1947;676;1-10;1328680.0;text;;[];False;False;2c5cad9f34cd2b25;[];ooh
1948;676;0;1328680.0;sticker/webp;;[];False;False;b176aee11588ca9d;[];[Stiker]
1949;676;1-10;1328682.0;text;;['🤷🏻\u200d♂'];False;False;2c5cad9f34cd2b25;[];ooh
1950;676;0;1328756.0;system;;[];False;False;c262f06dea1d8383;[];[Pesan sistem]
1951;677;11-50;1330835.0;text;;[];False;False;13d265a25abf6cea;[];podcast yg lu rekomen mana
1952;677;0;1330891.0;sticker/webp;;[];False;False;dbee766e4d7d6f3f;[];[Stiker]
1953;677;0;1330897.0;sticker/webp;;[];False;False;2c5cad9f34cd2b25;[];[Stiker]
1954;677;0;1330938.0;sticker/webp;;[];False;False;13d265a25abf6cea;[];[Stiker]
1955;677;0;1330954.0;sticker/webp;;[];False;False;dbee766e4d7d6f3f;[];[Stiker]
1956;677;0;1331189.0;sticker/webp;;[];False;False;2c5cad9f34cd2b25;[];[Stiker]
1957;677;0;1331303.0;system;;[];False;False;b5c68f559bfc358f;[];[Pesan sistem]
1958;677;1-10;1331687.0;text;;[];False;False;13d265a25abf6cea;[];bete
1959;677;11-50;1331693.0;text;;[];False;False;13d265a25abf6cea;[];gw lagi baca novel baruu nih
1960;677;0;1331701.0;sticker/webp;;[];False;False;13d265a25abf6cea;[];[Stiker]
1961;677;11-50;1331774.0;text;;[];False;False;2b8e28f61885eadd;[];futsal besok jadi ga
1962;677;0;1331775.0;sticker/webp;;[];False;False;8c98eacc3af87d50;[];[Stiker]
1963;677;11-50;1331786.0;text;;[];False;False;2b8e28f61885eadd;['13d265a25abf6cea'];futsal besok jadi ga
1964;677;11-50;1331795.0;text;;[];False;False;0ebb14d608ff1bbe;[];badminton yuk sore ini
1965;677;1-10;1331797.0;text;;[];False;False;0ebb14d608ff1bbe;[];fyi
1966;677;11-50;1331810.0;text;;[];False;False;0ebb14d608ff1bbe;[];pertandingan bola tadi malam gila
1967;677;0;1331812.0;sticker/webp;;[];False;False;0ebb14d608ff1bbe;[];[Stiker]
1968;677;0;1331835.0;sticker/webp;;[];False;False;e082a073faf2a572;[];[Stiker]
1969;677;0;1331839.0;sticker/webp;;[];False;False;e082a073faf2a572;[];[Stiker]
1970;677;0;1331958.0;sticker/webp;;[];False;False;0ebb14d608ff1bbe;[];[Stiker]
1971;677;0;1332236.0;sticker/webp;;[];False;False;65db2d93bdff800b;[];[Stiker]
1972;677;0;1332784.0;sticker/webp;;[];False;False;13d265a25abf6cea;[];[Stiker]
1973;677;11-50;1333627.0;text;;[];False;False;96027169b05163b0;[];game baru udah download belum
1974;677;0;1333686.0;sticker/webp;;[];False;False;2192d89a3afe5e09;[];[Stiker]
1975;677;51-100;1334233.0;text;;[];True;False;c4f31904a6e45e6b;[];kira kira kalo gw apply magang sekarang masih keburu ga ya!!!
1976;677;0;1335133.0;sticker/webp;;[];False;False;0ebb14d608ff1bbe;[];[Stiker]
1977;677;0;1335965.0;system;;[];False;False;9e34b8dc43751cd9;[];[Pesan sistem]
1978;678;0;1338780.0;image/jpeg;;[];False;False;2b8e28f61885eadd;[];[Foto]
1979;678;0;1338792.0;image/jpeg;;[];False;False;2b8e28f61885eadd;[];[Foto]
1980;678;0;1339000.0;sticker/webp;;[];False;False;0ebb14d608ff1bbe;[];[Stiker]
1981;678;0;1339179.0;unknown;;[];False;False;f241e1b980fb2176;[];[Media tidak dikenal]
1982;678;0;1339183.0;unknown;;[];False;False;f241e1b980fb2176;[];[Media tidak dikenal]
1983;678;0;1339192.0;unknown;;[];False;False;f241e1b980fb2176;[];[Media tidak dikenal]
1984;678;0;1339391.0;sticker/webp;;[];False;False;daaf7fd45ed34d98;[];[Stiker]
1985;678;0;1339612.0;sticker/webp;;[];False;False;9db6557189f5a92c;[];[Stiker]
1986;678;0;1339616.0;sticker/webp;;[];False;False;9db6557189f5a92c;[];[Stiker]
1987;678;0;1339824.0;sticker/webp;;[];False;False;2192d89a3afe5e09;[];[Stiker]
1988;679;0;1341049.0;sticker/webp;;[];False;False;13d265a25abf6cea;[];[Stiker]
1989;679;0;1342269.0;sticker/webp;;[];False;False;daaf7fd45ed34d98;[];[Stiker]
1990;679;0;1342314.0;sticker/webp;;[];False;False;51312755e5db6714;[];[Stiker]
1991;679;0;1342383.0;sticker/webp;;[];False;False;2b8e28f61885eadd;[];[Stiker]
1992;679;0;1342564.0;sticker/webp;;[];False;False;daaf7fd45ed34d98;[];[Stiker]
1993;679;0;1342571.0;sticker/webp;;[];False;False;daaf7fd45ed34d98;[];[Stiker]
1994;679;11-50;1342583.0;text;;[];False;False;daaf7fd45ed34d98;[];eh denger gosip belum
1995;679;0;1342600.0;video/mp4;;[];False;False;daaf7fd45ed34d98;[];[Video]
1996;680;0;1384067.0;sticker/webp;;[];False;False;86b341e606bde676;[];[Stiker]
1997;680;0;1384098.0;unknown;;[];False;False;86b341e606bde676;[];[Media tidak dikenal]
1998;680;0;1384114.0;sticker/webp;;[];False;False;86b341e606bde676;[];[Stiker]
1999;680;0;1384114.0;sticker/webp;;[];False;False;86b341e606bde676;[];[Stiker]
2000;680;0;1384115.0;sticker/webp;;[];False;False;86b341e606bde676;[];[Stiker]
2001;680;0;1384118.0;sticker/webp;;[];False;False;86b341e606bde676;[];[Stiker]
2002;680;0;1384124.0;sticker/webp;;[];False;False;86b341e606bde676;[];[Stiker]
2003;680;0;1384148.0;sticker/webp;;[];False;False;37b155f0c38fc0a1;[];[Stiker]
2004;680;0;1384369.0;sticker/webp;;[];False;False;86b341e606bde676;[];[Stiker]
2005;680;0;1384370.0;sticker/webp;;[];False;False;86b341e606bde676;[];[Stiker]
2006;680;0;1384371.0;sticker/webp;;[];False;False;86b341e606bde676;[];[Stiker]
2007;680;0;1384373.0;sticker/webp;;[];False;False;86b341e606bde676;[];[Stiker]
2008;680;0;1384374.0;sticker/webp;;[];False;False;86b341e606bde676;[];[Stiker]
2009;680;0;1384375.0;sticker/webp;;[];False;False;86b341e606bde676;[];[Stiker]
2010;680;0;1384380.0;sticker/webp;;[];False;False;86b341e606bde676;[];[Stiker]
2011;680;0;1384381.0;sticker/webp;;[];False;False;86b341e606bde676;[];[Stiker]
2012;680;0;1384382.0;sticker/webp;;[];False;False;86b341e606bde676;[];[Stiker]
2013;680;0;1384385.0;sticker/webp;;[];False;False;86b341e606bde676;[];[Stiker]
2014;680;0;1384391.0;sticker/webp;;[];False;False;86b341e606bde676;[];[Stiker]
2015;680;0;1384401.0;sticker/webp;;[];False;False;86b341e606bde676;[];[Stiker]
2016;680;0;1384404.0;sticker/webp;;[];False;False;86b341e606bde676;[];[Stiker]
2017;680;0;1384417.0;sticker/webp;;[];False;False;86b341e606bde676;[];[Stiker]
2018;680;0;1384420.0;sticker/webp;;[];False;False;86b341e606bde676;[];[Stiker]
2019;680;0;1384423.0;sticker/webp;;[];False;False;86b341e606bde676;[];[Stiker]
2020;680;0;1384430.0;sticker/webp;;[];False;False;86b341e606bde676;[];[Stiker]
2021;680;0;1384441.0;sticker/webp;;[];False;False;86b341e606bde676;[];[Stiker]
2022;680;1-10;1384443.0;text;;[];False;False;b755abcfd4269903;[];Pasti.
2023;680;0;1384471.0;sticker/webp;;[];False;False;3815ccab5ed5f10d;[];[Stiker]
2024;680;11-50;1384477.0;text;;[];False;False;3815ccab5ed5f10d;[];duit bulanan belum dikirim!!
2025;680;0;1384919.0;sticker/webp;;[];False;False;13d265a25abf6cea;[];[Stiker]
2026;680;0;1385089.0;sticker/webp;;[];False;False;daaf7fd45ed34d98;[];[Stiker]
2027;680;0;1385207.0;sticker/webp;;[];False;False;51312755e5db6714;[];[Stiker]
2028;680;0;1385538.0;unknown;;[];False;False;3ab2659970c24e4e;[];[Media tidak dikenal]
2029;680;0;1386384.0;sticker/webp;;[];False;False;61644389804fd092;[];[Stiker]
2030;681;0;1388881.0;image/jpeg;;[];False;False;5ae54207965fa6e8;[];[Foto]
2031;681;0;1390517.0;sticker/webp;;[];False;False;daaf7fd45ed34d98;[];[Stiker]
2032;681;0;1390741.0;sticker/webp;;[];False;False;51312755e5db6714;[];[Stiker]
2033;681;0;1391469.0;system;;[];False;False;a90911dd80ce1fc2;[];[Pesan sistem]
2034;682;0;1397084.0;sticker/webp;;[];False;False;daaf7fd45ed34d98;[];[Stiker]
2035;682;0;1399548.0;system;;[];False;False;85d66130ea78e017;[];[Pesan sistem]
2036;682;0;1399844.0;sticker/webp;;[];False;False;daaf7fd45ed34d98;[];[Stiker]
2037;682;0;1399853.0;sticker/webp;;[];False;False;daaf7fd45ed34d98;[];[Stiker]
2038;682;0;1400199.0;sticker/webp;;[];False;False;4591aabc7bfa7818;[];[Stiker]
2039;682;0;1400201.0;sticker/webp;;[];False;False;4591aabc7bfa7818;[];[Stiker]
2040;682;0;1400204.0;sticker/webp;;[];False;False;4591aabc7bfa7818;[];[Stiker]
2041;682;0;1400204.0;sticker/webp;;[];False;False;4591aabc7bfa7818;[];[Stiker]
2042;682;0;1400286.0;sticker/webp;;[];False;False;51312755e5db6714;[];[Stiker]
2043;682;11-50;1400452.0;text;;[];False;False;4591aabc7bfa7818;[];Si itu udah putus katanya.
2044;682;1-10;1400455.0;text;;[];False;False;daaf7fd45ed34d98;[];hihi
2045;682;0;1400457.0;sticker/webp;;[];False;False;daaf7fd45ed34d98;[];[Stiker]
2046;682;0;1400463.0;system;;[];False;False;4591aabc7bfa7818;[];[Pesan sistem]
2047;682;11-50;1400471.0;text;;[];False;False;4591aabc7bfa7818;[];Reuni kapan ya kita.
2048;682;0;1400479.0;sticker/webp;;[];False;False;4591aabc7bfa7818;[];[Stiker]
2049;682;1-10;1400488.0;text;;['😂'];False;False;8e3d4f19cee83b51;[];aimn
2050;682;1-10;1400493.0;text;;[];False;False;8e3d4f19cee83b51;[];cape
2051;682;11-50;1400504.0;text;;[];False;False;daaf7fd45ed34d98;['4591aabc7bfa7818'];angkot ke sana masih,,, ada ga
2052;682;1-10;1400509.0;text;;[];False;False;daaf7fd45ed34d98;[];ywd
2053;682;0;1400513.0;sticker/webp;;[];False;False;daaf7fd45ed34d98;[];[Stiker]
2054;682;0;1400544.0;sticker/webp;;[];False;False;1039425bd2b06e14;[];[Stiker]
2055;682;11-50;1401277.0;text;;[];False;False;13d265a25abf6cea;[];gw kangenn temennn temen sma
2056;682;11-50;1401281.0;text;;[];False;False;13d265a25abf6cea;[];si ituuu udahhhh putus katanyaaaa
2057;682;11-50;1401285.0;text;;[];False;False;13d265a25abf6cea;[];angkotttt ke sana masih adaaa ga
2058;682;1-10;1401303.0;text;;['😂'];False;False;13d265a25abf6cea;[];males
2059;682;11-50;1401340.0;text;;[];False;False;4591aabc7bfa7818;[];Gw berantem sama si anu.
2060;682;51-100;1401350.0;text;;[];False;False;4591aabc7bfa7818;[];Gw baru aja dapet kabar kalo temen kita diterima kerja di luar negeri.
2061;682;0;1401357.0;sticker/webp;;[];False;False;4591aabc7bfa7818;[];[Stiker]
2062;682;11-50;1401438.0;text;;[];False;False;13d265a25abf6cea;['1039425bd2b06e14'];reuniii kapan ya kita
2063;682;1-10;1401446.0;text;;[];False;False;13d265a25abf6cea;[];samaa
2064;682;11-50;1401470.0;text;;[];False;False;13d265a25abf6cea;[];angkotttt ke sana masih ada ga
2065;682;0;1401473.0;system;;[];False;False;de3c26fb9ba49ec4;[];[Pesan sistem]
2066;682;11-50;1401477.0;text;;['😂'];False;False;13d265a25abf6cea;[];angkot ke sanaaa masih adaaaa ga
2067;682;11-50;1401490.0;text;;[];False;False;1039425bd2b06e14;[];reuni kapan ya kita
2068;682;11-50;1401490.0;text;;['🤷🏼\u200d♀'];False;False;13d265a25abf6cea;[];gw kangen temenn temen smaaaa
2069;682;0;1401490.0;sticker/webp;;[];False;False;1039425bd2b06e14;[];[Stiker]
2070;683;0;1402562.0;sticker/webp;;[];False;False;9f557ab075256a7c;[];[Stiker]
2071;683;1-10;1402572.0;text;;['😂'];False;False;9f557ab075256a7c;[];yaa
2072;683;11-50;1402573.0;text;;[];False;False;9f557ab075256a7c;[];gw lagi di warkop nih
2073;683;11-50;1402588.0;text;;['😂'];False;False;9f557ab075256a7c;[];jangan lupa bawa duitt cashh
2074;683;0;1402761.0;sticker/webp;;[];False;False;4591aabc7bfa7818;[];[Stiker]
2075;683;0;1402951.0;sticker/webp;;[];False;False;4591aabc7bfa7818;[];[Stiker]
2076;683;0;1403228.0;sticker/webp;;[];False;False;daaf7fd45ed34d98;[];[Stiker]
2077;684;0;1412285.0;sticker/webp;;[];False;False;daaf7fd45ed34d98;[];[Stiker]
2078;684;11-50;1412290.0;text;;[];False;False;daaf7fd45ed34d98;['4591aabc7bfa7818'];podcast yg,,, lu rekomen mana
2079;684;1-10;1412310.0;text;;[];True;False;daaf7fd45ed34d98;[];jd?
2080;684;0;1412459.0;sticker/webp;;[];False;False;2caf768530221aee;[];[Stiker]
2081;684;1-10;1412609.0;text;;[];False;False;4591aabc7bfa7818;[];Sans.
2082;684;11-50;1412624.0;text;;[];False;False;4591aabc7bfa7818;[];Podcast yg lu rekomen mana.
2083;684;0;1412817.0;image/jpeg;;[];False;False;daaf7fd45ed34d98;[];[Foto]
2084;684;0;1413074.0;sticker/webp;;[];False;False;4591aabc7bfa7818;[];[Stiker]
2085;684;0;1413092.0;sticker/webp;;[];False;False;daaf7fd45ed34d98;[];[Stiker]
2086;684;0;1413115.0;sticker/webp;;[];False;False;daaf7fd45ed34d98;[];[Stiker]
2087;684;0;1413132.0;sticker/webp;;[];False;False;4591aabc7bfa7818;[];[Stiker]
2088;685;11-50;1416027.0;text;;[];False;False;d1b736c655f12b6a;[];jangan lupa bawaaa duitttt cash
2089;685;1-10;1416052.0;text;;[];False;False;b2afef9be53bd0dc;[];oii
2090;685;1-10;1416061.0;text;;[];False;False;d1b736c655f12b6a;[];oohhhh
2091;685;0;1416947.0;sticker/webp;;[];False;False;65db2d93bdff800b;[];[Stiker]
2092;685;0;1416986.0;sticker/webp;;[];False;False;e082a073faf2a572;[];[Stiker]
2093;685;0;1417055.0;sticker/webp;;[];False;False;55a82d2fa1b34c06;[];[Stiker]
2094;685;0;1417090.0;sticker/webp;;[];False;False;80e2c0110d285a81;[];[Stiker]
2095;685;0;1417094.0;sticker/webp;;[];False;False;80e2c0110d285a81;[];[Stiker]
2096;685;0;1417098.0;sticker/webp;;[];False;False;80e2c0110d285a81;[];[Stiker]
2097;685;0;1417105.0;sticker/webp;;[];False;False;80e2c0110d285a81;[];[Stiker]
2098;685;0;1417110.0;sticker/webp;;[];False;False;80e2c0110d285a81;[];[Stiker]
2099;685;0;1417112.0;sticker/webp;;[];False;False;80e2c0110d285a81;[];[Stiker]
2100;685;0;1417113.0;sticker/webp;;[];False;False;80e2c0110d285a81;[];[Stiker]
2101;685;0;1417113.0;sticker/webp;;[];False;False;80e2c0110d285a81;[];[Stiker]
2102;685;0;1417119.0;sticker/webp;;[];False;False;80e2c0110d285a81;[];[Stiker]
2103;685;0;1417119.0;sticker/webp;;[];False;False;80e2c0110d285a81;[];[Stiker]
2104;685;0;1417123.0;sticker/webp;;[];False;False;80e2c0110d285a81;[];[Stiker]
2105;685;0;1417124.0;sticker/webp;;[];False;False;80e2c0110d285a81;[];[Stiker]
2106;685;0;1417125.0;sticker/webp;;[];False;False;80e2c0110d285a81;[];[Stiker]
2107;685;0;1417125.0;sticker/webp;;[];False;False;80e2c0110d285a81;[];[Stiker]
2108;685;0;1417130.0;sticker/webp;;[];False;False;80e2c0110d285a81;[];[Stiker]
2109;685;0;1417134.0;sticker/webp;;[];False;False;80e2c0110d285a81;[];[Stiker]
2110;685;0;1417151.0;sticker/webp;;[];False;False;80e2c0110d285a81;[];[Stiker]
2111;685;0;1417151.0;sticker/webp;;[];False;False;80e2c0110d285a81;[];[Stiker]
2112;685;0;1417152.0;sticker/webp;;[];False;False;80e2c0110d285a81;[];[Stiker]
2113;685;0;1417158.0;sticker/webp;;[];False;False;80e2c0110d285a81;[];[Stiker]
2114;685;0;1417164.0;sticker/webp;;[];False;False;80e2c0110d285a81;[];[Stiker]
2115;685;0;1417165.0;sticker/webp;;[];False;False;80e2c0110d285a81;[];[Stiker]
2116;685;0;1417166.0;sticker/webp;;[];False;False;80e2c0110d285a81;[];[Stiker]
2117;685;0;1417172.0;sticker/webp;;[];False;False;80e2c0110d285a81;[];[Stiker]
2118;685;0;1417174.0;sticker/webp;;[];False;False;80e2c0110d285a81;[];[Stiker]
2119;685;0;1417176.0;sticker/webp;;[];False;False;80e2c0110d285a81;[];[Stiker]
2120;685;0;1417180.0;sticker/webp;;[];False;False;80e2c0110d285a81;[];[Stiker]
2121;685;0;1417180.0;sticker/webp;;[];False;False;80e2c0110d285a81;[];[Stiker]
2122;685;0;1417184.0;sticker/webp;;[];False;False;80e2c0110d285a81;[];[Stiker]
2123;685;0;1417185.0;sticker/webp;;[];False;False;80e2c0110d285a81;[];[Stiker]
2124;685;0;1417190.0;sticker/webp;;[];False;False;80e2c0110d285a81;[];[Stiker]
2125;685;0;1417191.0;sticker/webp;;[];False;False;80e2c0110d285a81;[];[Stiker]
2126;685;0;1417197.0;sticker/webp;;[];False;False;80e2c0110d285a81;[];[Stiker]
2127;685;0;1417198.0;sticker/webp;;[];False;False;80e2c0110d285a81;[];[Stiker]
2128;686;0;1418359.0;sticker/webp;;[];False;False;e44651ed2640cf56;[];[Stiker]
2129;686;51-100;1418398.0;text;;[];False;False;3b9b10fb6cf953de;[];gw lagi belajar masak sendiri biar ga jajan terus lumayan hemat soalnya
2130;686;0;1418648.0;sticker/webp;;[];False;False;19d7beeed8bda09b;[];[Stiker]
2131;686;1-10;1418649.0;text;;['🇪🇸'];False;False;daaf7fd45ed34d98;[];yess
2132;686;0;1418658.0;sticker/webp;;[];False;False;19d7beeed8bda09b;[];[Stiker]
2133;686;0;1418658.0;sticker/webp;;[];False;False;19d7beeed8bda09b;[];[Stiker]
2134;686;0;1418681.0;sticker/webp;;[];False;False;19d7beeed8bda09b;[];[Stiker]
2135;686;0;1418696.0;sticker/webp;;[];False;False;19d7beeed8bda09b;[];[Stiker]
2136;686;0;1419036.0;unknown;;[];False;False;80e2c0110d285a81;[];[Media tidak dikenal]
2137;686;0;1419044.0;sticker/webp;;[];False;False;80e2c0110d285a81;[];[Stiker]
2138;686;0;1419481.0;sticker/webp;;[];False;False;0ebb14d608ff1bbe;[];[Stiker]
2139;686;0;1419486.0;sticker/webp;;[];False;False;0ebb14d608ff1bbe;[];[Stiker]
2140;686;0;1419640.0;sticker/webp;;[];False;False;13d265a25abf6cea;[];[Stiker]
2141;686;11-50;1420276.0;text;;[];False;False;97672e43c962b681;[];nyokap nanya kapan lulus
2142;686;0;1420294.0;sticker/webp;;[];False;False;1450b5099f5c1513;[];[Stiker]
2143;686;0;1420924.0;sticker/webp;;[];False;False;daaf7fd45ed34d98;[];[Stiker]
2144;686;11-50;1421702.0;text;;[];True;False;b60fbe2a5f164dcb;[];lu lagiiii ngapain sih?
2145;686;0;1421735.0;sticker/webp;;[];False;False;daaf7fd45ed34d98;[];[Stiker]
2146;686;0;1423341.0;system;;[];False;False;93d698eb580d9627;[];[Pesan sistem]
2147;686;1-10;1423345.0;text;;[];False;False;93d698eb580d9627;[];PASTI
2148;686;11-50;1423396.0;text;;[];True;False;2b8e28f61885eadd;[];itu tempatnya jauh ga?
2149;686;11-50;1423426.0;text;;[];True;False;2b8e28f61885eadd;[];siapa aja yg dateng?
2150;686;11-50;1423434.0;text;;[];True;False;2b8e28f61885eadd;['13d265a25abf6cea'];kenapa ga bales chat gw?
2151;686;0;1423508.0;sticker/webp;2146.0;[];False;False;f241e1b980fb2176;[];[Stiker]
2152;686;11-50;1423780.0;text;;[];False;False;13d265a25abf6cea;[];duittt bulanannn belum dikirimm
2153;686;0;1423788.0;sticker/webp;;[];False;False;13d265a25abf6cea;[];[Stiker]
2154;686;0;1424117.0;sticker/webp;;[];False;False;daaf7fd45ed34d98;[];[Stiker]
2155;686;0;1424120.0;sticker/webp;;[];False;False;daaf7fd45ed34d98;[];[Stiker]
2156;686;0;1424196.0;sticker/webp;2146.0;[];False;False;65db2d93bdff800b;[];[Stiker]
2157;686;11-50;1425551.0;text;;[];False;False;2b8e28f61885eadd;[];adek gw masuk SMA tahun ini
2158;687;0;1430891.0;sticker/webp;;[];False;False;322364729bfba14a;[];[Stiker]
2159;687;0;1430899.0;sticker/webp;;[];False;False;322364729bfba14a;[];[Stiker]
2160;687;0;1431740.0;sticker/webp;;[];False;False;daaf7fd45ed34d98;[];[Stiker]
2161;688;0;1471252.0;audio;;[];False;False;2c5cad9f34cd2b25;[];[Voice Note]
2162;688;0;1471262.0;audio;;[];False;False;2c5cad9f34cd2b25;[];[Voice Note]
2163;688;0;1471267.0;audio;;[];False;False;2c5cad9f34cd2b25;[];[Voice Note]
2164;688;51-100;1471276.0;text;;[];False;False;2c5cad9f34cd2b25;[];tadi gw antri... di administrasi kampus... 2 jam cuma buat ngurus surat
2165;688;11-50;1471277.0;text;;[];False;False;2c5cad9f34cd2b25;[];gw baru ganti... nomor btw
2166;688;51-100;1471382.0;text;;[];False;False;2c5cad9f34cd2b25;[];tadi gw antri di administrasi kampus 2 jam cuma buat ngurus surat...
2167;688;0;1471394.0;video/mp4;;[];False;False;daaf7fd45ed34d98;[];[Video]
2168;688;0;1471396.0;sticker/webp;;[];False;False;dbee766e4d7d6f3f;[];[Stiker]
2169;688;1-10;1471424.0;text;;[];False;False;daaf7fd45ed34d98;[];siapp
2170;688;0;1471425.0;sticker/webp;;[];False;False;f8bc0e2ec26cfed6;[];[Stiker]
2171;688;11-50;1471464.0;text;;[];False;False;c5e94ea935881b09;[];charger hp gw rusak lagi
2172;688;11-50;1471483.0;text;;[];False;False;37b155f0c38fc0a1;[];Bentar ya gw lg di jalan.
2173;688;0;1471489.0;sticker/webp;;[];False;False;4234eb2e62ab98b1;[];[Stiker]
2174;688;0;1471494.0;sticker/webp;;[];False;False;4234eb2e62ab98b1;[];[Stiker]
2175;688;0;1471605.0;sticker/webp;;[];False;False;322364729bfba14a;[];[Stiker]
2176;688;0;1471609.0;sticker/webp;;[];False;False;322364729bfba14a;[];[Stiker]
2177;688;1-10;1471617.0;application/pdf;;[];False;False;2c5cad9f34cd2b25;[];[Dokumen PDF]
2178;688;0;1471621.0;sticker/webp;;[];False;False;322364729bfba14a;[];[Stiker]
2179;688;1-10;1471634.0;text;;[];False;False;322364729bfba14a;[];okey
2180;688;0;1471640.0;sticker/webp;;[];False;False;2c5cad9f34cd2b25;[];[Stiker]
2181;688;11-50;1471648.0;text;;[];False;False;322364729bfba14a;[];gw lagii di atm sebentar
2182;688;1-10;1471658.0;text;;[];False;False;2c5cad9f34cd2b25;[];eh
2183;688;11-50;1471662.0;text;;[];False;False;2c5cad9f34cd2b25;[];gw mau tidur dulu ya
2184;688;1-10;1471667.0;text;;[];False;False;2c5cad9f34cd2b25;[];yoii
2185;688;11-50;1471691.0;text;;[];True;True;322364729bfba14a;[];bisaaaa jemputt gw ga?
2186;688;11-50;1471695.0;text;;[];False;False;322364729bfba14a;[];lu tim mana dukungnyaaa
2187;688;11-50;1471710.0;text;;[];False;False;322364729bfba14a;[];dompet gw ketinggalann di rumah
2188;688;11-50;1471722.0;text;;[];False;False;2c5cad9f34cd2b25;[];gw baru ganti nomor... btw
2189;688;11-50;1471723.0;text;;[];False;False;2c5cad9f34cd2b25;[];baru bangun nih masih ngantuk
2190;688;1-10;1471723.0;text;;['😘'];False;False;2c5cad9f34cd2b25;[];oh
2191;688;0;1471726.0;sticker/webp;;[];False;False;322364729bfba14a;[];[Stiker]
2192;688;0;1471812.0;video/mp4;;[];False;False;cce79bec13f4ae0f;[];[Video]
2193;688;101-500;1472755.0;text;;[];False;False;9f557ab075256a7c;[];kemarinnn gw ikutttt kegiatan baktiiii sosial yang diadainnnn sama bemmm fakultas. kita ke panti asuhan di pinggiran kotaaaa buat ngajarrr anakkk anak dann bagi bagii sembako. seru banget sih dannnn bikin hati adem. anak anaknya lucu lucuu dan semangat bangetttt belajar walauuu fasilitas merekaa terbatas. jadii pengen rutin kesanaa
2194;688;51-100;1473366.0;text;;[];False;False;2c5cad9f34cd2b25;[];tadi gw antri di administrasi... kampus 2 jam cuma buat ngurus surat
2195;688;51-100;1473388.0;text;;[];False;False;2c5cad9f34cd2b25;[];laptop gw mulai lemot nih kayaknya harus install ulang atau ganti RAM
2196;688;11-50;1473415.0;text;;[];False;False;d03a2a70ecfec79a;[];lu tim mana dukungnya
2197;688;1-10;1473420.0;text;;[];False;False;d03a2a70ecfec79a;[];yoii
2198;688;0;1473432.0;sticker/webp;;[];False;False;daaf7fd45ed34d98;[];[Stiker]
2199;688;1-10;1473446.0;text;;[];False;False;b755abcfd4269903;[];Ah.
2200;688;0;1473451.0;sticker/webp;;[];False;False;cce79bec13f4ae0f;[];[Stiker]
2201;688;0;1473461.0;sticker/webp;;[];False;False;d03a2a70ecfec79a;[];[Stiker]
2202;688;0;1473467.0;sticker/webp;;[];False;False;2c5cad9f34cd2b25;[];[Stiker]
2203;688;0;1473507.0;sticker/webp;;[];False;False;daaf7fd45ed34d98;[];[Stiker]
2204;688;0;1473526.0;video/mp4;2194.0;[];False;False;4591aabc7bfa7818;[];[Video]
2205;688;101-500;1473543.0;text;2194.0;['😂'];False;False;9f557ab075256a7c;[];gw lagiii belajarrrr codingg otodidakkk dari youtube buattt nambah skill. mulaiii dariiii html csssss duluuuu baru pelannnn pelan ke javascript. lumayan susahhhh sihhh awalnya tapi lama lamaaa mulaii paham juga. siapa tau nantiii bisaaaa bikin portfolio sendiri dan dapet kerjaan freelancee buat nambah uang jajannnn selama kuliah
2206;688;1-10;1473578.0;text;;['😂'];False;False;9f557ab075256a7c;[];siapp
2207;688;0;1473579.0;sticker/webp;;[];False;False;9f557ab075256a7c;[];[Stiker]
2208;688;51-100;1473581.0;text;;[];False;False;37b155f0c38fc0a1;[];Laptop gw mulai lemot nih kayaknya harus install ulang atau ganti RAM.
2209;688;0;1473602.0;sticker/webp;;[];False;False;37b155f0c38fc0a1;[];[Stiker]
2210;688;1-10;1473613.0;text;;[];False;False;9f557ab075256a7c;[];yoii
2211;688;11-50;1473621.0;text;;[];False;False;9f557ab075256a7c;[];charger hp gw rusak lagi
2212;688;0;1473631.0;sticker/webp;;[];False;False;8e467b5bdde6cfe0;[];[Stiker]
2213;688;11-50;1473673.0;text;;[];False;False;4591aabc7bfa7818;[];Charger hp gw rusak lagi.
2214;688;0;1473679.0;system;;[];False;False;4591aabc7bfa7818;[];[Pesan sistem]
2215;688;0;1473689.0;sticker/webp;;[];False;False;9f557ab075256a7c;[];[Stiker]
2216;688;0;1473693.0;sticker/webp;;[];False;False;9f557ab075256a7c;[];[Stiker]
2217;688;0;1473698.0;sticker/webp;;[];False;False;9f557ab075256a7c;[];[Stiker]
2218;688;0;1473707.0;sticker/webp;;[];False;False;9f557ab075256a7c;[];[Stiker]
2219;688;0;1473852.0;sticker/webp;;[];False;False;d03a2a70ecfec79a;[];[Stiker]
2220;688;11-50;1473854.0;text;;[];False;False;d03a2a70ecfec79a;[];cuaca hrai ni panas bgt
2221;688;0;1473857.0;sticker/webp;;[];False;False;d03a2a70ecfec79a;[];[Stiker]
2222;688;11-50;1473970.0;text;;[];False;False;0ebb14d608ff1bbe;[];gw mau tidur dulu ya
2223;688;0;1473979.0;sticker/webp;;[];False;False;0ebb14d608ff1bbe;[];[Stiker]
2224;688;11-50;1474069.0;text;;[];False;False;8e3d4f19cee83b51;[];wifi kapmus lemot parah
2225;688;1-10;1474093.0;text;;[];False;False;daaf7fd45ed34d98;[];gassss
2226;688;11-50;1474094.0;text;;[];False;False;daaf7fd45ed34d98;[];hujan deres ga bawa payung
2227;688;1-10;1474105.0;text;;[];False;False;daaf7fd45ed34d98;[];eh
2228;688;0;1474109.0;sticker/webp;;[];False;False;daaf7fd45ed34d98;[];[Stiker]
2229;688;0;1474111.0;sticker/webp;;[];False;False;daaf7fd45ed34d98;[];[Stiker]
2230;688;0;1474141.0;sticker/webp;;[];False;False;0ebb14d608ff1bbe;[];[Stiker]
2231;688;0;1474142.0;sticker/webp;;[];False;False;0ebb14d608ff1bbe;[];[Stiker]
2232;689;0;1480029.0;video/mp4;;[];False;False;65db2d93bdff800b;[];[Video]
2233;689;11-50;1480040.0;text;;[];False;False;65db2d93bdff800b;[];gw belom mulai... tugas
2234;689;1-10;1480045.0;text;;['🤣'];False;False;65db2d93bdff800b;[];wkwk
2235;689;1-10;1480151.0;text;;[];False;False;daaf7fd45ed34d98;[];gas
2236;689;0;1480480.0;sticker/webp;;[];False;False;b5c68f559bfc358f;[];[Stiker]
2237;689;0;1480482.0;sticker/webp;;[];False;False;b5c68f559bfc358f;[];[Stiker]
2238;689;0;1480483.0;sticker/webp;;[];False;False;b5c68f559bfc358f;[];[Stiker]
2239;689;0;1481423.0;audio;;[];False;False;56b91190e4f4849e;[];[Voice Note]
2240;690;1-10;1509851.0;text;;['😂'];False;False;b5c68f559bfc358f;[];sama
2241;690;1-10;1510136.0;text;;[];False;False;daaf7fd45ed34d98;[];wkwkw
2242;691;0;1511083.0;sticker/webp;;[];False;False;cce79bec13f4ae0f;[];[Stiker]
2243;691;0;1511409.0;sticker/webp;;[];False;False;65db2d93bdff800b;[];[Stiker]
2244;692;0;1513239.0;sticker/webp;;[];False;False;84d4b7adc977192f;[];[Stiker]
2245;692;51-100;1513350.0;text;;[];True;False;05d0ba10e1b9eeb5;[];ada yang tau kenapa kantin kampus tutup lebih awal hari ini ga sih?
2246;692;101-500;1513400.0;text;;[];False;False;05d0ba10e1b9eeb5;[];kemarin malem gw sama temen temen nongkrong di warkop biasa sampe jam 12 malem. kita ngobrol banyak hal dari mulai tugas kuliah, rencana liburan, sampe masalah percintaan. seru sih walau besoknya gw kesiangan masuk kelas pagi dan dosen negur di depan semua orang. malu tapi ya gimana lagi
2247;692;51-100;1513431.0;text;;['😅'];False;False;b5c68f559bfc358f;[];gw lagi bingung milih topik skripsi antara dua tema yang sama menariknya
2248;692;51-100;1513473.0;text;;[];False;False;1335aa6b7e72df61;[];dompet gw ilang kemarin di angkot tapi alhamdulillah ada yang... nemuin
2249;692;11-50;1513478.0;text;;[];False;False;1335aa6b7e72df61;[];indomie telor udah cukup... kok
2250;692;101-500;1513492.0;text;;[];False;False;05d0ba10e1b9eeb5;[];kemarin malem gw sama temen temen nongkrong di warkop biasa sampe jam 12 malem. kita ngobrol banyak hal dari mulai tugas kuliah, rencana liburan, sampe masalah percintaan. seru sih walau besoknya gw kesiangan masuk kelas pagi dan dosen negur di depan semua orang. malu tapi ya gimana lagi
2251;692;11-50;1513494.0;text;;[];False;False;b5c68f559bfc358f;[];masak sendiri lebih hemat sih
2252;692;11-50;1513500.0;text;;[];False;False;1335aa6b7e72df61;[];sarapan dulu baru mikir
2253;692;0;1513511.0;sticker/webp;;[];False;False;84d4b7adc977192f;[];[Stiker]
2254;692;0;1513513.0;sticker/webp;;[];False;False;0ebb14d608ff1bbe;[];[Stiker]
2255;692;11-50;1513517.0;text;;['😂'];False;False;b5c68f559bfc358f;[];kopi susu yg biasa ya
2256;692;51-100;1513520.0;text;;[];False;False;05d0ba10e1b9eeb5;[];gw udah download semua materi kuliah tapi belum sempat baca sama sekali
2257;692;0;1513530.0;sticker/webp;;[];False;False;84d4b7adc977192f;[];[Stiker]
2258;693;0;1558580.0;sticker/webp;;[];False;False;daaf7fd45ed34d98;[];[Stiker]
2259;693;0;1558582.0;sticker/webp;;[];False;False;daaf7fd45ed34d98;[];[Stiker]
2260;693;0;1558587.0;sticker/webp;;[];False;False;daaf7fd45ed34d98;[];[Stiker]
2261;694;0;1559494.0;sticker/webp;;[];False;False;daaf7fd45ed34d98;[];[Stiker]
2262;694;0;1559509.0;sticker/webp;;[];False;False;daaf7fd45ed34d98;[];[Stiker]
2263;694;0;1560224.0;sticker/webp;;[];False;False;7bfcc226a1c58c11;[];[Stiker]
2264;694;0;1561696.0;sticker/webp;;[];False;False;b5c68f559bfc358f;[];[Stiker]
2265;695;51-100;1565004.0;text;;['😂'];False;False;a813a47ec7aaeb0f;[];hari ini gw adaaa rapat organisasii sampe sore jadiii ga bisa ikutt nongkrong
2266;695;0;1565107.0;sticker/webp;;[];False;False;a813a47ec7aaeb0f;[];[Stiker]
2267;695;0;1565133.0;sticker/webp;;[];False;False;b5c68f559bfc358f;[];[Stiker]
2268;695;0;1565311.0;sticker/webp;;[];False;False;2b8e28f61885eadd;[];[Stiker]
2269;695;0;1565354.0;sticker/webp;;[];False;False;b5c68f559bfc358f;[];[Stiker]
2270;695;0;1565403.0;sticker/webp;;[];False;False;2b8e28f61885eadd;[];[Stiker]
2271;695;0;1565818.0;sticker/webp;;[];False;False;b5c68f559bfc358f;[];[Stiker]
2272;695;0;1565840.0;sticker/webp;;[];False;False;daaf7fd45ed34d98;[];[Stiker]
2273;695;1-10;1565863.0;text;;[];False;False;2b8e28f61885eadd;[];wkwkw
2274;695;1-10;1565863.0;text;;[];False;False;2b8e28f61885eadd;[];trus
2275;695;0;1565918.0;sticker/webp;;[];False;False;2b8e28f61885eadd;[];[Stiker]
2276;695;0;1565946.0;sticker/webp;;[];False;False;b5c68f559bfc358f;[];[Stiker]
2277;696;0;1567059.0;sticker/webp;;[];False;False;2b8e28f61885eadd;[];[Stiker]
2278;696;0;1567119.0;sticker/webp;;[];False;False;1de3fa895baf408c;[];[Stiker]
2279;697;0;1651103.0;sticker/webp;;[];False;False;13d265a25abf6cea;[];[Stiker]
2280;697;0;1651106.0;unknown;;[];False;False;13d265a25abf6cea;[];[Media tidak dikenal]
2281;697;0;1651106.0;sticker/webp;;[];False;False;13d265a25abf6cea;[];[Stiker]
2282;697;0;1651107.0;sticker/webp;;[];False;False;13d265a25abf6cea;[];[Stiker]
2283;697;0;1651109.0;sticker/webp;;[];False;False;13d265a25abf6cea;[];[Stiker]
2284;697;0;1651198.0;sticker/webp;;[];False;False;03ea53269d2e549c;[];[Stiker]
2285;697;0;1651251.0;sticker/webp;;[];False;False;13d265a25abf6cea;[];[Stiker]
2286;697;11-50;1651318.0;text;;[];False;False;9f557ab075256a7c;[];kita ketemuan dimana aja deh
2287;697;1-10;1651324.0;text;;[];False;False;9f557ab075256a7c;[];oiiiii
2288;697;11-50;1651337.0;text;;[];False;False;9f557ab075256a7c;[];ketemuan di mall jamm 3 ya
2289;697;0;1651352.0;sticker/webp;;[];False;False;13d265a25abf6cea;[];[Stiker]
2290;697;0;1651361.0;sticker/webp;;[];False;False;65db2d93bdff800b;[];[Stiker]
2291;698;0;1653474.0;sticker/webp;;[];False;False;b5c68f559bfc358f;[];[Stiker]
2292;698;0;1655417.0;sticker/webp;;[];False;False;2caf768530221aee;[];[Stiker]
2293;699;0;1763341.0;sticker/webp;;[];False;False;daaf7fd45ed34d98;[];[Stiker]
2294;699;1-10;1763478.0;text;;[];False;False;2192d89a3afe5e09;[];ngab
2295;699;51-100;1763566.0;text;;[];False;False;96027169b05163b0;[];dompet gw ilang kemarin di angkot tapi alhamdulillah ada yang nemuin
2296;699;0;1763651.0;sticker/webp;;[];False;False;3815ccab5ed5f10d;[];[Stiker]
2297;699;0;1764485.0;sticker/webp;;[];False;False;7bfcc226a1c58c11;[];[Stiker]
2298;699;0;1765656.0;sticker/webp;;[];False;False;b5c68f559bfc358f;[];[Stiker]
2299;700;0;1773808.0;sticker/webp;;[];False;False;daaf7fd45ed34d98;[];[Stiker]
2300;700;0;1773810.0;sticker/webp;;[];False;False;daaf7fd45ed34d98;[];[Stiker]
2301;700;0;1773810.0;sticker/webp;;[];False;False;daaf7fd45ed34d98;[];[Stiker]
2302;700;0;1773819.0;sticker/webp;;[];False;False;daaf7fd45ed34d98;[];[Stiker]
2303;700;0;1773820.0;sticker/webp;;[];False;False;daaf7fd45ed34d98;[];[Stiker]
2304;701;11-50;1778707.0;text;;[];True;False;1335aa6b7e72df61;[];pinjam catetan boleh... ga?
2305;701;0;1778729.0;sticker/webp;;[];False;False;61644389804fd092;[];[Stiker]
2306;701;0;1778732.0;sticker/webp;;[];False;False;61644389804fd092;[];[Stiker]
2307;701;1-10;1778742.0;text;;[];True;False;61644389804fd092;[];bisa!!!
2308;701;11-50;1778751.0;text;;[];False;False;1335aa6b7e72df61;[];eh denger gosip... belum
2309;701;11-50;1778758.0;text;;[];False;False;1335aa6b7e72df61;[];gw berantem sama si anu
2310;701;11-50;1778767.0;text;;['😵'];False;False;61644389804fd092;[];gw kangen temen temen SMA!!
2311;701;11-50;1778795.0;text;;[];False;False;1335aa6b7e72df61;[];reuni kapan ya kita
2312;701;1-10;1778816.0;text;;[];False;False;19c785e6c83981b1;[];Amin.
2313;701;11-50;1778821.0;text;;[];False;False;19c785e6c83981b1;[];Pacarnya baru siapa sih.
2314;701;0;1778852.0;sticker/webp;;[];False;False;19c785e6c83981b1;[];[Stiker]
2315;701;0;1778864.0;sticker/webp;;[];False;False;19c785e6c83981b1;[];[Stiker]
2316;701;0;1778876.0;sticker/webp;;[];False;False;61644389804fd092;[];[Stiker]
2317;701;0;1779586.0;sticker/webp;;[];False;False;13d265a25abf6cea;[];[Stiker]
2318;701;0;1780315.0;sticker/webp;;[];False;False;daaf7fd45ed34d98;[];[Stiker]
2319;702;0;1805784.0;sticker/webp;;[];False;False;86b341e606bde676;[];[Stiker]
2320;702;0;1805979.0;sticker/webp;;[];False;False;2caf768530221aee;[];[Stiker]
2321;703;0;1813416.0;sticker/webp;;[];False;False;daaf7fd45ed34d98;[];[Stiker]
2322;703;0;1813424.0;sticker/webp;;[];False;False;daaf7fd45ed34d98;[];[Stiker]
2323;703;0;1813454.0;sticker/webp;;[];False;False;b5c68f559bfc358f;[];[Stiker]
2324;703;0;1813492.0;sticker/webp;;[];False;False;b5c68f559bfc358f;[];[Stiker]
2325;704;0;1865343.0;sticker/webp;;[];False;False;1de3fa895baf408c;[];[Stiker]
2326;704;0;1865345.0;sticker/webp;;[];False;False;1de3fa895baf408c;[];[Stiker]
2327;704;0;1865345.0;sticker/webp;;[];False;False;1de3fa895baf408c;[];[Stiker]
2328;704;0;1865346.0;sticker/webp;;[];False;False;1de3fa895baf408c;[];[Stiker]
2329;704;0;1865384.0;sticker/webp;;[];False;False;1de3fa895baf408c;[];[Stiker]
2330;704;0;1865785.0;sticker/webp;;[];False;False;daaf7fd45ed34d98;[];[Stiker]
2331;704;0;1866139.0;sticker/webp;;[];False;False;4e6fc7214e6009e6;[];[Stiker]
2332;704;0;1866395.0;sticker/webp;;[];False;False;7bfcc226a1c58c11;[];[Stiker]
2333;705;0;1900760.0;sticker/webp;;[];False;False;b5c68f559bfc358f;[];[Stiker]
2334;705;0;1901727.0;sticker/webp;;[];False;False;b5c68f559bfc358f;[];[Stiker]
2335;705;0;1901757.0;sticker/webp;;[];False;False;dbee766e4d7d6f3f;[];[Stiker]
2336;705;0;1902242.0;sticker/webp;;[];False;False;b5c68f559bfc358f;[];[Stiker]
2337;705;0;1902310.0;sticker/webp;;[];False;False;dbee766e4d7d6f3f;[];[Stiker]
2338;705;0;1903644.0;sticker/webp;;[];False;False;59929ab32a09f5d5;[];[Stiker]
2339;706;0;1906515.0;sticker/webp;;[];False;False;0ebb14d608ff1bbe;[];[Stiker]
2340;706;0;1906515.0;sticker/webp;;[];False;False;0ebb14d608ff1bbe;[];[Stiker]
2341;706;0;1906525.0;sticker/webp;;[];False;False;b5c68f559bfc358f;[];[Stiker]
2342;707;11-50;1917351.0;text;;[];True;False;2acb06eca1f87978;[];lu dimana sekarang!!
2343;707;0;1917413.0;sticker/webp;;[];False;False;daaf7fd45ed34d98;[];[Stiker]
2344;707;0;1917451.0;sticker/webp;;[];False;False;2b8e28f61885eadd;[];[Stiker]
2345;707;0;1917458.0;sticker/webp;;[];False;False;2b8e28f61885eadd;[];[Stiker]
2346;707;0;1917466.0;sticker/webp;;[];False;False;2b8e28f61885eadd;[];[Stiker]
2347;707;0;1917470.0;sticker/webp;;[];False;False;cce79bec13f4ae0f;[];[Stiker]
2348;707;0;1917471.0;sticker/webp;;[];False;False;b06fb76c3d677959;[];[Stiker]
2349;707;0;1917472.0;sticker/webp;;[];False;False;2b8e28f61885eadd;[];[Stiker]
2350;707;0;1917476.0;sticker/webp;;[];False;False;cce79bec13f4ae0f;[];[Stiker]
2351;707;0;1917478.0;sticker/webp;;[];False;False;cce79bec13f4ae0f;[];[Stiker]
2352;707;0;1917481.0;sticker/webp;;[];False;False;cce79bec13f4ae0f;[];[Stiker]
2353;707;0;1917557.0;sticker/webp;;[];False;False;59929ab32a09f5d5;[];[Stiker]
2354;708;0;1918822.0;sticker/webp;;[];False;False;daaf7fd45ed34d98;[];[Stiker]
2355;708;0;1918997.0;sticker/webp;;[];False;False;cf59f74e3c8b8153;[];[Stiker]
2356;708;0;1919000.0;sticker/webp;;[];False;False;cf59f74e3c8b8153;[];[Stiker]
2357;708;0;1919123.0;sticker/webp;;[];False;False;812a7b5b6772a4c8;[];[Stiker]
2358;708;0;1919125.0;sticker/webp;;[];False;False;812a7b5b6772a4c8;[];[Stiker]
2359;708;0;1919127.0;sticker/webp;;[];False;False;812a7b5b6772a4c8;[];[Stiker]
2360;708;0;1919128.0;sticker/webp;;[];False;False;812a7b5b6772a4c8;[];[Stiker]
2361;708;0;1919128.0;sticker/webp;;[];False;False;812a7b5b6772a4c8;[];[Stiker]
2362;708;0;1919129.0;sticker/webp;;[];False;False;812a7b5b6772a4c8;[];[Stiker]
2363;708;0;1919130.0;sticker/webp;;[];False;False;812a7b5b6772a4c8;[];[Stiker]
2364;708;0;1919135.0;sticker/webp;;[];False;False;812a7b5b6772a4c8;[];[Stiker]
2365;708;0;1919135.0;unknown;;[];False;False;812a7b5b6772a4c8;[];[Media tidak dikenal]
2366;708;0;1919135.0;sticker/webp;;[];False;False;812a7b5b6772a4c8;[];[Stiker]
2367;708;0;1919136.0;sticker/webp;;[];False;False;812a7b5b6772a4c8;[];[Stiker]
2368;708;0;1919137.0;sticker/webp;;[];False;False;812a7b5b6772a4c8;[];[Stiker]
2369;708;0;1919138.0;sticker/webp;;[];False;False;812a7b5b6772a4c8;[];[Stiker]
2370;708;0;1919140.0;sticker/webp;;[];False;False;812a7b5b6772a4c8;[];[Stiker]
2371;708;0;1919140.0;sticker/webp;;[];False;False;812a7b5b6772a4c8;[];[Stiker]
2372;708;0;1919143.0;sticker/webp;;[];False;False;812a7b5b6772a4c8;[];[Stiker]
2373;708;0;1919157.0;sticker/webp;;[];False;False;812a7b5b6772a4c8;[];[Stiker]
2374;708;0;1919162.0;sticker/webp;;[];False;False;812a7b5b6772a4c8;[];[Stiker]
2375;708;0;1919165.0;sticker/webp;;[];False;False;812a7b5b6772a4c8;[];[Stiker]
2376;708;0;1919173.0;sticker/webp;;[];False;False;812a7b5b6772a4c8;[];[Stiker]
2377;708;0;1919178.0;sticker/webp;;[];False;False;812a7b5b6772a4c8;[];[Stiker]
2378;708;0;1919187.0;sticker/webp;;[];False;False;812a7b5b6772a4c8;[];[Stiker]
2379;708;0;1919187.0;sticker/webp;;[];False;False;812a7b5b6772a4c8;[];[Stiker]
2380;708;0;1919189.0;sticker/webp;;[];False;False;812a7b5b6772a4c8;[];[Stiker]
2381;708;0;1919193.0;sticker/webp;;[];False;False;812a7b5b6772a4c8;[];[Stiker]
2382;708;0;1919203.0;sticker/webp;;[];False;False;812a7b5b6772a4c8;[];[Stiker]
2383;708;0;1919208.0;sticker/webp;;[];False;False;812a7b5b6772a4c8;[];[Stiker]
2384;708;0;1919217.0;sticker/webp;;[];False;False;812a7b5b6772a4c8;[];[Stiker]
2385;708;0;1919222.0;sticker/webp;;[];False;False;812a7b5b6772a4c8;[];[Stiker]
2386;708;0;1919471.0;sticker/webp;;[];False;False;59929ab32a09f5d5;[];[Stiker]
2387;708;0;1919471.0;sticker/webp;;[];False;False;59929ab32a09f5d5;[];[Stiker]
2388;708;0;1919473.0;sticker/webp;;[];False;False;59929ab32a09f5d5;[];[Stiker]
2389;708;0;1919478.0;sticker/webp;;[];False;False;59929ab32a09f5d5;[];[Stiker]
2390;708;0;1919482.0;sticker/webp;;[];False;False;59929ab32a09f5d5;[];[Stiker]
2391;708;0;1919486.0;sticker/webp;;[];False;False;59929ab32a09f5d5;[];[Stiker]
2392;708;0;1919487.0;sticker/webp;;[];False;False;59929ab32a09f5d5;[];[Stiker]
2393;708;0;1919515.0;sticker/webp;;[];False;False;59929ab32a09f5d5;[];[Stiker]
2394;708;0;1919516.0;sticker/webp;;[];False;False;59929ab32a09f5d5;[];[Stiker]
2395;708;0;1919520.0;sticker/webp;;[];False;False;59929ab32a09f5d5;[];[Stiker]
2396;708;0;1919522.0;sticker/webp;;[];False;False;59929ab32a09f5d5;[];[Stiker]
2397;708;0;1919524.0;sticker/webp;;[];False;False;59929ab32a09f5d5;[];[Stiker]
2398;708;0;1919526.0;sticker/webp;;[];False;False;59929ab32a09f5d5;[];[Stiker]
2399;708;0;1919531.0;sticker/webp;;[];False;False;59929ab32a09f5d5;[];[Stiker]
2400;708;0;1919532.0;sticker/webp;;[];False;False;59929ab32a09f5d5;[];[Stiker]
2401;708;0;1919539.0;sticker/webp;;[];False;False;59929ab32a09f5d5;[];[Stiker]
2402;708;0;1919543.0;sticker/webp;;[];False;False;59929ab32a09f5d5;[];[Stiker]
2403;708;0;1919544.0;sticker/webp;;[];False;False;59929ab32a09f5d5;[];[Stiker]
2404;708;0;1919550.0;sticker/webp;;[];False;False;59929ab32a09f5d5;[];[Stiker]
2405;708;0;1919566.0;sticker/webp;;[];False;False;59929ab32a09f5d5;[];[Stiker]
2406;708;0;1919578.0;sticker/webp;;[];False;False;59929ab32a09f5d5;[];[Stiker]
2407;708;0;1919578.0;sticker/webp;;[];False;False;59929ab32a09f5d5;[];[Stiker]
2408;708;0;1919599.0;sticker/webp;;[];False;False;812a7b5b6772a4c8;[];[Stiker]
2409;708;0;1920074.0;sticker/webp;;[];False;False;daaf7fd45ed34d98;[];[Stiker]
2410;708;11-50;1920128.0;text;;[];True;False;2b8e28f61885eadd;['daaf7fd45ed34d98'];siapa yang mau ikut?
2411;708;1-10;1920141.0;text;;[];False;False;daaf7fd45ed34d98;[];oke
2412;708;1-10;1920151.0;text;;[];False;False;daaf7fd45ed34d98;[];dah
2413;708;0;1920157.0;sticker/webp;;[];False;False;daaf7fd45ed34d98;[];[Stiker]
2414;708;0;1920158.0;sticker/webp;;[];False;False;daaf7fd45ed34d98;[];[Stiker]
2415;708;0;1920165.0;sticker/webp;;[];False;False;daaf7fd45ed34d98;[];[Stiker]
2416;708;0;1920170.0;sticker/webp;;[];False;False;daaf7fd45ed34d98;[];[Stiker]
2417;708;0;1920178.0;sticker/webp;;[];False;False;daaf7fd45ed34d98;[];[Stiker]
2418;708;0;1920180.0;sticker/webp;;[];False;False;daaf7fd45ed34d98;[];[Stiker]
2419;708;1-10;1920296.0;text;;[];False;False;2b8e28f61885eadd;[];yuk
2420;708;11-50;1920470.0;text;2410.0;[];False;False;13d265a25abf6cea;[];presentasi gw amburadullll
2421;708;0;1920496.0;sticker/webp;;[];False;False;13d265a25abf6cea;[];[Stiker]
2422;708;0;1920498.0;sticker/webp;;[];False;False;2b8e28f61885eadd;[];[Stiker]
2423;709;0;1921966.0;sticker/webp;;[];False;False;370f368ad3f62fcf;[];[Stiker]
2424;709;0;1922025.0;sticker/webp;;[];False;False;4c1d11f6dad5757b;[];[Stiker]
2425;709;0;1922773.0;sticker/webp;;[];False;False;01cd3e5013f64a92;[];[Stiker]
2426;709;0;1922843.0;sticker/webp;;[];False;False;4c1d11f6dad5757b;[];[Stiker]
2427;709;0;1922845.0;sticker/webp;;[];False;False;4c1d11f6dad5757b;[];[Stiker]
2428;709;0;1922851.0;sticker/webp;;[];False;False;4c1d11f6dad5757b;[];[Stiker]
2429;709;0;1922851.0;sticker/webp;;[];False;False;4c1d11f6dad5757b;[];[Stiker]
2430;709;0;1924627.0;sticker/webp;;[];False;False;d5da8be49b6479c5;[];[Stiker]
2431;710;0;1927232.0;sticker/webp;;[];False;False;daaf7fd45ed34d98;[];[Stiker]
2432;710;0;1927617.0;sticker/webp;;[];False;False;023fd26a3eca8714;[];[Stiker]
2433;710;0;1927639.0;sticker/webp;;[];False;False;daaf7fd45ed34d98;[];[Stiker]
2434;710;0;1928041.0;sticker/webp;;[];False;False;023fd26a3eca8714;[];[Stiker]
2435;710;0;1928087.0;sticker/webp;;[];False;False;4591aabc7bfa7818;[];[Stiker]
2436;710;0;1928323.0;sticker/webp;;[];False;False;0ebb14d608ff1bbe;[];[Stiker]
2437;711;0;1932167.0;sticker/webp;;[];False;False;4174e5bef45cc1d3;[];[Stiker]
2438;711;0;1932173.0;sticker/webp;;[];False;False;b06fb76c3d677959;[];[Stiker]
2439;711;0;1932432.0;sticker/webp;;[];False;False;daaf7fd45ed34d98;[];[Stiker]
2440;711;0;1932907.0;sticker/webp;;[];False;False;b5c68f559bfc358f;[];[Stiker]
2441;711;0;1932928.0;sticker/webp;;[];False;False;dbee766e4d7d6f3f;[];[Stiker]
2442;712;0;1940026.0;sticker/webp;;[];False;False;daaf7fd45ed34d98;[];[Stiker]
2443;712;0;1945048.0;sticker/webp;;[];False;False;8e3d4f19cee83b51;[];[Stiker]
2444;712;0;1945457.0;sticker/webp;;[];False;False;6e428e2ed2355734;[];[Stiker]
2445;712;0;1945458.0;sticker/webp;;[];False;False;6e428e2ed2355734;[];[Stiker]
2446;712;0;1945946.0;sticker/webp;;[];False;False;7793fa3d5446ee92;[];[Stiker]
2447;712;0;1945949.0;sticker/webp;;[];False;False;7793fa3d5446ee92;[];[Stiker]
2448;712;0;1945953.0;sticker/webp;;[];False;False;7793fa3d5446ee92;[];[Stiker]
2449;712;0;1945991.0;sticker/webp;;[];False;False;6e428e2ed2355734;[];[Stiker]
2450;713;11-50;2036882.0;text;;[];False;False;96027169b05163b0;[];gw mau pesen gofood dulu
2451;713;11-50;2037093.0;text;;[];False;False;19d7beeed8bda09b;[];kopi suus yg biasa ya
2452;713;11-50;2037176.0;text;;[];False;False;96027169b05163b0;[];tadi gw makan nasi padang
2453;713;0;2037374.0;sticker/webp;;[];False;False;b176aee11588ca9d;[];[Stiker]
2454;713;0;2037385.0;sticker/webp;;[];False;False;dbee766e4d7d6f3f;[];[Stiker]
2455;713;0;2037392.0;unknown;;[];False;False;9b46cab155be6fb5;[];[Media tidak dikenal]
2456;713;0;2037411.0;sticker/webp;;[];False;False;2b8e28f61885eadd;[];[Stiker]
2457;713;0;2037470.0;sticker/webp;;[];False;False;b5c68f559bfc358f;[];[Stiker]
2458;713;11-50;2037492.0;text;;[];False;False;8e3d4f19cee83b51;['19d7beeed8bda09b'];kopi susu yg biasa ya
2459;713;0;2037509.0;sticker/webp;;[];False;False;dbee766e4d7d6f3f;[];[Stiker]
2460;713;1-10;2037583.0;text;;[];False;False;19d7beeed8bda09b;[];cuy
2461;713;0;2037644.0;sticker/webp;;[];False;False;b5c68f559bfc358f;[];[Stiker]
2462;713;0;2037669.0;sticker/webp;;[];False;False;96027169b05163b0;[];[Stiker]
2463;713;11-50;2037812.0;text;;[];False;False;8e3d4f19cee83b51;[];inodmie telor udah cukup kok
2464;713;51-100;2037842.0;text;;[];False;False;8e3d4f19cee83b51;[];gw udah downloda smua materi kuliah tp blm sempat baca sm sekali
2465;713;11-50;2037853.0;text;;[];False;False;19d7beeed8bda09b;[];gw lg diet tp gagal mulu
2466;713;51-100;2037872.0;text;;[];False;False;8e3d4f19cee83b51;[];weekned ni gw mau staycation aja di kosan binge wtaching series baru
2467;713;1-10;2037948.0;text;;[];False;False;96027169b05163b0;[];cuy
2468;713;1-10;2037948.0;text;;[];False;False;96027169b05163b0;[];sip
2469;714;0;2040232.0;sticker/webp;;[];False;False;daaf7fd45ed34d98;[];[Stiker]
2470;714;0;2040238.0;sticker/webp;;[];False;False;daaf7fd45ed34d98;[];[Stiker]
2471;714;0;2040240.0;sticker/webp;;[];False;False;daaf7fd45ed34d98;[];[Stiker]
2472;714;0;2040242.0;sticker/webp;;[];False;False;daaf7fd45ed34d98;[];[Stiker]
2473;714;0;2040243.0;sticker/webp;;[];False;False;daaf7fd45ed34d98;[];[Stiker]
2474;714;0;2040247.0;sticker/webp;;[];False;False;daaf7fd45ed34d98;[];[Stiker]
2475;714;0;2040250.0;sticker/webp;;[];False;False;daaf7fd45ed34d98;[];[Stiker]
2476;715;0;2068505.0;sticker/webp;;[];False;False;1039425bd2b06e14;[];[Stiker]
2477;715;1-10;2076385.0;text;;[];False;False;b768311ae0d21c6b;[];Hoki.
2478;716;0;2184163.0;sticker/webp;;[];False;False;4234eb2e62ab98b1;[];[Stiker]
2479;716;0;2186024.0;sticker/webp;;[];False;False;daaf7fd45ed34d98;[];[Stiker]
2480;716;0;2186206.0;sticker/webp;;[];False;False;b5c68f559bfc358f;[];[Stiker]
2481;717;0;2523591.0;sticker/webp;;[];False;False;cce79bec13f4ae0f;[];[Stiker]
2482;717;0;2523728.0;sticker/webp;;[];False;False;b5c68f559bfc358f;[];[Stiker]
2483;717;0;2524031.0;sticker/webp;;[];False;False;b60fbe2a5f164dcb;[];[Stiker]
2484;717;0;2524069.0;sticker/webp;;[];False;False;13d265a25abf6cea;[];[Stiker]
2485;717;0;2524069.0;sticker/webp;;[];False;False;13d265a25abf6cea;[];[Stiker]
2486;717;0;2524086.0;image/jpeg;;[];False;False;9db6557189f5a92c;[];[Foto]
2487;717;51-100;2524118.0;text;;[];False;False;13d265a25abf6cea;[];gw nontonnnn filmm dokumenter semalammm tentang laut dann ikan, bagus bangett
2488;717;1-10;2524212.0;text;;[];False;False;2b8e28f61885eadd;[];gini
2489;717;0;2524294.0;image/jpeg;;[];False;False;cce79bec13f4ae0f;[];[Foto]
2490;717;0;2524299.0;sticker/webp;;[];False;False;2b8e28f61885eadd;[];[Stiker]
2491;717;0;2524302.0;sticker/webp;;[];False;False;2b8e28f61885eadd;[];[Stiker]
2492;717;0;2524678.0;system;;[];False;False;aee1c2740bed74ce;[];[Pesan sistem]
2493;717;0;2524905.0;sticker/webp;;[];False;False;55a82d2fa1b34c06;[];[Stiker]
2494;717;0;2524981.0;sticker/webp;;[];False;False;2b8e28f61885eadd;[];[Stiker]
2495;718;0;2527794.0;system;;[];False;False;4591aabc7bfa7818;[];[Pesan sistem]
2496;718;0;2527911.0;system;;[];False;False;4591aabc7bfa7818;[];[Pesan sistem]
2497;718;1-10;2527938.0;text;;[];False;False;daaf7fd45ed34d98;[];trus
2498;718;11-50;2527944.0;text;;[];False;False;daaf7fd45ed34d98;[];temen gw,,, sakit masuk rs
2499;718;0;2527976.0;sticker/webp;;[];False;False;65db2d93bdff800b;[];[Stiker]
2500;718;1-10;2527978.0;text;;[];False;False;51312755e5db6714;[];YWD
2501;718;11-50;2527981.0;text;;[];False;False;51312755e5db6714;[];PACARNYA BARU SIAPA SIH
2502;718;11-50;2527990.0;text;;[];False;False;2caf768530221aee;[];gw kangen temen temen sma
2503;718;0;2528160.0;system;;[];False;False;05d0ba10e1b9eeb5;[];[Pesan sistem]
2504;718;1-10;2528445.0;text;;[];False;False;c4f31904a6e45e6b;[];ywd!!!
2505;718;11-50;2528450.0;text;;[];False;False;c4f31904a6e45e6b;['4c1d11f6dad5757b'];temen gw sakit masuk RS!!!
2506;718;11-50;2528453.0;text;;[];False;False;c4f31904a6e45e6b;[];angkot ke sana masih ada ga!!
2507;718;0;2528471.0;sticker/webp;;[];False;False;179f91bfb7aa9a3a;[];[Stiker]
2508;718;1-10;2528472.0;text;;[];False;False;51312755e5db6714;[];DONG
2509;718;11-50;2528537.0;text;;[];False;False;c4f31904a6e45e6b;['4c1d11f6dad5757b'];angkot ke sana masih ada ga!!!
2510;718;0;2528553.0;sticker/webp;;[];False;False;80e2c0110d285a81;[];[Stiker]
2511;718;0;2528733.0;sticker/webp;;[];False;False;b5c68f559bfc358f;[];[Stiker]
2512;718;0;2528773.0;sticker/webp;;[];False;False;daaf7fd45ed34d98;[];[Stiker]
2513;719;0;2535977.0;audio;;[];False;False;daaf7fd45ed34d98;[];[Voice Note]
2514;719;0;2541007.0;image/jpeg;;[];False;False;5ae54207965fa6e8;[];[Foto]
2515;719;0;2542200.0;system;;[];False;False;4591aabc7bfa7818;[];[Pesan sistem]
2516;719;1-10;2542489.0;text;;[];False;False;4591aabc7bfa7818;[];Woles.
2517;719;0;2542907.0;sticker/webp;;[];False;False;b5c68f559bfc358f;[];[Stiker]
2518;719;0;2542916.0;sticker/webp;;[];False;False;daaf7fd45ed34d98;[];[Stiker]
2519;719;0;2542928.0;sticker/webp;;[];False;False;b5c68f559bfc358f;[];[Stiker]
2520;719;0;2542939.0;sticker/webp;;[];False;False;dbee766e4d7d6f3f;[];[Stiker]
2521;720;0;2549002.0;sticker/webp;;[];False;False;cf993eb32e326927;[];[Stiker]
2522;720;0;2549634.0;sticker/webp;;[];False;False;2b8e28f61885eadd;[];[Stiker]
2523;720;0;2549809.0;system;;[];False;False;5d290ebd80a0a452;[];[Pesan sistem]
2524;721;0;2561353.0;sticker/webp;;[];False;False;13d265a25abf6cea;[];[Stiker]
2525;721;0;2562234.0;sticker/webp;;[];False;False;f9139fba1c32d789;[];[Stiker]
2526;722;0;2592123.0;sticker/webp;;[];False;False;0ebb14d608ff1bbe;[];[Stiker]
2527;722;0;2592218.0;video/mp4;;[];False;False;b176aee11588ca9d;[];[Video]
2528;723;0;2611842.0;sticker/webp;;[];False;False;b5c68f559bfc358f;[];[Stiker]
2529;723;11-50;2622016.0;text;;[];True;False;63fae49959e2f42f;[];boleh gw ikut ga?...
2530;723;0;2622226.0;sticker/webp;;[];False;False;b5c68f559bfc358f;[];[Stiker]
2531;723;0;2622227.0;sticker/webp;;[];False;False;b5c68f559bfc358f;[];[Stiker]
2532;723;1-10;2622249.0;text;;['❤'];False;False;63fae49959e2f42f;[];tuh
2533;723;0;2623092.0;sticker/webp;;[];False;False;1de3fa895baf408c;[];[Stiker]
2534;724;0;2641884.0;sticker/webp;;[];False;False;2caf768530221aee;[];[Stiker]
2535;724;0;2641907.0;sticker/webp;;[];False;False;0ebb14d608ff1bbe;[];[Stiker]
2536;724;0;2641908.0;sticker/webp;;[];False;False;0ebb14d608ff1bbe;[];[Stiker]
2537;724;0;2641934.0;sticker/webp;;[];False;False;2caf768530221aee;[];[Stiker]
2538;724;0;2643334.0;sticker/webp;;[];False;False;b176aee11588ca9d;[];[Stiker]
2539;725;11-50;2649743.0;text;;[];False;False;9db6557189f5a92c;[];RAME BANGET DISINI CUY
2540;725;0;2652823.0;sticker/webp;;[];False;False;746cbd926eb6fb80;[];[Stiker]
2541;726;0;2675766.0;sticker/webp;;[];False;False;9db6557189f5a92c;[];[Stiker]
2542;726;0;2686828.0;sticker/webp;;[];False;False;4591aabc7bfa7818;[];[Stiker]
2543;726;0;2687197.0;sticker/webp;;[];False;False;4591aabc7bfa7818;[];[Stiker]
2544;727;0;2721601.0;sticker/webp;;[];False;False;4591aabc7bfa7818;[];[Stiker]
2545;727;0;2722064.0;sticker/webp;;[];False;False;51312755e5db6714;[];[Stiker]
2546;727;0;2722190.0;sticker/webp;;[];False;False;d9db77922e4b65c8;[];[Stiker]
2547;727;0;2722197.0;sticker/webp;;[];False;False;d9db77922e4b65c8;[];[Stiker]
2548;727;0;2722198.0;sticker/webp;;[];False;False;d9db77922e4b65c8;[];[Stiker]
2549;727;0;2722239.0;sticker/webp;;[];False;False;dd5db733198007b2;[];[Stiker]
2550;727;0;2722317.0;sticker/webp;;[];False;False;d9db77922e4b65c8;[];[Stiker]
2551;727;0;2722319.0;sticker/webp;;[];False;False;d9db77922e4b65c8;[];[Stiker]
2552;727;0;2722413.0;sticker/webp;;[];False;False;2caf768530221aee;[];[Stiker]
2553;728;0;2723780.0;sticker/webp;;[];False;False;13d265a25abf6cea;[];[Stiker]
2554;728;0;2725078.0;sticker/webp;;[];False;False;daaf7fd45ed34d98;[];[Stiker]
2555;728;0;2725088.0;sticker/webp;;[];False;False;daaf7fd45ed34d98;[];[Stiker]
2556;728;0;2725089.0;sticker/webp;;[];False;False;daaf7fd45ed34d98;[];[Stiker]
2557;728;0;2725098.0;sticker/webp;;[];False;False;daaf7fd45ed34d98;[];[Stiker]
2558;728;0;2725957.0;sticker/webp;;[];False;False;13d265a25abf6cea;[];[Stiker]
2559;728;0;2726431.0;sticker/webp;;[];False;False;daaf7fd45ed34d98;[];[Stiker]
2560;728;0;2726441.0;sticker/webp;;[];False;False;daaf7fd45ed34d98;[];[Stiker]
2561;728;0;2726526.0;sticker/webp;;[];False;False;0ebb14d608ff1bbe;[];[Stiker]
2562;728;0;2726532.0;sticker/webp;;[];False;False;d9db77922e4b65c8;[];[Stiker]
2563;728;0;2726540.0;sticker/webp;;[];False;False;d9db77922e4b65c8;[];[Stiker]
2564;728;0;2726546.0;sticker/webp;;[];False;False;0ebb14d608ff1bbe;[];[Stiker]
2565;729;0;2729067.0;sticker/webp;;[];False;False;daaf7fd45ed34d98;[];[Stiker]
2566;729;11-50;2729102.0;text;;[];False;False;b755abcfd4269903;[];IPK gw turun semester ini.
2567;729;11-50;2729115.0;text;;[];False;False;b755abcfd4269903;[];Tadi absen ga sih kamu.
2568;729;11-50;2729163.0;text;;[];False;False;51312755e5db6714;[];EH TADI KELAS SERU BANGET
2569;729;11-50;2729164.0;text;;[];True;False;51312755e5db6714;[];TUGAS DIKUMPUL KAPAN SIH?
2570;729;0;2729174.0;sticker/webp;;[];False;False;4e6fc7214e6009e6;[];[Stiker]
2571;729;0;2729176.0;sticker/webp;;[];False;False;ed094b2b3b340244;[];[Stiker]
2572;729;0;2729222.0;sticker/webp;;[];False;False;51312755e5db6714;[];[Stiker]
2573;729;0;2729232.0;sticker/webp;;[];False;False;b755abcfd4269903;[];[Stiker]
2574;729;0;2729364.0;sticker/webp;;[];False;False;ed094b2b3b340244;[];[Stiker]
2575;730;0;2731433.0;sticker/webp;;[];False;False;daaf7fd45ed34d98;[];[Stiker]
2576;730;0;2731454.0;sticker/webp;;[];False;False;b5c68f559bfc358f;[];[Stiker]
2577;730;0;2731454.0;sticker/webp;;[];False;False;b5c68f559bfc358f;[];[Stiker]
2578;730;0;2731460.0;sticker/webp;;[];False;False;b5c68f559bfc358f;[];[Stiker]
2579;730;0;2731692.0;sticker/webp;;[];False;False;2b8e28f61885eadd;[];[Stiker]
2580;730;0;2732148.0;system;;[];False;False;cc2cabec837dee84;[];[Pesan sistem]
2581;731;0;2772723.0;sticker/webp;;[];False;False;55a82d2fa1b34c06;[];[Stiker]
2582;731;0;2772763.0;sticker/webp;;[];False;False;b755abcfd4269903;[];[Stiker]
2583;731;0;2772874.0;sticker/webp;;[];False;False;55a82d2fa1b34c06;[];[Stiker]
2584;731;1-10;2773050.0;text;;[];False;False;96027169b05163b0;[];nice
2585;731;1-10;2773053.0;text;;[];False;False;96027169b05163b0;[];gitu
2586;731;11-50;2773067.0;text;;[];False;False;96027169b05163b0;[];gw kangen masakan rumah
2587;731;11-50;2773673.0;text;;[];False;False;c4f31904a6e45e6b;[];film baru di bioskop bagus ga!!!
2588;731;11-50;2773677.0;text;;[];False;False;c4f31904a6e45e6b;[];mama minta gw pulang weekend!!
2589;731;11-50;2773688.0;text;;[];False;False;c4f31904a6e45e6b;[];gw kangen masakan rumah!!
2590;731;0;2774307.0;sticker/webp;;[];False;False;b755abcfd4269903;[];[Stiker]
2591;731;0;2775399.0;sticker/webp;;[];False;False;322364729bfba14a;[];[Stiker]
2592;732;0;2776691.0;sticker/webp;;[];False;False;b06fb76c3d677959;[];[Stiker]
2593;732;0;2777040.0;sticker/webp;;[];False;False;daaf7fd45ed34d98;[];[Stiker]
2594;733;0;2777995.0;sticker/webp;;[];False;False;cce79bec13f4ae0f;[];[Stiker]
2595;733;0;2778173.0;sticker/webp;;[];False;False;ae42d927d60b517f;[];[Stiker]
2596;733;0;2779290.0;sticker/webp;;[];False;False;0ebb14d608ff1bbe;[];[Stiker]
2597;734;11-50;2800072.0;text;;[];False;False;daaf7fd45ed34d98;[];gw ngga bisa ikut,,, malem ini,,,
2598;734;101-500;2800074.0;text;;[];False;False;daaf7fd45ed34d98;[];gw baru,,, aja beres beresin kosan,,, dan nemu barang barang lama dari jaman sma. ada foto,,, kelas, surat,,, dari mantan, sama buku,,, diary yang,,, isinya cringe,,, banget kalo,,, dibaca sekarang. jadi nostalgia sendiri inget masa masa dulu yang lebih sederhana. kadang kangen juga sih,,, jadi anak sma lagi tanpa mikirin,,, skripsi,,,
2599;734;1-10;2800083.0;text;;[];False;False;51312755e5db6714;[];AHH
2600;734;1-10;2800091.0;text;;[];False;False;daaf7fd45ed34d98;[];deh
2601;734;0;2800091.0;sticker/webp;;[];False;False;daaf7fd45ed34d98;[];[Stiker]
2602;734;0;2800135.0;sticker/webp;2600.0;[];False;False;51312755e5db6714;[];[Stiker]
2603;734;1-10;2800167.0;text;;[];False;False;daaf7fd45ed34d98;[];woi
2604;734;1-10;2800168.0;text;;[];False;False;daaf7fd45ed34d98;[];deh
2605;734;11-50;2800179.0;text;;[];False;False;daaf7fd45ed34d98;[];gw lagi di warkop nih
2606;734;11-50;2800188.0;text;;[];False;False;daaf7fd45ed34d98;[];ketemuan di,,, mall jam,,, 3 ya
2607;734;0;2800197.0;sticker/webp;;[];False;False;daaf7fd45ed34d98;[];[Stiker]
2608;734;1-10;2800207.0;text;;[];False;False;51312755e5db6714;[];OII
2609;734;11-50;2800218.0;text;;[];False;False;51312755e5db6714;[];GW NAIK OJOL AJA DEH
2610;734;1-10;2800232.0;text;;[];False;False;daaf7fd45ed34d98;[];yaa
2611;734;11-50;2800238.0;text;;[];True;False;daaf7fd45ed34d98;[];makan apa ntar,,, siang?,,,
2612;734;11-50;2800242.0;text;;[];False;False;daaf7fd45ed34d98;[];jangan lupa bawa duit,,, cash
2613;734;1-10;2800244.0;text;;[];False;False;51312755e5db6714;[];AHH
2614;734;11-50;2800256.0;text;;[];False;False;51312755e5db6714;[];LU DIMANA SIH LAMA BANGET
2615;734;1-10;2800264.0;text;2614.0;[];False;False;daaf7fd45ed34d98;[];mah
2616;734;11-50;2800268.0;text;;[];False;False;daaf7fd45ed34d98;[];lu dimana,,, sih lama banget
2617;734;11-50;2800271.0;text;;[];False;False;51312755e5db6714;[];JANGAN LUPA BAWA DUIT CASH
2618;734;11-50;2800290.0;text;;[];False;False;51312755e5db6714;[];GW UDAH DI PARKIRAN NIH
2619;734;0;2800292.0;sticker/webp;;[];False;False;daaf7fd45ed34d98;[];[Stiker]
2620;734;11-50;2800306.0;text;;[];False;False;daaf7fd45ed34d98;[];jangan lupa bawa duit cash
2621;734;11-50;2800311.0;text;;[];False;False;daaf7fd45ed34d98;[];macet parah di jalan tol
2622;734;1-10;2800313.0;text;;[];False;False;51312755e5db6714;[];AHH
2623;734;0;2800322.0;sticker/webp;;[];False;False;daaf7fd45ed34d98;[];[Stiker]
2624;734;11-50;2800326.0;text;;[];False;False;51312755e5db6714;[];GW LAGI DI WARKOP NIH
2625;734;11-50;2800342.0;text;;[];False;False;51312755e5db6714;[];MACET PARAH DI JALAN TOL
2626;734;1-10;2800344.0;text;;[];False;False;daaf7fd45ed34d98;[];hoo
2627;734;11-50;2800345.0;text;;[];False;False;daaf7fd45ed34d98;[];jangan lupa bawa,,, duit cash
2628;734;1-10;2800354.0;text;;[];True;False;daaf7fd45ed34d98;[];jadi?
2629;734;11-50;2800387.0;text;;[];False;False;51312755e5db6714;[];GW LAGI DI WARKOP NIH
2630;734;1-10;2800391.0;text;;[];True;False;daaf7fd45ed34d98;[];jadi?
2631;734;1-10;2800393.0;text;;[];False;False;daaf7fd45ed34d98;[];kok
2632;734;11-50;2800398.0;text;;[];False;False;51312755e5db6714;[];GW NAIK OJOL AJA DEH
2633;734;0;2800399.0;sticker/webp;;[];False;False;80e2c0110d285a81;[];[Stiker]
2634;734;1-10;2800403.0;text;;[];False;False;daaf7fd45ed34d98;[];wah
2635;734;1-10;2800403.0;text;;[];False;False;daaf7fd45ed34d98;[];wah
2636;734;0;2800411.0;sticker/webp;;[];False;False;51312755e5db6714;[];[Stiker]
2637;734;11-50;2800412.0;text;;[];False;False;daaf7fd45ed34d98;[];macet parah di jalan,,, tol
2638;734;1-10;2800413.0;text;;[];False;False;51312755e5db6714;[];AHH
2639;734;1-10;2800413.0;text;;[];False;False;daaf7fd45ed34d98;[];wah
2640;734;11-50;2800421.0;text;;[];False;False;daaf7fd45ed34d98;[];gw udah di parkiran,,, nih
2641;734;1-10;2800428.0;text;;[];False;False;daaf7fd45ed34d98;[];ahh
2642;734;1-10;2800431.0;text;;[];True;False;daaf7fd45ed34d98;[];jadi?
2643;734;11-50;2800465.0;text;;[];False;False;51312755e5db6714;[];RAME BANGET DISINI CUY
2644;734;11-50;2800477.0;text;;[];False;False;daaf7fd45ed34d98;[];gw nyari parkir dulu bentar
2645;734;11-50;2800479.0;text;;[];False;False;51312755e5db6714;[];JANGAN LUPA BAWA DUIT CASH
2646;734;11-50;2800493.0;text;;[];False;False;51312755e5db6714;[];GW NYARI PARKIR DULU BENTAR
2647;734;11-50;2800525.0;text;;[];False;False;daaf7fd45ed34d98;[];lu dimana sih lama banget
2648;734;0;2800534.0;sticker/webp;;[];False;False;daaf7fd45ed34d98;[];[Stiker]
2649;734;11-50;2800535.0;text;;[];False;False;daaf7fd45ed34d98;[];gw ngga bisa ikut,,, malem ini
2650;734;1-10;2800545.0;text;;[];False;False;daaf7fd45ed34d98;[];kan
2651;734;11-50;2800551.0;text;;[];False;False;daaf7fd45ed34d98;[];gw naik ojol aja,,, deh
2652;734;1-10;2800560.0;text;;[];False;False;51312755e5db6714;[];WAH
2653;734;11-50;2800572.0;text;;[];False;False;51312755e5db6714;[];GW LAGI DI WARKOP NIH
2654;734;0;2800589.0;video/mp4;;[];False;False;daaf7fd45ed34d98;[];[Video]
2655;734;11-50;2800607.0;text;;[];False;False;daaf7fd45ed34d98;[];bsk sore ada,,, waktu ga
2656;734;11-50;2800607.0;text;;[];False;False;daaf7fd45ed34d98;[];gw nyari,,, parkir dulu,,, bentar
2657;734;11-50;2800614.0;text;;[];False;False;51312755e5db6714;[];JANGAN LUPA BAWA DUIT CASH
2658;734;1-10;2800615.0;text;;[];False;False;51312755e5db6714;[];EMM
2659;734;1-10;2800626.0;text;2657.0;[];True;False;daaf7fd45ed34d98;[];mau?
2660;734;11-50;2800643.0;text;;[];False;False;51312755e5db6714;[];BSK SORE ADA WAKTU GA
2661;734;11-50;2800673.0;text;;[];False;False;daaf7fd45ed34d98;[];macet parah di jalan tol
2662;734;11-50;2800674.0;text;;[];False;False;daaf7fd45ed34d98;[];macet parah di jalan tol
2663;734;11-50;2800716.0;text;;[];False;False;51312755e5db6714;[];LU DIMANA SIH LAMA BANGET
2664;734;11-50;2800810.0;text;;[];False;False;daaf7fd45ed34d98;[];ketemuan di mall jam 3 ya
2665;734;11-50;2800823.0;text;;[];False;False;daaf7fd45ed34d98;[];gw nyari parkir dulu bentar
2666;734;0;2800825.0;sticker/webp;;[];False;False;daaf7fd45ed34d98;[];[Stiker]
2667;734;11-50;2800876.0;text;;[];False;False;51312755e5db6714;[];GW UDAH DI PARKIRAN NIH
2668;734;1-10;2800884.0;text;;[];False;False;daaf7fd45ed34d98;[];deh
2669;734;1-10;2800889.0;text;;[];False;False;daaf7fd45ed34d98;[];emm
2670;734;1-10;2800892.0;text;;[];False;False;daaf7fd45ed34d98;[];yaa
2671;734;51-100;2800893.0;text;;[];False;False;51312755e5db6714;[];MOTOR GW MOGOK DI TENGAH JALAN TADI PAGI JADI GW TELAT MASUK KELAS
2672;734;11-50;2800903.0;text;;[];False;False;51312755e5db6714;[];GW NGGA BISA IKUT MALEM INI
2673;734;1-10;2800922.0;text;;[];True;False;daaf7fd45ed34d98;[];ikut?
2674;734;11-50;2800931.0;text;;[];False;False;daaf7fd45ed34d98;[];gw lagi di warkop,,, nih
2675;734;0;2800939.0;sticker/webp;;[];False;False;daaf7fd45ed34d98;[];[Stiker]
2676;734;11-50;2800971.0;text;;[];False;False;c4f31904a6e45e6b;[];bsk sore ada waktu ga!!
2677;734;11-50;2800985.0;text;;[];False;False;c4f31904a6e45e6b;['01cd3e5013f64a92'];ketemuan di mall jam 3 ya!!!
2678;734;11-50;2800986.0;text;;[];False;False;51312755e5db6714;[];GW NYARI PARKIR DULU BENTAR
2679;734;0;2800996.0;sticker/webp;;[];False;False;daaf7fd45ed34d98;[];[Stiker]
2680;734;11-50;2801023.0;text;;[];True;False;daaf7fd45ed34d98;[];makan apa ntar siang?,,,
2681;734;0;2801054.0;image/jpeg;;[];False;False;51312755e5db6714;[];[Foto]
2682;734;1-10;2801086.0;text;;[];False;False;daaf7fd45ed34d98;[];kok
2683;734;11-50;2801117.0;text;;[];True;False;51312755e5db6714;[];ADA YG MAU BARENG?
2684;734;1-10;2801123.0;text;;[];False;False;51312755e5db6714;[];OOH
2685;734;0;2801171.0;image/jpeg;;[];False;False;daaf7fd45ed34d98;[];[Foto]
2686;734;11-50;2801178.0;text;;[];False;False;daaf7fd45ed34d98;[];gw ngga bisa,,, ikut malem ini
2687;734;1-10;2801192.0;text;;[];False;False;daaf7fd45ed34d98;[];emm
2688;734;0;2801200.0;sticker/webp;;[];False;False;b5c68f559bfc358f;[];[Stiker]
2689;734;1-10;2801214.0;text;;[];False;False;51312755e5db6714;[];YAA
2690;734;0;2801217.0;sticker/webp;;[];False;False;dbee766e4d7d6f3f;[];[Stiker]
2691;734;11-50;2801220.0;text;2685.0;[];False;False;51312755e5db6714;[];GW UDAH DI PARKIRAN NIH
2692;734;0;2801236.0;video/mp4;;[];False;False;daaf7fd45ed34d98;[];[Video]
2693;734;0;2801243.0;sticker/webp;;[];False;False;322364729bfba14a;[];[Stiker]
2694;734;0;2801251.0;sticker/webp;;[];False;False;b5c68f559bfc358f;[];[Stiker]
2695;734;0;2801266.0;sticker/webp;;[];False;False;dbee766e4d7d6f3f;[];[Stiker]
2696;734;0;2801272.0;sticker/webp;;[];False;False;b5c68f559bfc358f;[];[Stiker]
2697;734;11-50;2801285.0;text;2685.0;[];False;False;51312755e5db6714;[];GW LAGI DI WARKOP NIH
2698;734;11-50;2801302.0;text;2685.0;[];False;False;daaf7fd45ed34d98;[];ketemuan di mall jam 3 ya
2699;734;11-50;2801308.0;text;;[];False;False;daaf7fd45ed34d98;[];jangan lupa bawa duit cash
2700;734;1-10;2801332.0;text;;[];False;False;51312755e5db6714;[];EMM
2701;734;1-10;2801335.0;text;;[];False;False;daaf7fd45ed34d98;[];kok
2702;734;0;2801339.0;sticker/webp;;[];False;False;daaf7fd45ed34d98;[];[Stiker]
2703;734;11-50;2801341.0;text;;[];False;False;51312755e5db6714;[];GW UDAH DI PARKIRAN NIH
2704;734;1-10;2801344.0;text;;['🙄'];False;False;51312755e5db6714;[];WOI
2705;734;11-50;2801352.0;text;;[];False;False;51312755e5db6714;[];KITA KETEMUAN DIMANA AJA DEH
2706;734;11-50;2801362.0;text;;[];False;False;51312755e5db6714;[];JANGAN LUPA BAWA DUIT CASH
2707;734;11-50;2801364.0;text;;[];False;False;51312755e5db6714;[];GW LAGI DI WARKOP NIH
2708;734;0;2801368.0;sticker/webp;;[];False;False;b5c68f559bfc358f;[];[Stiker]
2709;734;1-10;2801368.0;text;;[];False;False;daaf7fd45ed34d98;[];emm
2710;734;1-10;2801370.0;text;;[];False;False;daaf7fd45ed34d98;[];hoo
2711;734;11-50;2801377.0;text;;[];True;False;daaf7fd45ed34d98;[];wifi password nya apa sih?
2712;734;11-50;2801387.0;text;;[];False;False;daaf7fd45ed34d98;[];jangan lupa bawa duit cash
2713;734;11-50;2801388.0;text;;[];False;False;51312755e5db6714;[];JANGAN LUPA BAWA DUIT CASH
2714;734;11-50;2801390.0;text;;[];False;False;51312755e5db6714;[];GW UDAH DI PARKIRAN NIH
2715;734;11-50;2801394.0;text;;[];True;False;51312755e5db6714;[];ADA YG MAU BARENG?
2716;734;11-50;2801396.0;text;;[];False;False;daaf7fd45ed34d98;[];gw lagi di warkop,,, nih
2717;734;11-50;2801399.0;text;2715.0;[];False;False;daaf7fd45ed34d98;[];gw nyari parkir dulu bentar
2718;734;1-10;2801410.0;text;;[];False;False;daaf7fd45ed34d98;[];yaa
2719;734;1-10;2801416.0;text;;[];False;False;51312755e5db6714;[];OOH
2720;734;11-50;2801424.0;text;;[];False;False;51312755e5db6714;[];GW LAGI DI WARKOP NIH
2721;734;11-50;2801435.0;text;;[];False;False;51312755e5db6714;[];KETEMUAN DI MALL JAM 3 YA
2722;734;11-50;2801438.0;text;;[];True;False;daaf7fd45ed34d98;[];ada yg mau bareng?,,,
2723;734;11-50;2801460.0;text;;[];False;False;51312755e5db6714;[];GW NAIK OJOL AJA DEH
2724;734;11-50;2801463.0;text;;[];False;False;51312755e5db6714;[];KITA KETEMUAN DIMANA AJA DEH
2725;734;11-50;2801466.0;text;;[];False;False;51312755e5db6714;[];JANGAN LUPA BAWA DUIT CASH
2726;734;11-50;2801492.0;text;;[];False;False;51312755e5db6714;[];GW LAGI DI WARKOP NIH
2727;734;11-50;2801520.0;text;;[];False;False;daaf7fd45ed34d98;[];macet parah di jalan,,, tol
2728;734;11-50;2801527.0;text;;[];False;False;daaf7fd45ed34d98;[];ketemuan di mall jam 3 ya,,,
2729;734;1-10;2801542.0;text;;[];False;False;51312755e5db6714;[];AHH
2730;734;1-10;2801556.0;text;;[];False;False;51312755e5db6714;[];WAH
2731;734;11-50;2801559.0;text;;[];False;False;51312755e5db6714;[];JANGAN LUPA BAWA DUIT CASH
2732;734;11-50;2801576.0;text;;[];False;False;daaf7fd45ed34d98;[];ketemuan di mall jam 3 ya
2733;734;11-50;2801620.0;text;;[];False;False;51312755e5db6714;[];GW NGGA BISA IKUT MALEM INI
2734;734;11-50;2801638.0;text;;[];False;False;51312755e5db6714;[];RAME BANGET DISINI CUY
2735;734;11-50;2801660.0;text;;[];False;False;daaf7fd45ed34d98;[];kita ketemuan dimana aja,,, deh
2736;734;0;2801663.0;sticker/webp;;[];False;False;80e2c0110d285a81;[];[Stiker]
2737;734;11-50;2801672.0;text;;[];False;False;daaf7fd45ed34d98;[];ketemuan di,,, mall jam 3 ya
2738;734;0;2801683.0;sticker/webp;;[];False;False;daaf7fd45ed34d98;[];[Stiker]
2739;734;11-50;2801697.0;text;;[];False;False;51312755e5db6714;[];KITA KETEMUAN DIMANA AJA DEH
2740;734;11-50;2801700.0;text;;[];False;False;51312755e5db6714;[];LU DIMANA SIH LAMA BANGET
2741;734;11-50;2801712.0;text;;[];False;False;3b9b10fb6cf953de;[];gw nyari parkir dulu bentar
2742;734;0;2801767.0;sticker/webp;2741.0;[];False;False;daaf7fd45ed34d98;[];[Stiker]
2743;734;11-50;2801794.0;text;2741.0;[];False;False;51312755e5db6714;[];GW NYARI PARKIR DULU BENTAR
2744;734;11-50;2801802.0;text;;[];False;False;51312755e5db6714;[];JANGAN LUPA BAWA DUIT CASH
2745;734;1-10;2801806.0;text;;[];False;False;daaf7fd45ed34d98;[];ahh
2746;734;11-50;2801819.0;text;;[];False;False;daaf7fd45ed34d98;[];ketemuan di mall,,, jam 3 ya
2747;734;11-50;2801845.0;text;;[];False;False;3b9b10fb6cf953de;[];gw ngga bisa ikut malem ini
2748;734;11-50;2801864.0;text;;[];False;False;3b9b10fb6cf953de;[];macet parah di jalan tol
2749;734;51-100;2801925.0;text;;[];False;False;01cd3e5013f64a92;[];kemarin malem gw begadang nonton bola sampe subuh terus ketiduran
2750;734;0;2801969.0;sticker/webp;;[];False;False;51312755e5db6714;[];[Stiker]
2751;734;11-50;2802128.0;text;;[];False;False;13d265a25abf6cea;[];kita ketemuannnn dimana aja dehhh
2752;734;0;2802161.0;sticker/webp;;[];False;False;3b9b10fb6cf953de;[];[Stiker]
2753;734;0;2802261.0;sticker/webp;;[];False;False;9db6557189f5a92c;[];[Stiker]
2754;734;0;2802870.0;sticker/webp;;[];False;False;daaf7fd45ed34d98;[];[Stiker]
2755;734;11-50;2803146.0;text;;[];False;False;c4f31904a6e45e6b;[];gw nyari parkir dulu bentar!!!
2756;734;0;2804070.0;sticker/webp;;[];False;False;daaf7fd45ed34d98;[];[Stiker]
2757;734;0;2804122.0;sticker/webp;;[];False;False;b06fb76c3d677959;[];[Stiker]
2758;735;11-50;2806692.0;text;;[];False;False;9f557ab075256a7c;[];hp gw lowbat nih
2759;735;1-10;2806893.0;text;;[];False;False;63fae49959e2f42f;[];eh
2760;736;11-50;2809393.0;text;;[];False;False;1039425bd2b06e14;[];gw naik ojol aja deh
2761;736;1-10;2811281.0;text;;['🤣', '😉'];False;False;63fae49959e2f42f;[];kok
2762;736;11-50;2813645.0;text;;[];False;False;19d7beeed8bda09b;[];gw lg di warkop nih
2763;737;0;2874969.0;sticker/webp;;[];False;False;4591aabc7bfa7818;[];[Stiker]
2764;737;0;2874969.0;sticker/webp;;[];False;False;4591aabc7bfa7818;[];[Stiker]
2765;737;0;2874969.0;sticker/webp;;[];False;False;4591aabc7bfa7818;[];[Stiker]
2766;737;0;2874972.0;sticker/webp;;[];False;False;4591aabc7bfa7818;[];[Stiker]
2767;737;0;2875134.0;sticker/webp;;[];False;False;4591aabc7bfa7818;[];[Stiker]
2768;738;0;2877467.0;sticker/webp;;[];False;False;0ebb14d608ff1bbe;[];[Stiker]
2769;738;0;2877469.0;sticker/webp;;[];False;False;0ebb14d608ff1bbe;[];[Stiker]
2770;739;0;2883528.0;sticker/webp;;[];False;False;4591aabc7bfa7818;[];[Stiker]
2771;739;0;2885469.0;sticker/webp;;[];False;False;4591aabc7bfa7818;[];[Stiker]
2772;739;0;2885980.0;sticker/webp;;[];False;False;daaf7fd45ed34d98;[];[Stiker]
2773;739;0;2886390.0;sticker/webp;;[];False;False;aa82ca07565052dc;[];[Stiker]
2774;739;0;2886407.0;sticker/webp;;[];False;False;0ebb14d608ff1bbe;[];[Stiker]
2775;739;0;2887325.0;sticker/webp;;[];False;False;e082a073faf2a572;[];[Stiker]
2776;740;0;2898464.0;sticker/webp;;[];False;False;7f5ec4d76e6ac681;[];[Stiker]
2777;740;0;2898533.0;sticker/webp;;[];False;False;1039425bd2b06e14;[];[Stiker]
2778;741;0;2900583.0;audio;;[];False;False;69c6edc25f19ddbf;[];[Voice Note]
2779;741;1-10;2900617.0;text;;[];False;False;8a52ebbc5a975d16;[];sis
2780;741;1-10;2900631.0;text;;[];False;False;69c6edc25f19ddbf;[];bener
2781;741;0;2900662.0;sticker/webp;;[];False;False;8a52ebbc5a975d16;[];[Stiker]
2782;741;0;2900667.0;audio;;[];False;False;69c6edc25f19ddbf;[];[Voice Note]
2783;741;0;2900683.0;audio;;[];False;False;69c6edc25f19ddbf;[];[Voice Note]
2784;741;0;2900687.0;sticker/webp;;[];False;False;2caf768530221aee;[];[Stiker]
2785;741;0;2900697.0;sticker/webp;;[];False;False;8a52ebbc5a975d16;[];[Stiker]
2786;741;11-50;2900698.0;text;;[];True;False;846cb1ed892f2849;[];udah sampe belom?
2787;741;0;2900700.0;sticker/webp;;[];False;False;2caf768530221aee;[];[Stiker]
2788;741;0;2900705.0;sticker/webp;;[];False;False;2caf768530221aee;[];[Stiker]
2789;741;51-100;2900712.0;text;;[];False;False;846cb1ed892f2849;[];weekend ini gw mau staycation aja di kosan binge watching series baru
2790;741;0;2900721.0;sticker/webp;;[];False;False;8a52ebbc5a975d16;[];[Stiker]
2791;742;0;2904031.0;sticker/webp;;[];False;False;daaf7fd45ed34d98;[];[Stiker]
2792;742;11-50;2904081.0;text;2783.0;[];False;False;daaf7fd45ed34d98;[];gym hari ini skip deh
2793;742;0;2904351.0;sticker/webp;;[];False;False;55a82d2fa1b34c06;[];[Stiker]
2794;742;0;2906308.0;sticker/webp;;[];False;False;8c98eacc3af87d50;[];[Stiker]
2795;743;0;2909071.0;sticker/webp;;[];False;False;4591aabc7bfa7818;[];[Stiker]
2796;743;0;2909072.0;sticker/webp;;[];False;False;4591aabc7bfa7818;[];[Stiker]
2797;743;0;2909107.0;sticker/webp;;[];False;False;2b8e28f61885eadd;[];[Stiker]
2798;743;0;2909135.0;sticker/webp;;[];False;False;4591aabc7bfa7818;[];[Stiker]
2799;743;0;2909190.0;sticker/webp;;[];False;False;2b8e28f61885eadd;[];[Stiker]
2800;743;0;2912238.0;unknown;;[];False;False;2acb06eca1f87978;[];[Media tidak dikenal]
2801;744;0;2948007.0;sticker/webp;;[];False;False;dbee766e4d7d6f3f;[];[Stiker]
2802;745;0;2952171.0;sticker/webp;;[];False;False;7f5ec4d76e6ac681;[];[Stiker]
2803;745;0;2953743.0;sticker/webp;;[];False;False;daaf7fd45ed34d98;[];[Stiker]
2804;746;0;2957662.0;sticker/webp;;[];False;False;97672e43c962b681;[];[Stiker]
2805;746;1-10;2957693.0;text;;[];False;False;44a6232754fa14cb;[];UDAH
2806;747;11-50;2959728.0;text;;[];False;False;69c6edc25f19ddbf;[];eh denger gosip belum
2807;747;11-50;2959733.0;text;;[];False;False;69c6edc25f19ddbf;[];diem diem ternyata jadian
2808;747;0;2959915.0;sticker/webp;;[];False;False;7e362c210d432802;[];[Stiker]
2809;747;0;2960122.0;sticker/webp;;[];False;False;b5c68f559bfc358f;[];[Stiker]
2810;747;0;2963432.0;image/jpeg;;[];False;False;65db2d93bdff800b;[];[Foto]
2811;748;0;2967768.0;sticker/webp;;[];False;False;daaf7fd45ed34d98;[];[Stiker]
2812;748;0;2967773.0;sticker/webp;;[];False;False;daaf7fd45ed34d98;[];[Stiker]
2813;749;0;2980920.0;audio;;[];False;False;daaf7fd45ed34d98;[];[Voice Note]
2814;749;0;2980929.0;sticker/webp;;[];False;False;b5c68f559bfc358f;[];[Stiker]
2815;749;0;2982396.0;sticker/webp;;[];False;False;13d265a25abf6cea;[];[Stiker]
2816;750;0;2985895.0;sticker/webp;;[];False;False;1039425bd2b06e14;[];[Stiker]
2817;750;0;2986058.0;sticker/webp;;[];False;False;8e6daf6762ad41fd;[];[Stiker]
2818;750;0;2986335.0;sticker/webp;;[];False;False;daaf7fd45ed34d98;[];[Stiker]
2819;750;0;2986337.0;sticker/webp;;[];False;False;daaf7fd45ed34d98;[];[Stiker]
2820;750;0;2987111.0;sticker/webp;;[];False;False;8e6daf6762ad41fd;[];[Stiker]
2821;750;0;2987460.0;sticker/webp;;[];False;False;e44651ed2640cf56;[];[Stiker]
2822;750;0;2987562.0;sticker/webp;;[];False;False;ed094b2b3b340244;[];[Stiker]
2823;750;0;2987567.0;sticker/webp;;[];False;False;55a82d2fa1b34c06;[];[Stiker]
2824;750;11-50;2990649.0;text;;['😂', '💪'];False;False;9f557ab075256a7c;[];gw mau pesen gofood dulu
2825;751;0;3065542.0;sticker/webp;;[];False;False;13d265a25abf6cea;[];[Stiker]
2826;751;0;3065544.0;sticker/webp;;[];False;False;13d265a25abf6cea;[];[Stiker]
2827;751;0;3065546.0;sticker/webp;;[];False;False;13d265a25abf6cea;[];[Stiker]
2828;752;0;3069677.0;sticker/webp;;[];False;False;daaf7fd45ed34d98;[];[Stiker]
2829;752;0;3069682.0;sticker/webp;;[];False;False;daaf7fd45ed34d98;[];[Stiker]
2830;752;0;3069698.0;sticker/webp;;[];False;False;2b8e28f61885eadd;[];[Stiker]
2831;752;0;3069703.0;sticker/webp;;[];False;False;e44651ed2640cf56;[];[Stiker]
2832;752;0;3069836.0;sticker/webp;;[];False;False;58d7e8dd0ed3965e;[];[Stiker]
2833;752;0;3069850.0;sticker/webp;;[];False;False;58d7e8dd0ed3965e;[];[Stiker]
2834;752;0;3070116.0;sticker/webp;;[];False;False;daaf7fd45ed34d98;[];[Stiker]
2835;752;0;3070119.0;sticker/webp;;[];False;False;daaf7fd45ed34d98;[];[Stiker]
2836;752;0;3070179.0;sticker/webp;;[];False;False;b5c68f559bfc358f;[];[Stiker]
2837;752;0;3070294.0;sticker/webp;;[];False;False;0ebb14d608ff1bbe;[];[Stiker]
2838;752;0;3070298.0;sticker/webp;;[];False;False;0ebb14d608ff1bbe;[];[Stiker]
2839;752;11-50;3071105.0;text;;[];False;False;9f557ab075256a7c;[];pertandingan bola tadi malam gila
2840;752;1-10;3071115.0;text;;[];False;False;8a41f38331caf1c7;[];bete
2841;752;1-10;3071121.0;text;;['😂'];False;False;9f557ab075256a7c;[];oot
2842;752;0;3071138.0;sticker/webp;;[];False;False;1039425bd2b06e14;[];[Stiker]
2843;752;0;3071150.0;audio;;[];False;False;9f557ab075256a7c;[];[Voice Note]
2844;752;0;3072209.0;sticker/webp;;[];False;False;daaf7fd45ed34d98;[];[Stiker]
2845;753;0;3073714.0;sticker/webp;;[];False;False;daaf7fd45ed34d98;[];[Stiker]
2846;753;0;3073746.0;sticker/webp;;[];False;False;2caf768530221aee;[];[Stiker]
2847;753;0;3074876.0;sticker/webp;;[];False;False;daaf7fd45ed34d98;[];[Stiker]
2848;754;0;3122820.0;image/jpeg;;[];False;False;daaf7fd45ed34d98;[];[Foto]
2849;754;11-50;3123449.0;text;;[];True;False;c4f31904a6e45e6b;[];tadi ngomong apa sih dosennya!!
2850;754;11-50;3123461.0;text;;[];False;False;c4f31904a6e45e6b;[];gym hari ini skip deh!!!
2851;754;0;3123613.0;sticker/webp;;[];False;False;aa82ca07565052dc;[];[Stiker]
2852;754;1-10;3124329.0;text;;[];False;False;daaf7fd45ed34d98;[];fyi
2853;754;11-50;3124339.0;text;;[];False;False;daaf7fd45ed34d98;[];game baru udah download belum
2854;754;0;3124399.0;sticker/webp;;[];False;False;51312755e5db6714;[];[Stiker]
2855;754;11-50;3124576.0;text;;[];False;False;51312755e5db6714;[];BADMINTON YUK SORE INI
2856;754;1-10;3124747.0;text;;[];False;False;daaf7fd45ed34d98;[];fyi
2857;754;11-50;3124781.0;text;;[];False;False;daaf7fd45ed34d98;[];gym hari ini skip deh
2858;754;0;3134119.0;sticker/webp;;[];False;False;daaf7fd45ed34d98;[];[Stiker]
2859;755;11-50;3157687.0;text;;[];False;False;d9db77922e4b65c8;[];gw lagi marathon drakor nih!!!
2860;755;11-50;3157691.0;text;;[];False;False;d9db77922e4b65c8;[];keluarga ngumpul lebaran nanti!!
2861;755;1-10;3157695.0;text;;[];True;False;d9db77922e4b65c8;[];knp!!
2862;755;0;3157793.0;sticker/webp;;[];False;False;e34ce80a8c087bb8;[];[Stiker]
2863;755;1-10;3157798.0;text;;[];False;False;9db6557189f5a92c;[];NICE
2864;755;0;3157866.0;sticker/webp;;[];False;False;96027169b05163b0;[];[Stiker]
2865;755;11-50;3158183.0;text;;[];False;False;d9db77922e4b65c8;[];duit bulanan belum dikirim!!
2866;755;0;3158664.0;sticker/webp;;[];False;False;13d265a25abf6cea;[];[Stiker]
2867;755;0;3158672.0;sticker/webp;;[];False;False;13d265a25abf6cea;[];[Stiker]
2868;755;0;3158713.0;sticker/webp;;[];False;False;0ebb14d608ff1bbe;[];[Stiker]
2869;755;0;3158731.0;sticker/webp;;[];False;False;0ebb14d608ff1bbe;[];[Stiker]
2870;755;0;3158915.0;sticker/webp;;[];False;False;13d265a25abf6cea;[];[Stiker]
2871;756;0;3160198.0;sticker/webp;;[];False;False;b7686dd89f86147f;[];[Stiker]
2872;756;0;3160238.0;sticker/webp;;[];False;False;13d265a25abf6cea;[];[Stiker]
2873;756;0;3160271.0;sticker/webp;;[];False;False;b7686dd89f86147f;[];[Stiker]
2874;756;0;3160323.0;sticker/webp;;[];False;False;13d265a25abf6cea;[];[Stiker]
2875;756;0;3160366.0;sticker/webp;;[];False;False;b7686dd89f86147f;[];[Stiker]
2876;756;0;3160374.0;sticker/webp;;[];False;False;b7686dd89f86147f;[];[Stiker]
2877;756;0;3160384.0;sticker/webp;;[];False;False;b7686dd89f86147f;[];[Stiker]
2878;756;0;3160389.0;sticker/webp;;[];False;False;b7686dd89f86147f;[];[Stiker]
2879;756;0;3160393.0;sticker/webp;;[];False;False;b7686dd89f86147f;[];[Stiker]
2880;756;0;3160399.0;sticker/webp;;[];False;False;b7686dd89f86147f;[];[Stiker]
2881;756;0;3160829.0;sticker/webp;;[];False;False;0ebb14d608ff1bbe;[];[Stiker]
2882;756;0;3160841.0;sticker/webp;;[];False;False;0ebb14d608ff1bbe;[];[Stiker]
2883;757;0;3161823.0;sticker/webp;;[];False;False;8e3d4f19cee83b51;[];[Stiker]
2884;757;0;3161831.0;sticker/webp;;[];False;False;8e3d4f19cee83b51;[];[Stiker]
2885;757;0;3162249.0;sticker/webp;;[];False;False;55a82d2fa1b34c06;[];[Stiker]
2886;757;0;3162284.0;sticker/webp;;[];False;False;daaf7fd45ed34d98;[];[Stiker]
2887;757;0;3164124.0;sticker/webp;;[];False;False;13d265a25abf6cea;[];[Stiker]
2888;758;0;3219103.0;sticker/webp;;[];False;False;e44651ed2640cf56;[];[Stiker]
2889;758;0;3219109.0;sticker/webp;;[];False;False;e44651ed2640cf56;[];[Stiker]
2890;758;0;3219492.0;sticker/webp;;[];False;False;daaf7fd45ed34d98;[];[Stiker]
2891;758;0;3219571.0;sticker/webp;;[];False;False;51312755e5db6714;[];[Stiker]
2892;758;0;3219630.0;sticker/webp;;[];False;False;fdd84e453d954aae;[];[Stiker]
2893;758;0;3219661.0;sticker/webp;;[];False;False;e44651ed2640cf56;[];[Stiker]
2894;758;0;3219768.0;sticker/webp;;[];False;False;daaf7fd45ed34d98;[];[Stiker]
2895;758;0;3219769.0;sticker/webp;;[];False;False;daaf7fd45ed34d98;[];[Stiker]
2896;758;0;3220337.0;sticker/webp;;[];False;False;97c73d54a56e4939;[];[Stiker]
2897;758;0;3220339.0;sticker/webp;;[];False;False;97c73d54a56e4939;[];[Stiker]
2898;759;0;3221340.0;sticker/webp;;[];False;False;80e2c0110d285a81;[];[Stiker]
2899;759;0;3221389.0;sticker/webp;;[];False;False;e44651ed2640cf56;[];[Stiker]
2900;759;0;3221426.0;sticker/webp;;[];False;False;1039425bd2b06e14;[];[Stiker]
2901;759;0;3221554.0;sticker/webp;;[];False;False;daaf7fd45ed34d98;[];[Stiker]
2902;759;0;3221562.0;sticker/webp;;[];False;False;daaf7fd45ed34d98;[];[Stiker]
2903;759;0;3221611.0;sticker/webp;;[];False;False;80e2c0110d285a81;[];[Stiker]
2904;759;0;3221642.0;sticker/webp;;[];False;False;e44651ed2640cf56;[];[Stiker]
2905;759;0;3221694.0;sticker/webp;;[];False;False;daaf7fd45ed34d98;[];[Stiker]
2906;759;0;3221709.0;sticker/webp;;[];False;False;daaf7fd45ed34d98;[];[Stiker]
2907;760;11-50;3232945.0;text;;[];False;False;2caf768530221aee;[];gw mau ambil cuti semester
2908;760;0;3232963.0;sticker/webp;;[];False;False;b5c68f559bfc358f;[];[Stiker]
2909;760;0;3232968.0;sticker/webp;;[];False;False;2b8e28f61885eadd;[];[Stiker]
2910;760;0;3232974.0;sticker/webp;;[];False;False;b5c68f559bfc358f;[];[Stiker]
2911;760;0;3233033.0;sticker/webp;;[];False;False;b176aee11588ca9d;[];[Stiker]
2912;760;0;3233151.0;sticker/webp;;[];False;False;b5c68f559bfc358f;[];[Stiker]
2913;760;0;3233590.0;sticker/webp;;[];False;False;daaf7fd45ed34d98;[];[Stiker]
2914;760;0;3233629.0;sticker/webp;;[];False;False;2b8e28f61885eadd;[];[Stiker]
2915;760;0;3233643.0;sticker/webp;;[];False;False;51312755e5db6714;[];[Stiker]
2916;760;0;3233656.0;sticker/webp;;[];False;False;b755abcfd4269903;[];[Stiker]
2917;760;11-50;3233657.0;text;;[];False;False;51312755e5db6714;[];DOSEN PEMBIMBING SUSAH DITEMUI
2918;760;11-50;3233672.0;text;;[];False;False;51312755e5db6714;[];PROPOSAL SKRIPSI GW DITOLAK
2919;760;11-50;3233706.0;text;;[];False;False;51312755e5db6714;[];GW LAPER BANGET NIH
2920;760;1-10;3233709.0;text;;[];False;False;daaf7fd45ed34d98;[];bole
2921;760;0;3233775.0;audio;;[];False;False;daaf7fd45ed34d98;[];[Voice Note]
2922;760;11-50;3234568.0;text;;['😂'];False;False;9f557ab075256a7c;[];mieeee ayam pak kumis juara sih
2923;760;0;3234768.0;sticker/webp;;[];False;False;daaf7fd45ed34d98;[];[Stiker]
2924;760;11-50;3235025.0;text;;[];False;False;2caf768530221aee;[];dosen pembimbing susah ditemui
2925;760;11-50;3235121.0;text;;[];False;False;daaf7fd45ed34d98;[];proposal skripsi gw ditolak,,,
2926;760;11-50;3235145.0;text;;[];False;False;2caf768530221aee;[];gw baru aja dari kampus
2927;760;0;3235284.0;sticker/webp;;[];False;False;daaf7fd45ed34d98;[];[Stiker]
2928;760;0;3235288.0;sticker/webp;;[];False;False;daaf7fd45ed34d98;[];[Stiker]
2929;760;0;3235529.0;sticker/webp;;[];False;False;13d265a25abf6cea;[];[Stiker]
2930;760;0;3235588.0;sticker/webp;;[];False;False;51312755e5db6714;[];[Stiker]
2931;760;0;3235602.0;sticker/webp;;[];False;False;daaf7fd45ed34d98;[];[Stiker]
2932;760;0;3235602.0;sticker/webp;;[];False;False;13d265a25abf6cea;[];[Stiker]
2933;760;0;3235620.0;sticker/webp;;[];False;False;daaf7fd45ed34d98;[];[Stiker]
2934;760;0;3235621.0;sticker/webp;;[];False;False;daaf7fd45ed34d98;[];[Stiker]
2935;760;0;3235637.0;sticker/webp;;[];False;False;51312755e5db6714;[];[Stiker]
2936;760;0;3235650.0;sticker/webp;;[];False;False;13d265a25abf6cea;[];[Stiker]
2937;760;0;3236161.0;sticker/webp;;[];False;False;51312755e5db6714;[];[Stiker]
2938;760;0;3236273.0;sticker/webp;2937.0;[];False;False;13d265a25abf6cea;[];[Stiker]
2939;760;11-50;3236544.0;text;;[];False;False;4591aabc7bfa7818;[];Mie ayam pak kumis juara sih.
2940;760;11-50;3236846.0;text;;[];False;False;51312755e5db6714;[];GW LAPER BANGET NIH
2941;760;11-50;3236861.0;text;;[];False;False;4591aabc7bfa7818;[];Gw baru aja dari kampus.
2942;760;51-100;3236863.0;text;;[];False;False;51312755e5db6714;[];GW UDAH BIKIN SLIDES PRESENTASI TAPI KAYAKNYA MASIH KURANG BAGUS DEH ISINYA
2943;760;0;3236914.0;sticker/webp;;[];False;False;fdd84e453d954aae;[];[Stiker]
2944;760;0;3237007.0;sticker/webp;;[];False;False;7df428bc32053adc;[];[Stiker]
2945;760;0;3237118.0;sticker/webp;;[];False;False;daaf7fd45ed34d98;[];[Stiker]
2946;760;0;3237128.0;sticker/webp;;[];False;False;daaf7fd45ed34d98;[];[Stiker]
2947;760;0;3237188.0;sticker/webp;;[];False;False;7df428bc32053adc;[];[Stiker]
2948;760;0;3237196.0;sticker/webp;;[];False;False;7df428bc32053adc;[];[Stiker]
2949;760;0;3237196.0;sticker/webp;;[];False;False;7df428bc32053adc;[];[Stiker]
2950;760;0;3237198.0;sticker/webp;;[];False;False;7df428bc32053adc;[];[Stiker]
2951;760;0;3237206.0;sticker/webp;;[];False;False;7df428bc32053adc;[];[Stiker]
2952;760;0;3237206.0;sticker/webp;;[];False;False;7df428bc32053adc;[];[Stiker]
2953;760;0;3237210.0;sticker/webp;;[];False;False;7df428bc32053adc;[];[Stiker]
2954;760;0;3237212.0;sticker/webp;;[];False;False;7df428bc32053adc;[];[Stiker]
2955;760;0;3237215.0;sticker/webp;;[];False;False;7df428bc32053adc;[];[Stiker]
2956;760;0;3237223.0;sticker/webp;;[];False;False;7df428bc32053adc;[];[Stiker]
2957;760;0;3237224.0;sticker/webp;;[];False;False;7df428bc32053adc;[];[Stiker]
2958;760;0;3237228.0;sticker/webp;;[];False;False;7df428bc32053adc;[];[Stiker]
2959;760;0;3237229.0;sticker/webp;;[];False;False;7df428bc32053adc;[];[Stiker]
2960;760;0;3237230.0;sticker/webp;;[];False;False;7df428bc32053adc;[];[Stiker]
2961;760;0;3237233.0;sticker/webp;;[];False;False;7df428bc32053adc;[];[Stiker]
2962;760;0;3237240.0;sticker/webp;;[];False;False;7df428bc32053adc;[];[Stiker]
2963;760;0;3237242.0;sticker/webp;;[];False;False;7df428bc32053adc;[];[Stiker]
2964;760;0;3237245.0;sticker/webp;;[];False;False;7df428bc32053adc;[];[Stiker]
2965;760;0;3237250.0;sticker/webp;;[];False;False;7df428bc32053adc;[];[Stiker]
2966;760;0;3237254.0;sticker/webp;;[];False;False;7df428bc32053adc;[];[Stiker]
2967;760;0;3237261.0;sticker/webp;;[];False;False;7df428bc32053adc;[];[Stiker]
2968;760;0;3237265.0;sticker/webp;;[];False;False;7df428bc32053adc;[];[Stiker]
2969;760;0;3237268.0;sticker/webp;;[];False;False;7df428bc32053adc;[];[Stiker]
2970;760;0;3238188.0;sticker/webp;;[];False;False;13d265a25abf6cea;[];[Stiker]
2971;760;0;3238742.0;sticker/webp;;[];False;False;59929ab32a09f5d5;[];[Stiker]
2972;760;0;3238778.0;sticker/webp;;[];False;False;59929ab32a09f5d5;[];[Stiker]
2973;760;0;3239070.0;sticker/webp;;[];False;False;7df428bc32053adc;[];[Stiker]
2974;760;0;3239347.0;unknown;;[];False;False;8e602d3f0509066d;[];[Media tidak dikenal]
2975;760;0;3239422.0;sticker/webp;;[];False;False;55a82d2fa1b34c06;[];[Stiker]
2976;760;0;3239470.0;sticker/webp;;[];False;False;daaf7fd45ed34d98;[];[Stiker]
2977;760;0;3239483.0;sticker/webp;;[];False;False;b5c68f559bfc358f;[];[Stiker]
2978;760;0;3239737.0;sticker/webp;;[];False;False;71022c86d6de19de;[];[Stiker]
2979;760;0;3240516.0;sticker/webp;;[];False;False;f2fbaa3bc45f12ad;[];[Stiker]
2980;760;0;3240882.0;sticker/webp;;[];False;False;55a82d2fa1b34c06;[];[Stiker]
2981;760;0;3240884.0;sticker/webp;;[];False;False;55a82d2fa1b34c06;[];[Stiker]
2982;760;0;3240884.0;sticker/webp;;[];False;False;55a82d2fa1b34c06;[];[Stiker]
2983;760;0;3240896.0;sticker/webp;;[];False;False;55a82d2fa1b34c06;[];[Stiker]
2984;760;0;3240903.0;sticker/webp;;[];False;False;daaf7fd45ed34d98;[];[Stiker]
2985;760;0;3241106.0;sticker/webp;;[];False;False;b06fb76c3d677959;[];[Stiker]
2986;760;0;3241208.0;sticker/webp;;[];False;False;55a82d2fa1b34c06;[];[Stiker]
2987;760;0;3241217.0;sticker/webp;;[];False;False;55a82d2fa1b34c06;[];[Stiker]
2988;760;0;3241801.0;sticker/webp;;[];False;False;b06fb76c3d677959;[];[Stiker]
2989;760;0;3241804.0;sticker/webp;;[];False;False;b06fb76c3d677959;[];[Stiker]
2990;760;0;3242351.0;sticker/webp;;[];False;False;0ebb14d608ff1bbe;[];[Stiker]
2991;760;0;3242359.0;sticker/webp;;[];False;False;0ebb14d608ff1bbe;[];[Stiker]
2992;760;11-50;3243041.0;text;;[];False;False;daaf7fd45ed34d98;['51312755e5db6714'];kelas tambahan hari,,, sabtu sih
2993;760;1-10;3243049.0;text;;[];False;False;51312755e5db6714;[];HMM
2994;760;11-50;3243050.0;text;;[];False;False;daaf7fd45ed34d98;[];gw laper banget nih
2995;760;11-50;3243050.0;text;;[];False;False;daaf7fd45ed34d98;[];mie ayam pak,,, kumis,,, juara sih,,,
2996;760;11-50;3243052.0;text;;[];False;False;51312755e5db6714;[];DOSEN PEMBIMBING SUSAH DITEMUI
2997;760;0;3243059.0;sticker/webp;;[];False;False;daaf7fd45ed34d98;[];[Stiker]
2998;760;1-10;3243059.0;text;;[];False;False;51312755e5db6714;[];BET
2999;760;11-50;3243060.0;text;;[];False;False;51312755e5db6714;[];SIDANG MINGGU DEPAN DOAIN YA
3000;760;1-10;3243060.0;text;;[];False;False;daaf7fd45ed34d98;[];asli
