id;conversation_id;num_characters;relative_time_seconds;message_type;responds_to_id;array_emojis;interrogative;exclamatory;sender_hash;mentioned_phones_hash;message_content
1;178;1-10;0.0;text;;[];False;False;429a8a88c0d72b74;[];gass
2;178;0;211.0;sticker/webp;;[];False;False;67dd671eb77f5b53;[];[Stiker]
3;178;0;213.0;sticker/webp;;[];False;False;67dd671eb77f5b53;[];[Stiker]
4;178;11-50;237.0;text;;[];False;False;67dd671eb77f5b53;[];nongkrong yuk di kafe biasa
5;178;11-50;239.0;text;;[];False;False;429a8a88c0d72b74;[];tadi gw makan nasi padang
6;178;51-100;322.0;text;;[];False;False;bc6dfeff63215c29;[];WEEKEND INI GW MAU STAYCATION AJA DI KOSAN BINGE WATCHING SERIES BARU
7;178;11-50;333.0;text;;[];True;False;f8334cd35571ac09;[];bayar berapa sih tadi?
8;178;11-50;413.0;text;;[];True;False;67dd671eb77f5b53;[];udah sampe belom?
9;178;0;447.0;sticker/webp;;[];False;False;429a8a88c0d72b74;[];[Stiker]
10;178;0;449.0;sticker/webp;;[];False;False;429a8a88c0d72b74;[];[Stiker]
11;178;11-50;478.0;text;;[];False;False;429a8a88c0d72b74;[];kopi susu yg biasa ya
12;178;11-50;517.0;text;;[];False;False;1e9822711688fba3;[];tadi gw,,, makan nasi padang
13;178;11-50;524.0;text;;[];False;False;1e9822711688fba3;[];porsi makan gw nambah,,, terus
14;178;101-500;791.0;text;;[];False;False;67bd5da43f6b0e96;[];kemarin malem gw sama temen temen nongkrong di warkop biasa sampe jam 12 malem. kita ngobrol banyak hal dari mulai tugas... kuliah, rencana liburan,... sampe... masalah percintaan. seru sih walau besoknya gw kesiangan... masuk kelas pagi dan dosen negur di depan semua orang. malu tapi ya gimana lagi
15;178;11-50;818.0;text;;[];False;False;429a8a88c0d72b74;[];kopi susu yg biasa ya
16;178;1-10;822.0;text;;[];True;False;429a8a88c0d72b74;[];kok?
17;178;0;852.0;sticker/webp;;[];False;False;90c1a2bcc4328640;[];[Stiker]
18;178;0;882.0;sticker/webp;;[];False;False;bc6dfeff63215c29;[];[Stiker]
19;178;11-50;888.0;text;;['😅'];False;False;f8334cd35571ac09;[];gw lg diet tp gagal mulu
20;178;51-100;893.0;text;;[];False;False;1e9822711688fba3;[];tadi di kantin,,, ketemu anak angkatan,,, bawah yang kenal,,, sama temen sma gw
21;178;11-50;950.0;text;;[];True;False;f8334cd35571ac09;[];tu beneran apa hoax?
22;178;1-10;953.0;text;;[];False;False;f8334cd35571ac09;[];bro
23;178;11-50;975.0;text;;[];False;False;429a8a88c0d72b74;[];sarapan dulu baru mikir
24;178;1-10;1021.0;text;;[];False;False;34c758c0752f2ad6;[];cuy!!!
25;178;1-10;1028.0;text;;[];False;False;429a8a88c0d72b74;[];yep
26;178;1-10;1037.0;text;;[];False;False;429a8a88c0d72b74;[];fix
27;178;51-100;1037.0;text;;[];True;False;bc6dfeff63215c29;[];ADA YANG TAU KENAPA KANTIN KAMPUS TUTUP LEBIH AWAL HARI INI GA SIH?
28;178;11-50;1050.0;text;;[];False;False;34c758c0752f2ad6;[];es teh manis satu ya bang!!!
29;178;11-50;1051.0;text;;[];False;False;34c758c0752f2ad6;[];kopi susu yg biasa ya!!
30;178;1-10;1060.0;text;;[];False;False;34c758c0752f2ad6;[];fix!!!
31;178;11-50;1081.0;text;;[];False;False;da338bd7da5a29bc;[];Tadi gw makan nasi padang.
32;178;0;1091.0;sticker/webp;;[];False;False;34c758c0752f2ad6;[];[Stiker]
33;178;1-10;1124.0;text;;[];False;False;f8334cd35571ac09;[];cuy
34;178;11-50;1138.0;text;;[];True;False;1e9822711688fba3;[];udah sampe,,, belom?
35;178;11-50;1157.0;text;;[];False;False;34c758c0752f2ad6;[];sarapan dulu baru mikir!!!
36;178;11-50;1215.0;text;;[];False;False;bc6dfeff63215c29;[];GW MAU PESEN GOFOOD DULU
37;178;11-50;1243.0;text;;[];False;False;da338bd7da5a29bc;[];Indomie telor udah cukup kok.
38;178;1-10;1276.0;text;;[];True;False;429a8a88c0d72b74;[];masa?
39;178;1-10;1324.0;text;;[];False;False;bc6dfeff63215c29;[];BENER
40;178;1-10;1336.0;text;;[];False;True;f8334cd35571ac09;[];yes!
41;178;1-10;1336.0;text;;[];False;False;f8334cd35571ac09;[];sis
42;178;51-100;1361.0;text;;[];True;False;429a8a88c0d72b74;[];ada yang tau kenapa kantin kampus tutup lebih awal hari ini ga sih?
43;178;1-10;1378.0;image/jpeg;;[];True;False;429a8a88c0d72b74;[];[Foto]
44;178;11-50;1399.0;text;;[];False;False;bc6dfeff63215c29;[];SARAPAN DULU BARU MIKIR
45;178;51-100;1466.0;text;;[];False;False;429a8a88c0d72b74;[];gw lagi bingung milih topik skripsi antara dua tema yang sama menariknya
46;178;11-50;1468.0;text;;[];False;False;429a8a88c0d72b74;[];tadi gw makan nasi padang
47;178;1-10;1488.0;text;;[];False;False;f8334cd35571ac09;[];woy
48;178;51-100;1514.0;text;;[];False;False;429a8a88c0d72b74;[];tadi di kantin ketemu anak angkatan bawah yang kenal sama temen SMA gw
49;178;0;1515.0;image/jpeg;;[];False;False;bc6dfeff63215c29;[];[Foto]
50;178;51-100;1522.0;text;;[];True;False;f8334cd35571ac09;[];ad yg tau knp kantin kampus tutup lebih awal hari ni ga sih?
51;178;11-50;1561.0;text;;[];False;False;bc6dfeff63215c29;[];MASAK SENDIRI LEBIH HEMAT SIH
52;178;101-500;1561.0;text;;[];True;False;429a8a88c0d72b74;[];eh ada yang punya rekomendasi laptop budget 5 jutaan yang bagus buat kuliah dan ngoding ga? laptop gw yang sekarang udah mulai lemot dan sering ngehang kalo buka banyak tab. pengennya sih yang ringan buat dibawa ke kampus tapi tetep kenceng performanya, ada saran?
53;178;1-10;1585.0;text;;[];False;False;429a8a88c0d72b74;[];sis
54;178;0;1617.0;image/jpeg;;[];False;False;da338bd7da5a29bc;[];[Foto]
55;178;51-100;1626.0;text;;[];False;False;da338bd7da5a29bc;[];Dompet gw ilang kemarin di angkot tapi alhamdulillah ada yang nemuin.
56;178;51-100;1628.0;text;;[];False;False;34c758c0752f2ad6;[];weekend ini gw mau staycation aja di kosan binge watching series baru!!
57;178;11-50;1633.0;text;;[];False;False;34c758c0752f2ad6;[];kopi susu yg biasa ya!!
58;178;51-100;1650.0;text;;[];False;False;34c758c0752f2ad6;[];dompet gw ilang kemarin di angkot tapi alhamdulillah ada yang nemuin!!
59;178;11-50;1664.0;text;;[];False;False;5af6a4550b616407;[];tadi gw maakn nasi pdaang
60;178;11-50;1667.0;text;;[];False;False;da338bd7da5a29bc;[];Indomie telor udah cukup kok.
61;178;1-10;1702.0;text;;[];False;False;f8334cd35571ac09;[];lol
62;178;51-100;1702.0;text;;[];False;False;429a8a88c0d72b74;[];gw lagi bingung milih topik skripsi antara dua tema yang sama menariknya
63;178;11-50;1712.0;text;;[];False;False;429a8a88c0d72b74;[];kopi susu yg biasa ya
64;178;11-50;1721.0;text;;['😂'];True;False;f8334cd35571ac09;[];bawa motor apa naik apa?
65;178;11-50;1721.0;text;;[];False;False;67bd5da43f6b0e96;[];sarapan dulu baru mikir
66;178;11-50;1767.0;text;;[];False;False;34c758c0752f2ad6;[];gw lagi diet tapi gagal mulu!!
67;178;0;1773.0;sticker/webp;;[];False;False;34c758c0752f2ad6;[];[Stiker]
68;178;11-50;1777.0;text;;[];False;False;da338bd7da5a29bc;[];Indomie telor udah cukup kok.
69;178;51-100;1783.0;text;;[];False;False;429a8a88c0d72b74;[];gw udah download semua materi kuliah tapi belum sempat baca sama sekali
70;178;11-50;1807.0;text;;[];False;False;34c758c0752f2ad6;[];gw lagi diet tapi gagal mulu!!
71;178;51-100;1809.0;text;;[];False;False;34c758c0752f2ad6;[];gw udah download semua materi kuliah tapi belum sempat baca sama sekali!!!
72;178;0;1816.0;sticker/webp;;[];False;False;34c758c0752f2ad6;[];[Stiker]
73;178;51-100;1826.0;text;;[];False;False;429a8a88c0d72b74;[];dompet gw ilang kemarin di angkot tapi alhamdulillah ada yang nemuin
74;178;1-10;1895.0;text;;['😂'];False;False;f8334cd35571ac09;[];ayok
75;178;11-50;2241.0;text;;[];False;False;34c758c0752f2ad6;[];porsi makan gw nambah terus!!!
76;178;0;2248.0;sticker/webp;;[];False;False;34c758c0752f2ad6;[];[Stiker]
77;178;1-10;2423.0;text;;[];False;False;f8334cd35571ac09;[];sip
78;178;11-50;2430.0;text;;[];False;False;f8334cd35571ac09;[];gw lg diet tp gagal mulu
79;178;11-50;2431.0;text;;[];False;False;34c758c0752f2ad6;[];gw mau pesen gofood dulu!!
80;178;11-50;2431.0;text;;[];False;False;34c758c0752f2ad6;[];bakso malang itu buka ga ya!!
81;178;1-10;2436.0;text;;['❤️'];False;False;34c758c0752f2ad6;[];lol!!!
82;178;1-10;2439.0;text;;[];False;False;f8334cd35571ac09;[];sip
83;178;1-10;2440.0;text;;[];False;False;f8334cd35571ac09;[];ayok
84;178;51-100;2467.0;text;;[];False;False;f8334cd35571ac09;[];tadi di kantin ketemu anak angkatan bawah yg kenal sm temen sma gw
85;178;11-50;2473.0;text;;[];False;False;f8334cd35571ac09;[];gw lg diet tp gagal mulu
86;178;11-50;2480.0;text;;[];False;False;f8334cd35571ac09;[];nongkrong yuk di kafe biasa
87;178;11-50;2713.0;application/pdf;;[];False;False;5af6a4550b616407;[];[Dokumen PDF]
88;178;1-10;3246.0;text;;[];False;False;34c758c0752f2ad6;[];ayok!!!
89;178;11-50;3248.0;text;;[];False;False;34c758c0752f2ad6;[];es teh manis satu ya bang!!!
90;178;51-100;19495.0;text;;[];False;False;429a8a88c0d72b74;[];gw lagi bingung milih topik skripsi antara dua tema yang sama menariknya
91;179;11-50;77941.0;text;;[];False;False;f8334cd35571ac09;[];bsk sore ad waktu ga
92;179;11-50;78248.0;text;;['🤣'];False;True;67bd5da43f6b0e96;[];asik besok libur... guys!
93;179;11-50;78266.0;text;;[];True;False;f8334cd35571ac09;[];makan apa ntar siang?
94;179;1-10;78278.0;text;;['😅'];False;False;f8334cd35571ac09;[];kan
95;179;11-50;78281.0;text;;[];False;False;429a8a88c0d72b74;[];kita ketemuan dimana aja deh
96;179;1-10;78284.0;text;;[];False;False;f8334cd35571ac09;[];ahh
97;179;11-50;78294.0;text;;[];False;False;f8334cd35571ac09;[];gw ngga bs ikut malem ni
98;179;1-10;78297.0;text;;[];False;False;f8334cd35571ac09;[];ooh
99;179;11-50;79168.0;text;;[];True;False;952659779523cd55;[];wifi password nya apa sih?
100;179;11-50;79451.0;text;99.0;[];False;False;429a8a88c0d72b74;[];bsk sore ada waktu ga
101;179;51-100;79530.0;text;99.0;[];False;False;da338bd7da5a29bc;['f8334cd35571ac09'];Motor gw mogok di tengah jalan tadi pagi jadi gw telat masuk kelas.
102;179;1-10;79562.0;text;;[];False;False;f8334cd35571ac09;[];emm
103;179;1-10;80003.0;text;;[];False;False;f8334cd35571ac09;[];mah
104;179;51-100;80033.0;text;;[];True;False;f8334cd35571ac09;[];gmn caranya biar bs fokus belajar tanpa main hp terus ya?
105;179;11-50;80045.0;text;;[];False;False;429a8a88c0d72b74;[];gw ngga bisa ikut malem ini
106;179;11-50;80049.0;text;;[];True;False;f8334cd35571ac09;[];makan apa ntar siang?
107;179;11-50;80067.0;text;;[];False;False;bc6dfeff63215c29;[];GW LAGI DI WARKOP NIH
108;179;1-10;80087.0;text;;[];False;False;f8334cd35571ac09;[];ahh
109;179;51-100;80159.0;text;;[];False;False;f8334cd35571ac09;[];motor gw mogok di tengah jalan tadi pagi jadi gw telat masuk kelas
110;179;1-10;80184.0;text;;[];False;False;bc6dfeff63215c29;[];WOI
111;179;11-50;80217.0;text;;[];True;False;429a8a88c0d72b74;[];makan apa ntar siang?
112;179;11-50;80230.0;text;;[];False;False;f8334cd35571ac09;[];gw nyari parkir dulu bentar
113;179;11-50;80250.0;text;;[];False;False;f8334cd35571ac09;[];lu dmn sih lama bgt
114;179;51-100;80262.0;text;;[];False;False;f8334cd35571ac09;[];kemarin malem gw begadang nonton bola sampe subuh terus ketiduran
115;179;11-50;80275.0;text;;[];False;False;952659779523cd55;[];ketemuan di mall jam 3 ya
116;179;11-50;80278.0;text;;[];False;False;952659779523cd55;[];gw lg di warkop nih
117;179;1-10;80302.0;text;;[];True;False;429a8a88c0d72b74;[];udah?
118;179;101-500;80311.0;text;;[];False;False;f8334cd35571ac09;[];gw baru aja beres beresin kosan dan nemu barang barang lama dr jaman sma. ad foto kelas, surat dr mantan, sm buku diary yg isinya cringe bgt kalo dibaca skrg. jadi nostalgia sendiri inget masa masa dulu yg lebih sederhana. kadang kangen jg sih jadi anak sma lg tanpa mikirin skripsi
119;179;11-50;80321.0;text;;[];False;False;f8334cd35571ac09;[];ketemuan di mall jam 3 ya
120;179;11-50;80331.0;text;;[];False;False;429a8a88c0d72b74;[];gw nyari parkir dulu bentar
121;179;101-500;80334.0;text;;[];False;False;f8334cd35571ac09;[];gw baru aja beres beresin kosan dan nemu barang barang lama dr jaman sma. ad foto kelas, surat dr mantan, sm buku diary yg isinya cringe bgt kalo dibaca skrg. jadi nostalgia sendiri inget masa masa dulu yg lebih sederhana. kadang kangen jg sih jadi anak sma lg tanpa mikirin skripsi
122;179;11-50;80338.0;text;;[];False;False;f8334cd35571ac09;[];gw nyari parkir dulu bentar
123;179;11-50;80582.0;text;;[];True;False;952659779523cd55;[];nilai keluar kapan ya?
124;179;11-50;80590.0;text;;[];True;False;1e9822711688fba3;[];wifi password nya apa sih?
125;179;1-10;80598.0;text;;[];False;False;429a8a88c0d72b74;[];emm
126;179;1-10;80620.0;text;124.0;[];False;False;f8334cd35571ac09;[];kok
127;179;1-10;81138.0;text;;[];False;False;34c758c0752f2ad6;[];yaa!!
128;179;1-10;81203.0;text;;[];False;False;f8334cd35571ac09;[];mah
129;179;11-50;81203.0;text;;[];False;False;f8334cd35571ac09;[];gw nyari parkir dulu bentar
130;179;0;81212.0;image/jpeg;;[];False;False;f8334cd35571ac09;[];[Foto]
131;179;51-100;81273.0;text;;[];False;False;67dd671eb77f5b53;[];motor gw mogok di tengah jalan tadi pagi jadi gw telat masuk kelas
132;179;1-10;81276.0;text;;[];False;False;67dd671eb77f5b53;[];kok
133;179;11-50;81278.0;text;;[];False;False;67dd671eb77f5b53;[];gw udah di parkiran nih
134;179;101-500;81353.0;text;;['😂'];False;False;da338bd7da5a29bc;[];Gw baru aja beres beresin kosan dan nemu barang barang lama dari jaman SMA. ada foto kelas, surat dari mantan, sama buku diary yang isinya cringe banget kalo dibaca sekarang. jadi nostalgia sendiri inget masa masa dulu yang lebih sederhana. kadang kangen juga sih jadi anak SMA lagi tanpa mikirin skripsi.
135;179;11-50;81470.0;text;;[];True;False;34c758c0752f2ad6;[];ada yg mau bareng!!
136;179;1-10;81470.0;text;;[];False;False;34c758c0752f2ad6;[];mah!!!
137;179;11-50;81902.0;text;;[];False;False;67dd671eb77f5b53;[];jangan lupa bawa duit cash
138;179;11-50;81908.0;text;;[];False;False;67dd671eb77f5b53;[];macet parah di jalan tol
139;179;11-50;81916.0;text;;[];False;False;67dd671eb77f5b53;[];bsk sore ada waktu ga
140;179;11-50;82040.0;text;;[];False;False;f8334cd35571ac09;[];gw lg di warkop nih
141;179;11-50;82046.0;text;;[];False;False;f8334cd35571ac09;[];gw udah di parkiran nih
142;179;1-10;82050.0;text;;['🙏🏼'];False;False;f8334cd35571ac09;[];oii
143;179;51-100;82171.0;text;;[];False;False;429a8a88c0d72b74;[];gw lagi nyoba masak rendang resep nyokap tapi kayaknya gagal total deh
144;179;1-10;82181.0;text;;['🥴'];False;False;f8334cd35571ac09;[];ahh
145;179;1-10;82207.0;text;;[];False;False;f8334cd35571ac09;[];ooh
146;179;11-50;82514.0;text;;[];False;False;34c758c0752f2ad6;[];ketemuan di mall jam 3 ya!!
147;179;11-50;82570.0;text;;[];False;False;f8334cd35571ac09;[];bsk sore ad waktu ga
148;179;11-50;82604.0;image/jpeg;;[];False;False;429a8a88c0d72b74;[];[Foto]
149;179;51-100;82702.0;text;;[];False;False;f8334cd35571ac09;[];kemarin malem gw begadang nonton bola sampe subuh terus ketiduran
150;179;11-50;82716.0;text;;[];False;False;f8334cd35571ac09;[];gw ngga bs ikut malem ni
151;179;51-100;82745.0;text;;[];False;False;f8334cd35571ac09;[];temen sekamar gw pindah kosan jadi skrg gw sendirian di kamar
152;179;11-50;82753.0;text;;[];False;False;da338bd7da5a29bc;[];Jangan lupa bawa duit cash.
153;179;11-50;82758.0;text;;[];False;False;da338bd7da5a29bc;[];Gw ngga bisa ikut malem ini.
154;179;11-50;82769.0;text;;[];False;False;429a8a88c0d72b74;[];bsk sore ada waktu ga
155;179;1-10;82775.0;text;;[];False;False;f8334cd35571ac09;[];woi
156;179;51-100;82778.0;text;;['😂'];False;False;f8334cd35571ac09;[];temen sekamar gw pindah kosan jadi skrg gw sendirian di kamar
157;179;11-50;82783.0;text;;[];False;False;da338bd7da5a29bc;[];Macet parah di jalan tol.
158;179;11-50;82792.0;text;;[];False;False;f8334cd35571ac09;[];gw naik ojol aja deh
159;180;101-500;95552.0;text;;['🤣'];False;True;520579885d41181b;[];yesss gw akhirnyaaaa dapett nilai a di mata kuliah yanggg palinggg gw takutinnnn selamaaaa ini! padahal gw udahh pasrah banget pas ujian soalnya soalnya susah parah. ternyata tugasss dan presentasii gw nilainya bagus jadi bisa nutupin nilai ujian. alhamdulillah banget perjuangann ga sia sia!
160;180;51-100;95618.0;text;;['🤣'];False;False;5b84a0355e8e6fc8;[];weekend ini gw mau staycation aja di kosan binge watching series baru
161;180;51-100;95647.0;text;;[];False;False;5b84a0355e8e6fc8;[];tadi di kantin ketemu anak angkatan bawah yang kenal sama temen SMA gw
162;180;11-50;95984.0;text;;[];False;False;f8334cd35571ac09;[];nongkrong yuk di kafe biasa
163;180;1-10;95987.0;text;;[];False;False;f8334cd35571ac09;[];cuy
164;181;51-100;101940.0;text;;[];True;False;67bd5da43f6b0e96;[];gimana caranya biar bisa fokus belajar tanpa main hp terus ya?
165;181;0;101950.0;image/jpeg;;[];False;False;67bd5da43f6b0e96;[];[Foto]
166;181;11-50;101963.0;text;;[];False;False;da338bd7da5a29bc;[];Ketemuan di mall jam 3 ya.
167;181;11-50;101967.0;text;;[];False;False;67dd671eb77f5b53;[];gw nyari parkir dulu bentar
168;181;11-50;103458.0;text;;[];False;False;429a8a88c0d72b74;[];rame banget disini cuy
169;181;11-50;103461.0;text;;[];False;False;429a8a88c0d72b74;[];gw lagi di warkop nih
170;181;51-100;105746.0;text;;['😂'];False;False;a0c0c0fcf00e254f;[];gw lagi nyoba masak rendang resep nyokap tapi kayaknya gagal total deh
171;181;51-100;105767.0;text;;[];False;False;a0c0c0fcf00e254f;[];motor gw mogok di tengah jalan tadi pagi jadi gw telat masuk kelas
172;181;11-50;105849.0;text;;[];False;False;34c758c0752f2ad6;[];ketemuan di mall jam 3 ya!!!
173;181;0;105894.0;sticker/webp;;[];False;False;34c758c0752f2ad6;[];[Stiker]
174;181;11-50;105895.0;video/mp4;;[];False;False;34c758c0752f2ad6;[];[Video]
175;181;11-50;105911.0;text;;[];False;False;34c758c0752f2ad6;[];gw ngga bisa ikut malem ini!!!
176;181;11-50;107034.0;text;;[];False;False;429a8a88c0d72b74;[];jangan lupa bawa duit cash
177;181;11-50;107036.0;text;;[];False;False;429a8a88c0d72b74;[];gw lagi di warkop nih
178;181;51-100;111599.0;text;;[];False;False;f8334cd35571ac09;[];motor gw mogok di tengah jalan tadi pagi jadi gw telat masuk kelas
179;181;0;111619.0;video/mp4;;[];False;False;f8334cd35571ac09;[];[Video]
180;181;51-100;111751.0;text;;['🤣'];False;False;bc6dfeff63215c29;[];GW HARUS NABUNG LEBIH BANYAK SIH BUAT BAYAR UANG SEMESTER YANG NAIK
181;181;11-50;111898.0;text;;[];False;False;429a8a88c0d72b74;[];gw naik ojol aja deh
182;181;1-10;111913.0;text;;['😂'];False;False;f8334cd35571ac09;[];ahh
183;181;51-100;111978.0;text;;[];False;False;bc6dfeff63215c29;[];TEMEN SEKAMAR GW PINDAH KOSAN JADI SEKARANG GW SENDIRIAN DI KAMAR
184;181;51-100;111978.0;text;;[];False;False;bc6dfeff63215c29;[];GW LAGI NYOBA MASAK RENDANG RESEP NYOKAP TAPI KAYAKNYA GAGAL TOTAL DEH
185;181;1-10;111980.0;text;;['😂'];False;False;da338bd7da5a29bc;[];Emm.
186;181;0;114164.0;sticker/webp;;[];False;False;34c758c0752f2ad6;[];[Stiker]
187;182;11-50;116742.0;text;;[];False;False;34c758c0752f2ad6;[];jangan lupa bawa duit cash!!
188;182;11-50;116750.0;text;;[];False;False;34c758c0752f2ad6;[];jangan lupa bawa duit cash!!
189;182;11-50;116763.0;text;;[];False;False;34c758c0752f2ad6;[];ketemuan di mall jam 3 ya!!
190;182;11-50;116778.0;text;;[];False;False;34c758c0752f2ad6;[];gw lagi di warkop nih!!
191;182;51-100;116813.0;text;;[];False;False;429a8a88c0d72b74;[];motor gw mogok di tengah jalan tadi pagi jadi gw telat masuk kelas
192;183;101-500;163144.0;text;;[];True;False;34c758c0752f2ad6;[];eh ada yang punya rekomendasi laptop budget 5 jutaan yang bagus buat kuliah dan ngoding ga? laptop gw yang sekarang udah mulai lemot dan sering ngehang kalo buka banyak tab. pengennya sih yang ringan buat dibawa ke kampus tapi tetep kenceng performanya, ada saran!!!
193;183;11-50;163149.0;text;;[];False;False;34c758c0752f2ad6;[];hujan deres ga bawa payung!!!
194;183;51-100;164964.0;text;;[];False;False;b1a879cfa170b5d6;[];GW LAGI DENGERIN PODCAST TENTANG PSIKOLOGI, LUMAYAN BUAT NAMBAH WAWASAN
195;183;51-100;165024.0;text;;[];False;False;b1a879cfa170b5d6;[];TADI GW ANTRI DI ADMINISTRASI KAMPUS 2 JAM CUMA BUAT NGURUS SURAT
196;183;11-50;165035.0;text;;[];True;False;b1a879cfa170b5d6;[];BESOK LIBUR BUKAN SIH?
197;183;1-10;165043.0;text;;[];False;False;34c758c0752f2ad6;[];okey!!!
198;183;1-10;165055.0;text;;[];False;False;34c758c0752f2ad6;[];okey!!
199;183;1-10;165057.0;text;;[];False;False;5b84a0355e8e6fc8;[];hem
200;183;11-50;165106.0;text;;[];False;False;b1a879cfa170b5d6;[];NTAR GW KABARIN LAGI DEH
201;183;11-50;165132.0;text;;[];False;False;b1a879cfa170b5d6;[];GW LAGI DI ATM SEBENTAR
202;183;1-10;165354.0;text;;[];False;False;f8334cd35571ac09;[];yoii
203;183;11-50;166054.0;text;;[];False;False;b1a879cfa170b5d6;[];GW LG SIBUK BGT MINGGU INI
204;183;11-50;166078.0;text;;[];True;False;f8334cd35571ac09;[];bs jemput gw ga?
205;183;51-100;166571.0;text;;[];False;False;b1a879cfa170b5d6;[];GW LAGI DENGERIN PODCAST TENTANG PSIKOLOGI, LUMAYAN BUAT NAMBAH WAWASAN
206;183;0;166612.0;image/jpeg;;[];False;False;b1a879cfa170b5d6;[];[Foto]
207;183;0;166701.0;image/jpeg;;[];False;False;b1a879cfa170b5d6;[];[Foto]
208;183;11-50;166773.0;text;;[];True;False;f8334cd35571ac09;[];msh buka ga warungnya?
209;183;11-50;166920.0;text;;[];False;False;b1a879cfa170b5d6;[];LU TIM MANA DUKUNGNYA
210;183;0;166931.0;image/jpeg;;[];False;False;b1a879cfa170b5d6;[];[Foto]
211;183;1-10;167136.0;text;;[];False;False;f8334cd35571ac09;[];okk
212;183;11-50;167277.0;text;;[];False;False;b1a879cfa170b5d6;[];NTAR GW KABARIN LAGI DEH
213;183;51-100;167407.0;text;;[];False;False;b1a879cfa170b5d6;[];LAPTOP GW MULAI LEMOT NIH KAYAKNYA HARUS INSTALL ULANG ATAU GANTI RAM
214;183;11-50;167781.0;text;;[];True;False;67bd5da43f6b0e96;[];mau nitip apa ga?
215;183;1-10;167846.0;text;;[];False;False;a0c0c0fcf00e254f;[];okey
216;183;11-50;167939.0;text;;[];False;False;67bd5da43f6b0e96;[];dompet gw ketinggalan di... rumah
217;183;11-50;167992.0;text;;[];False;False;f8334cd35571ac09;[];dompet gw ketinggalan di rumah
218;183;1-10;168000.0;text;;['😂'];False;False;f8334cd35571ac09;[];siapp
219;183;11-50;168849.0;text;;['😂'];False;False;67bd5da43f6b0e96;[];hp gw lowbat nih
220;183;11-50;168969.0;text;;[];False;False;34c758c0752f2ad6;[];charger hp gw rusak lagi!!
221;183;0;168976.0;sticker/webp;;[];False;False;34c758c0752f2ad6;[];[Stiker]
222;183;51-100;172696.0;text;;[];True;False;da338bd7da5a29bc;[];ada yang mau patungan buat beli kado ulang tahun si anu ga?
223;183;51-100;173278.0;text;;[];False;False;1e9822711688fba3;[];gw lagi dengerin podcast tentang psikologi, lumayan buat nambah wawasan
224;183;51-100;173314.0;text;;[];False;False;da338bd7da5a29bc;[];Duit jajan gw abis padahal baru tanggal 15 harus ngirit banget nih.
225;183;101-500;173375.0;text;;[];False;False;da338bd7da5a29bc;[];Minggu lalu gw akhirnya beraniin diri buat ngomong sama dosen pembimbing soal progress skripsi yang mandek. ternyata beliau pengertian banget dan kasih banyak masukan yang berguna. gw nyesel ga ngomong dari awal soalnya selama ini gw cuma takut ditolak atau dimarahin padahal dosennya baik banget.
226;183;1-10;173724.0;text;;['😂'];False;False;34c758c0752f2ad6;[];okk!!!
227;183;101-500;174746.0;image/jpeg;;[];False;False;429a8a88c0d72b74;[];[Foto]
228;183;1-10;174794.0;text;;[];False;False;f8334cd35571ac09;[];seep
229;183;1-10;175107.0;text;;[];False;False;429a8a88c0d72b74;[];iyaa
230;183;11-50;175109.0;text;;[];False;False;34c758c0752f2ad6;[];hujan deres ga bawa payung!!!
231;183;1-10;175110.0;text;;[];True;False;34c758c0752f2ad6;[];ada!!!
232;183;11-50;175128.0;text;;[];False;False;f8334cd35571ac09;[];lu tim mana dukungnya
233;183;51-100;175131.0;text;;[];False;False;429a8a88c0d72b74;[];tadi gw antri di administrasi kampus 2 jam cuma buat ngurus surat
234;183;1-10;175132.0;text;;[];False;False;f8334cd35571ac09;[];gassss
235;183;1-10;175139.0;text;;[];True;False;f8334cd35571ac09;[];yg mn?
236;183;1-10;175145.0;text;;['😂'];False;False;f8334cd35571ac09;[];okey
237;183;51-100;175158.0;text;;[];False;False;429a8a88c0d72b74;[];laptop gw mulai lemot nih kayaknya harus install ulang atau ganti RAM
238;183;51-100;175248.0;text;;[];False;False;952659779523cd55;[];laptop gw mulai lemot nih kayaknya hrs install ulang... atau ganti ram
239;183;51-100;175289.0;text;;[];False;False;429a8a88c0d72b74;[];gw lagi dengerin podcast tentang psikologi, lumayan buat nambah wawasan
240;183;1-10;175332.0;text;;['☝🏼'];False;False;da338bd7da5a29bc;[];Oh.
241;183;51-100;175358.0;text;;[];False;False;da338bd7da5a29bc;[];Gw lagi dengerin podcast tentang psikologi, lumayan buat nambah wawasan.
242;183;11-50;175369.0;text;;[];False;False;da338bd7da5a29bc;[];Charger hp gw rusak lagi.
243;183;11-50;179944.0;text;;[];True;False;f8334cd35571ac09;[];gw hrs bawa apa aja?
244;183;11-50;179949.0;text;;[];False;False;f8334cd35571ac09;[];hp gw lowbat nih
245;183;11-50;181162.0;text;;[];False;False;67dd671eb77f5b53;[];bentar ya gw lg di jalan
246;183;11-50;181167.0;image/jpeg;;[];True;False;67dd671eb77f5b53;[];[Foto]
247;183;11-50;181381.0;text;;[];False;False;f8334cd35571ac09;[];capek bgt hari ni asli
248;183;11-50;181499.0;text;;['😊'];False;False;67dd671eb77f5b53;[];capek banget hari ini asli
249;183;11-50;181521.0;text;;[];False;False;429a8a88c0d72b74;[];gw baru ganti nomor btw
250;183;11-50;182878.0;text;;[];True;False;f8334cd35571ac09;[];msh buka ga warungnya?
251;183;51-100;182974.0;text;;[];False;False;429a8a88c0d72b74;[];duit jajan gw abis padahal baru tanggal 15 harus ngirit banget nih
252;183;1-10;183365.0;text;250.0;[];False;False;da338bd7da5a29bc;[];Okk.
253;183;11-50;183379.0;text;;[];True;False;f8334cd35571ac09;[];msh buka ga warungnya?
254;183;11-50;183387.0;text;;['😂'];False;False;f8334cd35571ac09;[];internet mati lg di kosan
255;183;11-50;183410.0;text;;[];True;False;da338bd7da5a29bc;[];lu punya kontak dia ga?
256;183;11-50;183850.0;text;;[];False;False;f8334cd35571ac09;[];gw baru ganti nomor btw
257;183;51-100;184541.0;text;;[];False;False;da338bd7da5a29bc;[];Tadi gw antri di administrasi kampus 2 jam cuma buat ngurus surat.
258;184;11-50;186792.0;text;;[];True;False;da338bd7da5a29bc;['f8334cd35571ac09'];siapa yang mau ikut?
259;184;11-50;186843.0;text;;[];False;False;f8334cd35571ac09;[];lab komputer penuh terus
260;184;11-50;186859.0;text;;[];True;False;f8334cd35571ac09;[];jadi ketemuan ga hari ni?
261;184;1-10;186867.0;text;;[];False;False;da338bd7da5a29bc;[];Siap.
262;184;11-50;188002.0;text;;[];True;False;429a8a88c0d72b74;[];jadi ketemuan ga hari ini?
263;184;1-10;188031.0;text;;[];False;False;da338bd7da5a29bc;[];Ok.
264;184;1-10;188060.0;text;;[];False;False;429a8a88c0d72b74;[];yoi
265;184;11-50;191982.0;text;;[];True;False;5b84a0355e8e6fc8;[];siapa yang mau ikut?
266;184;11-50;191998.0;text;;[];False;False;da338bd7da5a29bc;[];Presentasi gw amburadul.
267;184;1-10;192044.0;text;;[];False;False;5b84a0355e8e6fc8;[];haha
268;184;1-10;192057.0;text;;[];False;False;5b84a0355e8e6fc8;[];yuk
269;185;101-500;199223.0;text;;[];False;False;f8334cd35571ac09;[];gw pengen curhat sedikit nih. akhir akhir ni gw ngerasa burnout bgt sm rutinitas kuliah yg tu tu aja. bangun pagi, kuliah, tugas, tidur, repeat. kadang gw ngerasa kyk robot yg cuma jalan sesuai program tanpa tau tujuan akhirnya apa. mgkn gw butuh liburan beneran buat refresh otak
270;185;1-10;199816.0;text;;[];False;False;429a8a88c0d72b74;[];goks
271;185;11-50;199824.0;text;;[];False;False;429a8a88c0d72b74;[];bokap gw lagi di luar kota
272;185;11-50;201237.0;text;;[];True;False;34c758c0752f2ad6;[];lu lagi ngapain sih!!!
273;185;0;201491.0;audio;;[];False;False;429a8a88c0d72b74;[];[Voice Note]
274;185;11-50;201639.0;text;;[];True;False;4a6ca718df4d5631;[];knp ga bales chat gw?
275;185;1-10;201672.0;text;;[];False;False;34c758c0752f2ad6;[];mager!!
276;185;11-50;202003.0;text;;[];False;False;da338bd7da5a29bc;[];Film baru di bioskop bagus ga.
277;185;11-50;202045.0;text;;[];False;True;4a6ca718df4d5631;[];seru bgt tadi malem!
278;185;11-50;204968.0;text;;[];True;False;67dd671eb77f5b53;[];lu lagi ngapain sih?
279;185;11-50;205044.0;text;;[];False;False;34c758c0752f2ad6;[];mama minta gw pulang weekend!!
280;185;11-50;205046.0;text;;[];False;False;34c758c0752f2ad6;[];duit bulanan belum dikirim!!
281;185;51-100;205062.0;text;;[];False;False;67dd671eb77f5b53;[];adek gw mau masuk kuliah tahun depan gw harus bantu cariin info jurusan
282;185;11-50;205063.0;text;;[];False;False;34c758c0752f2ad6;[];film baru di bioskop bagus ga!!
283;185;11-50;205074.0;text;;[];False;False;67dd671eb77f5b53;[];adek gw masuk sma tahun ini
284;185;51-100;205086.0;text;;[];False;False;67dd671eb77f5b53;[];besok ada bazaar di kampus katanya banyak makanan murah, pada ikut ga
285;185;11-50;205088.0;text;;[];False;False;67dd671eb77f5b53;[];gw kangen masakan rumah
286;185;11-50;205102.0;text;;[];False;False;34c758c0752f2ad6;[];gw kangen masakan rumah!!!
287;185;1-10;205110.0;text;;[];False;False;67dd671eb77f5b53;[];goks
288;185;11-50;205113.0;text;;[];False;False;67dd671eb77f5b53;[];mama minta gw pulang weekend
289;185;1-10;205320.0;text;;[];False;False;34c758c0752f2ad6;[];goks!!!
290;186;11-50;213193.0;application/pdf;;[];False;False;67bd5da43f6b0e96;[];[Dokumen PDF]
291;186;11-50;213395.0;application/zip;;[];False;False;67bd5da43f6b0e96;[];[application/zip]
292;186;11-50;213435.0;application/zip;;[];False;False;67bd5da43f6b0e96;[];[application/zip]
293;186;101-500;213499.0;text;;[];False;False;67bd5da43f6b0e96;[];gw baru aja beres beresin kosan dan nemu barang barang lama dari... jaman SMA. ada foto kelas, surat dari mantan,... sama buku diary yang isinya cringe banget kalo dibaca sekarang. jadi nostalgia sendiri inget masa masa... dulu yang lebih sederhana.... kadang kangen juga sih jadi anak SMA lagi tanpa mikirin... skripsi
294;186;101-500;213499.0;text;;[];False;False;67bd5da43f6b0e96;[];gw baru aja beres beresin kosan dan nemu barang barang lama dari jaman SMA. ada foto kelas, surat dari mantan,... sama buku diary yang isinya cringe banget... kalo... dibaca sekarang.... jadi nostalgia sendiri... inget masa... masa... dulu yang lebih sederhana.... kadang kangen juga sih... jadi... anak SMA lagi... tanpa mikirin skripsi...
295;186;11-50;213695.0;text;;[];False;False;34c758c0752f2ad6;[];macet parah di jalan tol!!!
296;186;11-50;213702.0;text;;[];False;False;34c758c0752f2ad6;[];jangan lupa bawa duit cash!!
297;187;101-500;259307.0;text;;[];False;False;bc6dfeff63215c29;[];KEMARIN MALEM GW SAMA TEMEN TEMEN NONGKRONG DI WARKOP BIASA SAMPE JAM 12 MALEM. KITA NGOBROL BANYAK HAL DARI MULAI TUGAS KULIAH, RENCANA LIBURAN, SAMPE MASALAH PERCINTAAN. SERU SIH WALAU BESOKNYA GW KESIANGAN MASUK KELAS PAGI DAN DOSEN NEGUR DI DEPAN SEMUA ORANG. MALU TAPI YA GIMANA LAGI
298;187;0;259563.0;unknown;;[];False;False;67dd671eb77f5b53;[];[Media tidak dikenal]
299;187;0;259627.0;sticker/webp;;[];False;False;bc6dfeff63215c29;[];[Stiker]
300;187;1-10;259651.0;text;;['😔'];False;False;67dd671eb77f5b53;[];lol
301;187;11-50;259713.0;text;297.0;['🥲', '♥️'];True;False;da338bd7da5a29bc;[];bayar berapa sih tadi?
302;187;11-50;259736.0;text;;['😎'];False;False;bc6dfeff63215c29;[];GW MAU PESEN GOFOOD DULU
303;187;11-50;259759.0;text;;[];False;False;da338bd7da5a29bc;[];Porsi makan gw nambah terus.
304;187;1-10;259781.0;text;;[];True;False;da338bd7da5a29bc;[];masa?
305;187;11-50;259803.0;text;;[];False;False;da338bd7da5a29bc;[];Porsi makan gw nambah terus.
306;187;0;259820.0;unknown;;[];False;False;f8334cd35571ac09;[];[Media tidak dikenal]
307;187;11-50;260412.0;text;;[];False;False;bc6dfeff63215c29;[];SARAPAN DULU BARU MIKIR
308;187;51-100;261374.0;text;;[];True;False;f8334cd35571ac09;[];ad yg tau knp kantin kampus tutup lebih awal hari ni ga sih?
309;187;11-50;261379.0;text;;[];False;False;f8334cd35571ac09;[];gw mau nyoba restoran baru
310;187;11-50;261388.0;text;;[];False;False;f8334cd35571ac09;[];sarapan dulu baru mikir
311;187;1-10;261402.0;text;;[];False;False;952659779523cd55;[];bro
312;187;11-50;261412.0;text;;[];True;False;f8334cd35571ac09;[];udah sampe belom?
313;187;11-50;261449.0;text;;[];False;False;da338bd7da5a29bc;[];Kopi susu yg biasa ya.
314;187;11-50;261455.0;text;;[];False;False;da338bd7da5a29bc;[];Gw mau pesen gofood dulu.
315;187;51-100;261462.0;text;;[];False;False;da338bd7da5a29bc;[];Dompet gw ilang kemarin di angkot tapi alhamdulillah ada yang nemuin.
316;187;11-50;261466.0;text;;[];False;False;f8334cd35571ac09;[];gw lg diet tp gagal mulu
317;187;1-10;261473.0;text;;['✌🏼'];False;False;da338bd7da5a29bc;[];Woy.
318;187;51-100;261487.0;text;;[];False;False;da338bd7da5a29bc;[];Weekend ini gw mau staycation aja di kosan binge watching series baru.
319;187;11-50;261500.0;text;;[];False;False;da338bd7da5a29bc;[];Nongkrong yuk di kafe biasa.
320;187;1-10;262215.0;text;;[];False;False;67dd671eb77f5b53;[];sip
321;188;51-100;450923.0;text;;[];True;False;bc6dfeff63215c29;[];KIRA KIRA KALO GW APPLY MAGANG SEKARANG MASIH KEBURU GA YA?
322;188;51-100;451253.0;text;;[];True;False;da338bd7da5a29bc;[];kira kira kalo gw apply magang sekarang masih keburu ga ya?
323;188;51-100;451347.0;text;;[];False;False;bc6dfeff63215c29;[];DOSEN KILLER ITU TERNYATA BAIK BANGET ORANGNYA KALO DIAJAK NGOBROL SANTAI
324;188;11-50;451379.0;text;;[];False;False;1e9822711688fba3;[];gw lagi,,, baca novel baru nih
325;188;11-50;451391.0;text;;[];False;False;1e9822711688fba3;[];podcast yg lu rekomen mana
326;188;11-50;451396.0;text;;[];False;False;1e9822711688fba3;[];badminton yuk sore ini
327;188;51-100;451493.0;text;;[];False;False;da338bd7da5a29bc;[];Dosen killer itu ternyata baik banget orangnya kalo diajak ngobrol santai.
328;188;11-50;451544.0;text;;[];False;False;1e9822711688fba3;[];manga terbaru udah keluar,,, loh
329;188;101-500;451618.0;text;;[];False;False;bc6dfeff63215c29;[];TADI SIANG GW MAKAN DI WARUNG MAKAN BARU DEKET GERBANG BELAKANG KAMPUS. NASI GORENGNYA LUMAYAN ENAK DAN HARGANYA MURAH BANGET CUMA 12 RIBU UDAH SAMA ES TEH. KAYAKNYA BAKAL JADI LANGGANAN BARU DEH SOALNYA WARTEG BIASA GW UDAH MULAI NAIK HARGA DAN PORSINYA MAKIN DIKIT AJA
330;188;11-50;453703.0;text;;[];False;False;67dd671eb77f5b53;[];manga terbaru udah keluar loh
331;188;11-50;453752.0;text;;[];False;False;da338bd7da5a29bc;[];Manga terbaru udah keluar loh.
332;188;1-10;454207.0;text;;[];False;False;f8334cd35571ac09;[];btw
333;188;1-10;454210.0;text;;['😂'];False;False;f8334cd35571ac09;[];sans
334;188;11-50;456241.0;text;;[];False;False;67dd671eb77f5b53;[];badminton yuk sore ini
335;188;11-50;457584.0;text;;[];True;False;520579885d41181b;[];booking duluan apaaa langsung aja?
336;188;101-500;458534.0;text;;[];False;False;bc6dfeff63215c29;[];TADI SIANG GW MAKAN DI WARUNG MAKAN BARU DEKET GERBANG BELAKANG KAMPUS. NASI GORENGNYA LUMAYAN ENAK DAN HARGANYA MURAH BANGET CUMA 12 RIBU UDAH SAMA ES TEH. KAYAKNYA BAKAL JADI LANGGANAN BARU DEH SOALNYA WARTEG BIASA GW UDAH MULAI NAIK HARGA DAN PORSINYA MAKIN DIKIT AJA
337;188;11-50;458599.0;text;;[];False;False;bc6dfeff63215c29;[];GYM HARI INI SKIP DEH
338;188;11-50;458829.0;text;;[];True;False;520579885d41181b;[];ada sinyal ga disitu?
339;188;1-10;460548.0;text;;[];False;False;bc6dfeff63215c29;[];IH
340;189;101-500;465303.0;text;;[];False;False;67bd5da43f6b0e96;[];tadi siang gw makan di warung makan baru deket gerbang... belakang kampus.... nasi gorengnya lumayan enak... dan harganya murah banget cuma 12 ribu udah... sama es teh.... kayaknya bakal jadi... langganan baru deh soalnya warteg biasa gw udah mulai naik harga dan... porsinya makin dikit aja
341;189;1-10;465323.0;text;;[];False;False;5b84a0355e8e6fc8;[];hoki
342;189;11-50;465330.0;text;;[];True;False;5b84a0355e8e6fc8;[];booking duluan apa langsung aja?
343;189;11-50;465347.0;text;340.0;['😂'];True;False;da338bd7da5a29bc;[];tadi ngomong apa sih dosennya?
344;189;11-50;465362.0;text;;[];False;False;f8334cd35571ac09;[];gw lg baca novel baru nih
345;189;101-500;465386.0;text;340.0;[];False;False;a0c0c0fcf00e254f;[];tadi siang gw makan di warung makan baru deket gerbang belakang kampus. nasi gorengnya lumayan enak dan harganya murah banget cuma 12 ribu udah sama es teh. kayaknya bakal jadi langganan baru deh soalnya warteg biasa gw udah mulai naik harga dan porsinya makin dikit aja
346;189;51-100;465392.0;text;;[];False;False;f8334cd35571ac09;[];gw hrs ganti strategi belajar sih soalnya nilai uts kemarin jelek bgt
347;189;0;465396.0;sticker/webp;;[];False;False;a0c0c0fcf00e254f;[];[Stiker]
348;189;101-500;465421.0;text;;[];False;False;67bd5da43f6b0e96;[];tadi siang gw makan di warung makan baru deket gerbang belakang kampus.... nasi gorengnya lumayan... enak dan harganya... murah banget... cuma... 12 ribu udah sama es teh. kayaknya bakal jadi langganan baru deh soalnya warteg biasa... gw udah mulai naik harga dan porsinya makin dikit aja
349;189;11-50;465438.0;text;;[];False;False;67bd5da43f6b0e96;[];album baru dia enak banget...
350;189;11-50;465459.0;text;;['😞'];False;False;a0c0c0fcf00e254f;[];futsal besok jadi ga
351;189;1-10;465471.0;text;;[];False;False;67bd5da43f6b0e96;[];oot
352;189;0;465514.0;sticker/webp;;[];False;False;34c758c0752f2ad6;[];[Stiker]
353;189;101-500;465516.0;text;;[];False;False;34c758c0752f2ad6;[];tadi siang gw makan di warung makan baru deket gerbang belakang kampus. nasi gorengnya lumayan enak dan harganya murah banget cuma 12 ribu udah sama es teh. kayaknya bakal jadi langganan baru deh soalnya warteg biasa gw udah mulai naik harga dan porsinya makin dikit aja!!!
354;189;0;465546.0;image/jpeg;;[];False;False;67bd5da43f6b0e96;[];[Foto]
355;189;51-100;465594.0;text;;[];False;False;429a8a88c0d72b74;[];gw gagal diet lagi soalnya tadi sore diajak makan bakso sama temen
356;189;11-50;465595.0;text;;[];False;False;429a8a88c0d72b74;[];podcast yg lu rekomen mana
357;189;11-50;465629.0;text;;[];False;False;67bd5da43f6b0e96;[];futsal besok jadi ga
358;189;101-500;465673.0;text;;['😂'];False;False;a0c0c0fcf00e254f;[];tadi siang gw makan di warung makan baru deket gerbang belakang kampus. nasi gorengnya lumayan enak dan harganya murah banget cuma 12 ribu udah sama es teh. kayaknya bakal jadi langganan baru deh soalnya warteg biasa gw udah mulai naik harga dan porsinya makin dikit aja
359;189;1-10;465690.0;text;;[];False;False;429a8a88c0d72b74;[];dih
360;189;101-500;465701.0;text;;[];False;False;67bd5da43f6b0e96;[];tadi siang gw makan di warung makan baru... deket gerbang belakang kampus. nasi gorengnya lumayan enak... dan harganya murah banget cuma 12 ribu udah sama es teh. kayaknya bakal jadi... langganan baru deh soalnya warteg biasa... gw udah mulai naik harga dan porsinya makin dikit... aja
361;189;51-100;465764.0;text;;[];False;False;67bd5da43f6b0e96;[];semalam hujan gede banget sampe... kosan gw mati lampu semaleman gila
362;189;11-50;465792.0;text;;['🤣', '🙏'];False;False;67bd5da43f6b0e96;[];gym hari ini skip deh
363;189;51-100;465876.0;text;;[];False;False;34c758c0752f2ad6;[];gw harus ganti strategi belajar sih soalnya nilai UTS kemarin jelek bgt!!!
364;189;51-100;465891.0;text;;[];False;False;34c758c0752f2ad6;[];semalam hujan gede banget sampe kosan gw mati lampu semaleman gila!!!
365;189;1-10;466447.0;text;;['🤣'];False;False;5b84a0355e8e6fc8;[];dih
366;190;11-50;506891.0;text;;[];False;False;f8334cd35571ac09;[];reuni kapan ya kita
367;190;1-10;506898.0;text;;['💪🏼'];False;False;f8334cd35571ac09;[];males
368;190;11-50;506910.0;text;;[];True;False;34c758c0752f2ad6;[];jadwal sidang kapan bro!!
369;190;11-50;506928.0;text;;[];True;False;34c758c0752f2ad6;[];jadwal sidang kapan bro!!!
370;190;11-50;506965.0;text;;[];False;False;90c1a2bcc4328640;[];pacarnya baru siapaa sih
371;190;11-50;507059.0;text;;[];False;False;429a8a88c0d72b74;[];gw berantem sama si anu
372;190;11-50;507286.0;text;;[];False;False;da338bd7da5a29bc;[];Angkot ke sana masih ada ga.
373;190;11-50;507290.0;text;;[];False;False;da338bd7da5a29bc;[];Temen gw sakit masuk RS.
374;190;11-50;507305.0;text;;[];False;False;34c758c0752f2ad6;[];temen gw sakit masuk RS!!!
375;190;51-100;507446.0;text;;[];False;False;da338bd7da5a29bc;[];Gw baru aja dapet kabar kalo temen kita diterima kerja di luar negeri.
376;190;11-50;507513.0;text;;[];False;False;34c758c0752f2ad6;[];angkot ke sana masih ada ga!!!
377;190;51-100;507566.0;text;;[];False;False;da338bd7da5a29bc;[];Hari ini gw ada rapat organisasi sampe sore jadi ga bisa ikut nongkrong.
378;190;51-100;507576.0;text;;[];False;False;da338bd7da5a29bc;[];Gw baru aja dapet kabar kalo temen kita diterima kerja di luar negeri.
379;190;51-100;507627.0;text;;[];False;False;429a8a88c0d72b74;[];lu harus coba kedai kopi baru di jalan belakang kampus, enak banget
380;190;51-100;507677.0;text;;[];False;False;34c758c0752f2ad6;[];gw baru aja dapet kabar kalo temen kita diterima kerja di luar negeri!!!
381;190;51-100;507678.0;text;;[];False;False;f8334cd35571ac09;[];wifi kosan gw lemot bgt jadi gw ke perpus aja buat ngerjain tugas
382;190;51-100;507695.0;text;;[];False;False;34c758c0752f2ad6;[];gw pengen banget liburan ke pantai tapi duit lagi tipis banget sekarang!!!
383;190;11-50;507705.0;text;;[];False;False;34c758c0752f2ad6;[];temenin gw dong besok!!
384;190;11-50;507709.0;text;;[];False;False;429a8a88c0d72b74;[];reuni kapan ya kita
385;190;1-10;507713.0;text;;['😂'];False;False;34c758c0752f2ad6;[];ywd!!
386;190;11-50;507721.0;text;;[];False;False;429a8a88c0d72b74;[];temen gw sakit masuk RS
387;190;11-50;507735.0;text;;[];False;False;429a8a88c0d72b74;[];reuni kapan ya kita
388;190;1-10;507739.0;text;;[];False;False;429a8a88c0d72b74;[];sama
389;190;11-50;507761.0;text;;[];False;False;34c758c0752f2ad6;[];gw kangen temen temen SMA!!
390;190;101-500;507791.0;text;;['😂'];False;False;da338bd7da5a29bc;[];Hari ini gw iseng nyoba bikin kopi pake metode V60 yang lagi hype di kalangan anak anak kampus. beli alatnya lumayan mahal sih tapi hasilnya emang beda dari kopi sachet biasa. kopinya lebih smooth dan ga terlalu pahit. kayaknya gw bakal ketagihan nih bikin kopi sendiri tiap pagi sebelum ke kampus.
391;190;1-10;507808.0;text;;['😂'];False;False;34c758c0752f2ad6;[];udah!!
392;190;11-50;507815.0;text;;[];False;False;34c758c0752f2ad6;[];reuni kapan ya kita!!
393;190;11-50;507871.0;text;;[];False;False;f8334cd35571ac09;[];angkot ke sana msh ad ga
394;190;11-50;507893.0;text;;[];False;False;429a8a88c0d72b74;[];temenin gw dong besok
395;190;51-100;507893.0;text;;['😂'];True;False;f8334cd35571ac09;[];lu prnh coba belajar bareng di perpus kota ga, enak ga disana?
396;190;11-50;507902.0;text;;[];False;False;429a8a88c0d72b74;[];angkot ke sana masih ada ga
397;190;1-10;507905.0;text;;[];False;False;f8334cd35571ac09;[];gabut
398;190;51-100;507907.0;text;;[];False;False;da338bd7da5a29bc;[];Wifi kosan gw lemot banget jadi gw ke perpus aja buat ngerjain tugas.
399;190;11-50;507920.0;text;;['😂'];False;False;429a8a88c0d72b74;[];reuni kapan ya kita
400;190;11-50;507933.0;text;;[];False;False;da338bd7da5a29bc;[];Reuni kapan ya kita.
401;190;51-100;507940.0;text;;[];False;False;f8334cd35571ac09;[];gw pengen bgt liburan ke pantai tp duit lg tipis bgt skrg
402;190;11-50;507944.0;text;;[];False;False;da338bd7da5a29bc;[];Reuni kapan ya kita.
403;190;11-50;508028.0;text;;[];False;False;1e9822711688fba3;[];pacarnya baru siapa sih
404;190;11-50;508035.0;text;;[];False;False;1e9822711688fba3;[];si itu udah putus katanya
405;190;51-100;508046.0;text;;[];True;False;1e9822711688fba3;[];lu pernah coba,,, belajar bareng di perpus kota ga,,,, enak ga disana?
406;190;11-50;508054.0;text;;['😂'];False;False;1e9822711688fba3;[];eh denger gosip belum
407;190;51-100;508197.0;text;;[];False;False;f8334cd35571ac09;[];wifi kosan gw lemot bgt jadi gw ke perpus aja buat ngerjain tugas
408;190;1-10;508205.0;text;;[];False;False;f8334cd35571ac09;[];udah
409;190;51-100;508284.0;text;;[];False;False;da338bd7da5a29bc;[];Lu harus coba kedai kopi baru di jalan belakang kampus, enak banget.
410;190;101-500;508288.0;text;;[];False;False;a0c0c0fcf00e254f;[];hari ini gw iseng nyoba bikin kopi pake metode v60 yang lagi hype di kalangan anak anak kampus. beli alatnya lumayan mahal sih tapi hasilnya emang beda dari kopi sachet biasa. kopinya lebih smooth dan ga terlalu pahit. kayaknya gw bakal ketagihan nih bikin kopi sendiri tiap pagi sebelum ke kampus
411;190;11-50;508297.0;text;;[];False;False;34c758c0752f2ad6;[];angkot ke sana masih ada ga!!!
412;190;1-10;508297.0;text;;[];False;False;34c758c0752f2ad6;[];setuju!!
413;190;1-10;508301.0;text;;[];False;False;34c758c0752f2ad6;[];hihi!!!
414;190;11-50;508304.0;text;;[];False;False;429a8a88c0d72b74;[];angkot ke sana masih ada ga
415;190;101-500;508374.0;text;410.0;[];False;False;da338bd7da5a29bc;[];Hari ini gw iseng nyoba bikin kopi pake metode V60 yang lagi hype di kalangan anak anak kampus. beli alatnya lumayan mahal sih tapi hasilnya emang beda dari kopi sachet biasa. kopinya lebih smooth dan ga terlalu pahit. kayaknya gw bakal ketagihan nih bikin kopi sendiri tiap pagi sebelum ke kampus.
416;190;11-50;508405.0;text;;[];False;False;34c758c0752f2ad6;[];gw ga percaya sih gosipnya!!!
417;190;11-50;508415.0;text;413.0;[];False;False;429a8a88c0d72b74;[];diem diem ternyata jadian
418;190;101-500;508422.0;text;;[];False;False;da338bd7da5a29bc;[];Hari ini gw iseng nyoba bikin kopi pake metode V60 yang lagi hype di kalangan anak anak kampus. beli alatnya lumayan mahal sih tapi hasilnya emang beda dari kopi sachet biasa. kopinya lebih smooth dan ga terlalu pahit. kayaknya gw bakal ketagihan nih bikin kopi sendiri tiap pagi sebelum ke kampus.
419;190;0;508424.0;sticker/webp;;[];False;False;34c758c0752f2ad6;[];[Stiker]
420;190;11-50;508444.0;text;;[];False;False;da338bd7da5a29bc;[];Eh denger gosip belum.
421;190;11-50;508488.0;text;;[];False;False;34c758c0752f2ad6;[];si itu udah putus katanya!!
422;190;51-100;508508.0;text;;[];False;False;34c758c0752f2ad6;[];lu harus coba kedai kopi baru di jalan belakang kampus, enak banget!!!
423;190;11-50;508605.0;text;;[];False;False;f8334cd35571ac09;[];diem diem ternyata jadian
424;191;0;538543.0;unknown;;[];False;False;90c1a2bcc4328640;[];[Media tidak dikenal]
425;191;0;538874.0;unknown;;[];False;False;90c1a2bcc4328640;[];[Media tidak dikenal]
426;191;11-50;539891.0;text;;[];True;False;1e9822711688fba3;[];boleh gw ikut ga?
427;191;51-100;540112.0;text;;[];False;False;da338bd7da5a29bc;[];Gw udah bikin slides presentasi tapi kayaknya masih kurang bagus deh isinya.
428;191;11-50;540154.0;text;;[];False;False;429a8a88c0d72b74;[];gw laper banget nih
429;191;51-100;540174.0;text;;[];False;False;bc6dfeff63215c29;[];KEMARIN GW KE TOKO BUKU BELI NOVEL BARU SAMA BUKU REFERENSI BUAT SKRIPSI
430;191;11-50;540415.0;text;;[];False;False;520579885d41181b;[];gw laper banget nih
431;191;51-100;540591.0;text;;[];False;False;da338bd7da5a29bc;[];Kosan gw bocor lagi pas hujan semalam, kasur gw basah semua parah banget.
432;191;1-10;540600.0;text;;[];False;False;520579885d41181b;[];hmmmm
433;191;11-50;540611.0;text;;[];False;False;f8334cd35571ac09;[];seminar tadi lama bgt
434;191;1-10;540614.0;text;;['😂'];False;False;f8334cd35571ac09;[];nih
435;191;11-50;540649.0;text;;[];False;False;520579885d41181b;[];lu udahh makan belum
436;191;11-50;540676.0;text;434.0;[];True;False;520579885d41181b;[];ada yang punya catetan?
437;191;51-100;540689.0;text;;[];False;False;da338bd7da5a29bc;[];Gw udah bikin slides presentasi tapi kayaknya masih kurang bagus deh isinya.
438;191;11-50;540697.0;text;;[];False;False;da338bd7da5a29bc;[];Dosen pembimbing susah ditemui.
439;191;11-50;540704.0;text;;[];False;False;da338bd7da5a29bc;[];Mie ayam pak kumis juara sih.
440;191;11-50;540706.0;text;;[];True;False;1e9822711688fba3;[];boleh gw ikut ga?
441;191;11-50;540711.0;text;;[];False;False;429a8a88c0d72b74;[];kelas tambahan hari sabtu sih
442;191;11-50;540715.0;text;;[];False;False;520579885d41181b;[];kelas tambahan hariii sabtu sih
443;191;11-50;540715.0;text;;[];False;False;da338bd7da5a29bc;[];Kelas tambahan hari sabtu sih.
444;191;11-50;540731.0;text;;[];False;False;da338bd7da5a29bc;['429a8a88c0d72b74', '90c1a2bcc4328640'];Lu udah makan belum.
445;191;1-10;540741.0;text;;[];False;False;1e9822711688fba3;[];hmm
446;191;11-50;540743.0;text;;[];False;False;1e9822711688fba3;[];gw mau,,, ambil cuti semester
447;191;11-50;540748.0;text;;[];True;False;1e9822711688fba3;[];ntar malem ngapain?
448;191;11-50;540755.0;text;;[];False;False;da338bd7da5a29bc;[];Mie ayam pak kumis juara sih.
449;191;1-10;540758.0;text;;[];False;False;520579885d41181b;[];bole
450;191;11-50;540785.0;text;;[];False;False;520579885d41181b;[];dosenn pembimbing susahhh ditemui
451;191;1-10;540809.0;text;444.0;[];False;False;429a8a88c0d72b74;[];tuh
452;191;1-10;540817.0;text;;['😂'];False;False;1e9822711688fba3;[];tuh
453;191;11-50;540833.0;text;;[];False;False;429a8a88c0d72b74;[];gw laper banget nih
454;191;0;540841.0;image/jpeg;;[];False;False;520579885d41181b;[];[Foto]
455;191;1-10;540867.0;text;;[];False;False;f8334cd35571ac09;[];nah
456;191;11-50;540894.0;text;;['😂'];False;False;da338bd7da5a29bc;['520579885d41181b'];Gw baru aja dari kampus.
457;191;51-100;540913.0;text;;[];False;False;520579885d41181b;[];kosan gw bocor lagi pas hujan semalam, kasur gw basah semua parahhh banget
458;191;11-50;540932.0;text;;[];False;False;520579885d41181b;[];lu udahhh makan belummmm
459;191;11-50;540973.0;text;;[];True;False;f8334cd35571ac09;[];ad yg pny catetan?
460;191;11-50;540979.0;text;;[];False;False;520579885d41181b;[];seminarrrr tadi lamaaa banget
461;191;1-10;540993.0;text;;[];False;False;520579885d41181b;[];gaje
462;191;11-50;540998.0;text;;[];False;False;429a8a88c0d72b74;[];warteg depan kampus enak
463;191;11-50;541008.0;text;;[];False;False;429a8a88c0d72b74;[];warteg depan kampus enak
464;191;11-50;541056.0;text;;[];True;False;5b84a0355e8e6fc8;[];ntar malem ngapain?
465;191;1-10;541088.0;text;;[];False;False;429a8a88c0d72b74;[];gaje
466;191;1-10;541093.0;text;;[];False;False;429a8a88c0d72b74;[];asli
467;191;1-10;541093.0;text;;[];False;False;429a8a88c0d72b74;[];gaje
468;191;11-50;541106.0;text;;[];False;False;5b84a0355e8e6fc8;[];gw laper banget nih
469;191;11-50;541109.0;text;;[];False;False;5b84a0355e8e6fc8;[];sidang minggu depan doain ya
470;191;11-50;541113.0;text;;[];False;False;bc6dfeff63215c29;[];LU UDAH MAKAN BELUM
471;191;11-50;541137.0;text;;[];False;False;da338bd7da5a29bc;[];Lu udah makan belum.
472;191;11-50;541171.0;text;;[];False;False;f8334cd35571ac09;[];tugas kelompok bikin pusing
473;191;51-100;541171.0;text;463.0;[];False;False;da338bd7da5a29bc;[];Gw lagi mikirin mau ambil magang di perusahaan mana buat semester depan.
474;191;11-50;541197.0;text;;[];False;False;f8334cd35571ac09;[];sidang minggu depan doain ya
475;191;1-10;541197.0;text;;[];False;False;f8334cd35571ac09;[];bet
476;191;101-500;541222.0;text;;[];True;False;da338bd7da5a29bc;['90c1a2bcc4328640'];Menurut kalian kenapa ya generasi kita tuh kayaknya lebih gampang stres dan burnout dibanding generasi orang tua kita dulu? apa karena tekanan sosmed atau emang tuntutan hidup yang makin tinggi ya? gw penasaran aja sih soalnya temen temen gw banyak yang ngeluh hal yang sama.
477;191;11-50;541271.0;text;;[];False;True;5b84a0355e8e6fc8;[];parah sih tadi kejadiannya!
478;191;11-50;541275.0;text;;[];False;False;da338bd7da5a29bc;[];Dosen pembimbing susah ditemui.
479;191;11-50;541303.0;text;;[];False;False;5b84a0355e8e6fc8;[];lu udah makan belum
480;191;11-50;541359.0;text;;[];False;True;f8334cd35571ac09;[];keren abis presentasinya!
481;191;51-100;541779.0;text;;[];False;False;4a6ca718df4d5631;[];gw lg mikirin mau ambil magang di perusahaan mana buat semester depan
482;191;51-100;541944.0;text;444.0;['😂'];False;False;90c1a2bcc4328640;[];jangan lupa besokk kumpul di lobby kampus jam 8 pagi buattt berangkat barenggg
483;191;101-500;542013.0;text;;['😂'];False;False;90c1a2bcc4328640;[];gw lagiii galau banget nih soalll masa depan. mau lanjuttt s2 tapi duitt ga ada, mau langsunggg kerja tapi pengalamannn masihhh minim. nyokapp bilang terserahhh gw ajaa tapi gw tau diaaa pengen gw cepetttt kerjaaa biar bisa bantu ekonomii keluarga. bingung banget sih, kayakkk semuaaaa pilihan ada plus minusnya
484;191;101-500;542016.0;text;;['😂'];False;False;90c1a2bcc4328640;[];gw lagi galau banget nih soall masa depan. mauuuu lanjutt s2 tapiiii duit ga ada, mauuu langsung kerja tapiii pengalaman masih minim. nyokap bilang terserahhhh gw aja tapi gw tauu diaa pengen gw cepettt kerja biar bisaaa bantuuu ekonomii keluarga. bingung banget sih, kayakkk semuaa pilihann ada plussss minusnyaaa
485;191;51-100;542092.0;text;;[];False;False;da338bd7da5a29bc;[];Jangan lupa besok kumpul di lobby kampus jam 8 pagi buat berangkat bareng.
486;191;11-50;542162.0;text;;[];False;False;f8334cd35571ac09;[];mie ayam pak kumis juara sih
487;191;11-50;542169.0;text;;[];True;False;f8334cd35571ac09;[];ad yg pny catetan?
488;191;11-50;542199.0;text;;[];False;False;da338bd7da5a29bc;[];Sidang minggu depan doain ya.
489;191;11-50;542238.0;text;;[];False;False;429a8a88c0d72b74;[];lu udah makan belum
490;191;11-50;542256.0;text;;[];False;False;f8334cd35571ac09;[];gw baru aja dr kampus
491;191;11-50;542361.0;text;;[];False;False;429a8a88c0d72b74;[];tugas kelompok bikin pusing
492;191;11-50;542376.0;text;444.0;[];False;False;90c1a2bcc4328640;[];mie ayammm pak kumis juaraaaa sihhhh
493;191;11-50;542409.0;text;;[];False;False;f8334cd35571ac09;[];gw mau ambil cuti semester
494;192;11-50;553778.0;text;;[];True;False;34c758c0752f2ad6;[];masih buka ga warungnya!!!
495;192;11-50;553884.0;text;;[];False;False;67bd5da43f6b0e96;[];bentar ya gw lg... di jalan
496;192;1-10;553910.0;text;;[];False;False;34c758c0752f2ad6;[];yess!!!
497;193;51-100;598576.0;text;;[];False;False;f8334cd35571ac09;[];gw udah bikin slides presentasi tp kayaknya msh kurang bagus deh isinya
498;193;11-50;598584.0;text;;[];True;False;f8334cd35571ac09;[];ntar malem ngapain?
499;193;11-50;598959.0;text;;[];False;False;1e9822711688fba3;[];seminar tadi lama banget,,,
500;193;51-100;598964.0;text;;[];False;False;1e9822711688fba3;[];gw lagi,,, mikirin,,, mau ambil magang di perusahaan mana buat semester depan
501;193;11-50;598988.0;text;;[];False;False;429a8a88c0d72b74;[];gw mau ambil cuti semester
502;193;51-100;599022.0;text;;[];True;False;34c758c0752f2ad6;[];menurut lu gw harus ambil mata kuliah pilihan yang mana semester depan!!!
503;193;11-50;599059.0;text;;['😂'];False;False;429a8a88c0d72b74;[];mie ayam pak kumis juara sih
504;193;1-10;599097.0;text;;[];False;False;bc6dfeff63215c29;[];NAH
505;194;51-100;604297.0;text;;['👀'];False;False;90c1a2bcc4328640;[];tadi gw ketemu dosenn pembimbing dann dia minta revisi lagi untuk bab 3
506;194;1-10;604902.0;text;;[];False;False;34c758c0752f2ad6;[];oke!!
507;194;11-50;605758.0;text;;[];False;False;f8334cd35571ac09;['34c758c0752f2ad6'];lab komputer penuh terus
508;194;51-100;606017.0;text;;[];True;False;34c758c0752f2ad6;[];eh lu udah dapet info jadwal ujian akhir semester belum dari prodi!!!
509;194;11-50;606033.0;text;;[];False;False;90c1a2bcc4328640;[];perpusss tutup jammm berapaaa ya
510;194;11-50;606071.0;text;;[];False;False;429a8a88c0d72b74;[];eh tadi kelas seru banget
511;194;0;606362.0;sticker/webp;;[];False;False;34c758c0752f2ad6;[];[Stiker]
512;194;1-10;606366.0;text;;[];False;False;34c758c0752f2ad6;[];iya!!
513;195;51-100;627759.0;image/jpeg;;['😂'];False;False;da338bd7da5a29bc;[];[Foto]
514;195;1-10;635453.0;text;;[];False;False;a0c0c0fcf00e254f;[];bet
515;195;101-500;635646.0;text;;[];False;True;67bd5da43f6b0e96;[];YESSS gw akhirnya dapet nilai... A di mata kuliah... yang paling gw... takutin selama ini!... padahal gw udah pasrah banget pas ujian soalnya soalnya... susah parah. ternyata tugas dan presentasi gw nilainya... bagus jadi bisa nutupin nilai ujian. alhamdulillah banget perjuangan ga sia sia!
516;195;11-50;635812.0;text;;[];True;True;429a8a88c0d72b74;[];ntar malem ngapain?
517;195;1-10;635814.0;text;;[];False;False;67bd5da43f6b0e96;[];tuh
518;195;11-50;635835.0;text;;[];False;False;67bd5da43f6b0e96;[];kelas tambahan hari sabtu... sih
519;195;11-50;635843.0;text;;[];False;False;67bd5da43f6b0e96;[];dosen pembimbing susah ditemui
520;195;11-50;635914.0;text;;[];False;False;b1a879cfa170b5d6;[];TUGAS KELOMPOK BIKIN PUSING
521;195;0;635929.0;image/jpeg;;[];False;False;67bd5da43f6b0e96;[];[Foto]
522;195;11-50;636047.0;text;;['😂'];False;False;34c758c0752f2ad6;[];kelas tambahan hari sabtu sih!!
523;195;11-50;636055.0;text;;[];False;False;34c758c0752f2ad6;[];seminar tadi lama banget!!!
524;195;51-100;636587.0;text;;[];True;False;67bd5da43f6b0e96;[];menurut lu gw... harus ambil mata kuliah pilihan... yang... mana semester depan?
525;195;51-100;636669.0;text;;[];False;False;b1a879cfa170b5d6;[];KOSAN GW BOCOR LAGI PAS HUJAN SEMALAM, KASUR GW BASAH SEMUA PARAH BANGET
526;195;51-100;636726.0;text;;[];False;False;67bd5da43f6b0e96;[];kemarin gw ke toko buku beli novel baru sama buku referensi buat... skripsi
527;195;11-50;636728.0;text;;[];False;True;f8334cd35571ac09;[];keren abis presentasinya!
528;195;1-10;636764.0;text;;[];False;False;b1a879cfa170b5d6;[];TUH
529;195;1-10;636921.0;text;;[];False;False;5b84a0355e8e6fc8;[];nah
530;195;51-100;636944.0;text;;[];False;False;5b84a0355e8e6fc8;[];gw lagi mikirin mau ambil magang di perusahaan mana buat semester depan
531;195;51-100;636999.0;text;;[];False;False;429a8a88c0d72b74;[];kemarin gw ke toko buku beli novel baru sama buku referensi buat skripsi
532;195;11-50;637055.0;text;;[];False;False;5b84a0355e8e6fc8;[];lu udah makan belum
533;195;11-50;637073.0;text;;['🙄'];True;False;5b84a0355e8e6fc8;[];boleh gw ikut ga?
534;195;51-100;637132.0;text;;[];False;False;bc6dfeff63215c29;[];KOSAN GW BOCOR LAGI PAS HUJAN SEMALAM, KASUR GW BASAH SEMUA PARAH BANGET
535;195;51-100;637197.0;text;;[];False;False;b1a879cfa170b5d6;[];JANGAN LUPA BESOK KUMPUL DI LOBBY KAMPUS JAM 8 PAGI BUAT BERANGKAT BARENG
536;195;51-100;637203.0;text;;[];False;False;f8334cd35571ac09;[];kosan gw bocor lg pas hujan semalam, kasur gw basah smua parah bgt
537;195;51-100;637262.0;text;;[];False;False;b1a879cfa170b5d6;[];KOSAN GW BOCOR LAGI PAS HUJAN SEMALAM, KASUR GW BASAH SEMUA PARAH BANGET
538;195;11-50;637519.0;text;;[];False;False;520579885d41181b;[];sidangggg minggu depannn doain ya
539;195;0;639598.0;video/mp4;;[];False;False;f8334cd35571ac09;[];[Video]
540;195;11-50;639620.0;text;;[];False;False;f8334cd35571ac09;[];seminar tadi lama bgt
541;195;1-10;639684.0;text;;[];False;False;429a8a88c0d72b74;[];sabi
542;195;0;639685.0;sticker/webp;;[];False;False;34c758c0752f2ad6;[];[Stiker]
543;195;11-50;639709.0;text;;[];False;False;429a8a88c0d72b74;[];tugas kelompok bikin pusing
544;195;51-100;639712.0;text;;[];False;False;34c758c0752f2ad6;[];gw lagi mikirin mau ambil magang di perusahaan mana buat semester depan!!!
545;195;0;639713.0;sticker/webp;;[];False;False;34c758c0752f2ad6;[];[Stiker]
546;195;1-10;639723.0;text;;['😂'];False;False;f8334cd35571ac09;[];bole
547;195;11-50;639729.0;text;;[];False;False;f8334cd35571ac09;[];seminar tadi lama bgt
548;195;11-50;639741.0;text;;[];False;False;f8334cd35571ac09;[];gw laper bgt nih
549;195;11-50;639761.0;text;;[];False;False;429a8a88c0d72b74;[];lu udah makan belum
550;195;51-100;639864.0;text;;[];False;False;f8334cd35571ac09;[];kosan gw bocor lg pas hujan semalam, kasur gw basah smua parah bgt
551;195;11-50;639882.0;text;;[];False;False;f8334cd35571ac09;[];sidang minggu depan doain ya
552;195;11-50;639885.0;text;;[];False;False;f8334cd35571ac09;[];sidang minggu depan doain ya
553;195;11-50;639891.0;text;;[];False;False;429a8a88c0d72b74;[];mie ayam pak kumis juara sih
554;195;11-50;639891.0;text;;[];False;False;f8334cd35571ac09;[];proposal skripsi gw ditolak
555;195;11-50;639893.0;text;;[];False;False;429a8a88c0d72b74;[];seminar tadi lama banget
556;195;11-50;639900.0;text;;[];False;False;429a8a88c0d72b74;[];kelas tambahan hari sabtu sih
557;195;11-50;639911.0;text;;[];False;False;34c758c0752f2ad6;[];kelas tambahan hari sabtu sih!!
558;195;0;639911.0;sticker/webp;;[];False;False;34c758c0752f2ad6;[];[Stiker]
559;195;0;639915.0;sticker/webp;;[];False;False;34c758c0752f2ad6;[];[Stiker]
560;195;11-50;639927.0;text;;[];False;False;34c758c0752f2ad6;[];mie ayam pak kumis juara sih!!!
561;195;11-50;639929.0;text;;[];False;False;1e9822711688fba3;[];kelas tambahan hari sabtu,,, sih
562;195;11-50;639934.0;text;;[];False;False;34c758c0752f2ad6;[];kelas tambahan hari sabtu sih!!!
563;195;0;639936.0;sticker/webp;;[];False;False;34c758c0752f2ad6;[];[Stiker]
564;195;11-50;639953.0;text;;[];True;False;429a8a88c0d72b74;[];ada yang punya catetan?
565;195;11-50;639963.0;text;;[];False;False;34c758c0752f2ad6;[];mie ayam pak kumis juara sih!!!
566;195;51-100;639978.0;text;;[];False;False;34c758c0752f2ad6;[];kosan gw bocor lagi pas hujan semalam, kasur gw basah semua parah banget!!
567;195;0;639981.0;sticker/webp;;[];False;False;34c758c0752f2ad6;[];[Stiker]
568;195;11-50;639990.0;text;;[];False;False;429a8a88c0d72b74;[];proposal skripsi gw ditolak
569;195;11-50;640013.0;text;;[];False;False;1e9822711688fba3;[];gw baru,,, aja dari kampus
570;195;11-50;640024.0;text;;[];False;False;f8334cd35571ac09;[];gw mau ambil cuti semester
571;195;11-50;640027.0;text;;[];False;False;f8334cd35571ac09;[];gw baru aja dr kampus
572;195;11-50;640031.0;text;;[];False;False;f8334cd35571ac09;[];mie ayam pak kumis juara sih
573;195;11-50;640054.0;text;;[];False;False;f8334cd35571ac09;[];tugas kelompok bikin pusing
574;195;11-50;640111.0;text;;[];True;False;429a8a88c0d72b74;[];gimana kabar lu sekarang?
575;195;11-50;640146.0;text;;[];False;False;34c758c0752f2ad6;[];tugas kelompok bikin pusing!!!
576;195;1-10;640171.0;text;;['😂'];False;False;f8334cd35571ac09;[];gpp
577;195;11-50;640188.0;text;;[];False;False;34c758c0752f2ad6;[];dosen pembimbing susah ditemui!!
578;195;11-50;640193.0;text;;[];False;False;34c758c0752f2ad6;[];kelas tambahan hari sabtu sih!!!
579;195;0;640197.0;sticker/webp;;[];False;False;34c758c0752f2ad6;[];[Stiker]
580;195;11-50;640221.0;text;;[];False;False;429a8a88c0d72b74;[];mie ayam pak kumis juara sih
581;195;51-100;641059.0;text;;[];False;False;34c758c0752f2ad6;[];kosan gw bocor lagi pas hujan semalam, kasur gw basah semua parah banget!!
582;195;0;641067.0;sticker/webp;;[];False;False;34c758c0752f2ad6;[];[Stiker]
583;195;51-100;641106.0;text;;[];False;False;429a8a88c0d72b74;[];kemarin gw ke toko buku beli novel baru sama buku referensi buat skripsi
584;195;11-50;641166.0;text;;['👀'];False;False;90c1a2bcc4328640;[];sidanggg minggu depannn doain ya
585;195;11-50;641223.0;text;;['😂'];False;False;a0c0c0fcf00e254f;[];tugas kelompok bikin pusing
586;195;11-50;641233.0;text;;[];False;False;429a8a88c0d72b74;[];seminar tadi lama banget
587;195;11-50;641250.0;text;;[];False;False;429a8a88c0d72b74;[];dosen pembimbing susah ditemui
588;195;0;641507.0;sticker/webp;;[];False;False;34c758c0752f2ad6;[];[Stiker]
589;195;51-100;641553.0;text;;['💪🏼'];False;False;da338bd7da5a29bc;[];Gw lagi mikirin mau ambil magang di perusahaan mana buat semester depan.
590;195;101-500;641643.0;text;;[];False;False;da338bd7da5a29bc;[];Gw lagi galau banget nih soal masa depan. mau lanjut S2 tapi duit ga ada, mau langsung kerja tapi pengalaman masih minim. nyokap bilang terserah gw aja tapi gw tau dia pengen gw cepet kerja biar bisa bantu ekonomi keluarga. bingung banget sih, kayak semua pilihan ada plus minusnya.
591;195;51-100;641757.0;text;585.0;['☝🏼'];False;False;da338bd7da5a29bc;[];Jangan lupa besok kumpul di lobby kampus jam 8 pagi buat berangkat bareng.
592;195;101-500;641817.0;text;;[];False;False;da338bd7da5a29bc;[];Gw lagi galau banget nih soal masa depan. mau lanjut S2 tapi duit ga ada, mau langsung kerja tapi pengalaman masih minim. nyokap bilang terserah gw aja tapi gw tau dia pengen gw cepet kerja biar bisa bantu ekonomi keluarga. bingung banget sih, kayak semua pilihan ada plus minusnya.
593;195;11-50;641838.0;text;;[];True;False;429a8a88c0d72b74;[];gimana kabar lu sekarang?
594;195;0;641849.0;sticker/webp;593.0;[];False;False;34c758c0752f2ad6;[];[Stiker]
595;195;51-100;641877.0;text;;[];True;False;34c758c0752f2ad6;[];menurut lu gw harus ambil mata kuliah pilihan yang mana semester depan!!!
596;195;1-10;641879.0;text;;[];False;False;34c758c0752f2ad6;[];aman!!
597;195;1-10;641883.0;text;;[];False;False;34c758c0752f2ad6;[];tuh!!!
598;195;11-50;642073.0;text;;[];False;False;67dd671eb77f5b53;[];tugas kelompok bikin pusing
599;195;11-50;642149.0;text;;[];True;False;67dd671eb77f5b53;[];ntar malem ngapain?
600;195;101-500;642389.0;text;;[];False;False;da338bd7da5a29bc;[];Gw lagi galau banget nih soal masa depan. mau lanjut S2 tapi duit ga ada, mau langsung kerja tapi pengalaman masih minim. nyokap bilang terserah gw aja tapi gw tau dia pengen gw cepet kerja biar bisa bantu ekonomi keluarga. bingung banget sih, kayak semua pilihan ada plus minusnya.
601;195;51-100;642432.0;text;593.0;['😂'];False;False;da338bd7da5a29bc;[];Gw lagi mikirin mau ambil magang di perusahaan mana buat semester depan.
602;196;101-500;679360.0;text;;[];False;False;f8334cd35571ac09;[];gw baru selesai nonton dokumenter tentang kehidupan nelayan di pesisir utara jawa. sedih bgt liat perjuangan mrk yg hrs melaut berhari hari cuma buat dapet ikan yg harganya ga seberapa di pasar. bikin gw makin bersyukur sih sm kehidupan gw skrg walau kadang ngeluh jg
603;196;1-10;679360.0;text;;['🥴'];False;False;f8334cd35571ac09;[];eh
604;196;11-50;679375.0;text;;[];False;False;f8334cd35571ac09;[];hujan deres ga bawa payung
605;196;11-50;679386.0;text;;[];True;False;429a8a88c0d72b74;[];besok libur bukan sih?
606;196;1-10;679387.0;text;;[];False;False;f8334cd35571ac09;[];okey
607;196;11-50;679390.0;text;;[];False;False;34c758c0752f2ad6;[];internet mati lagi di kosan!!
608;196;11-50;679408.0;text;;[];False;False;429a8a88c0d72b74;[];gw lg sibuk bgt minggu ini
609;196;11-50;679513.0;text;;[];False;False;67dd671eb77f5b53;[];capek banget hari ini asli
610;196;51-100;679517.0;text;;[];False;False;f8334cd35571ac09;[];gw lg dengerin podcast tentang psikologi, lumayan buat nambah wawasan
611;196;11-50;679524.0;text;;[];False;False;f8334cd35571ac09;[];gw baru ganti nomor btw
612;196;11-50;679547.0;text;;['😂'];False;False;f8334cd35571ac09;[];internet mati lg di kosan
613;196;11-50;679617.0;text;;[];False;False;429a8a88c0d72b74;[];gw baru ganti nomor btw
614;196;101-500;679635.0;text;;[];True;False;67dd671eb77f5b53;[];guys ada yang tau ga sih kenapa sistem registrasi online kampus sering banget error pas masa pengisian krs? tiap semester selalu gitu bikin stres, mana harus rebutan mata kuliah yang kuotanya dikit banget lagi. apa emang servernya ga kuat ya nampung banyak mahasiswa sekaligus?
615;196;11-50;679638.0;text;;[];False;False;efb56404cf0b8a36;[];capek banget hari ini,,, asli
616;196;101-500;679781.0;text;614.0;[];False;False;da338bd7da5a29bc;[];Gw baru selesai nonton dokumenter tentang kehidupan nelayan di pesisir utara Jawa. sedih banget liat perjuangan mereka yang harus melaut berhari hari cuma buat dapet ikan yang harganya ga seberapa di pasar. bikin gw makin bersyukur sih sama kehidupan gw sekarang walau kadang ngeluh juga.
617;196;51-100;679813.0;text;614.0;[];False;False;da338bd7da5a29bc;[];Duit jajan gw abis padahal baru tanggal 15 harus ngirit banget nih.
618;196;11-50;679820.0;text;;[];False;False;34c758c0752f2ad6;[];lu tim mana dukungnya!!!
619;196;51-100;680036.0;text;;[];False;False;f8334cd35571ac09;[];laptop gw mulai lemot nih kayaknya hrs install ulang atau ganti ram
620;196;51-100;680069.0;text;;[];False;False;429a8a88c0d72b74;[];duit jajan gw abis padahal baru tanggal 15 harus ngirit banget nih
621;196;11-50;680104.0;text;;[];False;False;429a8a88c0d72b74;[];gw mau tidur dulu ya
622;196;11-50;680109.0;text;;[];False;False;34c758c0752f2ad6;[];capek banget hari ini asli!!
623;196;0;680116.0;sticker/webp;;[];False;False;34c758c0752f2ad6;[];[Stiker]
624;196;51-100;680926.0;text;;['😂'];True;False;da338bd7da5a29bc;[];mendingan naik kereta apa bus sih kalo mau ke bandung dari sini?
625;196;1-10;680967.0;text;;[];False;False;f8334cd35571ac09;[];siapp
626;196;11-50;680983.0;text;;['😂'];False;False;f8334cd35571ac09;[];gw lg di atm btr
627;197;51-100;694296.0;text;;[];True;False;da338bd7da5a29bc;[];ada yang tau kenapa kantin kampus tutup lebih awal hari ini ga sih?
628;197;51-100;694738.0;text;;[];False;False;f8334cd35571ac09;[];weekend ni gw mau staycation aja di kosan binge watching series baru
629;197;11-50;694842.0;text;;[];False;False;f8334cd35571ac09;[];nongkrong yuk di kafe biasa
630;197;11-50;694959.0;text;;[];True;False;da338bd7da5a29bc;[];itu beneran apa hoax?
631;197;11-50;695230.0;text;;[];False;False;f8334cd35571ac09;[];gw mau pesen gofood dulu
632;197;11-50;695603.0;text;;[];False;False;da338bd7da5a29bc;[];Es teh manis satu ya bang.
633;197;11-50;695645.0;text;;[];False;False;da338bd7da5a29bc;[];Indomie telor udah cukup kok.
634;197;11-50;695736.0;text;;[];False;False;34c758c0752f2ad6;[];bakso malang itu buka ga ya!!!
635;197;51-100;695760.0;text;;[];False;False;34c758c0752f2ad6;[];tadi di kantin ketemu anak angkatan bawah yang kenal sama temen SMA gw!!!
636;197;11-50;695767.0;text;;[];False;False;34c758c0752f2ad6;[];indomie telor udah cukup kok!!!
637;197;101-500;695809.0;text;;[];False;False;da338bd7da5a29bc;[];Kemarin malem gw sama temen temen nongkrong di warkop biasa sampe jam 12 malem. kita ngobrol banyak hal dari mulai tugas kuliah, rencana liburan, sampe masalah percintaan. seru sih walau besoknya gw kesiangan masuk kelas pagi dan dosen negur di depan semua orang. malu tapi ya gimana lagi.
638;197;11-50;695825.0;text;;[];False;False;da338bd7da5a29bc;[];Indomie telor udah cukup kok.
639;197;11-50;696088.0;text;;[];True;False;429a8a88c0d72b74;[];udah sampe belom?
640;197;101-500;696249.0;text;;[];False;False;bc6dfeff63215c29;[];KEMARIN MALEM GW SAMA TEMEN TEMEN NONGKRONG DI WARKOP BIASA SAMPE JAM 12 MALEM. KITA NGOBROL BANYAK HAL DARI MULAI TUGAS KULIAH, RENCANA LIBURAN, SAMPE MASALAH PERCINTAAN. SERU SIH WALAU BESOKNYA GW KESIANGAN MASUK KELAS PAGI DAN DOSEN NEGUR DI DEPAN SEMUA ORANG. MALU TAPI YA GIMANA LAGI
641;197;51-100;696442.0;text;;[];False;False;da338bd7da5a29bc;[];Gw udah download semua materi kuliah tapi belum sempat baca sama sekali.
642;197;0;696450.0;image/jpeg;;[];False;False;da338bd7da5a29bc;[];[Foto]
643;197;0;696457.0;image/jpeg;;[];False;False;da338bd7da5a29bc;[];[Foto]
644;197;51-100;696470.0;text;;[];False;False;da338bd7da5a29bc;[];Dompet gw ilang kemarin di angkot tapi alhamdulillah ada yang nemuin.
645;197;11-50;696913.0;text;;[];True;False;34c758c0752f2ad6;[];udah sampe belom!!
646;197;11-50;697335.0;text;;[];False;False;90c1a2bcc4328640;[];gw lagi diet tapi gagal muluuu
647;197;101-500;697363.0;text;;[];False;False;da338bd7da5a29bc;[];Kemarin malem gw sama temen temen nongkrong di warkop biasa sampe jam 12 malem. kita ngobrol banyak hal dari mulai tugas kuliah, rencana liburan, sampe masalah percintaan. seru sih walau besoknya gw kesiangan masuk kelas pagi dan dosen negur di depan semua orang. malu tapi ya gimana lagi.
648;197;11-50;697375.0;text;;[];False;False;da338bd7da5a29bc;[];Nongkrong yuk di kafe biasa.
649;197;11-50;697384.0;text;;[];False;False;da338bd7da5a29bc;[];Gw mau pesen gofood dulu.
650;197;11-50;697390.0;text;;[];False;False;90c1a2bcc4328640;[];nongkrong yuk di kafe biasaaa
651;197;11-50;697921.0;text;;[];False;False;429a8a88c0d72b74;[];gw mau pesen gofood dulu
652;197;11-50;698067.0;text;;[];True;False;da338bd7da5a29bc;[];itu beneran apa hoax?
653;197;1-10;698929.0;text;;[];False;False;429a8a88c0d72b74;[];yep
654;197;11-50;698943.0;text;;[];False;False;67dd671eb77f5b53;[];masak sendiri lebih hemat sih
655;197;11-50;698943.0;text;;[];False;False;429a8a88c0d72b74;[];bakso malang itu buka ga ya
656;197;11-50;698952.0;text;;[];False;False;67dd671eb77f5b53;[];kopi susu yg biasa ya
657;197;11-50;698965.0;text;;[];False;False;67dd671eb77f5b53;[];sarapan dulu baru mikir
658;197;11-50;698982.0;text;;[];False;False;da338bd7da5a29bc;[];Nongkrong yuk di kafe biasa.
659;197;11-50;699001.0;text;;[];False;False;429a8a88c0d72b74;[];nongkrong yuk di kafe biasa
660;197;51-100;699002.0;text;;[];False;False;da338bd7da5a29bc;[];Tadi di kantin ketemu anak angkatan bawah yang kenal sama temen SMA gw.
661;197;11-50;699003.0;text;;[];False;False;67dd671eb77f5b53;[];porsi makan gw nambah terus
662;197;1-10;699006.0;text;;[];False;False;67dd671eb77f5b53;[];fix
663;197;11-50;699295.0;text;;[];False;True;67bd5da43f6b0e96;[];capek banget hari ini!
664;197;11-50;699436.0;text;;[];True;False;f8334cd35571ac09;[];bayar berapa sih tadi?
665;197;11-50;699472.0;text;;['😎'];False;False;67dd671eb77f5b53;[];indomie telor udah cukup kok
666;197;51-100;699561.0;text;;[];False;False;da338bd7da5a29bc;[];Weekend ini gw mau staycation aja di kosan binge watching series baru.
667;197;11-50;699831.0;text;;[];True;False;f8334cd35571ac09;[];bayar berapa sih tadi?
668;197;51-100;700049.0;text;;[];False;False;67dd671eb77f5b53;[];gw udah download semua materi kuliah tapi belum sempat baca sama sekali
669;197;51-100;700064.0;text;;[];True;False;67dd671eb77f5b53;[];ada yang tau kenapa kantin kampus tutup lebih awal hari ini ga sih?
670;197;51-100;700255.0;text;;[];False;False;429a8a88c0d72b74;[];dompet gw ilang kemarin di angkot tapi alhamdulillah ada yang nemuin
671;197;51-100;700265.0;text;;[];False;False;429a8a88c0d72b74;[];tadi di kantin ketemu anak angkatan bawah yang kenal sama temen SMA gw
672;197;11-50;700363.0;text;;[];False;False;34c758c0752f2ad6;[];indomie telor udah cukup kok!!
673;197;11-50;700373.0;text;;[];False;False;34c758c0752f2ad6;[];porsi makan gw nambah terus!!
674;197;51-100;700446.0;text;;[];False;False;da338bd7da5a29bc;[];Gw lagi bingung milih topik skripsi antara dua tema yang sama menariknya.
675;197;11-50;700488.0;text;;[];True;False;f8334cd35571ac09;[];bawa motor apa naik apa?
676;197;11-50;700501.0;text;;[];False;False;f8334cd35571ac09;[];porsi makan gw nambah terus
677;197;1-10;700505.0;text;;['😂'];False;False;f8334cd35571ac09;[];sis
678;197;11-50;700516.0;text;;[];False;False;34c758c0752f2ad6;[];gw mau pesen gofood dulu!!
679;197;11-50;700522.0;text;;[];True;False;429a8a88c0d72b74;[];udah sampe belom?
680;197;11-50;700535.0;text;;[];False;False;34c758c0752f2ad6;[];nongkrong yuk di kafe biasa!!
681;197;0;700550.0;sticker/webp;;[];False;False;34c758c0752f2ad6;[];[Stiker]
682;197;51-100;700587.0;text;;[];False;False;429a8a88c0d72b74;[];weekend ini gw mau staycation aja di kosan binge watching series baru
683;197;0;700964.0;sticker/webp;;[];False;False;34c758c0752f2ad6;[];[Stiker]
684;197;101-500;700964.0;text;;[];False;False;34c758c0752f2ad6;[];kemarin malem gw sama temen temen nongkrong di warkop biasa sampe jam 12 malem. kita ngobrol banyak hal dari mulai tugas kuliah, rencana liburan, sampe masalah percintaan. seru sih walau besoknya gw kesiangan masuk kelas pagi dan dosen negur di depan semua orang. malu tapi ya gimana lagi!!
685;197;11-50;702317.0;text;;[];True;False;67dd671eb77f5b53;[];itu beneran apa hoax?
686;197;1-10;702390.0;text;;[];False;False;429a8a88c0d72b74;[];lol
687;197;101-500;703523.0;text;;[];False;False;a0c0c0fcf00e254f;[];kemarin malem gw sama temen temen nongkrong di warkop biasa sampe jam 12 malem. kita ngobrol banyak hal dari mulai tugas kuliah, rencana liburan, sampe masalah percintaan. seru sih walau besoknya gw kesiangan masuk kelas pagi dan dosen negur di depan semua orang. malu tapi ya gimana lagi
688;197;11-50;703913.0;text;;[];True;False;1e9822711688fba3;[];udah sampe belom?
689;197;11-50;703928.0;text;;[];False;False;1e9822711688fba3;[];nongkrong yuk di kafe,,, biasa
690;197;11-50;704323.0;text;;[];False;False;a0c0c0fcf00e254f;[];es teh manis satu ya bang
691;197;101-500;704359.0;text;;[];False;False;a0c0c0fcf00e254f;[];kemarin malem gw sama temen temen nongkrong di warkop biasa sampe jam 12 malem. kita ngobrol banyak hal dari mulai tugas kuliah, rencana liburan, sampe masalah percintaan. seru sih walau besoknya gw kesiangan masuk kelas pagi dan dosen negur di depan semua orang. malu tapi ya gimana lagi
692;197;11-50;704832.0;text;;[];False;False;429a8a88c0d72b74;[];es teh manis satu ya bang
693;197;11-50;704847.0;text;;[];False;False;429a8a88c0d72b74;[];gw mau pesen gofood dulu
694;197;11-50;704854.0;text;;[];False;False;429a8a88c0d72b74;[];gw mau nyoba restoran baru
695;197;51-100;705005.0;text;;[];False;False;952659779523cd55;[];gw udah download smua materi kuliah tp blm sempat baca sm sekali
696;197;51-100;705054.0;text;;[];False;False;bc6dfeff63215c29;[];TADI DI KANTIN KETEMU ANAK ANGKATAN BAWAH YANG KENAL SAMA TEMEN SMA GW
697;197;11-50;705090.0;text;;[];False;False;bc6dfeff63215c29;[];GW LAGI DIET TAPI GAGAL MULU
698;197;101-500;705129.0;text;;[];False;False;429a8a88c0d72b74;[];kemarin malem gw sama temen temen nongkrong di warkop biasa sampe jam 12 malem. kita ngobrol banyak hal dari mulai tugas kuliah, rencana liburan, sampe masalah percintaan. seru sih walau besoknya gw kesiangan masuk kelas pagi dan dosen negur di depan semua orang. malu tapi ya gimana lagi
699;197;51-100;705152.0;text;;[];False;False;952659779523cd55;[];weekend ni gw mau staycation aja di kosan binge watching... series baru
700;197;101-500;705217.0;text;;[];False;False;bc6dfeff63215c29;[];KEMARIN MALEM GW SAMA TEMEN TEMEN NONGKRONG DI WARKOP BIASA SAMPE JAM 12 MALEM. KITA NGOBROL BANYAK HAL DARI MULAI TUGAS KULIAH, RENCANA LIBURAN, SAMPE MASALAH PERCINTAAN. SERU SIH WALAU BESOKNYA GW KESIANGAN MASUK KELAS PAGI DAN DOSEN NEGUR DI DEPAN SEMUA ORANG. MALU TAPI YA GIMANA LAGI
701;197;51-100;707746.0;text;;[];False;False;90c1a2bcc4328640;[];gw udah download semua materiii kuliahh tapi belum sempat baca sama sekali
702;197;51-100;707792.0;text;;[];False;False;da338bd7da5a29bc;[];Dompet gw ilang kemarin di angkot tapi alhamdulillah ada yang nemuin.
703;197;101-500;707841.0;text;;[];False;False;da338bd7da5a29bc;[];Kemarin malem gw sama temen temen nongkrong di warkop biasa sampe jam 12 malem. kita ngobrol banyak hal dari mulai tugas kuliah, rencana liburan, sampe masalah percintaan. seru sih walau besoknya gw kesiangan masuk kelas pagi dan dosen negur di depan semua orang. malu tapi ya gimana lagi.
704;197;11-50;707854.0;text;;[];False;False;90c1a2bcc4328640;[];gw mau nyoba restoran baruu
705;197;11-50;707901.0;text;;[];False;False;f8334cd35571ac09;[];nongkrong yuk di kafe biasa
706;197;101-500;707903.0;text;;['😂'];False;False;da338bd7da5a29bc;[];Kemarin malem gw sama temen temen nongkrong di warkop biasa sampe jam 12 malem. kita ngobrol banyak hal dari mulai tugas kuliah, rencana liburan, sampe masalah percintaan. seru sih walau besoknya gw kesiangan masuk kelas pagi dan dosen negur di depan semua orang. malu tapi ya gimana lagi.
707;197;51-100;707929.0;text;;[];False;False;bc6dfeff63215c29;[];WEEKEND INI GW MAU STAYCATION AJA DI KOSAN BINGE WATCHING SERIES BARU
708;197;11-50;707953.0;text;;['😂'];False;False;90c1a2bcc4328640;[];es tehhh manisss satuu ya bang
709;197;101-500;708047.0;text;;[];False;False;da338bd7da5a29bc;[];Kemarin malem gw sama temen temen nongkrong di warkop biasa sampe jam 12 malem. kita ngobrol banyak hal dari mulai tugas kuliah, rencana liburan, sampe masalah percintaan. seru sih walau besoknya gw kesiangan masuk kelas pagi dan dosen negur di depan semua orang. malu tapi ya gimana lagi.
710;197;11-50;708200.0;text;;[];True;False;429a8a88c0d72b74;[];bayar berapa sih tadi?
711;197;11-50;708206.0;text;;[];False;False;429a8a88c0d72b74;[];bakso malang itu buka ga ya
712;197;101-500;708362.0;text;;[];False;False;da338bd7da5a29bc;[];Kemarin malem gw sama temen temen nongkrong di warkop biasa sampe jam 12 malem. kita ngobrol banyak hal dari mulai tugas kuliah, rencana liburan, sampe masalah percintaan. seru sih walau besoknya gw kesiangan masuk kelas pagi dan dosen negur di depan semua orang. malu tapi ya gimana lagi.
713;197;11-50;708371.0;text;;[];False;False;da338bd7da5a29bc;[];Tadi gw makan nasi padang.
714;198;101-500;713706.0;text;;[];True;False;67bd5da43f6b0e96;[];menurut kalian kenapa ya generasi kita tuh kayaknya lebih... gampang stres dan burnout dibanding generasi orang tua kita... dulu? apa karena tekanan sosmed atau emang tuntutan hidup yang makin tinggi ya? gw penasaran aja sih soalnya... temen temen gw... banyak... yang ngeluh hal yang... sama...
715;198;11-50;713724.0;text;;[];True;False;f8334cd35571ac09;[];tugas dikumpul kapan sih?
716;198;51-100;713906.0;text;;['🤣'];False;True;67bd5da43f6b0e96;[];gila sih dosen... gw tiba tiba... kasih tugas... tambahan padahal besok UAS!...
717;198;11-50;714186.0;text;;[];False;False;1e9822711688fba3;[];gw skip kelas hari,,, ini
718;198;11-50;714193.0;text;;[];False;False;1e9822711688fba3;[];perpus tutup jam berapa ya
719;198;51-100;714212.0;text;;[];False;False;1e9822711688fba3;[];gw denger katanya semester depan ada mata kuliah,,, baru yang wajib diambil,,,
720;198;11-50;714222.0;text;;[];False;False;1e9822711688fba3;[];dosen gw,,, galak banget,,, sih
721;198;51-100;714267.0;text;719.0;[];False;False;1e9822711688fba3;[];gw baru aja selesai ngerjain tugas sampe jam,,, 3 pagi, mau mati rasanya
722;198;11-50;714272.0;text;;[];False;False;1e9822711688fba3;[];gw skip kelas hari ini
723;198;51-100;714276.0;text;;[];False;False;bc6dfeff63215c29;[];EH BESOK KITA JADI KETEMUAN DI KAFE DEKET STASIUN KAN YA JAM 2 SIANG
724;198;11-50;714314.0;text;;[];False;False;bc6dfeff63215c29;[];DOSEN GW GALAK BANGET SIH
725;198;11-50;714451.0;image/jpeg;;[];False;False;f8334cd35571ac09;[];[Foto]
726;198;11-50;714451.0;image/jpeg;;[];False;False;f8334cd35571ac09;[];[Foto]
727;198;11-50;714796.0;text;;[];False;False;34c758c0752f2ad6;[];gw lg ngerjain tugas nih!!!
728;198;1-10;714803.0;text;;[];False;False;34c758c0752f2ad6;[];yoi!!
729;198;51-100;714940.0;text;;[];False;False;bc6dfeff63215c29;[];NYOKAP GW NELFON TADI NANYAIN KAPAN PULANG, GW BILANG AJA ABIS UJIAN
730;198;11-50;714980.0;text;;[];False;False;b1a879cfa170b5d6;[];EH TADI KELAS SERU BANGET
731;198;11-50;715110.0;text;;[];False;False;34c758c0752f2ad6;[];dosen gw galak banget sih!!!
732;198;1-10;715711.0;text;;[];False;False;f8334cd35571ac09;[];wkwk
733;198;11-50;715712.0;text;;[];False;False;f8334cd35571ac09;[];gw belom mulai tugas
734;198;51-100;715738.0;text;;[];False;False;f8334cd35571ac09;[];tadi gw ketemu dosen pembimbing dan dia minta revisi lg utk bab 3
735;198;0;716083.0;sticker/webp;;[];False;False;34c758c0752f2ad6;[];[Stiker]
736;198;0;716084.0;sticker/webp;;[];False;False;34c758c0752f2ad6;[];[Stiker]
737;198;51-100;716086.0;text;;[];False;False;34c758c0752f2ad6;[];nyokap gw nelfon tadi nanyain kapan pulang, gw bilang aja abis ujian!!
738;198;1-10;716099.0;text;;['😂'];False;False;f8334cd35571ac09;[];iya
739;198;11-50;716123.0;text;;[];False;False;f8334cd35571ac09;[];deadline besok pagi bro
740;198;0;716129.0;sticker/webp;;[];False;False;34c758c0752f2ad6;[];[Stiker]
741;198;11-50;716145.0;text;;[];False;False;f8334cd35571ac09;[];presentasi gw amburadul
742;199;101-500;725532.0;text;;[];False;False;4a6ca718df4d5631;[];kemarin malem gw sm temen temen nongkrong di warkop biasa sampe jam 12 malem. kita ngobrol banyak hal dr mulai tugas kuliah, rencana liburan, sampe masalah percintaan. seru sih walau besoknya gw kesiangan masuk kelas pagi dan dosen negur di depan smua orang. malu tp ya gmn lg
743;199;11-50;725548.0;text;;[];True;False;4a6ca718df4d5631;[];tu beneran apa hoax?
744;199;11-50;725565.0;text;;[];False;False;429a8a88c0d72b74;[];bakso malang itu buka ga ya
745;199;101-500;725618.0;text;;[];False;False;4a6ca718df4d5631;[];kemarin malem gw sm temen temen nongkrong di warkop biasa sampe jam 12 malem. kita ngobrol banyak hal dr mulai tugas kuliah, rencana liburan, sampe masalah percintaan. seru sih walau besoknya gw kesiangan masuk kelas pagi dan dosen negur di depan smua orang. malu tp ya gmn lg
746;199;51-100;727513.0;text;;[];True;False;bc6dfeff63215c29;[];ADA YANG TAU KENAPA KANTIN KAMPUS TUTUP LEBIH AWAL HARI INI GA SIH?
747;199;11-50;727596.0;text;;[];False;False;bc6dfeff63215c29;[];KOPI SUSU YG BIASA YA
748;200;11-50;769694.0;text;;[];True;False;f8334cd35571ac09;[];siapa aja yg dateng?
749;200;11-50;769698.0;text;;[];True;False;f8334cd35571ac09;[];knp ga bales chat gw?
750;200;1-10;769708.0;text;;['😂'];False;False;f8334cd35571ac09;[];nice
751;200;0;770195.0;video/mp4;;[];False;False;34c758c0752f2ad6;[];[Video]
752;200;0;770203.0;video/mp4;;[];False;False;34c758c0752f2ad6;[];[Video]
753;200;11-50;771108.0;text;;[];False;False;1e9822711688fba3;[];duit bulanan belum dikirim,,,
754;200;11-50;771113.0;text;;[];False;False;1e9822711688fba3;[];adek gw masuk sma,,, tahun ini,,,
755;200;51-100;771121.0;text;;[];False;False;1e9822711688fba3;[];gw lagi belajar masak sendiri biar ga jajan terus lumayan hemat soalnya
756;200;11-50;771125.0;text;;[];False;False;1e9822711688fba3;[];gw kangen masakan rumah
757;200;1-10;771200.0;text;;[];False;False;da338bd7da5a29bc;[];Noted.
758;200;1-10;771202.0;text;;[];False;False;34c758c0752f2ad6;[];anjay!!
759;200;11-50;771208.0;text;;[];False;False;da338bd7da5a29bc;[];Gw kangen masakan rumah.
760;200;101-500;771456.0;text;;[];False;False;bc6dfeff63215c29;[];GW PENGEN CURHAT SEDIKIT NIH. AKHIR AKHIR INI GW NGERASA BURNOUT BANGET SAMA RUTINITAS KULIAH YANG ITU ITU AJA. BANGUN PAGI, KULIAH, TUGAS, TIDUR, REPEAT. KADANG GW NGERASA KAYAK ROBOT YANG CUMA JALAN SESUAI PROGRAM TANPA TAU TUJUAN AKHIRNYA APA. MUNGKIN GW BUTUH LIBURAN BENERAN BUAT REFRESH OTAK
761;200;11-50;771471.0;text;;[];False;False;429a8a88c0d72b74;[];film baru di bioskop bagus ga
762;200;51-100;771490.0;text;;[];False;False;da338bd7da5a29bc;[];Besok ada bazaar di kampus katanya banyak makanan murah, pada ikut ga.
763;200;11-50;771506.0;text;;[];False;False;429a8a88c0d72b74;[];film baru di bioskop bagus ga
764;200;51-100;771541.0;text;;[];False;False;1e9822711688fba3;[];adek gw mau masuk kuliah tahun depan gw,,, harus bantu cariin info jurusan
765;200;51-100;771561.0;text;;[];False;False;da338bd7da5a29bc;[];Gw lagi belajar masak sendiri biar ga jajan terus lumayan hemat soalnya.
766;200;51-100;771585.0;text;;[];False;False;da338bd7da5a29bc;[];Besok ada bazaar di kampus katanya banyak makanan murah, pada ikut ga.
767;200;101-500;771700.0;text;;[];False;False;da338bd7da5a29bc;[];Gw pengen curhat sedikit nih. akhir akhir ini gw ngerasa burnout banget sama rutinitas kuliah yang itu itu aja. bangun pagi, kuliah, tugas, tidur, repeat. kadang gw ngerasa kayak robot yang cuma jalan sesuai program tanpa tau tujuan akhirnya apa. mungkin gw butuh liburan beneran buat refresh otak.
768;201;11-50;773482.0;text;;[];False;False;da338bd7da5a29bc;[];Matkul ini susah banget.
769;201;1-10;773539.0;text;;[];False;False;f8334cd35571ac09;[];ok
770;201;51-100;773580.0;text;;[];False;False;da338bd7da5a29bc;[];Eh besok kita jadi ketemuan di kafe deket stasiun kan ya jam 2 siang.
771;201;11-50;773595.0;text;;[];False;False;da338bd7da5a29bc;[];Matkul ini susah banget.
772;201;500+;776180.0;text;;['🟣', '➡️', '‼️', '⬇️', '✅', '☎️', '❗', '🔴', '🥰'];False;False;34c758c0752f2ad6;[];tadi absen ga sih kamu!!
773;201;0;776183.0;sticker/webp;;[];False;False;34c758c0752f2ad6;[];[Stiker]
774;201;11-50;776224.0;text;;[];False;False;429a8a88c0d72b74;[];gw skip kelas hari ini
775;201;1-10;776226.0;text;;[];False;True;da338bd7da5a29bc;[];wah!
776;201;1-10;776235.0;text;;[];False;False;da338bd7da5a29bc;[];Gas.
777;201;11-50;776244.0;text;;[];False;False;34c758c0752f2ad6;[];gw skip kelas hari ini!!!
778;201;11-50;776279.0;text;;[];False;True;da338bd7da5a29bc;[];mantap banget hasilnya!
779;201;11-50;776329.0;text;;[];False;False;f8334cd35571ac09;[];eh tadi kelas seru bgt
780;201;11-50;776346.0;text;;[];False;False;f8334cd35571ac09;[];lab komputer penuh terus
781;201;11-50;776383.0;text;;[];False;False;34c758c0752f2ad6;[];gw belom mulai tugas!!
782;201;51-100;776384.0;text;;['😂'];False;False;34c758c0752f2ad6;[];gw baru aja selesai ngerjain tugas sampe jam 3 pagi, mau mati rasanya!!!
783;201;11-50;776390.0;text;;[];False;False;34c758c0752f2ad6;[];matkul ini susah banget!!
784;201;11-50;776402.0;text;;[];False;False;34c758c0752f2ad6;[];eh tadi kelas seru banget!!
785;201;1-10;776409.0;text;;['😂'];False;False;34c758c0752f2ad6;[];yuk!!!
786;201;1-10;776460.0;text;;[];False;False;f8334cd35571ac09;[];siap
787;201;1-10;776478.0;text;;['😂'];False;False;da338bd7da5a29bc;[];Oke.
788;201;51-100;776487.0;text;;[];False;False;f8334cd35571ac09;[];gw denger katanya semester depan ad mata kuliah baru yg wajib diambil
789;201;51-100;777539.0;text;;[];False;False;34c758c0752f2ad6;[];gw baru aja selesai ngerjain tugas sampe jam 3 pagi, mau mati rasanya!!!
790;201;11-50;778072.0;text;;[];True;False;f8334cd35571ac09;[];tugas dikumpul kapan sih?
791;201;11-50;778109.0;text;;[];False;False;429a8a88c0d72b74;[];tadi absen ga sih kamu
792;201;1-10;778449.0;text;;[];False;False;f8334cd35571ac09;[];iya
793;201;11-50;779240.0;text;;[];True;False;34c758c0752f2ad6;[];siapa yang mau ikut!!
794;201;1-10;779260.0;text;;[];False;False;429a8a88c0d72b74;[];yuk
795;201;11-50;779267.0;text;;[];False;False;429a8a88c0d72b74;[];dosen gw galak banget sih
796;201;11-50;779332.0;text;;[];False;False;429a8a88c0d72b74;[];dosen gw galak banget sih
797;201;101-500;779346.0;text;;['🧐', '🟢', '🗣️', '💚'];False;False;da338bd7da5a29bc;[];Jadi ceritanya kemarin gw ke perpustakaan pusat buat nyari bahan referensi skripsi, ternyata bukunya udah dipinjem semua sama anak angkatan sebelah. akhirnya gw cuma bisa fotokopi dari temen yang kebetulan punya. lumayan lah daripada ga dapet sama sekali, tinggal di rangkum aja sisanya.
798;201;1-10;779378.0;text;;['😂'];False;False;34c758c0752f2ad6;[];haha!!
799;201;11-50;779385.0;text;;[];False;False;34c758c0752f2ad6;[];IPK gw turun semester ini!!
800;201;11-50;779393.0;text;;[];False;False;da338bd7da5a29bc;[];Dosen gw galak banget sih.
801;201;11-50;779394.0;text;;[];False;False;429a8a88c0d72b74;[];presentasi gw amburadul
802;201;11-50;779411.0;text;;[];False;False;34c758c0752f2ad6;[];dosen gw galak banget sih!!
803;201;0;779413.0;sticker/webp;;[];False;False;34c758c0752f2ad6;[];[Stiker]
804;201;101-500;780940.0;text;;['🧐', '🟢', '🗣️', '💚'];False;False;67bd5da43f6b0e96;[];jadi ceritanya kemarin... gw ke perpustakaan pusat buat nyari bahan referensi skripsi, ternyata bukunya udah dipinjem semua sama anak angkatan sebelah. akhirnya gw cuma bisa... fotokopi dari temen... yang kebetulan punya. lumayan lah daripada ga dapet sama sekali, tinggal di... rangkum aja... sisanya
805;201;51-100;781868.0;text;;[];True;False;90c1a2bcc4328640;[];eh lu udahhhh dapet info jadwal ujian akhirrrr semesterr belum darii prodi?
806;201;1-10;781889.0;text;;[];False;False;34c758c0752f2ad6;[];siap!!
807;201;11-50;781902.0;text;;[];False;False;429a8a88c0d72b74;[];IPK gw turun semester ini
808;201;11-50;781927.0;text;;[];False;False;952659779523cd55;[];gw lg ngerjain tugas nih
809;201;11-50;782095.0;text;;[];False;False;5af6a4550b616407;[];dosen gw galak bgt sih
810;201;51-100;782145.0;text;;['👀'];False;False;90c1a2bcc4328640;[];gw denger katanya semesterr depannnn ada mata kuliahh baru yang wajib diambilll
811;201;11-50;785885.0;text;;[];False;False;bc6dfeff63215c29;[];GW LG NGERJAIN TUGAS NIH
812;201;51-100;786654.0;video/mp4;;[];False;False;34c758c0752f2ad6;[];[Video]
813;201;51-100;786713.0;text;;[];False;False;429a8a88c0d72b74;[];tadi gw ketemu dosen pembimbing dan dia minta revisi lagi untuk bab 3
814;201;11-50;788683.0;text;;[];False;False;da338bd7da5a29bc;[];Gw lg ngerjain tugas nih.
815;201;11-50;788711.0;text;;[];False;False;da338bd7da5a29bc;[];Gw lg ngerjain tugas nih.
816;201;11-50;789821.0;text;;[];False;False;67dd671eb77f5b53;[];perpus tutup jam berapa ya
817;201;51-100;789875.0;text;;[];False;False;429a8a88c0d72b74;[];gw baru aja selesai ngerjain tugas sampe jam 3 pagi, mau mati rasanya
818;201;11-50;789928.0;text;;[];False;False;bc6dfeff63215c29;[];DEADLINE BESOK PAGI BRO
819;201;11-50;789946.0;text;;[];False;False;bc6dfeff63215c29;[];PRESENTASI GW AMBURADUL
820;201;51-100;790115.0;text;;[];True;False;bc6dfeff63215c29;[];EH LU UDAH DAPET INFO JADWAL UJIAN AKHIR SEMESTER BELUM DARI PRODI?
821;201;11-50;794574.0;text;;[];True;False;67dd671eb77f5b53;[];jadi ketemuan ga hari ini?
822;201;11-50;794604.0;text;;[];False;False;da338bd7da5a29bc;[];Deadline besok pagi bro.
823;201;1-10;794610.0;text;;[];True;False;67dd671eb77f5b53;[];mana?
824;201;11-50;794866.0;text;;[];True;False;429a8a88c0d72b74;[];lu dimana sekarang?
825;201;11-50;794901.0;text;;[];False;False;1e9822711688fba3;[];dosen gw galak banget sih
826;201;51-100;794916.0;text;;['😂'];False;False;1e9822711688fba3;[];gw denger katanya semester,,, depan ada mata kuliah baru yang wajib diambil,,,
827;201;11-50;795028.0;text;;[];False;False;429a8a88c0d72b74;[];gw belom mulai tugas
828;201;51-100;795335.0;text;;[];True;False;5b84a0355e8e6fc8;[];eh lu udah dapet info jadwal ujian akhir semester belum dari prodi?
829;201;11-50;795346.0;text;;[];False;False;67dd671eb77f5b53;[];deadline besok pagi bro
830;201;51-100;795348.0;text;;[];False;False;5b84a0355e8e6fc8;[];nyokap gw nelfon tadi nanyain kapan pulang, gw bilang aja abis ujian
831;201;1-10;795367.0;text;;[];True;False;5b84a0355e8e6fc8;[];mana?
832;201;11-50;795385.0;text;;[];False;False;da338bd7da5a29bc;[];Matkul ini susah banget.
833;201;11-50;795391.0;text;;[];False;False;da338bd7da5a29bc;[];Gw skip kelas hari ini.
834;201;51-100;795408.0;text;;[];False;False;da338bd7da5a29bc;[];Nyokap gw nelfon tadi nanyain kapan pulang, gw bilang aja abis ujian.
835;201;11-50;795608.0;text;;[];False;False;67dd671eb77f5b53;[];dosen gw galak banget sih
836;201;11-50;795619.0;text;;[];False;False;67dd671eb77f5b53;[];ipk gw turun semester ini
837;201;51-100;795633.0;text;;[];False;False;67dd671eb77f5b53;[];eh besok kita jadi ketemuan di kafe deket stasiun kan ya jam 2 siang
838;201;11-50;795638.0;text;;[];False;False;67dd671eb77f5b53;[];eh tadi kelas seru banget
839;201;51-100;795783.0;text;;[];False;False;da338bd7da5a29bc;[];Eh besok kita jadi ketemuan di kafe deket stasiun kan ya jam 2 siang.
840;201;51-100;795799.0;text;;[];False;False;da338bd7da5a29bc;[];Gw denger katanya semester depan ada mata kuliah baru yang wajib diambil.
841;201;11-50;795803.0;text;;[];False;False;da338bd7da5a29bc;[];Lab komputer penuh terus.
842;201;11-50;795875.0;text;;[];True;False;1e9822711688fba3;[];jadi ketemuan ga hari ini?
843;201;11-50;795883.0;text;;[];False;False;1e9822711688fba3;[];matkul ini susah banget
844;201;11-50;796050.0;text;;[];False;False;da338bd7da5a29bc;[];Presentasi gw amburadul.
845;201;101-500;796133.0;text;;[];False;False;da338bd7da5a29bc;[];Jadi ceritanya kemarin gw ke perpustakaan pusat buat nyari bahan referensi skripsi, ternyata bukunya udah dipinjem semua sama anak angkatan sebelah. akhirnya gw cuma bisa fotokopi dari temen yang kebetulan punya. lumayan lah daripada ga dapet sama sekali, tinggal di rangkum aja sisanya.
846;201;1-10;796172.0;text;;['🥴'];False;False;67dd671eb77f5b53;[];oke
847;201;51-100;800538.0;text;;[];False;False;bc6dfeff63215c29;[];GW DENGER KATANYA SEMESTER DEPAN ADA MATA KULIAH BARU YANG WAJIB DIAMBIL
848;201;51-100;800580.0;text;;[];False;False;bc6dfeff63215c29;[];GW BARU AJA SELESAI NGERJAIN TUGAS SAMPE JAM 3 PAGI, MAU MATI RASANYA
849;202;101-500;805574.0;text;;[];True;False;67dd671eb77f5b53;[];guys ada yang tau ga sih kenapa sistem registrasi online kampus sering banget error pas masa pengisian krs? tiap semester selalu gitu bikin stres, mana harus rebutan mata kuliah yang kuotanya dikit banget lagi. apa emang servernya ga kuat ya nampung banyak mahasiswa sekaligus?
850;202;11-50;805575.0;text;;[];False;False;67dd671eb77f5b53;[];gw udah di parkiran nih
851;202;11-50;805637.0;text;;[];False;False;da338bd7da5a29bc;[];Ketemuan di mall jam 3 ya.
852;202;11-50;805716.0;text;;[];False;False;1e9822711688fba3;[];gw udah di parkiran,,, nih
853;202;11-50;805726.0;text;;[];False;False;1e9822711688fba3;[];gw lagi di warkop nih
854;202;51-100;805797.0;text;;[];True;False;67dd671eb77f5b53;[];gimana caranya biar bisa fokus belajar tanpa main hp terus ya?
855;202;11-50;806062.0;text;;[];False;False;1e9822711688fba3;[];gw lagi di warkop nih
856;202;11-50;806089.0;text;;[];False;False;1e9822711688fba3;[];gw naik ojol aja,,, deh
857;202;11-50;806093.0;text;;[];False;False;1e9822711688fba3;[];ketemuan di mall jam 3 ya
858;202;11-50;806202.0;text;;[];False;False;67dd671eb77f5b53;[];jangan lupa bawa duit cash
859;203;51-100;851133.0;text;;[];True;False;4a6ca718df4d5631;[];menurut lu gw hrs ambil mata kuliah pilihan yg mana semester depan?
860;203;1-10;851170.0;text;;[];False;False;f8334cd35571ac09;[];asli
861;203;51-100;851429.0;text;;[];True;False;b1a879cfa170b5d6;[];MENURUT LU GW HARUS AMBIL MATA KULIAH PILIHAN YANG MANA SEMESTER DEPAN?
862;203;11-50;851436.0;text;;[];False;False;b1a879cfa170b5d6;[];SEMINAR TADI LAMA BANGET
863;203;1-10;851448.0;text;;[];False;False;f8334cd35571ac09;[];tuh
864;203;1-10;851456.0;text;;[];False;False;429a8a88c0d72b74;[];bole
865;203;0;851467.0;sticker/webp;;[];False;False;429a8a88c0d72b74;[];[Stiker]
866;203;101-500;851522.0;text;;[];False;False;b1a879cfa170b5d6;[];GW LAGI GALAU BANGET NIH SOAL MASA DEPAN. MAU LANJUT S2 TAPI DUIT GA ADA, MAU LANGSUNG KERJA TAPI PENGALAMAN MASIH MINIM. NYOKAP BILANG TERSERAH GW AJA TAPI GW TAU DIA PENGEN GW CEPET KERJA BIAR BISA BANTU EKONOMI KELUARGA. BINGUNG BANGET SIH, KAYAK SEMUA PILIHAN ADA PLUS MINUSNYA
867;203;11-50;851543.0;text;;[];False;False;429a8a88c0d72b74;[];warteg depan kampus enak
868;203;11-50;851544.0;text;;[];False;False;b1a879cfa170b5d6;[];TUGAS KELOMPOK BIKIN PUSING
869;203;11-50;851564.0;text;;[];False;False;429a8a88c0d72b74;[];dosen pembimbing susah ditemui
870;203;11-50;851575.0;text;;[];False;False;429a8a88c0d72b74;[];seminar tadi lama banget
871;203;11-50;851589.0;text;;[];False;False;b1a879cfa170b5d6;[];DOSEN PEMBIMBING SUSAH DITEMUI
872;203;51-100;851657.0;text;;[];True;False;f8334cd35571ac09;[];menurut lu gw hrs ambil mata kuliah pilihan yg mana semester depan?
873;203;0;851876.0;audio;;[];False;False;b1a879cfa170b5d6;[];[Voice Note]
874;203;1-10;851903.0;text;;[];True;False;f8334cd35571ac09;[];bener?
875;203;11-50;852705.0;text;;[];True;False;da338bd7da5a29bc;[];boleh gw ikut ga?
876;203;1-10;852717.0;text;;[];False;False;f8334cd35571ac09;[];tuh
877;203;101-500;852731.0;text;;[];False;False;da338bd7da5a29bc;[];Gw lagi galau banget nih soal masa depan. mau lanjut S2 tapi duit ga ada, mau langsung kerja tapi pengalaman masih minim. nyokap bilang terserah gw aja tapi gw tau dia pengen gw cepet kerja biar bisa bantu ekonomi keluarga. bingung banget sih, kayak semua pilihan ada plus minusnya.
878;203;11-50;852744.0;text;;[];False;False;da338bd7da5a29bc;[];Tugas kelompok bikin pusing.
879;203;11-50;852748.0;text;;[];False;False;da338bd7da5a29bc;[];Seminar tadi lama banget.
880;203;1-10;853470.0;text;;[];False;False;f8334cd35571ac09;[];asli
881;203;11-50;854080.0;text;;[];False;False;b1a879cfa170b5d6;[];PROPOSAL SKRIPSI GW DITOLAK
882;203;11-50;854112.0;text;;[];False;False;b1a879cfa170b5d6;[];GW MAU AMBIL CUTI SEMESTER
883;203;1-10;854126.0;text;;['😥'];False;False;b1a879cfa170b5d6;[];GAJE
884;203;101-500;854907.0;text;;[];False;False;4a6ca718df4d5631;[];gw lg galau bgt nih soal masa depan. mau lanjut s2 tp duit ga ad, mau langsung kerja tp pengalaman msh minim. nyokap bilang terserah gw aja tp gw tau dia pengen gw cepet kerja biar bs bantu ekonomi keluarga. bingung bgt sih, kyk smua pilihan ad plus minusnya
885;203;1-10;855459.0;text;;[];False;False;f8334cd35571ac09;[];bet
886;203;1-10;855463.0;text;;[];False;False;f8334cd35571ac09;[];bole
887;203;51-100;856650.0;text;;[];False;False;b1a879cfa170b5d6;[];KOSAN GW BOCOR LAGI PAS HUJAN SEMALAM, KASUR GW BASAH SEMUA PARAH BANGET
888;203;11-50;856681.0;text;;[];False;False;b1a879cfa170b5d6;[];DOSEN PEMBIMBING SUSAH DITEMUI
889;203;51-100;857163.0;text;;['😅'];False;False;520579885d41181b;[];gw lagii mikirin mau ambill magang di perusahaann manaa buat semesterrrr depan
890;203;11-50;859245.0;text;;[];False;False;429a8a88c0d72b74;[];seminar tadi lama banget
891;203;11-50;859253.0;text;;[];False;False;34c758c0752f2ad6;[];gw laper banget nih!!!
892;203;0;859257.0;sticker/webp;;[];False;False;34c758c0752f2ad6;[];[Stiker]
893;203;51-100;859259.0;text;;[];False;False;429a8a88c0d72b74;[];kemarin gw ke toko buku beli novel baru sama buku referensi buat skripsi
894;203;11-50;859422.0;text;;[];False;False;1e9822711688fba3;[];gw mau ambil cuti semester
895;203;11-50;859427.0;text;;[];False;False;1e9822711688fba3;[];warteg depan kampus enak,,,
896;203;1-10;859431.0;text;;[];False;False;429a8a88c0d72b74;[];asli
897;203;11-50;859454.0;text;;[];False;False;429a8a88c0d72b74;[];kelas tambahan hari sabtu sih
898;203;11-50;859457.0;text;;[];False;False;da338bd7da5a29bc;[];Dosen pembimbing susah ditemui.
899;203;11-50;859506.0;text;;[];False;False;da338bd7da5a29bc;[];Sidang minggu depan doain ya.
900;203;11-50;859513.0;text;;[];False;False;da338bd7da5a29bc;[];Gw laper banget nih.
901;203;11-50;859524.0;text;;[];False;False;da338bd7da5a29bc;[];Gw baru aja dari kampus.
902;203;11-50;859578.0;text;;[];False;False;1e9822711688fba3;[];gw mau,,, ambil cuti,,, semester
903;203;1-10;859617.0;text;;[];False;False;1e9822711688fba3;[];aman
904;203;51-100;859631.0;text;;[];False;False;1e9822711688fba3;[];jangan lupa besok kumpul,,, di lobby kampus jam 8 pagi buat berangkat bareng
905;203;11-50;859655.0;text;;[];False;False;da338bd7da5a29bc;[];Mie ayam pak kumis juara sih.
906;203;11-50;859657.0;text;;[];False;False;da338bd7da5a29bc;[];Warteg depan kampus enak.
907;203;11-50;859660.0;text;;[];False;False;da338bd7da5a29bc;[];Sidang minggu depan doain ya.
908;203;51-100;859679.0;text;;[];False;False;1e9822711688fba3;[];kosan gw bocor lagi,,, pas hujan,,, semalam, kasur gw basah semua parah,,, banget
909;203;51-100;859683.0;text;;[];False;False;da338bd7da5a29bc;[];Gw lagi mikirin mau ambil magang di perusahaan mana buat semester depan.
910;203;51-100;860464.0;text;;[];False;False;67dd671eb77f5b53;[];gw udah bikin slides presentasi tapi kayaknya masih kurang bagus deh isinya
911;203;11-50;860709.0;text;;[];False;False;1e9822711688fba3;['34c758c0752f2ad6'];seminar tadi lama banget
912;203;51-100;860736.0;text;;[];True;False;da338bd7da5a29bc;[];menurut lu gw harus ambil mata kuliah pilihan yang mana semester depan?
913;203;11-50;860740.0;text;;[];False;False;1e9822711688fba3;[];gw laper banget nih,,,
914;203;1-10;860756.0;text;;[];False;False;1e9822711688fba3;[];done
915;203;11-50;860769.0;text;;[];False;False;1e9822711688fba3;[];warteg depan kampus,,, enak,,,
916;203;11-50;860772.0;text;;[];False;False;1e9822711688fba3;[];proposal skripsi gw ditolak
917;203;1-10;860777.0;text;;[];False;False;da338bd7da5a29bc;[];Hmm.
918;203;11-50;860794.0;text;;[];True;False;1e9822711688fba3;[];boleh gw ikut ga?
919;203;11-50;860814.0;text;;[];False;False;da338bd7da5a29bc;[];Kelas tambahan hari sabtu sih.
920;203;101-500;860952.0;text;;[];False;False;da338bd7da5a29bc;[];Gw lagi galau banget nih soal masa depan. mau lanjut S2 tapi duit ga ada, mau langsung kerja tapi pengalaman masih minim. nyokap bilang terserah gw aja tapi gw tau dia pengen gw cepet kerja biar bisa bantu ekonomi keluarga. bingung banget sih, kayak semua pilihan ada plus minusnya.
921;203;101-500;861035.0;text;;[];False;False;bc6dfeff63215c29;[];GW LAGI GALAU BANGET NIH SOAL MASA DEPAN. MAU LANJUT S2 TAPI DUIT GA ADA, MAU LANGSUNG KERJA TAPI PENGALAMAN MASIH MINIM. NYOKAP BILANG TERSERAH GW AJA TAPI GW TAU DIA PENGEN GW CEPET KERJA BIAR BISA BANTU EKONOMI KELUARGA. BINGUNG BANGET SIH, KAYAK SEMUA PILIHAN ADA PLUS MINUSNYA
922;203;51-100;861053.0;text;;[];False;False;1e9822711688fba3;[];kosan gw bocor lagi pas hujan semalam, kasur,,, gw basah,,, semua parah banget
923;203;11-50;861061.0;text;;[];False;False;1e9822711688fba3;[];warteg depan kampus enak,,,
924;203;51-100;861094.0;text;;[];True;False;520579885d41181b;[];menurut lu gw harusss ambillll mataaa kuliahh pilihann yangggg mana semester depan?
925;203;11-50;861116.0;text;;[];False;False;1e9822711688fba3;[];seminar tadi lama banget,,,
926;203;11-50;861117.0;text;;[];False;False;1e9822711688fba3;[];sidang minggu depan doain,,, ya
927;203;1-10;861126.0;text;;['👏🏻'];False;False;520579885d41181b;[];sabi
928;203;11-50;861151.0;text;;[];False;False;bc6dfeff63215c29;[];PROPOSAL SKRIPSI GW DITOLAK
929;203;51-100;861160.0;text;;[];True;False;520579885d41181b;[];menurut lu gw harus ambillll mata kuliahhhh pilihannnn yang manaa semester depan?
930;203;51-100;861185.0;text;;[];False;False;67dd671eb77f5b53;[];kosan gw bocor lagi pas hujan semalam, kasur gw basah semua parah banget
931;203;51-100;861190.0;text;;[];False;False;da338bd7da5a29bc;[];Gw lagi mikirin mau ambil magang di perusahaan mana buat semester depan.
932;203;51-100;861207.0;text;928.0;[];False;False;da338bd7da5a29bc;[];Gw udah bikin slides presentasi tapi kayaknya masih kurang bagus deh isinya.
933;203;51-100;861248.0;text;;[];True;False;520579885d41181b;[];menuruttt lu gw harus ambil mata kuliah pilihan yangg manaa semesterrr depan?
934;203;1-10;861262.0;text;;[];False;False;da338bd7da5a29bc;[];Done.
935;203;11-50;861283.0;text;;[];False;False;520579885d41181b;[];mieeee ayam pakk kumis juara sihhh
936;203;11-50;861302.0;text;;[];False;False;520579885d41181b;[];gw mau ambill cuti semester
937;203;11-50;861401.0;text;;[];False;False;67dd671eb77f5b53;[];gw mau ambil cuti semester
938;203;11-50;861456.0;text;;[];True;False;f8334cd35571ac09;[];ntar malem ngapain?
939;203;11-50;861647.0;text;;[];False;False;f8334cd35571ac09;[];proposal skripsi gw ditolak
940;203;11-50;861793.0;text;;[];False;False;34c758c0752f2ad6;[];seminar tadi lama banget!!!
941;203;1-10;861914.0;text;;[];False;False;f8334cd35571ac09;[];gaje
942;203;1-10;861942.0;text;;['😂'];False;False;f8334cd35571ac09;[];asli
943;203;11-50;861946.0;text;;[];False;False;f8334cd35571ac09;[];tugas kelompok bikin pusing
944;203;11-50;861949.0;text;;['👏🏼'];False;True;f8334cd35571ac09;[];keren abis presentasinya!
945;203;11-50;862088.0;text;;[];True;False;f8334cd35571ac09;[];gmn kabar lu skrg?
946;203;11-50;862297.0;text;;[];False;False;da338bd7da5a29bc;[];Proposal skripsi gw ditolak.
947;203;0;862407.0;image/jpeg;;[];False;False;da338bd7da5a29bc;[];[Foto]
948;203;1-10;862487.0;text;;[];False;False;f8334cd35571ac09;[];asli
949;203;11-50;862487.0;text;;[];True;False;f8334cd35571ac09;[];ntar malem ngapain?
950;203;1-10;862487.0;text;;[];False;False;f8334cd35571ac09;[];bole
951;203;11-50;862496.0;text;;[];False;False;da338bd7da5a29bc;[];Mie ayam pak kumis juara sih.
952;203;11-50;862499.0;text;;['😂'];False;False;f8334cd35571ac09;[];gw laper bgt nih
953;203;11-50;862510.0;text;;[];False;False;da338bd7da5a29bc;[];Warteg depan kampus enak.
954;203;11-50;862520.0;text;;[];False;False;f8334cd35571ac09;[];dosen pembimbing susah ditemui
955;203;101-500;863196.0;text;;[];False;False;67dd671eb77f5b53;[];gw lagi galau banget nih soal masa depan. mau lanjut s2 tapi duit ga ada, mau langsung kerja tapi pengalaman masih minim. nyokap bilang terserah gw aja tapi gw tau dia pengen gw cepet kerja biar bisa bantu ekonomi keluarga. bingung banget sih, kayak semua pilihan ada plus minusnya
956;203;11-50;863206.0;text;;[];False;False;67dd671eb77f5b53;[];gw laper banget nih
957;203;11-50;863233.0;text;;[];False;False;429a8a88c0d72b74;[];kelas tambahan hari sabtu sih
958;203;11-50;863240.0;text;;[];False;False;429a8a88c0d72b74;[];gw baru aja dari kampus
959;203;11-50;863278.0;text;;[];False;False;67dd671eb77f5b53;[];mie ayam pak kumis juara sih
960;203;11-50;863289.0;text;;['🥺'];False;False;67dd671eb77f5b53;[];gw laper banget nih
961;203;1-10;863437.0;text;;['🙃'];False;False;1e9822711688fba3;[];bole
962;203;0;863758.0;audio;;[];False;False;34c758c0752f2ad6;[];[Voice Note]
963;203;1-10;863767.0;text;;[];False;False;f8334cd35571ac09;[];gpp
964;203;101-500;863782.0;text;;[];False;False;67dd671eb77f5b53;[];gw lagi galau banget nih soal masa depan. mau lanjut s2 tapi duit ga ada, mau langsung kerja tapi pengalaman masih minim. nyokap bilang terserah gw aja tapi gw tau dia pengen gw cepet kerja biar bisa bantu ekonomi keluarga. bingung banget sih, kayak semua pilihan ada plus minusnya
965;203;1-10;863802.0;text;;[];False;False;67dd671eb77f5b53;[];bole
966;203;11-50;863804.0;text;;[];False;False;f8334cd35571ac09;[];tugas kelompok bikin pusing
967;203;11-50;863832.0;text;;[];False;False;1e9822711688fba3;[];gw laper,,, banget nih,,,
968;203;11-50;863836.0;text;;[];True;False;1e9822711688fba3;[];ada yang punya catetan?
969;203;11-50;863960.0;text;;[];False;False;34c758c0752f2ad6;[];proposal skripsi gw ditolak!!!
970;203;1-10;863960.0;text;;[];False;False;34c758c0752f2ad6;[];done!!!
971;203;11-50;863974.0;text;;[];False;False;f8334cd35571ac09;[];gw laper bgt nih
972;203;101-500;864007.0;text;;[];False;False;90c1a2bcc4328640;[];gw lagiii galau banget nih soal masaaa depan. mauuuu lanjut s2 tapi duit ga ada, mau langsung kerja tapiiii pengalaman masih minim. nyokap bilang terserahhh gw aja tapi gw tauuuu dia pengennnn gw cepet kerja biar bisa bantu ekonomi keluarga. bingungggg banget sih, kayak semuaa pilihan adaaa plus minusnyaa
973;203;11-50;864927.0;text;;[];False;False;34c758c0752f2ad6;[];mie ayam pak kumis juara sih!!!
974;203;0;864927.0;sticker/webp;;[];False;False;34c758c0752f2ad6;[];[Stiker]
975;203;11-50;864932.0;text;;[];False;False;34c758c0752f2ad6;[];warteg depan kampus enak!!
976;203;0;864937.0;sticker/webp;;[];False;False;a0c0c0fcf00e254f;[];[Stiker]
977;203;11-50;864986.0;text;;['😂'];False;False;90c1a2bcc4328640;[];sidang mingguuuu depan doain ya
978;203;101-500;865232.0;text;;[];False;False;f8334cd35571ac09;[];gw lg galau bgt nih soal masa depan. mau lanjut s2 tp duit ga ad, mau langsung kerja tp pengalaman msh minim. nyokap bilang terserah gw aja tp gw tau dia pengen gw cepet kerja biar bs bantu ekonomi keluarga. bingung bgt sih, kyk smua pilihan ad plus minusnya
979;204;51-100;877277.0;text;;[];False;False;efb56404cf0b8a36;[];jangan lupa besok kumpul,,, di lobby kampus jam,,, 8,,, pagi buat berangkat bareng
980;204;11-50;877843.0;text;;[];True;False;4a6ca718df4d5631;[];boleh gw ikut ga?
981;204;11-50;877953.0;text;;[];True;False;4a6ca718df4d5631;[];gmn kabar lu skrg?
982;205;1-10;885151.0;text;;[];False;False;efb56404cf0b8a36;[];seep
983;205;101-500;892226.0;text;;[];False;False;4a6ca718df4d5631;[];gw lg belajar coding otodidak dr youtube buat nambah skill. mulai dr html css dulu baru pelan pelan ke javascript. lumayan susah sih awalnya tp lama lama mulai paham jg. siapa tau ntr bs bikin portfolio sendiri dan dapet kerjaan freelance buat nambah uang jajan selama kuliah
984;205;51-100;895479.0;text;;[];False;False;efb56404cf0b8a36;[];gw seneng banget akhirnya bisa ketemu temen temen,,, lama setelah lama ga
985;205;11-50;895653.0;text;;[];False;False;f8334cd35571ac09;[];baru bangun nih msh ngantuk
986;205;101-500;895672.0;text;;[];False;False;b1a879cfa170b5d6;[];MINGGU LALU GW AKHIRNYA BERANIIN DIRI BUAT NGOMONG SAMA DOSEN PEMBIMBING SOAL PROGRESS SKRIPSI YANG MANDEK. TERNYATA BELIAU PENGERTIAN BANGET DAN KASIH BANYAK MASUKAN YANG BERGUNA. GW NYESEL GA NGOMONG DARI AWAL SOALNYA SELAMA INI GW CUMA TAKUT DITOLAK ATAU DIMARAHIN PADAHAL DOSENNYA BAIK BANGET
987;205;51-100;895725.0;text;;[];False;False;b1a879cfa170b5d6;[];GW LAGI DENGERIN PODCAST TENTANG PSIKOLOGI, LUMAYAN BUAT NAMBAH WAWASAN
988;205;101-500;896746.0;text;;[];True;False;67bd5da43f6b0e96;[];eh ada yang... punya rekomendasi laptop budget 5 jutaan... yang bagus buat kuliah dan ngoding ga? laptop gw... yang sekarang udah mulai lemot dan sering ngehang kalo buka banyak tab.... pengennya sih yang ringan buat dibawa... ke kampus tapi tetep kenceng performanya, ada saran?
989;205;51-100;896810.0;text;;[];False;False;da338bd7da5a29bc;[];Gw seneng banget akhirnya bisa ketemu temen temen lama setelah lama ga.
990;205;51-100;896811.0;text;;[];False;False;67bd5da43f6b0e96;[];gw lagi dengerin podcast tentang psikologi,... lumayan buat nambah wawasan
991;205;101-500;896951.0;text;;[];False;False;4a6ca718df4d5631;[];gw lg belajar coding otodidak dr youtube buat nambah skill. mulai dr html css dulu baru pelan pelan ke javascript. lumayan susah sih awalnya tp lama lama mulai paham jg. siapa tau ntr bs bikin portfolio sendiri dan dapet kerjaan freelance buat nambah uang jajan selama kuliah
992;205;11-50;897330.0;text;;[];False;False;efb56404cf0b8a36;[];gw baru ganti nomor btw
993;205;0;897407.0;sticker/webp;;[];False;False;f8334cd35571ac09;[];[Stiker]
994;205;51-100;898432.0;text;;[];False;False;34c758c0752f2ad6;[];gw lagi dengerin podcast tentang psikologi, lumayan buat nambah wawasan!!
995;205;1-10;898441.0;text;;['😂'];False;False;34c758c0752f2ad6;[];hem!!
996;205;11-50;898450.0;text;;[];False;False;34c758c0752f2ad6;[];hujan deres ga bawa payung!!!
997;205;11-50;898596.0;text;;[];False;False;1e9822711688fba3;[];lu tim mana dukungnya,,,
998;205;1-10;937472.0;text;;[];True;False;f8334cd35571ac09;[];yg mn?
999;206;1-10;1040072.0;text;;[];True;False;f8334cd35571ac09;[];mau?
1000;206;11-50;1043677.0;text;;[];False;False;f8334cd35571ac09;[];gw ngga bs ikut malem ni
1001;207;51-100;1063951.0;text;;[];True;False;34c758c0752f2ad6;[];kira kira kalo gw apply magang sekarang masih keburu ga ya!!!
1002;207;11-50;1063959.0;text;;[];False;False;34c758c0752f2ad6;[];pertandingan bola tadi malam gila!!!
1003;207;1-10;1064585.0;text;;[];False;False;f8334cd35571ac09;[];ih
1004;208;11-50;1065313.0;text;;[];True;False;f8334cd35571ac09;[];kos lu dmn sih tepatnya?
1005;208;1-10;1066320.0;text;;[];False;False;34c758c0752f2ad6;[];dong!!
1006;209;51-100;1071021.0;text;;[];True;False;67bd5da43f6b0e96;[];siapa sih yang spread gosip itu ke grup sebelah, tau ga orangnya?
1007;209;51-100;1071064.0;text;;[];False;False;67bd5da43f6b0e96;[];adek gw mau masuk kuliah tahun depan gw harus... bantu... cariin info jurusan
1008;209;1-10;1071388.0;text;;[];False;False;da338bd7da5a29bc;[];Nice.
1009;209;11-50;1071459.0;text;;[];False;False;34c758c0752f2ad6;[];film baru di bioskop bagus ga!!!
1010;209;0;1071461.0;sticker/webp;;[];False;False;34c758c0752f2ad6;[];[Stiker]
1011;209;11-50;1071472.0;text;;[];False;False;67bd5da43f6b0e96;[];keluarga ngumpul lebaran nanti
1012;209;1-10;1071500.0;text;;['❤️'];False;False;34c758c0752f2ad6;[];goks!!!
1013;210;1-10;1110635.0;text;;[];True;False;f8334cd35571ac09;[];ya?
1014;210;51-100;1110839.0;text;;['😅'];False;False;da338bd7da5a29bc;[];Dosen killer itu ternyata baik banget orangnya kalo diajak ngobrol santai.
1015;210;11-50;1110902.0;text;;[];False;False;f8334cd35571ac09;[];manga terbaru udah keluar loh
1016;210;11-50;1110914.0;text;;['😂'];False;False;f8334cd35571ac09;[];gw lg baca novel baru nih
1017;210;11-50;1110968.0;text;;[];False;False;da338bd7da5a29bc;[];Podcast yg lu rekomen mana.
1018;210;1-10;1110968.0;text;;['😂'];False;False;da338bd7da5a29bc;[];Jir.
1019;210;51-100;1111896.0;text;;[];False;False;f8334cd35571ac09;[];gw baru dapet info beasiswa buat semester depan mau coba daftar deh
1020;210;1-10;1111903.0;text;;[];False;False;34c758c0752f2ad6;[];sans!!!
1021;210;11-50;1111910.0;text;;[];False;False;34c758c0752f2ad6;[];gw abis lari pagi tadi!!
1022;210;11-50;1112013.0;text;;[];False;False;f8334cd35571ac09;[];gw lg baca novel baru nih
1023;210;11-50;1113211.0;text;;[];False;False;1e9822711688fba3;[];gym hari ini skip,,, deh
1024;210;11-50;1113219.0;text;;[];False;False;f8334cd35571ac09;[];gym hari ni skip deh
1025;210;11-50;1113229.0;text;;[];False;False;f8334cd35571ac09;[];badminton yuk sore ni
1026;210;0;1113265.0;sticker/webp;;[];False;False;bc6dfeff63215c29;[];[Stiker]
1027;210;11-50;1114420.0;text;;[];False;False;34c758c0752f2ad6;[];gw abis lari pagi tadi!!!
1028;210;11-50;1114434.0;text;;[];False;False;34c758c0752f2ad6;[];konser itu mahal banget tiketnya!!
1029;210;11-50;1114529.0;text;;[];False;False;da338bd7da5a29bc;[];Manga terbaru udah keluar loh.
1030;210;11-50;1114676.0;text;;[];False;False;da338bd7da5a29bc;[];Badminton yuk sore ini.
1031;210;11-50;1114689.0;text;;[];False;False;da338bd7da5a29bc;[];Podcast yg lu rekomen mana.
1032;210;11-50;1115237.0;text;;[];False;False;da338bd7da5a29bc;[];Podcast yg lu rekomen mana.
1033;210;51-100;1115378.0;text;;[];True;False;a0c0c0fcf00e254f;[];kira kira kalo gw apply magang sekarang masih keburu ga ya?
1034;210;11-50;1115697.0;text;;[];False;False;1e9822711688fba3;[];gw abis lari pagi,,, tadi
1035;210;11-50;1115705.0;text;;[];True;False;1e9822711688fba3;[];ada sinyal ga disitu?,,,
1036;210;1-10;1115729.0;text;;[];False;False;da338bd7da5a29bc;[];Zonk.
1037;210;11-50;1115748.0;text;;[];False;False;da338bd7da5a29bc;[];Album baru dia enak banget.
1038;210;11-50;1115752.0;text;;[];False;False;da338bd7da5a29bc;[];Pertandingan bola tadi malam gila.
1039;210;1-10;1116270.0;image/jpeg;;[];True;False;1e9822711688fba3;[];[Foto]
1040;210;11-50;1116284.0;text;;[];False;False;1e9822711688fba3;[];podcast yg lu rekomen mana
1041;210;1-10;1116310.0;text;;[];False;False;f8334cd35571ac09;[];kuy
1042;210;11-50;1116623.0;text;;[];False;False;da338bd7da5a29bc;[];Game baru udah download belum.
1043;210;1-10;1116623.0;text;;['😂'];False;False;da338bd7da5a29bc;[];Bete.
1044;210;11-50;1116641.0;text;;[];True;False;f8334cd35571ac09;[];booking duluan apa langsung aja?
1045;210;11-50;1116658.0;text;;[];False;False;f8334cd35571ac09;[];gw lg baca novel baru nih
1046;211;101-500;1133640.0;text;;[];True;False;5af6a4550b616407;[];menuurt kalian knp ya genearsi kita tuh kaykanya lebih gampagn stres dan burnotu dibanding generasi orang tua kita duul? apa krn tekanan sosmed atau emang tuntutan hidup yg makin tniggi ya? gw penasaran aja sih soalnya temen teemn gw banyak yg ngeluh hal yg sm
1047;211;11-50;1133687.0;text;;[];False;False;1e9822711688fba3;[];gw belom mulai,,, tugas
1048;211;11-50;1133691.0;text;;[];False;False;1e9822711688fba3;[];presentasi gw,,, amburadul
1049;211;51-100;1133702.0;text;;[];False;False;1e9822711688fba3;[];tadi gw ketemu dosen,,, pembimbing dan dia minta revisi lagi untuk bab 3
1050;211;1-10;1133782.0;text;;[];False;False;f8334cd35571ac09;[];dah
1051;211;11-50;1133804.0;text;;[];True;False;f8334cd35571ac09;[];tugas dikumpul kapan sih?
1052;211;11-50;1133860.0;text;;[];False;False;1e9822711688fba3;[];ipk gw turun semester,,, ini
1053;211;51-100;1133861.0;text;;[];False;False;1e9822711688fba3;[];tadi gw ketemu,,, dosen pembimbing dan dia minta revisi lagi untuk bab,,, 3
1054;211;1-10;1133862.0;text;;[];False;False;1e9822711688fba3;[];wkwk
1055;211;11-50;1133881.0;text;;[];False;False;1e9822711688fba3;[];eh tadi kelas seru banget
1056;211;1-10;1133998.0;text;;[];False;False;f8334cd35571ac09;[];hehe
1057;211;1-10;1134004.0;text;;[];False;False;f8334cd35571ac09;[];oke
1058;211;11-50;1134026.0;text;;[];True;False;f8334cd35571ac09;[];lu dmn skrg?
1059;211;11-50;1134059.0;text;;[];False;False;67dd671eb77f5b53;[];eh tadi kelas seru banget
1060;211;11-50;1134083.0;text;;[];False;False;67dd671eb77f5b53;[];perpus tutup jam berapa ya
1061;211;11-50;1134136.0;text;;[];False;False;1e9822711688fba3;[];gw lg ngerjain tugas nih
1062;211;0;1134183.0;image/jpeg;;[];False;False;1e9822711688fba3;[];[Foto]
1063;211;1-10;1134243.0;text;;[];False;False;f8334cd35571ac09;[];gas
1064;211;11-50;1135521.0;text;;[];False;False;67dd671eb77f5b53;[];dosen gw galak banget sih
1065;211;11-50;1135795.0;text;;['😂'];False;False;f8334cd35571ac09;[];matkul ni susah bgt
1066;211;51-100;1135994.0;text;;[];False;False;429a8a88c0d72b74;[];nyokap gw nelfon tadi nanyain kapan pulang, gw bilang aja abis ujian
1067;211;51-100;1136979.0;text;;[];True;False;f8334cd35571ac09;[];eh lu udah dapet info jadwal ujian akhir semester blm dr prodi?
1068;211;11-50;1137065.0;text;;['😅'];False;False;f8334cd35571ac09;[];perpus tutup jam berapa ya
1069;211;11-50;1137071.0;text;;[];False;False;f8334cd35571ac09;[];deadline besok pagi bro
1070;211;101-500;1137919.0;text;;[];False;False;4a6ca718df4d5631;[];jadi ceritanya kemarin gw ke perpustakaan pusat buat nyari bahan referensi skripsi, ternyata bukunya udah dipinjem smua sm anak angkatan sebelah. akhirnya gw cuma bs fotokopi dr temen yg kebetulan pny. lumayan lah daripada ga dapet sm sekali, tinggal di rangkum aja sisanya
1071;211;1-10;1138055.0;text;;[];False;False;f8334cd35571ac09;[];oke
1072;211;51-100;1139964.0;text;;[];False;False;4a6ca718df4d5631;[];tadi gw ketemu dosen pembimbing dan dia minta revisi lg utk bab 3
1073;211;11-50;1139995.0;text;1072.0;[];False;False;429a8a88c0d72b74;[];dosen gw galak banget sih
1074;211;11-50;1140101.0;video/mp4;;[];True;False;4a6ca718df4d5631;[];[Video]
1075;211;1-10;1142751.0;text;;['😂'];False;False;f8334cd35571ac09;[];oke
1076;211;51-100;1142770.0;text;;[];False;False;f8334cd35571ac09;[];tadi gw ketemu dosen pembimbing dan dia minta revisi lg utk bab 3
1077;211;101-500;1144055.0;text;;[];False;False;4a6ca718df4d5631;[];jadi ceritanya kemarin gw ke perpustakaan pusat buat nyari bahan referensi skripsi, ternyata bukunya udah dipinjem smua sm anak angkatan sebelah. akhirnya gw cuma bs fotokopi dr temen yg kebetulan pny. lumayan lah daripada ga dapet sm sekali, tinggal di rangkum aja sisanya
1078;212;11-50;1197213.0;text;;[];True;False;f8334cd35571ac09;[];makan apa ntar siang?
1079;212;11-50;1197442.0;text;;[];False;False;a0c0c0fcf00e254f;[];gw ngga bisa ikut malem ini
1080;212;0;1197452.0;sticker/webp;;[];False;False;a0c0c0fcf00e254f;[];[Stiker]
1081;213;101-500;1202589.0;text;;[];False;False;da338bd7da5a29bc;[];Hari ini gw iseng nyoba bikin kopi pake metode V60 yang lagi hype di kalangan anak anak kampus. beli alatnya lumayan mahal sih tapi hasilnya emang beda dari kopi sachet biasa. kopinya lebih smooth dan ga terlalu pahit. kayaknya gw bakal ketagihan nih bikin kopi sendiri tiap pagi sebelum ke kampus.
1082;213;51-100;1202606.0;text;;[];False;False;da338bd7da5a29bc;[];Gw pengen banget liburan ke pantai tapi duit lagi tipis banget sekarang.
1083;213;11-50;1202933.0;text;;[];False;False;67dd671eb77f5b53;[];gw ga percaya sih gosipnya
1084;213;11-50;1202943.0;text;;[];False;False;67dd671eb77f5b53;[];pacarnya baru siapa sih
1085;213;11-50;1202952.0;text;;[];False;False;67dd671eb77f5b53;[];reuni kapan ya kita
1086;213;11-50;1202960.0;text;;[];False;False;da338bd7da5a29bc;[];Gw ga percaya sih gosipnya.
1087;213;11-50;1202966.0;text;;[];False;False;67dd671eb77f5b53;[];gw kangen temen temen sma
1088;213;1-10;1202972.0;text;;[];False;False;67dd671eb77f5b53;[];trus
1089;213;51-100;1203542.0;text;;[];True;True;5b84a0355e8e6fc8;[];lu pernah coba belajar bareng di perpus kota ga, enak ga disana?
1090;213;11-50;1203664.0;text;;[];False;False;1e9822711688fba3;[];jangan bilang siapa,,, siapa ya
1091;213;51-100;1204261.0;text;;['😂'];False;False;90c1a2bcc4328640;[];gw pengen banget liburan ke pantaiii tapi duit lagiiii tipis bangett sekarangggg
1092;213;11-50;1204312.0;text;;[];False;True;5b84a0355e8e6fc8;[];sedih banget ceritanya!
1093;213;51-100;1204551.0;text;;[];False;False;67dd671eb77f5b53;[];gw pengen banget liburan ke pantai tapi duit lagi tipis banget sekarang
1094;213;1-10;1205085.0;text;;[];False;True;5b84a0355e8e6fc8;[];sabi!
1095;213;11-50;1205306.0;text;;[];False;False;efb56404cf0b8a36;[];gw ga,,, percaya sih,,, gosipnya
1096;213;1-10;1205306.0;text;;[];False;False;efb56404cf0b8a36;[];males
1097;213;0;1205323.0;sticker/webp;;[];False;False;34c758c0752f2ad6;[];[Stiker]
1098;213;11-50;1205326.0;text;;[];False;False;34c758c0752f2ad6;[];temenin gw dong besok!!!
1099;213;11-50;1208187.0;text;;[];False;False;429a8a88c0d72b74;[];gw berantem sama si anu
1100;213;11-50;1208204.0;text;;[];False;False;429a8a88c0d72b74;[];eh denger gosip belum
1101;213;1-10;1208469.0;text;;['😂'];False;False;da338bd7da5a29bc;[];Wkwkw.
1102;213;11-50;1208477.0;text;;[];True;False;34c758c0752f2ad6;[];jadwal sidang kapan bro!!
1103;213;11-50;1208743.0;text;;[];False;False;429a8a88c0d72b74;[];gw ga percaya sih gosipnya
1104;213;11-50;1208762.0;text;;[];False;False;429a8a88c0d72b74;[];gw ga percaya sih gosipnya
1105;213;1-10;1208872.0;text;;[];False;False;da338bd7da5a29bc;[];Gabut.
1106;213;51-100;1209953.0;text;;[];True;False;1e9822711688fba3;[];lu pernah coba,,, belajar bareng di perpus kota ga, enak ga disana?,,,
1107;213;11-50;1210448.0;text;;[];False;False;429a8a88c0d72b74;[];gw ga percaya sih gosipnya
1108;213;51-100;1210457.0;text;;[];True;False;429a8a88c0d72b74;[];lu pernah coba belajar bareng di perpus kota ga, enak ga disana?
1109;213;101-500;1210507.0;text;;[];True;False;da338bd7da5a29bc;[];guys ada yang tau ga sih kenapa sistem registrasi online kampus sering banget error pas masa pengisian KRS? tiap semester selalu gitu bikin stres, mana harus rebutan mata kuliah yang kuotanya dikit banget lagi. apa emang servernya ga kuat ya nampung banyak mahasiswa sekaligus?
1110;213;51-100;1213141.0;text;;[];True;False;520579885d41181b;[];lu pernah cobaa belajarrr bareng di perpus kotaa ga, enak ga disana?
1111;213;11-50;1213158.0;text;;[];False;False;520579885d41181b;[];si ituu udahhhh putus katanyaaaa
1112;213;11-50;1213603.0;text;1110.0;[];False;False;da338bd7da5a29bc;[];Diem diem ternyata jadian.
1113;213;11-50;1214173.0;text;;['🙄'];True;False;520579885d41181b;[];kos lu dimanaa sihhh tepatnya?
1114;213;51-100;1214225.0;text;;[];False;False;da338bd7da5a29bc;[];Gw pengen banget liburan ke pantai tapi duit lagi tipis banget sekarang.
1115;213;11-50;1214259.0;text;;[];False;False;429a8a88c0d72b74;[];pacarnya baru siapa sih
1116;213;11-50;1215813.0;text;;['😅'];False;False;520579885d41181b;[];angkot ke sana masih adaaaa ga
1117;213;51-100;1215845.0;text;;[];False;False;520579885d41181b;[];hariii ini gw ada rapatt organisasi sampe sore jadiiii ga bisa ikutt nongkrong
1118;213;0;1216938.0;image/jpeg;;[];False;False;f8334cd35571ac09;[];[Foto]
1119;213;1-10;1217105.0;text;;['🤣'];False;False;bc6dfeff63215c29;[];UDAH
1120;213;51-100;1217769.0;text;;[];False;False;67dd671eb77f5b53;[];wifi kosan gw lemot banget jadi gw ke perpus aja buat ngerjain tugas
1121;213;11-50;1217780.0;text;;[];False;False;67dd671eb77f5b53;[];angkot ke sana masih ada ga
1122;213;51-100;1217795.0;text;;[];False;False;67dd671eb77f5b53;[];gw baru aja dapet kabar kalo temen kita diterima kerja di luar negeri
1123;213;11-50;1219522.0;text;;[];False;False;429a8a88c0d72b74;[];reuni kapan ya kita
1124;213;11-50;1219575.0;text;;[];False;False;34c758c0752f2ad6;[];temenin gw dong besok!!!
1125;213;0;1219583.0;sticker/webp;;[];False;False;34c758c0752f2ad6;[];[Stiker]
1126;213;1-10;1219827.0;text;;[];False;False;f8334cd35571ac09;[];hihi
1127;213;51-100;1219830.0;text;;[];False;False;429a8a88c0d72b74;[];wifi kosan gw lemot banget jadi gw ke perpus aja buat ngerjain tugas
1128;213;11-50;1224266.0;text;;[];False;False;f8334cd35571ac09;[];gw ga percaya sih gosipnya
1129;213;1-10;1224275.0;text;;[];False;False;67dd671eb77f5b53;[];cape
1130;213;1-10;1224287.0;text;;['😂'];False;False;f8334cd35571ac09;[];gabut
1131;214;11-50;1232286.0;text;;[];False;False;f8334cd35571ac09;[];es teh manis satu ya bang
1132;214;11-50;1232301.0;text;;[];False;False;f8334cd35571ac09;[];kopi susu yg biasa ya
1133;214;11-50;1233001.0;text;;[];False;False;429a8a88c0d72b74;[];porsi makan gw nambah terus
1134;214;11-50;1233022.0;text;;[];False;False;f8334cd35571ac09;[];gw mau pesen gofood dulu
1135;214;11-50;1233024.0;text;;['😂'];False;False;f8334cd35571ac09;[];bakso malang tu buka ga ya
1136;214;51-100;1233039.0;text;;['😱'];False;False;bc6dfeff63215c29;[];GW UDAH DOWNLOAD SEMUA MATERI KULIAH TAPI BELUM SEMPAT BACA SAMA SEKALI
1137;214;11-50;1233058.0;text;;[];False;False;f8334cd35571ac09;[];masak sendiri lebih hemat sih
1138;214;101-500;1233095.0;text;;[];False;False;bc6dfeff63215c29;[];KEMARIN MALEM GW SAMA TEMEN TEMEN NONGKRONG DI WARKOP BIASA SAMPE JAM 12 MALEM. KITA NGOBROL BANYAK HAL DARI MULAI TUGAS KULIAH, RENCANA LIBURAN, SAMPE MASALAH PERCINTAAN. SERU SIH WALAU BESOKNYA GW KESIANGAN MASUK KELAS PAGI DAN DOSEN NEGUR DI DEPAN SEMUA ORANG. MALU TAPI YA GIMANA LAGI
1139;214;11-50;1233119.0;text;;[];False;False;429a8a88c0d72b74;[];es teh manis satu ya bang
1140;214;11-50;1233228.0;text;;[];False;True;f8334cd35571ac09;[];enak bgt makanannya!
1141;214;11-50;1233304.0;text;;[];False;True;bc6dfeff63215c29;[];ENAK BANGET MAKANANNYA!
1142;215;11-50;1281639.0;text;;[];False;False;f8334cd35571ac09;[];bokap gw lg di luar kota
1143;215;11-50;1281642.0;text;;[];False;False;f8334cd35571ac09;[];film baru di bioskop bagus ga
1144;215;1-10;1281644.0;text;;['😂'];False;False;f8334cd35571ac09;[];woles
1145;215;51-100;1281709.0;text;;[];False;False;da338bd7da5a29bc;[];Gw nonton film dokumenter semalam tentang laut dan ikan, bagus banget.
1146;215;11-50;1283245.0;text;;[];False;False;429a8a88c0d72b74;[];keluarga ngumpul lebaran nanti
1147;215;11-50;1283266.0;text;;[];False;False;f8334cd35571ac09;[];gw kangen masakan rumah
1148;215;11-50;1283267.0;text;;['😂'];False;False;f8334cd35571ac09;[];film baru di bioskop bagus ga
1149;215;51-100;1284502.0;text;;[];False;False;34c758c0752f2ad6;[];adek gw mau masuk kuliah tahun depan gw harus bantu cariin info jurusan!!
1150;215;11-50;1284586.0;text;;[];False;False;429a8a88c0d72b74;[];nyokap nanya kapan lulus
1151;215;11-50;1284587.0;text;;[];False;False;429a8a88c0d72b74;[];mama minta gw pulang weekend
1152;215;1-10;1284905.0;text;;[];False;False;f8334cd35571ac09;[];hayuk
1153;215;11-50;1284908.0;text;;[];False;False;f8334cd35571ac09;[];playlist lo yg mana sih
1154;215;1-10;1284949.0;text;;[];False;False;da338bd7da5a29bc;[];Goks.
1155;215;51-100;1284978.0;text;;[];False;False;da338bd7da5a29bc;[];Besok ada bazaar di kampus katanya banyak makanan murah, pada ikut ga.
1156;215;11-50;1284989.0;text;;[];False;False;da338bd7da5a29bc;[];Adek gw masuk SMA tahun ini.
1157;216;11-50;1286002.0;text;;[];True;False;da338bd7da5a29bc;[];besok libur bukan sih?
1158;216;0;1286060.0;audio;;[];False;False;34c758c0752f2ad6;[];[Voice Note]
1159;216;1-10;1286177.0;text;;[];False;False;f8334cd35571ac09;[];okey
1160;216;11-50;1286340.0;text;;[];False;False;da338bd7da5a29bc;[];Hp gw lowbat nih.
1161;216;0;1288790.0;application/pdf;;[];False;False;67bd5da43f6b0e96;[];[Dokumen PDF]
1162;217;51-100;1290160.0;text;;['🤣'];False;True;67bd5da43f6b0e96;[];seneng banget gw dapet tawaran... magang... di perusahaan impian... gw!...
1163;217;51-100;1290166.0;text;;['🤣'];False;True;67bd5da43f6b0e96;[];seneng banget gw dapet tawaran magang di perusahaan... impian gw!...
1164;217;1-10;1290185.0;text;;[];False;False;34c758c0752f2ad6;[];wkwkw!!!
1165;217;0;1290191.0;sticker/webp;;[];False;False;34c758c0752f2ad6;[];[Stiker]
1166;217;0;1290225.0;sticker/webp;;[];False;False;f8334cd35571ac09;[];[Stiker]
1167;217;11-50;1290238.0;video/mp4;;[];False;False;34c758c0752f2ad6;[];[Video]
1168;217;11-50;1290266.0;text;;[];False;False;429a8a88c0d72b74;[];temenin gw dong besok
1169;217;11-50;1290299.0;image/jpeg;;[];False;False;f8334cd35571ac09;[];[Foto]
1170;217;1-10;1290310.0;text;;['😂'];False;False;f8334cd35571ac09;[];amin
1171;217;11-50;1290347.0;text;;[];False;False;34c758c0752f2ad6;[];jangan bilang siapa siapa ya!!!
1172;217;1-10;1290363.0;text;;[];False;False;f8334cd35571ac09;[];amin
1173;217;11-50;1290377.0;text;;[];False;False;f8334cd35571ac09;[];diem diem ternyata jadian
1174;217;1-10;1290387.0;text;;['😅', '😂'];False;False;f8334cd35571ac09;[];ywd
1175;217;11-50;1290387.0;image/jpeg;;[];False;False;429a8a88c0d72b74;[];[Foto]
1176;217;0;1290479.0;audio;1175.0;[];False;False;f8334cd35571ac09;[];[Voice Note]
1177;217;11-50;1290537.0;text;;[];False;False;34c758c0752f2ad6;[];angkot ke sana masih ada ga!!!
1178;217;51-100;1290576.0;image/jpeg;;[];False;False;429a8a88c0d72b74;[];[Foto]
1179;217;1-10;1290633.0;text;;[];False;False;34c758c0752f2ad6;[];amin!!!
1180;217;101-500;1294276.0;text;;[];False;False;67bd5da43f6b0e96;[];hari ini gw... iseng... nyoba bikin kopi pake metode V60 yang lagi hype di kalangan... anak anak kampus. beli alatnya... lumayan mahal sih tapi hasilnya emang beda dari... kopi sachet biasa. kopinya lebih smooth dan ga terlalu pahit. kayaknya gw bakal ketagihan nih bikin kopi sendiri tiap pagi sebelum ke kampus
1181;217;11-50;1294277.0;text;;['🤣'];False;False;67bd5da43f6b0e96;[];angkot ke sana masih ada... ga
1182;217;11-50;1294279.0;text;;[];False;False;67bd5da43f6b0e96;[];eh denger gosip belum
1183;217;1-10;1294793.0;text;;[];False;True;f8334cd35571ac09;[];sabi!
1184;217;11-50;1294796.0;text;;[];False;False;f8334cd35571ac09;[];gw kangen temen temen sma
1185;217;11-50;1294805.0;text;;[];False;False;f8334cd35571ac09;[];temen gw sakit masuk rs
1186;217;11-50;1295134.0;text;1182.0;['©️', '®️'];False;True;90c1a2bcc4328640;[];sedihhh bangettt ceritanya!
1187;217;11-50;1297066.0;text;;[];False;False;f8334cd35571ac09;[];jangan bilang siapa siapa ya
1188;217;11-50;1297077.0;text;;[];False;False;f8334cd35571ac09;[];eh denger gosip blm
1189;217;1-10;1297352.0;text;;[];False;False;34c758c0752f2ad6;[];cape!!!
1190;217;51-100;1298117.0;text;;[];False;False;efb56404cf0b8a36;[];lu harus coba kedai,,, kopi baru di jalan belakang,,, kampus,,,, enak banget,,,
1191;217;11-50;1298131.0;text;;[];False;False;efb56404cf0b8a36;[];diem diem ternyata jadian
1192;217;101-500;1298523.0;text;;[];False;False;b1a879cfa170b5d6;[];HARI INI GW ISENG NYOBA BIKIN KOPI PAKE METODE V60 YANG LAGI HYPE DI KALANGAN ANAK ANAK KAMPUS. BELI ALATNYA LUMAYAN MAHAL SIH TAPI HASILNYA EMANG BEDA DARI KOPI SACHET BIASA. KOPINYA LEBIH SMOOTH DAN GA TERLALU PAHIT. KAYAKNYA GW BAKAL KETAGIHAN NIH BIKIN KOPI SENDIRI TIAP PAGI SEBELUM KE KAMPUS
1193;217;51-100;1298581.0;text;;[];False;False;b1a879cfa170b5d6;[];GW PENGEN BANGET LIBURAN KE PANTAI TAPI DUIT LAGI TIPIS BANGET SEKARANG
1194;217;11-50;1298683.0;text;;[];False;False;b1a879cfa170b5d6;[];JANGAN BILANG SIAPA SIAPA YA
1195;217;101-500;1299721.0;text;;[];False;False;da338bd7da5a29bc;[];Hari ini gw iseng nyoba bikin kopi pake metode V60 yang lagi hype di kalangan anak anak kampus. beli alatnya lumayan mahal sih tapi hasilnya emang beda dari kopi sachet biasa. kopinya lebih smooth dan ga terlalu pahit. kayaknya gw bakal ketagihan nih bikin kopi sendiri tiap pagi sebelum ke kampus.
1196;217;51-100;1299745.0;text;;[];False;False;da338bd7da5a29bc;[];Wifi kosan gw lemot banget jadi gw ke perpus aja buat ngerjain tugas.
1197;217;11-50;1300035.0;text;;[];False;False;34c758c0752f2ad6;[];angkot ke sana masih ada ga!!
1198;217;11-50;1300037.0;text;;[];False;False;34c758c0752f2ad6;[];angkot ke sana masih ada ga!!!
1199;217;51-100;1300078.0;text;;['😅'];False;False;da338bd7da5a29bc;[];Wifi kosan gw lemot banget jadi gw ke perpus aja buat ngerjain tugas.
1200;217;11-50;1300766.0;text;;['🤣'];False;True;67bd5da43f6b0e96;[];gw kaget pas denger... itu!
1201;217;51-100;1300915.0;text;;['😅'];False;True;67bd5da43f6b0e96;[];seneng banget gw dapet tawaran magang di perusahaan... impian gw!
1202;217;51-100;1300951.0;text;;['🙏'];True;True;67bd5da43f6b0e96;['520579885d41181b'];lu pernah coba... belajar... bareng... di perpus kota ga,... enak... ga disana?...
1203;217;11-50;1301187.0;text;;[];False;False;b1a879cfa170b5d6;[];GW BERANTEM SAMA SI ANU
1204;217;11-50;1301222.0;text;;[];False;False;f8334cd35571ac09;[];angkot ke sana msh ad ga
1205;217;1-10;1301227.0;text;;['😂'];False;False;f8334cd35571ac09;[];sm
1206;217;51-100;1301289.0;text;;[];False;False;520579885d41181b;[];gw baru ajaaaa dapetttt kabarr kalo temen kitaaa diterimaaa kerja di luar negeri
1207;217;11-50;1301323.0;text;;[];False;False;34c758c0752f2ad6;[];temenin gw dong besok!!!
1208;217;11-50;1301335.0;text;;[];False;False;34c758c0752f2ad6;[];gw ga percaya sih gosipnya!!!
1209;217;11-50;1301419.0;text;;['😉'];False;False;b1a879cfa170b5d6;[];PACARNYA BARU SIAPA SIH
1210;217;11-50;1301465.0;text;;[];False;False;f8334cd35571ac09;[];si tu udah putus katanya
1211;217;1-10;1301477.0;text;;['🔪'];False;False;f8334cd35571ac09;[];males
1212;217;11-50;1301492.0;text;;[];False;False;b1a879cfa170b5d6;[];JANGAN BILANG SIAPA SIAPA YA
1213;217;51-100;1301502.0;text;;[];False;False;f8334cd35571ac09;[];gw baru aja dapet kabar kalo temen kita diterima kerja di luar negeri
1214;217;11-50;1301504.0;text;;[];False;False;f8334cd35571ac09;['1e9822711688fba3'];si tu udah putus katanya
1215;217;11-50;1301519.0;text;;[];True;False;f8334cd35571ac09;[];pinjam catetan boleh ga?
1216;217;11-50;1301541.0;text;;[];False;False;b1a879cfa170b5d6;[];TEMEN GW SAKIT MASUK RS
1217;217;11-50;1301658.0;image/jpeg;;[];False;False;a0c0c0fcf00e254f;[];[Foto]
1218;217;0;1301665.0;video/mp4;;[];False;False;a0c0c0fcf00e254f;[];[Video]
1219;217;0;1301687.0;audio;;[];False;False;34c758c0752f2ad6;[];[Voice Note]
1220;217;11-50;1301908.0;text;;['👏'];False;False;67bd5da43f6b0e96;[];jangan bilang siapa siapa ya
1221;217;11-50;1302082.0;text;1217.0;[];False;False;34c758c0752f2ad6;[];gw ga percaya sih gosipnya!!
1222;217;1-10;1302085.0;text;;[];False;False;f8334cd35571ac09;[];sm
1223;217;11-50;1302110.0;text;;[];False;False;f8334cd35571ac09;[];angkot ke sana msh ad ga
1224;217;51-100;1302142.0;text;;[];False;False;f8334cd35571ac09;['34c758c0752f2ad6'];hari ni gw ad rapat organisasi sampe sore jadi ga bs ikut nongkrong
1225;217;1-10;1302149.0;text;;['😂'];False;False;f8334cd35571ac09;[];dong
1226;217;1-10;1302171.0;text;;['😂'];False;False;34c758c0752f2ad6;[];amin!!
1227;217;1-10;1302173.0;text;;[];False;False;34c758c0752f2ad6;[];hihi!!
1228;217;11-50;1302207.0;text;;[];False;False;b1a879cfa170b5d6;[];TEMEN GW SAKIT MASUK RS
1229;217;0;1302224.0;image/jpeg;;[];False;False;b1a879cfa170b5d6;[];[Foto]
1230;217;11-50;1302247.0;text;;[];True;False;b1a879cfa170b5d6;[];KAPAN TERAKHIR KALI KETEMU?
1231;217;11-50;1302261.0;text;;[];True;False;a0c0c0fcf00e254f;[];pinjam catetan boleh ga?
1232;217;51-100;1302294.0;text;;[];False;False;1e9822711688fba3;[];hari ini,,, gw,,, ada rapat organisasi sampe sore,,, jadi,,, ga bisa ikut nongkrong
1233;217;11-50;1302320.0;text;;[];True;False;34c758c0752f2ad6;[];jadwal sidang kapan bro!!
1234;217;11-50;1302329.0;text;;[];False;False;34c758c0752f2ad6;[];gw ga percaya sih gosipnya!!
1235;217;11-50;1302332.0;text;;[];False;False;f8334cd35571ac09;[];reuni kapan ya kita
1236;217;11-50;1302370.0;text;;[];False;False;34c758c0752f2ad6;[];angkot ke sana masih ada ga!!
1237;217;1-10;1302382.0;text;;[];False;False;b1a879cfa170b5d6;[];TRUS
1238;217;1-10;1302399.0;text;;[];False;False;34c758c0752f2ad6;[];hihi!!
1239;217;1-10;1302408.0;text;;['😔'];False;False;34c758c0752f2ad6;[];udah!!
1240;217;11-50;1302450.0;text;;[];True;False;f8334cd35571ac09;[];kapan terakhir kali ketemu?
1241;217;51-100;1302474.0;text;;[];False;False;b1a879cfa170b5d6;[];WIFI KOSAN GW LEMOT BANGET JADI GW KE PERPUS AJA BUAT NGERJAIN TUGAS
1242;217;0;1302479.0;audio;;[];False;False;34c758c0752f2ad6;[];[Voice Note]
1243;217;51-100;1302562.0;text;;[];False;False;b1a879cfa170b5d6;[];HARI INI GW ADA RAPAT ORGANISASI SAMPE SORE JADI GA BISA IKUT NONGKRONG
1244;217;51-100;1302981.0;text;;[];False;False;67dd671eb77f5b53;[];lu harus coba kedai kopi baru di jalan belakang kampus, enak banget
1245;217;11-50;1303089.0;text;;[];False;False;f8334cd35571ac09;[];temenin gw dong besok
1246;217;101-500;1303104.0;text;;[];True;False;1e9822711688fba3;[];gw lagi,,, bimbang,,, nih,,, antara mau ikut organisasi kampus atau fokus ke akademik aja. menurut kalian gimana sih,,,, worth it ga sih ikut organisasi? soalnya gw denger banyak yang bilang bisa nambah soft skill tapi di,,, sisi lain waktu,,, buat belajar jadi berkurang kan, gimana,,, pengalaman kalian?
1247;217;11-50;1303105.0;text;;[];False;False;b1a879cfa170b5d6;[];DIEM DIEM TERNYATA JADIAN
1248;217;11-50;1303113.0;text;;[];False;False;1e9822711688fba3;[];jangan bilang siapa siapa ya
1249;217;11-50;1303120.0;text;;[];True;False;1e9822711688fba3;[];kapan terakhir kali ketemu?
1250;217;11-50;1303141.0;text;;[];False;False;67dd671eb77f5b53;[];pacarnya baru siapa sih
1251;217;51-100;1303202.0;text;;[];False;False;b1a879cfa170b5d6;[];GW BARU AJA DAPET KABAR KALO TEMEN KITA DITERIMA KERJA DI LUAR NEGERI
1252;217;101-500;1303259.0;text;;[];False;False;da338bd7da5a29bc;[];Hari ini gw iseng nyoba bikin kopi pake metode V60 yang lagi hype di kalangan anak anak kampus. beli alatnya lumayan mahal sih tapi hasilnya emang beda dari kopi sachet biasa. kopinya lebih smooth dan ga terlalu pahit. kayaknya gw bakal ketagihan nih bikin kopi sendiri tiap pagi sebelum ke kampus.
1253;217;101-500;1303418.0;text;;[];True;False;a0c0c0fcf00e254f;[];guys ada yang tau ga sih kenapa sistem registrasi online kampus sering banget error pas masa pengisian krs? tiap semester selalu gitu bikin stres, mana harus rebutan mata kuliah yang kuotanya dikit banget lagi. apa emang servernya ga kuat ya nampung banyak mahasiswa sekaligus?
1254;217;11-50;1303430.0;text;;[];False;False;429a8a88c0d72b74;[];gw ga percaya sih gosipnya
1255;217;11-50;1303443.0;text;;[];False;False;34c758c0752f2ad6;[];si itu udah putus katanya!!
1256;217;11-50;1303447.0;text;;[];False;False;34c758c0752f2ad6;[];eh denger gosip belum!!
1257;217;11-50;1303453.0;text;;[];False;False;34c758c0752f2ad6;[];gw kangen temen temen SMA!!
1258;217;11-50;1303456.0;text;;[];False;False;34c758c0752f2ad6;[];si itu udah putus katanya!!
1259;217;1-10;1303458.0;text;;['😂'];False;False;34c758c0752f2ad6;[];sama!!
1260;217;51-100;1303513.0;text;;[];False;False;da338bd7da5a29bc;[];Wifi kosan gw lemot banget jadi gw ke perpus aja buat ngerjain tugas.
1261;217;0;1303558.0;sticker/webp;;[];False;False;34c758c0752f2ad6;[];[Stiker]
1262;217;1-10;1303559.0;text;;[];False;False;34c758c0752f2ad6;[];hihi!!!
1263;217;11-50;1303587.0;text;;['🫠'];False;False;67dd671eb77f5b53;[];reuni kapan ya kita
1264;217;11-50;1303615.0;text;1256.0;[];False;False;1e9822711688fba3;[];gw berantem sama si anu
1265;217;0;1303621.0;sticker/webp;;[];False;False;34c758c0752f2ad6;[];[Stiker]
1266;217;101-500;1303838.0;text;;[];False;False;67dd671eb77f5b53;[];hari ini gw iseng nyoba bikin kopi pake metode v60 yang lagi hype di kalangan anak anak kampus. beli alatnya lumayan mahal sih tapi hasilnya emang beda dari kopi sachet biasa. kopinya lebih smooth dan ga terlalu pahit. kayaknya gw bakal ketagihan nih bikin kopi sendiri tiap pagi sebelum ke kampus
1267;217;1-10;1303839.0;text;;[];False;False;da338bd7da5a29bc;[];Cape.
1268;217;11-50;1303901.0;text;;[];False;False;34c758c0752f2ad6;[];reuni kapan ya kita!!!
1269;217;11-50;1305519.0;text;;[];False;False;f8334cd35571ac09;[];pacarnya baru siapa sih
1270;217;11-50;1305533.0;text;;[];False;False;f8334cd35571ac09;[];angkot ke sana msh ad ga
1271;217;11-50;1305534.0;text;;[];False;False;34c758c0752f2ad6;[];temen gw sakit masuk RS!!!
1272;217;1-10;1305542.0;text;;[];False;False;f8334cd35571ac09;[];dong
1273;217;11-50;1305548.0;text;;['😂'];True;False;34c758c0752f2ad6;[];pinjam catetan boleh ga!!
1274;217;1-10;1305561.0;text;;[];False;False;34c758c0752f2ad6;[];wkwkw!!!
1275;217;11-50;1305562.0;text;;[];False;False;f8334cd35571ac09;[];si tu udah putus katanya
1276;217;1-10;1305562.0;text;;['😂'];False;False;f8334cd35571ac09;[];hihi
1277;217;1-10;1305569.0;text;;['😂'];False;False;34c758c0752f2ad6;[];wkwkw!!
1278;217;1-10;1305589.0;text;;[];False;False;f8334cd35571ac09;[];ywd
1279;217;101-500;1309610.0;text;;['🤪'];True;False;67dd671eb77f5b53;[];eh ada yang punya rekomendasi laptop budget 5 jutaan yang bagus buat kuliah dan ngoding ga? laptop gw yang sekarang udah mulai lemot dan sering ngehang kalo buka banyak tab. pengennya sih yang ringan buat dibawa ke kampus tapi tetep kenceng performanya, ada saran?
1280;217;11-50;1309640.0;image/jpeg;;[];False;False;67dd671eb77f5b53;[];[Foto]
1281;217;11-50;1309923.0;text;;[];False;False;429a8a88c0d72b74;[];diem diem ternyata jadian
1282;217;11-50;1309933.0;application/pdf;;[];False;False;429a8a88c0d72b74;[];[Dokumen PDF]
1283;217;11-50;1309953.0;text;;[];False;False;429a8a88c0d72b74;[];eh denger gosip belum
1284;217;1-10;1309992.0;text;;['❤️'];False;False;67dd671eb77f5b53;[];udah
1285;217;1-10;1310188.0;text;;['😂'];False;False;f8334cd35571ac09;[];amin
1286;217;11-50;1310192.0;text;;[];False;False;f8334cd35571ac09;[];temen gw sakit masuk rs
1287;217;11-50;1310216.0;text;;['😂'];False;False;f8334cd35571ac09;[];gw ga percaya sih gosipnya
1288;218;101-500;1315847.0;text;;[];True;False;67dd671eb77f5b53;[];eh ada yang punya rekomendasi laptop budget 5 jutaan yang bagus buat kuliah dan ngoding ga? laptop gw yang sekarang udah mulai lemot dan sering ngehang kalo buka banyak tab. pengennya sih yang ringan buat dibawa ke kampus tapi tetep kenceng performanya, ada saran?
1289;218;11-50;1315953.0;text;;['🫠'];False;False;67dd671eb77f5b53;[];gw lg sibuk bgt minggu ini
1290;218;11-50;1316540.0;text;;[];False;False;a0c0c0fcf00e254f;[];charger hp gw rusak lagi
1291;218;1-10;1316563.0;text;;[];False;False;67dd671eb77f5b53;[];siapp
1292;219;101-500;1319105.0;text;;[];False;False;67dd671eb77f5b53;[];gw pengen curhat sedikit nih. akhir akhir ini gw ngerasa burnout banget sama rutinitas kuliah yang itu itu aja. bangun pagi, kuliah, tugas, tidur, repeat. kadang gw ngerasa kayak robot yang cuma jalan sesuai program tanpa tau tujuan akhirnya apa. mungkin gw butuh liburan beneran buat refresh otak
1293;219;11-50;1319120.0;text;;[];False;False;67dd671eb77f5b53;[];adek gw masuk sma tahun ini
1294;219;11-50;1319829.0;text;;[];True;False;f8334cd35571ac09;[];lu lg ngapain sih?
1295;219;11-50;1319849.0;text;;[];False;False;da338bd7da5a29bc;[];Kakak gw baru aja nikah.
1296;219;101-500;1320597.0;text;;[];False;False;520579885d41181b;[];gw pengen curhat sedikit nih. akhir akhir ini gw ngerasaaaa burnout banget samaaaa rutinitas kuliahhh yang itu ituuuu aja. bangun pagi, kuliah, tugas, tidur, repeat. kadangg gw ngerasa kayak robott yang cuma jalannnn sesuai program tanpa tau tujuannnn akhirnya apa. mungkin gw butuhhh liburan beneran buat refresh otakkk
1297;219;11-50;1320889.0;text;;[];True;False;67dd671eb77f5b53;[];lu lagi ngapain sih?
1298;219;51-100;1320900.0;text;;[];False;False;67dd671eb77f5b53;[];adek gw mau masuk kuliah tahun depan gw harus bantu cariin info jurusan
1299;219;11-50;1321059.0;text;;[];False;False;f8334cd35571ac09;[];gw baru aja ketemu mantan
1300;219;1-10;1321059.0;text;;['😂'];False;False;f8334cd35571ac09;[];anjay
1301;219;11-50;1321071.0;text;;[];False;False;f8334cd35571ac09;[];film baru di bioskop bagus ga
1302;219;51-100;1321306.0;text;;[];False;False;da338bd7da5a29bc;[];Besok ada bazaar di kampus katanya banyak makanan murah, pada ikut ga.
1303;219;1-10;1321326.0;text;;[];False;False;520579885d41181b;[];nice
1304;219;11-50;1321330.0;text;;[];False;False;520579885d41181b;[];filmmmm baru di bioskop bagus ga
1305;219;1-10;1321341.0;text;;['😉'];False;False;520579885d41181b;[];mager
1306;219;11-50;1321363.0;text;;[];False;False;da338bd7da5a29bc;[];Mama minta gw pulang weekend.
1307;219;11-50;1321579.0;text;;[];True;False;f8334cd35571ac09;[];siapa aja yg dateng?
1308;219;11-50;1321580.0;text;;[];False;False;f8334cd35571ac09;[];gw baru aja ketemu mantan
1309;219;51-100;1321610.0;text;;[];False;False;520579885d41181b;[];gw lagi belajarr masakkk sendiri biarrr ga jajannn terus lumayan hemat soalnya
1310;219;11-50;1323082.0;text;;[];False;False;67bd5da43f6b0e96;[];gw baru aja ketemu mantan
1311;219;51-100;1323088.0;text;;[];False;False;67bd5da43f6b0e96;[];gw lagi belajar masak sendiri biar ga jajan terus lumayan... hemat soalnya
1312;219;1-10;1323217.0;text;;[];False;False;f8334cd35571ac09;[];gila
1313;219;11-50;1323222.0;text;;[];False;False;f8334cd35571ac09;[];gw baru aja ketemu mantan
1314;219;101-500;1333812.0;text;;[];False;False;429a8a88c0d72b74;[];gw pengen curhat sedikit nih. akhir akhir ini gw ngerasa burnout banget sama rutinitas kuliah yang itu itu aja. bangun pagi, kuliah, tugas, tidur, repeat. kadang gw ngerasa kayak robot yang cuma jalan sesuai program tanpa tau tujuan akhirnya apa. mungkin gw butuh liburan beneran buat refresh otak
1315;220;51-100;1366694.0;text;;[];True;False;f8334cd35571ac09;[];lu prnh coba belajar bareng di perpus kota ga, enak ga disana?
1316;220;1-10;1367827.0;text;;['🤣'];False;False;bc6dfeff63215c29;[];DONG
1317;220;11-50;1372408.0;text;;[];False;False;f8334cd35571ac09;[];temenin gw dong besok
1318;220;11-50;1372413.0;text;;[];False;False;f8334cd35571ac09;[];temen gw sakit masuk rs
1319;220;11-50;1372417.0;text;;[];False;False;f8334cd35571ac09;[];jangan bilang siapa siapa ya
1320;220;11-50;1372515.0;text;;[];False;False;429a8a88c0d72b74;[];gw kangen temen temen SMA
1321;220;1-10;1372523.0;text;;[];True;False;f8334cd35571ac09;[];bs?
1322;220;11-50;1372535.0;text;;[];False;False;f8334cd35571ac09;[];pacarnya baru siapa sih
1323;220;101-500;1372554.0;image/jpeg;;[];False;False;b1a879cfa170b5d6;[];[Foto]
1324;220;51-100;1372635.0;text;;[];False;False;34c758c0752f2ad6;[];hari ini gw ada rapat organisasi sampe sore jadi ga bisa ikut nongkrong!!
1325;220;0;1372646.0;sticker/webp;;[];False;False;34c758c0752f2ad6;[];[Stiker]
1326;220;1-10;1372647.0;text;;['😂'];False;False;f8334cd35571ac09;[];ywd
1327;220;11-50;1375232.0;text;;[];True;False;429a8a88c0d72b74;[];jadwal sidang kapan bro?
1328;220;11-50;1376856.0;text;;[];False;False;da338bd7da5a29bc;[];Reuni kapan ya kita.
1329;220;51-100;1376880.0;text;;[];False;False;429a8a88c0d72b74;[];hari ini gw ada rapat organisasi sampe sore jadi ga bisa ikut nongkrong
1330;220;51-100;1376893.0;text;;[];False;False;429a8a88c0d72b74;[];hari ini gw ada rapat organisasi sampe sore jadi ga bisa ikut nongkrong
1331;220;11-50;1376907.0;text;;[];False;False;429a8a88c0d72b74;[];angkot ke sana masih ada ga
1332;220;1-10;1377336.0;text;;['🥲'];False;False;67dd671eb77f5b53;[];gabut
1333;220;11-50;1377347.0;text;;[];False;False;67dd671eb77f5b53;[];pacarnya baru siapa sih
1334;220;11-50;1377350.0;text;;[];False;False;67dd671eb77f5b53;[];temen gw sakit masuk rs
1335;220;11-50;1377359.0;text;;[];False;False;67dd671eb77f5b53;[];pacarnya baru siapa sih
1336;220;51-100;1377377.0;text;;[];False;False;67dd671eb77f5b53;[];gw pengen banget liburan ke pantai tapi duit lagi tipis banget sekarang
1337;220;11-50;1377386.0;text;;[];False;False;67dd671eb77f5b53;[];jangan bilang siapa siapa ya
1338;220;1-10;1377404.0;text;;[];False;False;67dd671eb77f5b53;[];hihi
1339;220;101-500;1377449.0;text;;[];False;False;429a8a88c0d72b74;[];hari ini gw iseng nyoba bikin kopi pake metode V60 yang lagi hype di kalangan anak anak kampus. beli alatnya lumayan mahal sih tapi hasilnya emang beda dari kopi sachet biasa. kopinya lebih smooth dan ga terlalu pahit. kayaknya gw bakal ketagihan nih bikin kopi sendiri tiap pagi sebelum ke kampus
1340;220;51-100;1377450.0;text;;[];False;False;67dd671eb77f5b53;[];wifi kosan gw lemot banget jadi gw ke perpus aja buat ngerjain tugas
1341;220;11-50;1377463.0;text;;[];False;False;429a8a88c0d72b74;[];pacarnya baru siapa sih
1342;220;51-100;1377785.0;text;;[];False;False;67dd671eb77f5b53;[];lu harus coba kedai kopi baru di jalan belakang kampus, enak banget
1343;220;11-50;1377790.0;text;;[];False;False;67dd671eb77f5b53;[];jangan bilang siapa siapa ya
1344;220;11-50;1377799.0;text;;[];False;False;67dd671eb77f5b53;[];pacarnya baru siapa sih
1345;220;51-100;1377815.0;text;;[];False;False;429a8a88c0d72b74;[];hari ini gw ada rapat organisasi sampe sore jadi ga bisa ikut nongkrong
1346;220;1-10;1377888.0;text;;[];False;False;67dd671eb77f5b53;[];dong
1347;220;101-500;1378006.0;text;;[];True;False;67dd671eb77f5b53;[];guys ada yang tau ga sih kenapa sistem registrasi online kampus sering banget error pas masa pengisian krs? tiap semester selalu gitu bikin stres, mana harus rebutan mata kuliah yang kuotanya dikit banget lagi. apa emang servernya ga kuat ya nampung banyak mahasiswa sekaligus?
1348;220;51-100;1378048.0;image/jpeg;;[];False;False;67dd671eb77f5b53;[];[Foto]
1349;220;1-10;1378070.0;image/jpeg;;[];False;False;67dd671eb77f5b53;[];[Foto]
1350;220;11-50;1378102.0;text;;[];False;False;429a8a88c0d72b74;[];reuni kapan ya kita
1351;220;51-100;1378271.0;text;;[];False;False;67dd671eb77f5b53;[];gw pengen banget liburan ke pantai tapi duit lagi tipis banget sekarang
1352;220;11-50;1378320.0;text;;[];False;False;429a8a88c0d72b74;[];diem diem ternyata jadian
1353;220;51-100;1378411.0;text;;[];False;False;67dd671eb77f5b53;[];gw baru aja dapet kabar kalo temen kita diterima kerja di luar negeri
1354;220;51-100;1378434.0;text;;[];False;False;67dd671eb77f5b53;[];hari ini gw ada rapat organisasi sampe sore jadi ga bisa ikut nongkrong
1355;220;51-100;1378815.0;text;;[];False;False;67dd671eb77f5b53;[];hari ini gw ada rapat organisasi sampe sore jadi ga bisa ikut nongkrong
1356;220;11-50;1378852.0;text;;[];False;False;67dd671eb77f5b53;[];eh denger gosip belum
1357;221;101-500;1380574.0;text;;[];False;False;67dd671eb77f5b53;[];gw pengen curhat sedikit nih. akhir akhir ini gw ngerasa burnout banget sama rutinitas kuliah yang itu itu aja. bangun pagi, kuliah, tugas, tidur, repeat. kadang gw ngerasa kayak robot yang cuma jalan sesuai program tanpa tau tujuan akhirnya apa. mungkin gw butuh liburan beneran buat refresh otak
1358;221;11-50;1380592.0;text;;[];False;False;67dd671eb77f5b53;[];kakak gw baru aja nikah
1359;221;101-500;1380615.0;text;;[];False;False;67dd671eb77f5b53;[];gw pengen curhat sedikit nih. akhir akhir ini gw ngerasa burnout banget sama rutinitas kuliah yang itu itu aja. bangun pagi, kuliah, tugas, tidur, repeat. kadang gw ngerasa kayak robot yang cuma jalan sesuai program tanpa tau tujuan akhirnya apa. mungkin gw butuh liburan beneran buat refresh otak
1360;221;11-50;1381398.0;text;;[];False;False;f8334cd35571ac09;[];kakak gw baru aja nikah
1361;221;11-50;1381401.0;text;;[];False;False;f8334cd35571ac09;[];adek gw masuk sma tahun ni
1362;221;11-50;1381411.0;text;;[];False;False;f8334cd35571ac09;[];duit bulanan blm dikirim
1363;221;1-10;1381417.0;text;;['🥴'];False;False;f8334cd35571ac09;[];yess
1364;221;11-50;1381445.0;text;;[];False;False;34c758c0752f2ad6;[];adek gw masuk SMA tahun ini!!!
1365;221;0;1381449.0;sticker/webp;;[];False;False;34c758c0752f2ad6;[];[Stiker]
1366;221;1-10;1381527.0;text;;[];False;False;f8334cd35571ac09;[];gitu
1367;221;1-10;1381530.0;text;;['😅'];False;False;f8334cd35571ac09;[];gitu
1368;221;11-50;1381926.0;text;;[];True;False;429a8a88c0d72b74;[];siapa aja yg dateng?
1369;221;11-50;1381979.0;text;;[];False;False;f8334cd35571ac09;[];film baru di bioskop bagus ga
1370;221;11-50;1382414.0;text;;[];False;False;429a8a88c0d72b74;[];gw baru aja ketemu mantan
1371;221;1-10;1382427.0;text;;['🫣'];False;False;67dd671eb77f5b53;[];pasti
1372;221;11-50;1382745.0;text;;[];False;False;67dd671eb77f5b53;[];gw lagi marathon drakor nih
1373;221;11-50;1382750.0;text;;[];False;False;67dd671eb77f5b53;[];gw kangen masakan rumah
1374;221;11-50;1384572.0;text;;[];True;False;34c758c0752f2ad6;[];kenapa ga bales chat gw!!
1375;221;11-50;1384662.0;text;;[];True;False;429a8a88c0d72b74;[];kenapa ga bales chat gw?
1376;221;1-10;1384680.0;text;1375.0;[];False;False;67dd671eb77f5b53;[];anjay
1377;221;11-50;1384683.0;text;;[];False;False;67dd671eb77f5b53;[];playlist lo yang mana sih
1378;221;11-50;1384691.0;text;;[];False;False;34c758c0752f2ad6;[];nyokap nanya kapan lulus!!
1379;221;11-50;1384710.0;text;;[];True;False;67dd671eb77f5b53;[];lu lagi ngapain sih?
1380;221;1-10;1384717.0;text;;[];False;False;34c758c0752f2ad6;[];gini!!!
1381;221;51-100;1384727.0;text;;[];False;False;34c758c0752f2ad6;[];gw lagi belajar masak sendiri biar ga jajan terus lumayan hemat soalnya!!
1382;221;1-10;1384786.0;text;;[];False;False;f8334cd35571ac09;[];nice
1383;221;11-50;1384818.0;text;;[];False;False;67dd671eb77f5b53;[];gw baru aja ketemu mantan
1384;221;11-50;1384835.0;text;;[];False;False;f8334cd35571ac09;[];gw baru aja ketemu mantan
1385;221;11-50;1384997.0;text;;[];False;False;da338bd7da5a29bc;[];Adek gw masuk SMA tahun ini.
1386;221;11-50;1385006.0;text;;[];False;False;da338bd7da5a29bc;[];Keluarga ngumpul lebaran nanti.
1387;221;11-50;1385015.0;image/jpeg;;[];True;False;429a8a88c0d72b74;[];[Foto]
1388;221;51-100;1385024.0;text;;[];False;False;429a8a88c0d72b74;[];gw lagi belajar masak sendiri biar ga jajan terus lumayan hemat soalnya
1389;221;51-100;1385051.0;text;;[];False;False;da338bd7da5a29bc;[];Gw lagi belajar masak sendiri biar ga jajan terus lumayan hemat soalnya.
1390;221;11-50;1385078.0;text;;[];False;False;429a8a88c0d72b74;[];kakak gw baru aja nikah
1391;221;11-50;1385081.0;text;;[];False;False;67dd671eb77f5b53;[];kakak gw baru aja nikah
1392;221;101-500;1385098.0;text;;[];False;False;90c1a2bcc4328640;[];gw pengen curhatt sedikit nih. akhir akhir ini gw ngerasaaaa burnout banget sama rutinitas kuliah yang ituu ituuuu aja. bangun pagi, kuliah, tugas, tidur, repeat. kadang gw ngerasa kayakkkk robot yang cuma jalan sesuai program tanpaa tauuuu tujuan akhirnya apa. mungkin gw butuh liburan beneran buattt refreshh otak
1393;221;1-10;1385100.0;text;;[];False;False;da338bd7da5a29bc;[];Gitu.
1394;221;11-50;1385120.0;text;;[];False;False;da338bd7da5a29bc;[];Gw baru aja ketemu mantan.
1395;221;1-10;1385120.0;text;;['😅'];False;False;da338bd7da5a29bc;[];Hayuk.
1396;221;11-50;1385151.0;text;;[];False;False;429a8a88c0d72b74;[];bokap gw lagi di luar kota
1397;221;11-50;1385160.0;text;;[];False;False;90c1a2bcc4328640;[];gw baru ajaaa ketemu mantan
1398;221;11-50;1385166.0;text;;[];False;False;67dd671eb77f5b53;[];nyokap nanya kapan lulus
1399;221;51-100;1385173.0;text;;[];False;False;67dd671eb77f5b53;[];adek gw mau masuk kuliah tahun depan gw harus bantu cariin info jurusan
1400;221;11-50;1385193.0;text;;[];False;False;f8334cd35571ac09;[];adek gw masuk sma tahun ni
1401;221;11-50;1385198.0;text;;[];False;False;f8334cd35571ac09;[];gw baru aja ketemu mantan
1402;221;101-500;1385211.0;text;;[];True;False;429a8a88c0d72b74;[];menurut kalian kenapa ya generasi kita tuh kayaknya lebih gampang stres dan burnout dibanding generasi orang tua kita dulu? apa karena tekanan sosmed atau emang tuntutan hidup yang makin tinggi ya? gw penasaran aja sih soalnya temen temen gw banyak yang ngeluh hal yang sama
1403;221;11-50;1385218.0;text;;[];False;False;f8334cd35571ac09;[];gw baru aja ketemu mantan
1404;221;1-10;1385219.0;text;;[];False;False;f8334cd35571ac09;[];woles
1405;221;51-100;1385235.0;text;;[];False;False;429a8a88c0d72b74;[];gw nonton film dokumenter semalam tentang laut dan ikan, bagus banget
1406;221;51-100;1385255.0;text;;[];False;False;67dd671eb77f5b53;[];gw nonton film dokumenter semalam tentang laut dan ikan, bagus banget
1407;221;11-50;1385268.0;text;;[];False;False;67dd671eb77f5b53;[];duit bulanan belum dikirim
1408;221;11-50;1385646.0;text;;[];False;False;34c758c0752f2ad6;[];kakak gw baru aja nikah!!!
1409;221;1-10;1385779.0;text;;[];False;False;f8334cd35571ac09;[];noted
1410;221;11-50;1387158.0;text;;[];False;False;da338bd7da5a29bc;[];Adek gw masuk SMA tahun ini.
1411;221;11-50;1387349.0;text;;[];False;False;429a8a88c0d72b74;[];bokap gw lagi di luar kota
1412;221;11-50;1387934.0;text;;[];False;False;da338bd7da5a29bc;[];Nyokap nanya kapan lulus.
1413;221;1-10;1387948.0;text;;[];False;False;34c758c0752f2ad6;[];yess!!!
1414;221;101-500;1387954.0;text;;[];False;False;da338bd7da5a29bc;[];Gw pengen curhat sedikit nih. akhir akhir ini gw ngerasa burnout banget sama rutinitas kuliah yang itu itu aja. bangun pagi, kuliah, tugas, tidur, repeat. kadang gw ngerasa kayak robot yang cuma jalan sesuai program tanpa tau tujuan akhirnya apa. mungkin gw butuh liburan beneran buat refresh otak.
1415;221;11-50;1387960.0;text;;[];False;False;da338bd7da5a29bc;[];Gw kangen masakan rumah.
1416;221;1-10;1387964.0;text;;['😂'];False;False;34c758c0752f2ad6;[];noted!!
1417;221;11-50;1387972.0;text;;[];False;False;34c758c0752f2ad6;[];gw kangen masakan rumah!!!
1418;221;11-50;1388002.0;text;;[];False;False;f8334cd35571ac09;[];gw lg marathon drakor nih
1419;221;51-100;1388006.0;text;;['😂'];True;False;da338bd7da5a29bc;[];siapa sih yang spread gosip itu ke grup sebelah, tau ga orangnya?
1420;221;11-50;1388011.0;text;;[];False;False;da338bd7da5a29bc;[];Nyokap nanya kapan lulus.
1421;221;11-50;1388012.0;text;;[];True;False;f8334cd35571ac09;[];knp ga bales chat gw?
1422;221;11-50;1388020.0;text;;[];False;False;f8334cd35571ac09;[];film baru di bioskop bagus ga
1423;221;0;1388023.0;image/jpeg;;[];False;False;da338bd7da5a29bc;[];[Foto]
1424;221;101-500;1388079.0;text;;[];False;False;34c758c0752f2ad6;[];gw pengen curhat sedikit nih. akhir akhir ini gw ngerasa burnout banget sama rutinitas kuliah yang itu itu aja. bangun pagi, kuliah, tugas, tidur, repeat. kadang gw ngerasa kayak robot yang cuma jalan sesuai program tanpa tau tujuan akhirnya apa. mungkin gw butuh liburan beneran buat refresh otak!!
1425;221;11-50;1388080.0;text;;[];False;False;34c758c0752f2ad6;[];playlist lo yang mana sih!!!
1426;221;1-10;1388080.0;text;;['😂'];False;False;34c758c0752f2ad6;[];noted!!!
1427;221;11-50;1388089.0;text;;[];False;False;f8334cd35571ac09;[];nyokap nanya kapan lulus
1428;221;1-10;1388094.0;text;;[];False;False;f8334cd35571ac09;[];gila
1429;221;11-50;1388117.0;text;;[];False;False;f8334cd35571ac09;[];kakak gw baru aja nikah
1430;221;11-50;1388124.0;text;;[];False;False;f8334cd35571ac09;[];mama minta gw pulang weekend
1431;221;1-10;1388146.0;text;;['☝🏽'];False;False;da338bd7da5a29bc;[];Mager.
1432;221;11-50;1388168.0;text;;['😂'];False;False;da338bd7da5a29bc;[];Playlist lo yang mana sih.
1433;221;0;1388421.0;sticker/webp;;[];False;False;34c758c0752f2ad6;[];[Stiker]
1434;221;11-50;1388424.0;text;;[];False;False;34c758c0752f2ad6;[];mama minta gw pulang weekend!!
1435;221;51-100;1388457.0;text;;[];True;False;5b84a0355e8e6fc8;[];siapa sih yang spread gosip itu ke grup sebelah, tau ga orangnya?
1436;221;11-50;1388469.0;text;;[];False;False;5b84a0355e8e6fc8;[];gw lagi marathon drakor nih
1437;221;1-10;1388490.0;text;;[];False;False;da338bd7da5a29bc;[];Noted.
1438;221;11-50;1388594.0;text;;['🤣'];False;False;5b84a0355e8e6fc8;[];mama minta gw pulang weekend
1439;221;11-50;1388773.0;text;;[];True;False;f8334cd35571ac09;[];tu tempatnya jauh ga?
1440;221;1-10;1388789.0;text;;[];True;False;da338bd7da5a29bc;[];knp?
1441;221;11-50;1389070.0;text;;[];False;False;da338bd7da5a29bc;[];Nyokap nanya kapan lulus.
1442;221;11-50;1389085.0;text;;[];False;False;da338bd7da5a29bc;[];Playlist lo yang mana sih.
1443;221;101-500;1389646.0;text;;[];False;False;67dd671eb77f5b53;[];gw pengen curhat sedikit nih. akhir akhir ini gw ngerasa burnout banget sama rutinitas kuliah yang itu itu aja. bangun pagi, kuliah, tugas, tidur, repeat. kadang gw ngerasa kayak robot yang cuma jalan sesuai program tanpa tau tujuan akhirnya apa. mungkin gw butuh liburan beneran buat refresh otak
1444;221;51-100;1390257.0;text;;[];False;False;bc6dfeff63215c29;[];GW LAGI BELAJAR MASAK SENDIRI BIAR GA JAJAN TERUS LUMAYAN HEMAT SOALNYA
1445;221;11-50;1390306.0;text;;[];True;False;67dd671eb77f5b53;[];itu tempatnya jauh ga?
1446;221;11-50;1390316.0;text;;[];True;False;67dd671eb77f5b53;[];siapa aja yg dateng?
1447;221;11-50;1391555.0;text;;[];False;False;34c758c0752f2ad6;[];keluarga ngumpul lebaran nanti!!
1448;221;0;1392363.0;image/jpeg;;[];False;False;bc6dfeff63215c29;[];[Foto]
1449;221;1-10;1392375.0;text;;[];False;False;bc6dfeff63215c29;[];NICE
1450;221;11-50;1392402.0;text;;[];False;False;bc6dfeff63215c29;[];GW KANGEN MASAKAN RUMAH
1451;221;51-100;1392613.0;text;;[];False;False;90c1a2bcc4328640;[];gw lagi belajar masak sendiriii biar ga jajan terus lumayan hemat soalnyaaaa
1452;221;11-50;1392645.0;text;;[];False;False;429a8a88c0d72b74;[];gw lagi marathon drakor nih
1453;221;1-10;1392659.0;text;;[];False;False;34c758c0752f2ad6;[];mager!!!
1454;221;1-10;1392665.0;text;;['🥴'];False;False;67dd671eb77f5b53;[];yess
1455;221;11-50;1392907.0;text;;[];False;False;34c758c0752f2ad6;[];film baru di bioskop bagus ga!!
1456;221;11-50;1393103.0;text;;[];False;False;da338bd7da5a29bc;[];Gw kangen masakan rumah.
1457;221;11-50;1393113.0;text;;[];False;False;da338bd7da5a29bc;[];Nyokap nanya kapan lulus.
1458;221;11-50;1393130.0;text;;[];False;False;34c758c0752f2ad6;[];gw baru aja ketemu mantan!!!
1459;221;11-50;1393307.0;text;;[];False;False;da338bd7da5a29bc;[];Bokap gw lagi di luar kota.
1460;221;1-10;1393307.0;text;;[];False;False;da338bd7da5a29bc;[];Noted.
1461;221;11-50;1393691.0;text;;['🍀'];False;False;90c1a2bcc4328640;[];gw baruu aja ketemu mantan
1462;221;11-50;1393724.0;text;;[];True;False;34c758c0752f2ad6;[];lu lagi ngapain sih!!!
1463;221;11-50;1393724.0;text;;[];True;False;34c758c0752f2ad6;[];siapa aja yg dateng!!
1464;221;11-50;1393724.0;text;;[];True;False;34c758c0752f2ad6;[];siapa aja yg dateng!!
1465;221;11-50;1393724.0;text;;[];True;False;34c758c0752f2ad6;[];siapa aja yg dateng!!!
1466;221;11-50;1393725.0;text;;[];True;False;34c758c0752f2ad6;[];lu lagi ngapain sih!!
1467;221;11-50;1393728.0;text;;[];True;False;34c758c0752f2ad6;[];itu tempatnya jauh ga!!!
1468;221;11-50;1393728.0;text;;[];True;False;34c758c0752f2ad6;[];lu lagi ngapain sih!!
1469;221;11-50;1393729.0;text;;[];True;False;34c758c0752f2ad6;[];lu lagi ngapain sih!!!
1470;221;11-50;1393729.0;text;;[];True;False;34c758c0752f2ad6;[];lu lagi ngapain sih!!
1471;221;11-50;1393729.0;text;;[];True;False;34c758c0752f2ad6;[];kenapa ga bales chat gw!!
1472;221;11-50;1393730.0;text;;[];True;False;34c758c0752f2ad6;[];lu lagi ngapain sih!!!
1473;221;11-50;1393730.0;text;;[];True;False;34c758c0752f2ad6;[];kenapa ga bales chat gw!!
1474;221;11-50;1393730.0;text;;[];True;False;34c758c0752f2ad6;[];kenapa ga bales chat gw!!
1475;221;11-50;1393731.0;text;;[];True;False;34c758c0752f2ad6;[];itu tempatnya jauh ga!!!
1476;221;11-50;1393732.0;text;;[];True;False;34c758c0752f2ad6;[];lu lagi ngapain sih!!!
1477;221;11-50;1393747.0;text;;[];False;False;34c758c0752f2ad6;[];mama minta gw pulang weekend!!
1478;221;11-50;1393765.0;text;1467.0;[];False;False;90c1a2bcc4328640;[];kakak gw baru ajaa nikah
1479;221;1-10;1393768.0;text;;[];False;False;34c758c0752f2ad6;[];goks!!!
1480;221;11-50;1394140.0;text;;[];False;False;b1a879cfa170b5d6;[];GW KANGEN MASAKAN RUMAH
1481;221;11-50;1394178.0;text;;[];False;False;f8334cd35571ac09;[];keluarga ngumpul lebaran ntr
1482;221;51-100;1394206.0;text;;[];False;False;b1a879cfa170b5d6;[];TADI PAGI GW OLAHRAGA LARI KELILING KAMPUS 5 PUTARAN BADAN PEGEL SEMUA
1483;221;11-50;1394246.0;text;;[];True;False;67dd671eb77f5b53;[];lu lagi ngapain sih?
1484;221;11-50;1394335.0;text;;[];False;False;f8334cd35571ac09;[];nyokap nanya kapan lulus
1485;221;11-50;1394342.0;text;;[];False;False;f8334cd35571ac09;[];mama minta gw pulang weekend
1486;221;11-50;1394421.0;text;;[];False;False;90c1a2bcc4328640;[];bokappp gw lagiii di luar kotaaaa
1487;221;11-50;1394459.0;text;;[];False;False;90c1a2bcc4328640;[];keluarga ngumpullll lebaran nanti
1488;221;11-50;1394490.0;text;;[];False;False;67dd671eb77f5b53;[];keluarga ngumpul lebaran nanti
1489;221;11-50;1394497.0;text;;[];False;False;f8334cd35571ac09;[];nyokap nanya kapan lulus
1490;221;11-50;1394502.0;text;;[];False;False;f8334cd35571ac09;[];gw baru aja ketemu mantan
1491;221;11-50;1394506.0;text;;[];False;False;f8334cd35571ac09;[];gw kangen masakan rumah
1492;221;11-50;1394512.0;text;;[];False;False;34c758c0752f2ad6;[];gw kangen masakan rumah!!!
1493;221;11-50;1394514.0;text;;[];True;False;f8334cd35571ac09;[];knp ga bales chat gw?
1494;221;11-50;1394520.0;text;;[];True;False;f8334cd35571ac09;[];lu lg ngapain sih?
1495;221;51-100;1394542.0;text;;[];False;False;429a8a88c0d72b74;[];gw nonton film dokumenter semalam tentang laut dan ikan, bagus banget
1496;221;11-50;1394607.0;text;;[];False;False;34c758c0752f2ad6;[];gw baru aja ketemu mantan!!!
1497;221;11-50;1394631.0;text;;[];False;False;34c758c0752f2ad6;[];gw kangen masakan rumah!!!
1498;221;11-50;1394638.0;text;;[];False;False;f8334cd35571ac09;[];playlist lo yg mana sih
1499;221;0;1394656.0;sticker/webp;;[];False;False;34c758c0752f2ad6;[];[Stiker]
1500;221;11-50;1394658.0;text;;[];False;False;34c758c0752f2ad6;[];nyokap nanya kapan lulus!!!
1501;221;11-50;1394732.0;text;;[];True;False;f8334cd35571ac09;[];lu lg ngapain sih?
1502;221;11-50;1394735.0;text;;[];False;False;34c758c0752f2ad6;[];playlist lo yang mana sih!!
1503;221;0;1394807.0;image/jpeg;;[];False;False;f8334cd35571ac09;[];[Foto]
1504;221;11-50;1394829.0;text;;[];False;False;429a8a88c0d72b74;[];keluarga ngumpul lebaran nanti
1505;221;11-50;1394849.0;text;;[];False;False;f8334cd35571ac09;[];nyokap nanya kapan lulus
1506;221;11-50;1394876.0;text;;[];False;False;34c758c0752f2ad6;[];playlist lo yang mana sih!!!
1507;221;0;1394876.0;sticker/webp;;[];False;False;34c758c0752f2ad6;[];[Stiker]
1508;221;11-50;1395196.0;text;;[];False;False;da338bd7da5a29bc;[];Keluarga ngumpul lebaran nanti.
1509;221;11-50;1395241.0;text;;[];False;False;f8334cd35571ac09;[];playlist lo yg mana sih
1510;221;11-50;1395354.0;text;;[];False;False;da338bd7da5a29bc;[];Adek gw masuk SMA tahun ini.
1511;221;11-50;1395370.0;text;;[];False;False;da338bd7da5a29bc;[];Bokap gw lagi di luar kota.
1512;221;11-50;1395379.0;text;;[];False;False;da338bd7da5a29bc;[];Duit bulanan belum dikirim.
1513;221;51-100;1395469.0;text;;[];False;False;34c758c0752f2ad6;[];besok ada bazaar di kampus katanya banyak makanan murah, pada ikut ga!!
1514;221;11-50;1395474.0;text;;[];False;False;34c758c0752f2ad6;[];film baru di bioskop bagus ga!!
1515;221;0;1395481.0;sticker/webp;;[];False;False;34c758c0752f2ad6;[];[Stiker]
1516;221;11-50;1395482.0;text;;[];False;False;34c758c0752f2ad6;[];film baru di bioskop bagus ga!!
1517;221;11-50;1395573.0;text;;[];False;False;da338bd7da5a29bc;[];Bokap gw lagi di luar kota.
1518;221;11-50;1395575.0;text;;[];False;False;429a8a88c0d72b74;[];playlist lo yang mana sih
1519;221;51-100;1395774.0;text;;[];False;False;da338bd7da5a29bc;[];Adek gw mau masuk kuliah tahun depan gw harus bantu cariin info jurusan.
1520;221;11-50;1395818.0;text;;['😏'];False;False;90c1a2bcc4328640;[];film baru di bioskopp baguss ga
1521;221;51-100;1395838.0;text;;[];False;False;429a8a88c0d72b74;[];tadi pagi gw olahraga lari keliling kampus 5 putaran badan pegel semua
1522;221;11-50;1395879.0;text;;[];False;False;da338bd7da5a29bc;[];Bokap gw lagi di luar kota.
1523;221;51-100;1396102.0;text;;[];False;False;f8334cd35571ac09;[];tadi pagi gw olahraga lari keliling kampus 5 putaran badan pegel smua
1524;221;1-10;1396108.0;text;;[];False;False;f8334cd35571ac09;[];gini
1525;221;1-10;1396110.0;text;;[];False;True;f8334cd35571ac09;[];top!
1526;221;11-50;1396136.0;text;;[];False;False;da338bd7da5a29bc;[];Gw kangen masakan rumah.
1527;221;11-50;1396141.0;text;;[];False;False;da338bd7da5a29bc;[];Bokap gw lagi di luar kota.
1528;221;1-10;1396145.0;text;;['😂'];False;False;f8334cd35571ac09;[];noted
1529;221;11-50;1396158.0;text;;[];False;False;f8334cd35571ac09;[];playlist lo yg mana sih
1530;222;11-50;1397206.0;text;;[];False;False;f8334cd35571ac09;[];konser tu mahal bgt tiketnya
1531;222;51-100;1397639.0;text;;[];False;False;67dd671eb77f5b53;[];dosen killer itu ternyata baik banget orangnya kalo diajak ngobrol santai
1532;222;101-500;1397710.0;text;;[];True;False;67dd671eb77f5b53;[];guys ada yang tau ga sih kenapa sistem registrasi online kampus sering banget error pas masa pengisian krs? tiap semester selalu gitu bikin stres, mana harus rebutan mata kuliah yang kuotanya dikit banget lagi. apa emang servernya ga kuat ya nampung banyak mahasiswa sekaligus?
1533;222;51-100;1397783.0;text;;[];False;False;67dd671eb77f5b53;[];gw harus ganti strategi belajar sih soalnya nilai uts kemarin jelek bgt
1534;222;11-50;1398755.0;text;;[];False;False;34c758c0752f2ad6;[];futsal besok jadi ga!!
1535;222;11-50;1398852.0;text;;['✌🏻'];False;False;67dd671eb77f5b53;[];album baru dia enak banget
1536;222;51-100;1398911.0;text;;[];False;False;34c758c0752f2ad6;[];gw baru dapet info beasiswa buat semester depan mau coba daftar deh!!
1537;222;1-10;1398913.0;text;;[];True;False;34c758c0752f2ad6;[];ya!!
1538;222;0;1398927.0;sticker/webp;;[];False;False;34c758c0752f2ad6;[];[Stiker]
1539;222;51-100;1398929.0;text;;[];False;False;34c758c0752f2ad6;[];gw baru dapet info beasiswa buat semester depan mau coba daftar deh!!!
1540;222;11-50;1399115.0;text;;[];False;False;f8334cd35571ac09;[];pertandingan bola tadi malam gila
1541;222;1-10;1399116.0;text;;[];True;False;f8334cd35571ac09;[];gitu?
1542;222;11-50;1399133.0;text;;[];False;False;f8334cd35571ac09;[];futsal besok jadi ga
1543;222;51-100;1399138.0;text;;[];False;False;67dd671eb77f5b53;[];gw harus ganti strategi belajar sih soalnya nilai uts kemarin jelek bgt
1544;222;11-50;1399142.0;text;;[];False;False;67dd671eb77f5b53;[];badminton yuk sore ini
1545;222;11-50;1399163.0;image/jpeg;;[];False;False;67dd671eb77f5b53;[];[Foto]
1546;222;11-50;1399167.0;text;;[];False;False;67dd671eb77f5b53;[];konser itu mahal banget tiketnya
1547;222;51-100;1399182.0;text;;[];False;False;da338bd7da5a29bc;[];Gw gagal diet lagi soalnya tadi sore diajak makan bakso sama temen.
1548;222;11-50;1399191.0;text;;[];False;False;67dd671eb77f5b53;[];gw abis lari pagi tadi
1549;222;1-10;1399194.0;text;;[];False;False;67dd671eb77f5b53;[];bete
1550;222;11-50;1399197.0;text;;[];False;False;67dd671eb77f5b53;[];series itu endingnya zonk bgt
1551;222;11-50;1399215.0;text;;[];True;False;34c758c0752f2ad6;[];masih bangun ga lu jam segini!!
1552;222;1-10;1399271.0;text;;['😂'];False;False;429a8a88c0d72b74;[];zonk
1553;222;51-100;1399279.0;text;;[];False;False;bc6dfeff63215c29;[];GW HARUS GANTI STRATEGI BELAJAR SIH SOALNYA NILAI UTS KEMARIN JELEK BGT
1554;222;101-500;1399321.0;text;;['😎'];False;False;90c1a2bcc4328640;[];tadi siang gw makannn di warungggg makan baru deket gerbang belakangg kampus. nasi gorengnya lumayann enak dan harganya murahhh bangetttt cuma 12 ribu udah sama es teh. kayaknya bakalll jadii langganan baru dehhhh soalnya wartegggg biasaaaa gw udah mulai naik harga dan porsinya makinn dikit aja
1555;222;11-50;1399322.0;text;;[];False;False;429a8a88c0d72b74;[];futsal besok jadi ga
1556;222;51-100;1399351.0;text;;['👀'];False;False;90c1a2bcc4328640;[];gw gagall diet lagi soalnya tadiiii soree diajakkkk makan bakso sama temen
1557;222;101-500;1399373.0;text;;[];False;False;429a8a88c0d72b74;[];tadi siang gw makan di warung makan baru deket gerbang belakang kampus. nasi gorengnya lumayan enak dan harganya murah banget cuma 12 ribu udah sama es teh. kayaknya bakal jadi langganan baru deh soalnya warteg biasa gw udah mulai naik harga dan porsinya makin dikit aja
1558;222;11-50;1399374.0;text;;[];False;False;f8334cd35571ac09;[];konser tu mahal bgt tiketnya
1559;222;11-50;1399441.0;text;;[];False;False;67dd671eb77f5b53;[];gw abis lari pagi tadi
1560;222;11-50;1399463.0;text;;[];False;False;429a8a88c0d72b74;[];pertandingan bola tadi malam gila
1561;222;11-50;1399465.0;text;;[];True;False;67dd671eb77f5b53;[];ada sinyal ga disitu?
1562;222;11-50;1399485.0;text;;[];False;False;67dd671eb77f5b53;[];series itu endingnya zonk bgt
1563;222;0;1399510.0;audio;;[];False;False;429a8a88c0d72b74;[];[Voice Note]
1564;222;51-100;1399523.0;text;;[];False;False;bc6dfeff63215c29;[];DOSEN KILLER ITU TERNYATA BAIK BANGET ORANGNYA KALO DIAJAK NGOBROL SANTAI
1565;222;11-50;1399697.0;text;;[];False;False;34c758c0752f2ad6;[];podcast yg lu rekomen mana!!
1566;222;1-10;1399700.0;text;;[];False;False;34c758c0752f2ad6;[];dih!!
1567;222;11-50;1399702.0;text;;[];False;False;34c758c0752f2ad6;[];gw lagi baca novel baru nih!!
1568;222;11-50;1399754.0;text;;[];False;True;bc6dfeff63215c29;[];STRESS BERAT GW SAMA TUGAS!
1569;222;1-10;1400722.0;text;;['🤣'];False;False;5b84a0355e8e6fc8;[];btw
1570;222;11-50;1401859.0;text;;[];False;False;67dd671eb77f5b53;[];album baru dia enak banget
1571;222;11-50;1401863.0;text;;[];False;False;67dd671eb77f5b53;[];series itu endingnya zonk bgt
1572;222;51-100;1401895.0;text;;[];False;False;da338bd7da5a29bc;[];Gw harus ganti strategi belajar sih soalnya nilai UTS kemarin jelek bgt.
1573;222;51-100;1401903.0;text;;[];False;False;da338bd7da5a29bc;[];Gw gagal diet lagi soalnya tadi sore diajak makan bakso sama temen.
1574;222;11-50;1401912.0;text;;[];False;False;f8334cd35571ac09;[];futsal besok jadi ga
1575;222;11-50;1401923.0;text;;[];False;False;f8334cd35571ac09;[];series tu endingnya zonk bgt
1576;222;11-50;1402024.0;text;;[];False;False;67dd671eb77f5b53;[];futsal besok jadi ga
1577;222;1-10;1402064.0;text;;[];False;False;da338bd7da5a29bc;[];Njir.
1578;222;1-10;1403861.0;text;;[];False;False;67dd671eb77f5b53;[];bete
1579;223;11-50;1455066.0;text;;[];False;False;34c758c0752f2ad6;[];presentasi gw amburadul!!!
1580;223;11-50;1455069.0;text;;[];False;False;34c758c0752f2ad6;[];perpus tutup jam berapa ya!!!
1581;223;11-50;1455108.0;text;;[];False;False;67bd5da43f6b0e96;[];gw belom mulai tugas
1582;223;0;1455114.0;image/jpeg;;[];False;False;67bd5da43f6b0e96;[];[Foto]
1583;223;11-50;1455237.0;text;;[];False;False;34c758c0752f2ad6;[];gw skip kelas hari ini!!
1584;223;11-50;1455251.0;text;;[];False;False;34c758c0752f2ad6;[];gw belom mulai tugas!!!
1585;223;1-10;1455536.0;text;;['👍🏻'];False;False;bc6dfeff63215c29;[];OTW
1586;223;51-100;1455585.0;text;;['👏🏻'];False;False;bc6dfeff63215c29;[];TADI GW KETEMU DOSEN PEMBIMBING DAN DIA MINTA REVISI LAGI UNTUK BAB 3
1587;224;11-50;1461170.0;text;;[];False;False;1e9822711688fba3;[];indomie telor,,, udah cukup kok
1588;224;1-10;1461494.0;text;;[];False;False;429a8a88c0d72b74;[];fix
1589;224;11-50;1461515.0;text;;[];False;False;da338bd7da5a29bc;[];Es teh manis satu ya bang.
1590;224;1-10;1461515.0;text;;[];False;False;34c758c0752f2ad6;[];sis!!!
1591;224;51-100;1461573.0;text;;[];True;False;da338bd7da5a29bc;[];ada yang tau kenapa kantin kampus tutup lebih awal hari ini ga sih?
1592;224;11-50;1461589.0;text;;[];False;False;34c758c0752f2ad6;[];porsi makan gw nambah terus!!!
1593;224;11-50;1461593.0;text;;[];False;False;429a8a88c0d72b74;[];gw mau nyoba restoran baru
1594;224;11-50;1461603.0;text;;[];True;False;429a8a88c0d72b74;[];udah sampe belom?
1595;224;11-50;1461634.0;image/jpeg;;[];False;False;da338bd7da5a29bc;[];[Foto]
1596;224;1-10;1461730.0;text;;[];False;False;f8334cd35571ac09;[];bener
1597;224;11-50;1461744.0;text;;['🏙️'];False;False;f8334cd35571ac09;[];nongkrong yuk di kafe biasa
1598;224;101-500;1461765.0;text;;[];False;False;5b84a0355e8e6fc8;[];kemarin malem gw sama temen temen nongkrong di warkop biasa sampe jam 12 malem. kita ngobrol banyak hal dari mulai tugas kuliah, rencana liburan, sampe masalah percintaan. seru sih walau besoknya gw kesiangan masuk kelas pagi dan dosen negur di depan semua orang. malu tapi ya gimana lagi
1599;224;11-50;1461944.0;text;;[];False;False;da338bd7da5a29bc;[];Gw lagi diet tapi gagal mulu.
1600;224;11-50;1461956.0;text;;[];False;False;da338bd7da5a29bc;[];Gw lagi diet tapi gagal mulu.
1601;224;11-50;1461960.0;text;;[];False;False;1e9822711688fba3;[];kopi susu,,, yg,,, biasa ya
1602;224;11-50;1461961.0;text;;[];False;False;da338bd7da5a29bc;[];Nongkrong yuk di kafe biasa.
1603;224;51-100;1461989.0;text;;[];False;False;1e9822711688fba3;[];dompet gw,,, ilang kemarin di angkot tapi alhamdulillah ada,,, yang,,, nemuin
1604;224;11-50;1461997.0;text;;[];False;False;1e9822711688fba3;[];sarapan dulu,,, baru mikir
1605;224;11-50;1462023.0;text;;[];False;False;429a8a88c0d72b74;[];tadi gw makan nasi padang
1606;224;51-100;1462033.0;text;1603.0;[];False;False;da338bd7da5a29bc;[];Tadi di kantin ketemu anak angkatan bawah yang kenal sama temen SMA gw.
1607;224;11-50;1462069.0;text;;['😂'];False;False;1e9822711688fba3;[];kopi susu,,, yg biasa ya
1608;224;11-50;1462181.0;text;;[];True;False;f8334cd35571ac09;[];bayar berapa sih tadi?
1609;224;1-10;1462192.0;text;1608.0;[];False;False;da338bd7da5a29bc;[];Bener.
1610;224;1-10;1462215.0;text;1608.0;[];False;False;429a8a88c0d72b74;[];fix
1611;224;51-100;1462219.0;text;;[];False;False;da338bd7da5a29bc;[];Weekend ini gw mau staycation aja di kosan binge watching series baru.
1612;224;51-100;1462231.0;text;;[];False;False;da338bd7da5a29bc;[];Tadi di kantin ketemu anak angkatan bawah yang kenal sama temen SMA gw.
1613;224;11-50;1462251.0;text;;[];True;False;1e9822711688fba3;[];bayar berapa sih,,, tadi?
1614;224;11-50;1462251.0;text;;[];False;False;da338bd7da5a29bc;[];Kopi susu yg biasa ya.
1615;224;51-100;1462282.0;text;1603.0;[];False;False;5b84a0355e8e6fc8;[];dompet gw ilang kemarin di angkot tapi alhamdulillah ada yang nemuin
1616;224;11-50;1462337.0;text;;[];False;False;429a8a88c0d72b74;[];nongkrong yuk di kafe biasa
1617;224;11-50;1462348.0;text;;[];False;False;1e9822711688fba3;[];masak sendiri lebih hemat sih
1618;224;11-50;1462353.0;text;;[];False;False;da338bd7da5a29bc;[];Sarapan dulu baru mikir.
1619;224;1-10;1462353.0;text;;[];False;False;da338bd7da5a29bc;[];Cuy.
1620;224;1-10;1462361.0;text;;[];False;False;da338bd7da5a29bc;[];Sis.
1621;224;51-100;1462374.0;text;;[];False;False;da338bd7da5a29bc;[];Gw lagi bingung milih topik skripsi antara dua tema yang sama menariknya.
1622;224;11-50;1462390.0;text;;[];False;False;429a8a88c0d72b74;[];gw mau nyoba restoran baru
1623;224;11-50;1462428.0;text;;[];False;False;da338bd7da5a29bc;[];Gw mau pesen gofood dulu.
1624;224;11-50;1462431.0;text;;[];False;False;da338bd7da5a29bc;[];Masak sendiri lebih hemat sih.
1625;224;11-50;1462436.0;text;;[];False;False;da338bd7da5a29bc;[];Gw lagi diet tapi gagal mulu.
1626;224;1-10;1462439.0;text;;[];False;False;da338bd7da5a29bc;[];Sis.
1627;224;101-500;1462524.0;text;;[];False;False;da338bd7da5a29bc;[];Kemarin malem gw sama temen temen nongkrong di warkop biasa sampe jam 12 malem. kita ngobrol banyak hal dari mulai tugas kuliah, rencana liburan, sampe masalah percintaan. seru sih walau besoknya gw kesiangan masuk kelas pagi dan dosen negur di depan semua orang. malu tapi ya gimana lagi.
1628;224;51-100;1462541.0;text;;[];False;False;da338bd7da5a29bc;[];Dompet gw ilang kemarin di angkot tapi alhamdulillah ada yang nemuin.
1629;224;51-100;1462621.0;text;;[];True;False;da338bd7da5a29bc;[];ada yang tau kenapa kantin kampus tutup lebih awal hari ini ga sih?
1630;224;11-50;1462668.0;text;;[];False;False;429a8a88c0d72b74;[];tadi gw makan nasi padang
1631;224;1-10;1462686.0;text;;[];False;False;da338bd7da5a29bc;[];Ngab.
1632;224;51-100;1462748.0;text;;[];True;False;5b84a0355e8e6fc8;['90c1a2bcc4328640'];ada yang tau kenapa kantin kampus tutup lebih awal hari ini ga sih?
1633;224;51-100;1462806.0;text;;[];False;False;da338bd7da5a29bc;[];Gw lagi bingung milih topik skripsi antara dua tema yang sama menariknya.
1634;224;101-500;1462853.0;text;;[];False;False;da338bd7da5a29bc;['5b84a0355e8e6fc8'];Kemarin malem gw sama temen temen nongkrong di warkop biasa sampe jam 12 malem. kita ngobrol banyak hal dari mulai tugas kuliah, rencana liburan, sampe masalah percintaan. seru sih walau besoknya gw kesiangan masuk kelas pagi dan dosen negur di depan semua orang. malu tapi ya gimana lagi.
1635;224;11-50;1462895.0;text;;[];True;False;5b84a0355e8e6fc8;[];itu beneran apa hoax?
1636;224;1-10;1462961.0;text;;[];False;False;da338bd7da5a29bc;[];Bro.
1637;224;1-10;1462965.0;text;;['😂'];False;False;da338bd7da5a29bc;[];Sip.
1638;224;11-50;1462972.0;text;;['✌🏻'];False;False;67dd671eb77f5b53;[];porsi makan gw nambah terus
1639;224;11-50;1462988.0;text;;[];True;False;5b84a0355e8e6fc8;[];bayar berapa sih tadi?
1640;224;51-100;1463018.0;text;;['🤣'];False;False;5b84a0355e8e6fc8;[];gw lagi bingung milih topik skripsi antara dua tema yang sama menariknya
1641;224;1-10;1463043.0;text;1639.0;[];False;False;da338bd7da5a29bc;[];Ayok.
1642;224;101-500;1463094.0;text;;[];False;False;5b84a0355e8e6fc8;[];kemarin malem gw sama temen temen nongkrong di warkop biasa sampe jam 12 malem. kita ngobrol banyak hal dari mulai tugas kuliah, rencana liburan, sampe masalah percintaan. seru sih walau besoknya gw kesiangan masuk kelas pagi dan dosen negur di depan semua orang. malu tapi ya gimana lagi
1643;224;11-50;1463102.0;text;;['😂'];False;False;90c1a2bcc4328640;[];bakso malang itu bukaaaa ga ya
1644;224;1-10;1463113.0;text;;['🤣'];False;False;5b84a0355e8e6fc8;[];lol
1645;224;11-50;1463124.0;text;;[];False;False;5b84a0355e8e6fc8;[];nongkrong yuk di kafe biasa
1646;224;11-50;1463132.0;text;;[];False;False;da338bd7da5a29bc;[];Gw lagi diet tapi gagal mulu.
1647;224;11-50;1463171.0;text;;[];True;False;5b84a0355e8e6fc8;[];itu beneran apa hoax?
1648;224;101-500;1463177.0;text;;[];False;False;da338bd7da5a29bc;[];Kemarin malem gw sama temen temen nongkrong di warkop biasa sampe jam 12 malem. kita ngobrol banyak hal dari mulai tugas kuliah, rencana liburan, sampe masalah percintaan. seru sih walau besoknya gw kesiangan masuk kelas pagi dan dosen negur di depan semua orang. malu tapi ya gimana lagi.
1649;224;1-10;1463194.0;text;;[];True;False;5b84a0355e8e6fc8;[];yakin?
1650;224;51-100;1463218.0;text;;[];False;False;da338bd7da5a29bc;[];Tadi di kantin ketemu anak angkatan bawah yang kenal sama temen SMA gw.
1651;224;11-50;1463223.0;text;;[];False;False;da338bd7da5a29bc;[];Porsi makan gw nambah terus.
1652;224;51-100;1463246.0;text;;[];False;False;da338bd7da5a29bc;[];Dompet gw ilang kemarin di angkot tapi alhamdulillah ada yang nemuin.
1653;224;11-50;1463340.0;text;;[];True;False;5b84a0355e8e6fc8;[];bayar berapa sih tadi?
1654;224;11-50;1463674.0;text;;['🥲'];False;False;67dd671eb77f5b53;['1e9822711688fba3'];gw mau nyoba restoran baru
1655;224;51-100;1463688.0;text;;[];False;False;67dd671eb77f5b53;[];gw lagi bingung milih topik skripsi antara dua tema yang sama menariknya
1656;224;11-50;1463696.0;text;;[];True;False;67dd671eb77f5b53;[];udah sampe belom?
1657;224;11-50;1463755.0;text;;[];False;False;da338bd7da5a29bc;[];Masak sendiri lebih hemat sih.
1658;224;51-100;1463757.0;text;;[];False;False;1e9822711688fba3;[];dompet gw ilang kemarin di angkot,,, tapi alhamdulillah,,, ada yang nemuin
1659;224;1-10;1463766.0;text;;[];False;False;67dd671eb77f5b53;[];bro
1660;224;11-50;1463768.0;text;;[];True;False;f8334cd35571ac09;[];bawa motor apa naik apa?
1661;224;11-50;1463772.0;text;;[];False;False;1e9822711688fba3;[];gw lagi diet tapi,,, gagal mulu,,,
1662;224;11-50;1463778.0;text;;[];False;False;f8334cd35571ac09;[];gw mau nyoba restoran baru
1663;224;11-50;1463806.0;text;;[];False;False;67dd671eb77f5b53;[];masak sendiri lebih hemat sih
1664;224;51-100;1463812.0;text;;[];False;False;f8334cd35571ac09;[];gw udah download smua materi kuliah tp blm sempat baca sm sekali
1665;224;11-50;1463833.0;text;;[];False;False;f8334cd35571ac09;[];indomie telor udah cukup kok
1666;224;11-50;1463965.0;text;;[];False;False;67dd671eb77f5b53;[];bakso malang itu buka ga ya
1667;224;101-500;1464011.0;text;;[];False;False;67dd671eb77f5b53;[];kemarin malem gw sama temen temen nongkrong di warkop biasa sampe jam 12 malem. kita ngobrol banyak hal dari mulai tugas kuliah, rencana liburan, sampe masalah percintaan. seru sih walau besoknya gw kesiangan masuk kelas pagi dan dosen negur di depan semua orang. malu tapi ya gimana lagi
1668;224;101-500;1464186.0;text;;['❤️'];True;False;67dd671eb77f5b53;[];menurut kalian kenapa ya generasi kita tuh kayaknya lebih gampang stres dan burnout dibanding generasi orang tua kita dulu? apa karena tekanan sosmed atau emang tuntutan hidup yang makin tinggi ya? gw penasaran aja sih soalnya temen temen gw banyak yang ngeluh hal yang sama
1669;224;11-50;1464211.0;text;;[];False;False;b1a879cfa170b5d6;[];KOPI SUSU YG BIASA YA
1670;224;11-50;1464220.0;text;;[];False;False;b1a879cfa170b5d6;[];MASAK SENDIRI LEBIH HEMAT SIH
1671;224;11-50;1464230.0;text;;[];False;False;67dd671eb77f5b53;[];sarapan dulu baru mikir
1672;224;1-10;1464248.0;text;;[];False;False;b1a879cfa170b5d6;[];YEP
1673;224;0;1464293.0;image/jpeg;;[];False;False;b1a879cfa170b5d6;[];[Foto]
1674;224;101-500;1464303.0;text;;[];True;False;90c1a2bcc4328640;[];menurutttt kaliannnn kenapa ya generasi kita tuh kayaknya lebih gampangg stres dannn burnout dibanding generasiii orang tua kita dulu? apa karenaaaa tekanannn sosmed atau emang tuntutannnn hidup yang makin tinggi ya? gw penasaran aja sih soalnya temennnn temennnn gw banyak yang ngeluh hal yang sama
1675;224;11-50;1464312.0;text;;[];False;False;429a8a88c0d72b74;[];kopi susu yg biasa ya
1676;224;11-50;1464318.0;text;;['😔'];False;False;b1a879cfa170b5d6;[];INDOMIE TELOR UDAH CUKUP KOK
1677;224;11-50;1464336.0;text;;[];False;False;b1a879cfa170b5d6;[];PORSI MAKAN GW NAMBAH TERUS
1678;224;0;1464397.0;image/jpeg;;[];False;False;429a8a88c0d72b74;[];[Foto]
1679;224;101-500;1464404.0;text;;[];False;False;da338bd7da5a29bc;[];Kemarin malem gw sama temen temen nongkrong di warkop biasa sampe jam 12 malem. kita ngobrol banyak hal dari mulai tugas kuliah, rencana liburan, sampe masalah percintaan. seru sih walau besoknya gw kesiangan masuk kelas pagi dan dosen negur di depan semua orang. malu tapi ya gimana lagi.
1680;224;11-50;1464463.0;text;1678.0;[];True;False;da338bd7da5a29bc;[];itu beneran apa hoax?
1681;224;11-50;1464466.0;text;1678.0;[];True;False;5b84a0355e8e6fc8;[];bayar berapa sih tadi?
1682;224;101-500;1464478.0;text;;['😅'];True;False;90c1a2bcc4328640;[];gw lagi bimbang nih antara mau ikutt organisasi kampussss atau fokuss ke akademik aja. menurut kalian gimanaa sih, worth it ga sih ikutttt organisasi? soalnya gw denger banyakk yangg bilangggg bisa nambah softttt skill tapi di sisi lain waktu buatt belajar jadii berkurangggg kan, gimana pengalaman kalian?
1683;224;11-50;1464494.0;text;;[];False;False;da338bd7da5a29bc;[];Tadi gw makan nasi padang.
1684;224;11-50;1464521.0;text;;[];False;False;b1a879cfa170b5d6;[];BAKSO MALANG ITU BUKA GA YA
1685;224;101-500;1464528.0;text;;[];False;False;da338bd7da5a29bc;[];Kemarin malem gw sama temen temen nongkrong di warkop biasa sampe jam 12 malem. kita ngobrol banyak hal dari mulai tugas kuliah, rencana liburan, sampe masalah percintaan. seru sih walau besoknya gw kesiangan masuk kelas pagi dan dosen negur di depan semua orang. malu tapi ya gimana lagi.
1686;224;51-100;1464541.0;text;;[];False;False;da338bd7da5a29bc;[];Tadi di kantin ketemu anak angkatan bawah yang kenal sama temen SMA gw.
1687;224;11-50;1464574.0;text;;[];False;False;1e9822711688fba3;[];porsi makan,,, gw nambah terus
1688;224;51-100;1464582.0;text;;[];True;False;429a8a88c0d72b74;[];ada yang tau kenapa kantin kampus tutup lebih awal hari ini ga sih?
1689;224;101-500;1464586.0;text;;[];False;False;da338bd7da5a29bc;[];Kemarin malem gw sama temen temen nongkrong di warkop biasa sampe jam 12 malem. kita ngobrol banyak hal dari mulai tugas kuliah, rencana liburan, sampe masalah percintaan. seru sih walau besoknya gw kesiangan masuk kelas pagi dan dosen negur di depan semua orang. malu tapi ya gimana lagi.
1690;224;51-100;1464587.0;text;;[];False;False;1e9822711688fba3;[];gw lagi bingung milih topik skripsi antara dua tema yang sama menariknya
1691;224;11-50;1464587.0;text;;[];False;False;1e9822711688fba3;[];es teh manis,,, satu ya bang
1692;224;101-500;1464600.0;text;;[];False;False;90c1a2bcc4328640;[];kemarin malem gw samaa temen temenn nongkrongg di warkoppp biasa sampee jam 12 malem. kita ngobrol banyak hal dariiii mulai tugas kuliah, rencana liburan, sampe masalah percintaan. seruu sih walau besoknyaaa gw kesiangan masukkkk kelas pagi dan dosennn negur di depannnn semuaaa orang. malu tapii ya gimana lagiii
1693;224;101-500;1464601.0;text;;[];False;False;67dd671eb77f5b53;[];kemarin malem gw sama temen temen nongkrong di warkop biasa sampe jam 12 malem. kita ngobrol banyak hal dari mulai tugas kuliah, rencana liburan, sampe masalah percintaan. seru sih walau besoknya gw kesiangan masuk kelas pagi dan dosen negur di depan semua orang. malu tapi ya gimana lagi
1694;224;11-50;1464610.0;text;;[];True;False;b1a879cfa170b5d6;[];BAWA MOTOR APA NAIK APA?
1695;224;101-500;1464650.0;text;;[];False;False;da338bd7da5a29bc;[];Kemarin malem gw sama temen temen nongkrong di warkop biasa sampe jam 12 malem. kita ngobrol banyak hal dari mulai tugas kuliah, rencana liburan, sampe masalah percintaan. seru sih walau besoknya gw kesiangan masuk kelas pagi dan dosen negur di depan semua orang. malu tapi ya gimana lagi.
1696;224;11-50;1464680.0;text;;[];False;False;da338bd7da5a29bc;[];Gw lagi diet tapi gagal mulu.
1697;224;11-50;1464698.0;text;;[];False;False;429a8a88c0d72b74;[];bakso malang itu buka ga ya
1698;224;11-50;1464735.0;text;;['😂'];False;False;90c1a2bcc4328640;[];indomie telor udah cukup kok
1699;224;51-100;1464768.0;text;;[];False;False;da338bd7da5a29bc;['67bd5da43f6b0e96'];Tadi di kantin ketemu anak angkatan bawah yang kenal sama temen SMA gw.
1700;224;51-100;1464794.0;text;;[];False;False;da338bd7da5a29bc;[];Tadi di kantin ketemu anak angkatan bawah yang kenal sama temen SMA gw.
1701;224;11-50;1464797.0;text;;[];False;False;67dd671eb77f5b53;[];gw mau pesen gofood dulu
1702;224;51-100;1464847.0;text;;[];False;False;da338bd7da5a29bc;[];Dompet gw ilang kemarin di angkot tapi alhamdulillah ada yang nemuin.
1703;224;51-100;1464866.0;text;;['😂'];False;False;90c1a2bcc4328640;[];weekend ini gw mauuu staycation aja di kosan binge watching seriesss baruuu
1704;224;51-100;1464887.0;text;;[];False;False;429a8a88c0d72b74;[];dompet gw ilang kemarin di angkot tapi alhamdulillah ada yang nemuin
1705;224;51-100;1464887.0;text;;[];False;False;67dd671eb77f5b53;[];tadi di kantin ketemu anak angkatan bawah yang kenal sama temen sma gw
1706;224;51-100;1464940.0;text;;[];False;False;1e9822711688fba3;[];gw udah download semua,,, materi kuliah,,, tapi belum sempat baca,,, sama sekali
1707;224;11-50;1464941.0;text;;[];False;False;1e9822711688fba3;[];sarapan dulu baru mikir,,,
1708;224;1-10;1464948.0;text;1704.0;['☝🏽'];False;False;da338bd7da5a29bc;[];Ngab.
1709;224;51-100;1464948.0;text;;[];False;False;1e9822711688fba3;[];dompet gw ilang kemarin di angkot tapi alhamdulillah ada yang nemuin
1710;224;11-50;1464961.0;text;1704.0;[];False;False;da338bd7da5a29bc;[];Bakso malang itu buka ga ya.
1711;224;11-50;1464964.0;text;;[];False;False;1e9822711688fba3;[];kopi susu yg,,, biasa ya
1712;224;51-100;1465004.0;text;;[];False;False;90c1a2bcc4328640;[];tadi di kantinnnn ketemu anak angkatan bawahh yangg kenal samaa temennn sma gw
1713;224;101-500;1465091.0;text;;[];False;False;da338bd7da5a29bc;[];Kemarin malem gw sama temen temen nongkrong di warkop biasa sampe jam 12 malem. kita ngobrol banyak hal dari mulai tugas kuliah, rencana liburan, sampe masalah percintaan. seru sih walau besoknya gw kesiangan masuk kelas pagi dan dosen negur di depan semua orang. malu tapi ya gimana lagi.
1714;224;51-100;1465118.0;text;;[];False;False;da338bd7da5a29bc;[];Tadi di kantin ketemu anak angkatan bawah yang kenal sama temen SMA gw.
1715;224;51-100;1465119.0;text;;[];False;False;1e9822711688fba3;[];weekend ini gw mau staycation aja,,, di kosan binge watching series baru,,,
1716;224;11-50;1465125.0;text;;[];False;False;1e9822711688fba3;[];gw mau pesen,,, gofood,,, dulu
1717;224;11-50;1465126.0;text;;[];False;False;1e9822711688fba3;[];bakso malang itu buka ga ya
1718;224;101-500;1465147.0;text;;[];False;False;1e9822711688fba3;[];kemarin malem gw sama temen temen nongkrong di warkop,,, biasa sampe jam,,, 12 malem. kita ngobrol,,, banyak hal,,, dari mulai tugas kuliah, rencana liburan, sampe masalah percintaan. seru sih walau,,, besoknya gw kesiangan masuk,,, kelas pagi dan dosen negur di,,, depan semua orang. malu tapi ya gimana lagi
1719;224;101-500;1465149.0;text;;[];False;False;1e9822711688fba3;[];kemarin malem,,, gw sama,,, temen temen nongkrong di,,, warkop biasa sampe jam 12 malem. kita ngobrol banyak hal,,, dari mulai tugas kuliah, rencana liburan, sampe masalah percintaan. seru sih walau besoknya gw kesiangan masuk,,, kelas pagi,,, dan dosen negur di,,, depan semua orang. malu tapi,,, ya,,, gimana lagi
1720;224;1-10;1465213.0;text;;[];False;False;429a8a88c0d72b74;[];sis
1721;224;51-100;1467076.0;image/jpeg;;[];False;False;da338bd7da5a29bc;[];[Foto]
1722;224;101-500;1467079.0;text;;[];True;False;b1a879cfa170b5d6;['952659779523cd55', 'bc6dfeff63215c29', 'da338bd7da5a29bc'];MENURUT KALIAN KENAPA YA GENERASI KITA TUH KAYAKNYA LEBIH GAMPANG STRES DAN BURNOUT DIBANDING GENERASI ORANG TUA KITA DULU? APA KARENA TEKANAN SOSMED ATAU EMANG TUNTUTAN HIDUP YANG MAKIN TINGGI YA? GW PENASARAN AJA SIH SOALNYA TEMEN TEMEN GW BANYAK YANG NGELUH HAL YANG SAMA
1723;224;11-50;1467085.0;text;;[];False;False;da338bd7da5a29bc;[];Indomie telor udah cukup kok.
1724;224;1-10;1467125.0;text;;[];False;False;b1a879cfa170b5d6;[];YEP
1725;224;101-500;1467131.0;text;;[];True;False;da338bd7da5a29bc;[];guys ada yang tau ga sih kenapa sistem registrasi online kampus sering banget error pas masa pengisian KRS? tiap semester selalu gitu bikin stres, mana harus rebutan mata kuliah yang kuotanya dikit banget lagi. apa emang servernya ga kuat ya nampung banyak mahasiswa sekaligus?
1726;224;101-500;1467206.0;text;;[];False;False;b1a879cfa170b5d6;[];KEMARIN MALEM GW SAMA TEMEN TEMEN NONGKRONG DI WARKOP BIASA SAMPE JAM 12 MALEM. KITA NGOBROL BANYAK HAL DARI MULAI TUGAS KULIAH, RENCANA LIBURAN, SAMPE MASALAH PERCINTAAN. SERU SIH WALAU BESOKNYA GW KESIANGAN MASUK KELAS PAGI DAN DOSEN NEGUR DI DEPAN SEMUA ORANG. MALU TAPI YA GIMANA LAGI
1727;224;11-50;1467206.0;text;;[];False;False;1e9822711688fba3;[];indomie telor udah cukup kok
1728;224;11-50;1467244.0;text;;[];False;False;b1a879cfa170b5d6;[];ES TEH MANIS SATU YA BANG
1729;224;11-50;1467265.0;text;;[];False;False;429a8a88c0d72b74;[];kopi susu yg biasa ya
1730;224;51-100;1467397.0;text;;[];False;False;da338bd7da5a29bc;[];Weekend ini gw mau staycation aja di kosan binge watching series baru.
1731;224;11-50;1467406.0;text;;[];False;False;da338bd7da5a29bc;[];Indomie telor udah cukup kok.
1732;224;11-50;1470081.0;text;;[];True;False;f8334cd35571ac09;[];tu beneran apa hoax?
1733;224;11-50;1470152.0;text;;[];False;False;429a8a88c0d72b74;[];gw lagi diet tapi gagal mulu
1734;224;11-50;1470221.0;text;;[];False;False;429a8a88c0d72b74;[];nongkrong yuk di kafe biasa
1735;224;101-500;1470238.0;text;;[];True;False;429a8a88c0d72b74;[];eh ada yang punya rekomendasi laptop budget 5 jutaan yang bagus buat kuliah dan ngoding ga? laptop gw yang sekarang udah mulai lemot dan sering ngehang kalo buka banyak tab. pengennya sih yang ringan buat dibawa ke kampus tapi tetep kenceng performanya, ada saran?
1736;224;1-10;1470257.0;text;;[];False;False;da338bd7da5a29bc;[];Ngab.
1737;224;11-50;1470262.0;text;;[];False;False;da338bd7da5a29bc;[];Porsi makan gw nambah terus.
1738;224;101-500;1470272.0;text;;[];False;False;90c1a2bcc4328640;[];kemarinn malemm gw sama temenn temen nongkrong di warkop biasaa sampe jamm 12 malem. kita ngobrol banyakkk hal dariii mulai tugas kuliah, rencanaaa liburan, sampe masalah percintaan. seru sihhh walau besoknya gw kesiangan masuk kelas pagi dann dosen negur di depann semuaa orang. malu tapi ya gimana lagii
1739;224;51-100;1470289.0;text;;[];False;False;da338bd7da5a29bc;[];Gw lagi bingung milih topik skripsi antara dua tema yang sama menariknya.
1740;224;51-100;1470330.0;text;;[];False;False;90c1a2bcc4328640;[];tadiii di kantinn ketemu anak angkatannnn bawah yang kenal sama temennn smaa gw
1741;224;11-50;1470430.0;text;;[];False;False;429a8a88c0d72b74;[];nongkrong yuk di kafe biasa
1742;224;11-50;1470534.0;text;;[];False;False;f8334cd35571ac09;[];masak sendiri lebih hemat sih
1743;224;11-50;1474074.0;text;;[];False;False;bc6dfeff63215c29;[];ES TEH MANIS SATU YA BANG
1744;224;51-100;1474111.0;text;;['🤔'];False;False;bc6dfeff63215c29;[];GW UDAH DOWNLOAD SEMUA MATERI KULIAH TAPI BELUM SEMPAT BACA SAMA SEKALI
1745;224;1-10;1474124.0;text;;[];False;False;bc6dfeff63215c29;[];FIX
1746;224;101-500;1474228.0;text;;[];False;False;da338bd7da5a29bc;[];Kemarin malem gw sama temen temen nongkrong di warkop biasa sampe jam 12 malem. kita ngobrol banyak hal dari mulai tugas kuliah, rencana liburan, sampe masalah percintaan. seru sih walau besoknya gw kesiangan masuk kelas pagi dan dosen negur di depan semua orang. malu tapi ya gimana lagi.
1747;224;51-100;1474256.0;text;;['😂'];False;False;da338bd7da5a29bc;[];Weekend ini gw mau staycation aja di kosan binge watching series baru.
1748;224;11-50;1474275.0;text;;[];False;False;da338bd7da5a29bc;[];Kopi susu yg biasa ya.
1749;224;51-100;1474318.0;text;;[];False;False;bc6dfeff63215c29;[];WEEKEND INI GW MAU STAYCATION AJA DI KOSAN BINGE WATCHING SERIES BARU
1750;224;51-100;1474392.0;text;;['😅'];False;False;bc6dfeff63215c29;[];GW UDAH DOWNLOAD SEMUA MATERI KULIAH TAPI BELUM SEMPAT BACA SAMA SEKALI
1751;224;11-50;1474405.0;text;;[];True;False;67bd5da43f6b0e96;[];bayar berapa sih... tadi?
1752;224;11-50;1475425.0;text;;[];False;False;f8334cd35571ac09;[];bakso malang tu buka ga ya
1753;224;11-50;1476730.0;text;1746.0;[];False;False;429a8a88c0d72b74;[];tadi gw makan nasi padang
1754;224;11-50;1476734.0;text;;[];False;False;429a8a88c0d72b74;[];es teh manis satu ya bang
1755;224;51-100;1476747.0;text;;[];False;False;67dd671eb77f5b53;[];dompet gw ilang kemarin di angkot tapi alhamdulillah ada yang nemuin
1756;224;1-10;1476749.0;text;;[];True;False;67dd671eb77f5b53;[];kok?
1757;224;11-50;1476759.0;text;;[];False;False;67dd671eb77f5b53;[];masak sendiri lebih hemat sih
1758;224;11-50;1476765.0;text;;[];False;False;67dd671eb77f5b53;[];bakso malang itu buka ga ya
1759;224;11-50;1476766.0;text;;[];False;False;67dd671eb77f5b53;[];kopi susu yg biasa ya
1760;224;101-500;1476783.0;text;;[];False;False;da338bd7da5a29bc;[];Kemarin malem gw sama temen temen nongkrong di warkop biasa sampe jam 12 malem. kita ngobrol banyak hal dari mulai tugas kuliah, rencana liburan, sampe masalah percintaan. seru sih walau besoknya gw kesiangan masuk kelas pagi dan dosen negur di depan semua orang. malu tapi ya gimana lagi.
1761;224;51-100;1476821.0;text;;[];False;False;da338bd7da5a29bc;[];Dompet gw ilang kemarin di angkot tapi alhamdulillah ada yang nemuin.
1762;224;51-100;1476866.0;text;;[];False;False;429a8a88c0d72b74;[];tadi di kantin ketemu anak angkatan bawah yang kenal sama temen SMA gw
1763;224;11-50;1476899.0;text;;[];False;False;429a8a88c0d72b74;[];tadi gw makan nasi padang
1764;224;11-50;1476903.0;text;;[];False;False;429a8a88c0d72b74;[];es teh manis satu ya bang
1765;224;11-50;1476907.0;text;;[];True;False;da338bd7da5a29bc;[];itu beneran apa hoax?
1766;224;11-50;1476914.0;text;;[];False;False;f8334cd35571ac09;[];porsi makan gw nambah terus
1767;224;11-50;1476919.0;text;;[];False;False;f8334cd35571ac09;[];masak sendiri lebih hemat sih
1768;224;11-50;1476930.0;text;;[];False;False;f8334cd35571ac09;[];masak sendiri lebih hemat sih
1769;224;11-50;1476933.0;text;;[];False;False;da338bd7da5a29bc;[];Tadi gw makan nasi padang.
1770;224;1-10;1476936.0;text;;['😂'];False;False;f8334cd35571ac09;[];woy
1771;224;11-50;1476955.0;text;;[];False;False;f8334cd35571ac09;[];gw mau nyoba restoran baru
1772;224;101-500;1476957.0;text;;[];False;False;67dd671eb77f5b53;[];kemarin malem gw sama temen temen nongkrong di warkop biasa sampe jam 12 malem. kita ngobrol banyak hal dari mulai tugas kuliah, rencana liburan, sampe masalah percintaan. seru sih walau besoknya gw kesiangan masuk kelas pagi dan dosen negur di depan semua orang. malu tapi ya gimana lagi
1773;224;11-50;1476962.0;text;;[];False;False;67dd671eb77f5b53;[];tadi gw makan nasi padang
1774;224;11-50;1477147.0;text;;[];True;False;5b84a0355e8e6fc8;[];bayar berapa sih tadi?
1775;224;11-50;1477169.0;text;;[];False;False;5b84a0355e8e6fc8;[];porsi makan gw nambah terus
1776;224;11-50;1477184.0;text;;[];False;False;5b84a0355e8e6fc8;[];bakso malang itu buka ga ya
1777;224;51-100;1477213.0;text;;[];False;False;5b84a0355e8e6fc8;[];weekend ini gw mau staycation aja di kosan binge watching series baru
1778;224;101-500;1477271.0;text;;[];False;False;5b84a0355e8e6fc8;[];kemarin malem gw sama temen temen nongkrong di warkop biasa sampe jam 12 malem. kita ngobrol banyak hal dari mulai tugas kuliah, rencana liburan, sampe masalah percintaan. seru sih walau besoknya gw kesiangan masuk kelas pagi dan dosen negur di depan semua orang. malu tapi ya gimana lagi
1779;224;51-100;1477288.0;text;;[];False;False;5b84a0355e8e6fc8;[];tadi di kantin ketemu anak angkatan bawah yang kenal sama temen SMA gw
1780;224;101-500;1478308.0;text;;[];False;False;429a8a88c0d72b74;[];kemarin malem gw sama temen temen nongkrong di warkop biasa sampe jam 12 malem. kita ngobrol banyak hal dari mulai tugas kuliah, rencana liburan, sampe masalah percintaan. seru sih walau besoknya gw kesiangan masuk kelas pagi dan dosen negur di depan semua orang. malu tapi ya gimana lagi
1781;224;11-50;1478318.0;text;;[];False;False;429a8a88c0d72b74;[];kopi susu yg biasa ya
1782;224;51-100;1478354.0;text;;[];False;False;5b84a0355e8e6fc8;[];gw lagi bingung milih topik skripsi antara dua tema yang sama menariknya
1783;224;51-100;1478383.0;text;;[];False;False;5b84a0355e8e6fc8;[];gw lagi bingung milih topik skripsi antara dua tema yang sama menariknya
1784;224;11-50;1478394.0;text;;[];False;False;429a8a88c0d72b74;[];sarapan dulu baru mikir
1785;224;1-10;1478424.0;text;;[];False;False;da338bd7da5a29bc;[];Ayok.
1786;224;1-10;1478425.0;text;;['😂'];False;False;da338bd7da5a29bc;[];Woy.
1787;224;51-100;1478429.0;text;;[];False;False;5b84a0355e8e6fc8;[];dompet gw ilang kemarin di angkot tapi alhamdulillah ada yang nemuin
1788;224;11-50;1478449.0;text;;[];False;False;429a8a88c0d72b74;[];es teh manis satu ya bang
1789;224;11-50;1478454.0;text;;[];False;False;5b84a0355e8e6fc8;[];nongkrong yuk di kafe biasa
1790;224;1-10;1478462.0;text;;[];False;False;5b84a0355e8e6fc8;[];bener
1791;224;51-100;1478503.0;text;;['🔥'];False;False;da338bd7da5a29bc;[];Tadi di kantin ketemu anak angkatan bawah yang kenal sama temen SMA gw.
1792;224;11-50;1478590.0;text;;[];False;False;da338bd7da5a29bc;[];Sarapan dulu baru mikir.
1793;224;51-100;1478746.0;text;;[];True;False;429a8a88c0d72b74;[];ada yang tau kenapa kantin kampus tutup lebih awal hari ini ga sih?
1794;224;101-500;1478900.0;text;;[];False;True;da338bd7da5a29bc;[];temen temen gw baru aja ngasih surprise ulang tahun yang paling berkesan dalam hidup gw! mereka diem diem booking tempat makan favorit gw dan undang semua temen deket. ada kue tart dan hadiah yang gw pengen dari lama. gw sampe nangis terharu sumpah ga nyangka mereka sebaik itu!
1795;224;51-100;1478962.0;text;;[];False;False;bc6dfeff63215c29;[];DOMPET GW ILANG KEMARIN DI ANGKOT TAPI ALHAMDULILLAH ADA YANG NEMUIN
1796;224;51-100;1479046.0;text;;[];False;False;bc6dfeff63215c29;[];GW UDAH DOWNLOAD SEMUA MATERI KULIAH TAPI BELUM SEMPAT BACA SAMA SEKALI
1797;224;1-10;1479072.0;text;;[];False;True;da338bd7da5a29bc;[];wow!
1798;224;51-100;1479235.0;text;;[];False;False;b1a879cfa170b5d6;[];GW UDAH DOWNLOAD SEMUA MATERI KULIAH TAPI BELUM SEMPAT BACA SAMA SEKALI
1799;224;51-100;1479282.0;text;;[];False;False;b1a879cfa170b5d6;[];TADI DI KANTIN KETEMU ANAK ANGKATAN BAWAH YANG KENAL SAMA TEMEN SMA GW
1800;224;0;1479298.0;image/jpeg;;[];False;False;b1a879cfa170b5d6;[];[Foto]
1801;224;0;1479301.0;image/jpeg;;[];False;False;b1a879cfa170b5d6;[];[Foto]
1802;224;11-50;1479310.0;text;;[];False;False;b1a879cfa170b5d6;[];NONGKRONG YUK DI KAFE BIASA
1803;224;11-50;1479313.0;text;;[];True;False;f8334cd35571ac09;[];bawa motor apa naik apa?
1804;224;11-50;1479343.0;text;;[];False;False;b1a879cfa170b5d6;[];SARAPAN DULU BARU MIKIR
1805;224;11-50;1479357.0;text;;[];False;False;b1a879cfa170b5d6;[];GW LAGI DIET TAPI GAGAL MULU
1806;224;11-50;1479378.0;text;;[];False;False;b1a879cfa170b5d6;[];TADI GW MAKAN NASI PADANG
1807;224;1-10;1479394.0;text;;['😍'];False;False;bc6dfeff63215c29;[];GASS
1808;224;11-50;1479407.0;text;;[];False;False;b1a879cfa170b5d6;[];KOPI SUSU YG BIASA YA
1809;224;11-50;1479424.0;text;;[];False;False;b1a879cfa170b5d6;[];INDOMIE TELOR UDAH CUKUP KOK
1810;224;0;1479437.0;image/jpeg;;[];False;False;b1a879cfa170b5d6;[];[Foto]
1811;224;0;1479437.0;image/jpeg;;[];False;False;b1a879cfa170b5d6;[];[Foto]
1812;224;0;1479445.0;image/jpeg;;[];False;False;b1a879cfa170b5d6;[];[Foto]
1813;224;1-10;1479455.0;text;;[];False;False;f8334cd35571ac09;[];ngab
1814;224;11-50;1479479.0;text;;[];False;False;f8334cd35571ac09;[];gw mau pesen gofood dulu
1815;224;51-100;1479665.0;text;;[];False;False;b1a879cfa170b5d6;[];DOMPET GW ILANG KEMARIN DI ANGKOT TAPI ALHAMDULILLAH ADA YANG NEMUIN
1816;224;11-50;1479950.0;text;;[];False;False;f8334cd35571ac09;[];gw mau nyoba restoran baru
1817;224;51-100;1480007.0;text;;[];False;False;b1a879cfa170b5d6;[];GW LAGI BINGUNG MILIH TOPIK SKRIPSI ANTARA DUA TEMA YANG SAMA MENARIKNYA
1818;224;51-100;1483171.0;text;;['😂'];False;False;520579885d41181b;[];weekenddd ini gw mau staycationn ajaaa di kosannnn bingee watching series baru
1819;224;0;1483172.0;image/jpeg;;[];False;False;520579885d41181b;[];[Foto]
1820;224;11-50;1488754.0;text;;[];False;False;f8334cd35571ac09;[];bakso malang tu buka ga ya
1821;225;11-50;1495120.0;image/jpeg;;[];False;False;bc6dfeff63215c29;[];[Foto]
1822;225;51-100;1495176.0;text;;['🤣'];False;False;bc6dfeff63215c29;[];GW LAGI NYOBA MASAK RENDANG RESEP NYOKAP TAPI KAYAKNYA GAGAL TOTAL DEH
1823;225;11-50;1495226.0;text;;[];False;False;bc6dfeff63215c29;[];GW NYARI PARKIR DULU BENTAR
1824;226;0;1543784.0;system;;[];False;False;90c1a2bcc4328640;[];[Pesan sistem]
1825;226;11-50;1574034.0;text;;[];True;False;429a8a88c0d72b74;[];makan apa ntar siang?
1826;226;51-100;1574366.0;text;;[];False;False;da338bd7da5a29bc;[];Temen sekamar gw pindah kosan jadi sekarang gw sendirian di kamar.
1827;226;11-50;1574374.0;text;;['😂'];False;False;da338bd7da5a29bc;[];Gw naik ojol aja deh.
1828;227;1-10;1582157.0;text;;['😂'];False;False;f8334cd35571ac09;[];woles
1829;227;1-10;1582160.0;text;1825.0;[];False;False;f8334cd35571ac09;[];mager
1830;227;11-50;1582163.0;text;1825.0;[];False;False;f8334cd35571ac09;[];kakak gw baru aja nikah
1831;227;101-500;1582535.0;text;;[];True;False;67bd5da43f6b0e96;[];eh ada yang punya... rekomendasi... laptop budget 5 jutaan yang bagus buat kuliah dan ngoding ga? laptop gw... yang sekarang... udah... mulai lemot dan sering ngehang kalo buka banyak tab. pengennya sih yang ringan buat... dibawa... ke kampus tapi tetep kenceng performanya, ada saran?
1832;227;51-100;1582563.0;text;;[];False;False;67bd5da43f6b0e96;[];besok ada bazaar di kampus katanya banyak makanan murah,... pada ikut ga
1833;227;11-50;1583614.0;text;1831.0;[];False;True;da338bd7da5a29bc;[];ngakak gw liat video itu!
1834;227;11-50;1583630.0;text;;['😂'];False;False;da338bd7da5a29bc;[];Playlist lo yang mana sih.
1835;227;11-50;1583702.0;text;;['😅'];False;False;bc6dfeff63215c29;[];KAKAK GW BARU AJA NIKAH
1836;228;11-50;1592366.0;text;;[];False;False;67bd5da43f6b0e96;[];konser itu mahal banget tiketnya
1837;228;51-100;1595156.0;image/jpeg;;[];False;False;67dd671eb77f5b53;[];[Foto]
1838;228;11-50;1595182.0;text;;[];False;False;67dd671eb77f5b53;[];manga terbaru udah keluar loh
1839;228;11-50;1595196.0;image/jpeg;;[];False;False;429a8a88c0d72b74;[];[Foto]
1840;228;0;1595732.0;unknown;;[];False;False;f8334cd35571ac09;[];[Media tidak dikenal]
1841;228;0;1595756.0;sticker/webp;;[];False;False;f8334cd35571ac09;[];[Stiker]
1842;228;51-100;1596801.0;image/jpeg;;[];False;False;da338bd7da5a29bc;[];[Foto]
1843;229;0;1638426.0;application/pdf;;[];False;False;a0c0c0fcf00e254f;[];[Dokumen PDF]
1844;229;1-10;1638434.0;text;;[];False;False;429a8a88c0d72b74;[];kan
1845;229;0;1638448.0;application/pdf;;[];False;False;a0c0c0fcf00e254f;[];[Dokumen PDF]
1846;229;1-10;1638493.0;text;;[];False;False;da338bd7da5a29bc;[];Hoo.
1847;229;1-10;1638621.0;text;;['🥳'];False;False;bc6dfeff63215c29;[];KOK
1848;229;11-50;1638676.0;image/jpeg;;['🤣'];False;False;67bd5da43f6b0e96;[];[Foto]
1849;229;11-50;1638677.0;image/jpeg;;['🤣'];False;False;67bd5da43f6b0e96;[];[Foto]
1850;229;11-50;1638677.0;image/jpeg;;['🤣'];False;False;67bd5da43f6b0e96;[];[Foto]
1851;229;11-50;1638681.0;image/jpeg;;['🤣'];False;False;67bd5da43f6b0e96;[];[Foto]
1852;229;11-50;1638684.0;image/jpeg;;['🤣'];False;False;67bd5da43f6b0e96;[];[Foto]
1853;229;1-10;1638700.0;text;;[];False;False;429a8a88c0d72b74;[];kan
1854;229;11-50;1638702.0;text;;[];False;False;429a8a88c0d72b74;[];gw nyari parkir dulu bentar
1855;229;1-10;1638866.0;text;;['🤣'];False;False;bc6dfeff63215c29;[];OOH
1856;229;51-100;1640284.0;text;;['😂'];False;False;a0c0c0fcf00e254f;[];kemarin malem gw begadang nonton bola sampe subuh terus ketiduran
1857;229;11-50;1643937.0;text;;[];True;False;f8334cd35571ac09;[];ad yg mau bareng?
1858;229;1-10;1644152.0;text;;[];False;False;429a8a88c0d72b74;[];ooh
1859;229;1-10;1644203.0;text;;[];True;False;f8334cd35571ac09;[];ikut?
1860;229;11-50;1644219.0;text;;[];False;False;429a8a88c0d72b74;[];lu dimana sih lama banget
1861;229;11-50;1645333.0;text;;[];False;False;f8334cd35571ac09;[];gw nyari parkir dulu bentar
1862;229;11-50;1645460.0;text;1861.0;[];False;False;429a8a88c0d72b74;[];ketemuan di mall jam 3 ya
1863;229;11-50;1645474.0;text;;[];True;False;429a8a88c0d72b74;[];wifi password nya apa sih?
1864;229;1-10;1645607.0;text;;[];False;False;f8334cd35571ac09;[];deh
1865;229;11-50;1645638.0;text;;[];False;False;f8334cd35571ac09;[];kita ketemuan dmn aja deh
1866;229;11-50;1645644.0;text;;[];False;False;f8334cd35571ac09;[];bsk sore ad waktu ga
1867;229;11-50;1645720.0;text;;[];True;False;bc6dfeff63215c29;[];WIFI PASSWORD NYA APA SIH?
1868;229;11-50;1646286.0;text;;[];False;False;67dd671eb77f5b53;[];jangan lupa bawa duit cash
1869;229;11-50;1646289.0;text;;[];False;False;67dd671eb77f5b53;[];lu dimana sih lama banget
1870;229;1-10;1647575.0;text;;['🤦🏻\u200d♂️'];False;False;bc6dfeff63215c29;[];OOH
1871;229;1-10;1647603.0;text;;['🤣'];False;False;bc6dfeff63215c29;[];KOK
1872;229;11-50;1649685.0;text;;[];False;False;67dd671eb77f5b53;[];gw naik ojol aja deh
1873;229;51-100;1649799.0;text;;[];False;False;bc6dfeff63215c29;[];GW HARUS NABUNG LEBIH BANYAK SIH BUAT BAYAR UANG SEMESTER YANG NAIK
1874;229;11-50;1650262.0;text;;[];False;False;429a8a88c0d72b74;[];ketemuan di mall jam 3 ya
1875;229;11-50;1650271.0;text;;[];False;False;429a8a88c0d72b74;[];gw ngga bisa ikut malem ini
1876;229;11-50;1650274.0;text;;[];True;False;34c758c0752f2ad6;[];makan apa ntar siang!!
1877;229;0;1650283.0;sticker/webp;;[];False;False;34c758c0752f2ad6;[];[Stiker]
1878;229;11-50;1650414.0;text;;[];True;False;67bd5da43f6b0e96;[];wifi password nya apa sih?...
1879;229;0;1651258.0;image/jpeg;;[];False;False;429a8a88c0d72b74;[];[Foto]
1880;229;11-50;1652221.0;text;;[];False;False;67bd5da43f6b0e96;[];macet parah di jalan tol
1881;229;1-10;1654078.0;text;;['❓'];False;False;f8334cd35571ac09;[];oii
1882;229;1-10;1654104.0;text;;[];False;False;429a8a88c0d72b74;[];ahh
1883;229;51-100;1654462.0;text;;[];False;False;1e9822711688fba3;[];kemarin malem,,, gw begadang nonton bola,,, sampe subuh,,, terus,,, ketiduran
1884;230;11-50;1664853.0;text;;[];False;False;34c758c0752f2ad6;[];gw lagi diet tapi gagal mulu!!
1885;230;11-50;1664860.0;text;;[];False;False;34c758c0752f2ad6;[];gw mau pesen gofood dulu!!!
1886;230;51-100;1665498.0;text;;[];False;False;da338bd7da5a29bc;[];Dompet gw ilang kemarin di angkot tapi alhamdulillah ada yang nemuin.
1887;230;11-50;1665502.0;text;;[];True;False;da338bd7da5a29bc;[];udah sampe belom?
1888;230;11-50;1665523.0;text;;[];False;False;429a8a88c0d72b74;[];gw mau pesen gofood dulu
1889;230;101-500;1665700.0;text;;[];False;False;da338bd7da5a29bc;[];Kemarin malem gw sama temen temen nongkrong di warkop biasa sampe jam 12 malem. kita ngobrol banyak hal dari mulai tugas kuliah, rencana liburan, sampe masalah percintaan. seru sih walau besoknya gw kesiangan masuk kelas pagi dan dosen negur di depan semua orang. malu tapi ya gimana lagi.
1890;230;1-10;1665726.0;text;;[];False;False;34c758c0752f2ad6;[];lol!!
1891;230;11-50;1665743.0;text;;[];False;False;34c758c0752f2ad6;[];porsi makan gw nambah terus!!!
1892;230;11-50;1665745.0;text;1889.0;[];False;False;34c758c0752f2ad6;[];masak sendiri lebih hemat sih!!!
1893;230;0;1667594.0;image/jpeg;;[];False;False;bc6dfeff63215c29;[];[Foto]
1894;230;101-500;1667629.0;text;;[];False;False;bc6dfeff63215c29;[];KEMARIN MALEM GW SAMA TEMEN TEMEN NONGKRONG DI WARKOP BIASA SAMPE JAM 12 MALEM. KITA NGOBROL BANYAK HAL DARI MULAI TUGAS KULIAH, RENCANA LIBURAN, SAMPE MASALAH PERCINTAAN. SERU SIH WALAU BESOKNYA GW KESIANGAN MASUK KELAS PAGI DAN DOSEN NEGUR DI DEPAN SEMUA ORANG. MALU TAPI YA GIMANA LAGI
1895;230;11-50;1667631.0;text;;[];False;False;f8334cd35571ac09;[];nongkrong yuk di kafe biasa
1896;230;51-100;1667652.0;text;;[];False;False;f8334cd35571ac09;[];gw udah download smua materi kuliah tp blm sempat baca sm sekali
1897;230;51-100;1667653.0;text;;[];False;False;bc6dfeff63215c29;[];GW LAGI BINGUNG MILIH TOPIK SKRIPSI ANTARA DUA TEMA YANG SAMA MENARIKNYA
1898;230;11-50;1667662.0;text;;[];False;False;f8334cd35571ac09;[];bakso malang tu buka ga ya
1899;230;11-50;1667667.0;text;;[];False;False;67dd671eb77f5b53;[];es teh manis satu ya bang
1900;230;1-10;1667668.0;text;;[];False;False;f8334cd35571ac09;[];fix
1901;230;1-10;1667668.0;text;;['😂'];False;False;f8334cd35571ac09;[];cuy
1902;230;11-50;1667725.0;image/jpeg;;['😅'];False;False;bc6dfeff63215c29;[];[Foto]
1903;230;11-50;1667760.0;text;;[];False;False;f8334cd35571ac09;[];es teh manis satu ya bang
1904;230;11-50;1667975.0;text;;[];False;False;f8334cd35571ac09;[];tadi gw makan nasi padang
1905;230;1-10;1667977.0;text;;['😂'];False;False;f8334cd35571ac09;[];woy
1906;230;51-100;1668009.0;text;;[];False;False;bc6dfeff63215c29;[];GW UDAH DOWNLOAD SEMUA MATERI KULIAH TAPI BELUM SEMPAT BACA SAMA SEKALI
1907;230;51-100;1668109.0;text;;[];False;False;f8334cd35571ac09;[];gw lg bingung milih topik skripsi antara dua tema yg sm menariknya
1908;230;11-50;1668121.0;text;;[];False;False;f8334cd35571ac09;[];gw lg diet tp gagal mulu
1909;230;11-50;1668123.0;text;;[];False;False;f8334cd35571ac09;[];porsi makan gw nambah terus
1910;230;1-10;1668307.0;text;;['👍'];False;False;bc6dfeff63215c29;[];CUY
1911;231;11-50;1713012.0;text;;[];False;False;f8334cd35571ac09;[];game baru udah download blm
1912;231;11-50;1713031.0;text;;['😓'];False;False;f8334cd35571ac09;[];gym hari ni skip deh
1913;231;11-50;1713227.0;text;;[];False;False;1e9822711688fba3;[];game baru udah download belum
1914;231;11-50;1713231.0;text;;['😂'];False;False;1e9822711688fba3;[];gw abis lari pagi tadi
1915;232;11-50;1714549.0;text;;[];True;False;1e9822711688fba3;[];kenapa ga bales chat gw?
1916;232;1-10;1714705.0;text;;[];False;False;34c758c0752f2ad6;[];gitu!!!
1917;232;11-50;1717095.0;text;;[];True;False;429a8a88c0d72b74;[];siapa aja yg dateng?
1918;232;11-50;1717374.0;text;;[];False;False;da338bd7da5a29bc;[];Film baru di bioskop bagus ga.
1919;232;11-50;1717382.0;text;;[];False;False;da338bd7da5a29bc;[];Gw lagi marathon drakor nih.
1920;232;11-50;1717447.0;text;;[];True;False;429a8a88c0d72b74;[];siapa aja yg dateng?
1921;232;11-50;1717461.0;text;;[];False;False;1e9822711688fba3;[];film baru di bioskop bagus ga,,,
1922;232;11-50;1717473.0;text;;[];False;False;da338bd7da5a29bc;[];Duit bulanan belum dikirim.
1923;232;11-50;1717546.0;text;;[];False;False;67dd671eb77f5b53;[];kakak gw baru aja nikah
1924;232;11-50;1717580.0;text;;['😂'];False;False;429a8a88c0d72b74;[];keluarga ngumpul lebaran nanti
1925;232;11-50;1717743.0;text;;[];False;False;67dd671eb77f5b53;[];gw baru aja ketemu mantan
1926;232;11-50;1717826.0;text;;[];True;False;429a8a88c0d72b74;[];lu lagi ngapain sih?
1927;232;1-10;1717838.0;text;;[];False;False;34c758c0752f2ad6;[];anjay!!
1928;232;1-10;1717848.0;text;;[];False;False;da338bd7da5a29bc;[];Goks.
1929;232;51-100;1717870.0;text;;[];False;False;da338bd7da5a29bc;[];Tadi pagi gw olahraga lari keliling kampus 5 putaran badan pegel semua.
1930;232;11-50;1717942.0;text;;[];False;True;67bd5da43f6b0e96;[];seru banget tadi malem!
1931;232;11-50;1717963.0;text;;[];False;False;da338bd7da5a29bc;[];Duit bulanan belum dikirim.
1932;232;11-50;1718133.0;image/jpeg;;[];False;False;34c758c0752f2ad6;[];[Foto]
1933;232;11-50;1718137.0;image/jpeg;;[];False;False;34c758c0752f2ad6;[];[Foto]
1934;232;11-50;1718140.0;image/jpeg;;[];False;False;34c758c0752f2ad6;[];[Foto]
1935;232;11-50;1718168.0;text;;[];False;True;429a8a88c0d72b74;[];ngakak gw liat video itu!
1936;232;11-50;1718580.0;text;;[];False;False;f8334cd35571ac09;[];nyokap nanya kapan lulus
1937;232;11-50;1718664.0;text;;['🥴'];False;False;67dd671eb77f5b53;[];gw kangen masakan rumah
1938;232;11-50;1719250.0;text;;[];False;False;67dd671eb77f5b53;[];film baru di bioskop bagus ga
1939;232;11-50;1719259.0;text;;[];False;False;67dd671eb77f5b53;[];adek gw masuk sma tahun ini
1940;232;11-50;1719499.0;text;1936.0;[];True;False;429a8a88c0d72b74;[];kenapa ga bales chat gw?
1941;232;11-50;1720297.0;text;;[];False;False;f8334cd35571ac09;[];gw kangen masakan rumah
1942;233;0;1721728.0;application/pdf;;[];False;False;f8334cd35571ac09;[];[Dokumen PDF]
1943;233;11-50;1722095.0;text;;[];True;False;429a8a88c0d72b74;[];boleh gw ikut ga?
1944;233;11-50;1722104.0;text;;[];False;False;da338bd7da5a29bc;[];Warteg depan kampus enak.
1945;233;1-10;1722343.0;text;;[];False;False;f8334cd35571ac09;[];sabi
1946;233;1-10;1722347.0;text;;[];False;False;f8334cd35571ac09;[];tuh
1947;233;11-50;1723362.0;text;;[];True;False;efb56404cf0b8a36;[];boleh gw ikut ga?
1948;233;11-50;1723419.0;text;;[];False;False;429a8a88c0d72b74;[];dosen pembimbing susah ditemui
1949;233;51-100;1723450.0;text;;[];False;False;efb56404cf0b8a36;[];kemarin gw,,, ke toko,,, buku beli novel baru sama buku referensi buat skripsi
1950;233;1-10;1724158.0;text;;[];False;False;da338bd7da5a29bc;[];Tuh.
1951;233;11-50;1724424.0;text;1950.0;[];False;False;34c758c0752f2ad6;[];tugas kelompok bikin pusing!!
1952;233;11-50;1724444.0;text;;[];False;False;34c758c0752f2ad6;[];sidang minggu depan doain ya!!!
1953;233;11-50;1726934.0;text;;[];False;False;f8334cd35571ac09;[];lu udah makan blm
1954;234;51-100;1730394.0;text;;[];True;False;f8334cd35571ac09;[];eh lu udah dapet info jadwal ujian akhir semester blm dr prodi?
1955;234;11-50;1730492.0;text;;[];False;False;efb56404cf0b8a36;[];gw lg ngerjain tugas,,, nih
1956;234;51-100;1730513.0;text;;[];True;False;efb56404cf0b8a36;[];eh lu udah dapet info jadwal ujian akhir semester belum dari prodi?,,,
1957;234;51-100;1730531.0;text;;[];False;False;da338bd7da5a29bc;[];Eh besok kita jadi ketemuan di kafe deket stasiun kan ya jam 2 siang.
1958;234;1-10;1730555.0;text;;[];False;False;429a8a88c0d72b74;[];iya
1959;234;1-10;1730984.0;text;;[];False;False;f8334cd35571ac09;[];hehe
1960;235;11-50;1731815.0;text;;[];True;False;f8334cd35571ac09;[];boleh gw ikut ga?
1961;235;11-50;1731844.0;text;;[];False;False;1e9822711688fba3;[];tugas kelompok bikin pusing,,,
1962;235;51-100;1731873.0;text;;[];False;False;f8334cd35571ac09;[];kemarin gw ke toko buku beli novel baru sm buku referensi buat skripsi
1963;235;51-100;1731886.0;text;;[];False;False;1e9822711688fba3;[];kemarin gw ke toko buku beli novel baru sama buku referensi buat skripsi
1964;235;51-100;1731894.0;text;;[];False;False;1e9822711688fba3;[];gw lagi,,, mikirin mau ambil magang di perusahaan mana buat semester depan,,,
1965;235;51-100;1731905.0;text;;[];False;False;1e9822711688fba3;[];jangan lupa besok kumpul,,, di lobby,,, kampus jam 8 pagi buat berangkat,,, bareng
1966;235;51-100;1731925.0;text;;[];False;False;1e9822711688fba3;[];kosan gw bocor lagi pas hujan semalam, kasur gw basah semua parah banget
1967;235;51-100;1735478.0;text;;[];True;False;5b84a0355e8e6fc8;[];menurut lu gw harus ambil mata kuliah pilihan yang mana semester depan?
1968;235;51-100;1738437.0;text;;[];False;False;da338bd7da5a29bc;[];Kosan gw bocor lagi pas hujan semalam, kasur gw basah semua parah banget.
1969;235;11-50;1738636.0;text;;[];True;False;efb56404cf0b8a36;[];gimana kabar lu sekarang?,,,
1970;235;1-10;1738665.0;text;1879.0;[];False;False;efb56404cf0b8a36;[];tuh
1971;235;51-100;1739161.0;text;;[];False;False;67dd671eb77f5b53;[];kosan gw bocor lagi pas hujan semalam, kasur gw basah semua parah banget
1972;235;11-50;1739198.0;text;;[];False;False;5b84a0355e8e6fc8;[];warteg depan kampus enak
1973;235;11-50;1739205.0;text;;[];False;False;5b84a0355e8e6fc8;[];sidang minggu depan doain ya
1974;235;51-100;1739270.0;text;;[];False;False;429a8a88c0d72b74;[];gw lagi mikirin mau ambil magang di perusahaan mana buat semester depan
1975;235;11-50;1739276.0;text;;[];False;False;429a8a88c0d72b74;[];mie ayam pak kumis juara sih
1976;235;51-100;1739289.0;text;;[];False;False;b1a879cfa170b5d6;[];GW UDAH BIKIN SLIDES PRESENTASI TAPI KAYAKNYA MASIH KURANG BAGUS DEH ISINYA
1977;235;51-100;1739413.0;text;;[];False;False;67bd5da43f6b0e96;[];gw udah bikin slides presentasi tapi kayaknya masih kurang bagus deh isinya
1978;235;0;1739762.0;image/jpeg;;[];False;False;67bd5da43f6b0e96;[];[Foto]
1979;235;51-100;1739947.0;text;;[];False;False;67bd5da43f6b0e96;[];kemarin gw ke toko buku beli novel baru sama buku referensi buat... skripsi
1980;235;11-50;1740218.0;text;;[];False;False;429a8a88c0d72b74;['67bd5da43f6b0e96'];gw baru aja dari kampus
1981;235;11-50;1740273.0;text;;[];False;False;67bd5da43f6b0e96;[];mie ayam pak kumis juara... sih
1982;235;101-500;1740378.0;text;;[];False;False;67bd5da43f6b0e96;[];gw lagi galau banget nih soal masa depan. mau... lanjut S2 tapi duit ga ada,... mau... langsung kerja tapi pengalaman masih minim. nyokap bilang... terserah gw aja tapi gw tau dia pengen... gw cepet kerja biar bisa bantu ekonomi keluarga. bingung banget sih, kayak semua pilihan ada plus minusnya
1983;235;11-50;1740871.0;text;;[];False;True;520579885d41181b;[];keren abis presentasinya!
1984;235;11-50;1740886.0;text;;[];False;False;520579885d41181b;[];lu udah makannnn belum
1985;235;11-50;1743249.0;text;;['😅'];False;False;da338bd7da5a29bc;[];Mie ayam pak kumis juara sih.
1986;235;11-50;1743515.0;text;;['😂'];False;False;f8334cd35571ac09;[];tugas kelompok bikin pusing
1987;235;11-50;1743829.0;image/jpeg;;['😩'];False;False;520579885d41181b;[];[Foto]
1988;235;0;1744109.0;image/jpeg;;[];False;False;520579885d41181b;[];[Foto]
1989;235;0;1744927.0;unknown;;[];False;False;bc6dfeff63215c29;[];[Media tidak dikenal]
1990;235;11-50;1745893.0;text;;[];False;False;da338bd7da5a29bc;['67dd671eb77f5b53'];Seminar tadi lama banget.
1991;235;11-50;1746159.0;text;;[];False;False;67dd671eb77f5b53;[];seminar tadi lama banget
1992;235;11-50;1746165.0;text;;[];True;False;67dd671eb77f5b53;[];ntar malem ngapain?
1993;235;11-50;1746189.0;text;;[];False;False;67dd671eb77f5b53;[];sidang minggu depan doain ya
1994;235;11-50;1746197.0;text;;[];True;False;da338bd7da5a29bc;[];gimana kabar lu sekarang?
1995;235;11-50;1746200.0;text;;[];False;False;da338bd7da5a29bc;[];Seminar tadi lama banget.
1996;235;1-10;1746881.0;text;;[];False;False;67dd671eb77f5b53;[];tuh
1997;235;1-10;1746885.0;text;;[];False;False;67dd671eb77f5b53;[];nih
1998;235;11-50;1746887.0;text;;[];True;False;67dd671eb77f5b53;[];boleh gw ikut ga?
1999;235;11-50;1746907.0;text;;[];False;False;67dd671eb77f5b53;[];sidang minggu depan doain ya
2000;235;1-10;1746927.0;text;;[];False;False;da338bd7da5a29bc;[];Asli.
2001;235;1-10;1746928.0;text;;[];False;False;da338bd7da5a29bc;[];Gpp.
2002;236;11-50;1754268.0;text;;[];True;False;f8334cd35571ac09;[];ad sinyal ga disitu?
2003;236;11-50;1754273.0;text;;[];True;False;f8334cd35571ac09;[];ad sinyal ga disitu?
2004;237;11-50;1761030.0;text;;['😂'];False;False;f8334cd35571ac09;[];bokap gw lg di luar kota
2005;237;1-10;1761044.0;text;;[];False;False;b1a879cfa170b5d6;[];HAYUK
2006;237;11-50;1761124.0;text;;[];False;False;67dd671eb77f5b53;[];keluarga ngumpul lebaran nanti
2007;237;51-100;1761175.0;text;;[];True;False;f8334cd35571ac09;[];siapa sih yg spread gosip tu ke grup sebelah, tau ga orangnya?
2008;237;51-100;1761190.0;text;;[];False;False;bc6dfeff63215c29;[];GW NONTON FILM DOKUMENTER SEMALAM TENTANG LAUT DAN IKAN, BAGUS BANGET
2009;237;51-100;1761215.0;text;;[];False;False;bc6dfeff63215c29;[];ADEK GW MAU MASUK KULIAH TAHUN DEPAN GW HARUS BANTU CARIIN INFO JURUSAN
2010;237;1-10;1761221.0;text;;['😅'];False;False;bc6dfeff63215c29;[];NICE
2011;237;0;1761265.0;sticker/webp;;[];False;False;bc6dfeff63215c29;[];[Stiker]
2012;237;101-500;1763865.0;text;;[];False;False;67bd5da43f6b0e96;[];gw pengen curhat sedikit nih. akhir... akhir ini gw ngerasa burnout banget sama rutinitas kuliah yang... itu itu... aja. bangun... pagi, kuliah, tugas, tidur, repeat. kadang gw ngerasa kayak robot yang cuma jalan sesuai program tanpa tau tujuan akhirnya apa. mungkin gw butuh liburan beneran buat refresh otak
2013;237;11-50;1763892.0;text;;['👏🏼'];False;False;f8334cd35571ac09;[];mama minta gw pulang weekend
2014;237;11-50;1763919.0;text;;[];False;False;f8334cd35571ac09;[];gw baru aja ketemu mantan
2015;237;11-50;1763933.0;text;;[];False;False;f8334cd35571ac09;[];bokap gw lg di luar kota
2016;237;1-10;1763936.0;text;;['🦐'];False;False;f8334cd35571ac09;[];pasti
2017;237;101-500;1763939.0;text;;[];False;False;f8334cd35571ac09;[];gw pengen curhat sedikit nih. akhir akhir ni gw ngerasa burnout bgt sm rutinitas kuliah yg tu tu aja. bangun pagi, kuliah, tugas, tidur, repeat. kadang gw ngerasa kyk robot yg cuma jalan sesuai program tanpa tau tujuan akhirnya apa. mgkn gw butuh liburan beneran buat refresh otak
2018;237;11-50;1763961.0;text;;['😂'];False;False;f8334cd35571ac09;[];film baru di bioskop bagus ga
2019;237;51-100;1763989.0;text;;[];False;False;da338bd7da5a29bc;[];Tadi pagi gw olahraga lari keliling kampus 5 putaran badan pegel semua.
2020;237;1-10;1764002.0;text;;[];False;False;f8334cd35571ac09;[];mager
2021;237;51-100;1764022.0;text;;['🥴', '😂'];False;False;f8334cd35571ac09;[];besok ad bazaar di kampus katanya banyak makanan murah, pada ikut ga
2022;237;11-50;1764032.0;text;;[];False;False;bc6dfeff63215c29;[];FILM BARU DI BIOSKOP BAGUS GA
2023;237;101-500;1764054.0;text;;[];False;False;da338bd7da5a29bc;[];Gw pengen curhat sedikit nih. akhir akhir ini gw ngerasa burnout banget sama rutinitas kuliah yang itu itu aja. bangun pagi, kuliah, tugas, tidur, repeat. kadang gw ngerasa kayak robot yang cuma jalan sesuai program tanpa tau tujuan akhirnya apa. mungkin gw butuh liburan beneran buat refresh otak.
2024;237;11-50;1764366.0;text;;['🤣', '👏'];False;True;67bd5da43f6b0e96;[];ngakak gw liat video itu!
2025;237;11-50;1765304.0;text;;['😂'];False;False;f8334cd35571ac09;[];gw kangen masakan rumah
2026;238;51-100;1798558.0;text;;[];True;False;f8334cd35571ac09;[];gmn caranya biar bs fokus belajar tanpa main hp terus ya?
2027;238;51-100;1798567.0;text;;[];False;False;f8334cd35571ac09;[];gw lg nyoba masak rendang resep nyokap tp kayaknya gagal total deh
2028;238;11-50;1798581.0;text;;[];False;False;34c758c0752f2ad6;[];bsk sore ada waktu ga!!!
2029;238;11-50;1798583.0;text;;[];False;False;429a8a88c0d72b74;[];ketemuan di mall jam 3 ya
2030;238;11-50;1798590.0;text;;[];False;False;34c758c0752f2ad6;[];gw ngga bisa ikut malem ini!!!
2031;238;0;1799041.0;image/jpeg;;[];False;False;f8334cd35571ac09;[];[Foto]
2032;238;11-50;1799050.0;text;;[];False;False;f8334cd35571ac09;[];gw naik ojol aja deh
2033;238;1-10;1799054.0;text;;['😂'];False;False;f8334cd35571ac09;[];hoo
2034;238;11-50;1800290.0;text;;[];False;False;67dd671eb77f5b53;[];rame banget disini cuy
2035;238;11-50;1800294.0;text;;[];False;False;67dd671eb77f5b53;[];gw udah di parkiran nih
2036;238;11-50;1801332.0;text;;[];False;False;f8334cd35571ac09;[];gw ngga bs ikut malem ni
2037;238;1-10;1801343.0;text;;['🥴'];False;False;f8334cd35571ac09;[];ooh
2038;238;11-50;1801934.0;text;;[];False;False;67dd671eb77f5b53;[];gw naik ojol aja deh
2039;238;11-50;1801964.0;text;;[];False;False;67dd671eb77f5b53;[];jangan lupa bawa duit cash
2040;238;11-50;1801974.0;text;;[];False;False;67dd671eb77f5b53;[];kita ketemuan dimana aja deh
2041;238;1-10;1801981.0;text;;[];False;False;67dd671eb77f5b53;[];mah
2042;238;51-100;1801993.0;text;;[];False;False;67dd671eb77f5b53;[];temen sekamar gw pindah kosan jadi sekarang gw sendirian di kamar
2043;238;11-50;1802009.0;text;;['🤷🏻\u200d♂️'];False;False;67dd671eb77f5b53;[];rame banget disini cuy
2044;238;1-10;1802158.0;text;;[];False;False;f8334cd35571ac09;[];hoo
2045;238;101-500;1802885.0;text;;[];False;False;429a8a88c0d72b74;[];gw baru aja beres beresin kosan dan nemu barang barang lama dari jaman SMA. ada foto kelas, surat dari mantan, sama buku diary yang isinya cringe banget kalo dibaca sekarang. jadi nostalgia sendiri inget masa masa dulu yang lebih sederhana. kadang kangen juga sih jadi anak SMA lagi tanpa mikirin skripsi
2046;238;11-50;1806478.0;text;;[];False;False;67dd671eb77f5b53;[];gw udah di parkiran nih
2047;238;101-500;1807365.0;text;;[];False;False;67bd5da43f6b0e96;[];gw baru aja... beres beresin kosan dan nemu barang barang lama dari jaman SMA. ada foto kelas, surat dari mantan,... sama buku diary yang... isinya cringe banget kalo dibaca sekarang.... jadi nostalgia... sendiri inget masa masa... dulu yang lebih sederhana.... kadang kangen juga sih jadi anak SMA lagi tanpa mikirin skripsi
2048;238;101-500;1808497.0;text;;['😂'];False;False;a0c0c0fcf00e254f;[];gw baru aja beres beresin kosan dan nemu barang barang lama dari jaman sma. ada foto kelas, surat dari mantan, sama buku diary yang isinya cringe banget kalo dibaca sekarang. jadi nostalgia sendiri inget masa masa dulu yang lebih sederhana. kadang kangen juga sih jadi anak sma lagi tanpa mikirin skripsi
2049;238;101-500;1808557.0;text;;[];False;False;a0c0c0fcf00e254f;[];gw baru aja beres beresin kosan dan nemu barang barang lama dari jaman sma. ada foto kelas, surat dari mantan, sama buku diary yang isinya cringe banget kalo dibaca sekarang. jadi nostalgia sendiri inget masa masa dulu yang lebih sederhana. kadang kangen juga sih jadi anak sma lagi tanpa mikirin skripsi
2050;238;51-100;1808684.0;text;;[];False;False;da338bd7da5a29bc;[];Gw lagi nyoba masak rendang resep nyokap tapi kayaknya gagal total deh.
2051;239;11-50;1816253.0;text;;[];False;False;efb56404cf0b8a36;[];tadi absen ga sih kamu
2052;239;1-10;1818548.0;text;;[];True;False;f8334cd35571ac09;[];siapa?
2053;240;51-100;1823552.0;text;;[];False;False;efb56404cf0b8a36;[];nyokap gw,,, nelfon tadi nanyain kapan,,, pulang, gw,,, bilang aja abis ujian
2054;240;11-50;1823567.0;text;;[];False;False;efb56404cf0b8a36;[];matkul ini susah banget
2055;240;51-100;1824961.0;text;;[];False;False;67dd671eb77f5b53;[];gw denger katanya semester depan ada mata kuliah baru yang wajib diambil
2056;240;11-50;1824980.0;text;;[];False;False;34c758c0752f2ad6;[];eh tadi kelas seru banget!!!
2057;240;11-50;1824981.0;text;;[];False;False;34c758c0752f2ad6;[];deadline besok pagi bro!!!
2058;240;0;1824987.0;sticker/webp;;[];False;False;34c758c0752f2ad6;[];[Stiker]
2059;240;11-50;1824998.0;text;2057.0;[];True;False;5b84a0355e8e6fc8;[];siapa yang mau ikut?
2060;240;1-10;1825099.0;text;;[];False;False;34c758c0752f2ad6;[];iya!!!
2061;240;0;1825101.0;sticker/webp;;[];False;False;34c758c0752f2ad6;[];[Stiker]
2062;240;51-100;1826735.0;text;;[];True;False;da338bd7da5a29bc;[];eh lu udah dapet info jadwal ujian akhir semester belum dari prodi?
2063;240;51-100;1826758.0;text;;['😂'];False;False;da338bd7da5a29bc;[];Eh besok kita jadi ketemuan di kafe deket stasiun kan ya jam 2 siang.
2064;240;1-10;1826780.0;text;;['😂'];False;False;34c758c0752f2ad6;[];haha!!!
2065;240;11-50;1826839.0;text;;[];False;False;429a8a88c0d72b74;[];lab komputer penuh terus
2066;240;1-10;1828484.0;text;;[];False;False;f8334cd35571ac09;[];iya
2067;240;11-50;1828485.0;text;;[];False;False;f8334cd35571ac09;[];tadi absen ga sih km
2068;240;11-50;1828503.0;text;;[];False;False;f8334cd35571ac09;[];eh tadi kelas seru bgt
2069;240;11-50;1828514.0;text;;['😅'];False;False;f8334cd35571ac09;[];deadline besok pagi bro
2070;240;11-50;1829078.0;text;;[];True;False;1e9822711688fba3;[];lu dimana sekarang?
2071;240;1-10;1829183.0;text;;[];False;False;67dd671eb77f5b53;[];iya
2072;240;11-50;1829227.0;image/jpeg;;[];True;False;429a8a88c0d72b74;[];[Foto]
2073;240;11-50;1829548.0;text;;[];False;False;da338bd7da5a29bc;[];Dosen gw galak banget sih.
2074;240;101-500;1829584.0;text;;[];False;False;67bd5da43f6b0e96;[];jadi ceritanya kemarin... gw ke perpustakaan pusat buat nyari bahan referensi skripsi, ternyata bukunya udah... dipinjem semua sama... anak angkatan... sebelah. akhirnya gw cuma bisa fotokopi dari temen yang kebetulan punya. lumayan lah daripada ga dapet sama sekali, tinggal di... rangkum aja... sisanya
2075;240;11-50;1829603.0;text;;[];True;False;da338bd7da5a29bc;[];tugas dikumpul kapan sih?
2076;240;51-100;1829608.0;text;;[];False;False;429a8a88c0d72b74;[];gw denger katanya semester depan ada mata kuliah baru yang wajib diambil
2077;240;51-100;1829613.0;text;;[];True;False;67bd5da43f6b0e96;[];eh lu udah dapet info jadwal ujian akhir semester belum dari prodi?...
2078;240;11-50;1829626.0;text;;[];False;False;429a8a88c0d72b74;[];eh tadi kelas seru banget
2079;240;101-500;1829716.0;text;;[];True;False;67bd5da43f6b0e96;[];eh ada yang punya rekomendasi laptop budget 5 jutaan yang bagus buat kuliah dan ngoding... ga?... laptop gw... yang sekarang udah mulai lemot dan sering ngehang kalo buka banyak tab. pengennya sih... yang ringan buat dibawa... ke kampus tapi tetep... kenceng performanya,... ada saran?
2080;240;11-50;1829798.0;text;;[];True;False;429a8a88c0d72b74;[];tugas dikumpul kapan sih?
2081;240;11-50;1829835.0;text;;['😂'];True;False;1e9822711688fba3;[];jadi ketemuan ga hari ini?
2082;240;51-100;1829845.0;text;;[];False;False;429a8a88c0d72b74;[];gw denger katanya semester depan ada mata kuliah baru yang wajib diambil
2083;240;11-50;1829962.0;text;;[];False;False;da338bd7da5a29bc;[];Presentasi gw amburadul.
2084;240;11-50;1829972.0;text;;[];False;False;429a8a88c0d72b74;[];perpus tutup jam berapa ya
2085;240;11-50;1829979.0;text;;[];False;False;da338bd7da5a29bc;[];Eh tadi kelas seru banget.
2086;240;11-50;1829983.0;text;;[];False;False;da338bd7da5a29bc;[];Gw lg ngerjain tugas nih.
2087;240;101-500;1830479.0;text;;[];False;False;429a8a88c0d72b74;[];jadi ceritanya kemarin gw ke perpustakaan pusat buat nyari bahan referensi skripsi, ternyata bukunya udah dipinjem semua sama anak angkatan sebelah. akhirnya gw cuma bisa fotokopi dari temen yang kebetulan punya. lumayan lah daripada ga dapet sama sekali, tinggal di rangkum aja sisanya
2088;240;0;1830570.0;image/jpeg;2087.0;[];False;False;67dd671eb77f5b53;[];[Foto]
2089;240;11-50;1830587.0;application/pdf;;[];False;False;429a8a88c0d72b74;[];[Dokumen PDF]
2090;240;11-50;1830617.0;text;;[];False;False;429a8a88c0d72b74;[];eh tadi kelas seru banget
2091;240;11-50;1831163.0;image/jpeg;;[];True;False;90c1a2bcc4328640;[];[Foto]
2092;240;11-50;1831191.0;text;;[];False;False;da338bd7da5a29bc;[];Eh tadi kelas seru banget.
2093;240;51-100;1831200.0;text;;[];False;False;da338bd7da5a29bc;[];Gw baru aja selesai ngerjain tugas sampe jam 3 pagi, mau mati rasanya.
2094;240;11-50;1831227.0;text;;[];False;False;90c1a2bcc4328640;[];gw lg ngerjain tugas nih
2095;240;1-10;1831285.0;image/jpeg;;[];True;False;90c1a2bcc4328640;[];[Foto]
2096;240;1-10;1831309.0;text;;[];False;False;da338bd7da5a29bc;[];Hehe.
2097;240;11-50;1831353.0;text;;['🤔'];True;False;90c1a2bcc4328640;[];lu dimanaaa sekarang?
2098;240;101-500;1831417.0;text;;[];False;False;da338bd7da5a29bc;[];Jadi ceritanya kemarin gw ke perpustakaan pusat buat nyari bahan referensi skripsi, ternyata bukunya udah dipinjem semua sama anak angkatan sebelah. akhirnya gw cuma bisa fotokopi dari temen yang kebetulan punya. lumayan lah daripada ga dapet sama sekali, tinggal di rangkum aja sisanya.
2099;240;51-100;1831777.0;text;;['😂'];False;False;90c1a2bcc4328640;[];eh besok kita jadii ketemuannnn di kafeeee deket stasiun kan ya jam 2 siang
2100;240;101-500;1831813.0;text;;[];True;False;90c1a2bcc4328640;[];guys ada yang tauu ga sih kenapa sistem registrasi online kampus seringggg banget error pas masa pengisian krs? tiapp semesterrrr selalu gituu bikin stres, mana harussss rebutan mata kuliahhhh yang kuotanya dikitt bangett lagi. apa emang servernya ga kuat ya nampung banyakk mahasiswaa sekaligus?
2101;240;0;1832169.0;application/pdf;;[];False;False;67bd5da43f6b0e96;[];[Dokumen PDF]
2102;240;101-500;1832235.0;text;;[];True;False;b1a879cfa170b5d6;[];GW LAGI BIMBANG NIH ANTARA MAU IKUT ORGANISASI KAMPUS ATAU FOKUS KE AKADEMIK AJA. MENURUT KALIAN GIMANA SIH, WORTH IT GA SIH IKUT ORGANISASI? SOALNYA GW DENGER BANYAK YANG BILANG BISA NAMBAH SOFT SKILL TAPI DI SISI LAIN WAKTU BUAT BELAJAR JADI BERKURANG KAN, GIMANA PENGALAMAN KALIAN?
2103;240;11-50;1832251.0;text;;[];False;False;67dd671eb77f5b53;[];perpus tutup jam berapa ya
2104;240;0;1832337.0;audio;;[];False;False;b1a879cfa170b5d6;[];[Voice Note]
2105;240;11-50;1832425.0;text;;[];False;True;90c1a2bcc4328640;[];mantapp banget hasilnya!
2106;240;51-100;1834256.0;text;;[];False;False;bc6dfeff63215c29;[];EH BESOK KITA JADI KETEMUAN DI KAFE DEKET STASIUN KAN YA JAM 2 SIANG
2107;241;11-50;1852632.0;text;;[];False;False;f8334cd35571ac09;[];gw mau ambil cuti semester
2108;241;0;1852742.0;application/pdf;;[];False;False;da338bd7da5a29bc;[];[Dokumen PDF]
2109;241;11-50;1852845.0;text;;[];False;False;34c758c0752f2ad6;[];warteg depan kampus enak!!!
2110;241;11-50;1852904.0;text;2109.0;[];False;False;da338bd7da5a29bc;[];Proposal skripsi gw ditolak.
2111;241;51-100;1852920.0;text;;[];False;False;da338bd7da5a29bc;[];Jangan lupa besok kumpul di lobby kampus jam 8 pagi buat berangkat bareng.
2112;241;11-50;1852937.0;text;;[];False;False;34c758c0752f2ad6;[];gw baru aja dari kampus!!
2113;241;11-50;1852993.0;text;;[];False;False;429a8a88c0d72b74;[];mie ayam pak kumis juara sih
2114;242;11-50;1903746.0;image/jpeg;;[];True;False;90c1a2bcc4328640;[];[Foto]
2115;242;11-50;1903808.0;text;;[];False;False;429a8a88c0d72b74;[];rame banget disini cuy
2116;242;11-50;1903838.0;text;;[];False;False;90c1a2bcc4328640;[];gw nggaaa bisa ikut malemm ini
2117;242;11-50;1903855.0;text;;[];False;False;429a8a88c0d72b74;[];macet parah di jalan tol
2118;242;11-50;1903888.0;text;;[];False;False;f8334cd35571ac09;[];bsk sore ad waktu ga
2119;242;11-50;1903912.0;text;;[];False;False;90c1a2bcc4328640;[];gw ngga bisa ikut malem ini
2120;242;11-50;1903936.0;text;2119.0;[];False;False;429a8a88c0d72b74;[];kita ketemuan dimana aja deh
2121;242;51-100;1903944.0;text;;[];False;False;f8334cd35571ac09;[];temen sekamar gw pindah kosan jadi skrg gw sendirian di kamar
2122;242;1-10;1903957.0;text;;['😂'];False;False;f8334cd35571ac09;[];ahh
2123;242;11-50;1903967.0;text;;['👀'];True;False;90c1a2bcc4328640;[];ada yg mauuuu bareng?
2124;242;11-50;1903992.0;text;;[];True;False;bc6dfeff63215c29;[];WIFI PASSWORD NYA APA SIH?
2125;242;1-10;1904029.0;text;;['😂'];False;False;f8334cd35571ac09;[];kan
2126;242;11-50;1904763.0;text;;[];False;False;429a8a88c0d72b74;[];lu dimana sih lama banget
2127;242;1-10;1905410.0;text;;['🤣'];False;False;bc6dfeff63215c29;[];YAA
2128;243;11-50;1927158.0;text;;[];False;False;a0c0c0fcf00e254f;[];gw baru ganti nomor btw
2129;243;11-50;1928142.0;text;;[];False;False;1e9822711688fba3;[];wifi kampus lemot parah,,,
2130;243;11-50;1930820.0;text;;[];False;False;b1a879cfa170b5d6;[];GW LG SIBUK BGT MINGGU INI
2131;243;11-50;1930950.0;text;;[];False;False;b1a879cfa170b5d6;[];GW LG SIBUK BGT MINGGU INI
2132;243;1-10;1931014.0;image/jpeg;;[];False;False;a0c0c0fcf00e254f;[];[Foto]
2133;243;1-10;1931422.0;text;;[];False;False;b1a879cfa170b5d6;[];SEEP
2134;244;11-50;1975226.0;image/jpeg;;[];False;False;429a8a88c0d72b74;[];[Foto]
2135;244;101-500;1975291.0;text;;[];False;False;da338bd7da5a29bc;[];Gw baru aja beres beresin kosan dan nemu barang barang lama dari jaman SMA. ada foto kelas, surat dari mantan, sama buku diary yang isinya cringe banget kalo dibaca sekarang. jadi nostalgia sendiri inget masa masa dulu yang lebih sederhana. kadang kangen juga sih jadi anak SMA lagi tanpa mikirin skripsi.
2136;244;0;1975302.0;sticker/webp;;[];False;False;34c758c0752f2ad6;[];[Stiker]
2137;244;51-100;1975311.0;text;;[];False;False;da338bd7da5a29bc;[];Kemarin malem gw begadang nonton bola sampe subuh terus ketiduran.
2138;244;51-100;1975642.0;text;;['😂'];False;False;429a8a88c0d72b74;[];gw harus nabung lebih banyak sih buat bayar uang semester yang naik
2139;244;11-50;1975798.0;text;;[];True;False;f8334cd35571ac09;[];makan apa ntar siang?
2140;244;11-50;1975873.0;text;;[];False;False;429a8a88c0d72b74;[];kita ketemuan dimana aja deh
2141;244;11-50;1975913.0;text;;[];False;False;429a8a88c0d72b74;[];macet parah di jalan tol
2142;244;1-10;1976104.0;text;;['😂'];False;False;f8334cd35571ac09;[];wah
2143;244;11-50;1976121.0;text;;[];False;False;f8334cd35571ac09;[];macet parah di jalan tol
2144;244;101-500;1976214.0;text;;[];False;False;f8334cd35571ac09;[];gw baru aja beres beresin kosan dan nemu barang barang lama dr jaman sma. ad foto kelas, surat dr mantan, sm buku diary yg isinya cringe bgt kalo dibaca skrg. jadi nostalgia sendiri inget masa masa dulu yg lebih sederhana. kadang kangen jg sih jadi anak sma lg tanpa mikirin skripsi
2145;244;1-10;1977569.0;text;;['🤣'];False;False;bc6dfeff63215c29;[];DEH
2146;244;51-100;1980610.0;text;;[];True;False;efb56404cf0b8a36;[];gimana caranya biar bisa fokus belajar tanpa main hp terus ya?
2147;244;101-500;1980626.0;text;;[];False;False;efb56404cf0b8a36;[];gw baru aja,,, beres beresin kosan dan nemu barang barang lama dari jaman sma.,,, ada foto kelas, surat dari mantan,,,, sama buku diary yang,,, isinya cringe banget kalo dibaca sekarang. jadi nostalgia sendiri inget masa masa dulu yang lebih sederhana. kadang kangen juga sih jadi anak sma lagi tanpa mikirin skripsi
2148;244;11-50;1980787.0;text;;[];False;False;34c758c0752f2ad6;[];bsk sore ada waktu ga!!
2149;244;11-50;1980898.0;text;;[];False;False;429a8a88c0d72b74;[];bsk sore ada waktu ga
2150;245;51-100;2004183.0;text;;[];True;True;952659779523cd55;[];menurut lu gw hrs ambil mata kuliah pilihan... yg... mana semester depan?
2151;245;11-50;2004233.0;text;;[];False;False;bc6dfeff63215c29;[];SEMINAR TADI LAMA BANGET
2152;245;51-100;2004387.0;text;;[];False;False;67dd671eb77f5b53;[];gw lagi mikirin mau ambil magang di perusahaan mana buat semester depan
2153;245;11-50;2004387.0;text;;[];False;False;67dd671eb77f5b53;[];warteg depan kampus enak
2154;245;51-100;2004408.0;text;;[];False;False;67dd671eb77f5b53;[];kemarin gw ke toko buku beli novel baru sama buku referensi buat skripsi
2155;245;11-50;2004421.0;text;;[];False;False;67dd671eb77f5b53;[];gw laper banget nih
2156;245;11-50;2004584.0;text;;[];False;False;bc6dfeff63215c29;[];LU UDAH MAKAN BELUM
2157;246;11-50;2006160.0;text;;[];False;False;bc6dfeff63215c29;[];PERTANDINGAN BOLA TADI MALAM GILA
2158;246;51-100;2006249.0;text;;[];False;False;bc6dfeff63215c29;[];DOSEN KILLER ITU TERNYATA BAIK BANGET ORANGNYA KALO DIAJAK NGOBROL SANTAI
2159;246;11-50;2006707.0;text;;[];False;False;34c758c0752f2ad6;[];pertandingan bola tadi malam gila!!!
2160;247;11-50;2009117.0;image/jpeg;;[];False;True;67bd5da43f6b0e96;[];[Foto]
2161;247;11-50;2010665.0;text;;[];True;False;952659779523cd55;[];udah sampe belom?...
2162;247;11-50;2010690.0;text;;[];False;False;952659779523cd55;[];tadi gw makan nasi padang
2163;247;51-100;2012345.0;text;;['🥳'];True;False;bc6dfeff63215c29;[];ADA YANG TAU KENAPA KANTIN KAMPUS TUTUP LEBIH AWAL HARI INI GA SIH?
2164;248;51-100;2082098.0;text;;[];False;False;34c758c0752f2ad6;[];laptop gw mulai lemot nih kayaknya harus install ulang atau ganti RAM!!
2165;248;11-50;2082827.0;text;;[];False;False;67dd671eb77f5b53;[];charger hp gw rusak lagi
2166;248;11-50;2082838.0;text;;[];False;False;67dd671eb77f5b53;[];gw baru ganti nomor btw
2167;248;1-10;2083118.0;text;;[];False;False;34c758c0752f2ad6;[];seep!!
2168;248;11-50;2084868.0;text;;['😂'];False;False;520579885d41181b;[];dompet gw ketinggalan di rumah
2169;248;11-50;2085759.0;text;;[];False;False;da338bd7da5a29bc;[];Bentar ya gw lg di jalan.
2170;248;11-50;2085767.0;text;;[];False;False;da338bd7da5a29bc;[];Cuaca hari ini panas banget.
2171;248;0;2086145.0;sticker/webp;;[];False;False;520579885d41181b;[];[Stiker]
2172;249;0;2150374.0;system;;[];False;False;59160f1538419f16;[];[Pesan sistem]
2173;249;11-50;2167656.0;text;;[];True;False;429a8a88c0d72b74;[];kapan terakhir kali ketemu?
2174;249;1-10;2167922.0;text;;[];False;False;da338bd7da5a29bc;[];Trus.
2175;249;11-50;2167945.0;text;;[];False;False;34c758c0752f2ad6;[];angkot ke sana masih ada ga!!
2176;249;1-10;2168909.0;text;;[];False;False;f8334cd35571ac09;[];udah
2177;249;11-50;2168913.0;text;;[];False;False;f8334cd35571ac09;[];temenin gw dong besok
2178;250;11-50;2321262.0;text;;[];False;False;f8334cd35571ac09;[];deadline besok pagi bro
2179;250;51-100;2321265.0;text;;[];True;False;f8334cd35571ac09;[];eh lu udah dapet info jadwal ujian akhir semester blm dr prodi?
2180;251;11-50;2363216.0;text;;[];False;False;f8334cd35571ac09;[];masak sendiri lebih hemat sih
2181;251;1-10;2363222.0;text;;['😂'];False;False;f8334cd35571ac09;[];cuy
2182;251;11-50;2363226.0;text;;[];True;False;f8334cd35571ac09;[];tu beneran apa hoax?
2183;251;11-50;2363229.0;text;;[];False;False;429a8a88c0d72b74;[];nongkrong yuk di kafe biasa
2184;251;11-50;2363333.0;text;;[];False;False;1e9822711688fba3;[];tadi gw makan nasi,,, padang
2185;251;11-50;2363337.0;text;;['👌🏻'];False;False;1e9822711688fba3;[];gw mau nyoba restoran baru
2186;251;11-50;2363338.0;text;;[];False;False;1e9822711688fba3;[];masak sendiri lebih hemat sih
2187;251;1-10;2363391.0;text;;[];True;False;34c758c0752f2ad6;[];kok!!!
2188;251;11-50;2363399.0;text;;[];False;False;34c758c0752f2ad6;[];tadi gw makan nasi padang!!!
2189;251;11-50;2363425.0;text;;[];False;False;429a8a88c0d72b74;[];kopi susu yg biasa ya
2190;251;11-50;2363434.0;text;;[];False;False;1e9822711688fba3;[];bakso malang itu buka,,, ga ya
2191;251;11-50;2363439.0;text;;[];False;False;1e9822711688fba3;[];nongkrong yuk,,, di kafe,,, biasa
2192;251;11-50;2363451.0;text;;[];False;False;1e9822711688fba3;[];gw mau pesen gofood,,, dulu
2193;251;0;2363558.0;audio;;[];False;False;f8334cd35571ac09;[];[Voice Note]
2194;251;11-50;2363736.0;text;;[];False;False;34c758c0752f2ad6;[];es teh manis satu ya bang!!
2195;251;11-50;2363736.0;text;;[];False;False;34c758c0752f2ad6;[];nongkrong yuk di kafe biasa!!!
2196;251;1-10;2363745.0;text;;['😂'];False;False;34c758c0752f2ad6;[];ayok!!!
2197;251;0;2364002.0;audio;;[];False;False;f8334cd35571ac09;[];[Voice Note]
2198;251;101-500;2364408.0;text;;[];False;False;da338bd7da5a29bc;[];Kemarin malem gw sama temen temen nongkrong di warkop biasa sampe jam 12 malem. kita ngobrol banyak hal dari mulai tugas kuliah, rencana liburan, sampe masalah percintaan. seru sih walau besoknya gw kesiangan masuk kelas pagi dan dosen negur di depan semua orang. malu tapi ya gimana lagi.
2199;251;11-50;2364426.0;text;;[];False;False;1e9822711688fba3;[];tadi gw makan nasi padang
2200;251;11-50;2364430.0;text;;['😅'];False;False;da338bd7da5a29bc;[];Gw mau pesen gofood dulu.
2201;251;51-100;2364447.0;text;;[];False;False;1e9822711688fba3;[];weekend ini gw mau staycation aja,,, di kosan,,, binge watching series baru
2202;251;51-100;2364456.0;text;;[];False;False;da338bd7da5a29bc;[];Tadi di kantin ketemu anak angkatan bawah yang kenal sama temen SMA gw.
2203;251;51-100;2364494.0;text;;[];False;False;1e9822711688fba3;[];gw lagi bingung milih topik skripsi antara dua tema yang,,, sama menariknya
2204;251;51-100;2364507.0;text;;[];False;False;1e9822711688fba3;[];weekend ini gw mau staycation aja,,, di kosan binge watching series baru,,,
2205;251;51-100;2364513.0;text;;[];False;False;1e9822711688fba3;[];gw lagi,,, bingung milih,,, topik skripsi antara dua,,, tema yang sama menariknya
2206;251;11-50;2364610.0;text;;[];False;False;429a8a88c0d72b74;[];masak sendiri lebih hemat sih
2207;251;51-100;2364626.0;text;;[];False;False;429a8a88c0d72b74;[];gw udah download semua materi kuliah tapi belum sempat baca sama sekali
2208;251;11-50;2364699.0;text;;[];False;False;da338bd7da5a29bc;[];Sarapan dulu baru mikir.
2209;251;101-500;2364777.0;text;;[];False;False;429a8a88c0d72b74;[];kemarin malem gw sama temen temen nongkrong di warkop biasa sampe jam 12 malem. kita ngobrol banyak hal dari mulai tugas kuliah, rencana liburan, sampe masalah percintaan. seru sih walau besoknya gw kesiangan masuk kelas pagi dan dosen negur di depan semua orang. malu tapi ya gimana lagi
2210;252;1-10;2492918.0;text;;[];False;True;f8334cd35571ac09;[];mantap!
2211;252;51-100;2492943.0;text;;[];False;False;f8334cd35571ac09;[];gw udah bikin slides presentasi tp kayaknya msh kurang bagus deh isinya
2212;252;51-100;2493789.0;text;;['😅', '👌🏽'];False;False;da338bd7da5a29bc;[];Kosan gw bocor lagi pas hujan semalam, kasur gw basah semua parah banget.
2213;253;11-50;2517267.0;image/jpeg;;[];True;False;f8334cd35571ac09;[];[Foto]
2214;253;11-50;2517691.0;text;;[];False;False;429a8a88c0d72b74;[];game baru udah download belum
2215;253;11-50;2517731.0;text;;[];False;False;34c758c0752f2ad6;[];manga terbaru udah keluar loh!!!
2216;253;11-50;2517837.0;text;;[];False;False;f8334cd35571ac09;[];game baru udah download blm
2217;253;11-50;2517854.0;text;;[];False;False;f8334cd35571ac09;[];gw lg baca novel baru nih
2218;253;11-50;2520829.0;text;;[];True;False;5b84a0355e8e6fc8;[];ada sinyal ga disitu?
2219;253;11-50;2520840.0;text;;[];False;False;5b84a0355e8e6fc8;[];album baru dia enak banget
2220;253;11-50;2520855.0;text;;[];False;False;429a8a88c0d72b74;[];gw abis lari pagi tadi
2221;253;11-50;2520861.0;text;;[];False;False;429a8a88c0d72b74;[];pertandingan bola tadi malam gila
2222;253;11-50;2520879.0;text;;[];False;False;5b84a0355e8e6fc8;[];series itu endingnya zonk bgt
2223;253;51-100;2520907.0;text;;[];False;False;5b84a0355e8e6fc8;[];gw gagal diet lagi soalnya tadi sore diajak makan bakso sama temen
2224;253;11-50;2520928.0;text;;[];False;False;952659779523cd55;[];manga terbaru udah keluar loh
2225;253;51-100;2520928.0;text;;[];False;False;5b84a0355e8e6fc8;[];gw harus ganti strategi belajar sih soalnya nilai UTS kemarin jelek bgt
2226;253;11-50;2520945.0;text;;[];False;False;952659779523cd55;[];badminton yuk sore ni
2227;253;11-50;2520950.0;text;;[];False;False;5b84a0355e8e6fc8;[];series itu endingnya zonk bgt
2228;253;51-100;2521619.0;text;;[];False;False;f8334cd35571ac09;[];semalam hujan gede bgt sampe kosan gw mati lampu semaleman gila
2229;253;1-10;2521624.0;text;;['😂'];False;False;f8334cd35571ac09;[];ih
2230;253;51-100;2521918.0;text;;[];False;False;5b84a0355e8e6fc8;[];gw harus ganti strategi belajar sih soalnya nilai UTS kemarin jelek bgt
2231;253;51-100;2522442.0;text;;[];False;False;67dd671eb77f5b53;[];gw harus ganti strategi belajar sih soalnya nilai uts kemarin jelek bgt
2232;254;101-500;2528066.0;text;;[];False;False;34c758c0752f2ad6;[];jadi ceritanya kemarin gw ke perpustakaan pusat buat nyari bahan referensi skripsi, ternyata bukunya udah dipinjem semua sama anak angkatan sebelah. akhirnya gw cuma bisa fotokopi dari temen yang kebetulan punya. lumayan lah daripada ga dapet sama sekali, tinggal di rangkum aja sisanya!!
2233;254;101-500;2528067.0;text;;[];False;False;34c758c0752f2ad6;[];jadi ceritanya kemarin gw ke perpustakaan pusat buat nyari bahan referensi skripsi, ternyata bukunya udah dipinjem semua sama anak angkatan sebelah. akhirnya gw cuma bisa fotokopi dari temen yang kebetulan punya. lumayan lah daripada ga dapet sama sekali, tinggal di rangkum aja sisanya!!!
2234;254;101-500;2528068.0;text;;[];False;False;34c758c0752f2ad6;[];jadi ceritanya kemarin gw ke perpustakaan pusat buat nyari bahan referensi skripsi, ternyata bukunya udah dipinjem semua sama anak angkatan sebelah. akhirnya gw cuma bisa fotokopi dari temen yang kebetulan punya. lumayan lah daripada ga dapet sama sekali, tinggal di rangkum aja sisanya!!
2235;254;101-500;2528069.0;text;;[];False;False;34c758c0752f2ad6;[];jadi ceritanya kemarin gw ke perpustakaan pusat buat nyari bahan referensi skripsi, ternyata bukunya udah dipinjem semua sama anak angkatan sebelah. akhirnya gw cuma bisa fotokopi dari temen yang kebetulan punya. lumayan lah daripada ga dapet sama sekali, tinggal di rangkum aja sisanya!!!
2236;254;11-50;2528073.0;text;;[];False;False;34c758c0752f2ad6;[];tadi absen ga sih kamu!!
2237;254;11-50;2528082.0;text;;[];False;False;34c758c0752f2ad6;[];gw belom mulai tugas!!
2238;254;11-50;2528133.0;text;;[];False;True;5b84a0355e8e6fc8;[];mantap banget hasilnya!
2239;254;11-50;2529767.0;text;;[];False;False;34c758c0752f2ad6;[];tadi absen ga sih kamu!!
2240;254;11-50;2529773.0;text;;[];True;False;34c758c0752f2ad6;[];jadi ketemuan ga hari ini!!!
2241;254;11-50;2529793.0;image/jpeg;;[];True;False;34c758c0752f2ad6;[];[Foto]
2242;254;1-10;2530478.0;text;2233.0;[];False;False;429a8a88c0d72b74;[];yoi
2243;254;11-50;2530490.0;text;;[];False;False;429a8a88c0d72b74;[];matkul ini susah banget
2244;254;11-50;2530501.0;text;;[];False;False;34c758c0752f2ad6;[];presentasi gw amburadul!!!
2245;254;11-50;2532497.0;text;;['🤣'];True;False;bc6dfeff63215c29;[];TUGAS DIKUMPUL KAPAN SIH?
2246;254;51-100;2532563.0;text;;[];True;False;90c1a2bcc4328640;[];eh lu udah dapetttt info jadwal ujiannnn akhirrrr semester belum dariiii prodi?
2247;254;51-100;2532805.0;text;;[];False;False;da338bd7da5a29bc;[];Gw denger katanya semester depan ada mata kuliah baru yang wajib diambil.
2248;254;51-100;2532829.0;text;;[];False;False;da338bd7da5a29bc;[];Gw baru aja selesai ngerjain tugas sampe jam 3 pagi, mau mati rasanya.
2249;254;51-100;2533004.0;text;;[];False;False;bc6dfeff63215c29;[];TADI GW KETEMU DOSEN PEMBIMBING DAN DIA MINTA REVISI LAGI UNTUK BAB 3
2250;254;101-500;2533007.0;text;;[];False;False;bc6dfeff63215c29;[];JADI CERITANYA KEMARIN GW KE PERPUSTAKAAN PUSAT BUAT NYARI BAHAN REFERENSI SKRIPSI, TERNYATA BUKUNYA UDAH DIPINJEM SEMUA SAMA ANAK ANGKATAN SEBELAH. AKHIRNYA GW CUMA BISA FOTOKOPI DARI TEMEN YANG KEBETULAN PUNYA. LUMAYAN LAH DARIPADA GA DAPET SAMA SEKALI, TINGGAL DI RANGKUM AJA SISANYA
2251;254;51-100;2533123.0;text;;[];False;False;34c758c0752f2ad6;[];nyokap gw nelfon tadi nanyain kapan pulang, gw bilang aja abis ujian!!
2252;254;51-100;2533146.0;text;;[];False;False;34c758c0752f2ad6;[];gw denger katanya semester depan ada mata kuliah baru yang wajib diambil!!
2253;254;11-50;2533147.0;text;;[];False;False;34c758c0752f2ad6;[];IPK gw turun semester ini!!!
2254;254;1-10;2533153.0;text;;['😂'];False;False;34c758c0752f2ad6;[];otw!!
2255;254;51-100;2533176.0;text;;[];False;False;bc6dfeff63215c29;[];GW DENGER KATANYA SEMESTER DEPAN ADA MATA KULIAH BARU YANG WAJIB DIAMBIL
2256;254;11-50;2534018.0;text;;['😂'];False;False;90c1a2bcc4328640;[];lab komputerr penuh terus
2257;254;51-100;2535456.0;text;;[];False;False;bc6dfeff63215c29;[];NYOKAP GW NELFON TADI NANYAIN KAPAN PULANG, GW BILANG AJA ABIS UJIAN
2258;254;0;2535472.0;image/jpeg;;[];False;False;bc6dfeff63215c29;[];[Foto]
2259;254;11-50;2536124.0;text;;[];False;False;f8334cd35571ac09;[];eh tadi kelas seru bgt
2260;254;11-50;2536318.0;text;;[];False;False;bc6dfeff63215c29;[];GW SKIP KELAS HARI INI
2261;254;11-50;2536510.0;text;;[];False;False;34c758c0752f2ad6;[];matkul ini susah banget!!!
2262;254;101-500;2536538.0;text;;[];False;False;34c758c0752f2ad6;[];jadi ceritanya kemarin gw ke perpustakaan pusat buat nyari bahan referensi skripsi, ternyata bukunya udah dipinjem semua sama anak angkatan sebelah. akhirnya gw cuma bisa fotokopi dari temen yang kebetulan punya. lumayan lah daripada ga dapet sama sekali, tinggal di rangkum aja sisanya!!
2263;254;11-50;2536544.0;text;;[];False;False;34c758c0752f2ad6;[];tadi absen ga sih kamu!!
2264;254;51-100;2536766.0;text;;[];False;False;bc6dfeff63215c29;[];EH BESOK KITA JADI KETEMUAN DI KAFE DEKET STASIUN KAN YA JAM 2 SIANG
2265;254;51-100;2538504.0;text;;[];True;False;f8334cd35571ac09;[];eh lu udah dapet info jadwal ujian akhir semester blm dr prodi?
2266;254;1-10;2540392.0;text;;['🤦🏻\u200d♂️'];False;False;bc6dfeff63215c29;[];YOI
2267;255;101-500;2600794.0;text;;[];False;False;67dd671eb77f5b53;[];tadi siang gw makan di warung makan baru deket gerbang belakang kampus. nasi gorengnya lumayan enak dan harganya murah banget cuma 12 ribu udah sama es teh. kayaknya bakal jadi langganan baru deh soalnya warteg biasa gw udah mulai naik harga dan porsinya makin dikit aja
2268;255;51-100;2600804.0;text;;[];False;False;67dd671eb77f5b53;[];dosen killer itu ternyata baik banget orangnya kalo diajak ngobrol santai
2269;255;51-100;2600819.0;text;;[];False;False;67dd671eb77f5b53;['67bd5da43f6b0e96'];gw gagal diet lagi soalnya tadi sore diajak makan bakso sama temen
2270;255;101-500;2600881.0;text;;[];False;False;67dd671eb77f5b53;[];tadi siang gw makan di warung makan baru deket gerbang belakang kampus. nasi gorengnya lumayan enak dan harganya murah banget cuma 12 ribu udah sama es teh. kayaknya bakal jadi langganan baru deh soalnya warteg biasa gw udah mulai naik harga dan porsinya makin dikit aja
2271;255;51-100;2602923.0;text;;[];False;False;efb56404cf0b8a36;[];gw harus ganti strategi,,, belajar sih,,, soalnya nilai uts kemarin jelek bgt
2272;255;11-50;2603177.0;text;;[];False;False;f8334cd35571ac09;[];podcast yg lu rekomen mana
2273;255;51-100;2604585.0;text;;[];False;False;67dd671eb77f5b53;[];gw harus ganti strategi belajar sih soalnya nilai uts kemarin jelek bgt
2274;256;101-500;2623718.0;text;;['😥'];False;True;67bd5da43f6b0e96;[];parah banget banjir di daerah kosan gw semalam sampai air masuk ke kamar setinggi betis! barang... barang gw banyak yang kerendem... termasuk buku kuliah dan sepatu. gw harus ngungsi ke kosan temen dan sekarang lagi bersihin semua barang. semoga ga... ada yang... rusak parah sih!...
2275;256;51-100;2623765.0;text;;[];True;False;67bd5da43f6b0e96;[];lu pernah coba... belajar bareng di perpus kota ga, enak ga disana?...
2276;257;11-50;2672610.0;image/jpeg;;[];True;False;f8334cd35571ac09;[];[Foto]
2277;257;1-10;2672644.0;text;;[];False;False;429a8a88c0d72b74;[];sans
2278;257;11-50;2672851.0;text;;[];False;False;34c758c0752f2ad6;[];gym hari ini skip deh!!
2279;257;1-10;2673032.0;text;;[];False;False;f8334cd35571ac09;[];oot
2280;257;0;2673491.0;image/jpeg;;[];False;False;429a8a88c0d72b74;[];[Foto]
2281;257;11-50;2673495.0;text;;[];False;False;429a8a88c0d72b74;[];badminton yuk sore ini
2282;257;1-10;2673950.0;text;;['💃🏻'];False;False;f8334cd35571ac09;[];hoki
2283;257;11-50;2673970.0;text;;[];False;False;f8334cd35571ac09;[];konser tu mahal bgt tiketnya
2284;257;1-10;2673975.0;text;;['😂'];False;False;f8334cd35571ac09;[];oot
2285;257;51-100;2674429.0;text;;[];False;False;34c758c0752f2ad6;[];dosen killer itu ternyata baik banget orangnya kalo diajak ngobrol santai!!
2286;257;1-10;2674892.0;text;;[];False;False;f8334cd35571ac09;[];dih
2287;258;101-500;2697333.0;text;;[];False;False;da338bd7da5a29bc;[];Jadi ceritanya kemarin gw ke perpustakaan pusat buat nyari bahan referensi skripsi, ternyata bukunya udah dipinjem semua sama anak angkatan sebelah. akhirnya gw cuma bisa fotokopi dari temen yang kebetulan punya. lumayan lah daripada ga dapet sama sekali, tinggal di rangkum aja sisanya.
2288;258;101-500;2697335.0;text;;[];False;False;da338bd7da5a29bc;[];Jadi ceritanya kemarin gw ke perpustakaan pusat buat nyari bahan referensi skripsi, ternyata bukunya udah dipinjem semua sama anak angkatan sebelah. akhirnya gw cuma bisa fotokopi dari temen yang kebetulan punya. lumayan lah daripada ga dapet sama sekali, tinggal di rangkum aja sisanya.
2289;258;1-10;2697708.0;text;;['😎'];False;False;f8334cd35571ac09;[];wkwk
2290;258;0;2713939.0;system;;[];False;False;952659779523cd55;[];[Pesan sistem]
2291;259;0;2762631.0;system;;[];False;False;952659779523cd55;[];[Pesan sistem]
2292;259;0;2762718.0;system;;[];False;False;952659779523cd55;[];[Pesan sistem]
2293;259;0;2763161.0;system;;[];False;False;952659779523cd55;[];[Pesan sistem]
2294;260;51-100;2845933.0;text;;['🤣'];True;False;67bd5da43f6b0e96;[];menurut lu gw harus ambil... mata... kuliah pilihan... yang mana semester depan?...
2295;260;101-500;2846166.0;text;;[];True;False;67bd5da43f6b0e96;[];guys ada yang tau ga sih kenapa sistem registrasi online kampus sering... banget error pas... masa pengisian KRS? tiap semester selalu gitu bikin stres, mana harus rebutan... mata kuliah yang kuotanya dikit banget... lagi. apa emang servernya ga kuat ya nampung banyak mahasiswa sekaligus?
2296;260;51-100;2846209.0;text;;[];False;False;4a6ca718df4d5631;[];kosan gw bocor lg pas hujan semalam, kasur gw basah smua parah bgt
2297;260;51-100;2846268.0;text;2295.0;[];False;False;34c758c0752f2ad6;[];kemarin gw ke toko buku beli novel baru sama buku referensi buat skripsi!!
2298;260;51-100;2847899.0;text;;['👏🏻'];False;True;67bd5da43f6b0e96;[];akhirnya selesai juga skripsi gw setelah... perjuangan berbulan bulan!...
2299;261;51-100;2853079.0;text;;[];False;False;67bd5da43f6b0e96;[];tadi di kantin... ketemu anak angkatan... bawah yang... kenal sama temen SMA... gw
2300;261;11-50;2854531.0;text;;[];False;False;34c758c0752f2ad6;[];tadi gw makan nasi padang!!!
2301;261;11-50;2855765.0;text;;[];True;False;429a8a88c0d72b74;[];udah sampe belom?
2302;261;1-10;2856826.0;text;;[];False;False;34c758c0752f2ad6;[];ayok!!!
2303;261;11-50;2857449.0;image/jpeg;;[];False;False;5b84a0355e8e6fc8;[];[Foto]
2304;261;11-50;2857451.0;image/jpeg;;[];False;False;5b84a0355e8e6fc8;[];[Foto]
2305;262;51-100;2926829.0;image/jpeg;;[];True;False;a0c0c0fcf00e254f;[];[Foto]
2306;262;11-50;2926961.0;text;;[];False;False;34c758c0752f2ad6;[];kelas tambahan hari sabtu sih!!
2307;262;11-50;2927268.0;text;;[];False;False;429a8a88c0d72b74;[];proposal skripsi gw ditolak
2308;262;11-50;2927429.0;text;;[];False;False;f8334cd35571ac09;[];proposal skripsi gw ditolak
2309;262;51-100;2927429.0;text;;[];False;False;da338bd7da5a29bc;[];Jangan lupa besok kumpul di lobby kampus jam 8 pagi buat berangkat bareng.
2310;262;11-50;2927446.0;text;;[];True;False;f8334cd35571ac09;[];ntar malem ngapain?
2311;262;101-500;2927456.0;text;;[];False;False;da338bd7da5a29bc;[];Gw lagi galau banget nih soal masa depan. mau lanjut S2 tapi duit ga ada, mau langsung kerja tapi pengalaman masih minim. nyokap bilang terserah gw aja tapi gw tau dia pengen gw cepet kerja biar bisa bantu ekonomi keluarga. bingung banget sih, kayak semua pilihan ada plus minusnya.
2312;262;11-50;2927481.0;text;2310.0;[];False;False;da338bd7da5a29bc;[];Gw mau ambil cuti semester.
2313;262;11-50;2928373.0;text;;['🤞🏻'];False;False;a0c0c0fcf00e254f;[];gw mau ambil cuti semester
2314;262;11-50;2928415.0;text;;[];False;False;67dd671eb77f5b53;[];gw baru aja dari kampus
2315;262;51-100;2928786.0;text;;[];False;False;b1a879cfa170b5d6;[];GW LAGI MIKIRIN MAU AMBIL MAGANG DI PERUSAHAAN MANA BUAT SEMESTER DEPAN
2316;262;11-50;2928820.0;text;;['😃'];False;False;b1a879cfa170b5d6;[];GW MAU AMBIL CUTI SEMESTER
2317;262;101-500;2931753.0;text;;[];True;True;5af6a4550b616407;[];menurut kalian knp ya generasi kita tuh kayaknya leibh gampang stres dan buronut dibanding generasi orang tua kita dulu? apa krn teknaan sosmed atau emang tuntutan hidup yg makin tinggi ya? gw penasaran aja sih soalnya temen temen gw banyak yg ngeluh hal yg sm
2318;262;51-100;2933371.0;text;;[];False;False;429a8a88c0d72b74;[];kemarin gw ke toko buku beli novel baru sama buku referensi buat skripsi
2319;262;11-50;2933373.0;text;;[];False;False;429a8a88c0d72b74;[];mie ayam pak kumis juara sih
2320;262;11-50;2933435.0;text;;[];False;False;67dd671eb77f5b53;[];gw baru aja dari kampus
2321;262;1-10;2933881.0;text;;[];False;False;90c1a2bcc4328640;[];sabii
2322;262;1-10;2933961.0;text;;[];False;True;5af6a4550b616407;[];mnatap!
2323;263;11-50;2954105.0;text;;[];True;False;67dd671eb77f5b53;[];ada yang punya catetan?
2324;263;11-50;2957410.0;text;;[];False;False;f8334cd35571ac09;[];gw mau ambil cuti semester
2325;263;11-50;2957421.0;text;;[];False;False;f8334cd35571ac09;[];gw mau ambil cuti semester
2326;264;51-100;3017434.0;text;;[];True;False;90c1a2bcc4328640;[];siapa sihhh yang spread gosip ituu ke grupppp sebelah, tau ga orangnya?
2327;264;11-50;3017721.0;text;;[];False;False;34c758c0752f2ad6;[];gw kangen masakan rumah!!
2328;264;11-50;3017754.0;text;;[];False;False;da338bd7da5a29bc;[];Gw baru aja ketemu mantan.
2329;264;11-50;3017789.0;text;;[];False;False;1e9822711688fba3;[];gw kangen masakan rumah,,,
2330;264;1-10;3017814.0;text;;[];False;False;34c758c0752f2ad6;[];pasti!!!
2331;264;11-50;3017817.0;text;;[];False;False;90c1a2bcc4328640;[];adek gw masuk sma tahunn ini
2332;264;51-100;3017836.0;text;;[];False;False;90c1a2bcc4328640;[];adek gw mau masuk kuliah tahun depan gw harussss bantuuuu cariin infoooo jurusannnn
2333;264;11-50;3017844.0;text;;[];False;False;34c758c0752f2ad6;[];duit bulanan belum dikirim!!
2334;264;101-500;3017872.0;text;;[];True;False;da338bd7da5a29bc;[];guys ada yang tau ga sih kenapa sistem registrasi online kampus sering banget error pas masa pengisian KRS? tiap semester selalu gitu bikin stres, mana harus rebutan mata kuliah yang kuotanya dikit banget lagi. apa emang servernya ga kuat ya nampung banyak mahasiswa sekaligus?
2335;264;1-10;3017877.0;text;;[];False;False;429a8a88c0d72b74;[];woles
2336;264;1-10;3017889.0;text;;[];False;False;f8334cd35571ac09;[];goks
2337;264;51-100;3018384.0;text;;[];False;False;952659779523cd55;[];besok ad bazaar... di kampus... katanya banyak makanan murah, pada ikut ga
2338;264;11-50;3018853.0;text;;[];True;False;429a8a88c0d72b74;[];kenapa ga bales chat gw?
2339;264;1-10;3018975.0;text;;['😂'];False;False;34c758c0752f2ad6;[];pasti!!
2340;264;51-100;3018976.0;text;;[];False;False;34c758c0752f2ad6;[];gw lagi belajar masak sendiri biar ga jajan terus lumayan hemat soalnya!!
2341;264;11-50;3018984.0;text;;[];False;False;34c758c0752f2ad6;[];nyokap nanya kapan lulus!!
2342;264;1-10;3018988.0;text;;[];False;False;67bd5da43f6b0e96;[];yess
2343;264;51-100;3019053.0;text;;[];False;False;f8334cd35571ac09;[];adek gw mau masuk kuliah tahun depan gw hrs bantu cariin info jurusan
2344;264;1-10;3019059.0;text;;['😂'];False;False;f8334cd35571ac09;[];pasti
2345;264;101-500;3019113.0;text;;[];False;False;67bd5da43f6b0e96;[];gw pengen curhat sedikit... nih. akhir akhir ini gw ngerasa burnout banget sama rutinitas kuliah... yang itu itu aja. bangun... pagi, kuliah, tugas, tidur, repeat. kadang gw... ngerasa kayak robot... yang cuma... jalan sesuai program tanpa tau tujuan akhirnya apa.... mungkin gw butuh liburan beneran buat refresh otak
2346;264;11-50;3019128.0;text;;[];False;False;67bd5da43f6b0e96;[];keluarga ngumpul lebaran... nanti
2347;264;11-50;3019151.0;text;;[];True;False;f8334cd35571ac09;[];siapa aja yg dateng?
2348;264;51-100;3019197.0;text;;['😂'];False;False;f8334cd35571ac09;[];gw lg belajar masak sendiri biar ga jajan terus lumayan hemat soalnya
2349;264;11-50;3019221.0;text;;[];False;False;67bd5da43f6b0e96;[];gw lagi marathon... drakor nih
2350;264;51-100;3019263.0;text;;['😂'];False;False;429a8a88c0d72b74;[];gw lagi belajar masak sendiri biar ga jajan terus lumayan hemat soalnya
2351;264;1-10;3019277.0;text;;[];False;False;f8334cd35571ac09;[];nice
2352;264;51-100;3019278.0;text;;[];False;False;da338bd7da5a29bc;[];Gw nonton film dokumenter semalam tentang laut dan ikan, bagus banget.
2353;264;11-50;3019321.0;text;;[];False;False;34c758c0752f2ad6;[];duit bulanan belum dikirim!!
2354;264;11-50;3019331.0;text;;[];False;False;34c758c0752f2ad6;[];duit bulanan belum dikirim!!!
2355;264;0;3019432.0;image/jpeg;;[];False;False;da338bd7da5a29bc;[];[Foto]
2356;264;101-500;3019573.0;text;;[];False;True;67bd5da43f6b0e96;[];YESSS gw akhirnya dapet nilai A di mata kuliah... yang paling gw takutin selama ini!... padahal gw udah pasrah banget... pas ujian soalnya soalnya susah parah. ternyata... tugas dan presentasi... gw nilainya bagus jadi bisa nutupin nilai ujian. alhamdulillah... banget perjuangan ga sia sia!
2357;264;51-100;3019785.0;text;;[];True;False;1e9822711688fba3;[];siapa sih yang spread,,, gosip itu,,, ke grup sebelah,,,, tau ga orangnya?,,,
2358;264;51-100;3019797.0;text;;[];False;False;1e9822711688fba3;[];adek gw mau masuk kuliah tahun depan gw harus,,, bantu cariin info jurusan
2359;264;101-500;3019879.0;text;;[];False;False;da338bd7da5a29bc;[];Gw pengen curhat sedikit nih. akhir akhir ini gw ngerasa burnout banget sama rutinitas kuliah yang itu itu aja. bangun pagi, kuliah, tugas, tidur, repeat. kadang gw ngerasa kayak robot yang cuma jalan sesuai program tanpa tau tujuan akhirnya apa. mungkin gw butuh liburan beneran buat refresh otak.
2360;264;51-100;3020125.0;text;;[];False;False;da338bd7da5a29bc;[];Gw lagi belajar masak sendiri biar ga jajan terus lumayan hemat soalnya.
2361;265;11-50;3030506.0;text;;[];False;False;67bd5da43f6b0e96;[];gw kangen masakan rumah...
2362;265;11-50;3030509.0;text;;[];False;False;67bd5da43f6b0e96;[];mama minta gw pulang weekend
2363;265;51-100;3030547.0;text;;[];False;False;67bd5da43f6b0e96;[];tadi pagi gw olahraga... lari keliling... kampus 5 putaran badan pegel semua...
2364;265;11-50;3030554.0;text;;[];False;False;67bd5da43f6b0e96;[];gw kangen masakan... rumah
2365;265;51-100;3030687.0;text;;[];False;False;67bd5da43f6b0e96;[];tadi pagi gw olahraga... lari keliling kampus 5 putaran badan pegel semua...
2366;265;51-100;3032988.0;text;;[];True;False;da338bd7da5a29bc;[];siapa sih yang spread gosip itu ke grup sebelah, tau ga orangnya?
2367;265;11-50;3033001.0;text;;[];False;False;da338bd7da5a29bc;[];Gw baru aja ketemu mantan.
2368;266;101-500;3037740.0;text;;[];False;False;952659779523cd55;[];hari ni gw iseng nyoba bikin kopi pake metode v60 yg lg... hype di kalangan anak anak kampus.... beli alatnya... lumayan mahal sih tp hasilnya emang beda dr kopi sachet biasa. kopinya... lebih smooth dan ga terlalu pahit. kayaknya gw bakal ketagihan nih bikin kopi sendiri tiap pagi sebelum ke kampus
2369;266;11-50;3041016.0;text;;[];True;False;f8334cd35571ac09;[];pinjam catetan boleh ga?
2370;266;1-10;3044866.0;text;;[];False;False;952659779523cd55;[];trus
2371;267;51-100;3210120.0;text;;[];True;True;5b84a0355e8e6fc8;[];ada yang tau kenapa kantin kampus tutup lebih awal hari ini ga sih?
2372;267;11-50;3210249.0;text;;[];False;False;b1a879cfa170b5d6;[];GW MAU PESEN GOFOOD DULU
2373;267;11-50;3225948.0;text;;[];False;False;90c1a2bcc4328640;[];sarapan duluuuu baru mikir
2374;268;11-50;3266805.0;text;;[];False;False;34c758c0752f2ad6;[];internet mati lagi di kosan!!
2375;268;101-500;3266840.0;text;;[];False;False;34c758c0752f2ad6;[];minggu lalu gw akhirnya beraniin diri buat ngomong sama dosen pembimbing soal progress skripsi yang mandek. ternyata beliau pengertian banget dan kasih banyak masukan yang berguna. gw nyesel ga ngomong dari awal soalnya selama ini gw cuma takut ditolak atau dimarahin padahal dosennya baik banget!!
2376;268;11-50;3267566.0;text;;[];False;False;a0c0c0fcf00e254f;[];gw lg sibuk bgt minggu ini
2377;268;1-10;3267589.0;text;;[];False;False;34c758c0752f2ad6;[];seep!!!
2378;268;11-50;3267892.0;text;;[];False;False;f8334cd35571ac09;[];internet mati lg di kosan
2379;268;11-50;3267998.0;text;;[];False;False;34c758c0752f2ad6;[];gw lg sibuk bgt minggu ini!!!
2380;268;11-50;3268002.0;text;;[];False;False;34c758c0752f2ad6;[];capek banget hari ini asli!!
2381;268;0;3268005.0;sticker/webp;;[];False;False;34c758c0752f2ad6;[];[Stiker]
2382;268;11-50;3268033.0;text;;[];False;False;429a8a88c0d72b74;[];baru bangun nih masih ngantuk
2383;268;1-10;3268122.0;text;;[];False;False;f8334cd35571ac09;[];siapp
2384;268;51-100;3269286.0;text;;[];False;False;a0c0c0fcf00e254f;[];tadi gw antri di administrasi kampus 2 jam cuma buat ngurus surat
2385;268;11-50;3269300.0;text;;['👌'];False;False;a0c0c0fcf00e254f;[];wifi kampus lemot parah
2386;268;11-50;3269632.0;text;;[];False;False;429a8a88c0d72b74;[];capek banget hari ini asli
2387;268;11-50;3270034.0;text;;[];False;False;bc6dfeff63215c29;[];DOMPET GW KETINGGALAN DI RUMAH
2388;268;51-100;3272554.0;text;;[];True;False;67dd671eb77f5b53;[];gimana sih caranya bikin proposal penelitian yang bagus menurut dosen?
2389;268;0;3272620.0;image/jpeg;;[];False;False;1e9822711688fba3;[];[Foto]
2390;268;11-50;3272627.0;text;;[];False;False;67dd671eb77f5b53;[];cuaca hari ini panas banget
2391;268;11-50;3272642.0;text;;[];False;False;1e9822711688fba3;[];gw mau tidur dulu ya
2392;268;11-50;3272645.0;text;;[];False;False;1e9822711688fba3;[];charger hp gw rusak lagi
2393;268;1-10;3272654.0;text;;[];False;False;67dd671eb77f5b53;[];okey
2394;268;11-50;3272658.0;text;;[];False;False;67dd671eb77f5b53;[];hujan deres ga bawa payung
2395;268;51-100;3272672.0;text;;[];False;False;429a8a88c0d72b74;[];duit jajan gw abis padahal baru tanggal 15 harus ngirit banget nih
2396;268;1-10;3272696.0;text;;[];False;False;429a8a88c0d72b74;[];okey
2397;268;11-50;3272775.0;text;;[];False;False;1e9822711688fba3;[];hujan deres ga bawa payung
2398;268;11-50;3272863.0;text;;[];False;False;67dd671eb77f5b53;[];gw baru ganti nomor btw
2399;268;51-100;3272918.0;text;;[];False;False;67dd671eb77f5b53;[];gw seneng banget akhirnya bisa ketemu temen temen lama setelah lama ga
2400;268;11-50;3272922.0;text;;[];False;False;67dd671eb77f5b53;[];wifi kampus lemot parah
2401;268;101-500;3273387.0;text;;[];False;False;da338bd7da5a29bc;[];Minggu lalu gw akhirnya beraniin diri buat ngomong sama dosen pembimbing soal progress skripsi yang mandek. ternyata beliau pengertian banget dan kasih banyak masukan yang berguna. gw nyesel ga ngomong dari awal soalnya selama ini gw cuma takut ditolak atau dimarahin padahal dosennya baik banget.
2402;268;11-50;3273389.0;text;;[];False;False;da338bd7da5a29bc;[];Hujan deres ga bawa payung.
2403;268;1-10;3273714.0;text;;[];False;False;f8334cd35571ac09;[];okey
2404;269;51-100;3485939.0;text;;[];True;False;90c1a2bcc4328640;[];gimana caranya biar bisa fokus belajar tanpaa mainn hp terus ya?
2405;269;1-10;3486219.0;text;;[];False;False;da338bd7da5a29bc;[];Mah.
2406;269;11-50;3486224.0;text;;[];False;False;da338bd7da5a29bc;[];Gw nyari parkir dulu bentar.
2407;269;51-100;3486242.0;text;;[];False;False;da338bd7da5a29bc;[];Temen sekamar gw pindah kosan jadi sekarang gw sendirian di kamar.
2408;269;11-50;3486509.0;text;;[];False;True;90c1a2bcc4328640;[];gw seneng banget dapet a!
2409;270;51-100;3493341.0;text;;[];True;False;67bd5da43f6b0e96;[];ada yang tau... kenapa... kantin kampus tutup lebih awal hari ini ga sih?
2410;270;1-10;3493427.0;text;;[];True;False;34c758c0752f2ad6;[];kok!!
2411;270;1-10;3493441.0;text;;[];False;False;34c758c0752f2ad6;[];yep!!!
2412;271;500+;3530352.0;text;;[];False;False;34c758c0752f2ad6;[];presentasi gw amburadul!!
2413;271;11-50;3530378.0;text;;['😅'];False;False;da338bd7da5a29bc;[];Matkul ini susah banget.
2414;271;51-100;3530402.0;text;;[];True;False;34c758c0752f2ad6;[];eh lu udah dapet info jadwal ujian akhir semester belum dari prodi!!!
2415;271;1-10;3530407.0;text;;['😂'];False;False;34c758c0752f2ad6;[];haha!!!
2416;271;11-50;3530431.0;text;;[];False;False;1e9822711688fba3;[];tadi absen ga sih kamu
2417;271;11-50;3530432.0;text;;[];False;False;1e9822711688fba3;[];eh tadi kelas seru,,, banget
2418;271;1-10;3530523.0;text;;[];False;False;f8334cd35571ac09;[];wkwk
2419;271;11-50;3530834.0;text;;[];False;False;da338bd7da5a29bc;[];Eh tadi kelas seru banget.
2420;271;11-50;3530868.0;text;;[];False;False;34c758c0752f2ad6;[];dosen gw galak banget sih!!!
2421;271;11-50;3532071.0;text;;[];False;False;b1a879cfa170b5d6;[];IPK GW TURUN SEMESTER INI
2422;272;1-10;3538122.0;text;;[];False;False;5b84a0355e8e6fc8;[];sama
2423;272;51-100;3538144.0;text;;[];False;False;5b84a0355e8e6fc8;[];hari ini gw ada rapat organisasi sampe sore jadi ga bisa ikut nongkrong
2424;272;11-50;3538256.0;text;;[];True;False;34c758c0752f2ad6;[];kapan terakhir kali ketemu!!
2425;272;11-50;3540162.0;text;;[];False;False;67dd671eb77f5b53;[];temen gw sakit masuk rs
2426;272;51-100;3540191.0;text;;[];False;False;67dd671eb77f5b53;[];hari ini gw ada rapat organisasi sampe sore jadi ga bisa ikut nongkrong
2427;272;101-500;3541740.0;text;;[];False;False;520579885d41181b;[];hari ini gw iseng nyoba bikin kopi pake metodee v60 yang lagii hype di kalangan anakkk anakkkk kampus. beli alatnyaa lumayan mahal sihh tapi hasilnyaa emang beda dari kopii sachet biasa. kopinya lebih smooth dannnn ga terlaluuu pahit. kayaknya gw bakall ketagihann nih bikinnnn kopi sendiri tiap pagi sebelumm ke kampus
2428;272;11-50;3541811.0;text;;[];False;False;f8334cd35571ac09;[];gw berantem sm si anu
2429;272;1-10;3541817.0;text;;[];True;False;f8334cd35571ac09;[];sampe?
2430;272;51-100;3541913.0;text;;[];False;False;a0c0c0fcf00e254f;[];gw baru aja dapet kabar kalo temen kita diterima kerja di luar negeri
2431;272;11-50;3541919.0;text;;[];False;False;67bd5da43f6b0e96;[];eh denger gosip belum
2432;272;51-100;3541931.0;text;;[];False;False;a0c0c0fcf00e254f;[];lu harus coba kedai kopi baru di jalan belakang kampus, enak banget
2433;272;51-100;3542003.0;text;;[];True;False;67bd5da43f6b0e96;[];lu pernah coba belajar bareng di perpus kota ga, enak ga disana?
2434;272;11-50;3542056.0;text;;['😉'];False;False;b1a879cfa170b5d6;[];GW KANGEN TEMEN TEMEN SMA
2435;272;1-10;3542067.0;text;;[];False;False;b1a879cfa170b5d6;[];HIHI
2436;272;11-50;3542076.0;text;;[];False;False;b1a879cfa170b5d6;[];TEMENIN GW DONG BESOK
2437;272;11-50;3542076.0;text;;[];False;False;67bd5da43f6b0e96;[];diem diem ternyata jadian
2438;272;0;3542107.0;unknown;;[];False;False;429a8a88c0d72b74;[];[Media tidak dikenal]
2439;272;51-100;3542110.0;text;;[];False;False;b1a879cfa170b5d6;[];LU HARUS COBA KEDAI KOPI BARU DI JALAN BELAKANG KAMPUS, ENAK BANGET
2440;272;51-100;3542134.0;text;;[];False;False;429a8a88c0d72b74;[];hari ini gw ada rapat organisasi sampe sore jadi ga bisa ikut nongkrong
2441;272;51-100;3542192.0;text;;[];False;False;1e9822711688fba3;[];hari ini gw ada,,, rapat organisasi sampe sore jadi ga,,, bisa ikut,,, nongkrong
2442;272;1-10;3542228.0;text;;[];False;False;34c758c0752f2ad6;[];gabut!!
2443;272;1-10;3542228.0;text;;[];False;False;34c758c0752f2ad6;[];wkwkw!!!
2444;272;51-100;3542341.0;text;;[];False;False;67bd5da43f6b0e96;[];gw pengen banget... liburan ke... pantai tapi duit lagi tipis banget sekarang...
2445;272;101-500;3542417.0;text;;[];False;False;5af6a4550b616407;[];hrai ni gw isneg nyoba bikin kopi pake metode v60 yg lg hype di kalangan anak anak kampus. beli alatnya lumayan mahal sih tp hasilnya emang beda dr kpoi sachet biasa. kopinya lebih smooth dan ga terlalu pahit. kayaknya gw baakl ketagihna nih bikin koip sedniri tiap paig sebelmu ke kampus
2446;272;101-500;3542730.0;text;;[];False;False;bc6dfeff63215c29;[];HARI INI GW ISENG NYOBA BIKIN KOPI PAKE METODE V60 YANG LAGI HYPE DI KALANGAN ANAK ANAK KAMPUS. BELI ALATNYA LUMAYAN MAHAL SIH TAPI HASILNYA EMANG BEDA DARI KOPI SACHET BIASA. KOPINYA LEBIH SMOOTH DAN GA TERLALU PAHIT. KAYAKNYA GW BAKAL KETAGIHAN NIH BIKIN KOPI SENDIRI TIAP PAGI SEBELUM KE KAMPUS
2447;272;101-500;3542741.0;text;;[];False;False;952659779523cd55;[];hari ni gw iseng nyoba bikin kopi pake metode... v60 yg lg... hype di kalangan... anak... anak kampus.... beli alatnya... lumayan mahal sih tp hasilnya emang beda... dr kopi sachet biasa. kopinya lebih smooth dan... ga terlalu pahit. kayaknya gw bakal ketagihan... nih bikin kopi sendiri tiap pagi... sebelum ke kampus
2448;272;101-500;3542811.0;text;;[];False;False;90c1a2bcc4328640;[];hariii ini gw iseng nyobaaaa bikin kopi pake metode v60 yangg lagi hype di kalangan anak anak kampus. beli alatnya lumayan mahal sihhh tapi hasilnya emang beda dari kopi sachet biasa. kopinya lebih smooth dannn ga terlalu pahit. kayaknya gw bakall ketagihann nih bikin kopi sendiri tiap pagi sebelumm ke kampus
2449;272;101-500;3543055.0;text;;[];False;False;da338bd7da5a29bc;[];Hari ini gw iseng nyoba bikin kopi pake metode V60 yang lagi hype di kalangan anak anak kampus. beli alatnya lumayan mahal sih tapi hasilnya emang beda dari kopi sachet biasa. kopinya lebih smooth dan ga terlalu pahit. kayaknya gw bakal ketagihan nih bikin kopi sendiri tiap pagi sebelum ke kampus.
2450;272;101-500;3544276.0;text;;[];False;False;5b84a0355e8e6fc8;[];hari ini gw iseng nyoba bikin kopi pake metode V60 yang lagi hype di kalangan anak anak kampus. beli alatnya lumayan mahal sih tapi hasilnya emang beda dari kopi sachet biasa. kopinya lebih smooth dan ga terlalu pahit. kayaknya gw bakal ketagihan nih bikin kopi sendiri tiap pagi sebelum ke kampus
2451;272;101-500;3544763.0;text;;[];False;False;f8334cd35571ac09;[];hari ni gw iseng nyoba bikin kopi pake metode v60 yg lg hype di kalangan anak anak kampus. beli alatnya lumayan mahal sih tp hasilnya emang beda dr kopi sachet biasa. kopinya lebih smooth dan ga terlalu pahit. kayaknya gw bakal ketagihan nih bikin kopi sendiri tiap pagi sebelum ke kampus
2452;272;11-50;3544795.0;text;;['😂'];False;False;520579885d41181b;[];temenin gw dong besok
2453;272;101-500;3544880.0;text;;[];False;False;67bd5da43f6b0e96;[];hari ini gw iseng nyoba... bikin kopi pake metode... V60 yang lagi hype di kalangan anak anak kampus. beli alatnya... lumayan mahal sih tapi hasilnya... emang beda dari kopi sachet... biasa. kopinya lebih smooth dan ga... terlalu pahit. kayaknya gw... bakal ketagihan nih bikin kopi... sendiri tiap pagi sebelum ke kampus
2454;272;101-500;3544958.0;text;;[];False;False;a0c0c0fcf00e254f;[];hari ini gw iseng nyoba bikin kopi pake metode v60 yang lagi hype di kalangan anak anak kampus. beli alatnya lumayan mahal sih tapi hasilnya emang beda dari kopi sachet biasa. kopinya lebih smooth dan ga terlalu pahit. kayaknya gw bakal ketagihan nih bikin kopi sendiri tiap pagi sebelum ke kampus
2455;272;11-50;3545088.0;text;;[];False;False;67dd671eb77f5b53;[];eh denger gosip belum
2456;272;1-10;3545645.0;text;;[];False;False;bc6dfeff63215c29;[];CAPE
2457;272;101-500;3545735.0;text;;[];False;False;520579885d41181b;[];hari iniii gw iseng nyobaa bikinnnn kopi pakee metodeee v60 yang lagi hypeee di kalangan anakkkk anak kampus. beli alatnyaaa lumayannnn mahalll sihhh tapiii hasilnya emangggg bedaaa dari kopiii sachet biasa. kopinya lebih smoothhh dannn ga terlalu pahit. kayaknya gw bakal ketagihann nih bikinnnn kopi sendiri tiapppp pagi sebelum ke kampus
2458;272;101-500;3546171.0;text;;[];False;False;67dd671eb77f5b53;[];hari ini gw iseng nyoba bikin kopi pake metode v60 yang lagi hype di kalangan anak anak kampus. beli alatnya lumayan mahal sih tapi hasilnya emang beda dari kopi sachet biasa. kopinya lebih smooth dan ga terlalu pahit. kayaknya gw bakal ketagihan nih bikin kopi sendiri tiap pagi sebelum ke kampus
2459;272;11-50;3546190.0;text;;[];False;False;67dd671eb77f5b53;[];reuni kapan ya kita
2460;272;51-100;3547886.0;text;;[];False;False;520579885d41181b;[];wifi kosannn gw lemott banget jadii gw ke perpus aja buat ngerjain tugassss
2461;272;101-500;3552545.0;text;;[];False;False;efb56404cf0b8a36;[];hari ini,,, gw iseng nyoba bikin,,, kopi pake metode v60 yang lagi hype di kalangan,,, anak anak kampus. beli alatnya lumayan,,, mahal sih tapi hasilnya emang beda dari kopi sachet biasa. kopinya lebih smooth,,, dan ga terlalu pahit.,,, kayaknya gw bakal ketagihan nih bikin kopi sendiri tiap pagi sebelum ke kampus
2462;272;101-500;3552581.0;text;;[];False;False;efb56404cf0b8a36;[];hari ini gw iseng,,, nyoba bikin kopi pake metode v60 yang lagi hype di kalangan anak anak kampus. beli alatnya lumayan mahal sih tapi,,, hasilnya emang,,, beda dari,,, kopi sachet biasa. kopinya,,, lebih smooth dan ga terlalu pahit. kayaknya gw,,, bakal ketagihan nih bikin kopi,,, sendiri tiap pagi sebelum ke kampus
2463;272;11-50;3554842.0;text;;[];False;False;4a6ca718df4d5631;[];pacarnya baru siapa sih
2464;272;11-50;3556982.0;text;;[];True;False;bc6dfeff63215c29;[];PINJAM CATETAN BOLEH GA?
2465;272;11-50;3558009.0;text;;[];False;False;520579885d41181b;[];eh denger gosip belummmm
2466;272;11-50;3558016.0;text;;[];False;False;520579885d41181b;[];si itu udah putus katanya
2467;273;11-50;3577788.0;text;;[];True;False;f8334cd35571ac09;[];besok libur bukan sih?
2468;273;51-100;3577913.0;text;;['😵\u200d💫'];False;False;bc6dfeff63215c29;[];GW LAGI DENGERIN PODCAST TENTANG PSIKOLOGI, LUMAYAN BUAT NAMBAH WAWASAN
2469;273;1-10;3577984.0;text;;['😂'];False;False;f8334cd35571ac09;[];ah
2470;273;11-50;3578004.0;text;;[];True;False;f8334cd35571ac09;[];besok libur bukan sih?
2471;273;11-50;3578018.0;text;;[];False;False;34c758c0752f2ad6;[];charger hp gw rusak lagi!!
2472;273;0;3578024.0;sticker/webp;;[];False;False;34c758c0752f2ad6;[];[Stiker]
2473;273;51-100;3579341.0;text;;[];False;False;4a6ca718df4d5631;[];duit jajan gw abis padahal baru tanggal 15 hrs ngirit bgt nih
2474;273;11-50;3579492.0;text;;[];True;False;429a8a88c0d72b74;[];masih buka ga warungnya?
2475;273;11-50;3579832.0;text;;[];False;False;4a6ca718df4d5631;[];hujan deres ga bawa payung
2476;273;101-500;3579871.0;text;;[];False;False;4a6ca718df4d5631;[];gw baru selesai nonton dokumenter tentang kehidupan nelayan di pesisir utara jawa. sedih bgt liat perjuangan mrk yg hrs melaut berhari hari cuma buat dapet ikan yg harganya ga seberapa di pasar. bikin gw makin bersyukur sih sm kehidupan gw skrg walau kadang ngeluh jg
2477;274;51-100;3613433.0;text;;[];False;False;520579885d41181b;[];tadi pagiiii gw olahragaaa lariiii kelilingg kampus 5 putaran badannn pegelll semuaaa
2478;274;1-10;3622440.0;text;;[];False;False;f8334cd35571ac09;[];gila
2479;274;11-50;3622458.0;text;;[];True;False;f8334cd35571ac09;[];siapa aja yg dateng?
2480;274;11-50;3622463.0;text;;[];True;False;f8334cd35571ac09;[];lu lg ngapain sih?
2481;274;11-50;3622549.0;text;;[];False;False;429a8a88c0d72b74;[];film baru di bioskop bagus ga
2482;274;11-50;3623348.0;text;;[];True;False;f8334cd35571ac09;[];lu lg ngapain sih?
2483;274;11-50;3623435.0;text;;[];False;False;429a8a88c0d72b74;[];gw baru aja ketemu mantan
2484;274;11-50;3624330.0;text;;[];False;False;f8334cd35571ac09;[];nyokap nanya kapan lulus
2485;274;1-10;3624340.0;text;;[];False;False;f8334cd35571ac09;[];gini
2486;274;11-50;3624357.0;text;;[];False;False;34c758c0752f2ad6;[];keluarga ngumpul lebaran nanti!!
2487;274;11-50;3624358.0;text;;[];False;False;34c758c0752f2ad6;[];gw kangen masakan rumah!!
2488;274;11-50;3624531.0;text;;[];False;False;bc6dfeff63215c29;[];MAMA MINTA GW PULANG WEEKEND
2489;274;51-100;3624614.0;text;;[];False;False;bc6dfeff63215c29;[];GW LAGI BELAJAR MASAK SENDIRI BIAR GA JAJAN TERUS LUMAYAN HEMAT SOALNYA
2490;274;11-50;3624982.0;text;;[];False;False;f8334cd35571ac09;[];nyokap nanya kapan lulus
2491;274;1-10;3624990.0;text;;[];False;False;f8334cd35571ac09;[];goks
2492;275;11-50;3659943.0;text;;[];False;False;67bd5da43f6b0e96;[];indomie telor udah cukup kok...
2493;275;0;3659965.0;image/jpeg;;[];False;False;67bd5da43f6b0e96;[];[Foto]
2494;275;51-100;3660000.0;text;;[];True;False;67bd5da43f6b0e96;[];ada yang tau... kenapa kantin kampus... tutup lebih awal hari ini ga sih?
2495;275;11-50;3660026.0;text;;[];False;False;f8334cd35571ac09;[];es teh manis satu ya bang
2496;275;0;3660032.0;image/jpeg;;[];False;False;67bd5da43f6b0e96;[];[Foto]
2497;275;11-50;3660046.0;text;;[];False;False;67bd5da43f6b0e96;[];kopi susu yg biasa ya...
2498;275;11-50;3660084.0;text;;[];False;False;67bd5da43f6b0e96;[];bakso malang itu buka ga ya
2499;275;11-50;3660494.0;text;;[];True;False;bc6dfeff63215c29;[];UDAH SAMPE BELOM?
2500;275;0;3660769.0;image/jpeg;;[];False;False;67bd5da43f6b0e96;[];[Foto]
2501;275;11-50;3660860.0;text;;[];False;False;67bd5da43f6b0e96;[];gw mau pesen... gofood... dulu
2502;275;51-100;3660892.0;text;;[];False;False;67bd5da43f6b0e96;[];tadi di kantin ketemu anak angkatan bawah yang kenal sama temen SMA gw
2503;275;11-50;3660918.0;text;;[];False;False;67bd5da43f6b0e96;[];bakso malang itu buka ga ya
2504;275;1-10;3660940.0;text;;['🥳'];False;False;bc6dfeff63215c29;[];SIS
2505;275;51-100;3660962.0;text;;['🙏'];False;False;67bd5da43f6b0e96;[];gw lagi bingung milih topik skripsi antara dua tema yang sama menariknya
2506;275;0;3661018.0;image/jpeg;;[];False;False;67bd5da43f6b0e96;[];[Foto]
2507;275;51-100;3661025.0;text;;[];True;False;da338bd7da5a29bc;[];ada yang tau kenapa kantin kampus tutup lebih awal hari ini ga sih?
2508;275;0;3661216.0;image/jpeg;;[];False;False;67bd5da43f6b0e96;[];[Foto]
2509;275;51-100;3661260.0;text;;[];False;False;67bd5da43f6b0e96;[];weekend ini gw mau... staycation... aja... di kosan binge watching series baru
2510;275;51-100;3662647.0;text;;[];False;False;bc6dfeff63215c29;[];DOMPET GW ILANG KEMARIN DI ANGKOT TAPI ALHAMDULILLAH ADA YANG NEMUIN
2511;275;11-50;3662669.0;text;;[];False;False;da338bd7da5a29bc;[];Indomie telor udah cukup kok.
2512;275;51-100;3664618.0;text;2508.0;['👀'];True;False;90c1a2bcc4328640;[];ada yang tau kenapa kantin kampus tutup lebih awall hariiii ini ga sih?
2513;276;500+;3749852.0;text;;[];False;False;4a6ca718df4d5631;[];gw mau ambil cuti semester
2514;276;11-50;3826859.0;text;;[];False;False;34c758c0752f2ad6;[];gw mau ambil cuti semester!!!
2515;276;1-10;3826859.0;text;;[];False;False;34c758c0752f2ad6;[];bet!!!
2516;276;11-50;3826867.0;text;;[];False;False;34c758c0752f2ad6;[];tugas kelompok bikin pusing!!
2517;276;11-50;3826881.0;text;;[];False;False;34c758c0752f2ad6;[];dosen pembimbing susah ditemui!!!
2518;276;11-50;3828052.0;text;;[];False;False;429a8a88c0d72b74;[];sidang minggu depan doain ya
2519;276;11-50;3828320.0;text;;[];False;False;34c758c0752f2ad6;[];proposal skripsi gw ditolak!!!
2520;276;11-50;3828373.0;text;;[];True;False;429a8a88c0d72b74;[];gimana kabar lu sekarang?
2521;276;1-10;3828500.0;text;;[];False;False;34c758c0752f2ad6;[];bet!!
2522;276;11-50;3828685.0;text;;[];False;False;429a8a88c0d72b74;[];gw mau ambil cuti semester
2523;276;1-10;3830031.0;text;2514.0;[];False;False;5b84a0355e8e6fc8;[];bole
2524;276;11-50;3830039.0;text;;[];False;False;5b84a0355e8e6fc8;[];dosen pembimbing susah ditemui
2525;277;101-500;4088516.0;text;;[];True;False;34c758c0752f2ad6;[];guys ada yang tau ga sih kenapa sistem registrasi online kampus sering banget error pas masa pengisian KRS? tiap semester selalu gitu bikin stres, mana harus rebutan mata kuliah yang kuotanya dikit banget lagi. apa emang servernya ga kuat ya nampung banyak mahasiswa sekaligus!!
2526;277;11-50;4138379.0;text;;[];False;False;f8334cd35571ac09;[];gw lg ngerjain tugas nih
2527;277;11-50;4138405.0;text;;[];False;True;f8334cd35571ac09;[];mantap bgt hasilnya!
2528;277;11-50;4138418.0;text;;['💪🏻'];False;True;f8334cd35571ac09;[];mantap bgt hasilnya!
2529;277;11-50;4140099.0;text;;[];False;False;5b84a0355e8e6fc8;[];gw belom mulai tugas
2530;278;11-50;4159170.0;text;;[];False;False;b1a879cfa170b5d6;[];KETEMUAN DI MALL JAM 3 YA
2531;278;11-50;4159234.0;text;;[];True;False;5b84a0355e8e6fc8;[];nilai keluar kapan ya?
2532;278;1-10;4159238.0;text;;[];False;False;429a8a88c0d72b74;[];mah
2533;278;11-50;4159240.0;text;;[];False;False;5b84a0355e8e6fc8;[];lu dimana sih lama banget
2534;278;11-50;4159246.0;text;;[];False;False;429a8a88c0d72b74;[];rame banget disini cuy
2535;278;11-50;4159253.0;text;;[];False;False;429a8a88c0d72b74;[];rame banget disini cuy
2536;278;11-50;4159254.0;text;;[];False;False;5b84a0355e8e6fc8;[];rame banget disini cuy
2537;278;1-10;4159258.0;text;;[];False;False;5b84a0355e8e6fc8;[];wah
2538;278;11-50;4159275.0;text;;[];False;False;b1a879cfa170b5d6;[];GW NYARI PARKIR DULU BENTAR
2539;278;51-100;4159278.0;text;;[];False;False;5b84a0355e8e6fc8;[];kemarin malem gw begadang nonton bola sampe subuh terus ketiduran
2540;278;11-50;4159286.0;text;;[];False;False;5b84a0355e8e6fc8;[];gw naik ojol aja deh
2541;278;51-100;4159366.0;text;;[];True;False;67bd5da43f6b0e96;[];gimana caranya biar bisa fokus... belajar tanpa main hp terus ya?
2542;278;1-10;4159655.0;text;;[];True;False;bc6dfeff63215c29;[];UDAH?
2543;278;11-50;4159694.0;text;;[];False;False;429a8a88c0d72b74;[];macet parah di jalan tol
2544;279;0;4160323.0;image/jpeg;;[];False;False;429a8a88c0d72b74;[];[Foto]
2545;279;1-10;4160590.0;text;2544.0;[];False;True;5b84a0355e8e6fc8;[];aduh!
2546;279;11-50;4160603.0;text;;[];True;False;5b84a0355e8e6fc8;[];wifi password nya apa sih?
2547;279;11-50;4160627.0;text;;[];False;False;1e9822711688fba3;[];gw ngga,,, bisa ikut,,, malem ini
2548;279;1-10;4160672.0;text;;[];False;True;5b84a0355e8e6fc8;[];aduh!
2549;279;11-50;4160698.0;text;;[];False;False;5b84a0355e8e6fc8;[];gw naik ojol aja deh
2550;279;11-50;4165049.0;text;;[];False;False;b1a879cfa170b5d6;[];KITA KETEMUAN DIMANA AJA DEH
2551;279;11-50;4165059.0;text;;[];False;False;b1a879cfa170b5d6;[];JANGAN LUPA BAWA DUIT CASH
2552;279;11-50;4165064.0;text;;[];False;False;429a8a88c0d72b74;[];lu dimana sih lama banget
2553;279;11-50;4165100.0;text;;[];False;False;b1a879cfa170b5d6;[];BSK SORE ADA WAKTU GA
2554;279;11-50;4165484.0;text;;[];False;False;bc6dfeff63215c29;[];JANGAN LUPA BAWA DUIT CASH
2555;280;11-50;4166315.0;text;;['😅'];False;False;bc6dfeff63215c29;[];MANGA TERBARU UDAH KELUAR LOH
2556;280;11-50;4168929.0;text;;[];True;False;b1a879cfa170b5d6;[];ADA SINYAL GA DISITU?
2557;280;11-50;4168946.0;text;;[];False;False;520579885d41181b;[];album baruuu dia enak bangetttt
2558;280;11-50;4169574.0;text;;[];True;False;f8334cd35571ac09;[];ad sinyal ga disitu?
2559;280;11-50;4169580.0;text;;[];False;False;f8334cd35571ac09;[];album baru dia enak bgt
2560;280;1-10;4169599.0;text;;[];False;False;5b84a0355e8e6fc8;[];bete
2561;280;11-50;4169605.0;text;;[];True;False;5b84a0355e8e6fc8;[];ada sinyal ga disitu?
2562;280;51-100;4170720.0;text;;[];False;False;4a6ca718df4d5631;[];gw gagal diet lg soalnya tadi sore diajak makan bakso sm temen
2563;280;11-50;4170728.0;text;;[];False;False;4a6ca718df4d5631;[];game baru udah download blm
2564;280;1-10;4170798.0;text;;[];False;False;f8334cd35571ac09;[];btw
2565;280;11-50;4170822.0;text;;[];False;False;f8334cd35571ac09;[];futsal besok jadi ga
2566;280;1-10;4170823.0;text;;['😂'];False;False;f8334cd35571ac09;[];fyi
2567;280;51-100;4170828.0;text;;[];True;False;5b84a0355e8e6fc8;[];kira kira kalo gw apply magang sekarang masih keburu ga ya?
2568;280;51-100;4170845.0;text;;[];True;False;5b84a0355e8e6fc8;[];kira kira kalo gw apply magang sekarang masih keburu ga ya?
2569;280;101-500;4170897.0;text;;[];False;False;4a6ca718df4d5631;[];tadi siang gw makan di warung makan baru deket gerbang belakang kampus. nasi gorengnya lumayan enak dan harganya murah bgt cuma 12 ribu udah sm es teh. kayaknya bakal jadi langganan baru deh soalnya warteg biasa gw udah mulai naik harga dan porsinya makin dikit aja
2570;280;101-500;4170907.0;text;;[];True;False;bc6dfeff63215c29;[];MENURUT KALIAN KENAPA YA GENERASI KITA TUH KAYAKNYA LEBIH GAMPANG STRES DAN BURNOUT DIBANDING GENERASI ORANG TUA KITA DULU? APA KARENA TEKANAN SOSMED ATAU EMANG TUNTUTAN HIDUP YANG MAKIN TINGGI YA? GW PENASARAN AJA SIH SOALNYA TEMEN TEMEN GW BANYAK YANG NGELUH HAL YANG SAMA
2571;280;11-50;4170917.0;text;;[];False;False;4a6ca718df4d5631;[];gym hari ni skip deh
2572;280;51-100;4170960.0;text;;[];True;False;bc6dfeff63215c29;[];KIRA KIRA KALO GW APPLY MAGANG SEKARANG MASIH KEBURU GA YA?
2573;280;11-50;4170960.0;text;;[];False;False;5b84a0355e8e6fc8;[];album baru dia enak banget
2574;280;101-500;4171028.0;text;;[];False;False;5b84a0355e8e6fc8;[];tadi siang gw makan di warung makan baru deket gerbang belakang kampus. nasi gorengnya lumayan enak dan harganya murah banget cuma 12 ribu udah sama es teh. kayaknya bakal jadi langganan baru deh soalnya warteg biasa gw udah mulai naik harga dan porsinya makin dikit aja
2575;280;51-100;4171035.0;text;;[];False;False;bc6dfeff63215c29;[];GW HARUS GANTI STRATEGI BELAJAR SIH SOALNYA NILAI UTS KEMARIN JELEK BGT
2576;280;11-50;4171065.0;text;;[];False;False;5b84a0355e8e6fc8;[];manga terbaru udah keluar loh
2577;280;11-50;4171076.0;text;;[];True;False;5b84a0355e8e6fc8;[];booking duluan apa langsung aja?
2578;280;51-100;4171112.0;text;;[];False;False;bc6dfeff63215c29;[];GW GAGAL DIET LAGI SOALNYA TADI SORE DIAJAK MAKAN BAKSO SAMA TEMEN
2579;280;11-50;4171212.0;text;;[];False;False;bc6dfeff63215c29;[];ALBUM BARU DIA ENAK BANGET
2580;280;11-50;4171337.0;text;;[];False;False;5b84a0355e8e6fc8;[];gw lagi baca novel baru nih
2581;280;51-100;4171371.0;text;;[];False;False;90c1a2bcc4328640;[];semalam hujan gede bangetttt sampe kosann gw mati lampuuu semalemann gila
2582;281;11-50;4177131.0;text;;[];True;False;34c758c0752f2ad6;[];lu punya kontak dia ga!!
2583;281;11-50;4177246.0;text;;[];False;False;f8334cd35571ac09;[];ntar gw kabarin lg deh
2584;281;11-50;4177257.0;text;;[];False;False;f8334cd35571ac09;[];ntar gw kabarin lg deh
2585;281;1-10;4177275.0;text;;['🙏🏼'];False;False;f8334cd35571ac09;[];okk
2586;281;51-100;4177447.0;text;;['😵\u200d💫'];False;False;bc6dfeff63215c29;[];DUIT JAJAN GW ABIS PADAHAL BARU TANGGAL 15 HARUS NGIRIT BANGET NIH
2587;281;11-50;4177555.0;text;;[];False;False;b1a879cfa170b5d6;[];HUJAN DERES GA BAWA PAYUNG
2588;281;51-100;4177747.0;text;;[];True;False;34c758c0752f2ad6;[];kenapa ya akhir akhir ini gw susah banget tidur padahal capek!!!
2589;282;11-50;4184155.0;text;;[];True;False;f8334cd35571ac09;[];bs jemput gw ga?
2590;282;51-100;4184390.0;text;;[];False;False;429a8a88c0d72b74;[];tadi gw antri di administrasi kampus 2 jam cuma buat ngurus surat
2591;282;11-50;4184424.0;text;;[];True;False;f8334cd35571ac09;[];besok libur bukan sih?
2592;282;51-100;4184433.0;text;;[];True;False;f8334cd35571ac09;[];mendingan naik kereta apa bus sih kalo mau ke bandung dr sini?
2593;282;1-10;4184447.0;text;;['😂'];False;False;34c758c0752f2ad6;[];siapp!!
2594;282;11-50;4184464.0;text;;[];True;False;f8334cd35571ac09;[];mau nitip apa ga?
2595;282;1-10;4184466.0;text;;[];False;False;67bd5da43f6b0e96;[];gassss
2596;282;11-50;4184470.0;text;;[];False;False;f8334cd35571ac09;[];gw lg di atm btr
2597;282;51-100;4184472.0;text;;[];False;False;429a8a88c0d72b74;[];gw seneng banget akhirnya bisa ketemu temen temen lama setelah lama ga
2598;282;11-50;4184487.0;text;;[];False;False;429a8a88c0d72b74;[];gw lagi di atm sebentar
2599;282;0;4184491.0;image/jpeg;;[];False;False;429a8a88c0d72b74;[];[Foto]
2600;282;101-500;4184501.0;text;;[];False;False;67bd5da43f6b0e96;[];kemarin gw ikut... kegiatan... bakti sosial yang diadain sama BEM fakultas. kita ke panti asuhan di pinggiran kota buat ngajar... anak anak dan bagi bagi sembako. seru banget sih dan... bikin hati adem.... anak anaknya lucu lucu dan semangat banget... belajar walau fasilitas mereka... terbatas. jadi pengen rutin kesana
2601;282;11-50;4184505.0;text;;[];False;False;429a8a88c0d72b74;[];hujan deres ga bawa payung
2602;282;11-50;4184512.0;text;;[];False;False;67bd5da43f6b0e96;[];capek banget hari... ini asli
2603;282;11-50;4184530.0;text;;[];False;False;67bd5da43f6b0e96;[];hp gw lowbat... nih
2604;282;11-50;4184533.0;text;;[];False;False;67bd5da43f6b0e96;[];gw lagi di atm sebentar
2605;282;51-100;4184561.0;text;;[];False;False;67bd5da43f6b0e96;[];laptop gw mulai lemot nih... kayaknya harus install ulang atau ganti RAM
2606;282;51-100;4184590.0;text;;[];False;False;67bd5da43f6b0e96;[];tadi gw antri... di administrasi kampus 2 jam cuma buat ngurus surat
2607;282;11-50;4184598.0;text;;[];False;False;67bd5da43f6b0e96;[];hujan deres ga bawa payung
2608;282;11-50;4184608.0;text;;[];False;False;34c758c0752f2ad6;[];charger hp gw rusak lagi!!
2609;282;11-50;4184619.0;text;;[];False;False;34c758c0752f2ad6;[];hujan deres ga bawa payung!!
2610;282;0;4184619.0;audio;;[];False;False;f8334cd35571ac09;[];[Voice Note]
2611;282;1-10;4184623.0;text;;['😂'];False;False;34c758c0752f2ad6;[];hem!!!
2612;282;51-100;4184639.0;text;;[];False;False;67bd5da43f6b0e96;[];laptop gw mulai... lemot nih kayaknya harus install ulang atau... ganti RAM
2613;282;0;4184686.0;audio;;[];False;False;429a8a88c0d72b74;[];[Voice Note]
2614;282;11-50;4184689.0;text;;[];False;False;67bd5da43f6b0e96;[];bentar ya gw lg di jalan
2615;282;11-50;4184697.0;text;;[];False;False;67bd5da43f6b0e96;[];baru bangun nih masih... ngantuk
2616;282;11-50;4184746.0;text;;['🙏🏼'];False;False;f8334cd35571ac09;[];hujan deres ga bawa payung
2617;282;11-50;4184753.0;text;;[];False;False;f8334cd35571ac09;[];bentar ya gw lg di jalan
2618;282;11-50;4184769.0;text;;['😂'];False;False;f8334cd35571ac09;[];cuaca hari ni panas bgt
2619;282;0;4184802.0;audio;;[];False;False;429a8a88c0d72b74;[];[Voice Note]
2620;282;1-10;4184865.0;text;;[];False;False;f8334cd35571ac09;[];siapp
2621;282;51-100;4184876.0;text;;[];False;False;f8334cd35571ac09;[];laptop gw mulai lemot nih kayaknya hrs install ulang atau ganti ram
2622;282;1-10;4184885.0;text;;['😅'];False;False;f8334cd35571ac09;[];iyaa
2623;282;1-10;4184892.0;text;;['😂'];False;False;34c758c0752f2ad6;[];hem!!
2624;282;11-50;4184897.0;text;;[];True;False;34c758c0752f2ad6;[];lu punya kontak dia ga!!
2625;282;11-50;4184944.0;text;;[];False;False;429a8a88c0d72b74;['90c1a2bcc4328640'];ntar gw kabarin lagi deh
2626;282;51-100;4185620.0;text;;[];False;False;952659779523cd55;[];duit jajan gw abis... padahal... baru... tanggal 15 hrs ngirit... bgt nih
2627;282;11-50;4185622.0;text;;[];True;False;f8334cd35571ac09;[];bs jemput gw ga?
2628;282;11-50;4185640.0;text;;['😆'];True;False;f8334cd35571ac09;[];gw hrs bawa apa aja?
2629;282;51-100;4185760.0;text;;[];False;False;67bd5da43f6b0e96;[];gw lagi dengerin podcast tentang psikologi, lumayan buat nambah... wawasan
2630;282;11-50;4185770.0;text;;[];False;False;429a8a88c0d72b74;[];charger hp gw rusak lagi
2631;282;11-50;4185779.0;text;;[];False;False;67bd5da43f6b0e96;[];hujan deres ga bawa payung
2632;282;11-50;4185794.0;text;;[];False;False;67bd5da43f6b0e96;[];internet mati lagi di... kosan
2633;282;11-50;4185820.0;text;;['😂'];False;True;f8334cd35571ac09;[];bahaya bgt jalanannya!
2634;282;0;4186031.0;sticker/webp;;[];False;False;34c758c0752f2ad6;[];[Stiker]
2635;282;11-50;4186049.0;text;;[];True;False;952659779523cd55;[];mau nitip apa ga?
2636;283;11-50;4219436.0;text;;[];True;True;5b84a0355e8e6fc8;[];kos lu dimana sih tepatnya?
2637;283;11-50;4219514.0;text;;[];False;False;429a8a88c0d72b74;['bc6dfeff63215c29'];gw berantem sama si anu
2638;283;101-500;4219644.0;text;;['🙄'];False;False;bc6dfeff63215c29;[];HARI INI GW ISENG NYOBA BIKIN KOPI PAKE METODE V60 YANG LAGI HYPE DI KALANGAN ANAK ANAK KAMPUS. BELI ALATNYA LUMAYAN MAHAL SIH TAPI HASILNYA EMANG BEDA DARI KOPI SACHET BIASA. KOPINYA LEBIH SMOOTH DAN GA TERLALU PAHIT. KAYAKNYA GW BAKAL KETAGIHAN NIH BIKIN KOPI SENDIRI TIAP PAGI SEBELUM KE KAMPUS
2639;283;0;4219895.0;audio;;[];False;False;f8334cd35571ac09;[];[Voice Note]
2640;283;11-50;4219947.0;text;;[];False;False;f8334cd35571ac09;[];diem diem ternyata jadian
2641;283;11-50;4219959.0;text;;[];False;False;34c758c0752f2ad6;[];eh denger gosip belum!!
2642;283;11-50;4220002.0;text;;['👌🏼'];False;False;f8334cd35571ac09;[];gw kangen temen temen sma
2643;283;11-50;4220819.0;text;;['😏'];False;False;90c1a2bcc4328640;[];temen gw sakitttt masuk rs
2644;283;11-50;4221118.0;text;;[];False;False;bc6dfeff63215c29;[];DIEM DIEM TERNYATA JADIAN
2645;283;11-50;4221119.0;text;;[];False;False;bc6dfeff63215c29;[];TEMENIN GW DONG BESOK
2646;283;11-50;4221123.0;text;;[];False;False;bc6dfeff63215c29;[];ANGKOT KE SANA MASIH ADA GA
2647;283;11-50;4221128.0;text;;[];False;False;bc6dfeff63215c29;[];DIEM DIEM TERNYATA JADIAN
2648;283;11-50;4221233.0;text;2639.0;[];False;False;952659779523cd55;[];gw kangen temen... temen sma
2649;283;101-500;4221765.0;text;;['🥳'];False;False;bc6dfeff63215c29;[];HARI INI GW ISENG NYOBA BIKIN KOPI PAKE METODE V60 YANG LAGI HYPE DI KALANGAN ANAK ANAK KAMPUS. BELI ALATNYA LUMAYAN MAHAL SIH TAPI HASILNYA EMANG BEDA DARI KOPI SACHET BIASA. KOPINYA LEBIH SMOOTH DAN GA TERLALU PAHIT. KAYAKNYA GW BAKAL KETAGIHAN NIH BIKIN KOPI SENDIRI TIAP PAGI SEBELUM KE KAMPUS
2650;284;0;4228577.0;image/jpeg;;[];False;False;a0c0c0fcf00e254f;[];[Foto]
2651;284;0;4228581.0;image/jpeg;;[];False;False;a0c0c0fcf00e254f;[];[Foto]
2652;284;51-100;4228611.0;text;;[];False;False;a0c0c0fcf00e254f;[];tadi gw antri di administrasi kampus 2 jam cuma buat ngurus surat
2653;284;1-10;4229316.0;text;;[];False;False;429a8a88c0d72b74;[];gassss
2654;284;11-50;4229339.0;text;;[];True;False;429a8a88c0d72b74;[];mau nitip apa ga?
2655;284;1-10;4229348.0;text;;[];False;False;a0c0c0fcf00e254f;[];hem
2656;284;51-100;4229362.0;text;;[];False;False;a0c0c0fcf00e254f;[];duit jajan gw abis padahal baru tanggal 15 harus ngirit banget nih
2657;284;0;4231769.0;unknown;;[];False;False;99ff9bc65662dfbd;[];[Media tidak dikenal]
2658;284;51-100;4232173.0;text;;[];False;False;da338bd7da5a29bc;[];Gw seneng banget akhirnya bisa ketemu temen temen lama setelah lama ga.
2659;284;11-50;4232242.0;text;;[];True;False;429a8a88c0d72b74;[];lu punya kontak dia ga?
2660;284;1-10;4232424.0;text;2659.0;[];False;False;da338bd7da5a29bc;[];Gassss.
2661;284;11-50;4232431.0;text;;[];False;False;da338bd7da5a29bc;[];Lu tim mana dukungnya.
2662;284;1-10;4232447.0;text;;[];False;False;efb56404cf0b8a36;[];gassss
2663;284;11-50;4232455.0;text;;['😅'];False;False;da338bd7da5a29bc;[];Gw lagi di atm sebentar.
2664;284;11-50;4232689.0;text;2650.0;[];True;False;5b84a0355e8e6fc8;[];mau nitip apa ga?
2665;284;11-50;4232702.0;text;;[];False;False;5b84a0355e8e6fc8;[];gw mau tidur dulu ya
2666;284;500+;4232709.0;text;;[];False;False;da338bd7da5a29bc;[];Internet mati lagi di kosan.
2667;284;11-50;4232721.0;text;;[];False;False;da338bd7da5a29bc;[];Hujan deres ga bawa payung.
2668;284;11-50;4232829.0;text;;[];True;False;1e9822711688fba3;[];bisa jemput,,, gw,,, ga?
2669;284;11-50;4232887.0;text;;[];True;False;67dd671eb77f5b53;[];masih buka ga warungnya?
2670;284;11-50;4232955.0;text;;[];False;False;da338bd7da5a29bc;[];Gw baru ganti nomor btw.
2671;284;0;4233087.0;image/jpeg;;[];False;False;429a8a88c0d72b74;[];[Foto]
2672;284;0;4233093.0;unknown;;[];False;False;429a8a88c0d72b74;[];[Media tidak dikenal]
2673;284;11-50;4233274.0;text;;[];False;False;429a8a88c0d72b74;[];gw baru ganti nomor btw
2674;284;1-10;4233476.0;text;;[];False;False;a0c0c0fcf00e254f;[];okk
2675;284;51-100;4233911.0;text;;[];True;False;952659779523cd55;[];mendingan naik kereta... apa bus... sih kalo mau ke bandung dr sini?
2676;285;11-50;4243557.0;text;;[];False;False;34c758c0752f2ad6;[];gw naik ojol aja deh!!!
2677;285;11-50;4243619.0;text;;[];False;False;67dd671eb77f5b53;[];gw ngga bisa ikut malem ini
2678;285;1-10;4243621.0;text;;[];False;False;67dd671eb77f5b53;[];hoo
2679;285;51-100;4243747.0;text;;[];False;False;a0c0c0fcf00e254f;[];gw lagi nyoba masak rendang resep nyokap tapi kayaknya gagal total deh
2680;285;11-50;4243887.0;text;;[];False;False;5b84a0355e8e6fc8;[];kita ketemuan dimana aja deh
2681;285;101-500;4244490.0;text;;[];False;False;952659779523cd55;[];gw baru aja beres beresin kosan dan nemu barang... barang lama dr jaman sma. ad... foto... kelas, surat dr mantan, sm buku diary yg... isinya... cringe bgt kalo dibaca skrg.... jadi nostalgia sendiri inget masa masa dulu yg lebih sederhana.... kadang kangen jg sih jadi anak sma lg tanpa mikirin... skripsi
2682;285;0;4244492.0;image/jpeg;;[];False;False;952659779523cd55;[];[Foto]
2683;285;1-10;4249125.0;text;;['☝🏼'];False;False;da338bd7da5a29bc;[];Ahh.
2684;285;101-500;4249174.0;text;;[];False;False;da338bd7da5a29bc;[];Gw baru aja beres beresin kosan dan nemu barang barang lama dari jaman SMA. ada foto kelas, surat dari mantan, sama buku diary yang isinya cringe banget kalo dibaca sekarang. jadi nostalgia sendiri inget masa masa dulu yang lebih sederhana. kadang kangen juga sih jadi anak SMA lagi tanpa mikirin skripsi.
2685;285;11-50;4249237.0;text;;[];False;False;f8334cd35571ac09;[];gw nyari parkir dulu bentar
2686;285;101-500;4249283.0;text;;['😂'];True;False;da338bd7da5a29bc;[];eh ada yang punya rekomendasi laptop budget 5 jutaan yang bagus buat kuliah dan ngoding ga? laptop gw yang sekarang udah mulai lemot dan sering ngehang kalo buka banyak tab. pengennya sih yang ringan buat dibawa ke kampus tapi tetep kenceng performanya, ada saran?
2687;285;1-10;4249347.0;text;;[];False;False;952659779523cd55;[];yaa
2688;285;11-50;4249403.0;text;;[];False;False;952659779523cd55;[];rame bgt disini cuy
2689;285;11-50;4249417.0;text;;[];False;False;952659779523cd55;[];macet parah di jalan tol
2690;285;11-50;4249525.0;text;;['😅'];False;False;f8334cd35571ac09;[];gw nyari parkir dulu bentar
2691;285;101-500;4249551.0;text;;[];False;False;f8334cd35571ac09;[];gw baru aja beres beresin kosan dan nemu barang barang lama dr jaman sma. ad foto kelas, surat dr mantan, sm buku diary yg isinya cringe bgt kalo dibaca skrg. jadi nostalgia sendiri inget masa masa dulu yg lebih sederhana. kadang kangen jg sih jadi anak sma lg tanpa mikirin skripsi
2692;285;51-100;4249566.0;text;;[];False;False;f8334cd35571ac09;[];temen sekamar gw pindah kosan jadi skrg gw sendirian di kamar
2693;285;1-10;4249860.0;text;;[];False;False;952659779523cd55;[];wah
2694;285;11-50;4249867.0;text;;[];False;False;429a8a88c0d72b74;[];rame banget disini cuy
2695;285;11-50;4249879.0;text;;[];False;False;429a8a88c0d72b74;[];gw lagi di warkop nih
2696;285;51-100;4250017.0;text;;[];False;False;952659779523cd55;[];motor gw mogok di... tengah jalan... tadi pagi jadi... gw telat masuk kelas
2697;285;51-100;4250106.0;text;;[];False;False;429a8a88c0d72b74;[];temen sekamar gw pindah kosan jadi sekarang gw sendirian di kamar
2698;285;11-50;4250191.0;text;;[];True;False;f8334cd35571ac09;[];nilai keluar kapan ya?
2699;285;1-10;4250201.0;text;;[];False;False;429a8a88c0d72b74;[];ooh
2700;285;11-50;4250201.0;text;;['😅'];False;False;f8334cd35571ac09;[];gw udah di parkiran nih
2701;285;11-50;4250208.0;text;;[];False;False;f8334cd35571ac09;[];gw nyari parkir dulu bentar
2702;285;1-10;4250209.0;text;;['😂'];False;False;f8334cd35571ac09;[];hoo
2703;285;101-500;4250778.0;text;;[];True;False;f8334cd35571ac09;[];menurut kalian knp ya generasi kita tuh kayaknya lebih gampang stres dan burnout dibanding generasi orang tua kita dulu? apa krn tekanan sosmed atau emang tuntutan hidup yg makin tinggi ya? gw penasaran aja sih soalnya temen temen gw banyak yg ngeluh hal yg sm
2704;285;101-500;4251230.0;text;;[];True;False;429a8a88c0d72b74;[];gw lagi bimbang nih antara mau ikut organisasi kampus atau fokus ke akademik aja. menurut kalian gimana sih, worth it ga sih ikut organisasi? soalnya gw denger banyak yang bilang bisa nambah soft skill tapi di sisi lain waktu buat belajar jadi berkurang kan, gimana pengalaman kalian?
2705;285;51-100;4251865.0;text;;[];True;False;952659779523cd55;[];gmn caranya biar bs fokus belajar tanpa main hp terus ya?
2706;285;51-100;4252447.0;text;;[];False;False;429a8a88c0d72b74;[];gw harus nabung lebih banyak sih buat bayar uang semester yang naik
2707;285;101-500;4252552.0;text;;[];False;False;5b84a0355e8e6fc8;[];gw baru aja beres beresin kosan dan nemu barang barang lama dari jaman SMA. ada foto kelas, surat dari mantan, sama buku diary yang isinya cringe banget kalo dibaca sekarang. jadi nostalgia sendiri inget masa masa dulu yang lebih sederhana. kadang kangen juga sih jadi anak SMA lagi tanpa mikirin skripsi
2708;285;11-50;4256226.0;text;;[];True;False;f8334cd35571ac09;[];nilai keluar kapan ya?
2709;285;11-50;4256313.0;text;;[];False;False;34c758c0752f2ad6;[];gw naik ojol aja deh!!
2710;285;11-50;4256323.0;text;;[];False;False;34c758c0752f2ad6;[];ketemuan di mall jam 3 ya!!
2711;285;0;4256327.0;sticker/webp;;[];False;False;34c758c0752f2ad6;[];[Stiker]
2712;285;11-50;4256385.0;text;;[];False;False;da338bd7da5a29bc;[];Rame banget disini cuy.
2713;285;51-100;4256405.0;text;;[];False;False;da338bd7da5a29bc;[];Temen sekamar gw pindah kosan jadi sekarang gw sendirian di kamar.
2714;285;51-100;4257389.0;text;;[];False;False;952659779523cd55;[];gw hrs nabung lebih banyak... sih buat bayar uang... semester yg naik
2715;285;11-50;4257408.0;text;;[];False;False;429a8a88c0d72b74;[];jangan lupa bawa duit cash
2716;285;11-50;4257506.0;text;;[];False;False;34c758c0752f2ad6;[];gw nyari parkir dulu bentar!!
2717;285;51-100;4258954.0;text;;[];False;False;429a8a88c0d72b74;[];kemarin malem gw begadang nonton bola sampe subuh terus ketiduran
2718;285;11-50;4259661.0;text;;[];False;False;a0c0c0fcf00e254f;[];lu dimana sih lama banget
2719;285;1-10;4259780.0;text;;[];False;False;34c758c0752f2ad6;[];mah!!!
2720;285;0;4259857.0;sticker/webp;;[];False;False;bc6dfeff63215c29;[];[Stiker]
2721;285;51-100;4260955.0;text;;[];False;False;520579885d41181b;['e2d26c8892d9f26e'];gw harussss nabung lebih banyakkkk sih buat bayarr uang semesterrrr yang naik
2722;285;11-50;4260970.0;text;;[];False;False;520579885d41181b;[];gw udah di parkirannn nih
2723;285;11-50;4261003.0;text;;[];False;False;e2d26c8892d9f26e;[];gw nyari parkir dulu bentar!!
2724;285;51-100;4261042.0;text;;[];True;False;520579885d41181b;[];gimanaaa caranya biar bisaaaa fokus belajar tanpaaaa main hp terus ya?
2725;285;11-50;4261068.0;text;;[];False;False;e2d26c8892d9f26e;[];kita ketemuan dimana aja deh!!
2726;285;11-50;4261078.0;text;;[];False;False;e2d26c8892d9f26e;[];macet parah di jalan tol!!!
2727;285;11-50;4261087.0;text;;[];False;False;520579885d41181b;[];gw naik ojol aja deh
2728;285;11-50;4261107.0;text;;[];False;True;e2d26c8892d9f26e;[];asik besok libur guys!!
2729;285;51-100;4261114.0;text;;[];False;False;520579885d41181b;[];gw lagi nyoba masakkkk rendang reseppp nyokapppp tapii kayaknya gagalll total deh
2730;285;11-50;4263365.0;text;;[];True;False;f8334cd35571ac09;[];makan apa ntar siang?
2731;285;51-100;4263513.0;text;;[];False;False;bc6dfeff63215c29;[];GW HARUS NABUNG LEBIH BANYAK SIH BUAT BAYAR UANG SEMESTER YANG NAIK
2732;285;1-10;4264110.0;text;;[];False;False;f8334cd35571ac09;[];yaa
2733;285;51-100;4264155.0;text;;[];False;False;f8334cd35571ac09;[];kemarin malem gw begadang nonton bola sampe subuh terus ketiduran
2734;286;51-100;4271307.0;text;;[];True;False;f8334cd35571ac09;[];kira kira kalo gw apply magang skrg msh keburu ga ya?
2735;286;1-10;4271326.0;text;;[];False;False;429a8a88c0d72b74;[];hoki
2736;286;51-100;4271350.0;text;;[];False;False;f8334cd35571ac09;[];gw gagal diet lg soalnya tadi sore diajak makan bakso sm temen
2737;286;11-50;4271350.0;text;;[];False;False;f8334cd35571ac09;[];gym hari ni skip deh
2738;286;0;4271397.0;image/jpeg;;[];False;False;5af6a4550b616407;[];[Foto]
2739;287;11-50;4331632.0;text;;[];False;False;f8334cd35571ac09;[];gw mau ambil cuti semester
2740;287;11-50;4331684.0;text;;[];False;False;34c758c0752f2ad6;[];gw mau ambil cuti semester!!
2741;287;0;4331697.0;sticker/webp;;[];False;False;34c758c0752f2ad6;[];[Stiker]
2742;287;51-100;4331855.0;text;;[];True;False;952659779523cd55;[];menurut lu gw hrs ambil mata kuliah pilihan yg mana semester depan?
2743;287;0;4332282.0;image/jpeg;;[];False;False;f8334cd35571ac09;[];[Foto]
2744;287;11-50;4332412.0;text;;[];False;False;da338bd7da5a29bc;[];Sidang minggu depan doain ya.
2745;287;11-50;4332720.0;text;;[];False;False;1e9822711688fba3;[];kelas tambahan hari sabtu,,, sih
2746;287;51-100;4332795.0;text;2745.0;[];False;False;1e9822711688fba3;[];gw udah bikin slides presentasi tapi kayaknya masih kurang bagus deh isinya
2747;287;11-50;4332801.0;text;;[];True;False;1e9822711688fba3;[];gimana kabar lu sekarang?
2748;287;101-500;4333141.0;text;;[];False;False;f8334cd35571ac09;[];gw lg galau bgt nih soal masa depan. mau lanjut s2 tp duit ga ad, mau langsung kerja tp pengalaman msh minim. nyokap bilang terserah gw aja tp gw tau dia pengen gw cepet kerja biar bs bantu ekonomi keluarga. bingung bgt sih, kyk smua pilihan ad plus minusnya
2749;287;101-500;4333143.0;text;;[];False;False;f8334cd35571ac09;[];gw lg galau bgt nih soal masa depan. mau lanjut s2 tp duit ga ad, mau langsung kerja tp pengalaman msh minim. nyokap bilang terserah gw aja tp gw tau dia pengen gw cepet kerja biar bs bantu ekonomi keluarga. bingung bgt sih, kyk smua pilihan ad plus minusnya
2750;287;101-500;4333195.0;text;;[];True;False;952659779523cd55;[];menurut kalian knp ya generasi kita tuh kayaknya lebih gampang stres dan... burnout dibanding generasi orang tua kita dulu? apa krn tekanan sosmed atau emang tuntutan hidup yg makin tinggi... ya? gw... penasaran aja sih soalnya... temen temen gw banyak... yg ngeluh hal yg... sm
2751;287;11-50;4333204.0;text;;[];False;False;952659779523cd55;[];lu udah makan blm
2752;287;11-50;4333481.0;text;;[];True;False;efb56404cf0b8a36;[];ada yang punya catetan?,,,
2753;287;1-10;4333489.0;text;2740.0;[];False;False;429a8a88c0d72b74;[];asli
2754;287;1-10;4333582.0;text;2751.0;[];False;False;f8334cd35571ac09;[];aman
2755;287;51-100;4333599.0;text;;[];False;False;f8334cd35571ac09;[];jangan lupa besok kumpul di lobby kampus jam 8 pagi buat berangkat bareng
2756;287;51-100;4333653.0;text;;[];False;False;1e9822711688fba3;[];kemarin gw ke toko,,, buku beli novel baru,,, sama buku referensi buat,,, skripsi
2757;287;11-50;4333693.0;text;;[];False;False;bc6dfeff63215c29;[];GW BARU AJA DARI KAMPUS
2758;287;11-50;4333996.0;text;;[];False;False;f8334cd35571ac09;[];lu udah makan blm
2759;287;51-100;4334001.0;text;;[];False;False;952659779523cd55;[];kosan gw bocor lg pas hujan semalam, kasur... gw basah... smua parah... bgt
2760;287;1-10;4334002.0;text;;[];False;False;f8334cd35571ac09;[];aman
2761;287;11-50;4334013.0;text;;[];False;False;f8334cd35571ac09;[];gw baru aja dr kampus
2762;287;1-10;4334024.0;text;;['😂'];False;False;f8334cd35571ac09;[];gpp
2763;287;11-50;4334048.0;text;;[];False;False;1e9822711688fba3;[];gw baru aja,,, dari kampus
2764;287;51-100;4334057.0;text;;[];False;False;1e9822711688fba3;[];jangan lupa besok kumpul di lobby,,, kampus jam 8 pagi buat berangkat,,, bareng
2765;287;11-50;4334064.0;text;;[];False;False;1e9822711688fba3;[];mie ayam pak kumis,,, juara sih
2766;287;51-100;4334080.0;text;;[];False;False;952659779523cd55;[];kemarin gw ke... toko buku beli novel baru... sm buku... referensi buat... skripsi
2767;287;0;4334142.0;audio;;[];False;False;429a8a88c0d72b74;[];[Voice Note]
2768;287;11-50;4334351.0;text;;[];True;False;efb56404cf0b8a36;[];ntar malem ngapain?
2769;287;11-50;4334373.0;text;;[];False;False;429a8a88c0d72b74;[];tugas kelompok bikin pusing
2770;287;0;4334378.0;unknown;;[];False;False;429a8a88c0d72b74;[];[Media tidak dikenal]
2771;287;1-10;4334518.0;text;;[];False;True;efb56404cf0b8a36;[];anjir!
2772;287;1-10;4335723.0;text;;['🤦🏼\u200d♂️'];False;False;520579885d41181b;[];bet
2773;287;11-50;4335832.0;text;;[];False;False;520579885d41181b;[];gw laperrrr banget nih
2774;288;11-50;4336855.0;text;;[];True;False;520579885d41181b;[];siapa aja yg dateng?
2775;288;11-50;4336873.0;text;;[];False;False;34c758c0752f2ad6;[];keluarga ngumpul lebaran nanti!!!
2776;288;11-50;4336874.0;text;;[];False;False;34c758c0752f2ad6;[];gw baru aja ketemu mantan!!
2777;288;11-50;4336876.0;text;;[];False;False;34c758c0752f2ad6;[];duit bulanan belum dikirim!!
2778;288;0;4341147.0;application/pdf;;[];False;False;a0c0c0fcf00e254f;[];[Dokumen PDF]
2779;288;11-50;4341463.0;text;;[];True;False;67dd671eb77f5b53;[];lu lagi ngapain sih?
2780;288;11-50;4341483.0;text;;[];False;False;429a8a88c0d72b74;[];keluarga ngumpul lebaran nanti
2781;288;11-50;4341551.0;text;;['🥲'];False;False;67dd671eb77f5b53;[];gw lagi marathon drakor nih
2782;289;11-50;4342791.0;text;;[];True;False;67dd671eb77f5b53;[];ada sinyal ga disitu?
2783;289;1-10;4343097.0;text;;[];False;False;f8334cd35571ac09;[];jir
2784;289;11-50;4344780.0;text;;[];True;True;5b84a0355e8e6fc8;[];booking duluan apa langsung aja?
2785;290;0;4351246.0;audio;;[];False;False;429a8a88c0d72b74;[];[Voice Note]
2786;290;1-10;4351432.0;text;2784.0;[];False;False;34c758c0752f2ad6;[];oh!!!
2787;290;51-100;4351454.0;text;;[];False;False;34c758c0752f2ad6;[];tadi gw antri di administrasi kampus 2 jam cuma buat ngurus surat!!!
2788;290;11-50;4351469.0;text;;[];False;False;34c758c0752f2ad6;[];cuaca hari ini panas banget!!
2789;290;51-100;4353666.0;text;;[];False;False;5b84a0355e8e6fc8;[];tadi gw antri di administrasi kampus 2 jam cuma buat ngurus surat
2790;290;1-10;4353670.0;text;;[];False;True;5b84a0355e8e6fc8;[];luar biasa!
2791;290;11-50;4353829.0;text;;[];False;False;34c758c0752f2ad6;[];bentar ya gw lg di jalan!!!
2792;290;11-50;4353856.0;text;;[];False;False;5b84a0355e8e6fc8;[];lu tim mana dukungnya
2793;290;11-50;4355414.0;text;;[];False;False;67bd5da43f6b0e96;[];wifi kampus lemot parah
2794;290;11-50;4355425.0;text;;[];False;False;67bd5da43f6b0e96;[];hujan deres ga bawa... payung
2795;290;51-100;4355815.0;text;;[];False;False;bc6dfeff63215c29;[];GW SENENG BANGET AKHIRNYA BISA KETEMU TEMEN TEMEN LAMA SETELAH LAMA GA
2796;291;51-100;4397137.0;image/jpeg;;[];True;False;34c758c0752f2ad6;[];[Foto]
2797;291;11-50;4397166.0;text;;[];True;False;90c1a2bcc4328640;[];besokkk libur bukan sih?
2798;291;1-10;4397170.0;text;;['😂'];False;False;da338bd7da5a29bc;[];Hem.
2799;291;1-10;4397175.0;text;;[];False;False;f8334cd35571ac09;[];okk
2800;291;1-10;4397176.0;text;;[];False;False;da338bd7da5a29bc;[];Yoii.
2801;291;11-50;4397188.0;text;;[];False;False;f8334cd35571ac09;[];lu tim mana dukungnya
2802;291;1-10;4397189.0;text;;['😂'];False;False;f8334cd35571ac09;[];hem
2803;291;51-100;4397222.0;text;;[];False;False;da338bd7da5a29bc;[];Gw seneng banget akhirnya bisa ketemu temen temen lama setelah lama ga.
2804;291;51-100;4397245.0;text;;[];False;False;da338bd7da5a29bc;[];Gw seneng banget akhirnya bisa ketemu temen temen lama setelah lama ga.
2805;291;11-50;4397270.0;text;;['😂'];False;False;da338bd7da5a29bc;[];Internet mati lagi di kosan.
2806;291;11-50;4397287.0;text;;[];False;False;34c758c0752f2ad6;[];gw lg sibuk bgt minggu ini!!
2807;291;51-100;4397320.0;text;;[];True;False;da338bd7da5a29bc;[];kapan ya terakhir kali kita semua ngumpul lengkap kayak dulu?
2808;291;11-50;4397327.0;text;;[];False;False;da338bd7da5a29bc;[];Gw baru ganti nomor btw.
2809;291;11-50;4397357.0;text;;[];False;False;34c758c0752f2ad6;[];wifi kampus lemot parah!!!
2810;291;0;4397374.0;image/jpeg;;[];False;False;f8334cd35571ac09;[];[Foto]
2811;291;11-50;4397386.0;text;;[];False;False;f8334cd35571ac09;[];wifi kampus lemot parah
2812;291;11-50;4397391.0;text;;[];False;False;34c758c0752f2ad6;[];ntar gw kabarin lagi deh!!!
2813;291;11-50;4397396.0;text;;['😜'];False;False;f8334cd35571ac09;[];internet mati lg di kosan
2814;291;1-10;4397406.0;text;;[];False;False;f8334cd35571ac09;[];ah
2815;291;11-50;4397432.0;text;;[];False;False;da338bd7da5a29bc;[];Gw lagi di atm sebentar.
2816;291;11-50;4397449.0;text;;[];False;False;f8334cd35571ac09;[];ntar gw kabarin lg deh
2817;291;51-100;4397467.0;text;;[];False;False;da338bd7da5a29bc;[];Duit jajan gw abis padahal baru tanggal 15 harus ngirit banget nih.
2818;291;51-100;4397469.0;text;;[];False;False;f8334cd35571ac09;[];gw lg dengerin podcast tentang psikologi, lumayan buat nambah wawasan
2819;291;11-50;4397492.0;text;2812.0;[];False;False;429a8a88c0d72b74;[];baru bangun nih masih ngantuk
2820;291;1-10;4397510.0;text;;[];False;False;429a8a88c0d72b74;[];eh
2821;291;11-50;4397524.0;text;;[];False;False;429a8a88c0d72b74;[];charger hp gw rusak lagi
2822;291;11-50;4397537.0;text;2821.0;[];False;False;429a8a88c0d72b74;[];internet mati lagi di kosan
2823;291;1-10;4397546.0;text;;[];False;False;34c758c0752f2ad6;[];siapp!!!
2824;291;0;4397547.0;image/jpeg;;[];False;False;429a8a88c0d72b74;[];[Foto]
2825;291;11-50;4397554.0;text;;[];True;False;34c758c0752f2ad6;[];mau nitip apa ga!!
2826;291;11-50;4397571.0;text;;[];False;False;429a8a88c0d72b74;[];capek banget hari ini asli
2827;291;1-10;4397590.0;text;;[];False;False;34c758c0752f2ad6;[];siapp!!!
2828;291;11-50;4397590.0;text;;[];False;False;429a8a88c0d72b74;[];baru bangun nih masih ngantuk
2829;291;51-100;4397603.0;text;;[];False;False;429a8a88c0d72b74;[];gw lagi dengerin podcast tentang psikologi, lumayan buat nambah wawasan
2830;291;51-100;4397677.0;text;;[];True;False;f8334cd35571ac09;[];lu percaya ga sih sm berita yg lg viral di twitter tu?
2831;291;11-50;4397698.0;text;;[];False;False;34c758c0752f2ad6;[];gw lg sibuk bgt minggu ini!!!
2832;291;51-100;4397722.0;text;;[];False;False;34c758c0752f2ad6;[];duit jajan gw abis padahal baru tanggal 15 harus ngirit banget nih!!
2833;291;11-50;4397729.0;text;;[];False;False;34c758c0752f2ad6;[];baru bangun nih masih ngantuk!!!
2834;291;11-50;4397750.0;text;;[];True;False;5b84a0355e8e6fc8;[];gw harus bawa apa aja?
2835;291;11-50;4397753.0;text;2832.0;[];False;False;f8334cd35571ac09;[];wifi kampus lemot parah
2836;291;101-500;4397761.0;text;;[];False;False;34c758c0752f2ad6;[];gw lagi belajar coding otodidak dari YouTube buat nambah skill. mulai dari HTML CSS dulu baru pelan pelan ke JavaScript. lumayan susah sih awalnya tapi lama lama mulai paham juga. siapa tau nanti bisa bikin portfolio sendiri dan dapet kerjaan freelance buat nambah uang jajan selama kuliah!!!
2837;291;101-500;4397803.0;text;;[];False;False;34c758c0752f2ad6;[];gw lagi belajar coding otodidak dari YouTube buat nambah skill. mulai dari HTML CSS dulu baru pelan pelan ke JavaScript. lumayan susah sih awalnya tapi lama lama mulai paham juga. siapa tau nanti bisa bikin portfolio sendiri dan dapet kerjaan freelance buat nambah uang jajan selama kuliah!!!
2838;291;51-100;4397815.0;text;;[];False;False;34c758c0752f2ad6;[];laptop gw mulai lemot nih kayaknya harus install ulang atau ganti RAM!!
2839;291;51-100;4397847.0;text;;[];False;False;5b84a0355e8e6fc8;[];tadi gw antri di administrasi kampus 2 jam cuma buat ngurus surat
2840;291;11-50;4397861.0;text;;[];False;False;34c758c0752f2ad6;[];lu tim mana dukungnya!!!
2841;291;51-100;4397890.0;text;;[];False;False;34c758c0752f2ad6;[];gw lagi dengerin podcast tentang psikologi, lumayan buat nambah wawasan!!
2842;291;51-100;4398077.0;text;2821.0;[];True;False;da338bd7da5a29bc;[];ada yang punya softcopy buku mata kuliah statistik semester ini ga?
2843;291;11-50;4398089.0;text;2842.0;[];False;False;429a8a88c0d72b74;[];gw lg sibuk bgt minggu ini
2844;291;11-50;4398100.0;text;;[];False;False;429a8a88c0d72b74;[];hujan deres ga bawa payung
2845;291;101-500;4398462.0;text;;[];False;False;da338bd7da5a29bc;[];Gw lagi belajar coding otodidak dari YouTube buat nambah skill. mulai dari HTML CSS dulu baru pelan pelan ke JavaScript. lumayan susah sih awalnya tapi lama lama mulai paham juga. siapa tau nanti bisa bikin portfolio sendiri dan dapet kerjaan freelance buat nambah uang jajan selama kuliah.
2846;291;11-50;4398543.0;text;;[];True;False;429a8a88c0d72b74;[];gw harus bawa apa aja?
2847;291;51-100;4398580.0;text;;[];False;False;da338bd7da5a29bc;[];Gw seneng banget akhirnya bisa ketemu temen temen lama setelah lama ga.
2848;291;11-50;4398587.0;text;;[];False;False;da338bd7da5a29bc;[];Hujan deres ga bawa payung.
2849;291;11-50;4398661.0;text;;[];False;False;429a8a88c0d72b74;[];gw lagi di atm sebentar
2850;291;11-50;4398671.0;text;;[];False;False;429a8a88c0d72b74;[];hp gw lowbat nih
2851;291;11-50;4404449.0;text;;[];False;False;952659779523cd55;[];gw lg di... atm btr
2852;292;0;4414109.0;image/jpeg;;[];False;False;f8334cd35571ac09;[];[Foto]
2853;292;11-50;4414141.0;text;;[];False;False;f8334cd35571ac09;[];gw naik ojol aja deh
2854;292;0;4414232.0;sticker/webp;;[];False;False;34c758c0752f2ad6;[];[Stiker]
2855;292;11-50;4414234.0;text;;[];False;False;34c758c0752f2ad6;[];gw naik ojol aja deh!!!
2856;292;51-100;4414248.0;text;;[];False;False;f8334cd35571ac09;[];gw hrs nabung lebih banyak sih buat bayar uang semester yg naik
2857;292;51-100;4414283.0;text;;['😂'];False;False;f8334cd35571ac09;[];motor gw mogok di tengah jalan tadi pagi jadi gw telat masuk kelas
2858;292;1-10;4415269.0;text;2853.0;[];False;False;952659779523cd55;[];kok
2859;292;101-500;4415482.0;text;;[];False;False;a0c0c0fcf00e254f;[];gw baru aja beres beresin kosan dan nemu barang barang lama dari jaman sma. ada foto kelas, surat dari mantan, sama buku diary yang isinya cringe banget kalo dibaca sekarang. jadi nostalgia sendiri inget masa masa dulu yang lebih sederhana. kadang kangen juga sih jadi anak sma lagi tanpa mikirin skripsi
2860;293;101-500;4476207.0;text;;[];True;False;f8334cd35571ac09;[];guys ad yg tau ga sih knp sistem registrasi online kampus sering bgt error pas masa pengisian krs? tiap semester selalu gitu bikin stres, mana hrs rebutan mata kuliah yg kuotanya dikit bgt lg. apa emang servernya ga kuat ya nampung banyak mahasiswa sekaligus?
2861;293;51-100;4476230.0;text;;[];False;False;f8334cd35571ac09;[];gw lg nyoba masak rendang resep nyokap tp kayaknya gagal total deh
2862;293;11-50;4476536.0;text;;[];False;False;429a8a88c0d72b74;[];gw udah di parkiran nih
2863;293;11-50;4476570.0;text;;[];False;False;f8334cd35571ac09;[];bsk sore ad waktu ga
2864;293;11-50;4476586.0;text;;[];False;False;34c758c0752f2ad6;[];jangan lupa bawa duit cash!!
2865;293;11-50;4476588.0;text;;[];False;False;34c758c0752f2ad6;[];gw ngga bisa ikut malem ini!!
2866;293;11-50;4476603.0;text;;[];False;False;f8334cd35571ac09;[];gw lg di warkop nih
2867;293;11-50;4476619.0;text;;[];False;False;f8334cd35571ac09;[];jangan lupa bawa duit cash
2868;293;11-50;4476629.0;text;;[];False;False;34c758c0752f2ad6;[];kita ketemuan dimana aja deh!!
2869;293;11-50;4476657.0;text;;[];False;False;f8334cd35571ac09;[];jangan lupa bawa duit cash
2870;293;0;4476664.0;sticker/webp;;[];False;False;34c758c0752f2ad6;[];[Stiker]
2871;293;51-100;4476707.0;text;;[];False;False;67dd671eb77f5b53;[];temen sekamar gw pindah kosan jadi sekarang gw sendirian di kamar
2872;293;51-100;4476732.0;text;;['😎'];False;False;67dd671eb77f5b53;[];gw lagi nyoba masak rendang resep nyokap tapi kayaknya gagal total deh
2873;293;11-50;4477467.0;text;;[];False;False;f8334cd35571ac09;[];kita ketemuan dmn aja deh
2874;293;101-500;4477913.0;text;;[];False;False;429a8a88c0d72b74;[];gw baru aja beres beresin kosan dan nemu barang barang lama dari jaman SMA. ada foto kelas, surat dari mantan, sama buku diary yang isinya cringe banget kalo dibaca sekarang. jadi nostalgia sendiri inget masa masa dulu yang lebih sederhana. kadang kangen juga sih jadi anak SMA lagi tanpa mikirin skripsi
2875;293;1-10;4477936.0;text;;['😂'];False;False;f8334cd35571ac09;[];hoo
2876;293;11-50;4478108.0;text;;[];False;False;34c758c0752f2ad6;[];gw lagi di warkop nih!!!
2877;293;0;4478124.0;sticker/webp;;[];False;False;34c758c0752f2ad6;[];[Stiker]
2878;293;11-50;4478125.0;text;;[];False;False;34c758c0752f2ad6;[];macet parah di jalan tol!!!
2879;293;51-100;4478178.0;text;;['😅'];True;False;da338bd7da5a29bc;[];gimana caranya biar bisa fokus belajar tanpa main hp terus ya?
2880;293;11-50;4478191.0;text;;[];True;False;da338bd7da5a29bc;[];wifi password nya apa sih?
2881;293;11-50;4478225.0;text;;[];True;False;34c758c0752f2ad6;[];makan apa ntar siang!!!
2882;293;1-10;4478226.0;text;;[];False;False;34c758c0752f2ad6;[];hoo!!!
2883;293;1-10;4478242.0;text;;[];False;False;da338bd7da5a29bc;[];Hoo.
2884;293;11-50;4478253.0;text;;['🫠'];False;False;da338bd7da5a29bc;[];Gw lagi di warkop nih.
2885;293;11-50;4478264.0;text;;[];False;False;f8334cd35571ac09;[];macet parah di jalan tol
2886;293;11-50;4478284.0;text;;[];False;False;34c758c0752f2ad6;[];ketemuan di mall jam 3 ya!!
2887;293;51-100;4478303.0;text;;[];False;False;da338bd7da5a29bc;[];Gw harus nabung lebih banyak sih buat bayar uang semester yang naik.
2888;293;11-50;4478309.0;text;;[];False;False;da338bd7da5a29bc;[];Gw naik ojol aja deh.
2889;293;101-500;4478436.0;text;;[];True;False;da338bd7da5a29bc;[];eh ada yang punya rekomendasi laptop budget 5 jutaan yang bagus buat kuliah dan ngoding ga? laptop gw yang sekarang udah mulai lemot dan sering ngehang kalo buka banyak tab. pengennya sih yang ringan buat dibawa ke kampus tapi tetep kenceng performanya, ada saran?
2890;293;51-100;4478480.0;text;;[];False;True;429a8a88c0d72b74;[];parah banget macetnya tadi di jalan, gw sampe telat 1 jam ke kampus!
2891;293;1-10;4478481.0;text;;['😂'];False;False;429a8a88c0d72b74;[];oii
2892;293;101-500;4478512.0;text;;[];False;False;34c758c0752f2ad6;[];gw baru aja beres beresin kosan dan nemu barang barang lama dari jaman SMA. ada foto kelas, surat dari mantan, sama buku diary yang isinya cringe banget kalo dibaca sekarang. jadi nostalgia sendiri inget masa masa dulu yang lebih sederhana. kadang kangen juga sih jadi anak SMA lagi tanpa mikirin skripsi!!
2893;293;11-50;4478541.0;text;;[];False;False;34c758c0752f2ad6;[];lu dimana sih lama banget!!!
2894;293;51-100;4478550.0;text;;[];False;False;da338bd7da5a29bc;[];Temen sekamar gw pindah kosan jadi sekarang gw sendirian di kamar.
2895;293;101-500;4478588.0;text;;[];False;False;da338bd7da5a29bc;[];Gw baru aja beres beresin kosan dan nemu barang barang lama dari jaman SMA. ada foto kelas, surat dari mantan, sama buku diary yang isinya cringe banget kalo dibaca sekarang. jadi nostalgia sendiri inget masa masa dulu yang lebih sederhana. kadang kangen juga sih jadi anak SMA lagi tanpa mikirin skripsi.
2896;293;11-50;4478608.0;text;;[];False;False;da338bd7da5a29bc;[];Ketemuan di mall jam 3 ya.
2897;293;11-50;4478610.0;text;;[];False;False;429a8a88c0d72b74;[];gw ngga bisa ikut malem ini
2898;293;11-50;4478611.0;text;2894.0;[];False;False;429a8a88c0d72b74;[];kita ketemuan dimana aja deh
2899;293;11-50;4478620.0;text;;[];False;False;429a8a88c0d72b74;[];gw ngga bisa ikut malem ini
2900;293;11-50;4478630.0;text;;[];False;False;34c758c0752f2ad6;[];macet parah di jalan tol!!!
2901;293;11-50;4478638.0;text;;[];False;False;34c758c0752f2ad6;[];jangan lupa bawa duit cash!!
2902;293;11-50;4478640.0;text;;[];False;False;34c758c0752f2ad6;[];gw lagi di warkop nih!!
2903;293;101-500;4478814.0;text;;[];False;False;da338bd7da5a29bc;[];Gw baru aja beres beresin kosan dan nemu barang barang lama dari jaman SMA. ada foto kelas, surat dari mantan, sama buku diary yang isinya cringe banget kalo dibaca sekarang. jadi nostalgia sendiri inget masa masa dulu yang lebih sederhana. kadang kangen juga sih jadi anak SMA lagi tanpa mikirin skripsi.
2904;293;11-50;4482079.0;text;;[];False;False;429a8a88c0d72b74;[];kita ketemuan dimana aja deh
2905;293;1-10;4482104.0;text;;[];False;False;5af6a4550b616407;[];deh
2906;293;0;4482143.0;unknown;;[];False;False;5af6a4550b616407;[];[Media tidak dikenal]
2907;293;11-50;4482181.0;text;;[];False;False;5af6a4550b616407;[];gw nyari parkri dulu bentar
2908;293;11-50;4484240.0;text;;[];False;False;f8334cd35571ac09;[];gw lg di warkop nih
2909;294;1-10;4574034.0;text;;[];True;False;34c758c0752f2ad6;[];bener!!!
2910;294;11-50;4574042.0;text;;[];False;False;34c758c0752f2ad6;[];gw mau ambil cuti semester!!!
2911;294;1-10;4574059.0;text;;[];True;False;f8334cd35571ac09;[];dmn?
2912;294;1-10;4574108.0;text;;[];True;False;da338bd7da5a29bc;[];bener?
2913;294;51-100;4574136.0;text;;[];False;False;da338bd7da5a29bc;[];Kemarin gw ke toko buku beli novel baru sama buku referensi buat skripsi.
2914;294;0;4574377.0;audio;;[];False;False;34c758c0752f2ad6;[];[Voice Note]
2915;294;1-10;4574740.0;text;;[];False;False;da338bd7da5a29bc;[];Asli.
2916;294;11-50;4575664.0;text;;[];False;False;f8334cd35571ac09;[];gw mau ambil cuti semester
2917;295;0;4583788.0;audio;;[];False;False;520579885d41181b;[];[Voice Note]
2918;295;51-100;4583926.0;text;;[];False;False;bc6dfeff63215c29;[];GW DENGER KATANYA SEMESTER DEPAN ADA MATA KULIAH BARU YANG WAJIB DIAMBIL
2919;295;1-10;4584071.0;text;;[];False;False;520579885d41181b;[];gas
2920;295;51-100;4585331.0;text;;[];False;False;b1a879cfa170b5d6;[];EH BESOK KITA JADI KETEMUAN DI KAFE DEKET STASIUN KAN YA JAM 2 SIANG
2921;295;51-100;4588167.0;text;;[];True;False;5b84a0355e8e6fc8;[];eh lu udah dapet info jadwal ujian akhir semester belum dari prodi?
2922;295;11-50;4588571.0;text;;['🤣'];False;False;5b84a0355e8e6fc8;[];gw skip kelas hari ini
2923;295;1-10;4588950.0;text;;['☝🏽'];False;False;da338bd7da5a29bc;[];Dah.
2924;295;11-50;4589113.0;text;;[];False;False;f8334cd35571ac09;[];presentasi gw amburadul
2925;295;11-50;4589184.0;text;;['😱'];True;False;da338bd7da5a29bc;[];tugas dikumpul kapan sih?
2926;296;0;4591591.0;sticker/webp;;[];False;False;520579885d41181b;[];[Stiker]
2927;296;1-10;4592358.0;text;;[];False;False;f8334cd35571ac09;[];gaje
2928;296;51-100;4592481.0;text;;[];False;False;da338bd7da5a29bc;[];Gw udah bikin slides presentasi tapi kayaknya masih kurang bagus deh isinya.
2929;296;11-50;4592490.0;text;;[];False;False;da338bd7da5a29bc;[];Lu udah makan belum.
2930;296;11-50;4592496.0;text;;[];False;False;da338bd7da5a29bc;[];Warteg depan kampus enak.
2931;296;1-10;4596635.0;text;;['😂'];False;False;f8334cd35571ac09;[];bole
2932;296;11-50;4596661.0;text;;[];False;False;34c758c0752f2ad6;[];proposal skripsi gw ditolak!!!
2933;296;11-50;4596730.0;text;;[];False;False;67dd671eb77f5b53;[];mie ayam pak kumis juara sih
2934;296;0;4596737.0;image/jpeg;;[];False;False;429a8a88c0d72b74;[];[Foto]
2935;296;11-50;4598881.0;text;;[];True;False;bc6dfeff63215c29;[];ADA YANG PUNYA CATETAN?
2936;296;11-50;4602285.0;text;;[];False;False;34c758c0752f2ad6;[];sidang minggu depan doain ya!!
2937;297;51-100;4605061.0;image/jpeg;;[];True;False;f8334cd35571ac09;[];[Foto]
2938;297;51-100;4605242.0;text;;[];False;False;bc6dfeff63215c29;[];GW BARU AJA DAPET KABAR KALO TEMEN KITA DITERIMA KERJA DI LUAR NEGERI
2939;297;101-500;4605610.0;text;;[];False;False;520579885d41181b;[];hari ini gw iseng nyoba bikin kopi pake metodee v60 yangg lagi hype di kalangan anak anakkk kampus. beli alatnya lumayan mahal sih tapi hasilnyaaaa emangg beda dari kopi sachet biasa. kopinya lebih smooth dan ga terlalu pahit. kayaknya gw bakal ketagihannnn nih bikin kopi sendiri tiap pagi sebelum ke kampuss
2940;297;11-50;4606311.0;text;;[];True;False;34c758c0752f2ad6;[];jadwal sidang kapan bro!!!
2941;297;11-50;4606333.0;text;;[];False;False;520579885d41181b;[];eh dengerrrr gosippp belum
2942;297;1-10;4606480.0;text;;[];False;False;f8334cd35571ac09;[];udah
2943;298;11-50;4667720.0;text;;[];True;False;67dd671eb77f5b53;[];makan apa ntar siang?
2944;298;51-100;4668644.0;text;;[];False;False;da338bd7da5a29bc;[];Kemarin malem gw begadang nonton bola sampe subuh terus ketiduran.
2945;298;11-50;4670629.0;text;;[];True;False;efb56404cf0b8a36;[];makan apa ntar,,, siang?
2946;298;11-50;4671573.0;text;;[];False;False;f8334cd35571ac09;[];gw naik ojol aja deh
2947;298;51-100;4671717.0;text;;[];False;True;90c1a2bcc4328640;['bc6dfeff63215c29'];parah banget macetnyaaaa tadi di jalan, gw sampee telatt 1 jammmm ke kampus!
2948;298;1-10;4671885.0;text;;[];False;False;f8334cd35571ac09;[];deh
2949;299;11-50;4681696.0;text;;[];True;False;67dd671eb77f5b53;[];ada sinyal ga disitu?
2950;299;1-10;4682523.0;text;;[];False;False;90c1a2bcc4328640;[];zonk
2951;300;51-100;4693330.0;text;;[];True;False;5b84a0355e8e6fc8;['bc6dfeff63215c29'];eh lu udah dapet info jadwal ujian akhir semester belum dari prodi?
2952;300;51-100;4693551.0;text;;[];False;False;bc6dfeff63215c29;[];GW DENGER KATANYA SEMESTER DEPAN ADA MATA KULIAH BARU YANG WAJIB DIAMBIL
2953;300;11-50;4695618.0;text;;[];True;False;67dd671eb77f5b53;[];siapa yang mau ikut?
2954;300;11-50;4695623.0;text;;[];False;False;67dd671eb77f5b53;[];eh tadi kelas seru banget
2955;300;11-50;4698395.0;text;;[];False;False;f8334cd35571ac09;[];matkul ni susah bgt
2956;300;1-10;4698460.0;text;;[];True;False;da338bd7da5a29bc;[];kapan?
2957;300;11-50;4698530.0;text;;[];False;False;f8334cd35571ac09;[];gw belom mulai tugas
2958;300;0;4698534.0;unknown;;[];False;False;f8334cd35571ac09;[];[Media tidak dikenal]
2959;300;1-10;4698679.0;text;;[];False;False;34c758c0752f2ad6;[];hehe!!
2960;300;101-500;4698692.0;text;;[];False;False;f8334cd35571ac09;[];jadi ceritanya kemarin gw ke perpustakaan pusat buat nyari bahan referensi skripsi, ternyata bukunya udah dipinjem smua sm anak angkatan sebelah. akhirnya gw cuma bs fotokopi dr temen yg kebetulan pny. lumayan lah daripada ga dapet sm sekali, tinggal di rangkum aja sisanya
2961;300;51-100;4698720.0;text;;[];False;False;f8334cd35571ac09;[];gw denger katanya semester depan ad mata kuliah baru yg wajib diambil
2962;300;11-50;4698971.0;text;;[];False;False;34c758c0752f2ad6;[];matkul ini susah banget!!!
2963;300;11-50;4699003.0;text;;[];False;False;f8334cd35571ac09;[];matkul ni susah bgt
2964;300;1-10;4699011.0;text;;['😂'];False;False;f8334cd35571ac09;[];wkwk
2965;300;11-50;4699021.0;text;;[];False;False;f8334cd35571ac09;[];gw lg ngerjain tugas nih
2966;300;11-50;4699037.0;text;;[];False;False;f8334cd35571ac09;[];tadi absen ga sih km
2967;301;51-100;4742638.0;text;;[];False;False;da338bd7da5a29bc;['bc6dfeff63215c29'];Hari ini gw ada rapat organisasi sampe sore jadi ga bisa ikut nongkrong.
2968;301;11-50;4742667.0;text;;[];False;False;da338bd7da5a29bc;[];Diem diem ternyata jadian.
2969;301;101-500;4742713.0;text;;[];False;False;da338bd7da5a29bc;['429a8a88c0d72b74'];Hari ini gw iseng nyoba bikin kopi pake metode V60 yang lagi hype di kalangan anak anak kampus. beli alatnya lumayan mahal sih tapi hasilnya emang beda dari kopi sachet biasa. kopinya lebih smooth dan ga terlalu pahit. kayaknya gw bakal ketagihan nih bikin kopi sendiri tiap pagi sebelum ke kampus.
2970;301;101-500;4742834.0;text;;[];False;False;bc6dfeff63215c29;[];HARI INI GW ISENG NYOBA BIKIN KOPI PAKE METODE V60 YANG LAGI HYPE DI KALANGAN ANAK ANAK KAMPUS. BELI ALATNYA LUMAYAN MAHAL SIH TAPI HASILNYA EMANG BEDA DARI KOPI SACHET BIASA. KOPINYA LEBIH SMOOTH DAN GA TERLALU PAHIT. KAYAKNYA GW BAKAL KETAGIHAN NIH BIKIN KOPI SENDIRI TIAP PAGI SEBELUM KE KAMPUS
2971;301;11-50;4742969.0;text;;[];True;False;34c758c0752f2ad6;[];kos lu dimana sih tepatnya!!
2972;301;11-50;4742974.0;text;;[];False;False;34c758c0752f2ad6;[];jangan bilang siapa siapa ya!!!
2973;301;11-50;4742985.0;text;;[];False;False;34c758c0752f2ad6;[];angkot ke sana masih ada ga!!
2974;301;11-50;4743018.0;text;;[];True;False;1e9822711688fba3;[];jadwal sidang kapan bro?
2975;301;11-50;4743021.0;text;;[];False;False;1e9822711688fba3;[];gw berantem sama si anu
2976;301;11-50;4743066.0;text;;[];False;False;5b84a0355e8e6fc8;[];gw ga percaya sih gosipnya
2977;301;0;4743072.0;application/vnd.openxmlformats-officedocument.wordprocessingml.document;;[];False;False;da338bd7da5a29bc;[];[Dokumen Word]
2978;301;11-50;4743106.0;text;;[];False;False;34c758c0752f2ad6;[];gw kangen temen temen SMA!!
2979;301;51-100;4743110.0;text;;[];False;False;da338bd7da5a29bc;[];Lu harus coba kedai kopi baru di jalan belakang kampus, enak banget.
2980;301;11-50;4743119.0;text;;['😂'];False;False;1e9822711688fba3;[];gw kangen temen temen sma
2981;301;51-100;4743148.0;text;;[];False;False;da338bd7da5a29bc;[];Gw baru aja dapet kabar kalo temen kita diterima kerja di luar negeri.
2982;301;11-50;4743156.0;text;;[];True;False;da338bd7da5a29bc;[];pinjam catetan boleh ga?
2983;301;11-50;4743247.0;text;;[];True;False;f8334cd35571ac09;[];kapan terakhir kali ketemu?
2984;301;1-10;4743252.0;text;;[];False;False;f8334cd35571ac09;[];udah
2985;301;1-10;4743260.0;text;;[];False;False;f8334cd35571ac09;[];wkwkw
2986;301;51-100;4743277.0;text;;[];False;False;da338bd7da5a29bc;[];Wifi kosan gw lemot banget jadi gw ke perpus aja buat ngerjain tugas.
2987;301;11-50;4743338.0;text;;[];False;False;f8334cd35571ac09;[];gw kangen temen temen sma
2988;301;51-100;4743414.0;text;;[];False;False;bc6dfeff63215c29;[];GW BARU AJA DAPET KABAR KALO TEMEN KITA DITERIMA KERJA DI LUAR NEGERI
2989;301;11-50;4743436.0;text;2988.0;[];False;False;da338bd7da5a29bc;[];Angkot ke sana masih ada ga.
2990;301;51-100;4743501.0;text;2988.0;[];False;False;da338bd7da5a29bc;[];Hari ini gw ada rapat organisasi sampe sore jadi ga bisa ikut nongkrong.
2991;301;101-500;4743545.0;text;;[];False;False;da338bd7da5a29bc;[];Hari ini gw iseng nyoba bikin kopi pake metode V60 yang lagi hype di kalangan anak anak kampus. beli alatnya lumayan mahal sih tapi hasilnya emang beda dari kopi sachet biasa. kopinya lebih smooth dan ga terlalu pahit. kayaknya gw bakal ketagihan nih bikin kopi sendiri tiap pagi sebelum ke kampus.
2992;301;51-100;4743632.0;text;;['😅'];False;False;bc6dfeff63215c29;[];HARI INI GW ADA RAPAT ORGANISASI SAMPE SORE JADI GA BISA IKUT NONGKRONG
2993;301;101-500;4743749.0;text;;[];False;True;da338bd7da5a29bc;[];parah banget banjir di daerah kosan gw semalam sampai air masuk ke kamar setinggi betis! barang barang gw banyak yang kerendem termasuk buku kuliah dan sepatu. gw harus ngungsi ke kosan temen dan sekarang lagi bersihin semua barang. semoga ga ada yang rusak parah sih!
2994;301;11-50;4743769.0;text;;[];False;False;da338bd7da5a29bc;[];Pacarnya baru siapa sih.
2995;301;101-500;4744497.0;text;;['😅'];False;False;bc6dfeff63215c29;[];HARI INI GW ISENG NYOBA BIKIN KOPI PAKE METODE V60 YANG LAGI HYPE DI KALANGAN ANAK ANAK KAMPUS. BELI ALATNYA LUMAYAN MAHAL SIH TAPI HASILNYA EMANG BEDA DARI KOPI SACHET BIASA. KOPINYA LEBIH SMOOTH DAN GA TERLALU PAHIT. KAYAKNYA GW BAKAL KETAGIHAN NIH BIKIN KOPI SENDIRI TIAP PAGI SEBELUM KE KAMPUS
2996;301;101-500;4744585.0;text;;[];True;False;da338bd7da5a29bc;[];eh ada yang punya rekomendasi laptop budget 5 jutaan yang bagus buat kuliah dan ngoding ga? laptop gw yang sekarang udah mulai lemot dan sering ngehang kalo buka banyak tab. pengennya sih yang ringan buat dibawa ke kampus tapi tetep kenceng performanya, ada saran?
2997;301;51-100;4744635.0;text;;[];True;False;da338bd7da5a29bc;[];lu pernah coba belajar bareng di perpus kota ga, enak ga disana?
2998;302;51-100;4750306.0;text;;['🙄'];True;False;520579885d41181b;[];siapaaaa sih yang spreadd gosip ituu ke grupppp sebelah, tau ga orangnya?
2999;302;101-500;4750737.0;text;;[];False;False;da338bd7da5a29bc;[];Gw pengen curhat sedikit nih. akhir akhir ini gw ngerasa burnout banget sama rutinitas kuliah yang itu itu aja. bangun pagi, kuliah, tugas, tidur, repeat. kadang gw ngerasa kayak robot yang cuma jalan sesuai program tanpa tau tujuan akhirnya apa. mungkin gw butuh liburan beneran buat refresh otak.
3000;303;101-500;4756359.0;text;;[];False;False;520579885d41181b;[];gw pengen curhat sedikit nih. akhir akhir ini gw ngerasa burnoutt banget sama rutinitas kuliah yangggg itu ituuu aja. bangun pagi, kuliah, tugas, tidur, repeat. kadang gw ngerasa kayakkk robot yang cuma jalan sesuaii program tanpaaa tau tujuan akhirnya apa. mungkin gw butuhhhh liburan beneran buat refreshhh otak
