id;conversation_id;num_characters;relative_time_seconds;message_type;responds_to_id;array_emojis;interrogative;exclamatory;sender_hash;mentioned_phones_hash;message_content
1;1;0;0.0;system;;[];False;False;85878f9219446746;[];[Pesan sistem]
2;1;51-100;1.0;image/jpeg;;[];True;False;6fe7bc6cf93553ce;[];[Foto]
3;1;101-500;1191.0;text;;[];False;False;149ef585f752b412;[];RENCANA LIBURAN SEMESTER INI GW MAU ROAD TRIP SAMA TEMEN TEMEN KE JOGJA. KITA UDAH PATUNGAN BUAT SEWA MOBIL DAN BOOKING PENGINAPAN MURAH DI DAERAH MALIOBORO. ITINERARY NYA UDAH GW BIKIN DETAIL DARI HARI PERTAMA SAMPE HARI KETIGA. TINGGAL EKSEKUSI AJA NIH SEMOGA CUACA MENDUKUNG DAN GA ADA HALANGAN
4;1;51-100;1357.0;text;;[];False;False;6fe7bc6cf93553ce;[];gw lagi dengerin podcast tentang psikologi, lumayan buat nambah wawasan
5;1;11-50;1361.0;text;;[];False;False;6fe7bc6cf93553ce;[];internet mati lagi di kosan
6;1;11-50;1533.0;text;;[];False;False;149ef585f752b412;[];CAPEK BANGET HARI INI ASLI
7;1;51-100;1540.0;text;;[];False;False;149ef585f752b412;[];TADI GW ANTRI DI ADMINISTRASI KAMPUS 2 JAM CUMA BUAT NGURUS SURAT
8;1;11-50;1563.0;text;;[];False;False;149ef585f752b412;[];HUJAN DERES GA BAWA PAYUNG
9;1;11-50;1576.0;text;;[];False;False;347df56c569a79fd;[];dompet gw ketinggalan di rumah
10;1;11-50;1678.0;text;;[];True;False;6fe7bc6cf93553ce;[];gw harus bawa apa aja?
11;1;11-50;1695.0;text;;[];True;False;6fe7bc6cf93553ce;[];masih buka ga warungnya?
12;1;11-50;1704.0;text;;[];False;False;6fe7bc6cf93553ce;[];dompet gw ketinggalan di rumah
13;1;11-50;1718.0;text;;['👍'];False;False;6fe7bc6cf93553ce;[];ntar gw kabarin lagi deh
14;1;1-10;1721.0;text;;[];False;False;347df56c569a79fd;[];ah
15;1;1-10;1726.0;text;;['😂'];False;False;6fe7bc6cf93553ce;[];iyaa
16;1;11-50;1864.0;text;;[];True;False;dca8552defeabab1;[];mau nitip apa ga?
17;1;11-50;1864.0;text;;[];False;False;dca8552defeabab1;[];charger hp gw rusak lagi
18;1;11-50;1921.0;text;;[];False;False;9ee8addcecd569c5;[];capek banget hari ini asli
19;1;11-50;2152.0;text;;[];False;False;dca8552defeabab1;[];cuaca hari ini panas banget
20;1;1-10;2187.0;text;;[];False;False;9ee8addcecd569c5;[];oh
21;2;51-100;20425.0;text;;[];True;False;3f71e8a3ce395cd8;[];lu pernah coba belajar bareng di perpus kota ga, enak ga disana?
22;2;1-10;20461.0;text;;[];False;False;300cc08fb4b0f200;[];cape!!
23;2;1-10;20766.0;text;;[];False;False;3f71e8a3ce395cd8;[];hihiiii
24;3;11-50;23601.0;text;;['😂'];True;False;6fe7bc6cf93553ce;[];gimana kabar lu sekarang?
25;3;11-50;23615.0;text;;[];False;False;6fe7bc6cf93553ce;[];gw baru aja dari kampus
26;3;11-50;23628.0;text;;[];False;False;2fe7cebe4d78453f;[];Mie ayam pak kumis juara sih.
27;3;1-10;23629.0;text;;[];False;False;2fe7cebe4d78453f;[];Done.
28;3;1-10;23632.0;text;;['👍'];False;False;6fe7bc6cf93553ce;[];bole
29;3;51-100;23679.0;text;;[];True;False;7491c2501c76b852;[];menurut lu gw hrs ambil maat kuliah pilihan yg mnaa semester depan?
30;3;0;23712.0;image/jpeg;;[];False;False;7491c2501c76b852;[];[Foto]
31;3;51-100;23942.0;text;;[];True;False;2fe7cebe4d78453f;[];menurut lu gw harus ambil mata kuliah pilihan yang mana semester depan?
32;3;1-10;23984.0;text;;[];False;False;7491c2501c76b852;[];gaej
33;3;11-50;23987.0;text;;[];True;False;7491c2501c76b852;[];gmn kabar lu skr?g
34;3;51-100;24046.0;text;;[];False;False;2fe7cebe4d78453f;[];Kosan gw bocor lagi pas hujan semalam, kasur gw basah semua parah banget.
35;3;51-100;24055.0;text;;[];False;False;2fe7cebe4d78453f;[];Jangan lupa besok kumpul di lobby kampus jam 8 pagi buat berangkat bareng.
36;3;1-10;24057.0;text;;[];False;False;7491c2501c76b852;[];sabi
37;3;1-10;24066.0;text;;[];False;False;7491c2501c76b852;[];nah
38;3;51-100;24087.0;text;;[];True;False;7491c2501c76b852;[];menurut lu gw hrs ambil mata kuilah pilihan yg mana seemster depan?
39;3;11-50;24093.0;text;;[];False;False;2fe7cebe4d78453f;[];Gw baru aja dari kampus.
40;3;11-50;24105.0;text;;[];False;False;2fe7cebe4d78453f;[];Mie ayam pak kumis juara sih.
41;3;1-10;24110.0;text;;[];False;False;7491c2501c76b852;[];gpp
42;3;11-50;24135.0;text;;[];False;False;7491c2501c76b852;[];lu udah makan blm
43;3;11-50;24144.0;text;;['😅', '👍'];False;False;7491c2501c76b852;[];gw baru aja dr kampus
44;3;1-10;24164.0;text;;[];False;False;2fe7cebe4d78453f;[];Gaje.
45;4;11-50;90125.0;text;;[];True;False;298e3b3220745447;[];besok libur bukan sih?...
46;4;11-50;90593.0;text;;[];False;False;433804765ee30cd7;[];bentarr ya gw lg di jalan
47;4;1-10;90806.0;text;;[];False;False;895ef3bba1e595b2;[];yess
48;4;11-50;90896.0;text;;[];True;False;3f71e8a3ce395cd8;[];lu punya kontakkkk dia ga?
49;4;101-500;90908.0;text;;[];True;False;300cc08fb4b0f200;[];gw lagi bimbang nih antara mau ikut organisasi kampus atau fokus ke akademik aja. menurut kalian gimana sih, worth it ga sih ikut organisasi? soalnya gw denger banyak yang bilang bisa nambah soft skill tapi di sisi lain waktu buat belajar jadi berkurang kan, gimana pengalaman kalian!!
50;4;11-50;90928.0;text;;[];False;False;3f71e8a3ce395cd8;[];hp gw lowbatttt nih
51;4;11-50;90940.0;text;;[];False;False;3f71e8a3ce395cd8;[];capek banget hari ini asli
52;4;1-10;90947.0;text;;[];False;False;3f71e8a3ce395cd8;[];yess
53;4;11-50;90957.0;text;;[];False;False;300cc08fb4b0f200;[];lu tim mana dukungnya!!!
54;4;1-10;90961.0;text;;[];False;False;c90620f18eff7459;[];siapp
55;4;11-50;90980.0;text;;[];False;False;3f71e8a3ce395cd8;[];gw mauuuu tidurrrr dulu ya
56;4;11-50;90988.0;text;;[];False;False;300cc08fb4b0f200;[];bentar ya gw lg di jalan!!
57;4;11-50;90998.0;text;;[];False;False;3f71e8a3ce395cd8;[];hujan deres ga bawa payung
58;4;11-50;91007.0;text;;[];False;False;300cc08fb4b0f200;[];capek banget hari ini asli!!!
59;4;51-100;91031.0;text;;[];False;False;f34b4da3396ed875;[];GW SENENG BANGET AKHIRNYA BISA KETEMU TEMEN TEMEN LAMA SETELAH LAMA GA
60;4;1-10;91032.0;text;;['😂'];False;False;6fe7bc6cf93553ce;[];siapp
61;4;11-50;91044.0;text;;[];False;False;f34b4da3396ed875;[];GW LAGI DI ATM SEBENTAR
62;4;1-10;91083.0;text;;[];False;False;300cc08fb4b0f200;[];siapp!!
63;4;51-100;91086.0;text;;[];False;False;300cc08fb4b0f200;[];gw seneng banget akhirnya bisa ketemu temen temen lama setelah lama ga!!!
64;4;1-10;91163.0;text;;[];False;False;f34b4da3396ed875;[];SEEP
65;4;11-50;91171.0;text;;[];False;False;f34b4da3396ed875;[];LU TIM MANA DUKUNGNYA
66;4;1-10;91682.0;text;62.0;[];False;False;8e570023d7b17cb3;[];oh
67;4;11-50;91694.0;text;;[];False;False;8e570023d7b17cb3;[];cuaca hari ni panas bgt
68;4;11-50;91698.0;text;;[];False;False;8e570023d7b17cb3;[];internet mati lg di kosan
69;4;51-100;91787.0;text;;[];False;False;3f71e8a3ce395cd8;[];duit jajann gw abissss padahall baruuu tanggal 15 harussss ngirit banget nih
70;4;1-10;91787.0;text;;[];False;False;3f71e8a3ce395cd8;[];iyaa
71;4;0;92508.0;image/jpeg;;[];False;False;2238074dbe4891d0;[];[Foto]
72;4;11-50;92516.0;text;;[];False;False;2238074dbe4891d0;[];bentar ya gw lg di jalan
73;4;51-100;92520.0;text;;[];False;False;2238074dbe4891d0;[];gw seneng banget,,, akhirnya bisa ketemu temen temen lama setelah lama ga
74;4;11-50;92529.0;text;;[];False;False;2238074dbe4891d0;[];gw lg sibuk bgt minggu ini,,,
75;4;11-50;92746.0;text;;[];False;False;8e570023d7b17cb3;[];dompet gw ketinggalan di rumah
76;4;51-100;92778.0;text;;[];False;False;8e570023d7b17cb3;[];gw lg dengerin podcast tentang psikologi, lumayan buat nambah wawasan
77;4;11-50;92805.0;text;;[];False;False;8e570023d7b17cb3;[];internet mati lg di kosan
78;4;11-50;92946.0;text;;[];False;False;2238074dbe4891d0;[];hp gw lowbat nih
79;4;51-100;92955.0;text;;[];False;False;2238074dbe4891d0;[];gw seneng,,, banget akhirnya bisa ketemu temen temen lama setelah lama ga,,,
80;4;1-10;92959.0;text;;[];False;False;2238074dbe4891d0;[];yoii
81;4;11-50;92968.0;text;;[];False;False;8e570023d7b17cb3;[];ntar gw kabarin lg deh
82;4;11-50;92978.0;text;;[];False;False;8e570023d7b17cb3;[];gw lg di atm btr
83;4;1-10;92978.0;text;;[];False;False;8e570023d7b17cb3;[];iyaa
84;4;1-10;93002.0;text;;[];True;False;2238074dbe4891d0;[];gk?
85;4;51-100;93008.0;text;;[];False;False;2238074dbe4891d0;[];gw seneng banget akhirnya bisa ketemu,,, temen temen lama setelah lama ga
86;4;11-50;93122.0;text;;[];False;False;2238074dbe4891d0;[];capek banget hari ini,,, asli
87;4;1-10;93130.0;text;;[];False;False;8e570023d7b17cb3;[];hem
88;4;1-10;93133.0;text;;[];False;False;2238074dbe4891d0;[];seep
89;4;11-50;93139.0;text;;[];False;False;2238074dbe4891d0;[];dompet gw ketinggalan di,,, rumah
90;5;51-100;97230.0;text;;[];True;False;347df56c569a79fd;[];menurut lu gw hrs ambil mata kuliah pilihan yg mana semester depan?
91;5;51-100;98964.0;text;;[];True;False;69f4a3133d7f6cc0;[];menurut lu gw harus ambil mata kuliah pilihan yang mana... semester depan?...
92;6;51-100;116504.0;text;;[];False;False;df7b6465ed31d9b8;[];temennn sekamar gw pindahhh kosannn jadi sekarang gw sendiriann di kamarrrr
93;6;11-50;116512.0;text;;['🤔'];False;False;df7b6465ed31d9b8;[];ketemuan di mall jamm 3 ya
94;6;0;116986.0;image/jpeg;;[];False;False;69f4a3133d7f6cc0;[];[Foto]
95;6;11-50;116996.0;text;;[];False;False;69f4a3133d7f6cc0;[];gw naik ojol aja... deh
96;6;0;117007.0;image/jpeg;;[];False;False;69f4a3133d7f6cc0;[];[Foto]
97;6;11-50;117011.0;text;;[];True;False;69f4a3133d7f6cc0;[];wifi password nya apa sih?
98;6;11-50;117148.0;text;;[];False;False;8e570023d7b17cb3;[];gw nyari parkir dulu bentar
99;6;1-10;117159.0;text;;['😂'];False;False;8e570023d7b17cb3;[];mah
100;6;11-50;117162.0;text;;[];False;False;8e570023d7b17cb3;[];kita ketemuan dmn aja deh
101;6;51-100;117225.0;text;;[];False;False;8e570023d7b17cb3;[];motor gw mogok di tengah jalan tadi pagi jadi gw telat masuk kelas
102;6;1-10;117293.0;text;;[];False;False;69f4a3133d7f6cc0;[];hoo
103;6;11-50;117306.0;text;;['😂'];False;False;69f4a3133d7f6cc0;[];bsk sore ada... waktu... ga
104;6;1-10;117313.0;text;;[];False;False;8e570023d7b17cb3;[];deh
105;6;11-50;117323.0;text;;[];False;False;8e570023d7b17cb3;[];gw udah di parkiran nih
106;6;11-50;117732.0;image/jpeg;;[];True;False;df7b6465ed31d9b8;[];[Foto]
107;6;51-100;118020.0;text;;[];True;False;df7b6465ed31d9b8;[];gimana caranya biarrrr bisa fokus belajar tanpa mainnn hp terus ya?
108;6;11-50;118421.0;text;;[];False;False;8e570023d7b17cb3;[];ketemuan di mall jam 3 ya
109;6;101-500;118643.0;text;;[];True;False;df7b6465ed31d9b8;[];guys ada yang tau ga sih kenapa sistemmmm registrasi online kampus sering banget error pass masa pengisian krs? tiapp semesterr selalu gitu bikin stres, manaa harus rebutannn mata kuliah yang kuotanya dikit banget lagi. apa emangggg servernyaaa ga kuat ya nampungggg banyak mahasiswa sekaligus?
110;6;11-50;118660.0;text;;[];False;False;8e570023d7b17cb3;[];rame bgt disini cuy
111;6;11-50;118672.0;text;;[];False;False;8e570023d7b17cb3;[];gw nyari parkir dulu bentar
112;6;11-50;119260.0;text;;[];True;False;df7b6465ed31d9b8;[];nilaii keluarr kapan ya?
113;7;51-100;120218.0;text;;[];False;False;df7b6465ed31d9b8;[];nyokap gw nelfonnn tadi nanyain kapan pulang, gw bilang aja abiss ujiannn
114;7;1-10;120387.0;text;;[];False;False;a21178041169e6d8;[];wkwk!!
115;7;11-50;120400.0;text;;[];False;False;a21178041169e6d8;[];gw belom mulai tugas!!!
116;7;11-50;120408.0;text;;[];False;False;a21178041169e6d8;[];deadline besok pagi bro!!!
117;7;51-100;120436.0;text;;[];False;False;a21178041169e6d8;[];eh besok kita jadi ketemuan di kafe deket stasiun kan ya jam 2 siang!!!
118;7;11-50;120576.0;text;;['🤷\u200d♂'];False;False;df7b6465ed31d9b8;[];matkulll ini susah banget
119;7;51-100;120651.0;text;;[];False;False;df7b6465ed31d9b8;[];tadi gw ketemuu dosen pembimbing dan diaaa minta revisi lagi untuk bab 3
120;7;51-100;120793.0;text;;[];False;False;df7b6465ed31d9b8;[];nyokappp gw nelfon tadi nanyain kapan pulang, gw bilang aja abis ujiannn
121;8;11-50;130583.0;text;;[];False;False;8e570023d7b17cb3;[];gw udah di parkiran nih
122;8;11-50;130584.0;text;;[];False;False;8e570023d7b17cb3;[];gw udah di parkiran nih
123;8;11-50;130592.0;text;;[];False;False;8e570023d7b17cb3;[];gw ngga bs ikut malem ni
124;8;11-50;130601.0;text;;[];False;False;8e570023d7b17cb3;[];rame bgt disini cuy
125;8;51-100;130695.0;text;;[];True;False;df7b6465ed31d9b8;[];gimanaa caranya biar bisaaa fokus belajarr tanpaaaa mainnnn hp terus ya?
126;8;11-50;130718.0;text;;[];True;False;df7b6465ed31d9b8;[];wifi password nyaa apaaa sih?
127;9;51-100;192144.0;text;;[];False;False;2c6435e87f0252f4;[];Temen sekamar gw pindah kosan jadi sekarang gw sendirian di kamar.
128;9;11-50;192177.0;text;;[];False;False;3f71e8a3ce395cd8;[];ketemuan di malllll jam 3 ya
129;9;11-50;192189.0;text;;[];False;False;3f71e8a3ce395cd8;[];gw lagi di warkop nih
130;9;11-50;192197.0;text;;[];False;False;40cedde96f0e835d;[];gw ngga bs ikut malem ni
131;9;51-100;192258.0;text;;[];False;False;2c6435e87f0252f4;[];Kemarin malem gw begadang nonton bola sampe subuh terus ketiduran.
132;9;1-10;192260.0;text;;[];False;False;56267ae07fe895e3;[];deh
133;9;11-50;192270.0;text;;['😂'];False;False;56267ae07fe895e3;[];gw ngga bs ikut malem... ni
134;9;11-50;192282.0;text;;['👀'];False;False;df7b6465ed31d9b8;[];kita ketemuan dimana aja deh
135;9;11-50;192311.0;text;;[];True;False;168a45c58b4d621f;[];ada yg mauuuu bareng?
136;9;1-10;192319.0;text;;[];False;False;df7b6465ed31d9b8;[];wah
137;9;1-10;192322.0;text;;[];False;False;168a45c58b4d621f;[];yaa
138;9;11-50;192331.0;text;;[];False;False;168a45c58b4d621f;[];gw naik ojol aja deh
139;9;0;192333.0;sticker/webp;;[];False;False;df7b6465ed31d9b8;[];[Stiker]
140;9;11-50;192349.0;text;;[];False;False;df7b6465ed31d9b8;[];jangan lupaaa bawa duitt cash
141;9;11-50;192353.0;text;;['🤔'];False;False;df7b6465ed31d9b8;[];kitaaa ketemuannn dimana ajaaa deh
142;9;1-10;192360.0;text;;[];False;False;168a45c58b4d621f;[];woi
143;9;51-100;192380.0;text;;[];False;False;40cedde96f0e835d;[];temne sekmaar gw pidnah kosan jadi srkg gw snedirian di kamar
144;9;11-50;192520.0;text;;['🙃'];False;False;2c6435e87f0252f4;[];Bsk sore ada waktu ga.
145;9;1-10;192529.0;text;138.0;[];False;False;2c6435e87f0252f4;[];Yaa.
146;9;0;192540.0;sticker/webp;;[];False;False;56267ae07fe895e3;[];[Stiker]
147;9;11-50;192560.0;text;;['😉'];False;False;df7b6465ed31d9b8;[];macet parah di jalannnn tol
148;9;1-10;192576.0;text;;[];False;False;2c6435e87f0252f4;[];Kan.
149;9;0;192581.0;sticker/webp;138.0;[];False;False;56267ae07fe895e3;[];[Stiker]
150;9;0;192582.0;sticker/webp;;[];False;False;56267ae07fe895e3;[];[Stiker]
151;10;11-50;196977.0;image/jpeg;;[];True;False;3f71e8a3ce395cd8;[];[Foto]
152;10;51-100;198176.0;text;;[];False;False;0090c4d5dacf6725;[];gw baru aja selesai ngerjain tugas sampe jam 3 pagi, mau mati rasanya
153;10;11-50;198185.0;text;;[];False;False;0090c4d5dacf6725;[];matkul ini susah banget
154;10;1-10;198218.0;text;;[];False;False;347df56c569a79fd;[];siap
155;10;11-50;198269.0;text;;[];False;False;3f71e8a3ce395cd8;[];presentasi gw amburadulll
156;10;11-50;198300.0;text;;[];True;False;df7b6465ed31d9b8;[];lu dimana sekarang?
157;10;11-50;198788.0;text;;[];False;False;c90620f18eff7459;[];eh tadi kelas seru banget
158;10;11-50;199083.0;text;;[];False;False;df7b6465ed31d9b8;[];ipk gw turun semesterrrr ini
159;10;11-50;199130.0;text;;[];False;False;c90620f18eff7459;[];lab komputer penuh terus
160;10;0;199548.0;image/jpeg;;[];False;False;2c6435e87f0252f4;[];[Foto]
161;10;11-50;199579.0;text;;[];False;False;300cc08fb4b0f200;[];perpus tutup jam berapa ya!!!
162;10;1-10;199760.0;text;;['🤣'];False;False;2fe7cebe4d78453f;[];Oke.
163;10;1-10;200348.0;text;;[];True;False;cbbdf968bec3dae9;[];kapan?
164;10;11-50;200398.0;text;;[];True;False;189148ac44a52f1e;[];SIAPA YANG MAU IKUT?
165;10;11-50;201352.0;text;;[];False;False;2c6435e87f0252f4;[];Eh tadi kelas seru banget.
166;10;11-50;203882.0;text;;[];True;False;168a45c58b4d621f;[];jadi ketemuan ga hari ini?
167;10;11-50;204440.0;text;;[];False;False;c360651de2472e7e;[];ipk gw turun semester ni
168;10;11-50;206660.0;text;;[];True;False;cbbdf968bec3dae9;[];tugas dikumpul kapan sih?
169;10;11-50;207226.0;image/jpeg;;[];True;False;69f4a3133d7f6cc0;[];[Foto]
170;10;11-50;207568.0;image/jpeg;;[];True;False;69f4a3133d7f6cc0;[];[Foto]
171;11;11-50;215189.0;text;;[];True;False;189148ac44a52f1e;[];KAPAN TERAKHIR KALI KETEMU?
172;11;1-10;215304.0;text;;[];False;False;f34b4da3396ed875;[];UDAH
173;11;11-50;215359.0;text;;[];True;False;7e33c546478652dc;[];kapan terakhir kali ketemu?
174;11;11-50;215370.0;text;;[];False;False;fc8ac884e0d90e22;[];gw ga percaya... sih gosipnya
175;11;11-50;215386.0;text;;[];False;False;a21178041169e6d8;[];eh denger gosip belum!!!
176;11;1-10;215391.0;text;;[];False;False;fc8ac884e0d90e22;[];wkwkw
177;11;1-10;215396.0;text;;[];False;False;fc8ac884e0d90e22;[];cape
178;11;11-50;215401.0;text;;[];False;False;fc8ac884e0d90e22;[];gw kangen temen temen SMA
179;11;11-50;215402.0;text;;[];False;False;5fccdf5304623321;[];reuni kapan ya kitaaaa
180;11;11-50;215409.0;text;;[];False;False;a21178041169e6d8;[];eh denger gosip belum!!
181;11;11-50;215419.0;text;;[];False;False;a21178041169e6d8;[];temen gw sakit masuk RS!!
182;11;1-10;215420.0;text;;[];False;False;fc8ac884e0d90e22;[];setuju
183;11;11-50;215430.0;text;;[];True;False;a21178041169e6d8;[];kos lu dimana sih tepatnya!!
184;11;1-10;215436.0;text;;[];False;False;fc8ac884e0d90e22;[];amin
185;11;1-10;215436.0;text;;[];False;False;a21178041169e6d8;[];cape!!
186;11;1-10;215445.0;text;;['☹'];False;False;fc8ac884e0d90e22;[];sama
187;11;11-50;215457.0;text;;[];False;False;a21178041169e6d8;[];temenin gw dong besok!!
188;11;1-10;215466.0;text;;[];False;False;fc8ac884e0d90e22;[];sama
189;11;11-50;215471.0;text;;[];False;False;a21178041169e6d8;[];eh denger gosip belum!!
190;11;11-50;215473.0;text;;[];False;False;fc8ac884e0d90e22;[];pacarnya baru siapa sih...
191;12;11-50;274382.0;text;;[];True;False;c360651de2472e7e;[];jadi ketemuan ga hari ni?
192;12;51-100;274535.0;text;;[];True;False;168a45c58b4d621f;[];eh lu udah dapet infoo jadwal ujiann akhir semesterr belum dariii prodi?
193;12;51-100;274566.0;text;192.0;[];False;False;300cc08fb4b0f200;[];tadi gw ketemu dosen pembimbing dan dia minta revisi lagi untuk bab 3!!
194;12;51-100;276148.0;text;;[];False;False;8bb895b1d4763b5d;[];gw baru aja selesai ngerjain tugas sampe jam 3 pagi, mau mati rasanya!!
195;12;11-50;276166.0;text;;[];False;False;8bb895b1d4763b5d;['347df56c569a79fd'];deadline besok pagi bro!!!
196;12;51-100;276233.0;text;;[];False;False;c90620f18eff7459;[];gw denger katanya semester depan ada mata kuliah baru yang wajib diambil
197;12;11-50;276817.0;text;;[];False;False;347df56c569a79fd;[];lab komputer penuh terus
198;12;11-50;276979.0;text;;[];False;False;7dda85c8043ec659;[];Presentasi gw amburadul.
199;12;101-500;277107.0;text;;[];False;False;b5f66a5592209fdd;[];jadi ceritanya kemarin gw ke perpustakaan pusat buat nyari baahn referensi skripsi, ternyata bukunya udah dipinjem suma sm anak angkatan sebelah. akhiryna gw cuma bs fotkoopi dr temen yg kebetulan pyn. lumayan lah daripada ga dpaet sm sekali, tinggal di rankgum aja sisanya
200;13;51-100;280517.0;text;;[];False;False;56267ae07fe895e3;[];gw lg bingung milih topik skripsi antara dua tema yg sm menariknya...
201;13;1-10;280522.0;text;;[];True;False;56267ae07fe895e3;[];yakin?
202;13;11-50;280538.0;text;;[];True;False;56267ae07fe895e3;[];tu beneran apa hoax?
203;13;11-50;280631.0;text;;[];False;False;3f71e8a3ce395cd8;[];porsii makannnn gw nambah terus
204;13;1-10;281719.0;text;;['❤'];False;False;56267ae07fe895e3;[];ayok
205;14;11-50;285388.0;text;;[];True;False;56267ae07fe895e3;[];ad yg mau... bareng?
206;14;1-10;285419.0;text;;[];False;False;56267ae07fe895e3;[];mah
207;14;11-50;286639.0;text;;[];False;False;2c6435e87f0252f4;[];Macet parah di jalan tol.
208;14;1-10;287753.0;text;;[];False;False;56267ae07fe895e3;[];emm
209;14;1-10;287755.0;text;;[];False;False;56267ae07fe895e3;[];deh
210;15;51-100;355189.0;text;;[];False;False;69f4a3133d7f6cc0;[];kemarin malem gw... begadang nonton bola sampe subuh terus ketiduran...
211;15;11-50;375991.0;text;;[];True;False;f91b57651edd3173;[];nilai keluar kapan ya?
212;15;51-100;376060.0;text;;[];True;False;f91b57651edd3173;[];gmn caranya biar bs fokus belajar tanpa main... hp terus ya?
213;15;1-10;376288.0;text;;[];False;False;62dc140892728001;[];hoo
214;15;101-500;376823.0;text;;[];True;False;df7b6465ed31d9b8;[];menurutt kalian kenapa ya generasi kita tuh kayaknya lebih gampangggg stress dan burnout dibandinggg generasiiii orang tua kita dulu? apa karenaa tekanan sosmed atau emang tuntutan hidup yangg makin tinggi ya? gw penasaran aja sih soalnyaaaa temennn temen gw banyakk yang ngeluhhh hal yang sama
215;15;51-100;377653.0;text;;['😅'];False;False;df7b6465ed31d9b8;[];gw lagiiii nyoba masakkk rendang resep nyokap tapiiii kayaknyaaa gagal total deh
216;15;11-50;379364.0;text;;[];True;False;df7b6465ed31d9b8;[];nilai keluar kapannn ya?
217;15;1-10;389808.0;text;;[];False;False;df7b6465ed31d9b8;[];yaa
218;16;1-10;428163.0;text;;['😢'];False;False;df7b6465ed31d9b8;[];gokss
219;16;11-50;443541.0;text;;[];True;False;168a45c58b4d621f;[];lu lagi ngapain sih?
220;16;11-50;443615.0;text;;[];False;False;c90620f18eff7459;[];mama minta gw pulang weekend
221;16;11-50;443626.0;text;;[];False;False;c90620f18eff7459;[];kakak gw baru aja nikah
222;16;1-10;443765.0;text;;[];False;False;df7b6465ed31d9b8;[];nice
223;16;1-10;444806.0;text;;[];False;False;b5f66a5592209fdd;[];hayuk
224;16;11-50;444848.0;text;;[];False;False;df7b6465ed31d9b8;[];gw baru aja ketemu mantan
225;16;1-10;444855.0;text;;['👍'];False;False;df7b6465ed31d9b8;[];anjayyy
226;16;11-50;445515.0;text;;[];True;False;2c6435e87f0252f4;[];itu tempatnya jauh ga?
227;16;11-50;445530.0;text;;[];False;False;2c6435e87f0252f4;[];Mama minta gw pulang weekend.
228;16;11-50;445628.0;text;;[];False;False;2c6435e87f0252f4;[];Mama minta gw pulang weekend.
229;16;11-50;445690.0;text;;[];False;False;c90620f18eff7459;[];bokap gw lagi di luar kota
230;16;11-50;445703.0;text;;[];False;False;c90620f18eff7459;[];adek gw masuk sma tahun ini
231;16;11-50;445705.0;text;;[];False;False;c90620f18eff7459;[];adek gw masuk sma tahun ini
232;16;11-50;445756.0;text;;[];False;False;2fe7cebe4d78453f;[];Gw lagi marathon drakor nih.
233;16;11-50;445807.0;text;;[];False;False;2c6435e87f0252f4;[];Nyokap nanya kapan lulus.
234;16;11-50;445859.0;text;;[];False;False;c90620f18eff7459;[];gw lagi marathon drakor nih
235;16;0;445886.0;sticker/webp;;[];False;False;c90620f18eff7459;[];[Stiker]
236;16;11-50;446173.0;text;;[];False;False;fc8ac884e0d90e22;[];nyokap nanya kapan... lulus...
237;16;11-50;446201.0;text;;[];False;False;fc8ac884e0d90e22;[];bokap gw lagi di luar... kota
238;16;51-100;446257.0;text;;[];True;False;3f71e8a3ce395cd8;[];siapaaaa sih yang spreadd gosip ituuu ke grup sebelah, tau ga orangnya?
239;16;11-50;446277.0;text;;['👌'];False;False;c90620f18eff7459;[];keluarga ngumpul lebaran nanti
240;16;11-50;446292.0;text;;[];False;False;fc8ac884e0d90e22;[];mama minta gw pulang... weekend
241;16;1-10;446300.0;text;;[];False;False;fc8ac884e0d90e22;[];noted
242;16;1-10;446306.0;text;;[];False;False;fc8ac884e0d90e22;[];gitu
243;16;11-50;446308.0;text;;[];False;False;fc8ac884e0d90e22;[];playlist lo yang... mana sih
244;16;11-50;446366.0;text;;[];False;False;62dc140892728001;[];adek gw masuk smaa tahun ini
245;16;1-10;446412.0;text;;[];False;False;3f71e8a3ce395cd8;[];nice
246;16;11-50;446924.0;text;;[];False;True;347df56c569a79fd;[];seru bgt tadi malem!
247;16;1-10;446957.0;text;;[];False;False;149ef585f752b412;[];GILA
248;16;11-50;447637.0;text;;[];False;False;2fe7cebe4d78453f;[];Film baru di bioskop bagus ga.
249;16;11-50;447640.0;text;;[];False;False;2fe7cebe4d78453f;[];Gw kangen masakan rumah.
250;16;1-10;447642.0;text;;['🤣'];False;False;2fe7cebe4d78453f;[];Gitu.
251;16;1-10;448116.0;text;;[];False;False;347df56c569a79fd;[];nice
252;17;51-100;453041.0;text;;[];True;False;df7b6465ed31d9b8;[];kira kira kalo gw apply magang sekarang masih keburu ga ya?
253;17;1-10;453294.0;text;;[];False;False;df7b6465ed31d9b8;[];btw
254;17;11-50;453302.0;text;;[];False;False;df7b6465ed31d9b8;[];badminton yuk sore ini
255;17;1-10;453876.0;text;;[];False;False;f34b4da3396ed875;[];FYI
256;17;11-50;453879.0;text;;[];False;False;f34b4da3396ed875;[];GW LAGI BACA NOVEL BARU NIH
257;17;11-50;453933.0;image/jpeg;;[];False;False;f34b4da3396ed875;[];[Foto]
258;17;11-50;453944.0;text;;[];True;False;f34b4da3396ed875;[];TADI NGOMONG APA SIH DOSENNYA?
259;17;11-50;453962.0;text;;[];False;False;f34b4da3396ed875;[];PODCAST YG LU REKOMEN MANA
260;17;51-100;453973.0;text;;[];False;False;f34b4da3396ed875;[];GW BARU DAPET INFO BEASISWA BUAT SEMESTER DEPAN MAU COBA DAFTAR DEH
261;18;11-50;459389.0;text;;[];True;False;c90620f18eff7459;[];itu tempatnya jauh ga?
262;18;11-50;459392.0;text;;[];True;False;c90620f18eff7459;[];itu tempatnya jauh ga?
263;18;11-50;459826.0;text;;[];True;False;ffa43f0e1c086842;[];lu lagi ngapain sih?
264;18;51-100;459915.0;text;;[];False;False;c90620f18eff7459;[];tadi pagi gw olahraga lari keliling kampus 5 putaran badan pegel semua
265;18;11-50;459920.0;text;;[];False;False;c90620f18eff7459;[];film baru di bioskop bagus ga
266;18;11-50;460040.0;text;;[];True;False;168a45c58b4d621f;[];siapa aja yg dateng?
267;18;11-50;460044.0;text;;[];True;False;168a45c58b4d621f;[];kenapa ga balessss chatttt gw?
268;18;11-50;460121.0;text;;[];True;False;cbbdf968bec3dae9;[];itu tempatnya jauh ga?
269;18;11-50;460141.0;text;;[];False;False;cbbdf968bec3dae9;[];duit bulanan belum dikirim
270;18;11-50;460843.0;text;;[];True;False;7491c2501c76b852;[];sipaa aja yg dateng?
271;18;11-50;460856.0;text;;[];False;False;7491c2501c76b852;[];film baru di bioskop bagus ga
272;18;11-50;460882.0;text;;[];False;False;7491c2501c76b852;[];duit bulaann blm dikirim
273;18;0;462815.0;audio;;[];False;False;f34b4da3396ed875;[];[Voice Note]
274;18;11-50;462929.0;text;;[];True;False;168a45c58b4d621f;[];ituuuu tempatnyaa jauhhh ga?
275;18;11-50;463626.0;text;;[];True;False;df7b6465ed31d9b8;[];lu lagii ngapainnnn sih?
276;18;51-100;463658.0;text;;[];False;False;df7b6465ed31d9b8;[];adek gw mauu masuk kuliahh tahunn depan gw harus bantu cariinn info jurusannn
277;18;1-10;464343.0;text;;[];False;False;cbbdf968bec3dae9;[];woles
278;18;11-50;465036.0;text;;[];True;False;df7b6465ed31d9b8;[];siapa ajaaa yg dateng?
279;18;0;465048.0;image/jpeg;;[];False;False;df7b6465ed31d9b8;[];[Foto]
280;18;11-50;465059.0;text;;[];False;False;df7b6465ed31d9b8;[];playlisttt lo yang manaaaa sihhh
281;18;11-50;465212.0;text;;[];False;False;c360651de2472e7e;[];kakak gw baru aja nikah
282;18;11-50;465814.0;text;;[];False;False;b5f66a5592209fdd;[];bokpa gw lg di luar kota
283;18;11-50;465833.0;text;;[];False;False;f34b4da3396ed875;[];KELUARGA NGUMPUL LEBARAN NANTI
284;18;51-100;465870.0;text;;[];True;False;df7b6465ed31d9b8;[];siapaaa sih yang spread gosip ituuu ke grup sebelah, tau ga orangnya?
285;18;51-100;466040.0;text;;[];False;False;c360651de2472e7e;[];adek gw mau masuk kuliah tahun depan gw hrs bantu cariin info jurusan
286;18;11-50;466049.0;text;;[];False;False;c360651de2472e7e;[];duit bulanan blm dikirim
287;18;51-100;466884.0;text;;[];True;False;df7b6465ed31d9b8;[];siapa sih yang spread gosip ituu ke grup sebelah, tau ga orangnya?
288;18;1-10;466977.0;text;;[];False;False;c360651de2472e7e;[];gila
289;18;11-50;467011.0;text;;[];False;False;df7b6465ed31d9b8;[];playlisttt lo yang mana sih
290;18;11-50;467022.0;text;;[];False;False;df7b6465ed31d9b8;[];gw baruu aja ketemu mantan
291;18;0;467037.0;image/jpeg;;[];False;False;df7b6465ed31d9b8;[];[Foto]
292;18;1-10;468624.0;text;;[];False;False;168a45c58b4d621f;[];gini
293;18;11-50;468637.0;text;;[];False;False;168a45c58b4d621f;[];bokap gw lagi di luar kota
294;18;1-10;468641.0;text;;[];True;False;168a45c58b4d621f;[];terus?
295;18;11-50;468646.0;text;;[];False;False;168a45c58b4d621f;[];filmmmm baru di bioskop bagussss ga
296;19;11-50;472574.0;text;;[];False;False;bf385e27e89976f8;[];keluarga ngumpul lebaran nanti
297;19;11-50;472582.0;text;;[];True;False;bf385e27e89976f8;[];siapa aja yg dateng?
298;19;1-10;472595.0;text;;[];False;False;a21178041169e6d8;[];pasti!!!
299;19;1-10;472754.0;text;;[];False;False;168a45c58b4d621f;[];gilaa
300;19;11-50;472767.0;text;;[];False;False;bf385e27e89976f8;[];nyokap nanya kapan lulus
301;19;1-10;472768.0;text;;[];False;False;bf385e27e89976f8;[];nice
302;19;11-50;472803.0;text;;[];True;False;df7b6465ed31d9b8;[];lu lagiii ngapain sih?
303;19;11-50;472809.0;text;;[];True;False;df7b6465ed31d9b8;[];kenapaa ga bales chattt gw?
304;19;1-10;472868.0;text;;['🤣'];False;False;bf385e27e89976f8;[];yess
305;19;1-10;472869.0;text;;[];False;False;bf385e27e89976f8;[];nice
306;19;1-10;472874.0;text;;['🤣'];False;False;bf385e27e89976f8;[];pasti
307;19;11-50;472877.0;text;;[];False;False;bf385e27e89976f8;[];mama minta gw pulang weekend
308;19;51-100;472896.0;text;;[];False;False;df7b6465ed31d9b8;[];tadi pagii gw olahraga lari kelilingggg kampus 5 putaran badan pegel semua
309;19;1-10;472899.0;text;;[];False;False;168a45c58b4d621f;[];yesssss
310;19;1-10;472909.0;text;;[];False;False;168a45c58b4d621f;[];hayukk
311;19;101-500;472927.0;text;;[];False;False;168a45c58b4d621f;[];gw pengen curhatttt sedikitttt nih. akhirrr akhir ini gw ngerasa burnout bangettt sama rutinitas kuliahhhh yanggg itu itu aja. bangun pagi, kuliah, tugas, tidur, repeat. kadang gw ngerasa kayak robot yangg cumaaaa jalannn sesuai program tanpa tau tujuannn akhirnya apa. mungkin gw butuh liburan benerannn buat refreshh otak
312;19;51-100;473022.0;text;;[];False;False;40cedde96f0e835d;[];tdai pagi gw olaharga lari keliling kampus 5 putaarn baadn pegel smua
313;19;1-10;473061.0;text;;['🤔'];False;False;df7b6465ed31d9b8;[];anjayyy
314;19;1-10;473129.0;text;;[];False;False;56267ae07fe895e3;[];gini
315;19;101-500;473154.0;text;;[];True;False;56267ae07fe895e3;[];gw lg bimbang nih antara mau ikut organisasi kampus atau fokus ke... akademik aja. menurut... kalian gmn sih, worth it... ga sih ikut organisasi? soalnya gw denger banyak... yg bilang... bs nambah soft skill tp... di... sisi lain waktu buat... belajar jadi berkurang kan,... gmn... pengalaman kalian?
316;19;11-50;473213.0;text;;[];False;False;56267ae07fe895e3;[];kakak gw baru aja... nikah
317;19;11-50;473216.0;text;;[];True;False;56267ae07fe895e3;[];siapa aja yg dateng?...
318;19;51-100;473220.0;text;;[];False;False;df7b6465ed31d9b8;[];gw lagi belajar masak sendiri biarr ga jajannn terus lumayan hemat soalnya
319;19;51-100;473268.0;text;;[];False;False;168a45c58b4d621f;[];tadi pagi gw olahraga lari keliling kampus 5 putarannnn badann pegell semua
320;19;11-50;473287.0;text;319.0;[];False;False;56267ae07fe895e3;[];gw kangen masakan rumah...
321;20;51-100;520780.0;image/jpeg;;[];True;False;433804765ee30cd7;[];[Foto]
322;20;11-50;521152.0;text;;[];False;False;6fe7bc6cf93553ce;[];presentasi gw amburadul
323;20;1-10;522371.0;text;;[];False;False;2fe7cebe4d78453f;[];Oke.
324;20;1-10;522747.0;text;;[];False;False;433804765ee30cd7;[];oke
325;21;11-50;527709.0;text;;[];True;False;df7b6465ed31d9b8;[];jadwallll sidang kapan bro?
326;21;51-100;527710.0;text;;[];True;False;df7b6465ed31d9b8;[];lu pernah coba belajarr bareng di perpus kotaa ga, enak ga disana?
327;21;1-10;531230.0;text;;[];False;False;3f71e8a3ce395cd8;[];setuju
328;22;101-500;548983.0;text;;[];True;False;6fe7bc6cf93553ce;[];gw lagi bimbang nih antara mau ikut organisasi kampus atau fokus ke akademik aja. menurut kalian gimana sih, worth it ga sih ikut organisasi? soalnya gw denger banyak yang bilang bisa nambah soft skill tapi di sisi lain waktu buat belajar jadi berkurang kan, gimana pengalaman kalian?
329;22;11-50;557892.0;text;;['🌚'];False;False;8e570023d7b17cb3;[];eh tadi kelas seru bgt
330;22;11-50;558031.0;image/jpeg;;[];True;False;168a45c58b4d621f;[];[Foto]
331;22;11-50;558057.0;text;;[];False;False;8e570023d7b17cb3;[];tadi absen ga sih km
332;22;11-50;558060.0;text;;[];False;False;8e570023d7b17cb3;[];matkul ni susah bgt
333;22;51-100;558118.0;text;;[];True;False;8e570023d7b17cb3;[];eh lu udah dapet info jadwal ujian akhir semester blm dr prodi?
334;22;51-100;558463.0;text;;[];False;False;168a45c58b4d621f;[];eh besok kita jadi ketemuannn di kafeee deket stasiun kannn ya jammmm 2 siang
335;22;1-10;558466.0;text;;[];False;False;168a45c58b4d621f;[];otw
336;22;11-50;558478.0;text;;[];False;False;56267ae07fe895e3;[];presentasi gw amburadul...
337;22;11-50;558486.0;text;;['🤔'];True;False;168a45c58b4d621f;[];lu dimana sekarang?
338;22;11-50;558491.0;text;;[];True;False;8e570023d7b17cb3;[];tugas dikumpul kapan sih?
339;22;1-10;558496.0;text;;[];False;False;8e570023d7b17cb3;[];siap
340;22;1-10;558502.0;text;;[];False;False;8e570023d7b17cb3;[];hehe
341;22;1-10;558516.0;text;;['😂', '🔫'];False;False;168a45c58b4d621f;[];siap
342;22;11-50;558525.0;text;;[];False;False;8e570023d7b17cb3;[];ipk gw turun semester ni
343;22;1-10;558525.0;text;;[];False;False;8e570023d7b17cb3;[];iya
344;22;11-50;558531.0;text;;[];False;False;8e570023d7b17cb3;[];eh tadi kelas seru bgt
345;22;11-50;558542.0;text;;[];False;False;8e570023d7b17cb3;[];deadline besok pagi bro
346;22;11-50;558543.0;text;;[];False;False;8e570023d7b17cb3;[];gw skip kelas hari ni
347;22;1-10;558547.0;text;;[];True;False;8e570023d7b17cb3;[];mana?
348;22;1-10;558548.0;text;;[];False;False;8e570023d7b17cb3;[];oke
349;22;11-50;558548.0;text;;[];False;False;8e570023d7b17cb3;[];perpus tutup jam berapa ya
350;22;11-50;558559.0;text;;[];False;False;8e570023d7b17cb3;[];perpus tutup jam berapa ya
351;22;11-50;558563.0;text;;[];False;False;8e570023d7b17cb3;[];perpus tutup jam berapa ya
352;22;1-10;558564.0;text;;[];False;False;8e570023d7b17cb3;[];gas
353;22;11-50;558583.0;text;;[];False;False;8e570023d7b17cb3;[];dosen gw galak bgt sih
354;22;11-50;558593.0;text;;[];False;False;8e570023d7b17cb3;[];presentasi gw amburadul
355;22;51-100;558601.0;text;;[];False;False;8e570023d7b17cb3;[];tadi gw ketemu dosen pembimbing dan dia minta revisi lg utk bab 3
356;22;1-10;558602.0;text;;[];False;False;8e570023d7b17cb3;[];ok
357;22;11-50;558619.0;text;;[];False;False;168a45c58b4d621f;[];eh tadi kelas seruu bangett
358;22;51-100;558648.0;text;;[];False;False;168a45c58b4d621f;[];nyokap gw nelfon tadi nanyain kapan pulang, gw bilangg ajaaa abisss ujiann
359;22;51-100;558677.0;text;;[];True;False;168a45c58b4d621f;[];eh lu udah dapett info jadwallll ujian akhirrrr semester belummm dariii prodi?
360;22;1-10;558736.0;text;;[];False;False;8e570023d7b17cb3;[];oke
361;22;11-50;558746.0;text;;[];False;False;8e570023d7b17cb3;[];gw skip kelas hari ni
362;22;1-10;558757.0;text;;[];False;False;8e570023d7b17cb3;[];iya
363;22;11-50;558757.0;text;;[];False;False;8e570023d7b17cb3;[];tadi absen ga sih km
364;22;11-50;558764.0;text;;[];False;False;8e570023d7b17cb3;[];presentasi gw amburadul
365;22;11-50;558777.0;text;;[];False;False;8e570023d7b17cb3;[];gw belom mulai tugas
366;22;1-10;558778.0;text;;[];False;False;8e570023d7b17cb3;[];otw
367;22;11-50;558827.0;text;;[];True;False;df7b6465ed31d9b8;[];jadi ketemuan ga hari ini?
368;22;11-50;558838.0;text;;[];True;False;8e570023d7b17cb3;[];lu dmn skrg?
369;22;1-10;558864.0;text;;[];False;False;df7b6465ed31d9b8;[];wkwkkkk
370;22;11-50;558873.0;text;;[];False;False;8e570023d7b17cb3;[];deadline besok pagi bro
371;22;11-50;558880.0;text;;[];False;False;8e570023d7b17cb3;[];presentasi gw amburadul
372;22;0;558885.0;image/jpeg;;[];False;False;df7b6465ed31d9b8;[];[Foto]
373;22;11-50;558898.0;text;;[];False;False;df7b6465ed31d9b8;[];tadiiii absen ga sih kamu
374;22;0;558908.0;image/jpeg;;[];False;False;df7b6465ed31d9b8;[];[Foto]
375;22;11-50;558911.0;text;;[];False;False;df7b6465ed31d9b8;[];gw belom mulai tugas
376;22;11-50;558989.0;text;;[];True;False;168a45c58b4d621f;[];siapa yangg mau ikut?
377;22;1-10;559025.0;text;;[];False;False;8e570023d7b17cb3;[];wkwk
378;22;11-50;559027.0;text;;[];False;False;8e570023d7b17cb3;[];gw lg ngerjain tugas nih
379;22;11-50;559040.0;text;;[];False;False;8e570023d7b17cb3;[];dosen gw galak bgt sih
380;22;11-50;559178.0;text;;[];False;False;168a45c58b4d621f;[];tadi absen ga sih kamu
381;22;11-50;559182.0;text;379.0;[];False;False;168a45c58b4d621f;[];gw belom mulai tugas
382;22;11-50;559246.0;text;;[];False;False;df7b6465ed31d9b8;[];deadlineee besokkk pagi bro
383;22;1-10;559461.0;text;;[];False;False;8e570023d7b17cb3;[];otw
384;22;1-10;559492.0;text;;[];False;False;168a45c58b4d621f;[];haha
385;22;11-50;559588.0;image/jpeg;;[];True;False;168a45c58b4d621f;[];[Foto]
386;22;11-50;559605.0;text;;[];False;False;df7b6465ed31d9b8;[];ipkkkk gw turun semesterrr ini
387;22;51-100;559694.0;text;;[];True;False;168a45c58b4d621f;[];eh lu udah dapet infoo jadwal ujiann akhirrrr semester belum dari prodi?
388;22;11-50;559703.0;text;;[];True;False;168a45c58b4d621f;[];lu dimana sekarang?
389;22;11-50;559987.0;text;;['🤷\u200d♂'];False;False;df7b6465ed31d9b8;[];tadi absen ga sihhhh kamuuuu
390;22;11-50;559993.0;text;;[];False;False;df7b6465ed31d9b8;[];eh tadiii kelas seruuu bangetttt
391;22;1-10;560022.0;image/jpeg;;[];True;False;168a45c58b4d621f;[];[Foto]
392;22;11-50;560027.0;text;390.0;[];False;False;168a45c58b4d621f;[];lab komputer penuhhh terus
393;22;51-100;561418.0;text;;[];False;False;347df56c569a79fd;[];gw baru aja selesai ngerjain tugas sampe jam 3 pagi, mau mati rasanya
394;22;11-50;562059.0;text;;[];False;False;168a45c58b4d621f;[];gw belomm mulaiiii tugas
395;23;11-50;588043.0;text;;[];False;False;895ef3bba1e595b2;[];lu dimana sih lama banget
396;23;0;597759.0;sticker/webp;;[];False;False;9ee8addcecd569c5;[];[Stiker]
397;24;11-50;627391.0;text;;[];True;False;c360651de2472e7e;[];msh buka ga warungnya?
398;24;1-10;627562.0;text;;[];True;False;a21178041169e6d8;[];gk!!!
399;24;11-50;627592.0;text;;[];False;False;c360651de2472e7e;[];gw lg di atm btr
400;24;1-10;627614.0;text;;[];False;False;a21178041169e6d8;[];oh!!
401;24;1-10;628106.0;text;;[];False;False;c360651de2472e7e;[];seep
402;24;1-10;628110.0;text;;[];False;False;c360651de2472e7e;[];hem
403;24;11-50;628207.0;text;;[];True;False;a21178041169e6d8;[];bisa jemput gw ga!!!
404;24;1-10;628273.0;text;;[];False;False;c360651de2472e7e;[];gassss
405;24;11-50;628293.0;text;;[];False;False;a21178041169e6d8;[];cuaca hari ini panas banget!!
406;24;11-50;629254.0;image/jpeg;;[];True;False;c360651de2472e7e;[];[Foto]
407;24;11-50;629505.0;text;;[];False;False;56267ae07fe895e3;[];lu tim mana dukungnya...
408;24;11-50;629512.0;text;;[];False;False;56267ae07fe895e3;[];lu tim mana... dukungnya
409;24;11-50;629569.0;text;;[];False;False;c360651de2472e7e;[];gw lg sibuk bgt minggu ni
410;24;101-500;629592.0;text;;[];False;False;bf385e27e89976f8;[];rencana liburan semester ini gw mau road trip sama temen temen ke jogja. kita udah patungan buat sewa mobil dan booking penginapan murah di daerah malioboro. itinerary nya udah gw bikin detail dari hari pertama sampe hari ketiga. tinggal eksekusi aja nih semoga cuaca mendukung dan ga ada halangan
411;24;11-50;629594.0;text;;[];True;False;df7b6465ed31d9b8;[];mauuuu nitippp apa ga?
412;24;1-10;629595.0;text;;['🤣'];False;False;bf385e27e89976f8;[];eh
413;24;11-50;629601.0;text;;[];False;False;bf385e27e89976f8;[];hp gw lowbat nih
414;24;1-10;629613.0;text;;[];False;False;56267ae07fe895e3;[];siapp
415;24;1-10;629620.0;text;;[];False;False;56267ae07fe895e3;[];gassss
416;24;51-100;629726.0;text;;[];True;False;df7b6465ed31d9b8;[];gimana sih caranya bikinn proposal penelitiann yanggg bagussss menurut dosen?
417;24;11-50;629738.0;text;;[];False;False;c360651de2472e7e;[];wifi kampus lemot parah
418;24;1-10;629753.0;text;;[];False;False;c360651de2472e7e;[];siapp
419;24;1-10;629760.0;text;;[];False;False;c360651de2472e7e;[];yess
420;24;1-10;629787.0;text;;[];False;False;56267ae07fe895e3;[];okey
421;24;51-100;629802.0;text;;[];False;False;56267ae07fe895e3;[];laptop gw mulai lemot nih kayaknya hrs install ulang atau ganti ram
422;24;11-50;629822.0;text;;[];False;False;56267ae07fe895e3;[];dompet gw ketinggalan di rumah
423;24;11-50;629829.0;text;;[];False;False;56267ae07fe895e3;[];gw lg sibuk bgt minggu... ni
424;24;1-10;629830.0;text;;[];False;False;56267ae07fe895e3;[];seep
425;24;51-100;629848.0;text;;['🤔'];True;False;c360651de2472e7e;[];knp ya akhir akhir ni gw susah bgt tidur padahal capek?
426;24;11-50;629883.0;text;;[];False;False;56267ae07fe895e3;[];gw lg sibuk bgt minggu ni
427;24;11-50;629897.0;text;;[];False;False;56267ae07fe895e3;[];bentar ya gw lg... di jalan
428;24;11-50;630026.0;text;;[];False;False;c360651de2472e7e;[];baru bangun nih msh ngantuk
429;24;11-50;630898.0;text;;[];False;False;56267ae07fe895e3;[];hp gw lowbat nih
430;24;11-50;630912.0;text;;[];False;False;56267ae07fe895e3;[];bentar ya gw lg di... jalan
431;24;11-50;630912.0;text;;[];False;False;56267ae07fe895e3;[];lu tim mana dukungnya...
432;24;1-10;631537.0;text;;[];False;False;c360651de2472e7e;[];yess
433;24;11-50;631551.0;text;;[];True;False;c360651de2472e7e;[];gw hrs bawa apa aja?
434;24;11-50;631564.0;text;;[];True;False;c360651de2472e7e;[];gw hrs bawa apa aja?
435;24;1-10;632570.0;image/jpeg;;[];True;False;df7b6465ed31d9b8;[];[Foto]
436;24;11-50;632830.0;text;435.0;[];False;False;56267ae07fe895e3;[];gw lg di atm btr
437;24;1-10;632838.0;text;;[];False;False;56267ae07fe895e3;[];oh
438;24;11-50;632865.0;text;435.0;[];True;False;56267ae07fe895e3;[];mau nitip apa ga?
439;24;11-50;632867.0;text;;[];True;False;df7b6465ed31d9b8;[];lu punya kontakkkk dia ga?
440;24;11-50;632875.0;text;;[];True;False;56267ae07fe895e3;[];gw hrs bawa apa aja?
441;24;11-50;632891.0;text;;[];False;False;df7b6465ed31d9b8;[];ntarrrr gw kabarin lagi deh
442;24;1-10;632917.0;text;;[];False;False;df7b6465ed31d9b8;[];gassssss
443;24;11-50;632923.0;text;;[];False;False;df7b6465ed31d9b8;[];gw baruuu ganti nomor btw
444;24;11-50;632947.0;text;;['👌'];False;False;df7b6465ed31d9b8;[];chargerrr hp gw rusakk lagi
445;24;1-10;633397.0;text;;[];False;False;df7b6465ed31d9b8;[];okk
446;24;11-50;633410.0;text;;[];False;False;df7b6465ed31d9b8;[];hujan deressss ga bawaa payunggg
447;24;11-50;633416.0;text;;[];True;False;df7b6465ed31d9b8;[];masih buka ga warungnya?
448;25;51-100;634036.0;text;;[];True;False;df7b6465ed31d9b8;[];siapa sihh yangg spread gosipppp itu ke grup sebelah, tau ga orangnya?
449;25;1-10;634308.0;text;;[];False;False;56267ae07fe895e3;[];mager
450;25;11-50;634322.0;text;;[];True;False;56267ae07fe895e3;[];tu tempatnya jauh ga?...
451;25;11-50;634324.0;text;;[];True;False;56267ae07fe895e3;[];tu tempatnya jauh ga?
452;25;11-50;634359.0;image/jpeg;;[];False;False;56267ae07fe895e3;[];[Foto]
453;25;0;634460.0;audio;;[];False;False;c99de8235cc6c95e;[];[Voice Note]
454;25;0;634480.0;audio;;[];False;False;c99de8235cc6c95e;[];[Voice Note]
455;25;11-50;634728.0;text;;[];False;False;56267ae07fe895e3;[];gw kangen masakan... rumah
456;25;11-50;634736.0;text;;[];False;False;56267ae07fe895e3;[];mama minta gw pulang weekend
457;25;11-50;634745.0;text;;[];False;False;56267ae07fe895e3;[];duit bulanan blm dikirim
458;25;1-10;634901.0;image/jpeg;;[];True;False;df7b6465ed31d9b8;[];[Foto]
459;25;11-50;634950.0;text;;[];False;False;56267ae07fe895e3;[];playlist lo yg mana sih
460;25;1-10;634961.0;text;;[];False;False;df7b6465ed31d9b8;[];goks
461;25;1-10;634968.0;text;;[];False;False;56267ae07fe895e3;[];gini
462;25;1-10;634970.0;text;;[];False;False;56267ae07fe895e3;[];gini
463;25;1-10;634978.0;text;;[];False;False;56267ae07fe895e3;[];noted
464;25;11-50;634980.0;text;;[];False;False;df7b6465ed31d9b8;[];mama mintaaaa gw pulang weekendddd
465;25;51-100;634989.0;text;;[];False;False;df7b6465ed31d9b8;[];adekk gw mau masuk kuliah tahunnn depannnn gw harussss bantu cariin infoooo jurusan
466;25;0;635213.0;audio;;[];False;False;c99de8235cc6c95e;[];[Voice Note]
467;25;11-50;635518.0;text;459.0;[];False;False;8e570023d7b17cb3;[];duit bulanan blm dikirim
468;25;1-10;635523.0;text;;[];False;False;8e570023d7b17cb3;[];hayuk
469;25;51-100;635525.0;text;;[];False;False;8e570023d7b17cb3;[];tadi pagi gw olahraga lari keliling kampus 5 putaran badan pegel smua
470;25;11-50;636106.0;text;;[];True;False;df7b6465ed31d9b8;[];siapaa aja yg dateng?
471;25;11-50;636776.0;text;;[];False;False;189148ac44a52f1e;[];KELUARGA NGUMPUL LEBARAN NANTI
472;25;11-50;636784.0;text;;[];False;False;189148ac44a52f1e;[];DUIT BULANAN BELUM DIKIRIM
473;25;11-50;636809.0;text;;[];True;False;df7b6465ed31d9b8;[];ituu tempatnyaaaa jauhhhh ga?
474;25;0;636819.0;image/jpeg;;[];False;False;df7b6465ed31d9b8;[];[Foto]
475;25;1-10;636821.0;text;;[];True;False;189148ac44a52f1e;[];TERUS?
476;25;11-50;636838.0;text;;[];True;False;189148ac44a52f1e;[];ITU TEMPATNYA JAUH GA?
477;25;11-50;636846.0;text;;[];False;False;df7b6465ed31d9b8;[];bokapppp gw lagi di luar kota
478;25;1-10;636847.0;text;;[];False;False;df7b6465ed31d9b8;[];anjayy
479;25;1-10;636851.0;text;;[];False;False;189148ac44a52f1e;[];GILA
480;25;1-10;636857.0;text;;[];False;False;df7b6465ed31d9b8;[];woles
481;25;11-50;636859.0;text;;[];False;False;189148ac44a52f1e;[];MAMA MINTA GW PULANG WEEKEND
482;25;11-50;636876.0;text;;[];False;False;189148ac44a52f1e;[];BOKAP GW LAGI DI LUAR KOTA
483;25;11-50;636881.0;text;;[];False;False;189148ac44a52f1e;[];FILM BARU DI BIOSKOP BAGUS GA
484;25;11-50;636896.0;text;474.0;[];False;False;56267ae07fe895e3;[];duit bulanan blm dikirim...
485;25;51-100;636930.0;text;;[];False;False;189148ac44a52f1e;[];GW LAGI BELAJAR MASAK SENDIRI BIAR GA JAJAN TERUS LUMAYAN HEMAT SOALNYA
486;25;101-500;636959.0;text;;[];True;False;df7b6465ed31d9b8;[];menuruttt kaliann kenapa ya generasi kitaaaa tuh kayaknya lebihhhh gampang stress dan burnout dibanding generasi orang tua kita dulu? apa karenaaaa tekanannn sosmed atauuu emangggg tuntutannn hidup yangggg makin tinggi ya? gw penasarann aja sih soalnyaaa temennn temen gw banyakkkk yang ngeluh hal yanggg sama
487;25;11-50;636980.0;text;;[];True;False;189148ac44a52f1e;[];KENAPA GA BALES CHAT GW?
488;25;11-50;637007.0;text;;['🤦\u200d♂'];False;False;df7b6465ed31d9b8;[];duit bulanan belum dikirim
489;25;1-10;637018.0;text;;['😂'];False;False;189148ac44a52f1e;[];HAYUK
490;25;51-100;637033.0;text;;[];False;False;df7b6465ed31d9b8;[];besokkkk adaaaa bazaar di kampussss katanya banyak makanan murah, padaaa ikut ga
491;25;11-50;637038.0;text;474.0;[];False;False;189148ac44a52f1e;[];ADEK GW MASUK SMA TAHUN INI
492;25;11-50;637069.0;text;;[];True;False;8e570023d7b17cb3;[];tu tempatnya jauh ga?
493;25;51-100;637075.0;text;;[];False;False;df7b6465ed31d9b8;[];gw lagi belajar masak sendiri biar ga jajannn terus lumayan hemat soalnyaa
494;25;11-50;637097.0;text;;[];False;False;df7b6465ed31d9b8;[];nyokapppp nanya kapan lulus
495;25;51-100;637163.0;text;;[];False;False;df7b6465ed31d9b8;[];besok ada bazaar di kampusss katanya banyak makanan murah, pada ikut ga
496;25;11-50;637171.0;text;;[];True;False;df7b6465ed31d9b8;[];siapa ajaa yg dateng?
497;25;0;637188.0;image/jpeg;;[];False;False;df7b6465ed31d9b8;[];[Foto]
498;25;11-50;637188.0;text;;[];False;False;8e570023d7b17cb3;[];bokap gw lg di luar kota
499;25;11-50;637189.0;text;;[];False;False;8e570023d7b17cb3;[];film baru di bioskop bagus ga
500;25;11-50;637208.0;text;;[];True;False;8e570023d7b17cb3;[];lu lg ngapain sih?
501;25;11-50;637210.0;text;;[];False;False;df7b6465ed31d9b8;[];film baru di bioskop bagussss ga
502;25;1-10;637211.0;text;;[];False;False;df7b6465ed31d9b8;[];yess
503;25;11-50;637213.0;text;;[];True;False;8e570023d7b17cb3;[];siapa aja yg dateng?
504;25;11-50;637222.0;text;;[];False;False;8e570023d7b17cb3;[];nyokap nanya kapan lulus
505;25;11-50;637228.0;text;;[];False;False;8e570023d7b17cb3;[];duit bulanan blm dikirim
506;25;1-10;637242.0;text;;[];False;False;df7b6465ed31d9b8;[];hayukkk
507;25;11-50;637252.0;text;;[];False;False;df7b6465ed31d9b8;[];bokapppp gw lagi di luar kota
508;25;1-10;637261.0;text;;[];False;False;df7b6465ed31d9b8;[];mager
509;25;11-50;637265.0;text;;[];False;False;8e570023d7b17cb3;[];duit bulanan blm dikirim
510;25;1-10;637269.0;text;;[];False;False;8e570023d7b17cb3;[];yess
511;25;51-100;637289.0;text;;[];False;False;8e570023d7b17cb3;[];gw nonton film dokumenter semalam tentang laut dan ikan, bagus bgt
512;25;11-50;637293.0;text;;[];False;False;8e570023d7b17cb3;[];mama minta gw pulang weekend
513;25;11-50;637295.0;text;;[];False;False;8e570023d7b17cb3;[];gw kangen masakan rumah
514;25;11-50;637296.0;text;;[];False;False;8e570023d7b17cb3;[];gw lg marathon drakor nih
515;25;11-50;637535.0;text;;[];True;False;df7b6465ed31d9b8;[];kenapa ga balessss chat gw?
516;25;51-100;637558.0;text;;[];False;False;df7b6465ed31d9b8;[];tadi pagiiii gw olahraga lari keliling kampus 5 putarann badan pegel semua
517;25;1-10;637565.0;text;;[];False;False;8e570023d7b17cb3;[];mager
518;25;11-50;637568.0;text;;[];False;False;8e570023d7b17cb3;[];playlist lo yg mana sih
519;25;11-50;637568.0;text;;[];False;False;8e570023d7b17cb3;[];nyokap nanya kapan lulus
520;25;11-50;637572.0;text;;[];False;False;8e570023d7b17cb3;[];playlist lo yg mana sih
521;25;1-10;637579.0;text;;[];False;False;8e570023d7b17cb3;[];pasti
522;25;0;637845.0;image/jpeg;;[];False;False;df7b6465ed31d9b8;[];[Foto]
523;25;1-10;637904.0;text;;[];False;False;8e570023d7b17cb3;[];mager
524;25;11-50;637907.0;text;;[];False;False;8e570023d7b17cb3;[];adek gw masuk sma tahun ni
525;25;11-50;637919.0;text;;[];False;False;df7b6465ed31d9b8;[];gw baruu aja ketemu mantan
526;25;11-50;637924.0;text;;[];False;False;8e570023d7b17cb3;[];kakak gw baru aja nikah
527;25;51-100;637927.0;text;;[];False;False;8e570023d7b17cb3;[];tadi pagi gw olahraga lari keliling kampus 5 putaran badan pegel smua
528;25;11-50;637932.0;text;;[];True;False;df7b6465ed31d9b8;[];siapaaa aja yg dateng?
529;25;1-10;637932.0;text;;[];False;False;8e570023d7b17cb3;[];noted
530;25;11-50;637934.0;text;;[];False;False;8e570023d7b17cb3;[];adek gw masuk sma tahun ni
531;25;11-50;637937.0;text;;[];False;False;8e570023d7b17cb3;[];duit bulanan blm dikirim
532;25;11-50;637955.0;text;;[];False;False;8e570023d7b17cb3;[];bokap gw lg di luar kota
533;25;11-50;638037.0;text;;[];True;False;df7b6465ed31d9b8;[];kenapa ga baless chatt gw?
534;25;1-10;638078.0;text;;[];False;False;8e570023d7b17cb3;[];gitu
535;25;1-10;638081.0;text;;[];False;False;df7b6465ed31d9b8;[];mager
536;25;11-50;638082.0;text;;[];False;False;8e570023d7b17cb3;[];keluarga ngumpul lebaran ntr
537;25;11-50;638084.0;text;;[];False;False;8e570023d7b17cb3;[];gw kangen masakan rumah
538;25;11-50;638098.0;text;;[];False;False;8e570023d7b17cb3;[];gw kangen masakan rumah
539;25;1-10;638107.0;text;;['😞'];False;False;df7b6465ed31d9b8;[];gituuuu
540;25;11-50;638251.0;text;;[];True;False;56267ae07fe895e3;[];tu tempatnya jauh... ga?
541;25;11-50;638265.0;text;;[];False;False;56267ae07fe895e3;[];adek gw masuk sma tahun ni
542;25;11-50;639289.0;text;;[];True;False;df7b6465ed31d9b8;[];lu lagiii ngapain sih?
543;25;11-50;639317.0;text;;[];False;False;895ef3bba1e595b2;[];kakak gw baru aja nikah
544;25;11-50;639397.0;text;;['😎'];False;False;df7b6465ed31d9b8;[];gw kangenn masakan rumah
545;25;1-10;639412.0;text;;[];False;False;895ef3bba1e595b2;[];woles
546;25;51-100;639509.0;text;;[];False;False;df7b6465ed31d9b8;[];gw lagi belajar masakk sendiri biar ga jajan terus lumayan hemat soalnyaaa
547;25;101-500;639533.0;text;;[];False;False;df7b6465ed31d9b8;[];gw pengen curhatt sedikit nih. akhirr akhir ini gw ngerasa burnoutttt bangetttt sama rutinitas kuliah yang itu itu aja. bangunnn pagi, kuliah, tugas, tidur, repeat. kadang gw ngerasa kayakkk robot yang cumaaa jalan sesuai program tanpaa tauuuu tujuannnn akhirnyaaaa apa. mungkin gw butuh liburan benerann buattt refresh otak
548;25;51-100;639549.0;text;;[];False;False;df7b6465ed31d9b8;[];gw lagi belajarr masakkk sendiri biarr ga jajannnn terus lumayan hemat soalnyaaa
549;25;0;639675.0;sticker/webp;;[];False;False;56267ae07fe895e3;[];[Stiker]
550;25;1-10;639678.0;text;;[];False;False;895ef3bba1e595b2;[];goks
551;25;51-100;639709.0;text;;[];False;False;895ef3bba1e595b2;[];besok ada bazaar di kampus katanya banyak makanan murah, pada ikut ga
552;25;11-50;639730.0;text;;['👆🏿'];False;False;895ef3bba1e595b2;['df7b6465ed31d9b8'];keluarga ngumpul lebaran nanti
553;25;11-50;639875.0;text;;['👌'];False;False;df7b6465ed31d9b8;[];gw lagi marathon drakor nih
554;25;51-100;639952.0;text;;[];True;False;df7b6465ed31d9b8;[];siapa sihhh yangg spreaddd gosip ituuu ke grup sebelah, tau ga orangnya?
555;25;1-10;642300.0;text;;[];False;False;168a45c58b4d621f;[];gilaa
556;26;1-10;658642.0;text;;[];False;False;d18d73e4ad31d59a;[];jir
557;26;11-50;658704.0;text;;[];False;False;f91b57651edd3173;[];album baru dia enak... bgt
558;26;1-10;660159.0;text;;[];False;False;373856d6dd5703e4;[];oot
559;26;11-50;660167.0;text;;[];True;False;373856d6dd5703e4;[];tadi ngomong,,, apa sih,,, dosennya?
560;26;11-50;660224.0;text;;[];False;False;a21178041169e6d8;[];gw lagi baca novel baru nih!!
561;26;11-50;660236.0;text;;['🖖🏽'];False;False;373856d6dd5703e4;[];konser itu mahal banget tiketnya
562;26;1-10;660336.0;text;;[];False;False;a21178041169e6d8;[];dih!!
563;26;51-100;667969.0;text;;[];False;False;2c6435e87f0252f4;['56267ae07fe895e3'];Gw harus ganti strategi belajar sih soalnya nilai UTS kemarin jelek bgt.
564;27;51-100;693521.0;text;;[];True;False;3f71e8a3ce395cd8;[];ada yang tau kenapaa kantin kampuss tutup lebih awal hari iniii ga sih?
565;27;11-50;693532.0;text;;[];False;False;3f71e8a3ce395cd8;[];indomie telorrrr udah cukup kokkk
566;28;11-50;700098.0;text;;[];False;False;56267ae07fe895e3;[];temenin gw dong besok
567;28;11-50;700100.0;text;;[];False;False;56267ae07fe895e3;[];jangan bilang siapa siapa ya
568;28;11-50;700136.0;text;;[];False;False;2fe7cebe4d78453f;[];Pacarnya baru siapa sih.
569;28;11-50;700144.0;text;;[];False;False;2fe7cebe4d78453f;[];Temenin gw dong besok.
570;28;11-50;700827.0;text;566.0;[];False;False;2c6435e87f0252f4;[];Jangan bilang siapa siapa ya.
571;28;11-50;700832.0;text;;[];False;False;2c6435e87f0252f4;[];Temen gw sakit masuk RS.
572;28;1-10;701557.0;text;;[];False;False;3f71e8a3ce395cd8;[];dong
573;28;1-10;701567.0;text;;[];False;False;3f71e8a3ce395cd8;[];aminnnn
574;28;11-50;701596.0;text;;[];False;False;df7b6465ed31d9b8;[];diemm diem ternyataaa jadiannnn
575;28;1-10;701729.0;text;;[];True;False;3f71e8a3ce395cd8;[];ready?
576;28;11-50;701736.0;text;;['😅'];False;False;3f71e8a3ce395cd8;[];temeninn gw dongg besok
577;28;11-50;701765.0;text;;[];False;False;3f71e8a3ce395cd8;[];temenin gw dongggg besok
578;28;1-10;701772.0;text;;[];False;False;df7b6465ed31d9b8;[];wkwkwwww
579;28;11-50;701777.0;text;;[];False;False;3f71e8a3ce395cd8;[];reuni kapan ya kitaaaa
580;28;1-10;701787.0;text;;[];False;False;df7b6465ed31d9b8;[];setujuuu
581;29;51-100;707882.0;text;;[];True;False;b2f5237f1cf14c2b;[];kira kira kalo... gw... apply magang sekarang masih keburu ga ya?
582;29;1-10;707907.0;text;;[];False;False;c360651de2472e7e;[];dih
583;29;101-500;707969.0;text;;[];False;False;c360651de2472e7e;[];tadi siang gw makan di warung makan baru deket gerbang belakang kampus. nasi gorengnya lumayan enak dan harganya murah bgt cuma 12 ribu udah sm es teh. kayaknya bakal jadi langganan baru deh soalnya warteg biasa gw udah mulai naik harga dan porsinya makin dikit aja
584;29;1-10;707982.0;text;;[];False;False;c360651de2472e7e;[];sans
585;29;1-10;708078.0;text;;[];False;False;2c6435e87f0252f4;[];Fyi.
586;29;11-50;708094.0;text;;[];False;False;2c6435e87f0252f4;[];Gw abis lari pagi tadi.
587;29;101-500;708108.0;text;;[];True;False;b2f5237f1cf14c2b;[];gw lagi bimbang... nih antara mau... ikut organisasi kampus... atau fokus ke akademik aja. menurut kalian... gimana sih, worth it... ga sih ikut organisasi? soalnya gw denger... banyak yang bilang bisa nambah soft skill tapi di sisi lain waktu buat belajar jadi berkurang kan, gimana pengalaman kalian?
588;29;1-10;708117.0;text;;[];False;False;b2f5237f1cf14c2b;[];btw
589;29;51-100;708147.0;text;;[];False;False;df7b6465ed31d9b8;[];gw baru dapet info beasiswaa buatttt semesterrrr depannnn mau cobaaa daftarr deh
590;29;1-10;708180.0;text;;[];False;False;62dc140892728001;[];fyi
591;29;11-50;708191.0;text;;[];False;False;62dc140892728001;[];podcast yg lu rekomennnn mana
592;29;51-100;708202.0;text;;[];False;False;62dc140892728001;[];semalam hujan gede banget sampeeee kosan gw matiii lampu semaleman gila
593;29;11-50;708243.0;text;;[];False;False;62dc140892728001;[];manga terbaru udahh keluar loh
594;29;101-500;708244.0;text;;[];False;False;62dc140892728001;[];tadiii siang gw makannnn di warung makann baru deket gerbang belakang kampus. nasi gorengnya lumayann enakkk dan harganyaaaa murahhhh banget cuma 12 ribuuuu udahh sama es teh. kayaknyaaa bakal jadiii langganan baruuu dehhhh soalnya warteg biasa gw udah mulaiiii naik hargaaaa dan porsinya makinn dikit ajaaaa
595;29;101-500;708265.0;text;;[];False;False;62dc140892728001;[];tadiiii sianggg gw makannnn di warungg makan baru deket gerbang belakang kampus. nasi gorengnyaa lumayannn enakk dan harganya murah bangetttt cuma 12 ribuuuu udah sama es teh. kayaknyaaa bakal jadi langganannnn baru deh soalnya warteg biasaaaa gw udah mulai naikkkk hargaaaa dan porsinyaaa makin dikittt aja
596;29;11-50;708278.0;text;;[];False;False;62dc140892728001;[];konser itu mahal banget tiketnya
597;29;101-500;708305.0;text;;[];False;False;62dc140892728001;[];tadi siangg gw makann di warungggg makannnn baruuuu deket gerbangg belakanggg kampus. nasi gorengnya lumayan enakk dan harganyaa murah banget cuma 12 ribuu udah samaa es teh. kayaknya bakal jadi langganannnn baru deh soalnya warteg biasa gw udah mulaiiii naikk hargaaa dan porsinya makinnnn dikitttt ajaaa
598;29;51-100;708522.0;text;;[];False;False;df7b6465ed31d9b8;[];semalam hujan gede banget sampe kosan gw matiii lampu semaleman gila
599;29;1-10;708812.0;text;;[];False;False;62dc140892728001;[];kuy
600;29;51-100;708825.0;text;;[];False;False;62dc140892728001;[];gw harus gantii strategiiii belajarrr sih soalnyaaaa nilaiii uts kemarin jelek bgtt
601;29;51-100;708842.0;text;;[];False;False;62dc140892728001;[];gw harus ganti strategi belajarrrr sih soalnya nilai uts kemarinnn jelek bgt
602;29;11-50;708847.0;text;;[];False;False;62dc140892728001;[];gw abiss lari pagi tadi
603;29;11-50;709395.0;text;;[];True;False;b2f5237f1cf14c2b;[];booking duluan apa langsung aja?
604;29;11-50;709414.0;text;;[];False;False;b2f5237f1cf14c2b;[];pertandingan bola tadi malam gila
605;29;1-10;709526.0;text;;[];False;False;3f71e8a3ce395cd8;[];btw
606;29;11-50;709532.0;text;;[];False;False;3f71e8a3ce395cd8;[];gw lagiiii baca novelll baru nih
607;29;11-50;709539.0;text;;[];False;False;3f71e8a3ce395cd8;[];podcastt yg lu rekomennn mana
608;29;1-10;709850.0;text;;[];False;False;62dc140892728001;[];hoki
609;29;1-10;710245.0;text;;[];False;False;303b1f42b406d980;[];zonkkk
610;29;11-50;710251.0;text;;[];True;False;303b1f42b406d980;[];ada sinyal ga disitu?
611;29;1-10;710300.0;text;;[];False;False;62dc140892728001;[];jir
612;29;11-50;711132.0;text;;[];False;False;bf385e27e89976f8;[];game baru udah download belum
613;29;1-10;711139.0;text;;[];False;False;3f71e8a3ce395cd8;[];sans
614;29;11-50;711152.0;text;;[];False;False;3f71e8a3ce395cd8;[];gym hariiii iniiii skip dehh
615;29;11-50;711155.0;text;;[];False;False;3f71e8a3ce395cd8;[];podcasttt yg lu rekomen manaaaa
616;29;11-50;711163.0;text;;[];False;False;bf385e27e89976f8;[];game baru udah download belum
617;29;1-10;711183.0;text;;[];False;False;3f71e8a3ce395cd8;[];kuy
618;29;1-10;711184.0;text;;[];False;False;bf385e27e89976f8;[];fyi
619;29;11-50;711187.0;text;;[];True;False;3f71e8a3ce395cd8;[];tadi ngomong apaa sih dosennya?
620;29;11-50;711201.0;text;;[];False;False;bf385e27e89976f8;[];podcast yg lu rekomen mana
621;29;11-50;711204.0;text;;[];False;False;bf385e27e89976f8;[];album baru dia enak banget
622;29;11-50;711217.0;text;;[];False;False;bf385e27e89976f8;[];album baru dia enak banget
623;29;11-50;711225.0;text;;[];False;False;3f71e8a3ce395cd8;[];seriessss itu endingnyaaa zonk bgtt
624;29;11-50;711235.0;text;;[];False;False;3f71e8a3ce395cd8;[];podcast yg lu rekomen mana
625;29;1-10;711459.0;text;;[];False;False;7e33c546478652dc;[];ih
626;29;101-500;711507.0;text;;[];True;False;7e33c546478652dc;[];menurut kalian kenapa ya,,, generasi kita tuh kayaknya,,, lebih gampang stres dan,,, burnout dibanding generasi orang tua kita dulu? apa karena tekanan sosmed atau emang tuntutan hidup,,, yang makin tinggi ya? gw penasaran aja sih soalnya,,, temen temen gw banyak yang ngeluh hal yang sama
627;29;51-100;711690.0;text;;[];False;False;3f71e8a3ce395cd8;[];gw gagall diet lagi soalnya tadi soreeee diajak makannn baksoooo sama temenn
628;29;51-100;712042.0;text;;[];False;False;56267ae07fe895e3;[];dosen killer tu ternyata baik... bgt orangnya kalo diajak ngobrol santai
629;29;11-50;712048.0;text;;[];False;False;56267ae07fe895e3;[];podcast yg lu rekomen... mana...
630;29;1-10;712056.0;text;;['😔', '✊🏻', '🥀'];False;False;56267ae07fe895e3;[];oot
631;29;0;712089.0;image/jpeg;;[];False;False;df7b6465ed31d9b8;[];[Foto]
632;30;11-50;716520.0;text;;[];False;False;298e3b3220745447;[];gw kangen masakan rumah
633;30;11-50;716529.0;text;;[];False;False;298e3b3220745447;[];kakak gw baru aja nikah
634;30;1-10;716733.0;text;;[];False;False;56267ae07fe895e3;[];hayuk
635;30;1-10;716735.0;text;;[];False;False;56267ae07fe895e3;[];anjay
636;30;11-50;716755.0;text;;[];False;False;56267ae07fe895e3;[];gw lg marathon drakor nih...
637;30;11-50;716769.0;text;;[];False;False;56267ae07fe895e3;[];kakak gw baru aja nikah...
638;30;0;716775.0;sticker/webp;;[];False;False;56267ae07fe895e3;[];[Stiker]
639;31;11-50;725123.0;text;;[];True;False;b2f5237f1cf14c2b;[];bawa motor apa naik... apa?
640;31;1-10;726929.0;text;;[];False;False;c360651de2472e7e;[];cuy
641;31;11-50;726953.0;text;;[];False;False;c360651de2472e7e;[];masak sendiri lebih hemat sih
642;31;11-50;726954.0;text;;[];True;False;c360651de2472e7e;[];tu beneran apa hoax?
643;31;11-50;727750.0;text;;[];False;False;df7b6465ed31d9b8;[];kopiiii susu yg biasa ya
644;31;11-50;727954.0;text;;[];False;False;82fa96e90d47e37a;[];gw lagi diet tapi gagal mulu!!!
645;31;1-10;727967.0;text;;[];True;False;b2f5237f1cf14c2b;[];masa?
646;31;51-100;727984.0;text;;['😂'];False;False;7e33c546478652dc;[];dompet gw ilang kemarin di angkot tapi alhamdulillah ada yang nemuin
647;31;11-50;728395.0;text;;['🤣'];False;False;2c6435e87f0252f4;[];Bakso malang itu buka ga ya.
648;31;11-50;729746.0;text;;['🤣'];False;False;c360651de2472e7e;[];gw mau pesen gofood dulu
649;32;11-50;741330.0;text;;[];False;False;f282fcae2d7ca3b7;[];Bentar ya gw lg di jalan.
650;32;1-10;741357.0;text;;[];True;False;a21178041169e6d8;[];ada!!
651;32;0;741399.0;sticker/webp;;[];False;False;168a45c58b4d621f;[];[Stiker]
652;32;51-100;742011.0;text;;[];False;False;82fa96e90d47e37a;[];duit jajan gw abis padahal baru tanggal 15 harus ngirit banget nih!!!
653;32;1-10;742016.0;text;;[];False;False;a21178041169e6d8;[];gassss!!
654;32;11-50;742038.0;text;;[];False;False;82fa96e90d47e37a;[];gw lg sibuk bgt minggu ini!!!
655;32;1-10;742350.0;text;;[];False;False;168a45c58b4d621f;[];hem
656;32;11-50;742364.0;text;;[];False;False;168a45c58b4d621f;[];hp gw lowbatt nih
657;32;51-100;742374.0;text;;[];False;False;168a45c58b4d621f;[];duittt jajannn gw abisss padahal baru tanggal 15 harusss ngirit bangettt nih
658;32;11-50;742379.0;text;;[];False;False;168a45c58b4d621f;[];gw lagiii di atm sebentarrrr
659;33;11-50;779888.0;text;;[];False;False;bf385e27e89976f8;[];tugas kelompok bikin pusing
660;33;11-50;779907.0;text;;[];False;False;bf385e27e89976f8;[];seminar tadi lama banget
661;34;51-100;787526.0;image/jpeg;;[];True;False;168a45c58b4d621f;[];[Foto]
662;34;11-50;787546.0;text;;[];True;False;df7b6465ed31d9b8;[];siapaaa yang mau ikut?
663;34;1-10;787715.0;text;;[];False;False;c360651de2472e7e;[];wkwk
664;34;1-10;787721.0;text;;[];False;False;c360651de2472e7e;[];iya
665;34;11-50;787743.0;text;;[];True;False;df7b6465ed31d9b8;[];tugass dikumpul kapan sih?
666;34;1-10;788183.0;text;;[];False;False;168a45c58b4d621f;[];wkwk
667;34;1-10;788185.0;text;665.0;[];False;False;168a45c58b4d621f;[];oke
668;34;1-10;788204.0;text;;[];False;False;168a45c58b4d621f;[];siappp
669;34;1-10;788205.0;text;;[];False;False;168a45c58b4d621f;[];yoi
670;34;11-50;788241.0;text;;[];False;False;df7b6465ed31d9b8;[];matkul ini susah banget
671;34;11-50;788260.0;text;;[];False;False;df7b6465ed31d9b8;[];gw lg ngerjainnn tugassss nihhhh
672;34;11-50;788264.0;text;;[];False;False;df7b6465ed31d9b8;[];tadi absennn ga sih kamuuu
673;34;11-50;788279.0;text;;[];False;False;df7b6465ed31d9b8;[];matkullll ini susahhh bangett
674;34;11-50;788502.0;text;;[];True;False;168a45c58b4d621f;[];tugasss dikumpul kapan sih?
675;34;51-100;788578.0;image/jpeg;;[];False;False;df7b6465ed31d9b8;[];[Foto]
676;34;11-50;788883.0;text;;['😂'];False;False;168a45c58b4d621f;[];perpusss tutupp jamm berapa ya
677;35;1-10;813592.0;text;;[];False;False;d18d73e4ad31d59a;[];kuy
678;36;11-50;820498.0;text;;[];False;False;82fa96e90d47e37a;[];indomie telor udah cukup kok!!!
679;36;0;822871.0;image/jpeg;;[];False;False;62dc140892728001;[];[Foto]
680;36;11-50;822878.0;text;;['🤣'];False;False;62dc140892728001;[];porsi makannnn gw nambah terus
681;37;11-50;828449.0;text;;[];True;False;c43120c3e6911c2c;[];udah sampe belom?
682;37;11-50;828490.0;text;;[];False;False;62dc140892728001;[];sarapan dulu baruu mikirrrr
683;38;11-50;832093.0;text;;[];True;False;d18d73e4ad31d59a;[];makan apa ntar siang?
684;38;11-50;832100.0;text;;[];True;False;d18d73e4ad31d59a;[];nilai keluar kapan ya?
685;38;1-10;832115.0;text;;[];False;False;d18d73e4ad31d59a;[];deh
686;38;1-10;832117.0;text;;[];True;False;d18d73e4ad31d59a;[];jadi?
687;38;11-50;832123.0;text;;[];True;False;d18d73e4ad31d59a;[];makan apa ntar siang?
688;38;1-10;832722.0;text;;[];False;False;168a45c58b4d621f;[];oii
689;38;1-10;835165.0;text;;[];False;False;62dc140892728001;[];hoo
690;38;1-10;835166.0;text;;[];False;False;62dc140892728001;[];woi
691;38;1-10;835172.0;text;;['🤣'];False;False;62dc140892728001;[];wahhhh
692;38;11-50;837653.0;text;;[];True;False;5ff8dfdb0a64eca0;['62dc140892728001'];ad yg mau bareng?
693;38;11-50;837672.0;text;;[];False;False;62dc140892728001;[];kita ketemuan dimana aja deh
694;38;11-50;837673.0;text;;[];False;False;62dc140892728001;[];gw naik ojol aja dehhh
695;38;1-10;837696.0;text;;['😅'];False;False;5ff8dfdb0a64eca0;[];yaa
696;38;1-10;837701.0;text;;[];False;False;62dc140892728001;[];mah
697;39;101-500;867267.0;text;;[];False;False;4b0f44e1c7aa02a6;[];jadiiii ceritanya kemarin gw ke perpustakaan pusat buat nyarii bahan referensiiii skripsi, ternyata bukunyaa udah dipinjem semuaaa sama anak angkatan sebelah. akhirnyaaa gw cuma bisa fotokopiiii dari temen yang kebetulan punya. lumayan lah daripadaa ga dapet sama sekali, tinggal di rangkummm ajaaaa sisanya
698;39;51-100;867309.0;text;;[];False;False;4b0f44e1c7aa02a6;[];eh besokk kita jadi ketemuannn di kafeeee dekett stasiunnnn kannn ya jam 2 siang
699;39;11-50;867341.0;text/plain;;[];False;False;4b0f44e1c7aa02a6;[];[text/plain]
700;39;11-50;867343.0;text/plain;;[];False;False;4b0f44e1c7aa02a6;[];[text/plain]
701;39;101-500;867408.0;text;;[];False;False;4b0f44e1c7aa02a6;[];jadi ceritanya kemarinnn gw ke perpustakaan pusat buat nyari bahan referensiiii skripsi, ternyata bukunyaa udah dipinjem semua samaaa anak angkatan sebelah. akhirnyaaaa gw cumaaa bisaaaa fotokopi dari temen yang kebetulan punya. lumayan lah daripada ga dapetttt sama sekali, tinggall di rangkum aja sisanyaaaa
702;39;1-10;867415.0;text;;[];False;False;f9f3c4a7ee82db90;[];iya
703;39;11-50;873566.0;text;;[];False;True;298e3b3220745447;[];gila sih lu bs... gitu!
704;40;51-100;882279.0;text;;[];True;False;168a45c58b4d621f;[];gimanaaa sih caranya bikin proposallll penelitian yang bagus menurut dosen?
705;40;11-50;882287.0;text;;[];True;False;168a45c58b4d621f;[];lu punya kontak dia ga?
706;41;11-50;897691.0;text;;[];True;False;d18d73e4ad31d59a;[];msh bangun ga lu jam segini?
707;41;1-10;898207.0;text;;[];False;False;bf385e27e89976f8;[];sans
708;41;11-50;898242.0;text;;[];False;False;d18d73e4ad31d59a;[];gw abis lari pagi tadi
709;41;11-50;898248.0;text;;[];False;False;d18d73e4ad31d59a;[];badminton yuk sore ni
710;41;11-50;898615.0;text;;[];True;False;df7b6465ed31d9b8;[];masihhh bangunn ga lu jam segini?
711;42;1-10;900720.0;text;;[];True;False;df7b6465ed31d9b8;[];dimana?
712;42;11-50;900762.0;text;;[];False;False;0090c4d5dacf6725;[];playlist lo yang mana sih
713;43;11-50;905148.0;text;;[];False;False;0090c4d5dacf6725;[];duit bulanan belum dikirim
714;43;11-50;905627.0;text;;[];False;False;df7b6465ed31d9b8;[];playlistt lo yang mana sihhh
715;43;1-10;905628.0;text;;['👌'];False;False;df7b6465ed31d9b8;[];giniii
716;43;51-100;905646.0;text;;[];False;False;df7b6465ed31d9b8;[];gw lagiiii belajarrrr masak sendiri biar ga jajannn terus lumayan hemat soalnya
717;43;11-50;905820.0;text;;[];True;False;24683827d1f4f201;[];siapa aja yg dateng?
718;43;1-10;905827.0;text;;['😞'];False;False;df7b6465ed31d9b8;[];hayukkkk
719;43;1-10;905828.0;text;;['🥺'];False;False;24683827d1f4f201;[];gila
720;44;1-10;955895.0;text;;[];True;False;168a45c58b4d621f;[];dimana?
721;44;51-100;955896.0;text;;[];False;False;168a45c58b4d621f;[];gw udah bikin slidessss presentasi tapi kayaknya masih kurangg bagus dehhhh isinya
722;45;11-50;960914.0;text;;[];True;False;7491c2501c76b852;[];nilai kelura kaapn ya?
723;45;11-50;964633.0;text;;[];True;False;da13a64d4b2b6060;[];MAKAN APA NTAR SIANG?
724;45;1-10;964921.0;text;;[];False;False;56267ae07fe895e3;[];yaa
725;45;1-10;965203.0;text;;[];False;False;c99de8235cc6c95e;[];KAN
726;45;11-50;965204.0;text;;[];False;False;c99de8235cc6c95e;[];GW NGGA BISA IKUT MALEM INI
727;45;1-10;965211.0;text;;[];False;False;c99de8235cc6c95e;[];WOI
728;45;11-50;965217.0;text;;[];False;False;c99de8235cc6c95e;[];LU DIMANA SIH LAMA BANGET
729;45;51-100;967633.0;text;;[];True;False;298e3b3220745447;[];gmn caranya biar bs fokus belajar tanpa main hp... terus ya?
730;45;1-10;969340.0;text;;[];False;False;56267ae07fe895e3;[];emm
731;45;0;969343.0;sticker/webp;;[];False;False;56267ae07fe895e3;[];[Stiker]
732;45;1-10;969343.0;text;;[];False;False;56267ae07fe895e3;[];ahh
733;45;1-10;969345.0;text;;[];False;False;56267ae07fe895e3;[];oii
734;45;11-50;969382.0;text;;[];False;False;62dc140892728001;[];gw ngga bisa ikuttt malem ini
735;45;11-50;969409.0;text;;['🤣'];False;False;62dc140892728001;[];kita ketemuan dimanaaaa ajaa deh
736;45;11-50;971606.0;text;;[];True;False;82fa96e90d47e37a;[];nilai keluar kapan ya!!
737;45;11-50;971618.0;text;;[];False;False;82fa96e90d47e37a;[];rame banget disini cuy!!!
738;45;1-10;971705.0;text;;[];False;False;df7b6465ed31d9b8;[];yaaaaa
739;45;11-50;971716.0;text;;[];False;False;df7b6465ed31d9b8;[];gw udah di parkiran nihhhh
740;45;11-50;971724.0;text;;[];True;False;df7b6465ed31d9b8;[];wifi passworddd nya apa sih?
741;45;11-50;971729.0;text;;[];False;False;df7b6465ed31d9b8;[];gw lagiii di warkop nih
742;45;11-50;971732.0;text;;[];False;False;df7b6465ed31d9b8;[];gw naikk ojol ajaaaa deh
743;45;11-50;971771.0;text;;[];False;False;df7b6465ed31d9b8;[];gw lagi di warkop nih
744;45;11-50;971780.0;text;;[];False;False;df7b6465ed31d9b8;[];gw udahhhh di parkiran nih
745;46;11-50;974921.0;text;;[];True;False;69f4a3133d7f6cc0;[];lu dimana sekarang?
746;46;11-50;975785.0;text;;[];False;False;c360651de2472e7e;[];tadi absen ga sih km
747;46;11-50;975872.0;text;731.0;['😂'];False;False;298e3b3220745447;[];presentasi gw amburadul
748;46;101-500;976443.0;text;;[];True;False;df7b6465ed31d9b8;[];eh ada yang punya rekomendasiii laptop budget 5 jutaann yang bagus buatttt kuliahh dan ngoding ga? laptoppp gw yangg sekarang udah mulai lemot dann seringgg ngehang kalooo buka banyak tab. pengennya sihh yangggg ringan buatttt dibawa ke kampussss tapiii tetep kenceng performanya, ada saran?
749;47;11-50;979360.0;text;;[];True;False;b2f5237f1cf14c2b;[];itu tempatnya jauh ga?
750;47;11-50;979489.0;text;;[];False;False;c360651de2472e7e;[];keluarga ngumpul lebaran ntr
751;47;51-100;979516.0;text;;[];True;False;82fa96e90d47e37a;[];siapa sih yang spread gosip itu ke grup sebelah, tau ga orangnya!!
752;47;1-10;979525.0;text;;[];False;False;bf385e27e89976f8;[];nice
753;47;1-10;979543.0;text;752.0;[];True;False;82fa96e90d47e37a;[];knp!!!
754;47;11-50;979564.0;text;;[];False;False;82fa96e90d47e37a;[];bokap gw lagi di luar kota!!!
755;47;11-50;979581.0;text;;[];False;False;bf385e27e89976f8;[];playlist lo yang mana sih
756;47;11-50;979629.0;text;;[];False;False;bf385e27e89976f8;[];gw baru aja ketemu mantan
757;47;1-10;979651.0;text;;[];False;False;bf385e27e89976f8;[];hayuk
758;47;11-50;979653.0;text;;[];True;False;82fa96e90d47e37a;[];siapa aja yg dateng!!
759;47;1-10;979659.0;text;;['🤣'];False;False;bf385e27e89976f8;[];goks
760;47;11-50;979666.0;text;;[];False;False;bf385e27e89976f8;[];bokap gw lagi di luar kota
761;47;11-50;979669.0;text;;['😂'];False;False;bf385e27e89976f8;[];gw kangen masakan rumah
762;47;11-50;979669.0;text;;[];False;False;b5f66a5592209fdd;[];gw lg marathon drakor nih
763;47;11-50;979679.0;text;;[];False;False;bf385e27e89976f8;[];playlist lo yang mana sih
764;47;1-10;979683.0;text;;['🤣'];False;False;bf385e27e89976f8;[];mager
765;47;1-10;979687.0;text;;[];False;False;bf385e27e89976f8;[];gila
766;47;101-500;979708.0;text;;[];False;False;b5f66a5592209fdd;[];gw pengen curhat sedikit nhi. akhir akhir ni gw ngerasa burnout bgt sm rutinitas kuliah yg tu tu aj.a bangun pagi, kuliah, tugas, tidur, repeat. kadang gw ngeraas kyk robot yg cuma jalna sesuai program tanpa tau tujuan akhrinya apa. mgkn gw butuh lbiuran beneran buta refresh otak
767;47;0;979726.0;unknown;;[];False;False;b2f5237f1cf14c2b;[];[Media tidak dikenal]
768;47;101-500;979821.0;text;;[];True;False;b2f5237f1cf14c2b;[];menurut kalian kenapa ya generasi kita tuh kayaknya lebih gampang stres dan burnout dibanding generasi orang tua kita dulu? apa karena tekanan sosmed atau emang tuntutan hidup yang makin tinggi ya? gw penasaran aja sih soalnya temen temen gw banyak yang ngeluh... hal yang sama...
769;47;11-50;979883.0;text;;[];False;False;82fa96e90d47e37a;[];gw lagi marathon drakor nih!!
770;47;51-100;979908.0;text;;[];False;False;82fa96e90d47e37a;[];gw lagi belajar masak sendiri biar ga jajan terus lumayan hemat soalnya!!
771;47;51-100;979925.0;text;;['🤣'];True;False;2c6435e87f0252f4;[];siapa sih yang spread gosip itu ke grup sebelah, tau ga orangnya?
772;47;11-50;979933.0;text;;[];False;False;c360651de2472e7e;[];film baru di bioskop bagus ga
773;47;51-100;980093.0;text;;[];True;False;df7b6465ed31d9b8;[];siapaaa sih yang spreadddd gosip itu ke grup sebelah, tau ga orangnya?
774;47;0;980269.0;sticker/webp;;[];False;False;56267ae07fe895e3;[];[Stiker]
775;47;0;980277.0;sticker/webp;;[];False;False;2c6435e87f0252f4;[];[Stiker]
776;47;11-50;980284.0;text;;[];False;False;c360651de2472e7e;[];film baru di bioskop bagus ga
777;47;11-50;980341.0;text;768.0;[];False;False;b5f66a5592209fdd;[];adke gw masuk sma tahun ni
778;47;11-50;981316.0;text;;[];False;False;df7b6465ed31d9b8;[];keluarga ngumpullll lebarannnn nanti
779;47;11-50;981342.0;text;;[];False;False;df7b6465ed31d9b8;[];keluarga ngumpul lebaran nanti
780;47;101-500;982074.0;text;;[];False;False;2c6435e87f0252f4;[];Gw pengen curhat sedikit nih. akhir akhir ini gw ngerasa burnout banget sama rutinitas kuliah yang itu itu aja. bangun pagi, kuliah, tugas, tidur, repeat. kadang gw ngerasa kayak robot yang cuma jalan sesuai program tanpa tau tujuan akhirnya apa. mungkin gw butuh liburan beneran buat refresh otak.
781;47;51-100;982306.0;text;;[];False;False;df7b6465ed31d9b8;[];gw lagi belajar masak sendiri biar ga jajann terusss lumayan hemattt soalnyaa
782;47;51-100;982341.0;text;;[];False;False;df7b6465ed31d9b8;[];besok ada bazaar di kampus katanyaa banyak makanan murah, pada ikut ga
783;47;11-50;982701.0;text;;[];True;False;2fe7cebe4d78453f;[];kenapa ga bales chat gw?
784;47;11-50;982702.0;text;;[];False;False;2fe7cebe4d78453f;[];Adek gw masuk SMA tahun ini.
785;47;11-50;982711.0;text;;[];True;False;2fe7cebe4d78453f;[];lu lagi ngapain sih?
786;47;51-100;982918.0;text;;['🤔'];True;False;b2f5237f1cf14c2b;[];siapa sih yang spread gosip... itu ke grup sebelah, tau ga orangnya?
787;47;51-100;983259.0;text;;[];False;False;c99de8235cc6c95e;[];GW NONTON FILM DOKUMENTER SEMALAM TENTANG LAUT DAN IKAN, BAGUS BANGET
788;47;11-50;983275.0;text;;[];False;False;c99de8235cc6c95e;[];ADEK GW MASUK SMA TAHUN INI
789;47;1-10;983280.0;text;;[];False;False;c99de8235cc6c95e;[];GITU
790;47;11-50;983291.0;text;;[];False;False;c99de8235cc6c95e;[];GW LAGI MARATHON DRAKOR NIH
791;47;11-50;983302.0;text;;[];False;False;c99de8235cc6c95e;[];KAKAK GW BARU AJA NIKAH
792;47;51-100;983319.0;text;;[];False;False;c99de8235cc6c95e;[];GW LAGI BELAJAR MASAK SENDIRI BIAR GA JAJAN TERUS LUMAYAN HEMAT SOALNYA
793;47;11-50;983328.0;text;;[];False;False;c99de8235cc6c95e;[];KAKAK GW BARU AJA NIKAH
794;47;51-100;983354.0;text;;[];False;False;b2f5237f1cf14c2b;[];gw lagi belajar masak sendiri biar ga jajan terus lumayan hemat soalnya
795;47;51-100;983387.0;text;;[];False;False;8e570023d7b17cb3;[];gw nonton film dokumenter semalam tentang laut dan ikan, bagus bgt
796;47;51-100;983407.0;text;;[];False;False;8e570023d7b17cb3;[];gw nonton film dokumenter semalam tentang laut dan ikan, bagus bgt
797;47;0;983420.0;image/jpeg;;[];False;False;c99de8235cc6c95e;[];[Foto]
798;47;51-100;983434.0;text;;[];False;False;8e570023d7b17cb3;[];gw nonton film dokumenter semalam tentang laut dan ikan, bagus bgt
799;47;11-50;983447.0;text;;[];False;False;c99de8235cc6c95e;[];GW KANGEN MASAKAN RUMAH
800;47;11-50;983447.0;text;;[];False;False;8e570023d7b17cb3;[];playlist lo yg mana sih
801;47;0;983521.0;image/jpeg;;[];False;False;b2f5237f1cf14c2b;[];[Foto]
802;47;51-100;983534.0;text;;[];True;False;b2f5237f1cf14c2b;[];siapa sih yang spread... gosip itu ke grup sebelah, tau ga orangnya?
803;47;1-10;983587.0;text;;[];False;False;63edd363cf801a92;[];gini
804;47;51-100;983627.0;text;;[];True;False;b2f5237f1cf14c2b;[];siapa sih yang spread gosip itu... ke grup sebelah, tau ga orangnya?
805;47;1-10;983656.0;text;;[];False;False;8e570023d7b17cb3;[];noted
806;47;11-50;983704.0;text;;[];True;False;b2f5237f1cf14c2b;[];lu lagi ngapain sih?
807;47;51-100;984046.0;text;;[];True;False;51cdc223a094636d;[];siapa sih yang spread gosip itu,,, ke grup sebelah, tau ga orangnya?
808;47;1-10;984152.0;text;;[];False;False;8e570023d7b17cb3;[];woles
809;47;51-100;984168.0;text;;[];False;False;2fe7cebe4d78453f;[];Gw nonton film dokumenter semalam tentang laut dan ikan, bagus banget.
810;47;11-50;984176.0;text;;[];False;False;168a45c58b4d621f;[];playlist lo yangggg manaa sihhh
811;47;11-50;984178.0;text;;[];False;False;168a45c58b4d621f;[];bokap gw lagi di luarr kota
812;47;51-100;984217.0;text;;[];False;False;2fe7cebe4d78453f;[];Tadi pagi gw olahraga lari keliling kampus 5 putaran badan pegel semua.
813;47;11-50;984218.0;text;;[];False;False;2fe7cebe4d78453f;[];Gw kangen masakan rumah.
814;47;11-50;984219.0;text;;[];False;False;2fe7cebe4d78453f;[];Mama minta gw pulang weekend.
815;47;11-50;984226.0;text;;[];False;False;c99de8235cc6c95e;[];ADEK GW MASUK SMA TAHUN INI
816;47;1-10;984248.0;text;;[];False;False;df7b6465ed31d9b8;[];magerrr
817;47;1-10;984251.0;text;;[];False;False;168a45c58b4d621f;[];nice
818;47;51-100;984264.0;image/jpeg;;[];True;False;69f4a3133d7f6cc0;[];[Foto]
819;47;51-100;984314.0;text;;[];False;False;8e570023d7b17cb3;[];adek gw mau masuk kuliah tahun depan gw hrs bantu cariin info jurusan
820;47;51-100;984333.0;text;;[];False;False;168a45c58b4d621f;[];gw lagiii belajar masak sendiri biar ga jajannnn terussss lumayann hematt soalnyaa
821;47;11-50;984363.0;text;;[];False;False;8e570023d7b17cb3;[];kakak gw baru aja nikah
822;47;1-10;984370.0;text;;[];False;False;8e570023d7b17cb3;[];nice
823;47;11-50;984392.0;text;;[];False;False;69f4a3133d7f6cc0;[];gw kangen masakan rumah
824;47;51-100;984394.0;text;;[];False;False;8e570023d7b17cb3;[];tadi pagi gw olahraga lari keliling kampus 5 putaran badan pegel smua
825;47;1-10;984399.0;text;;[];False;False;8e570023d7b17cb3;[];yess
826;47;1-10;984401.0;text;;[];True;False;168a45c58b4d621f;[];knp?
827;47;1-10;984411.0;text;;[];False;False;8e570023d7b17cb3;[];gini
828;47;11-50;984414.0;text;;[];False;False;168a45c58b4d621f;[];nyokap nanya kapan lulus
829;47;11-50;984419.0;text;;[];False;False;168a45c58b4d621f;[];filmm baru di bioskop bagus ga
830;47;11-50;984420.0;text;;[];False;False;8e570023d7b17cb3;[];kakak gw baru aja nikah
831;47;11-50;984425.0;text;;[];False;False;168a45c58b4d621f;[];nyokap nanya kapannnn lulus
832;47;11-50;984426.0;text;;[];False;False;8e570023d7b17cb3;[];film baru di bioskop bagus ga
833;47;1-10;984435.0;text;;['🤷🏼\u200d♂'];False;False;8e570023d7b17cb3;[];pasti
834;47;11-50;984447.0;text;;[];False;False;a21178041169e6d8;[];film baru di bioskop bagus ga!!!
835;47;11-50;984531.0;text;;[];False;False;d18d73e4ad31d59a;[];gw lg marathon drakor nih
836;47;1-10;984550.0;text;;[];False;False;b2f5237f1cf14c2b;[];woles
837;47;51-100;984624.0;text;;[];True;False;8e570023d7b17cb3;[];siapa sih yg spread gosip tu ke grup sebelah, tau ga orangnya?
838;47;51-100;984668.0;text;;[];True;False;2fe7cebe4d78453f;[];siapa sih yang spread gosip itu ke grup sebelah, tau ga orangnya?
839;47;11-50;984889.0;text;798.0;[];True;False;51cdc223a094636d;[];kenapa ga bales,,, chat gw?
840;47;11-50;984897.0;text;;[];True;False;51cdc223a094636d;[];siapa aja yg dateng?
841;47;1-10;984903.0;text;;[];False;False;8e570023d7b17cb3;[];gitu
842;47;11-50;984911.0;text;;[];False;False;8e570023d7b17cb3;[];adek gw masuk sma tahun ni
843;47;11-50;984943.0;image/jpeg;;[];False;False;51cdc223a094636d;[];[Foto]
844;47;51-100;984952.0;text;;[];False;False;a21178041169e6d8;[];gw nonton film dokumenter semalam tentang laut dan ikan, bagus banget!!
845;47;51-100;984970.0;text;;[];False;False;b2f5237f1cf14c2b;[];besok ada bazaar... di kampus katanya banyak makanan murah, pada ikut ga
846;47;11-50;985000.0;text;;[];False;False;b2f5237f1cf14c2b;[];gw lagi marathon drakor... nih
847;47;1-10;985036.0;text;;[];False;False;8e570023d7b17cb3;[];yess
848;47;11-50;985042.0;text;;[];False;False;8e570023d7b17cb3;[];gw kangen masakan rumah
849;47;11-50;985045.0;text;;[];False;False;2fe7cebe4d78453f;[];Film baru di bioskop bagus ga.
850;47;11-50;985061.0;text;;[];False;False;a21178041169e6d8;[];film baru di bioskop bagus ga!!
851;47;11-50;985063.0;text;;[];False;False;8e570023d7b17cb3;[];kakak gw baru aja nikah
852;47;11-50;985064.0;text;;[];False;False;8e570023d7b17cb3;[];adek gw masuk sma tahun ni
853;47;1-10;985070.0;text;;[];False;False;2fe7cebe4d78453f;[];Gini.
854;47;11-50;985075.0;text;;[];False;False;a21178041169e6d8;[];mama minta gw pulang weekend!!
855;47;11-50;985082.0;text;;[];False;False;2fe7cebe4d78453f;[];Gw kangen masakan rumah.
856;47;11-50;985085.0;text;;[];False;False;2fe7cebe4d78453f;[];Playlist lo yang mana sih.
857;47;11-50;985092.0;text;;[];False;False;8e570023d7b17cb3;[];gw baru aja ketemu mantan
858;47;1-10;985092.0;text;;[];False;False;2fe7cebe4d78453f;[];Anjay.
859;47;1-10;985099.0;text;;[];False;False;2fe7cebe4d78453f;[];Gitu.
860;47;51-100;985102.0;text;;[];False;False;8e570023d7b17cb3;[];tadi pagi gw olahraga lari keliling kampus 5 putaran badan pegel smua
861;47;11-50;985107.0;text;;[];False;False;2fe7cebe4d78453f;[];Playlist lo yang mana sih.
862;47;1-10;985107.0;text;;[];False;False;8e570023d7b17cb3;[];yess
863;47;11-50;985108.0;text;;[];False;False;2fe7cebe4d78453f;[];Gw lagi marathon drakor nih.
864;47;1-10;985108.0;text;;[];False;False;8e570023d7b17cb3;[];woles
865;47;1-10;985111.0;text;;['🤣'];False;False;2fe7cebe4d78453f;[];Nice.
866;47;11-50;985259.0;text;;[];True;False;d18d73e4ad31d59a;[];siapa aja yg dateng?
867;47;1-10;985379.0;text;;[];False;False;168a45c58b4d621f;[];pasti
868;47;11-50;985410.0;text;;[];True;False;168a45c58b4d621f;[];lu lagi ngapain sih?
869;47;11-50;985473.0;text;;[];False;False;3f71e8a3ce395cd8;[];nyokapppp nanyaaaa kapan lulussss
870;47;11-50;986177.0;text;;[];False;False;c360651de2472e7e;[];gw lg marathon drakor nih
871;47;11-50;986203.0;text;;[];False;False;8e570023d7b17cb3;[];film baru di bioskop bagus ga
872;47;11-50;986217.0;text;;[];False;False;8e570023d7b17cb3;[];adek gw masuk sma tahun ni
873;47;51-100;986224.0;text;;[];False;False;8e570023d7b17cb3;[];adek gw mau masuk kuliah tahun depan gw hrs bantu cariin info jurusan
874;47;11-50;986227.0;text;;[];False;False;8e570023d7b17cb3;[];gw lg marathon drakor nih
875;47;11-50;986237.0;text;;[];False;False;8e570023d7b17cb3;[];playlist lo yg mana sih
876;47;11-50;986574.0;text;;[];False;False;51cdc223a094636d;[];keluarga ngumpul lebaran nanti
877;47;11-50;986615.0;text;;[];False;False;8e570023d7b17cb3;[];mama minta gw pulang weekend
878;47;11-50;986626.0;text;;[];False;False;8e570023d7b17cb3;[];bokap gw lg di luar kota
879;47;51-100;986654.0;text;;[];False;False;3f71e8a3ce395cd8;[];tadi pagii gw olahraga lariiii keliling kampusss 5 putaran badannn pegelll semuaaaa
880;47;51-100;986672.0;text;;[];False;False;3f71e8a3ce395cd8;[];besok adaaa bazaar di kampusss katanyaa banyakkkk makanan murah, pada ikut ga
881;47;11-50;986773.0;text;;[];True;False;51cdc223a094636d;[];siapa aja,,, yg dateng?
882;47;11-50;986870.0;text;;[];False;False;3f71e8a3ce395cd8;[];gw lagi marathonnn drakor nihh
883;47;11-50;986883.0;text;;[];False;False;3f71e8a3ce395cd8;[];keluarga ngumpul lebarannnn nantiiii
884;47;11-50;986894.0;text;;[];False;False;3f71e8a3ce395cd8;[];gw baru aja ketemuu mantan
885;47;1-10;986928.0;text;;[];False;False;51cdc223a094636d;[];gila
886;47;1-10;987712.0;text;;[];False;False;168a45c58b4d621f;[];yess
887;47;11-50;987744.0;text;;[];False;False;168a45c58b4d621f;[];playlistt lo yangggg manaa sihh
888;47;11-50;987749.0;text;;['😂'];False;False;168a45c58b4d621f;[];gw lagi marathon drakorr nihhh
889;47;11-50;987758.0;text;;[];True;False;189148ac44a52f1e;[];KENAPA GA BALES CHAT GW?
890;47;11-50;987772.0;text;;[];False;False;189148ac44a52f1e;[];PLAYLIST LO YANG MANA SIH
891;47;1-10;987936.0;text;;[];False;False;da13a64d4b2b6060;[];GITU
892;47;1-10;989271.0;text;;[];False;False;c360651de2472e7e;[];pasti
893;47;1-10;990267.0;text;;[];False;False;2c6435e87f0252f4;[];Nice.
894;47;1-10;990277.0;text;;[];False;False;189148ac44a52f1e;[];WOLES
895;48;11-50;1038670.0;text;;[];True;False;82fa96e90d47e37a;[];siapa yang mau ikut!!
896;48;1-10;1038680.0;text;;[];False;False;a21178041169e6d8;[];oke!!
897;48;1-10;1038699.0;text;;[];True;False;82fa96e90d47e37a;[];siapa!!!
898;48;11-50;1038710.0;text;;[];False;False;a21178041169e6d8;[];presentasi gw amburadul!!
899;49;51-100;1041634.0;text;;[];False;False;24683827d1f4f201;[];dompet gw ilang kemarin di angkot tapi alhamdulillah ada yang nemuin
900;49;1-10;1041637.0;text;;[];True;False;24683827d1f4f201;[];kok?
901;49;11-50;1041841.0;text;;[];False;False;895ef3bba1e595b2;[];sarapan dulu baru mikir
902;49;11-50;1041965.0;text;;[];True;False;24683827d1f4f201;[];udah sampe belom?
903;49;11-50;1041974.0;text;;['🤣'];False;False;895ef3bba1e595b2;[];bakso malang itu buka ga ya
904;49;1-10;1041983.0;text;;[];False;False;895ef3bba1e595b2;[];yep
905;49;11-50;1041989.0;text;;[];False;False;895ef3bba1e595b2;[];es teh manis satu ya bang
906;49;1-10;1042024.0;text;;[];False;False;24683827d1f4f201;[];fix
907;49;1-10;1042027.0;text;;['🥺'];False;False;24683827d1f4f201;[];ngab
908;49;1-10;1042037.0;text;;['👍🏼'];False;False;24683827d1f4f201;[];bener
909;49;1-10;1042051.0;text;;[];False;False;895ef3bba1e595b2;[];gass
910;50;51-100;1062726.0;text;;[];True;False;189148ac44a52f1e;[];GIMANA CARANYA BIAR BISA FOKUS BELAJAR TANPA MAIN HP TERUS YA?
911;50;1-10;1062741.0;text;;[];False;False;ffa43f0e1c086842;[];emm
912;50;51-100;1062769.0;text;910.0;[];False;False;a21178041169e6d8;[];gw lagi nyoba masak rendang resep nyokap tapi kayaknya gagal total deh!!
913;50;11-50;1065837.0;image/jpeg;;[];True;False;24683827d1f4f201;[];[Foto]
914;51;101-500;1069351.0;image/jpeg;;[];True;False;56267ae07fe895e3;[];[Foto]
915;51;11-50;1069396.0;text;;[];True;False;df7b6465ed31d9b8;[];lu dimana sekarang?
916;51;11-50;1069402.0;text;915.0;[];False;False;2fe7cebe4d78453f;[];Tadi absen ga sih kamu.
917;51;11-50;1069452.0;text;;[];False;False;da13a64d4b2b6060;[];DOSEN GW GALAK BANGET SIH
918;51;11-50;1069507.0;text;;[];False;False;2fe7cebe4d78453f;[];Gw belom mulai tugas.
919;51;11-50;1069514.0;text;;[];False;False;2fe7cebe4d78453f;[];Presentasi gw amburadul.
920;51;11-50;1069525.0;text;;[];True;False;ffa43f0e1c086842;[];tugas dikumpul kapan sih?
921;51;1-10;1069529.0;text;;[];False;False;da13a64d4b2b6060;[];SIAP
922;51;11-50;1069531.0;text;;[];False;False;da13a64d4b2b6060;[];DOSEN GW GALAK BANGET SIH
923;51;11-50;1069534.0;text;;[];False;False;da13a64d4b2b6060;[];DEADLINE BESOK PAGI BRO
924;51;1-10;1069535.0;text;;[];False;False;da13a64d4b2b6060;[];IYA
925;51;11-50;1069539.0;text;920.0;[];False;False;2fe7cebe4d78453f;[];Dosen gw galak banget sih.
926;51;11-50;1069547.0;text;;[];False;False;ffa43f0e1c086842;[];deadline besok pagi bro
927;51;51-100;1069711.0;text;;[];True;False;df7b6465ed31d9b8;[];eh lu udah dapet infooo jadwal ujian akhirrrr semester belum dariii prodi?
928;51;1-10;1070060.0;text;;[];False;False;2fe7cebe4d78453f;[];Wkwk.
929;51;1-10;1070106.0;text;;['👌'];False;False;df7b6465ed31d9b8;[];siap
930;51;101-500;1070779.0;text;;['🙄'];True;False;b2f5237f1cf14c2b;[];gw lagi bimbang nih antara mau ikut organisasi kampus... atau fokus ke akademik aja. menurut kalian gimana sih, worth it ga... sih ikut organisasi?... soalnya gw denger... banyak yang bilang bisa nambah soft skill tapi di... sisi lain waktu buat belajar jadi berkurang kan,... gimana... pengalaman kalian?
931;51;11-50;1070917.0;text;;[];False;False;da13a64d4b2b6060;[];GW LG NGERJAIN TUGAS NIH
932;52;101-500;1074976.0;text;;[];True;False;b2f5237f1cf14c2b;[];eh ada yang punya rekomendasi laptop budget 5... jutaan yang bagus buat kuliah dan ngoding... ga? laptop gw yang sekarang udah mulai lemot dan... sering ngehang kalo buka banyak tab. pengennya sih... yang ringan buat dibawa... ke kampus tapi tetep kenceng performanya, ada saran?
933;52;51-100;1075073.0;text;;[];False;False;b2f5237f1cf14c2b;[];gw harus nabung lebih... banyak sih buat bayar uang semester yang naik
934;52;11-50;1075104.0;text;;[];False;False;df7b6465ed31d9b8;[];macet parah di jalan tol
935;52;11-50;1075106.0;text;;[];False;False;df7b6465ed31d9b8;[];gw udah di parkiran nih
936;52;51-100;1075108.0;text;;[];True;False;df7b6465ed31d9b8;[];gimana caranyaa biar bisa fokus belajar tanpaa mainn hp terussss ya?
937;52;11-50;1075168.0;text;;[];False;False;3f71e8a3ce395cd8;[];gw naik ojoll ajaa deh
938;52;0;1075172.0;video/mp4;;[];False;False;c99de8235cc6c95e;[];[Video]
939;52;11-50;1075175.0;text;;[];False;False;c99de8235cc6c95e;[];GW NAIK OJOL AJA DEH
940;52;11-50;1075176.0;text;;[];False;False;c99de8235cc6c95e;[];KITA KETEMUAN DIMANA AJA DEH
941;52;11-50;1075235.0;text;;[];False;False;3f71e8a3ce395cd8;[];gw nggaa bisa ikut malem ini
942;52;11-50;1075246.0;text;;[];False;False;c99de8235cc6c95e;[];GW LAGI DI WARKOP NIH
943;52;11-50;1075331.0;text;;[];False;False;df7b6465ed31d9b8;[];jangan lupaaa bawa duit cashhhh
944;52;101-500;1075650.0;text;;[];False;False;df7b6465ed31d9b8;[];gw baruu aja beres beresinn kosan dannnn nemu baranggg barang lama dari jaman sma. adaaaa foto kelas, surattt dari mantan, samaaaa buku diary yangggg isinya cringe banget kalooo dibacaaa sekarang. jadi nostalgiaaa sendiri inget masa masaa duluuuu yang lebihhh sederhana. kadang kangenn juga sih jadiiii anak sma lagii tanpaaa mikirin skripsi
945;52;1-10;1075657.0;text;;[];True;False;df7b6465ed31d9b8;[];mau?
946;52;1-10;1075701.0;text;;[];False;False;2fe7cebe4d78453f;[];Wah.
947;52;11-50;1075721.0;text;;[];False;False;56267ae07fe895e3;[];ketemuan di mall jam... 3 ya
948;52;1-10;1075730.0;text;;['👍'];False;False;df7b6465ed31d9b8;[];ahh
949;52;11-50;1076706.0;image/jpeg;;[];True;False;82fa96e90d47e37a;[];[Foto]
950;52;11-50;1076735.0;text;;[];False;False;705d035e355e3612;[];gw lagi di warkop nih
951;52;11-50;1076741.0;text;;[];False;False;705d035e355e3612;[];macet parah di... jalan tol
952;52;11-50;1076773.0;text;;[];True;False;82fa96e90d47e37a;[];wifi password nya apa sih!!
953;52;1-10;1076776.0;text;;[];True;False;82fa96e90d47e37a;[];mau!!!
954;52;11-50;1076797.0;text;;[];False;False;3f71e8a3ce395cd8;[];lu dimanaaa sihhhh lamaaa bangett
955;52;1-10;1076804.0;text;;[];False;False;c90620f18eff7459;[];emm
956;52;11-50;1076806.0;text;;[];False;False;c90620f18eff7459;[];gw ngga bisa ikut malem ini
957;52;11-50;1076824.0;text;953.0;['🤷🏻\u200d♂'];False;False;3f71e8a3ce395cd8;[];jangan lupaa bawa duit cash
958;52;11-50;1076855.0;text;;[];False;False;82fa96e90d47e37a;[];gw udah di parkiran nih!!!
959;52;11-50;1077066.0;text;;[];False;False;a21178041169e6d8;[];gw naik ojol aja deh!!!
960;52;11-50;1077281.0;text;;[];False;False;82fa96e90d47e37a;[];jangan lupa bawa duit cash!!
961;52;11-50;1077284.0;text;959.0;[];False;False;82fa96e90d47e37a;[];gw nyari parkir dulu bentar!!
962;52;51-100;1077477.0;text;;[];False;False;3f71e8a3ce395cd8;[];kemarinn malemm gw begadang nonton bola sampe subuh terusss ketidurann
963;52;11-50;1077504.0;text;;[];False;False;3f71e8a3ce395cd8;[];jangan lupa bawa duit cashhh
964;53;101-500;1082533.0;text;;[];True;False;69f4a3133d7f6cc0;[];eh ada yang punya rekomendasi laptop budget 5 jutaan yang bagus buat... kuliah dan ngoding ga?... laptop gw... yang sekarang udah... mulai lemot dan sering ngehang kalo buka banyak tab.... pengennya sih yang ringan buat... dibawa ke kampus tapi... tetep... kenceng performanya, ada saran?
965;53;11-50;1082951.0;text;;[];True;False;69f4a3133d7f6cc0;[];besok libur bukan... sih?
966;54;11-50;1087925.0;text;;[];False;False;d18d73e4ad31d59a;[];baru bangun nih msh ngantuk
967;54;1-10;1087932.0;text;;[];False;False;d18d73e4ad31d59a;[];siapp
968;54;1-10;1087974.0;text;;[];False;False;d18d73e4ad31d59a;[];siapp
969;54;11-50;1088004.0;text;;[];False;False;d18d73e4ad31d59a;[];wifi kampus lemot parah
970;54;1-10;1088260.0;text;;[];False;False;f34b4da3396ed875;[];OH
971;54;11-50;1088269.0;text;;[];False;False;f34b4da3396ed875;[];LU TIM MANA DUKUNGNYA
972;54;11-50;1088274.0;text;;[];False;False;f34b4da3396ed875;[];CUACA HARI INI PANAS BANGET
973;55;51-100;1092873.0;text;915.0;[];True;False;4b0f44e1c7aa02a6;[];eh lu udah dapet info jadwal ujian akhir semesterrr belum dari prodi?
974;55;11-50;1093282.0;text;973.0;[];False;False;56267ae07fe895e3;[];perpus tutup jam berapa... ya...
975;55;1-10;1093492.0;text;;[];False;False;4b0f44e1c7aa02a6;[];yoi
976;55;1-10;1093493.0;text;;[];False;False;4b0f44e1c7aa02a6;[];hehe
977;56;0;1125564.0;unknown;;[];False;False;24683827d1f4f201;[];[Media tidak dikenal]
978;56;0;1125569.0;unknown;;[];False;False;24683827d1f4f201;[];[Media tidak dikenal]
979;56;1-10;1125578.0;text;;[];True;False;ffa43f0e1c086842;[];apa?
980;56;1-10;1125590.0;text;;[];False;False;24683827d1f4f201;[];siap
981;56;11-50;1125600.0;text;;[];False;False;24683827d1f4f201;[];gw belom mulai tugas
982;56;51-100;1125870.0;text;;[];True;False;d50a5f3465214a17;[];eh lu udahh dapet info jadwal ujian akhirrr semesterr belumm dari prodi?
983;56;1-10;1125882.0;text;;[];False;False;ffa43f0e1c086842;[];otw
984;56;11-50;1126001.0;text;;[];True;False;d50a5f3465214a17;[];jadiiii ketemuannn ga hari ini?
985;56;11-50;1126039.0;text;;[];False;False;ffa43f0e1c086842;[];deadline besok pagi bro
986;56;51-100;1126101.0;text;;[];False;False;da13a64d4b2b6060;[];EH BESOK KITA JADI KETEMUAN DI KAFE DEKET STASIUN KAN YA JAM 2 SIANG
987;56;11-50;1126138.0;text;;[];True;False;d50a5f3465214a17;[];siapa yangg mau ikut?
988;56;1-10;1126486.0;text;;[];False;False;da13a64d4b2b6060;[];WKWK
989;56;11-50;1126487.0;text;;[];False;False;da13a64d4b2b6060;[];DEADLINE BESOK PAGI BRO
990;56;11-50;1126507.0;text;;[];True;False;23ef57d38501eecf;[];siapa yang mau ikut!!
991;56;11-50;1126538.0;text;;[];False;False;4b0f44e1c7aa02a6;[];matkulll ini susahh bangetttt
992;57;11-50;1131129.0;text;;[];True;False;df7b6465ed31d9b8;[];tadi ngomong apa sihhh dosennya?
993;57;1-10;1131149.0;text;;[];False;False;2fe7cebe4d78453f;[];Dih.
994;58;51-100;1135924.0;text;;[];True;False;56267ae07fe895e3;[];siapa sih yg spread gosip tu ke grup sebelah,... tau... ga orangnya?
995;58;1-10;1136233.0;text;;[];False;False;369908ddf01dd3eb;[];Mager.
996;58;1-10;1136382.0;text;;[];False;False;56267ae07fe895e3;[];mager
997;58;1-10;1136606.0;text;;[];False;False;8e570023d7b17cb3;[];noted
998;58;1-10;1136615.0;text;;[];False;False;8e570023d7b17cb3;[];gini
999;58;1-10;1136980.0;text;;[];False;False;f34b4da3396ed875;[];GITU
1000;58;11-50;1136987.0;text;;[];False;False;f34b4da3396ed875;[];MAMA MINTA GW PULANG WEEKEND
1001;58;11-50;1136991.0;text;;[];False;False;f34b4da3396ed875;[];MAMA MINTA GW PULANG WEEKEND
1002;58;11-50;1136995.0;text;;[];False;False;f34b4da3396ed875;[];FILM BARU DI BIOSKOP BAGUS GA
1003;58;11-50;1137018.0;text;;[];False;False;f34b4da3396ed875;[];GW KANGEN MASAKAN RUMAH
1004;58;1-10;1137075.0;text;;[];False;False;56267ae07fe895e3;[];woles
1005;58;11-50;1137112.0;text;;[];True;False;56267ae07fe895e3;[];knp ga bales chat gw?
1006;58;11-50;1137125.0;text;;[];True;False;56267ae07fe895e3;[];tu tempatnya jauh ga?
1007;58;1-10;1137165.0;text;;[];False;False;f34b4da3396ed875;[];WOLES
1008;58;11-50;1137172.0;text;;[];False;False;f34b4da3396ed875;[];NYOKAP NANYA KAPAN LULUS
1009;58;11-50;1137187.0;text;;[];False;False;f34b4da3396ed875;[];NYOKAP NANYA KAPAN LULUS
1010;58;11-50;1137197.0;text;;[];False;False;f34b4da3396ed875;[];KAKAK GW BARU AJA NIKAH
1011;58;51-100;1137206.0;text;;[];False;False;f34b4da3396ed875;[];ADEK GW MAU MASUK KULIAH TAHUN DEPAN GW HARUS BANTU CARIIN INFO JURUSAN
1012;58;51-100;1137578.0;text;;[];False;False;3f71e8a3ce395cd8;[];adek gw mau masukkkk kuliahh tahun depan gw haruss bantu cariin info jurusan
1013;58;1-10;1137583.0;text;;[];True;False;3f71e8a3ce395cd8;[];terus?
1014;58;11-50;1137613.0;text;;[];False;False;f34b4da3396ed875;[];GW BARU AJA KETEMU MANTAN
1015;58;11-50;1137622.0;text;;[];False;False;f34b4da3396ed875;[];KELUARGA NGUMPUL LEBARAN NANTI
1016;58;11-50;1137632.0;text;;[];False;False;f34b4da3396ed875;[];DUIT BULANAN BELUM DIKIRIM
1017;58;1-10;1137652.0;text;;[];False;False;3f71e8a3ce395cd8;[];woless
1018;58;51-100;1137673.0;text;;[];False;False;3f71e8a3ce395cd8;[];gw lagiiii belajar masak sendiri biar ga jajannnn teruss lumayan hemat soalnya
1019;58;11-50;1137848.0;text;;[];False;False;f34b4da3396ed875;[];MAMA MINTA GW PULANG WEEKEND
1020;58;11-50;1137853.0;text;;[];False;False;f34b4da3396ed875;[];KELUARGA NGUMPUL LEBARAN NANTI
1021;58;11-50;1137862.0;text;;[];False;False;f34b4da3396ed875;[];GW BARU AJA KETEMU MANTAN
1022;58;11-50;1137867.0;text;;[];False;False;ffa43f0e1c086842;[];kakak gw baru aja nikah
1023;58;11-50;1137871.0;text;;[];False;False;3f71e8a3ce395cd8;[];keluarga ngumpull lebaran nantiii
1024;58;1-10;1137875.0;text;;[];True;False;3f71e8a3ce395cd8;[];terus?
1025;58;11-50;1137878.0;text;;[];False;False;3f71e8a3ce395cd8;[];duitttt bulanan belum dikirimmmm
1026;58;11-50;1137883.0;text;;[];False;False;ffa43f0e1c086842;[];duit bulanan belum dikirim
1027;58;11-50;1137890.0;text;;[];False;False;7e33c546478652dc;[];bokap gw,,, lagi,,, di luar kota
1028;58;11-50;1137890.0;text;;[];False;False;7e33c546478652dc;[];nyokap nanya kapan lulus
1029;58;11-50;1137892.0;text;;[];True;False;ffa43f0e1c086842;[];siapa aja yg dateng?
1030;58;51-100;1137948.0;text;;[];False;False;3f71e8a3ce395cd8;[];tadiii pagi gw olahragaaaa lariiii keliling kampus 5 putarann badannn pegellll semuaa
1031;58;11-50;1137955.0;text;;[];False;False;3f71e8a3ce395cd8;[];gw kangenn masakannnn rumahh
1032;58;11-50;1137982.0;text;;[];False;False;3f71e8a3ce395cd8;[];duit bulanan belum dikirimmm
1033;58;11-50;1138049.0;text;;[];True;False;ffa43f0e1c086842;[];itu tempatnya jauh ga?
1034;58;11-50;1138053.0;text;;[];False;False;ffa43f0e1c086842;[];duit bulanan belum dikirim
1035;58;1-10;1138054.0;text;;[];False;False;ffa43f0e1c086842;[];hayuk
1036;58;51-100;1138162.0;text;;[];False;False;3f71e8a3ce395cd8;[];adek gw mau masuk kuliah tahun depann gw haruss bantu cariin info jurusann
1037;58;1-10;1138163.0;text;;[];False;False;f34b4da3396ed875;[];GINI
1038;58;1-10;1138174.0;text;;[];False;False;f34b4da3396ed875;[];NICE
1039;58;11-50;1138181.0;text;;[];False;False;3f71e8a3ce395cd8;[];bokap gw lagi di luarrrr kota
1040;58;1-10;1138187.0;text;;[];False;False;3f71e8a3ce395cd8;[];pastiiii
1041;58;1-10;1138191.0;text;;[];False;False;f34b4da3396ed875;[];YESS
1042;58;11-50;1138193.0;text;;[];False;False;f34b4da3396ed875;[];PLAYLIST LO YANG MANA SIH
1043;58;0;1138224.0;image/jpeg;;[];False;False;3f71e8a3ce395cd8;[];[Foto]
1044;58;11-50;1138260.0;text;;[];False;False;b5f66a5592209fdd;[];film baru di bioskop bagus ga
1045;58;1-10;1138266.0;text;;[];False;False;3f71e8a3ce395cd8;[];pasti
1046;58;11-50;1138282.0;text;;[];False;False;b5f66a5592209fdd;[];gw baur aja ketemu mantan
1047;58;11-50;1138291.0;text;;[];False;False;3f71e8a3ce395cd8;['ffa43f0e1c086842'];nyokap nanya kapan lulus
1048;58;11-50;1138313.0;text;;[];False;False;3f71e8a3ce395cd8;[];keluarga ngumpull lebaran nantiii
1049;58;11-50;1138319.0;text;;[];False;False;b5f66a5592209fdd;[];duit bulanan blm dikirim
1050;58;11-50;1138329.0;text;;[];False;False;b5f66a5592209fdd;[];kakak gw baru aja nikah
1051;58;0;1138362.0;image/jpeg;;[];False;False;3f71e8a3ce395cd8;[];[Foto]
1052;58;11-50;1138376.0;text;;['😕'];False;False;3f71e8a3ce395cd8;[];duit bulanannn belummm dikirim
1053;58;51-100;1138388.0;text;;[];False;False;3f71e8a3ce395cd8;[];besokkk adaaa bazaar di kampuss katanyaaa banyakk makanannnn murah, pada ikut ga
1054;58;11-50;1138393.0;text;;[];False;False;3f71e8a3ce395cd8;[];playlistt lo yangggg manaaaa sih
1055;58;11-50;1138685.0;text;;['💛'];False;False;ffa43f0e1c086842;[];duit bulanan belum dikirim
1056;58;11-50;1139356.0;text;;[];True;False;4b0f44e1c7aa02a6;[];kenapaaaa ga bales chatttt gw?
1057;58;51-100;1139408.0;text;;[];False;False;7dda85c8043ec659;[];Besok ada bazaar di kampus katanya banyak makanan murah, pada ikut ga.
1058;58;1-10;1139497.0;text;;[];False;False;3f71e8a3ce395cd8;[];gini
1059;58;11-50;1139761.0;text;;[];True;False;56267ae07fe895e3;[];tu tempatnya jauh ga?
1060;58;1-10;1139830.0;text;;[];False;False;3f71e8a3ce395cd8;[];niceee
1061;58;1-10;1139838.0;text;;[];False;False;2c6435e87f0252f4;[];Anjay.
1062;58;0;1139918.0;sticker/webp;;[];False;False;56267ae07fe895e3;[];[Stiker]
1063;59;0;1141422.0;image/jpeg;;[];False;False;2238074dbe4891d0;[];[Foto]
1064;59;11-50;1141427.0;text;;[];True;False;2238074dbe4891d0;[];gimana kabar lu sekarang?
1065;59;11-50;1141433.0;text;;[];True;False;2238074dbe4891d0;[];boleh gw ikut ga?
1066;59;11-50;1141450.0;text;;[];False;False;df7b6465ed31d9b8;[];gw baruu aja dari kampus
1067;59;11-50;1141461.0;text;;[];False;False;df7b6465ed31d9b8;[];dosennn pembimbing susah ditemuii
1068;59;11-50;1141465.0;text;;[];False;False;df7b6465ed31d9b8;[];sidang minggu depann doain ya
1069;59;11-50;1141574.0;text;;[];False;False;c99de8235cc6c95e;[];SIDANG MINGGU DEPAN DOAIN YA
1070;59;1-10;1141580.0;text;;[];False;False;c99de8235cc6c95e;[];GAJE
1071;59;11-50;1141584.0;text;;[];False;False;c99de8235cc6c95e;[];KELAS TAMBAHAN HARI SABTU SIH
1072;59;11-50;1141595.0;text;;[];False;False;c99de8235cc6c95e;[];GW MAU AMBIL CUTI SEMESTER
1073;59;1-10;1141654.0;text;;[];False;False;c99de8235cc6c95e;[];GPP
1074;59;11-50;1141666.0;text;;[];False;False;c99de8235cc6c95e;[];DOSEN PEMBIMBING SUSAH DITEMUI
1075;59;101-500;1141846.0;text;1051.0;[];True;False;d18d73e4ad31d59a;[];menurut kalian knp ya generasi kita tuh kayaknya lebih gampang stres dan burnout dibanding generasi orang tua kita dulu? apa krn tekanan sosmed atau emang tuntutan hidup yg makin tinggi ya? gw penasaran aja sih soalnya temen temen gw banyak yg ngeluh hal yg sm
1076;59;1-10;1141943.0;text;;[];False;False;82fa96e90d47e37a;[];gpp!!
1077;59;11-50;1142028.0;text;1075.0;[];False;False;f34b4da3396ed875;[];SEMINAR TADI LAMA BANGET
1078;59;11-50;1142053.0;text;;[];False;False;df7b6465ed31d9b8;[];mie ayam pakkk kumis juara sih
1079;59;11-50;1144122.0;text;;[];True;False;298e3b3220745447;[];ad yg pny catetan?
1080;59;11-50;1144700.0;text;;[];False;False;3f71e8a3ce395cd8;[];sidangggg mingguuuu depannnn doainnnn ya
1081;59;11-50;1144730.0;text;;[];False;False;3f71e8a3ce395cd8;[];dosen pembimbing susah ditemui
1082;59;11-50;1144838.0;text;;[];True;False;24683827d1f4f201;[];ada yang punya catetan?
1083;59;11-50;1144843.0;text;;[];False;False;24683827d1f4f201;[];warteg depan kampus enak
1084;59;11-50;1146447.0;text;;[];False;False;3f71e8a3ce395cd8;[];gw baru aja dariii kampus
1085;59;11-50;1146453.0;text;;[];False;False;3f71e8a3ce395cd8;[];seminarrrr tadiiii lamaaaa banget
1086;59;11-50;1146630.0;text;;[];False;False;3f71e8a3ce395cd8;[];gw laperrrr banget nih
1087;60;11-50;1147304.0;text;;[];False;False;3f71e8a3ce395cd8;[];reuni kapannn ya kitaaa
1088;60;11-50;1147305.0;text;;[];False;False;3f71e8a3ce395cd8;[];gw kangen temenn temennn smaaa
1089;60;0;1147356.0;image/jpeg;;[];False;False;3f71e8a3ce395cd8;[];[Foto]
1090;60;101-500;1147415.0;text;;[];False;False;3f71e8a3ce395cd8;[];hariiii ini gw iseng nyoba bikin kopi pake metode v60 yang lagi hypee di kalangannnn anakkkk anakkkk kampus. beli alatnyaaaa lumayannn mahalll sihh tapi hasilnya emanggg beda dari kopi sachetttt biasa. kopinya lebihhhh smooth dannn ga terlaluuu pahit. kayaknyaaaa gw bakal ketagihan nih bikin kopiii sendiri tiapp pagii sebelumm ke kampus
1091;60;11-50;1147419.0;text;;[];False;False;3f71e8a3ce395cd8;[];temeninnn gw dong besok
1092;60;1-10;1147645.0;text;;[];False;False;62dc140892728001;[];trus
1093;60;11-50;1147655.0;text;;[];False;False;62dc140892728001;[];reuni kapan ya kitaa
1094;60;1-10;1147682.0;text;;[];False;False;d18d73e4ad31d59a;[];hihi
1095;60;1-10;1148038.0;text;;[];False;False;298e3b3220745447;[];udah
1096;60;11-50;1149585.0;text;;[];True;False;df7b6465ed31d9b8;[];kos lu dimana sih tepatnya?
1097;60;11-50;1149618.0;text;;[];False;False;369908ddf01dd3eb;[];Gw ga percaya sih gosipnya.
1098;60;11-50;1149638.0;text;;[];False;False;369908ddf01dd3eb;[];Temen gw sakit masuk RS.
1099;60;11-50;1149658.0;text;;[];True;False;df7b6465ed31d9b8;[];pinjammm catetannn boleh ga?
1100;60;1-10;1149663.0;text;;[];False;False;a21178041169e6d8;[];setuju!!
1101;60;11-50;1149666.0;text;;[];False;False;a21178041169e6d8;[];angkot ke sana masih ada ga!!
1102;60;1-10;1149675.0;text;;[];False;False;369908ddf01dd3eb;[];Amin.
1103;60;11-50;1149677.0;text;;[];False;False;a21178041169e6d8;[];temen gw sakit masuk RS!!!
1104;60;1-10;1149687.0;text;;[];False;False;369908ddf01dd3eb;[];Udah.
1105;60;51-100;1149706.0;text;;[];False;False;a21178041169e6d8;[];hari ini gw ada rapat organisasi sampe sore jadi ga bisa ikut nongkrong!!
1106;60;51-100;1149803.0;text;;[];False;False;df7b6465ed31d9b8;[];wifi kosan gw lemott banget jadi gw ke perpus ajaa buat ngerjain tugasss
1107;60;11-50;1150700.0;text;;[];False;False;f34b4da3396ed875;[];PACARNYA BARU SIAPA SIH
1108;60;11-50;1150709.0;text;;[];False;False;f34b4da3396ed875;[];SI ITU UDAH PUTUS KATANYA
1109;60;1-10;1150718.0;text;;[];False;False;8e570023d7b17cb3;[];amin
1110;60;11-50;1150724.0;text;;[];False;False;8e570023d7b17cb3;[];gw ga percaya sih gosipnya
1111;60;11-50;1150729.0;text;;[];False;False;8e570023d7b17cb3;[];gw ga percaya sih gosipnya
1112;60;1-10;1150735.0;text;;[];False;False;8e570023d7b17cb3;[];gabut
1113;60;1-10;1150742.0;text;;[];False;False;f34b4da3396ed875;[];UDAH
1114;60;1-10;1150896.0;text;;[];False;False;c90620f18eff7459;[];gabut
1115;60;0;1150953.0;image/jpeg;;[];False;False;f34b4da3396ed875;[];[Foto]
1116;60;51-100;1150954.0;text;;[];False;False;f34b4da3396ed875;[];HARI INI GW ADA RAPAT ORGANISASI SAMPE SORE JADI GA BISA IKUT NONGKRONG
1117;60;0;1151093.0;unknown;;[];False;False;c99de8235cc6c95e;[];[Media tidak dikenal]
1118;60;11-50;1151108.0;text;;[];True;False;c99de8235cc6c95e;[];JADWAL SIDANG KAPAN BRO?
1119;60;11-50;1151285.0;text;;[];False;False;8e570023d7b17cb3;[];gw kangen temen temen sma
1120;60;1-10;1151290.0;text;;[];False;False;bf385e27e89976f8;[];cape
1121;60;51-100;1151306.0;text;;[];False;False;8e570023d7b17cb3;[];gw pengen bgt liburan ke pantai tp duit lg tipis bgt skrg
1122;60;11-50;1151323.0;text;;[];False;False;8e570023d7b17cb3;[];temenin gw dong besok
1123;60;1-10;1151390.0;text;;[];False;False;c99de8235cc6c95e;[];YWD
1124;60;11-50;1151406.0;text;;[];False;False;c99de8235cc6c95e;[];EH DENGER GOSIP BELUM
1125;60;11-50;1151407.0;text;;[];False;False;c99de8235cc6c95e;[];SI ITU UDAH PUTUS KATANYA
1126;60;11-50;1151420.0;text;;[];False;False;8e570023d7b17cb3;[];jangan bilang siapa siapa ya
1127;60;11-50;1151435.0;text;;[];False;False;8e570023d7b17cb3;[];temenin gw dong besok
1128;60;11-50;1151440.0;text;;[];False;False;8e570023d7b17cb3;[];angkot ke sana msh ad ga
1129;60;11-50;1151872.0;text;;[];False;False;bf385e27e89976f8;[];angkot ke sana masih ada ga
1130;60;11-50;1151892.0;text;;[];False;False;bf385e27e89976f8;[];pacarnya baru siapa sih
1131;60;51-100;1151893.0;text;;[];False;False;bf385e27e89976f8;[];hari ini gw ada rapat organisasi sampe sore jadi ga bisa ikut nongkrong
1132;60;1-10;1151900.0;text;;[];False;False;8e570023d7b17cb3;[];udah
1133;60;11-50;1151905.0;text;;[];False;False;8e570023d7b17cb3;[];temen gw sakit masuk rs
1134;60;11-50;1151910.0;text;;[];False;False;bf385e27e89976f8;[];si itu udah putus katanya
1135;60;1-10;1151920.0;text;;[];False;False;bf385e27e89976f8;[];ywd
1136;60;11-50;1152872.0;text;;[];False;False;ffa43f0e1c086842;[];si itu udah putus katanya
1137;60;11-50;1152925.0;application/vnd.oasis.opendocument.text;;[];False;False;df7b6465ed31d9b8;[];[application/vnd.oasis.opendocument.text]
1138;60;51-100;1152942.0;text;;[];True;False;69f4a3133d7f6cc0;[];lu pernah coba belajar bareng di perpus kota ga, enak ga disana?...
1139;60;11-50;1152949.0;text;;[];False;False;df7b6465ed31d9b8;[];pacarnya baru siapaa sih
1140;60;1-10;1152953.0;text;;[];False;False;ffa43f0e1c086842;[];setuju
1141;60;11-50;1152957.0;text;;[];False;False;df7b6465ed31d9b8;[];gw ga percaya sih gosipnyaa
1142;60;11-50;1152970.0;text;;[];True;False;ffa43f0e1c086842;[];jadwal sidang kapan bro?
1143;60;11-50;1152996.0;text;;[];False;False;69f4a3133d7f6cc0;[];temen gw sakit masuk... RS
1144;60;1-10;1153010.0;text;;[];False;False;df7b6465ed31d9b8;[];hihii
1145;60;51-100;1154257.0;text;;[];True;False;69f4a3133d7f6cc0;[];lu pernah coba belajar bareng di perpus kota ga, enak ga disana?
1146;60;11-50;1154263.0;text;;[];True;False;69f4a3133d7f6cc0;[];jadwal sidang kapan bro?
1147;60;1-10;1154288.0;text;;['🤷🏼\u200d♂'];False;False;8e570023d7b17cb3;[];wkwkw
1148;60;1-10;1154351.0;text;;[];False;False;f34b4da3396ed875;[];SETUJU
1149;60;11-50;1154353.0;text;;[];False;False;f34b4da3396ed875;[];DIEM DIEM TERNYATA JADIAN
1150;60;11-50;1154367.0;text;;[];True;False;f34b4da3396ed875;[];PINJAM CATETAN BOLEH GA?
1151;60;1-10;1154399.0;text;;[];False;False;69f4a3133d7f6cc0;[];ywd
1152;60;101-500;1154575.0;text;;[];False;False;8e570023d7b17cb3;[];hari ni gw iseng nyoba bikin kopi pake metode v60 yg lg hype di kalangan anak anak kampus. beli alatnya lumayan mahal sih tp hasilnya emang beda dr kopi sachet biasa. kopinya lebih smooth dan ga terlalu pahit. kayaknya gw bakal ketagihan nih bikin kopi sendiri tiap pagi sebelum ke kampus
1153;60;11-50;1154616.0;text;1152.0;[];True;False;a21178041169e6d8;[];kos lu dimana sih tepatnya!!
1154;60;1-10;1154621.0;text;;[];False;False;f34b4da3396ed875;[];SAMA
1155;60;1-10;1154624.0;text;;[];False;False;8e570023d7b17cb3;[];wkwkw
1156;60;1-10;1154633.0;text;;[];False;False;f34b4da3396ed875;[];YWD
1157;60;1-10;1154638.0;text;;[];False;False;8e570023d7b17cb3;[];wkwkw
1158;60;51-100;1154653.0;text;;[];False;False;8e570023d7b17cb3;[];gw pengen bgt liburan ke pantai tp duit lg tipis bgt skrg
1159;60;1-10;1154656.0;text;;[];False;False;8e570023d7b17cb3;[];amin
1160;60;1-10;1154670.0;text;;[];False;False;f34b4da3396ed875;[];WKWKW
1161;60;1-10;1154693.0;text;;[];True;False;f34b4da3396ed875;[];BOLEH?
1162;60;11-50;1154693.0;text;;[];False;False;f34b4da3396ed875;[];GW BERANTEM SAMA SI ANU
1163;60;11-50;1154784.0;text;;[];False;False;69f4a3133d7f6cc0;[];gw berantem sama si anu
1164;60;11-50;1154784.0;text;;[];False;False;8e570023d7b17cb3;[];eh denger gosip blm
1165;60;1-10;1154791.0;text;;[];False;False;8e570023d7b17cb3;[];cape
1166;60;11-50;1154791.0;text;;[];False;False;69f4a3133d7f6cc0;[];gw ga percaya sih... gosipnya
1167;60;0;1154796.0;image/jpeg;;[];False;False;69f4a3133d7f6cc0;[];[Foto]
1168;60;11-50;1154809.0;text;;[];False;False;69f4a3133d7f6cc0;[];gw kangen temen temen SMA
1169;60;1-10;1154812.0;text;;[];False;False;f34b4da3396ed875;[];SETUJU
1170;60;11-50;1154815.0;text;;[];False;False;f34b4da3396ed875;[];EH DENGER GOSIP BELUM
1171;60;11-50;1154828.0;text;;[];False;False;f34b4da3396ed875;[];PACARNYA BARU SIAPA SIH
1172;60;11-50;1154834.0;text;;[];True;False;f34b4da3396ed875;[];KAPAN TERAKHIR KALI KETEMU?
1173;60;11-50;1154844.0;text;;[];False;False;ffa43f0e1c086842;[];jangan bilang siapa siapa ya
1174;60;11-50;1154849.0;text;;[];False;False;ffa43f0e1c086842;[];jangan bilang siapa siapa ya
1175;60;11-50;1154918.0;text;;[];False;False;8e570023d7b17cb3;[];gw berantem sm si anu
1176;60;11-50;1154938.0;text;;[];False;False;8e570023d7b17cb3;[];angkot ke sana msh ad ga
1177;60;11-50;1154945.0;text;;[];False;False;8e570023d7b17cb3;[];gw ga percaya sih gosipnya
1178;60;1-10;1154994.0;text;;[];True;False;f34b4da3396ed875;[];BOLEH?
1179;60;11-50;1154996.0;text;;[];False;False;ffa43f0e1c086842;[];si itu udah putus katanya
1180;60;1-10;1155004.0;text;;[];False;False;ffa43f0e1c086842;[];dong
1181;60;11-50;1155013.0;text;;[];True;False;ffa43f0e1c086842;[];kos lu dimana sih tepatnya?
1182;60;1-10;1155044.0;text;;[];False;False;f34b4da3396ed875;[];SETUJU
1183;60;1-10;1155057.0;text;;[];False;False;f34b4da3396ed875;[];AMIN
1184;60;51-100;1155058.0;text;;[];False;False;8e570023d7b17cb3;[];wifi kosan gw lemot bgt jadi gw ke perpus aja buat ngerjain tugas
1185;60;11-50;1155059.0;text;;[];False;False;f34b4da3396ed875;[];JANGAN BILANG SIAPA SIAPA YA
1186;60;11-50;1155066.0;text;;[];False;False;8e570023d7b17cb3;[];temen gw sakit masuk rs
1187;60;51-100;1155117.0;text;;[];False;False;f34b4da3396ed875;[];GW PENGEN BANGET LIBURAN KE PANTAI TAPI DUIT LAGI TIPIS BANGET SEKARANG
1188;60;11-50;1155126.0;text;;[];False;False;f34b4da3396ed875;[];GW KANGEN TEMEN TEMEN SMA
1189;60;11-50;1155397.0;text;;[];False;False;8e570023d7b17cb3;[];angkot ke sana msh ad ga
1190;60;11-50;1155398.0;text;;[];False;False;8e570023d7b17cb3;[];angkot ke sana msh ad ga
1191;60;11-50;1155460.0;text;;[];True;False;f34b4da3396ed875;[];JADWAL SIDANG KAPAN BRO?
1192;60;11-50;1155515.0;text;;[];False;False;8e570023d7b17cb3;[];diem diem ternyata jadian
1193;60;11-50;1155522.0;text;;[];False;False;8e570023d7b17cb3;[];temenin gw dong besok
1194;60;1-10;1155598.0;text;;[];False;False;f34b4da3396ed875;[];CAPE
1195;60;11-50;1155600.0;text;;[];False;False;f34b4da3396ed875;[];PACARNYA BARU SIAPA SIH
1196;60;1-10;1155603.0;text;;[];False;False;f34b4da3396ed875;[];SAMA
1197;60;51-100;1155723.0;text;;[];True;False;a21178041169e6d8;[];lu pernah coba belajar bareng di perpus kota ga, enak ga disana!!
1198;60;1-10;1155813.0;text;;[];True;False;f34b4da3396ed875;[];SAMPE?
1199;60;11-50;1155829.0;text;;[];False;False;f34b4da3396ed875;[];GW KANGEN TEMEN TEMEN SMA
1200;60;11-50;1155838.0;text;;[];False;False;f34b4da3396ed875;[];JANGAN BILANG SIAPA SIAPA YA
1201;60;11-50;1155845.0;text;;[];True;False;f34b4da3396ed875;[];KAPAN TERAKHIR KALI KETEMU?
1202;60;11-50;1155855.0;text;;[];False;False;a21178041169e6d8;[];angkot ke sana masih ada ga!!
1203;60;11-50;1155860.0;text;;[];False;False;a21178041169e6d8;[];gw berantem sama si anu!!!
1204;60;11-50;1155909.0;text;;[];False;False;f34b4da3396ed875;[];TEMEN GW SAKIT MASUK RS
1205;60;11-50;1155915.0;text;;[];False;False;f34b4da3396ed875;[];GW BERANTEM SAMA SI ANU
1206;60;1-10;1155921.0;text;;[];False;False;f34b4da3396ed875;[];WKWKW
1207;60;11-50;1156094.0;text;;[];False;False;433804765ee30cd7;[];temennn gw sakit masuk rs
1208;60;11-50;1156113.0;text;;[];False;False;a21178041169e6d8;[];pacarnya baru siapa sih!!
1209;60;1-10;1156114.0;text;;[];False;False;f34b4da3396ed875;[];GABUT
1210;60;0;1156189.0;image/jpeg;;[];False;False;3f71e8a3ce395cd8;[];[Foto]
1211;60;11-50;1156196.0;text;;[];False;False;3f71e8a3ce395cd8;[];diemm diemmm ternyataaa jadian
1212;60;11-50;1156352.0;text;;[];True;False;a21178041169e6d8;[];kapan terakhir kali ketemu!!!
1213;60;11-50;1156397.0;text;;[];False;False;3f71e8a3ce395cd8;[];reuni kapannnn ya kitaaa
1214;60;1-10;1156405.0;text;;[];False;False;a21178041169e6d8;[];trus!!!
1215;60;11-50;1156417.0;application/pdf;;[];False;False;3f71e8a3ce395cd8;[];[Dokumen PDF]
1216;60;11-50;1156474.0;text;;[];False;False;f34b4da3396ed875;[];GW BERANTEM SAMA SI ANU
1217;60;1-10;1156476.0;text;;[];False;False;f34b4da3396ed875;[];HIHI
1218;60;51-100;1156558.0;text;;[];True;False;a21178041169e6d8;[];lu pernah coba belajar bareng di perpus kota ga, enak ga disana!!
1219;60;51-100;1156570.0;text;;[];False;False;3f71e8a3ce395cd8;[];harii ini gw ada rapat organisasii sampeeee sore jadii ga bisa ikut nongkrong
1220;60;1-10;1156577.0;text;;[];True;False;c1b9604cd4e292f5;[];ready?
1221;60;11-50;1156583.0;text;;[];False;False;c1b9604cd4e292f5;[];si tu udah putus katanay
1222;60;11-50;1156608.0;text;;[];False;False;3f71e8a3ce395cd8;[];diem diemm ternyataa jadiann
1223;60;1-10;1156626.0;text;;[];False;False;a21178041169e6d8;[];udah!!
1224;60;51-100;1156635.0;text;;[];True;False;a21178041169e6d8;[];lu pernah coba belajar bareng di perpus kota ga, enak ga disana!!!
1225;60;0;1156637.0;image/jpeg;;[];False;False;3f71e8a3ce395cd8;[];[Foto]
1226;60;1-10;1156647.0;text;;[];False;False;a21178041169e6d8;[];males!!!
1227;60;1-10;1156649.0;text;;[];False;False;3f71e8a3ce395cd8;[];cape
1228;60;11-50;1156661.0;text;;[];False;False;3f71e8a3ce395cd8;[];temen gw sakit masukk rs
1229;60;11-50;1156898.0;text;;[];True;False;300cc08fb4b0f200;[];pinjam catetan boleh ga!!!
1230;60;11-50;1156925.0;image/jpeg;;[];True;False;a21178041169e6d8;[];[Foto]
1231;60;1-10;1156931.0;text;;[];False;False;a21178041169e6d8;[];ywd!!!
1232;60;11-50;1156955.0;text;;[];True;False;300cc08fb4b0f200;[];jadwal sidang kapan bro!!
1233;60;11-50;1157013.0;text;;[];False;False;3f71e8a3ce395cd8;[];pacarnyaaa baruuuu siapa sih
1234;60;1-10;1157216.0;text;;[];True;False;df7b6465ed31d9b8;[];bisa?
1235;60;1-10;1157232.0;text;;[];False;False;f34b4da3396ed875;[];DONG
1236;60;1-10;1157234.0;text;;[];False;False;f34b4da3396ed875;[];MALES
1237;60;11-50;1157238.0;text;;[];False;False;f34b4da3396ed875;[];EH DENGER GOSIP BELUM
1238;60;11-50;1157258.0;text;;[];False;False;f34b4da3396ed875;[];GW GA PERCAYA SIH GOSIPNYA
1239;60;1-10;1157260.0;text;;[];False;False;a21178041169e6d8;[];cape!!
1240;60;1-10;1157266.0;text;;[];False;False;a21178041169e6d8;[];ywd!!
1241;60;1-10;1157297.0;text;;[];False;False;8e570023d7b17cb3;[];setuju
1242;60;11-50;1157358.0;text;;[];False;False;d18d73e4ad31d59a;[];gw ga percaya sih gosipnya
1243;60;11-50;1157391.0;text;;[];True;False;d18d73e4ad31d59a;[];kos lu dmn sih tepatnya?
1244;60;11-50;1157521.0;text;;[];False;False;f34b4da3396ed875;[];DIEM DIEM TERNYATA JADIAN
1245;60;1-10;1157528.0;text;;[];False;False;f34b4da3396ed875;[];UDAH
1246;60;11-50;1157529.0;text;;[];False;False;f34b4da3396ed875;[];PACARNYA BARU SIAPA SIH
1247;60;11-50;1157535.0;text;;[];False;False;f34b4da3396ed875;[];DIEM DIEM TERNYATA JADIAN
1248;60;101-500;1157607.0;text;1243.0;[];False;False;a21178041169e6d8;[];hari ini gw iseng nyoba bikin kopi pake metode V60 yang lagi hype di kalangan anak anak kampus. beli alatnya lumayan mahal sih tapi hasilnya emang beda dari kopi sachet biasa. kopinya lebih smooth dan ga terlalu pahit. kayaknya gw bakal ketagihan nih bikin kopi sendiri tiap pagi sebelum ke kampus!!
1249;60;11-50;1157679.0;text;;[];False;False;a21178041169e6d8;[];angkot ke sana masih ada ga!!
1250;60;11-50;1157700.0;text;;[];False;False;a21178041169e6d8;[];pacarnya baru siapa sih!!!
1251;60;1-10;1157705.0;text;;[];False;False;a21178041169e6d8;[];setuju!!!
1252;60;11-50;1157724.0;text;;[];False;False;a21178041169e6d8;[];pacarnya baru siapa sih!!
1253;60;11-50;1158645.0;text;1243.0;[];False;False;d18d73e4ad31d59a;[];angkot ke sana msh ad ga
1254;60;11-50;1159330.0;text;;[];True;False;a21178041169e6d8;[];kos lu dimana sih tepatnya!!!
1255;60;1-10;1159518.0;text;;[];False;False;a21178041169e6d8;[];gabut!!!
1256;60;0;1159529.0;image/jpeg;;[];False;False;a21178041169e6d8;[];[Foto]
1257;60;101-500;1159568.0;text;;[];False;False;a21178041169e6d8;[];hari ini gw iseng nyoba bikin kopi pake metode V60 yang lagi hype di kalangan anak anak kampus. beli alatnya lumayan mahal sih tapi hasilnya emang beda dari kopi sachet biasa. kopinya lebih smooth dan ga terlalu pahit. kayaknya gw bakal ketagihan nih bikin kopi sendiri tiap pagi sebelum ke kampus!!!
1258;60;11-50;1159578.0;text;;[];False;False;a21178041169e6d8;[];gw berantem sama si anu!!
1259;60;1-10;1159935.0;text;;[];False;False;a21178041169e6d8;[];gabut!!
1260;60;11-50;1159957.0;image/jpeg;;[];False;False;a21178041169e6d8;[];[Foto]
1261;60;51-100;1159972.0;text;;[];False;False;a21178041169e6d8;[];lu harus coba kedai kopi baru di jalan belakang kampus, enak banget!!
1262;60;11-50;1159983.0;text;;[];False;False;a21178041169e6d8;[];gw kangen temen temen SMA!!!
1263;60;11-50;1159997.0;text;;[];False;False;a21178041169e6d8;[];gw berantem sama si anu!!!
1264;60;0;1160544.0;image/jpeg;;[];False;False;b2f5237f1cf14c2b;[];[Foto]
1265;60;11-50;1160555.0;text;;[];True;False;b2f5237f1cf14c2b;[];jadwal sidang kapan bro?
1266;60;1-10;1160569.0;text;;[];False;False;a21178041169e6d8;[];gabut!!!
1267;60;11-50;1160576.0;text;;[];False;False;a21178041169e6d8;[];diem diem ternyata jadian!!!
1268;60;11-50;1160577.0;text;;[];False;False;a21178041169e6d8;[];reuni kapan ya kita!!
1269;60;0;1160704.0;image/jpeg;;[];False;False;b2f5237f1cf14c2b;[];[Foto]
1270;60;11-50;1160712.0;text;;[];False;False;b2f5237f1cf14c2b;[];si itu udah putus katanya...
1271;60;1-10;1160727.0;text;;[];False;False;a21178041169e6d8;[];ywd!!
1272;60;0;1160743.0;image/jpeg;;[];False;False;a21178041169e6d8;[];[Foto]
1273;60;11-50;1160749.0;text;;[];False;False;a21178041169e6d8;[];temenin gw dong besok!!!
1274;60;51-100;1160750.0;text;;[];False;False;8e570023d7b17cb3;[];lu hrs coba kedai kopi baru di jalan belakang kampus, enak bgt
1275;60;11-50;1160766.0;image/jpeg;;[];True;False;298e3b3220745447;[];[Foto]
1276;60;1-10;1160793.0;text;;[];False;False;a21178041169e6d8;[];trus!!
1277;60;11-50;1160797.0;text;;[];False;False;a21178041169e6d8;[];si itu udah putus katanya!!
1278;60;1-10;1160808.0;text;;[];False;False;8e570023d7b17cb3;[];wkwkw
1279;60;11-50;1160813.0;text;;[];False;False;8e570023d7b17cb3;[];eh denger gosip blm
1280;60;1-10;1160814.0;text;;[];False;False;a21178041169e6d8;[];amin!!!
1281;60;11-50;1160820.0;text;;[];False;False;298e3b3220745447;[];temen gw sakit masuk rs
1282;60;11-50;1160828.0;text;;[];False;False;298e3b3220745447;[];si tu udah putus katanya...
1283;60;11-50;1160830.0;text;;[];True;False;b2f5237f1cf14c2b;[];kos lu dimana... sih tepatnya?...
1284;60;1-10;1160848.0;text;;[];False;False;298e3b3220745447;[];hihi
1285;60;1-10;1160880.0;text;;[];False;False;b2f5237f1cf14c2b;[];amin
1286;60;11-50;1161007.0;image/jpeg;;[];True;False;a21178041169e6d8;[];[Foto]
1287;60;11-50;1161056.0;text;;[];True;False;bf385e27e89976f8;[];kapan terakhir kali ketemu?
1288;60;1-10;1161067.0;text;;[];False;False;a21178041169e6d8;[];trus!!!
1289;60;11-50;1161114.0;text;;[];True;False;298e3b3220745447;[];kapan terakhir kali... ketemu?
1290;60;11-50;1161128.0;text;;[];True;False;298e3b3220745447;[];kos lu dmn sih tepatnya?
1291;60;11-50;1161137.0;text;;[];True;False;da13a64d4b2b6060;[];KOS LU DIMANA SIH TEPATNYA?
1292;60;1-10;1161148.0;text;;['🤣'];False;False;a21178041169e6d8;[];trus!!!
1293;60;11-50;1161157.0;text;;[];False;False;a21178041169e6d8;[];eh denger gosip belum!!!
1294;60;11-50;1161160.0;text;;[];False;False;a21178041169e6d8;[];angkot ke sana masih ada ga!!
1295;60;51-100;1161177.0;text;;[];False;False;298e3b3220745447;[];lu hrs coba kedai... kopi... baru... di jalan belakang kampus, enak bgt
1296;60;11-50;1161185.0;text;;[];False;False;298e3b3220745447;[];pacarnya baru siapa sih
1297;60;1-10;1161346.0;text;;[];False;False;a21178041169e6d8;[];gabut!!
1298;60;11-50;1161362.0;text;;[];False;False;a21178041169e6d8;[];gw berantem sama si anu!!
1299;60;51-100;1161364.0;text;;[];False;False;a21178041169e6d8;[];lu harus coba kedai kopi baru di jalan belakang kampus, enak banget!!
1300;60;11-50;1161668.0;text;;[];True;False;24683827d1f4f201;[];pinjam catetan boleh ga?
1301;60;11-50;1161715.0;text;;[];False;False;a21178041169e6d8;[];temenin gw dong besok!!
1302;60;51-100;1161732.0;text;;[];False;False;a21178041169e6d8;[];gw baru aja dapet kabar kalo temen kita diterima kerja di luar negeri!!
1303;60;11-50;1161744.0;text;;[];False;False;a21178041169e6d8;[];pacarnya baru siapa sih!!!
1304;60;1-10;1161859.0;text;;['👍🏼'];False;False;24683827d1f4f201;[];udah
1305;60;1-10;1161863.0;text;;['♥'];False;False;24683827d1f4f201;[];sama
1306;60;101-500;1163492.0;text;;[];False;False;56267ae07fe895e3;[];hari ni gw iseng nyoba bikin kopi pake metode v60 yg lg... hype di kalangan... anak anak kampus. beli alatnya... lumayan mahal sih tp hasilnya emang beda dr kopi sachet biasa. kopinya lebih smooth dan ga terlalu pahit. kayaknya gw bakal ketagihan nih bikin kopi sendiri tiap pagi sebelum ke kampus...
1307;60;11-50;1163503.0;text;;[];False;False;56267ae07fe895e3;[];jangan bilang siapa siapa ya
1308;60;1-10;1163508.0;text;;[];False;False;56267ae07fe895e3;[];amin
1309;60;1-10;1164107.0;text;;[];False;False;a21178041169e6d8;[];hihi!!
1310;60;11-50;1165267.0;image/jpeg;;[];True;False;b5f66a5592209fdd;[];[Foto]
1311;60;11-50;1165314.0;text;;[];False;False;bf385e27e89976f8;[];temenin gw dong besok
1312;60;11-50;1165316.0;text;;[];False;False;bf385e27e89976f8;[];diem diem ternyata jadian
1313;60;11-50;1165328.0;text;;[];False;False;bf385e27e89976f8;[];gw kangen temen temen sma
1314;60;11-50;1165476.0;text;;[];False;False;b5f66a5592209fdd;[];temen gw sakit masuk rs
1315;60;1-10;1165482.0;text;;[];False;False;bf385e27e89976f8;[];hihi
1316;60;11-50;1165854.0;text;;[];False;False;d18d73e4ad31d59a;[];temen gw sakit masuk rs
1317;60;11-50;1166417.0;text;;[];False;False;168a45c58b4d621f;[];gw berantem sama si anuuuu
1318;60;11-50;1166433.0;text;;[];False;False;168a45c58b4d621f;[];temennn gw sakit masuk rs
1319;60;11-50;1166448.0;text;;[];False;False;168a45c58b4d621f;[];temenn gw sakit masukkkk rs
1320;60;11-50;1166630.0;text;;[];False;False;d18d73e4ad31d59a;[];eh denger gosip blm
1321;60;11-50;1166843.0;text;;[];False;False;3f71e8a3ce395cd8;[];reuni kapannn ya kita
1322;60;1-10;1166845.0;text;;['💙'];False;False;3f71e8a3ce395cd8;[];capeeee
1323;60;11-50;1166908.0;text;;[];False;False;51cdc223a094636d;[];pacarnya baru siapa sih
1324;60;11-50;1166959.0;text;935.0;[];False;False;298e3b3220745447;[];pacarnya baru siapa sih
1325;60;11-50;1167245.0;image/jpeg;;[];True;False;168a45c58b4d621f;[];[Foto]
1326;60;11-50;1167252.0;text;;[];True;False;168a45c58b4d621f;[];jadwal sidangggg kapan bro?
1327;60;51-100;1167285.0;text;;[];False;False;8e570023d7b17cb3;[];lu hrs coba kedai kopi baru di jalan belakang kampus, enak bgt
1328;60;11-50;1167299.0;text;;[];False;False;8e570023d7b17cb3;[];gw berantem sm si anu
1329;60;11-50;1167365.0;text;;[];True;False;168a45c58b4d621f;[];kapannnn terakhir kali ketemu?
1330;60;11-50;1167388.0;text;;[];True;False;298e3b3220745447;[];kos lu dmn sih tepatnya?
1331;60;1-10;1167432.0;text;;[];False;False;8e570023d7b17cb3;[];trus
1332;60;51-100;1167463.0;text;;[];False;False;8e570023d7b17cb3;[];gw baru aja dapet kabar kalo temen kita diterima kerja di luar negeri
1333;60;1-10;1167469.0;text;;['💕'];False;False;a21178041169e6d8;[];sama!!
1334;60;11-50;1167470.0;text;;[];False;False;8e570023d7b17cb3;[];eh denger gosip blm
1335;60;11-50;1167480.0;text;;[];False;False;168a45c58b4d621f;[];temenin gw dong besok
1336;60;11-50;1167486.0;text;;['💪'];False;False;168a45c58b4d621f;[];gw kangen temenn temennn sma
1337;60;0;1169380.0;video/mp4;;[];False;False;2c6435e87f0252f4;[];[Video]
1338;60;11-50;1170584.0;text;;[];False;False;d18d73e4ad31d59a;[];angkot ke sana msh ad ga
1339;60;51-100;1172220.0;text;;[];True;False;8e570023d7b17cb3;[];lu prnh coba belajar bareng di perpus kota ga, enak ga disana?
1340;60;11-50;1172258.0;text;;[];False;False;2fe7cebe4d78453f;[];Gw berantem sama si anu.
1341;60;51-100;1172260.0;text;;[];True;False;69f4a3133d7f6cc0;[];lu pernah coba belajar bareng di perpus kota ga, enak ga disana?
1342;60;1-10;1172276.0;text;;[];False;False;2fe7cebe4d78453f;[];Ywd.
1343;60;11-50;1172298.0;text;;[];True;False;d18d73e4ad31d59a;[];kapan terakhir kali ketemu?
1344;60;1-10;1172306.0;text;;[];False;False;d18d73e4ad31d59a;[];wkwkw
1345;60;11-50;1173171.0;text;;[];False;False;69f4a3133d7f6cc0;[];diem diem ternyata jadian
1346;60;11-50;1173860.0;text;;[];True;False;d18d73e4ad31d59a;[];jadwal sidang kapan bro?
1347;60;11-50;1173864.0;text;;[];False;False;d18d73e4ad31d59a;[];temenin gw dong besok
1348;60;1-10;1173888.0;text;;[];False;False;69f4a3133d7f6cc0;[];trus
1349;60;51-100;1173911.0;text;;[];False;False;69f4a3133d7f6cc0;[];gw baru aja dapet kabar kalo temen kita... diterima kerja... di luar negeri
1350;60;1-10;1173966.0;text;;[];False;False;d18d73e4ad31d59a;[];males
1351;60;11-50;1173981.0;text;;[];True;False;d18d73e4ad31d59a;[];pinjam catetan boleh ga?
1352;60;1-10;1173988.0;text;;[];False;False;69f4a3133d7f6cc0;[];wkwkw
1353;60;51-100;1174012.0;text;;[];False;False;a21178041169e6d8;[];gw pengen banget liburan ke pantai tapi duit lagi tipis banget sekarang!!
1354;60;51-100;1174018.0;text;;[];False;False;69f4a3133d7f6cc0;[];gw pengen banget liburan ke pantai tapi duit lagi tipis banget sekarang
1355;60;11-50;1174023.0;text;;[];False;False;a21178041169e6d8;[];angkot ke sana masih ada ga!!
1356;60;1-10;1174039.0;text;;['😂'];False;False;69f4a3133d7f6cc0;[];dong
1357;60;1-10;1174039.0;text;;['🤣'];False;False;a21178041169e6d8;[];hihi!!!
1358;60;1-10;1174056.0;text;;[];False;False;d18d73e4ad31d59a;[];ywd
1359;60;11-50;1174062.0;text;;['🖤'];False;False;d18d73e4ad31d59a;[];gw kangen temen temen sma
1360;61;11-50;1205285.0;text;;[];True;False;24683827d1f4f201;[];itu beneran apa hoax?
1361;61;1-10;1205301.0;text;;[];False;False;df7b6465ed31d9b8;[];gasssss
1362;61;1-10;1205319.0;text;;[];False;False;3f71e8a3ce395cd8;[];bro
1363;61;1-10;1205320.0;text;;[];True;False;24683827d1f4f201;[];yakin?
1364;61;11-50;1205321.0;text;;['🙏'];False;False;c2e5c88d96797514;[];tadi gw makan nasi padang
1365;61;11-50;1205322.0;text;;[];False;False;df7b6465ed31d9b8;[];es teh manis satuuu ya bang
1366;61;1-10;1205330.0;text;;['👍🏼'];False;False;24683827d1f4f201;[];gass
1367;62;101-500;1208480.0;text;;[];True;False;c90620f18eff7459;[];guys ada yang tau ga sih kenapa sistem registrasi online kampus sering banget error pas masa pengisian krs? tiap semester selalu gitu bikin stres, mana harus rebutan mata kuliah yang kuotanya dikit banget lagi. apa emang servernya ga kuat ya nampung banyak mahasiswa sekaligus?
1368;62;51-100;1208508.0;text;;[];False;False;c90620f18eff7459;[];gw pengen banget liburan ke pantai tapi duit lagi tipis banget sekarang
1369;62;1-10;1209415.0;text;;[];False;False;8e570023d7b17cb3;[];setuju
1370;62;11-50;1209416.0;text;;[];False;False;8e570023d7b17cb3;[];gw kangen temen temen sma
1371;62;11-50;1209426.0;text;;[];False;False;8e570023d7b17cb3;[];gw ga percaya sih gosipnya
1372;62;11-50;1209434.0;text;;[];False;False;8e570023d7b17cb3;[];angkot ke sana msh ad ga
1373;62;11-50;1209442.0;text;;[];True;False;c90620f18eff7459;[];kapan terakhir kali ketemu?
1374;62;11-50;1209446.0;text;;[];True;False;c90620f18eff7459;[];pinjam catetan boleh ga?
1375;62;11-50;1209449.0;text;;[];False;False;f34b4da3396ed875;[];GW GA PERCAYA SIH GOSIPNYA
1376;62;1-10;1209451.0;text;;[];False;False;8e570023d7b17cb3;[];cape
1377;62;1-10;1209455.0;text;;[];False;False;c90620f18eff7459;[];amin
1378;62;1-10;1209458.0;text;;[];False;False;c90620f18eff7459;[];cape
1379;62;11-50;1209463.0;text;;[];False;False;f34b4da3396ed875;[];GW KANGEN TEMEN TEMEN SMA
1380;62;11-50;1209465.0;text;;[];False;False;f34b4da3396ed875;[];TEMEN GW SAKIT MASUK RS
1381;62;11-50;1209468.0;text;;[];False;False;c90620f18eff7459;[];gw berantem sama si anu
1382;62;11-50;1209468.0;text;;[];False;False;f34b4da3396ed875;[];GW KANGEN TEMEN TEMEN SMA
1383;62;11-50;1209472.0;text;;[];False;False;8e570023d7b17cb3;[];gw berantem sm si anu
1384;62;11-50;1209479.0;text;;[];False;False;8e570023d7b17cb3;[];jangan bilang siapa siapa ya
1385;62;11-50;1209662.0;text;;[];False;False;ffa43f0e1c086842;[];si itu udah putus katanya
1386;62;1-10;1209665.0;text;;[];True;False;ffa43f0e1c086842;[];ready?
1387;62;11-50;1209709.0;text;;[];True;False;d18d73e4ad31d59a;[];jadwal sidang kapan bro?
1388;62;11-50;1209717.0;text;;[];True;False;d18d73e4ad31d59a;[];pinjam catetan boleh ga?
1389;62;11-50;1209722.0;text;;[];False;False;d18d73e4ad31d59a;[];gw ga percaya sih gosipnya
1390;62;11-50;1209723.0;text;;[];False;False;8e570023d7b17cb3;[];diem diem ternyata jadian
1391;62;1-10;1209726.0;text;;[];False;False;f34b4da3396ed875;[];MALES
1392;62;1-10;1209733.0;text;;[];False;False;f34b4da3396ed875;[];SAMA
1393;62;11-50;1209742.0;text;;[];True;False;ffa43f0e1c086842;['f34b4da3396ed875'];kos lu dimana sih tepatnya?
1394;62;11-50;1209767.0;text;;[];False;False;8e570023d7b17cb3;[];reuni kapan ya kita
1395;62;11-50;1209771.0;text;;[];False;False;8e570023d7b17cb3;[];gw ga percaya sih gosipnya
1396;62;11-50;1209783.0;text;;[];False;False;8e570023d7b17cb3;[];angkot ke sana msh ad ga
1397;62;11-50;1209786.0;text;;[];False;False;8e570023d7b17cb3;[];gw kangen temen temen sma
1398;62;0;1209788.0;sticker/webp;1390.0;[];False;False;d18d73e4ad31d59a;[];[Stiker]
1399;62;1-10;1209808.0;text;;[];False;False;ffa43f0e1c086842;[];trus
1400;62;11-50;1209813.0;text;;[];False;False;ffa43f0e1c086842;[];reuni kapan ya kita
1401;62;11-50;1209824.0;text;;[];False;False;ffa43f0e1c086842;[];reuni kapan ya kita
1402;62;11-50;1209830.0;text;;[];False;False;8e570023d7b17cb3;[];gw berantem sm si anu
1403;62;11-50;1209837.0;text;;[];False;False;8e570023d7b17cb3;[];eh denger gosip blm
1404;62;11-50;1209844.0;text;;[];False;False;ffa43f0e1c086842;[];gw ga percaya sih gosipnya
1405;62;11-50;1210463.0;text;;[];True;False;8e570023d7b17cb3;[];jadwal sidang kapan bro?
1406;62;11-50;1210470.0;text;;[];True;False;8e570023d7b17cb3;[];pinjam catetan boleh ga?
1407;62;51-100;1210508.0;text;;[];False;False;56267ae07fe895e3;[];wifi kosan gw lemot bgt jadi gw ke perpus aja buat ngerjain... tugas
1408;62;11-50;1210514.0;text;;[];False;False;56267ae07fe895e3;[];si tu udah putus... katanya
1409;62;11-50;1210621.0;text;;[];False;False;8e570023d7b17cb3;[];angkot ke sana msh ad ga
1410;62;1-10;1210622.0;text;;[];False;False;8e570023d7b17cb3;[];hihi
1411;62;11-50;1210624.0;text;;[];False;False;8e570023d7b17cb3;[];pacarnya baru siapa sih
1412;62;11-50;1210627.0;text;;[];True;False;8e570023d7b17cb3;[];jadwal sidang kapan bro?
1413;62;1-10;1210633.0;text;;[];False;False;56267ae07fe895e3;[];ywd
1414;62;1-10;1210635.0;text;;[];False;False;56267ae07fe895e3;[];setuju
1415;62;11-50;1210635.0;text;;[];False;False;8e570023d7b17cb3;[];gw kangen temen temen sma
1416;62;1-10;1210640.0;text;;[];False;False;56267ae07fe895e3;[];sm
1417;62;1-10;1210651.0;text;;['🤙'];False;False;8e570023d7b17cb3;[];udah
1418;62;1-10;1211148.0;text;;[];False;False;f34b4da3396ed875;[];SETUJU
1419;62;11-50;1211270.0;text;;[];False;False;f34b4da3396ed875;[];REUNI KAPAN YA KITA
1420;62;11-50;1212368.0;text;;[];True;False;c2e5c88d96797514;[];kapan terakhir kali ketemu?
1421;62;11-50;1213139.0;text/plain;;[];False;False;81464d76f767e7fa;[];[text/plain]
1422;62;11-50;1213151.0;text;;[];False;False;81464d76f767e7fa;[];angkott ke sana masih adaaaa ga
1423;62;51-100;1213169.0;text;;[];False;False;81464d76f767e7fa;[];wifiiii kosannnn gw lemot banget jadiiii gw ke perpus ajaaaa buattt ngerjainnnn tugasss
1424;62;1-10;1213499.0;text;;[];False;True;3f71e8a3ce395cd8;[];goks!
1425;62;11-50;1213539.0;text;;[];True;False;3f71e8a3ce395cd8;[];jadwall sidang kapan bro?
1426;62;51-100;1214005.0;image/jpeg;;[];True;False;433804765ee30cd7;[];[Foto]
1427;62;11-50;1214077.0;text;;[];True;False;df7b6465ed31d9b8;[];koss lu dimanaaaa sihhh tepatnya?
1428;62;11-50;1214081.0;text;;[];False;False;df7b6465ed31d9b8;[];temeninnnn gw donggg besokkk
1429;62;1-10;1214083.0;text;;[];False;False;df7b6465ed31d9b8;[];donggg
1430;62;1-10;1214103.0;text;;[];False;False;433804765ee30cd7;[];setuju
1431;62;11-50;1214199.0;text;;[];False;False;705d035e355e3612;[];gw berantem sama si anu
1432;62;11-50;1214217.0;text;;[];False;False;705d035e355e3612;[];gw ga percaya sih gosipnya
1433;62;11-50;1214228.0;text;;[];False;False;705d035e355e3612;[];reuni kapan ya... kita
1434;62;11-50;1214251.0;text;;[];False;False;81464d76f767e7fa;[];gw kangennn temennnn temen smaaaa
1435;62;11-50;1214254.0;text;;[];True;True;433804765ee30cd7;[];jadwal sidangg kapan bro?
1436;62;1-10;1214268.0;text;;[];False;False;705d035e355e3612;[];setuju
1437;62;1-10;1214295.0;text;;[];False;False;433804765ee30cd7;[];ywd
1438;63;101-500;1228183.0;text;;[];False;False;56267ae07fe895e3;[];tadi siang gw makan di warung makan baru deket gerbang belakang kampus. nasi gorengnya lumayan... enak dan harganya... murah bgt cuma 12 ribu udah sm es teh. kayaknya... bakal jadi... langganan baru deh soalnya warteg biasa gw udah mulai naik harga dan porsinya makin dikit... aja
1439;63;11-50;1228584.0;text;;[];True;False;69f4a3133d7f6cc0;[];tadi ngomong apa sih dosennya?
1440;63;101-500;1229326.0;text;;[];True;False;40cedde96f0e835d;[];gw lg bimbang nih antara mau ikut organisasi kampus atau fokus ke akademik aaj. menurut kalian gmn sih, worth it ga sih ikut organisasi? soalnay gw denger banyak yg bilang bs nambah soft skill tp di sisi lain waktu buat belajar jadi berkurang kan, gmn pengalaman kalain?
1441;63;51-100;1229574.0;text;;[];False;False;f34b4da3396ed875;[];SEMALAM HUJAN GEDE BANGET SAMPE KOSAN GW MATI LAMPU SEMALEMAN GILA
1442;63;11-50;1229582.0;text;;[];False;False;f34b4da3396ed875;[];ALBUM BARU DIA ENAK BANGET
1443;63;11-50;1229583.0;text;;[];False;False;f34b4da3396ed875;[];BADMINTON YUK SORE INI
1444;63;11-50;1229760.0;text;;[];False;False;da13a64d4b2b6060;[];FUTSAL BESOK JADI GA
1445;63;11-50;1229843.0;text;;[];False;False;c360651de2472e7e;[];game baru udah download blm
1446;63;11-50;1229850.0;text;;[];False;False;f34b4da3396ed875;[];GYM HARI INI SKIP DEH
1447;63;11-50;1229864.0;text;;[];False;False;f34b4da3396ed875;[];PODCAST YG LU REKOMEN MANA
1448;63;11-50;1229959.0;text;;[];False;False;8e570023d7b17cb3;[];gw lg baca novel baru nih
1449;63;51-100;1230049.0;text;;[];False;False;f34b4da3396ed875;[];DOSEN KILLER ITU TERNYATA BAIK BANGET ORANGNYA KALO DIAJAK NGOBROL SANTAI
1450;63;1-10;1230067.0;text;;[];False;False;8e570023d7b17cb3;[];njir
1451;63;11-50;1230079.0;text;;[];False;False;f34b4da3396ed875;[];GW ABIS LARI PAGI TADI
1452;63;11-50;1230087.0;text;;[];False;False;f34b4da3396ed875;[];ALBUM BARU DIA ENAK BANGET
1453;63;1-10;1230088.0;text;;[];False;False;f34b4da3396ed875;[];FYI
1454;63;11-50;1230239.0;text;;[];False;False;f34b4da3396ed875;[];GW LAGI BACA NOVEL BARU NIH
1455;63;11-50;1230353.0;text;;[];False;False;62dc140892728001;[];gw abis lari pagiiii tadi
1456;63;11-50;1230357.0;text;;[];False;False;62dc140892728001;[];gw lagii baca novel baruu nihh
1457;63;11-50;1230359.0;text;;[];False;False;62dc140892728001;[];podcast yg lu rekomennn mana
1458;63;51-100;1230371.0;text;;[];False;False;62dc140892728001;[];gw baru dapet info beasiswaa buat semester depan mauu coba daftar dehh
1459;63;11-50;1230375.0;text;;[];True;False;c90620f18eff7459;[];booking duluan apa langsung aja?
1460;63;1-10;1230380.0;text;;['😂'];False;False;c90620f18eff7459;[];btw
1461;63;11-50;1230381.0;text;;[];False;False;62dc140892728001;[];pertandingan bola tadi malamm gila
1462;63;1-10;1230383.0;text;;[];False;False;62dc140892728001;[];sansss
1463;63;1-10;1230390.0;text;;[];False;False;c90620f18eff7459;[];hoki
1464;63;51-100;1230394.0;text;;[];False;False;62dc140892728001;[];gw baruuu dapet info beasiswaa buat semester depan mau coba daftarrrr deh
1465;63;11-50;1230398.0;text;;[];False;False;62dc140892728001;[];konser itu mahal bangettt tiketnya
1466;63;11-50;1230416.0;text;;[];False;False;62dc140892728001;[];futsal besokk jadi ga
1467;63;11-50;1230467.0;text;;[];False;False;c2e5c88d96797514;[];album baru dia enak bgt
1468;63;11-50;1230475.0;text;;[];True;False;c2e5c88d96797514;[];msh bangun ga lu jam segini?
1469;63;1-10;1230480.0;text;;[];False;False;c2e5c88d96797514;[];bete
1470;63;1-10;1230483.0;text;;[];True;False;c2e5c88d96797514;[];jd?
1471;63;11-50;1230525.0;text;;[];False;False;8e570023d7b17cb3;[];gw abis lari pagi tadi
1472;63;11-50;1230532.0;text;;[];True;False;c90620f18eff7459;[];tadi ngomong apa sih dosennya?
1473;63;1-10;1230534.0;text;;[];False;False;c90620f18eff7459;[];njir
1474;63;1-10;1230538.0;text;;[];False;False;fc8ac884e0d90e22;[];btw
1475;63;11-50;1230543.0;text;;[];False;False;c90620f18eff7459;[];game baru udah download belum
1476;63;1-10;1230548.0;text;;[];False;False;8e570023d7b17cb3;[];oot
1477;63;1-10;1230548.0;text;;[];False;False;8e570023d7b17cb3;[];hoki
1478;63;11-50;1230556.0;text;;[];False;False;fc8ac884e0d90e22;[];konser itu mahal banget tiketnya...
1479;63;11-50;1230557.0;text;;[];False;False;fc8ac884e0d90e22;[];series itu endingnya zonk... bgt
1480;63;1-10;1230559.0;text;;[];False;False;fc8ac884e0d90e22;[];kuy
1481;63;11-50;1230566.0;text;;[];True;False;c2e5c88d96797514;[];msh bangun ga lu jam... segini?
1482;63;1-10;1230611.0;text;;[];False;False;8e570023d7b17cb3;[];dih
1483;63;1-10;1230620.0;text;;[];True;False;8e570023d7b17cb3;[];gmana?
1484;63;11-50;1230646.0;text;;[];False;False;2fe7cebe4d78453f;[];Series itu endingnya zonk bgt.
1485;63;11-50;1230654.0;text;;[];False;False;c2e5c88d96797514;[];podcast yg lu rekomen mana...
1486;63;11-50;1230659.0;text;;[];False;False;40cedde96f0e835d;[];serise tu enidngnya zonk bgt
1487;63;1-10;1230661.0;text;;[];False;False;c2e5c88d96797514;[];dih
1488;63;11-50;1230664.0;text;;['😞'];False;False;df7b6465ed31d9b8;[];badmintonn yuk soreee ini
1489;63;1-10;1230666.0;text;;[];False;False;c2e5c88d96797514;[];kuy
1490;63;11-50;1230688.0;text;;[];False;False;fc8ac884e0d90e22;[];gw lagi baca novel baru nih
1491;63;51-100;1230715.0;text;;[];False;False;8bb895b1d4763b5d;[];gw baru dapet info beasiswa buat semester depan mau coba daftar deh!!
1492;63;1-10;1230728.0;text;;[];False;False;8e570023d7b17cb3;[];ih
1493;63;11-50;1230732.0;text;;[];False;False;8bb895b1d4763b5d;[];gw abis lari pagi tadi!!!
1494;63;11-50;1230758.0;text;;[];True;False;df7b6465ed31d9b8;[];bookinggg duluan apa langsung aja?
1495;63;51-100;1230761.0;text;;[];False;False;8bb895b1d4763b5d;[];gw gagal diet lagi soalnya tadi sore diajak makan bakso sama temen!!!
1496;63;11-50;1230769.0;text;;[];False;False;f34b4da3396ed875;[];FUTSAL BESOK JADI GA
1497;63;11-50;1230777.0;text;;[];True;False;f34b4da3396ed875;[];TADI NGOMONG APA SIH DOSENNYA?
1498;63;11-50;1230862.0;text;;[];False;False;8e570023d7b17cb3;[];game baru udah download blm
1499;63;11-50;1230866.0;text;;[];False;False;8e570023d7b17cb3;[];game baru udah download blm
1500;63;11-50;1230867.0;text;;[];False;False;8e570023d7b17cb3;[];gw abis lari pagi tadi
1501;63;11-50;1230868.0;text;;[];False;False;8e570023d7b17cb3;[];gw abis lari pagi tadi
1502;63;1-10;1230889.0;text;1493.0;[];True;False;8e570023d7b17cb3;[];jd?
1503;63;11-50;1231174.0;text;;[];False;False;3f71e8a3ce395cd8;[];badmintonn yuk sore ini
1504;63;51-100;1231200.0;text;;[];False;False;3f71e8a3ce395cd8;[];gw gagallll diett lagiiii soalnyaaaa tadiiii soree diajak makan bakso samaaa temen
1505;63;11-50;1231214.0;text;;[];False;False;3f71e8a3ce395cd8;[];gamee baruuuu udahhhh downloadd belum
1506;63;1-10;1231311.0;text;;[];False;False;8bb895b1d4763b5d;[];ih!!
1507;63;1-10;1231316.0;text;;[];False;False;8bb895b1d4763b5d;[];ih!!!
1508;63;1-10;1231321.0;text;1493.0;[];False;False;8bb895b1d4763b5d;[];jir!!!
1509;63;1-10;1231326.0;text;;[];False;False;8bb895b1d4763b5d;[];dih!!
1510;63;11-50;1231342.0;text;;[];True;False;8e570023d7b17cb3;[];booking duluan apa langsung aja?
1511;63;11-50;1231357.0;text;;[];False;False;8bb895b1d4763b5d;[];series itu endingnya zonk bgt!!
1512;63;51-100;1231368.0;text;;[];False;False;8bb895b1d4763b5d;[];semalam hujan gede banget sampe kosan gw mati lampu semaleman gila!!
1513;63;51-100;1231403.0;text;;[];False;False;8bb895b1d4763b5d;[];gw baru dapet info beasiswa buat semester depan mau coba daftar deh!!!
1514;63;1-10;1231458.0;text;1513.0;[];False;False;8e570023d7b17cb3;[];dih
1515;63;11-50;1232214.0;text;;[];True;False;b2f5237f1cf14c2b;[];tadi ngomong apa sih dosennya?
1516;63;11-50;1232674.0;text;;[];False;False;3f71e8a3ce395cd8;[];gw lagiiii bacaaa novel baruu nih
1517;63;11-50;1233041.0;text;;[];True;False;df7b6465ed31d9b8;[];masih bangun ga lu jam segini?
1518;63;1-10;1233667.0;text;;[];False;False;c99de8235cc6c95e;[];ZONK
1519;63;11-50;1233676.0;text;;[];True;False;c99de8235cc6c95e;[];ADA SINYAL GA DISITU?
1520;63;1-10;1233694.0;text;;[];False;False;3f71e8a3ce395cd8;[];bete
1521;63;1-10;1233700.0;text;;[];False;False;3f71e8a3ce395cd8;[];sanssss
1522;63;11-50;1233725.0;text;;[];False;False;3f71e8a3ce395cd8;[];badminton yukkk soreee ini
1523;63;11-50;1233906.0;text;;[];False;False;62dc140892728001;[];manga terbaru udahhhh keluar loh
1524;63;11-50;1233913.0;text;;[];False;False;62dc140892728001;[];konserrrr ituu mahal banget tiketnya
1525;63;51-100;1234014.0;text;;[];True;False;4b0f44e1c7aa02a6;[];kira kira kaloooo gw apply magang sekaranggg masih keburuuu ga ya?
1526;63;1-10;1234016.0;text;;['🤣'];False;False;bf385e27e89976f8;[];kuy
1527;63;11-50;1234016.0;text;;[];False;False;bf385e27e89976f8;[];podcast yg lu rekomen mana
1528;63;11-50;1234032.0;text;;[];True;False;bf385e27e89976f8;[];masih bangun ga lu jam segini?
1529;63;0;1234068.0;audio;;[];False;False;62dc140892728001;[];[Voice Note]
1530;63;11-50;1234117.0;text;;[];False;False;4b0f44e1c7aa02a6;[];pertandingan bolaaa tadiii malammm gila
1531;63;1-10;1234140.0;text;;[];False;False;bf385e27e89976f8;[];njir
1532;63;1-10;1234144.0;text;;['🤣'];False;False;bf385e27e89976f8;[];jir
1533;63;11-50;1234145.0;text;;[];False;False;bf385e27e89976f8;[];futsal besok jadi ga
1534;63;1-10;1234147.0;text;;[];False;False;bf385e27e89976f8;[];hoki
1535;63;1-10;1234149.0;text;;[];False;False;bf385e27e89976f8;[];btw
1536;63;11-50;1234165.0;text;;[];False;False;bf385e27e89976f8;[];pertandingan bola tadi malam gila
1537;63;101-500;1234236.0;text;;[];True;False;4b0f44e1c7aa02a6;[];eh ada yanggg punyaaa rekomendasiii laptop budget 5 jutaannnn yang bagussss buatttt kuliah dannn ngoding ga? laptoppp gw yang sekarang udah mulaiiii lemott dann sering ngehang kalo buka banyak tab. pengennya sih yanggg ringannn buat dibawa ke kampus tapi tetep kenceng performanya, adaaaa saran?
1538;63;11-50;1234264.0;text;;[];False;False;3f71e8a3ce395cd8;[];badmintonnnn yukk sore iniiii
1539;63;51-100;1234279.0;text;;[];False;False;3f71e8a3ce395cd8;[];gw gagal dietttt lagi soalnya tadi sore diajakkkk makan bakso samaaaa temennn
1540;63;11-50;1234280.0;text;;[];True;False;4b0f44e1c7aa02a6;[];masih bangun ga lu jammm segini?
1541;63;11-50;1234285.0;text;;[];False;False;3f71e8a3ce395cd8;[];albummmm baru diaa enak banget
1542;63;1-10;1234286.0;text;;[];False;False;3f71e8a3ce395cd8;[];beteee
1543;63;11-50;1234308.0;text;;[];False;False;3f71e8a3ce395cd8;[];seriesss itu endingnyaaaa zonkkk bgt
1544;63;51-100;1234335.0;text;;[];False;False;3f71e8a3ce395cd8;[];dosen killer itu ternyata baik banget orangnya kalo diajak ngobrolll santai
1545;63;11-50;1234350.0;text;;[];False;False;4b0f44e1c7aa02a6;[];manga terbaru udah keluarr lohhhh
1546;63;11-50;1234461.0;text;;[];True;False;df7b6465ed31d9b8;[];masih bangun ga lu jam segini?
1547;63;11-50;1234581.0;text;;['🙄'];True;False;b2f5237f1cf14c2b;[];ada sinyal ga disitu?...
1548;63;11-50;1234612.0;text;;[];False;False;c99de8235cc6c95e;[];GAME BARU UDAH DOWNLOAD BELUM
1549;63;11-50;1234621.0;text;;[];False;False;c99de8235cc6c95e;[];GAME BARU UDAH DOWNLOAD BELUM
1550;63;1-10;1234623.0;text;;[];False;False;c99de8235cc6c95e;[];KUY
1551;63;11-50;1234632.0;text;;[];False;False;c99de8235cc6c95e;[];BADMINTON YUK SORE INI
1552;63;11-50;1234647.0;text;;[];False;False;df7b6465ed31d9b8;[];gw abis larii pagi tadi
1553;63;11-50;1234649.0;text;;[];False;False;df7b6465ed31d9b8;[];konser itu mahal bangetttt tiketnyaa
1554;63;11-50;1234663.0;text;;[];False;False;df7b6465ed31d9b8;[];pertandingan bolaaa tadii malammmm gilaaaa
1555;63;1-10;1234770.0;text;;[];False;False;c99de8235cc6c95e;[];KUY
1556;63;1-10;1234771.0;text;;[];False;False;3f71e8a3ce395cd8;[];njir
1557;63;1-10;1234842.0;text;;['👍'];False;False;df7b6465ed31d9b8;[];hoki
1558;63;51-100;1234842.0;text;;[];True;False;df7b6465ed31d9b8;[];kiraaa kira kalo gw applyyy magang sekarang masih keburu ga ya?
1559;63;101-500;1235018.0;text;;[];False;False;3f71e8a3ce395cd8;[];tadi siang gw makann di warungg makannn baru deketttt gerbang belakang kampus. nasi gorengnyaaa lumayan enakk dan harganya murahhh bangetttt cuma 12 ribu udah sama es teh. kayaknya bakalll jadiii langganan baru deh soalnyaaaa warteg biasa gw udah mulai naik harga dann porsinyaaa makin dikit ajaaa
1560;63;11-50;1235026.0;text;;[];False;False;3f71e8a3ce395cd8;[];gym hariii ini skip deh
1561;63;11-50;1235035.0;text;;[];False;False;3f71e8a3ce395cd8;[];podcasttt yg lu rekomenn manaaaa
1562;63;11-50;1235043.0;text;;[];False;False;3f71e8a3ce395cd8;[];podcast yg lu rekomennnn mana
1563;63;11-50;1235063.0;text;;[];False;False;df7b6465ed31d9b8;[];game baru udah download belummmm
1564;64;11-50;1236900.0;image/jpeg;;[];True;False;300cc08fb4b0f200;[];[Foto]
1565;64;1-10;1236985.0;text;;[];False;False;c90620f18eff7459;[];gassss
1566;64;1-10;1237074.0;text;;[];False;False;300cc08fb4b0f200;[];seep!!
1567;64;11-50;1237101.0;image/jpeg;;[];True;False;300cc08fb4b0f200;[];[Foto]
1568;64;51-100;1237219.0;text;;[];False;False;b32618882dfaefb3;[];gw lagi dengerin podcast tentang psikologi, lumayan buat nambah wawasan
1569;64;51-100;1237551.0;text;;[];False;False;300cc08fb4b0f200;[];gw lagi dengerin podcast tentang psikologi, lumayan buat nambah wawasan!!
1570;65;11-50;1240343.0;text;;[];True;False;df7b6465ed31d9b8;[];ituu tempatnya jauh ga?
1571;65;1-10;1240545.0;text;;[];False;False;d18d73e4ad31d59a;[];pasti
1572;65;0;1240589.0;image/jpeg;;[];False;False;369908ddf01dd3eb;[];[Foto]
1573;65;11-50;1240597.0;text;;[];True;False;369908ddf01dd3eb;[];itu tempatnya jauh ga?
1574;65;11-50;1240627.0;text;;[];False;False;c360651de2472e7e;[];duit bulanan blm dikirim
1575;65;11-50;1240637.0;text;;[];False;False;c360651de2472e7e;[];duit bulanan blm dikirim
1576;65;1-10;1240650.0;text;;[];False;False;31261c9f8cb0e6bb;[];mager
1577;65;11-50;1240653.0;image/jpeg;;[];False;False;369908ddf01dd3eb;[];[Foto]
1578;65;11-50;1240662.0;text;;[];True;False;df7b6465ed31d9b8;[];siapaaa ajaaaa yg dateng?
1579;65;1-10;1240664.0;text;;[];True;False;369908ddf01dd3eb;[];napa?
1580;65;11-50;1240696.0;text;;[];False;False;df7b6465ed31d9b8;[];keluarga ngumpul lebaran nanti
1581;65;1-10;1240718.0;text;1578.0;[];False;False;c360651de2472e7e;[];yess
1582;65;1-10;1240786.0;text;1580.0;[];True;False;369908ddf01dd3eb;[];terus?
1583;65;11-50;1240808.0;text;;[];False;False;df7b6465ed31d9b8;[];film baru di bioskopp bagus ga
1584;65;11-50;1240809.0;text;;[];False;False;df7b6465ed31d9b8;[];bokap gw lagi di luar kota
1585;65;0;1240914.0;image/jpeg;;[];False;False;369908ddf01dd3eb;[];[Foto]
1586;65;1-10;1240919.0;text;;[];True;False;369908ddf01dd3eb;[];napa?
1587;65;1-10;1240984.0;text;;[];False;False;c360651de2472e7e;[];yess
1588;65;11-50;1240993.0;text;;[];False;False;df7b6465ed31d9b8;[];gw baru ajaa ketemu mantann
1589;65;1-10;1240994.0;text;;[];False;False;f34b4da3396ed875;[];GOKS
1590;65;51-100;1241003.0;text;;[];False;False;c360651de2472e7e;[];tadi pagi gw olahraga lari keliling kampus 5 putaran badan pegel smua
1591;65;11-50;1241010.0;text;;[];False;False;f34b4da3396ed875;[];KELUARGA NGUMPUL LEBARAN NANTI
1592;65;11-50;1241012.0;text;;[];False;False;c360651de2472e7e;[];gw lg marathon drakor nih
1593;65;11-50;1241013.0;text;;[];False;False;df7b6465ed31d9b8;[];film baru di bioskop bagussss ga
1594;65;11-50;1241016.0;text;;[];False;False;df7b6465ed31d9b8;[];duit bulanannnn belum dikirim
1595;65;11-50;1241227.0;text;;[];False;False;369908ddf01dd3eb;[];Kakak gw baru aja nikah.
1596;65;11-50;1241275.0;text;;[];False;False;df7b6465ed31d9b8;[];bokappp gw lagi di luarrrr kota
1597;65;11-50;1241278.0;text;;[];False;False;df7b6465ed31d9b8;[];adekk gw masuk smaaaa tahunn inii
1598;65;1-10;1241316.0;image/jpeg;;[];True;False;c360651de2472e7e;[];[Foto]
1599;65;11-50;1241326.0;text;;[];False;False;c360651de2472e7e;[];keluarga ngumpul lebaran ntr
1600;65;1-10;1241357.0;text;;[];False;False;df7b6465ed31d9b8;[];gilaa
1601;65;11-50;1241367.0;text;;[];False;False;df7b6465ed31d9b8;[];kakak gw baru ajaaa nikah
1602;65;1-10;1241434.0;text;;[];False;False;369908ddf01dd3eb;[];Yess.
1603;65;0;1241434.0;image/jpeg;;[];False;False;369908ddf01dd3eb;[];[Foto]
1604;65;1-10;1241469.0;text;;[];False;False;d18d73e4ad31d59a;[];gila
1605;65;11-50;1241498.0;text;;[];False;False;df7b6465ed31d9b8;[];playlist lo yanggg mana sihhh
1606;65;11-50;1241504.0;text;;[];True;False;df7b6465ed31d9b8;[];siapaaa aja yg dateng?
1607;65;1-10;1241573.0;text;;[];False;False;369908ddf01dd3eb;[];Pasti.
1608;65;11-50;1241596.0;text;;[];False;False;df7b6465ed31d9b8;[];gw lagi marathonnn drakor nih
1609;65;11-50;1243314.0;text;;[];True;False;8bb895b1d4763b5d;[];itu tempatnya jauh ga!!!
1610;65;11-50;1243413.0;text;;[];False;False;df7b6465ed31d9b8;[];duit bulanan belum dikirim
1611;65;1-10;1243416.0;text;;[];False;False;df7b6465ed31d9b8;[];yesss
1612;65;51-100;1243592.0;text;;[];False;False;8bb895b1d4763b5d;[];gw lagi belajar masak sendiri biar ga jajan terus lumayan hemat soalnya!!!
1613;65;1-10;1243671.0;text;;['🤷\u200d♂'];False;False;df7b6465ed31d9b8;[];ginii
1614;65;0;1243695.0;image/jpeg;;[];False;False;369908ddf01dd3eb;[];[Foto]
1615;65;1-10;1243700.0;text;;[];True;False;369908ddf01dd3eb;[];napa?
1616;65;11-50;1243821.0;text;;[];False;False;df7b6465ed31d9b8;[];mama minta gw pulang weekendd
1617;65;1-10;1243844.0;text;;[];False;False;369908ddf01dd3eb;[];Pasti.
1618;66;0;1245333.0;image/jpeg;;[];False;False;3f71e8a3ce395cd8;[];[Foto]
1619;66;51-100;1245352.0;text;;[];True;False;3f71e8a3ce395cd8;[];eh lu udahhh dapet info jadwal ujian akhirrr semester belum dari prodi?
1620;66;11-50;1245408.0;text;;[];False;False;3f71e8a3ce395cd8;[];perpus tutup jam berapaaaa ya
1621;66;11-50;1245411.0;text;;[];False;False;3f71e8a3ce395cd8;[];matkul iniii susah banget
1622;66;0;1245420.0;audio;;[];False;False;c99de8235cc6c95e;[];[Voice Note]
1623;66;0;1245439.0;audio;;[];False;False;c99de8235cc6c95e;[];[Voice Note]
1624;66;11-50;1245470.0;text;;[];False;False;3f71e8a3ce395cd8;[];presentasiii gw amburadul
1625;66;11-50;1245475.0;text;;[];False;False;3f71e8a3ce395cd8;[];gw lg ngerjain tugasss nih
1626;66;51-100;1245490.0;text;;[];False;False;3f71e8a3ce395cd8;[];gw baruuu aja selesai ngerjain tugas sampe jamm 3 pagi, mau mati rasanyaaaa
1627;66;51-100;1247474.0;text;;[];True;False;300cc08fb4b0f200;[];eh lu udah dapet info jadwal ujian akhir semester belum dari prodi!!
1628;66;1-10;1247525.0;text;;[];True;False;df7b6465ed31d9b8;[];apa?
1629;66;1-10;1247688.0;text;;[];False;False;300cc08fb4b0f200;[];otw!!
1630;66;1-10;1249380.0;text;;[];False;False;c99de8235cc6c95e;[];OTW
1631;66;11-50;1249391.0;text;;[];False;False;c99de8235cc6c95e;[];GW BELOM MULAI TUGAS
1632;66;11-50;1249399.0;text;;[];False;False;c99de8235cc6c95e;[];GW BELOM MULAI TUGAS
1633;66;11-50;1249408.0;text;;[];False;False;300cc08fb4b0f200;[];IPK gw turun semester ini!!!
1634;67;11-50;1252412.0;text;;[];True;False;300cc08fb4b0f200;[];mau nitip apa ga!!
1635;67;1-10;1252428.0;text;;[];False;False;f34b4da3396ed875;[];IYAA
1636;67;11-50;1252442.0;text;;[];True;False;300cc08fb4b0f200;[];bisa jemput gw ga!!!
1637;67;1-10;1252813.0;text;;[];False;False;2c6435e87f0252f4;[];Okk.
1638;67;11-50;1252855.0;text;;[];True;False;189148ac44a52f1e;[];GW HARUS BAWA APA AJA?
1639;67;11-50;1252873.0;text;;[];False;False;c90620f18eff7459;[];gw mau tidur dulu ya
1640;67;11-50;1252876.0;text;;[];False;False;c90620f18eff7459;[];capek banget hari ini asli
1641;67;11-50;1252920.0;text;1636.0;[];True;False;b2f5237f1cf14c2b;[];bisa jemput gw ga?
1642;67;11-50;1253045.0;text;;[];False;False;300cc08fb4b0f200;[];charger hp gw rusak lagi!!
1643;67;11-50;1253280.0;text;;[];True;False;300cc08fb4b0f200;[];bisa jemput gw ga!!!
1644;67;11-50;1253317.0;text;;[];False;False;b2f5237f1cf14c2b;[];dompet gw ketinggalan... di... rumah
1645;67;11-50;1253327.0;text;;[];False;False;300cc08fb4b0f200;[];gw lagi di atm sebentar!!
1646;67;1-10;1253952.0;text;;[];False;False;d4ce4fd95a7dd05f;[];EH
1647;67;11-50;1253967.0;text;;[];True;False;168a45c58b4d621f;[];lu punyaaaa kontak dia ga?
1648;67;51-100;1253972.0;text;;[];False;False;d4ce4fd95a7dd05f;[];TADI GW ANTRI DI ADMINISTRASI KAMPUS 2 JAM CUMA BUAT NGURUS SURAT
1649;67;11-50;1253985.0;text;;[];False;False;d4ce4fd95a7dd05f;[];BENTAR YA GW LG DI JALAN
1650;67;11-50;1253994.0;text;;[];False;False;d4ce4fd95a7dd05f;[];GW LAGI DI ATM SEBENTAR
1651;67;1-10;1254014.0;text;;[];False;False;168a45c58b4d621f;[];yoiii
1652;67;11-50;1254031.0;text;;[];True;False;168a45c58b4d621f;[];besok libur bukan sih?
1653;67;11-50;1254044.0;text;;['😂'];True;False;168a45c58b4d621f;[];besok libur bukan sih?
1654;67;11-50;1254163.0;text;;[];False;False;433804765ee30cd7;[];hujannn deress ga bawaaa payung
1655;67;1-10;1254478.0;text;;[];False;False;168a45c58b4d621f;[];gassss
1656;67;11-50;1254488.0;text;;[];False;False;168a45c58b4d621f;[];bentar ya gw lg di jalan
1657;67;11-50;1255183.0;text;;[];True;False;433804765ee30cd7;[];mauuuu nitipp apa ga?
1658;67;11-50;1255211.0;application/pdf;;[];False;False;149ef585f752b412;[];[Dokumen PDF]
1659;67;1-10;1255220.0;text;;[];False;False;433804765ee30cd7;[];siapp
1660;67;11-50;1255703.0;text;;[];False;False;f34b4da3396ed875;[];WIFI KAMPUS LEMOT PARAH
1661;67;51-100;1256909.0;text;;[];True;False;b2f5237f1cf14c2b;[];gimana sih caranya bikin proposal penelitian yang bagus menurut dosen?
1662;67;1-10;1256976.0;text;;[];False;False;c99de8235cc6c95e;[];SIAPP
1663;67;1-10;1256978.0;text;;[];False;False;c99de8235cc6c95e;[];YOII
1664;67;11-50;1256979.0;text;;[];False;False;c99de8235cc6c95e;[];INTERNET MATI LAGI DI KOSAN
1665;67;11-50;1256986.0;text;;[];False;False;c99de8235cc6c95e;[];GW LAGI DI ATM SEBENTAR
1666;67;11-50;1257032.0;text;;[];False;False;c99de8235cc6c95e;[];CHARGER HP GW RUSAK LAGI
1667;67;11-50;1257077.0;text;;[];False;False;c99de8235cc6c95e;[];INTERNET MATI LAGI DI KOSAN
1668;67;1-10;1257304.0;text;;[];False;False;b2f5237f1cf14c2b;[];seep
1669;67;11-50;1257324.0;text;1638.0;[];False;False;8e570023d7b17cb3;[];charger hp gw rusak lg
1670;67;11-50;1257350.0;text;;[];False;False;c90620f18eff7459;[];gw lagi di atm sebentar
1671;67;11-50;1257402.0;text;;[];False;False;df7b6465ed31d9b8;[];hp gw lowbat nih
1672;67;0;1258048.0;sticker/webp;;[];False;False;d18d73e4ad31d59a;[];[Stiker]
1673;67;11-50;1258085.0;text;;['😂'];False;False;c90620f18eff7459;[];capek banget hari ini asli
1674;67;1-10;1258103.0;text;;[];False;False;c99de8235cc6c95e;[];YESS
1675;67;1-10;1260472.0;text;;[];False;False;a21178041169e6d8;[];oh!!!
1676;67;1-10;1260508.0;text;;[];False;False;8e570023d7b17cb3;[];eh
1677;67;1-10;1260511.0;text;;[];False;False;8e570023d7b17cb3;[];iyaa
1678;67;11-50;1260651.0;image/jpeg;;[];True;False;b2f5237f1cf14c2b;[];[Foto]
1679;67;11-50;1260659.0;text;;[];True;False;b2f5237f1cf14c2b;[];bisa jemput gw ga?
1680;67;1-10;1260789.0;text;;[];False;False;c360651de2472e7e;[];eh
1681;68;1-10;1263834.0;text;;[];False;False;a21178041169e6d8;[];asli!!!
1682;68;11-50;1263851.0;text;;[];False;False;a21178041169e6d8;[];mie ayam pak kumis juara sih!!!
1683;68;101-500;1265753.0;text;;[];True;False;d4ce4fd95a7dd05f;[];MENURUT KALIAN KENAPA YA GENERASI KITA TUH KAYAKNYA LEBIH GAMPANG STRES DAN BURNOUT DIBANDING GENERASI ORANG TUA KITA DULU? APA KARENA TEKANAN SOSMED ATAU EMANG TUNTUTAN HIDUP YANG MAKIN TINGGI YA? GW PENASARAN AJA SIH SOALNYA TEMEN TEMEN GW BANYAK YANG NGELUH HAL YANG SAMA
1684;68;11-50;1265762.0;text;;[];True;False;d4ce4fd95a7dd05f;[];BOLEH GW IKUT GA?
1685;69;11-50;1285580.0;text;;[];False;False;168a45c58b4d621f;[];mama mintaaa gw pulang weekend
1686;69;11-50;1285587.0;text;;['😂', '😅'];False;False;168a45c58b4d621f;[];duit bulanan belum dikirim
1687;70;11-50;1296289.0;text;;[];True;False;369908ddf01dd3eb;[];makan apa ntar siang?
1688;70;51-100;1296348.0;text;;[];False;False;347df56c569a79fd;[];gw lg nyoba masak rendang resep nyokap tp kayaknya gagal total deh
1689;70;11-50;1296452.0;text;;[];False;False;c90620f18eff7459;[];gw ngga bisa ikut malem ini
1690;70;1-10;1296513.0;text;;[];True;False;c1b9604cd4e292f5;[];mau?
1691;70;11-50;1296522.0;text;;[];False;False;d4ce4fd95a7dd05f;[];GW NGGA BISA IKUT MALEM INI
1692;70;101-500;1296532.0;text;;[];False;False;da13a64d4b2b6060;[];GW BARU AJA BERES BERESIN KOSAN DAN NEMU BARANG BARANG LAMA DARI JAMAN SMA. ADA FOTO KELAS, SURAT DARI MANTAN, SAMA BUKU DIARY YANG ISINYA CRINGE BANGET KALO DIBACA SEKARANG. JADI NOSTALGIA SENDIRI INGET MASA MASA DULU YANG LEBIH SEDERHANA. KADANG KANGEN JUGA SIH JADI ANAK SMA LAGI TANPA MIKIRIN SKRIPSI
1693;70;1-10;1296541.0;text;;['🤔'];False;False;d4ce4fd95a7dd05f;[];KOK
1694;70;1-10;1296581.0;text;;[];False;False;df7b6465ed31d9b8;[];deh
1695;70;1-10;1296587.0;text;;[];False;False;df7b6465ed31d9b8;[];oohhhh
1696;70;1-10;1296853.0;text;;[];False;False;168a45c58b4d621f;[];woiiii
1697;70;11-50;1296858.0;text;;[];True;False;168a45c58b4d621f;[];nilai keluar kapan ya?
1698;70;11-50;1296891.0;text;;[];False;False;da13a64d4b2b6060;[];MACET PARAH DI JALAN TOL
1699;70;101-500;1296994.0;text;;[];False;False;da13a64d4b2b6060;[];GW BARU AJA BERES BERESIN KOSAN DAN NEMU BARANG BARANG LAMA DARI JAMAN SMA. ADA FOTO KELAS, SURAT DARI MANTAN, SAMA BUKU DIARY YANG ISINYA CRINGE BANGET KALO DIBACA SEKARANG. JADI NOSTALGIA SENDIRI INGET MASA MASA DULU YANG LEBIH SEDERHANA. KADANG KANGEN JUGA SIH JADI ANAK SMA LAGI TANPA MIKIRIN SKRIPSI
1700;70;1-10;1297029.0;text;1699.0;[];False;False;62dc140892728001;[];deh
1701;70;11-50;1297054.0;text;;[];False;False;62dc140892728001;[];gw naik ojol aja dehh
1702;70;11-50;1297091.0;text;;[];True;False;168a45c58b4d621f;[];nilaiii keluar kapannn ya?
1703;70;11-50;1297189.0;application/pdf;;[];False;False;62dc140892728001;[];[Dokumen PDF]
1704;70;11-50;1297191.0;text;;[];False;False;62dc140892728001;[];jangann lupaaa bawa duit cashhh
1705;70;1-10;1297626.0;text;1704.0;[];False;False;168a45c58b4d621f;[];ahh
1706;70;11-50;1297638.0;text;;[];True;False;168a45c58b4d621f;[];makannn apa ntar siang?
1707;70;51-100;1297833.0;text;;[];True;False;7491c2501c76b852;[];gmn caranya bira bs foksu belajar tanpa main hp terus ya?
1708;70;1-10;1298022.0;text;;[];False;False;62dc140892728001;[];ooh
1709;70;1-10;1298024.0;text;1706.0;[];False;False;62dc140892728001;[];oii
1710;70;1-10;1298033.0;text;;[];False;False;62dc140892728001;[];kokkk
1711;70;1-10;1298038.0;text;;[];False;False;62dc140892728001;[];wahhh
1712;70;1-10;1298038.0;text;;[];True;False;d4ce4fd95a7dd05f;[];UDAH?
1713;70;11-50;1298038.0;text;;[];False;False;62dc140892728001;[];macett parahhhh di jalan tollll
1714;70;1-10;1298050.0;text;;[];False;False;62dc140892728001;[];yaaaaa
1715;70;1-10;1298055.0;text;;[];False;False;df7b6465ed31d9b8;[];dehhh
1716;70;11-50;1298067.0;text;;[];False;False;62dc140892728001;[];bskkk sore ada waktu ga
1717;70;11-50;1298081.0;text;;[];False;False;62dc140892728001;[];gw nggaa bisa ikutt malem ini
1718;70;51-100;1298096.0;text;;['🤣'];False;False;62dc140892728001;[];kemarin malemmm gw begadang nontonn bolaaa sampe subuhh terus ketiduran
1719;70;51-100;1298125.0;text;;[];False;False;62dc140892728001;[];gw haruss nabung lebih banyak sih buat bayar uanggg semester yangggg naik
1720;70;1-10;1298145.0;text;;[];False;False;8e570023d7b17cb3;[];deh
1721;70;1-10;1298149.0;text;;[];False;False;8e570023d7b17cb3;[];ahh
1722;70;11-50;1298149.0;text;;[];True;False;d4ce4fd95a7dd05f;[];ADA YG MAU BARENG?
1723;70;11-50;1298153.0;text;;[];False;False;62dc140892728001;[];bskkk sore adaaa waktuuuu ga
1724;70;101-500;1298164.0;text;;[];False;False;8e570023d7b17cb3;[];gw baru aja beres beresin kosan dan nemu barang barang lama dr jaman sma. ad foto kelas, surat dr mantan, sm buku diary yg isinya cringe bgt kalo dibaca skrg. jadi nostalgia sendiri inget masa masa dulu yg lebih sederhana. kadang kangen jg sih jadi anak sma lg tanpa mikirin skripsi
1725;70;1-10;1298177.0;text;1723.0;[];False;False;298e3b3220745447;[];hoo
1726;70;1-10;1298206.0;text;;[];False;False;62dc140892728001;[];emm
1727;70;11-50;1298208.0;text;;[];False;False;62dc140892728001;[];gw ngga bisaaaa ikutttt malemmm inii
1728;70;11-50;1298208.0;text;;[];False;False;62dc140892728001;[];gw naikkk ojol ajaa deh
1729;70;11-50;1298215.0;text;;[];False;False;62dc140892728001;[];macet parah di jalann tol
1730;70;11-50;1298220.0;text;;[];False;False;62dc140892728001;[];gw nyari parkir duluuu bentar
1731;70;11-50;1298237.0;text;;['😂'];False;False;298e3b3220745447;[];macet parah di jalan tol...
1732;70;1-10;1298253.0;text;;['👌🏼'];False;False;d4ce4fd95a7dd05f;[];KOK
1733;70;11-50;1298253.0;text;;[];False;False;62dc140892728001;[];gw nyariii parkir dulu bentar
1734;70;11-50;1298261.0;text;;[];False;False;62dc140892728001;[];lu dimanaaa sih lamaa banget
1735;70;11-50;1298270.0;text;;[];False;False;62dc140892728001;[];gw nyari parkirr dulu bentar
1736;70;1-10;1298309.0;text;;[];False;False;d4ce4fd95a7dd05f;[];YAA
1737;70;1-10;1298322.0;text;;[];False;False;ffa43f0e1c086842;[];wah
1738;70;11-50;1298386.0;text;;[];False;False;62dc140892728001;[];gw lagi di warkopppp nih
1739;70;11-50;1298563.0;text;;[];False;False;168a45c58b4d621f;[];gw lagii di warkop nih
1740;70;51-100;1298701.0;text;;[];False;False;62dc140892728001;[];gw lagi nyoba masak rendang resepppp nyokap tapi kayaknyaaaa gagallll total dehh
1741;70;11-50;1298707.0;text;;[];False;False;62dc140892728001;[];gw ngga bisaaaa ikut malem iniii
1742;70;51-100;1298733.0;text;;[];False;False;62dc140892728001;[];gw harus nabung lebihhh banyakkkk sih buat bayar uangggg semesterrrr yangggg naik
1743;70;11-50;1298741.0;text;;[];False;False;62dc140892728001;[];gw ngga bisaaaa ikut malem ini
1744;70;11-50;1298747.0;text;;[];False;False;62dc140892728001;[];ketemuan di mall jam 3 ya
1745;70;11-50;1298762.0;text;;[];False;False;62dc140892728001;[];lu dimana sih lamaaaa banget
1746;70;1-10;1298772.0;text;;[];False;False;168a45c58b4d621f;[];deh
1747;70;1-10;1298777.0;text;;[];False;False;a21178041169e6d8;[];hoo!!!
1748;70;11-50;1298779.0;text;;[];False;False;168a45c58b4d621f;[];gw nyariiii parkir dulu bentar
1749;70;11-50;1298780.0;text;;[];True;False;a21178041169e6d8;[];ada yg mau bareng!!!
1750;70;11-50;1298786.0;text;;[];False;False;62dc140892728001;[];jangann lupaaa bawaaa duittt cashhh
1751;70;1-10;1298797.0;text;;[];False;False;62dc140892728001;[];kan
1752;70;51-100;1298807.0;text;;[];False;False;62dc140892728001;[];motor gw mogokkk di tengahh jalan tadiiii pagiii jadi gw telat masuk kelas
1753;70;0;1298818.0;sticker/webp;;[];False;False;a21178041169e6d8;[];[Stiker]
1754;70;1-10;1298845.0;text;;[];True;False;168a45c58b4d621f;[];jadi?
1755;70;11-50;1298855.0;text;;[];False;False;168a45c58b4d621f;[];gw ngga bisa ikutt malem ini
1756;70;11-50;1300773.0;text;;[];False;False;df7b6465ed31d9b8;[];kita ketemuan dimana ajaaaa deh
1757;70;11-50;1301168.0;text;;[];True;False;12c546f6873885e8;[];wifi password nya apa sih?
1758;70;11-50;1301255.0;text;;[];False;False;0090c4d5dacf6725;[];gw ngga bisa ikut malem ini
1759;70;1-10;1301377.0;text;;[];False;False;62dc140892728001;[];kannnn
1760;70;11-50;1301386.0;text;;[];False;False;62dc140892728001;[];ketemuan di mall jam 3 ya
1761;70;1-10;1301417.0;text;;[];False;False;8e570023d7b17cb3;[];wah
1762;70;0;1301419.0;image/jpeg;;[];False;False;189148ac44a52f1e;[];[Foto]
1763;70;0;1301421.0;image/jpeg;;[];False;False;189148ac44a52f1e;[];[Foto]
1764;70;1-10;1301424.0;text;;[];True;False;8e570023d7b17cb3;[];jadi?
1765;70;1-10;1301426.0;text;;[];False;False;ffa43f0e1c086842;[];oii
1766;70;0;1301430.0;image/jpeg;;[];False;False;4b0f44e1c7aa02a6;[];[Foto]
1767;70;0;1301430.0;image/jpeg;;[];False;False;4b0f44e1c7aa02a6;[];[Foto]
1768;70;0;1301433.0;image/jpeg;;[];False;False;4b0f44e1c7aa02a6;[];[Foto]
1769;70;1-10;1301451.0;text;;[];False;False;62dc140892728001;[];ooh
1770;70;11-50;1301458.0;text;;[];False;False;62dc140892728001;[];gw lagi di warkop nih
1771;70;1-10;1301461.0;text;;[];False;False;ffa43f0e1c086842;[];ahh
1772;70;1-10;1301466.0;text;;[];False;False;ffa43f0e1c086842;[];kok
1773;70;11-50;1301477.0;text;;[];True;False;4b0f44e1c7aa02a6;[];wifiii password nyaaa apa sih?
1774;70;0;1301504.0;image/jpeg;;[];False;False;189148ac44a52f1e;[];[Foto]
1775;70;11-50;1301522.0;text;;[];False;False;189148ac44a52f1e;[];GW UDAH DI PARKIRAN NIH
1776;70;11-50;1301591.0;text;;[];False;False;62dc140892728001;[];gw naik ojoll aja deh
1777;70;11-50;1301691.0;application/pdf;;[];False;False;62dc140892728001;[];[Dokumen PDF]
1778;70;11-50;1301704.0;text;;[];False;False;62dc140892728001;[];gw udah di parkirannn nihhhh
1779;70;11-50;1301704.0;text;;[];False;False;62dc140892728001;[];jangan lupaa bawaaa duit cash
1780;70;11-50;1301711.0;text;;[];False;False;62dc140892728001;[];gw lagi di warkop nih
1781;70;1-10;1301748.0;text;;['🔥'];False;False;168a45c58b4d621f;[];mah
1782;70;11-50;1301750.0;text;;[];True;False;8e570023d7b17cb3;[];ad yg mau bareng?
1783;70;1-10;1301762.0;text;;[];False;False;189148ac44a52f1e;[];OOH
1784;70;11-50;1301775.0;text;;[];False;False;189148ac44a52f1e;[];BSK SORE ADA WAKTU GA
1785;70;11-50;1301777.0;text;;[];False;False;189148ac44a52f1e;[];KITA KETEMUAN DIMANA AJA DEH
1786;70;11-50;1302077.0;text;;[];True;False;4b0f44e1c7aa02a6;[];makan apaaaa ntarrrr siang?
1787;70;11-50;1302118.0;text;;[];True;False;4b0f44e1c7aa02a6;[];makannn apa ntar siang?
1788;70;1-10;1302222.0;text;;[];False;False;62dc140892728001;[];yaa
1789;70;1-10;1302235.0;text;;[];False;False;62dc140892728001;[];wahh
1790;70;51-100;1302236.0;text;;[];False;False;62dc140892728001;[];gw lagiii nyobaa masak rendang resep nyokapp tapi kayaknya gagal total dehhh
1791;70;11-50;1302248.0;text;;[];False;False;62dc140892728001;[];ketemuan di malllll jamm 3 ya
1792;70;51-100;1302339.0;text;;[];False;False;d4ce4fd95a7dd05f;[];TEMEN SEKAMAR GW PINDAH KOSAN JADI SEKARANG GW SENDIRIAN DI KAMAR
1793;70;1-10;1302402.0;application/octet-stream;;[];False;False;168a45c58b4d621f;[];[application/octet-stream]
1794;70;1-10;1302413.0;application/octet-stream;;[];False;False;168a45c58b4d621f;[];[application/octet-stream]
1795;70;1-10;1302420.0;application/octet-stream;;[];False;False;168a45c58b4d621f;[];[application/octet-stream]
1796;70;1-10;1302424.0;application/octet-stream;;[];False;False;168a45c58b4d621f;[];[application/octet-stream]
1797;70;1-10;1302428.0;application/octet-stream;;[];False;False;168a45c58b4d621f;[];[application/octet-stream]
1798;70;1-10;1302431.0;application/octet-stream;;[];False;False;168a45c58b4d621f;[];[application/octet-stream]
1799;70;1-10;1302432.0;application/octet-stream;;[];False;False;168a45c58b4d621f;[];[application/octet-stream]
1800;70;1-10;1302437.0;application/octet-stream;;[];False;False;168a45c58b4d621f;[];[application/octet-stream]
1801;70;1-10;1302445.0;application/octet-stream;;[];False;False;168a45c58b4d621f;[];[application/octet-stream]
1802;70;1-10;1302451.0;application/octet-stream;;[];False;False;168a45c58b4d621f;[];[application/octet-stream]
1803;70;1-10;1302454.0;application/octet-stream;;[];False;False;168a45c58b4d621f;[];[application/octet-stream]
1804;70;1-10;1302456.0;application/octet-stream;;[];False;False;168a45c58b4d621f;[];[application/octet-stream]
1805;70;1-10;1302463.0;application/octet-stream;;[];False;False;168a45c58b4d621f;[];[application/octet-stream]
1806;70;1-10;1302467.0;application/octet-stream;;[];False;False;168a45c58b4d621f;[];[application/octet-stream]
1807;70;1-10;1302468.0;application/octet-stream;;[];False;False;168a45c58b4d621f;[];[application/octet-stream]
1808;70;1-10;1302478.0;application/octet-stream;;[];False;False;168a45c58b4d621f;[];[application/octet-stream]
1809;70;1-10;1302583.0;text;;[];False;False;56267ae07fe895e3;[];yaa
1810;70;1-10;1302617.0;application/octet-stream;;[];False;False;168a45c58b4d621f;[];[application/octet-stream]
1811;70;1-10;1302621.0;application/octet-stream;;[];False;False;168a45c58b4d621f;[];[application/octet-stream]
1812;70;1-10;1302630.0;application/octet-stream;;[];False;False;168a45c58b4d621f;[];[application/octet-stream]
1813;70;1-10;1302636.0;application/octet-stream;;[];False;False;168a45c58b4d621f;[];[application/octet-stream]
1814;70;1-10;1302639.0;application/octet-stream;;[];False;False;168a45c58b4d621f;[];[application/octet-stream]
1815;70;1-10;1302641.0;application/octet-stream;;[];False;False;168a45c58b4d621f;[];[application/octet-stream]
1816;70;11-50;1302645.0;application/octet-stream;;[];False;False;168a45c58b4d621f;[];[application/octet-stream]
1817;70;1-10;1302653.0;application/octet-stream;;[];False;False;168a45c58b4d621f;[];[application/octet-stream]
1818;70;11-50;1302654.0;application/octet-stream;;[];False;False;168a45c58b4d621f;[];[application/octet-stream]
1819;70;1-10;1302660.0;application/octet-stream;;[];False;False;168a45c58b4d621f;[];[application/octet-stream]
1820;70;1-10;1302665.0;application/octet-stream;;[];False;False;168a45c58b4d621f;[];[application/octet-stream]
1821;70;11-50;1302666.0;text;;[];True;False;d4ce4fd95a7dd05f;[];WIFI PASSWORD NYA APA SIH?
1822;70;1-10;1302666.0;application/octet-stream;;[];False;False;168a45c58b4d621f;[];[application/octet-stream]
1823;70;1-10;1302674.0;application/octet-stream;;[];False;False;168a45c58b4d621f;[];[application/octet-stream]
1824;70;11-50;1302675.0;application/octet-stream;;[];False;False;168a45c58b4d621f;[];[application/octet-stream]
1825;70;1-10;1302681.0;application/octet-stream;;[];False;False;168a45c58b4d621f;[];[application/octet-stream]
1826;70;1-10;1302685.0;application/octet-stream;;[];False;False;168a45c58b4d621f;[];[application/octet-stream]
1827;70;11-50;1302693.0;text;;[];False;False;168a45c58b4d621f;[];gw nyarii parkir dulu bentarrr
1828;70;1-10;1302699.0;text;;[];False;False;168a45c58b4d621f;[];kan
1829;70;11-50;1302712.0;text;;[];False;False;168a45c58b4d621f;[];jangan lupa bawa duitt cash
1830;70;1-10;1302715.0;text;;[];False;False;168a45c58b4d621f;[];ahh
1831;70;1-10;1302823.0;text;;[];False;False;8e570023d7b17cb3;[];kok
1832;70;11-50;1302824.0;text;;[];False;False;8e570023d7b17cb3;[];kita ketemuan dmn aja deh
1833;70;11-50;1302942.0;application/x-rar-compressed;;[];False;False;f91b57651edd3173;[];[application/x-rar-compressed]
1834;70;1-10;1302944.0;text;;[];False;False;f91b57651edd3173;[];ooh
1835;70;1-10;1303155.0;text;;[];False;False;d18d73e4ad31d59a;[];mah
1836;70;1-10;1303474.0;text;1833.0;[];False;False;4b0f44e1c7aa02a6;[];mahhhh
1837;70;51-100;1303511.0;text;;[];False;False;8e570023d7b17cb3;[];gw lg nyoba masak rendang resep nyokap tp kayaknya gagal total deh
1838;71;11-50;1316203.0;text;;[];True;False;300cc08fb4b0f200;[];masih buka ga warungnya!!!
1839;71;11-50;1316278.0;text;;[];False;False;189148ac44a52f1e;[];DOMPET GW KETINGGALAN DI RUMAH
1840;71;1-10;1316286.0;text;;[];False;False;189148ac44a52f1e;[];YOII
1841;71;0;1317493.0;image/jpeg;;[];False;False;56267ae07fe895e3;[];[Foto]
1842;71;0;1317500.0;image/jpeg;;[];False;False;56267ae07fe895e3;[];[Foto]
1843;71;11-50;1317515.0;text;;[];False;False;56267ae07fe895e3;[];hp gw lowbat nih
1844;71;11-50;1317573.0;text;;[];True;False;f34b4da3396ed875;[];MAU NITIP APA GA?
1845;71;11-50;1317612.0;text;;[];False;False;f34b4da3396ed875;[];GW MAU TIDUR DULU YA
1846;71;1-10;1317639.0;text;1845.0;[];False;False;4b0f44e1c7aa02a6;[];oh
1847;71;11-50;1317670.0;text;1846.0;[];False;False;f34b4da3396ed875;[];CAPEK BANGET HARI INI ASLI
1848;71;101-500;1317715.0;text;;[];False;False;56267ae07fe895e3;[];gw lg belajar... coding otodidak dr youtube buat... nambah skill.... mulai dr html css dulu baru pelan pelan ke javascript. lumayan susah sih awalnya tp... lama lama mulai paham jg.... siapa tau... ntr... bs bikin portfolio... sendiri dan dapet kerjaan freelance buat nambah uang... jajan selama kuliah
1849;71;11-50;1317722.0;text;;[];False;False;56267ae07fe895e3;[];gw mau tidur... dulu ya
1850;71;11-50;1317735.0;text;;[];False;False;3f71e8a3ce395cd8;[];gw baruu ganti nomor btw
1851;71;1-10;1317740.0;text;;[];False;False;3f71e8a3ce395cd8;[];gassss
1852;71;1-10;1317741.0;text;;[];False;False;3f71e8a3ce395cd8;[];okey
1853;71;11-50;1317748.0;text;;[];False;False;3f71e8a3ce395cd8;[];gw mau tidur duluu ya
1854;71;101-500;1317753.0;text;;[];False;False;56267ae07fe895e3;[];rencana liburan semester ni gw mau... road trip sm temen temen ke jogja. kita udah... patungan buat sewa mobil dan booking penginapan murah di daerah malioboro. itinerary nya udah gw bikin detail... dr hari pertama sampe hari ketiga. tinggal... eksekusi aja nih semoga cuaca mendukung dan ga ad halangan
1855;71;1-10;1317756.0;text;1850.0;[];False;False;56267ae07fe895e3;[];seep
1856;71;11-50;1317774.0;text;;[];False;False;56267ae07fe895e3;[];dompet gw ketinggalan di rumah
1857;71;1-10;1317776.0;text;;[];False;False;56267ae07fe895e3;[];okey
1858;71;11-50;1317778.0;text;;[];False;False;56267ae07fe895e3;[];bentar ya gw... lg di jalan...
1859;71;11-50;1317789.0;text;;[];False;False;3f71e8a3ce395cd8;[];gw lg sibuk bgt mingguuu ini
1860;71;11-50;1317812.0;text;;[];False;False;3f71e8a3ce395cd8;[];cuaca hari ini panas banget
1861;71;11-50;1317816.0;text;;[];False;False;56267ae07fe895e3;[];cuaca hari ni panas bgt
1862;71;1-10;1317824.0;text;;['🤣'];False;False;56267ae07fe895e3;[];hem
1863;71;0;1317835.0;image/jpeg;;[];False;False;56267ae07fe895e3;[];[Foto]
1864;71;11-50;1317848.0;text;1850.0;[];False;False;3f71e8a3ce395cd8;[];bentarrr ya gw lg di jalan
1865;71;11-50;1317861.0;text;;[];False;False;3f71e8a3ce395cd8;[];hujannnn deres ga bawa payung
1866;71;1-10;1317883.0;text;;[];False;False;56267ae07fe895e3;[];yess
1867;71;51-100;1317889.0;text;;[];False;False;3f71e8a3ce395cd8;[];duit jajan gw abissss padahal baru tanggal 15 haruss ngiritt banget nihhh
1868;71;11-50;1317912.0;text;;[];True;False;56267ae07fe895e3;[];lu pny kontak dia ga?
1869;71;11-50;1317926.0;text;;[];False;False;56267ae07fe895e3;[];bentar ya gw lg di jalan
1870;71;101-500;1317943.0;text;;[];False;False;3f71e8a3ce395cd8;[];minggu laluuuu gw akhirnya beraniin dirii buat ngomonggg sama dosen pembimbinggg soal progress skripsiii yang mandek. ternyataa beliau pengertian banget dannnn kasih banyakk masukann yang berguna. gw nyesel ga ngomong dari awalll soalnyaaaa selamaaa ini gw cuma takut ditolak atau dimarahin padahal dosennya baikkkk banget
1871;71;51-100;1317967.0;text;;[];False;False;3f71e8a3ce395cd8;[];laptop gw mulai lemottt nih kayaknyaa harus install ulangg atauuuu gantiii ram
1872;71;11-50;1317987.0;text;;[];False;False;3f71e8a3ce395cd8;[];gw mau tidur dulu ya
1873;71;1-10;1317987.0;text;;[];False;False;3f71e8a3ce395cd8;[];yesssss
1874;71;11-50;1318023.0;text;;[];False;False;3f71e8a3ce395cd8;[];baruuu bangun nihh masih ngantuk
1875;71;101-500;1318025.0;text;;[];False;False;3f71e8a3ce395cd8;[];rencanaaa liburann semesterr ini gw mau road tripp samaa temen temennnn ke jogja. kita udahh patungan buat sewaa mobil dan booking penginapannnn murah di daerah malioboro. itinerary nyaaa udah gw bikin detail dari hariiii pertama sampeee hari ketiga. tinggal eksekusiii aja nih semogaaa cuaca mendukung dan ga adaa halangan
1876;71;0;1318043.0;image/jpeg;;[];False;False;56267ae07fe895e3;[];[Foto]
1877;71;11-50;1318053.0;text;;[];False;False;56267ae07fe895e3;[];internet mati lg di kosan...
1878;71;51-100;1318056.0;text;;[];True;False;d4ce4fd95a7dd05f;[];GIMANA SIH CARANYA BIKIN PROPOSAL PENELITIAN YANG BAGUS MENURUT DOSEN?
1879;71;11-50;1318059.0;text;;[];False;False;56267ae07fe895e3;[];cuaca hari ni... panas bgt
1880;71;51-100;1318079.0;text;;[];False;False;d4ce4fd95a7dd05f;[];TADI GW ANTRI DI ADMINISTRASI KAMPUS 2 JAM CUMA BUAT NGURUS SURAT
1881;71;11-50;1318079.0;text;;[];False;False;56267ae07fe895e3;[];ntar gw kabarin lg deh
1882;71;11-50;1318086.0;text;;[];False;False;3f71e8a3ce395cd8;[];bentar ya gw lg di jalan
1883;71;1-10;1318094.0;text;;[];False;False;3f71e8a3ce395cd8;[];okk
1884;71;11-50;1318096.0;text;;[];False;False;3f71e8a3ce395cd8;[];dompetttt gw ketinggalan di rumah
1885;71;11-50;1318149.0;text;;[];False;False;56267ae07fe895e3;[];hp gw lowbat nih
1886;71;11-50;1318151.0;text;;[];False;False;3f71e8a3ce395cd8;[];charger hp gw rusak lagiii
1887;71;11-50;1318160.0;text;;[];False;False;3f71e8a3ce395cd8;[];baru bangun nih masih ngantukkkk
1888;71;51-100;1318173.0;text;;[];False;False;3f71e8a3ce395cd8;[];tadi gw antri di administrasiii kampusss 2 jam cuma buat ngurus surat
1889;71;11-50;1318183.0;text;;[];False;False;56267ae07fe895e3;[];dompet gw ketinggalan... di... rumah
1890;71;1-10;1318189.0;text;;[];False;False;56267ae07fe895e3;[];hem
1891;71;11-50;1318190.0;text;;[];False;False;56267ae07fe895e3;[];internet mati lg di kosan
1892;71;11-50;1318206.0;text;;[];False;False;56267ae07fe895e3;[];lu tim mana dukungnya
1893;71;51-100;1318263.0;text;;[];False;False;56267ae07fe895e3;[];gw lg dengerin... podcast tentang psikologi, lumayan buat nambah... wawasan
1894;71;0;1318275.0;image/jpeg;;[];False;False;56267ae07fe895e3;[];[Foto]
1895;71;11-50;1318275.0;text;;[];True;False;56267ae07fe895e3;['3f71e8a3ce395cd8'];mau nitip apa ga?
1896;71;51-100;1318330.0;text;;[];False;False;3f71e8a3ce395cd8;[];laptop gw mulaiii lemott nihhhh kayaknya harus install ulang atau gantiiii ram
1897;71;11-50;1318336.0;text;;[];False;False;3f71e8a3ce395cd8;[];lu tim mana dukungnya
1898;71;11-50;1318348.0;text;;[];True;False;3f71e8a3ce395cd8;[];besok libur bukannnn sih?
1899;71;0;1318718.0;image/jpeg;;[];False;False;56267ae07fe895e3;[];[Foto]
1900;71;1-10;1318730.0;text;;[];False;False;d18d73e4ad31d59a;[];ah
1901;71;51-100;1318844.0;text;;[];False;False;3f71e8a3ce395cd8;[];gw seneng banget akhirnya bisa ketemuu temen temennnn lamaaa setelahhh lama ga
1902;71;11-50;1318888.0;text;;[];False;False;3f71e8a3ce395cd8;[];charger hp gw rusakkk lagi
1903;71;11-50;1318923.0;text;1899.0;[];False;False;3f71e8a3ce395cd8;[];ntar gw kabarin lagii deh
1904;71;0;1319227.0;image/jpeg;;[];False;False;3f71e8a3ce395cd8;[];[Foto]
1905;71;11-50;1319490.0;text;;[];False;False;d4ce4fd95a7dd05f;[];GW LG SIBUK BGT MINGGU INI
1906;71;1-10;1319497.0;text;;['🙂'];False;False;d4ce4fd95a7dd05f;[];HEM
1907;71;51-100;1319605.0;text;;[];False;False;3f71e8a3ce395cd8;[];laptop gw mulaiiii lemot nih kayaknyaaaa harus installl ulang atauuuu ganti ram
1908;71;11-50;1319617.0;text;;[];False;False;3f71e8a3ce395cd8;[];cuaca hari iniii panas banget
1909;71;11-50;1319643.0;text;;[];False;False;3f71e8a3ce395cd8;[];hujan deress ga bawa payung
1910;71;11-50;1319662.0;text;;[];False;False;3f71e8a3ce395cd8;[];cuacaa hariii ini panas bangetttt
1911;71;11-50;1319667.0;text;;['😅'];False;False;3f71e8a3ce395cd8;[];dompet gw ketinggalan di rumahh
1912;71;1-10;1320104.0;text;;[];False;False;d4ce4fd95a7dd05f;[];YESS
1913;71;11-50;1320133.0;text;;['😅'];False;False;d4ce4fd95a7dd05f;[];BENTAR YA GW LG DI JALAN
1914;71;51-100;1320225.0;text;;[];False;False;3f71e8a3ce395cd8;[];tadiiii gw antri di administrasiii kampuss 2 jammm cumaaa buatttt ngurus surat
1915;71;51-100;1320247.0;text;;[];False;False;3f71e8a3ce395cd8;[];laptopppp gw mulai lemot nihhhh kayaknya harussss install ulangggg atauu gantiiii ram
1916;71;11-50;1320284.0;text;;[];False;False;3f71e8a3ce395cd8;[];ntar gw kabarinn lagi deh
1917;71;51-100;1320309.0;text;;[];False;False;3f71e8a3ce395cd8;[];laptop gw mulai lemott nihh kayaknya harussss installl ulang atau ganti ram
1918;71;11-50;1320329.0;text;;[];False;False;3f71e8a3ce395cd8;[];hp gw lowbat nih
1919;71;11-50;1320344.0;text;;[];False;False;3f71e8a3ce395cd8;[];hujan deres ga bawa payung
1920;71;11-50;1320355.0;text;;[];False;False;3f71e8a3ce395cd8;[];baru bangun nihhhh masih ngantuk
1921;71;11-50;1320388.0;image/jpeg;;[];False;False;3f71e8a3ce395cd8;[];[Foto]
1922;71;1-10;1320524.0;text;;[];False;False;56267ae07fe895e3;[];yoii
1923;71;11-50;1320528.0;text;;[];False;False;56267ae07fe895e3;[];capek bgt hari ni asli
1924;71;11-50;1320617.0;text;;['🌚'];False;False;d4ce4fd95a7dd05f;[];INTERNET MATI LAGI DI KOSAN
1925;71;0;1321127.0;image/jpeg;;[];False;False;56267ae07fe895e3;[];[Foto]
1926;71;11-50;1321146.0;text;;[];True;False;d4ce4fd95a7dd05f;[];MASIH BUKA GA WARUNGNYA?
1927;71;11-50;1321251.0;text;;[];True;False;369908ddf01dd3eb;[];gw harus bawa apa aja?
1928;71;1-10;1321503.0;text;;[];True;False;56267ae07fe895e3;[];ad?
1929;71;11-50;1321553.0;text;;['🙌🏻', '🙂'];False;False;d4ce4fd95a7dd05f;[];CAPEK BANGET HARI INI ASLI
1930;71;11-50;1321578.0;text;;[];False;False;3f71e8a3ce395cd8;[];gw lg sibuk bgtttt mingguu ini
1931;71;0;1321731.0;unknown;;[];False;False;56267ae07fe895e3;[];[Media tidak dikenal]
1932;71;0;1322272.0;image/jpeg;;[];False;False;3f71e8a3ce395cd8;[];[Foto]
1933;71;11-50;1322276.0;text;;[];False;False;3f71e8a3ce395cd8;[];capekkk bangetttt hari ini asli
1934;71;11-50;1322409.0;text;;[];True;False;56267ae07fe895e3;[];mau nitip apa ga?
1935;71;11-50;1322422.0;text;;[];False;False;56267ae07fe895e3;[];hujan deres ga... bawa payung
1936;71;11-50;1322434.0;text;;[];False;False;3f71e8a3ce395cd8;[];cuaca hari ini panas banget
1937;71;11-50;1322436.0;text;;[];False;False;3f71e8a3ce395cd8;[];cuaca hari ini panas banget
1938;71;0;1322515.0;image/jpeg;;[];False;False;3f71e8a3ce395cd8;[];[Foto]
1939;71;0;1322693.0;unknown;;[];False;False;d4ce4fd95a7dd05f;[];[Media tidak dikenal]
1940;71;11-50;1322762.0;text;;[];False;False;d4ce4fd95a7dd05f;[];GW MAU TIDUR DULU YA
1941;71;1-10;1322764.0;text;;['🌚'];False;False;d4ce4fd95a7dd05f;[];AH
1942;71;11-50;1323225.0;text;;[];False;False;56267ae07fe895e3;['3f71e8a3ce395cd8'];cuaca hari ni panas bgt...
1943;71;0;1323255.0;image/jpeg;;[];False;False;56267ae07fe895e3;[];[Foto]
1944;71;0;1323265.0;image/jpeg;;[];False;False;56267ae07fe895e3;[];[Foto]
1945;71;0;1323281.0;image/jpeg;;[];False;False;56267ae07fe895e3;[];[Foto]
1946;71;11-50;1323283.0;text;;[];True;False;d4ce4fd95a7dd05f;[];MAU NITIP APA GA?
1947;71;51-100;1323303.0;text;;[];False;False;56267ae07fe895e3;[];gw seneng bgt... akhirnya bs... ketemu temen temen lama... setelah lama ga...
1948;71;1-10;1323306.0;text;;['😢'];False;False;56267ae07fe895e3;[];hem
1949;71;11-50;1323397.0;text;;[];True;False;f282fcae2d7ca3b7;[];masih buka ga warungnya?
1950;71;11-50;1323624.0;text;;[];False;False;3f71e8a3ce395cd8;[];charger hp gw rusak lagi
1951;71;11-50;1323660.0;text;;[];True;False;56267ae07fe895e3;[];besok libur bukan sih?
1952;71;11-50;1323673.0;text;;[];False;False;3f71e8a3ce395cd8;[];gw mau tidur duluuu ya
1953;71;11-50;1323725.0;text;;[];True;False;56267ae07fe895e3;[];besok libur bukan sih?
1954;71;11-50;1323731.0;text;;[];False;False;3f71e8a3ce395cd8;[];capek banget hariiii iniiii asli
1955;71;101-500;1323797.0;text;;[];False;False;3f71e8a3ce395cd8;[];minggu lalu gw akhirnya beraniinn diri buat ngomong sama dosennn pembimbing soalll progress skripsi yang mandek. ternyataa beliau pengertian banget dan kasih banyak masukan yangg berguna. gw nyesell ga ngomong dariiii awalll soalnyaaaa selama ini gw cumaaa takut ditolakkkk atauu dimarahin padahallll dosennya baikkkk banget
1956;72;11-50;1326727.0;text;;[];False;False;f34b4da3396ed875;[];PROPOSAL SKRIPSI GW DITOLAK
1957;72;11-50;1326728.0;text;;[];True;False;f34b4da3396ed875;[];ADA YANG PUNYA CATETAN?
1958;72;11-50;1326769.0;text;;[];False;False;2fe7cebe4d78453f;[];Gw mau ambil cuti semester.
1959;72;11-50;1326795.0;text;;[];False;False;62dc140892728001;[];mie ayammmm pak kumis juaraaa sih
1960;72;11-50;1326810.0;text;;[];False;False;f34b4da3396ed875;[];GW BARU AJA DARI KAMPUS
1961;72;1-10;1326811.0;text;;[];False;False;f34b4da3396ed875;[];BET
1962;72;11-50;1326903.0;text;;[];False;False;3f71e8a3ce395cd8;[];dosen pembimbing susahhh ditemui
1963;72;11-50;1326905.0;text;;[];False;False;8e570023d7b17cb3;[];dosen pembimbing susah ditemui
1964;72;11-50;1326920.0;text;;[];False;False;f34b4da3396ed875;[];GW MAU AMBIL CUTI SEMESTER
1965;72;11-50;1326922.0;text;;[];False;False;3f71e8a3ce395cd8;[];dosennn pembimbingggg susahhh ditemui
1966;72;11-50;1326932.0;text;;[];False;False;f34b4da3396ed875;[];DOSEN PEMBIMBING SUSAH DITEMUI
1967;72;11-50;1326933.0;text;;[];False;False;3f71e8a3ce395cd8;[];lu udah makan belum
1968;72;11-50;1326934.0;text;;[];False;False;8e570023d7b17cb3;[];tugas kelompok bikin pusing
1969;72;11-50;1326941.0;text;;[];False;False;f34b4da3396ed875;[];SIDANG MINGGU DEPAN DOAIN YA
1970;72;11-50;1326962.0;text;;[];False;False;8e570023d7b17cb3;[];mie ayam pak kumis juara sih
1971;72;11-50;1326965.0;text;;[];False;False;8e570023d7b17cb3;[];gw mau ambil cuti semester
1972;72;11-50;1326976.0;text;;[];False;False;f34b4da3396ed875;[];PROPOSAL SKRIPSI GW DITOLAK
1973;72;101-500;1326985.0;text;;[];False;False;8e570023d7b17cb3;[];gw lg galau bgt nih soal masa depan. mau lanjut s2 tp duit ga ad, mau langsung kerja tp pengalaman msh minim. nyokap bilang terserah gw aja tp gw tau dia pengen gw cepet kerja biar bs bantu ekonomi keluarga. bingung bgt sih, kyk smua pilihan ad plus minusnya
1974;72;11-50;1326988.0;text;;[];False;False;8e570023d7b17cb3;[];proposal skripsi gw ditolak
1975;72;11-50;1326988.0;text;;[];False;False;f34b4da3396ed875;[];TUGAS KELOMPOK BIKIN PUSING
1976;72;11-50;1327018.0;text;;[];False;False;f34b4da3396ed875;[];GW BARU AJA DARI KAMPUS
1977;72;11-50;1327019.0;text;;[];False;False;f34b4da3396ed875;[];TUGAS KELOMPOK BIKIN PUSING
1978;72;51-100;1327024.0;text;;[];False;False;8e570023d7b17cb3;[];gw udah bikin slides presentasi tp kayaknya msh kurang bagus deh isinya
1979;72;11-50;1327031.0;text;;[];False;False;f34b4da3396ed875;[];GW LAPER BANGET NIH
1980;72;1-10;1328154.0;text;;['🤣'];False;False;62dc140892728001;[];sabi
1981;72;11-50;1329994.0;text;;[];True;False;98cd57f2c991c455;[];ntar malem ngapain?
1982;72;11-50;1330077.0;text;;['🌚'];False;False;8e570023d7b17cb3;[];kelas tambahan hari sabtu sih
1983;72;51-100;1330125.0;text;;[];True;False;98cd57f2c991c455;[];menurut lu gw,,, harus,,, ambil mata,,, kuliah pilihan,,, yang,,, mana semester depan?
1984;72;11-50;1330320.0;text;1983.0;[];False;False;c43120c3e6911c2c;[];gw mau ambil cuti semester
1985;72;1-10;1330355.0;text;;[];False;False;98cd57f2c991c455;[];bole
1986;72;11-50;1330361.0;text;;[];False;False;98cd57f2c991c455;[];dosen pembimbing susah ditemui
1987;72;1-10;1330367.0;text;;['😂'];False;False;c43120c3e6911c2c;[];gaje
1988;72;1-10;1330374.0;text;;['😂'];False;False;98cd57f2c991c455;[];bet
1989;72;11-50;1330652.0;text;;[];False;False;2fe7cebe4d78453f;[];Gw laper banget nih.
1990;73;101-500;1389807.0;text;;[];False;False;56267ae07fe895e3;[];gw pengen curhat... sedikit nih.... akhir akhir ni gw ngerasa burnout bgt... sm rutinitas kuliah... yg... tu tu aja. bangun pagi,... kuliah, tugas, tidur, repeat. kadang gw ngerasa... kyk robot yg cuma jalan... sesuai program... tanpa tau tujuan akhirnya apa. mgkn gw butuh liburan beneran... buat refresh otak...
1991;73;11-50;1389809.0;text;;[];True;False;56267ae07fe895e3;[];tu tempatnya jauh ga?
1992;73;11-50;1389903.0;text;;[];False;True;7d6028d2f5241a56;[];ngakak gw liat video itu!
1993;73;1-10;1390243.0;text;;[];False;False;56267ae07fe895e3;[];nice
1994;73;1-10;1390273.0;text;;[];False;False;56267ae07fe895e3;[];gini
1995;73;11-50;1390278.0;text;;[];False;False;56267ae07fe895e3;[];kakak gw baru aja nikah
1996;73;1-10;1390281.0;text;;[];False;False;56267ae07fe895e3;[];anjay
1997;73;0;1392157.0;image/jpeg;;[];False;False;3f71e8a3ce395cd8;[];[Foto]
1998;74;11-50;1407782.0;text;;[];True;False;d4ce4fd95a7dd05f;[];BOOKING DULUAN APA LANGSUNG AJA?
1999;74;11-50;1407785.0;text;;[];True;False;d4ce4fd95a7dd05f;[];ADA SINYAL GA DISITU?
2000;74;11-50;1407895.0;text;;[];True;False;8e570023d7b17cb3;[];ad sinyal ga disitu?
2001;74;11-50;1407908.0;text;;[];True;False;8e570023d7b17cb3;[];tadi ngomong apa sih dosennya?
2002;74;1-10;1407930.0;text;;[];False;False;d4ce4fd95a7dd05f;[];SANS
2003;74;11-50;1407936.0;text;;[];False;False;d4ce4fd95a7dd05f;[];KONSER ITU MAHAL BANGET TIKETNYA
2004;74;0;1407946.0;video/mp4;;[];False;False;d18d73e4ad31d59a;[];[Video]
2005;74;11-50;1408043.0;text;;[];False;False;3f71e8a3ce395cd8;[];pertandingannnn bolaaaa tadi malam gila
2006;75;11-50;1416710.0;text;;[];False;False;da13a64d4b2b6060;[];EH TADI KELAS SERU BANGET
2007;75;0;1417063.0;unknown;;[];False;False;d18d73e4ad31d59a;[];[Media tidak dikenal]
2008;75;11-50;1417109.0;text;;[];False;False;d18d73e4ad31d59a;[];lab komputer penuh terus
2009;75;11-50;1417131.0;text;;[];False;False;168a45c58b4d621f;[];presentasii gw amburadulll
2010;75;0;1417267.0;sticker/webp;;[];False;False;d18d73e4ad31d59a;[];[Stiker]
2011;76;11-50;1420649.0;text;;[];True;False;82fa96e90d47e37a;[];kenapa ga bales chat gw!!!
2012;76;11-50;1420658.0;text;;[];False;False;300cc08fb4b0f200;[];keluarga ngumpul lebaran nanti!!
2013;76;1-10;1420659.0;text;;[];True;False;300cc08fb4b0f200;[];napa!!!
2014;76;11-50;1420672.0;text;;[];False;False;82fa96e90d47e37a;[];nyokap nanya kapan lulus!!!
2015;76;51-100;1420689.0;text;;[];False;False;82fa96e90d47e37a;[];tadi pagi gw olahraga lari keliling kampus 5 putaran badan pegel semua!!!
2016;76;11-50;1420703.0;text;;[];False;False;82fa96e90d47e37a;[];adek gw masuk SMA tahun ini!!
2017;76;1-10;1420806.0;text;;[];False;False;f34b4da3396ed875;[];GINI
2018;76;1-10;1421107.0;text;;[];False;False;168a45c58b4d621f;[];gituuu
2019;76;1-10;1421526.0;text;;[];False;False;c90620f18eff7459;[];mager
2020;76;1-10;1421633.0;text;;[];False;False;fc8ac884e0d90e22;[];mager
2021;76;1-10;1421641.0;text;;[];False;False;fc8ac884e0d90e22;[];gini
2022;76;1-10;1422164.0;text;;['🤣'];False;False;c90620f18eff7459;[];noted
2023;76;11-50;1422305.0;text;;[];True;False;82fa96e90d47e37a;[];kenapa ga bales chat gw!!!
2024;76;1-10;1424582.0;text;;[];True;False;bf385e27e89976f8;[];terus?
2025;76;1-10;1424582.0;text;;['🤣'];False;False;bf385e27e89976f8;[];yess
2026;76;1-10;1425827.0;text;;[];False;False;fc8ac884e0d90e22;[];noted
2027;76;11-50;1425832.0;text;;[];False;False;fc8ac884e0d90e22;[];adek gw masuk SMA tahun ini
2028;76;11-50;1425841.0;text;;[];False;False;fc8ac884e0d90e22;[];playlist lo yang mana sih
2029;76;11-50;1425851.0;text;;[];False;False;fc8ac884e0d90e22;[];bokap gw lagi di luar kota...
2030;76;51-100;1426295.0;text;;[];False;False;7a6e69d6e283dee8;[];gw lagi belajar masak sendiri biar ga jajan terussss lumayan hemat soalnyaaa
2031;76;11-50;1427021.0;text;;[];False;False;c2e5c88d96797514;[];kakak gw baru aja... nikah...
2032;76;1-10;1427029.0;text;;[];False;False;fc8ac884e0d90e22;[];noted
2033;76;11-50;1427039.0;text;;[];False;False;fc8ac884e0d90e22;[];film baru di... bioskop bagus ga
2034;76;11-50;1427050.0;text;;[];False;False;fc8ac884e0d90e22;[];keluarga ngumpul lebaran nanti
2035;76;11-50;1427053.0;text;;[];False;False;fc8ac884e0d90e22;[];film baru di bioskop... bagus ga
2036;76;1-10;1427056.0;text;;[];False;False;fc8ac884e0d90e22;[];woles
2037;76;11-50;1427305.0;text;;[];False;False;12c546f6873885e8;[];duit bulanan blm dikirim
2038;76;11-50;1427924.0;text;;[];False;False;c2e5c88d96797514;[];keluarga ngumpul lebaran ntr
2039;76;51-100;1430952.0;text;;[];False;False;0090c4d5dacf6725;[];tadi pagi gw olahraga lari keliling kampus 5 putaran badan pegel semua
2040;77;1-10;1435334.0;text;;['🥴'];False;False;fc8ac884e0d90e22;[];emm
2041;77;0;1437082.0;image/jpeg;;[];False;False;c2e5c88d96797514;[];[Foto]
2042;77;1-10;1437098.0;text;;[];False;False;c2e5c88d96797514;[];mah
2043;77;1-10;1437124.0;text;;['😉'];False;False;fc8ac884e0d90e22;[];woi
2044;77;11-50;1437621.0;text;;[];True;False;8e570023d7b17cb3;[];makan apa ntar siang?
2045;77;11-50;1438410.0;text;;[];True;False;b32618882dfaefb3;[];ada yg mau bareng?
2046;77;11-50;1438969.0;text;;[];False;False;d4ce4fd95a7dd05f;[];MACET PARAH DI JALAN TOL
2047;77;1-10;1439256.0;text;;[];True;False;56267ae07fe895e3;[];ikut?
2048;77;1-10;1439261.0;text;;[];False;False;56267ae07fe895e3;[];wah
2049;77;11-50;1439305.0;text;;[];False;False;0090c4d5dacf6725;[];rame banget disini cuy
2050;77;11-50;1439410.0;text;;[];True;False;d18d73e4ad31d59a;[];nilai keluar kapan ya?
2051;77;11-50;1439588.0;text;;[];True;False;b32618882dfaefb3;[];nilai keluar kapan ya?
2052;77;11-50;1440384.0;text;;[];False;False;0090c4d5dacf6725;[];gw nyari parkir dulu bentar
2053;77;11-50;1441166.0;text;;[];False;False;b32618882dfaefb3;[];macet parah di jalan tol
2054;77;51-100;1441461.0;text;;[];True;False;8bb895b1d4763b5d;[];gimana caranya biar bisa fokus belajar tanpa main hp terus ya!!!
2055;77;11-50;1441485.0;text;;[];False;False;347df56c569a79fd;[];jangan lupa bawa duit cash
2056;77;1-10;1441734.0;text;;[];False;False;8bb895b1d4763b5d;[];kok!!!
2057;77;51-100;1442580.0;text;;[];True;False;56267ae07fe895e3;[];gmn caranya biar bs fokus... belajar tanpa main hp terus ya?
2058;78;0;1471269.0;image/jpeg;;[];False;False;c2e5c88d96797514;[];[Foto]
2059;78;1-10;1471818.0;text;;[];False;False;56267ae07fe895e3;[];nah
2060;78;11-50;1472028.0;text;;[];False;False;c2e5c88d96797514;[];proposal skripsi gw ditolak
2061;78;51-100;1472055.0;text;;[];False;False;c2e5c88d96797514;[];jangan lupa besok kumpul di... lobby kampus jam 8 pagi buat berangkat bareng
2062;78;51-100;1472563.0;text;;[];True;False;433804765ee30cd7;[];menurut lu gw harus ambil mata kuliah pilihan yang mana semester depan?
2063;79;11-50;1476547.0;text;;[];False;False;12c546f6873885e8;[];sidang minggu depan doain ya
2064;79;51-100;1476563.0;text;;[];False;False;12c546f6873885e8;[];gw lg mikirin mau ambil magang di perusahaan mana buat semester depan
2065;79;1-10;1476622.0;text;;[];False;False;2fe7cebe4d78453f;[];Nih.
2066;79;11-50;1476839.0;text;;[];False;False;7491c2501c76b852;[];keals tamabhan hari sabtu sih
2067;79;1-10;1476843.0;text;;[];False;False;7491c2501c76b852;[];aman
2068;79;11-50;1476883.0;text;;[];False;False;7491c2501c76b852;[];lu udah makan blm
2069;79;11-50;1476895.0;text;;[];False;False;7491c2501c76b852;[];dosen pmebimbing suash ditemui
2070;79;51-100;1476916.0;text;;[];True;False;7491c2501c76b852;[];menurtu lu gw hrs amibl mata kuliah pilihan yg mana semester depan?
2071;79;51-100;1477042.0;text;;[];True;False;8e570023d7b17cb3;[];menurut lu gw hrs ambil mata kuliah pilihan yg mana semester depan?
2072;79;11-50;1477222.0;text;;[];False;False;bf385e27e89976f8;[];gw baru aja dari kampus
2073;79;11-50;1477242.0;text;;[];True;False;8e570023d7b17cb3;[];boleh gw ikut ga?
2074;79;1-10;1477289.0;text;;[];False;False;bf385e27e89976f8;[];tuh
2075;79;1-10;1477421.0;text;;[];False;False;bf385e27e89976f8;[];sabi
2076;79;11-50;1477425.0;text;;[];False;False;bf385e27e89976f8;[];proposal skripsi gw ditolak
2077;79;1-10;1477430.0;text;;['🤣'];False;False;bf385e27e89976f8;[];gaje
2078;79;11-50;1477525.0;text;;[];False;False;bf385e27e89976f8;[];gw laper banget nih
2079;79;1-10;1477660.0;text;;[];False;False;8e570023d7b17cb3;[];aman
2080;79;11-50;1477668.0;text;;[];False;False;8e570023d7b17cb3;[];warteg depan kampus enak
2081;79;11-50;1477700.0;text;;[];False;False;bf385e27e89976f8;[];lu udah makan belum
2082;79;11-50;1479168.0;text;;[];True;False;189148ac44a52f1e;[];NTAR MALEM NGAPAIN?
2083;79;11-50;1479186.0;text;;[];False;False;bf385e27e89976f8;[];dosen pembimbing susah ditemui
2084;79;11-50;1479304.0;text;;[];False;False;189148ac44a52f1e;[];MIE AYAM PAK KUMIS JUARA SIH
2085;79;11-50;1479337.0;text;;[];False;False;bf385e27e89976f8;[];dosen pembimbing susah ditemui
2086;79;11-50;1479371.0;text;;[];False;False;2c6435e87f0252f4;[];Sidang minggu depan doain ya.
2087;79;51-100;1479405.0;text;;[];False;False;189148ac44a52f1e;[];JANGAN LUPA BESOK KUMPUL DI LOBBY KAMPUS JAM 8 PAGI BUAT BERANGKAT BARENG
2088;79;11-50;1479430.0;text;;[];True;False;4b0f44e1c7aa02a6;[];ntarr malem ngapain?
2089;79;11-50;1479534.0;text;;[];False;False;c2e5c88d96797514;[];proposal skripsi gw ditolak
2090;79;11-50;1479541.0;text;;[];False;False;c2e5c88d96797514;[];sidang minggu depan doain ya
2091;79;101-500;1480476.0;text;;[];False;False;4b0f44e1c7aa02a6;[];gw lagiiii galau banget nih soal masaa depan. mau lanjutt s2 tapi duit ga ada, mau langsung kerja tapi pengalaman masihh minim. nyokap bilang terserah gw aja tapiiii gw tau dia pengen gw cepet kerja biarr bisaaa bantuuu ekonomi keluarga. bingung banget sih, kayak semua pilihan adaaaa plussss minusnya
2092;79;11-50;1480544.0;text;;[];False;False;12c546f6873885e8;[];sidang minggu depan doain ya
2093;79;1-10;1481844.0;text;;['🤣'];False;False;bf385e27e89976f8;[];nah
2094;79;11-50;1481849.0;text;;[];False;False;bf385e27e89976f8;[];kelas tambahan hari sabtu sih
2095;79;51-100;1481868.0;text;;[];False;False;bf385e27e89976f8;[];gw udah bikin slides presentasi tapi kayaknya masih kurang bagus deh isinya
2096;79;51-100;1481963.0;text;;[];False;False;12c546f6873885e8;[];kosan gw bocor lg pas hujan semalam, kasur gw basah smua parah bgt
2097;79;11-50;1482080.0;text;;[];False;False;bf385e27e89976f8;[];gw laper banget nih
2098;79;11-50;1482089.0;text;;[];False;False;bf385e27e89976f8;[];tugas kelompok bikin pusing
2099;79;1-10;1482093.0;text;;[];False;False;bf385e27e89976f8;[];nih
2100;79;1-10;1482101.0;text;;['🤣'];False;False;bf385e27e89976f8;[];bet
2101;79;11-50;1504108.0;text;;[];True;False;d4ce4fd95a7dd05f;[];NTAR MALEM NGAPAIN?
2102;80;11-50;1569184.0;text;;[];True;False;7491c2501c76b852;[];kos lu dmn sih tepatnya?
2103;80;51-100;1570292.0;text;;[];True;False;4b0f44e1c7aa02a6;[];lu pernah coba belajar barenggg di perpus kotaaaa ga, enak ga disana?
2104;80;51-100;1570338.0;text;;[];False;False;4b0f44e1c7aa02a6;[];lu harus coba kedaiii kopi baru di jalan belakang kampus, enak bangett
2105;80;1-10;1570402.0;text;;[];False;False;40cedde96f0e835d;[];wkwkw
2106;80;11-50;1570433.0;text;;[];False;False;7dda85c8043ec659;[];Jangan bilang siapa siapa ya.
2107;80;1-10;1570534.0;text;;[];False;False;62dc140892728001;[];gabut
2108;80;51-100;1570582.0;text;;[];False;False;7491c2501c76b852;[];gw pengen bgt liburan ke pantai tp duti lg tipis bgt skrg
2109;80;11-50;1570592.0;text;;[];True;False;7491c2501c76b852;[];jadwal sidagn kapna bor?
2110;80;11-50;1570634.0;text;;[];False;False;f34b4da3396ed875;[];PACARNYA BARU SIAPA SIH
2111;80;11-50;1570643.0;text;;[];False;False;f34b4da3396ed875;[];JANGAN BILANG SIAPA SIAPA YA
2112;80;11-50;1570671.0;text;;[];True;False;82fa96e90d47e37a;[];kos lu dimana sih tepatnya!!!
2113;80;11-50;1570689.0;text;;[];False;False;df7b6465ed31d9b8;[];jangan bilang siapa siapaa ya
2114;80;11-50;1570703.0;text;;[];True;False;7491c2501c76b852;[];kapna terakhir kali ketemu?
2115;80;11-50;1570706.0;text;;[];False;False;7491c2501c76b852;[];pacarnya baru siapa sih
2116;80;11-50;1570724.0;text;;[];False;False;7491c2501c76b852;[];janagn bliang siapa siapa ya
2117;80;11-50;1570742.0;text;;[];False;False;7491c2501c76b852;[];diem diem ternyaat jadian
2118;80;11-50;1570795.0;text;;[];False;False;f34b4da3396ed875;[];TEMENIN GW DONG BESOK
2119;80;1-10;1570800.0;text;;[];False;False;40cedde96f0e835d;[];sm
2120;80;11-50;1570805.0;text;;[];False;False;f34b4da3396ed875;[];JANGAN BILANG SIAPA SIAPA YA
2121;80;1-10;1570825.0;text;;[];False;False;56267ae07fe895e3;[];males
2122;80;11-50;1570885.0;text;;[];False;False;40cedde96f0e835d;[];diem diem ternyata jadian
2123;80;11-50;1570998.0;text;;[];False;False;f34b4da3396ed875;[];TEMEN GW SAKIT MASUK RS
2124;80;11-50;1571012.0;text;;[];False;False;f34b4da3396ed875;[];GW KANGEN TEMEN TEMEN SMA
2125;80;1-10;1571157.0;text;;[];False;False;8e570023d7b17cb3;[];setuju
2126;80;1-10;1573202.0;text;;['🤣'];False;False;bf385e27e89976f8;[];sama
2127;81;11-50;1574759.0;image/jpeg;;[];True;False;c99de8235cc6c95e;[];[Foto]
2128;81;1-10;1574778.0;text;;[];False;False;56267ae07fe895e3;[];gila
2129;81;11-50;1574780.0;text;;[];False;False;56267ae07fe895e3;[];gw lg marathon drakor nih
2130;81;11-50;1574785.0;text;;[];False;False;56267ae07fe895e3;[];film baru di bioskop bagus ga
2131;81;51-100;1575786.0;text;;[];False;False;3f71e8a3ce395cd8;[];gw lagiii belajar masak sendirii biarrr ga jajannn terusss lumayan hemat soalnyaaaa
2132;81;11-50;1575814.0;text;;[];False;False;c99de8235cc6c95e;[];FILM BARU DI BIOSKOP BAGUS GA
2133;81;1-10;1575827.0;text;;[];False;False;3f71e8a3ce395cd8;[];gitu
2134;81;11-50;1575830.0;text;;[];False;False;c99de8235cc6c95e;[];DUIT BULANAN BELUM DIKIRIM
2135;81;11-50;1575836.0;text;;[];False;False;3f71e8a3ce395cd8;[];keluargaaaa ngumpul lebaran nantii
2136;81;11-50;1575837.0;text;;[];False;False;c99de8235cc6c95e;[];GW BARU AJA KETEMU MANTAN
2137;81;1-10;1575839.0;text;;[];True;False;3f71e8a3ce395cd8;[];dimana?
2138;81;11-50;1575843.0;text;;[];False;False;3f71e8a3ce395cd8;[];gw baru ajaaaa ketemuuu mantan
2139;81;1-10;1575852.0;text;;['🤔'];False;False;c99de8235cc6c95e;[];WOLES
2140;81;11-50;1575854.0;text;;[];False;False;c99de8235cc6c95e;[];ADEK GW MASUK SMA TAHUN INI
2141;81;51-100;1575897.0;text;;[];False;False;3f71e8a3ce395cd8;[];tadi pagi gw olahraga lari kelilingggg kampus 5 putarannnn badannn pegelll semuaaa
2142;81;1-10;1575898.0;text;;[];False;False;c99de8235cc6c95e;[];NOTED
2143;81;11-50;1575917.0;text;;[];False;False;3f71e8a3ce395cd8;[];gw kangenn masakann rumah
2144;81;1-10;1575917.0;text;;[];False;False;3f71e8a3ce395cd8;[];goks
2145;81;11-50;1575921.0;text;;[];False;False;3f71e8a3ce395cd8;[];gw baru ajaaaa ketemu mantan
2146;81;1-10;1575951.0;text;2143.0;[];False;False;c99de8235cc6c95e;[];GILA
2147;81;0;1575964.0;sticker/webp;;[];False;False;c99de8235cc6c95e;[];[Stiker]
2148;81;11-50;1576471.0;text;;[];True;False;3f71e8a3ce395cd8;[];lu lagi ngapain sih?
2149;81;51-100;1576861.0;text;;[];True;False;3f71e8a3ce395cd8;[];siapaaaa sihh yang spreadd gosipp itu ke grupppp sebelah, tauuu ga orangnya?
2150;81;51-100;1576916.0;text;;[];True;False;347df56c569a79fd;[];siapa sih yg spread gosip tu ke grup sebelah, tau ga orangnya?
2151;81;51-100;1576947.0;text;;[];False;False;347df56c569a79fd;[];adek gw mau masuk kuliah tahun depan gw hrs bantu cariin info jurusan
2152;81;11-50;1577115.0;text;;[];False;False;3f71e8a3ce395cd8;[];gw lagii marathonn drakor nih
2153;81;1-10;1577149.0;text;2151.0;[];False;False;347df56c569a79fd;[];noted
2154;81;11-50;1577194.0;text;;[];False;False;3f71e8a3ce395cd8;[];mamaaaa minta gw pulangg weekenddd
2155;81;11-50;1577222.0;text;;[];False;False;3f71e8a3ce395cd8;[];filmm baru di bioskopppp bagusss ga
2156;81;11-50;1577261.0;text;;[];True;False;a21178041169e6d8;[];lu lagi ngapain sih!!
2157;81;11-50;1577301.0;text;;[];False;False;3f71e8a3ce395cd8;[];keluarga ngumpul lebaran nantiiii
2158;81;1-10;1577317.0;text;;[];False;False;a21178041169e6d8;[];anjay!!!
2159;81;11-50;1577330.0;text;;[];False;False;c2e5c88d96797514;[];adek gw masuk... sma... tahun... ni
2160;81;1-10;1577473.0;text;;[];False;False;c99de8235cc6c95e;[];ANJAY
2161;81;0;1577513.0;image/jpeg;;[];False;False;c99de8235cc6c95e;[];[Foto]
2162;81;1-10;1579141.0;text;;['😂'];False;False;3f71e8a3ce395cd8;[];woles
2163;81;51-100;1580044.0;text;;[];True;False;df7b6465ed31d9b8;[];siapa sihhh yang spread gosipppp itu ke gruppp sebelah, tau ga orangnya?
2164;81;1-10;1580053.0;text;;[];False;False;df7b6465ed31d9b8;[];mager
2165;81;51-100;1580164.0;text;;[];False;False;df7b6465ed31d9b8;[];gw lagiii belajar masak sendiriii biarrr ga jajan terus lumayannn hematttt soalnyaaaa
2166;81;11-50;1581075.0;text;;[];True;False;82fa96e90d47e37a;[];kenapa ga bales chat gw!!!
2167;81;1-10;1582486.0;text;;[];False;False;8e570023d7b17cb3;[];mager
2168;81;51-100;1582497.0;text;;[];True;False;8e570023d7b17cb3;[];siapa sih yg spread gosip tu ke grup sebelah, tau ga orangnya?
2169;81;11-50;1582501.0;text;;[];False;False;8e570023d7b17cb3;[];film baru di bioskop bagus ga
2170;81;11-50;1582909.0;text;;[];False;False;ae54f489c5aa44da;[];duit bulanan belum dikirim!!
2171;81;1-10;1582976.0;text;;[];False;False;8e570023d7b17cb3;[];noted
2172;81;11-50;1582990.0;text;;[];False;False;8e570023d7b17cb3;[];duit bulanan blm dikirim
2173;81;11-50;1582994.0;text;;[];False;False;8e570023d7b17cb3;[];nyokap nanya kapan lulus
2174;81;11-50;1583325.0;text;;[];False;False;f34b4da3396ed875;[];NYOKAP NANYA KAPAN LULUS
2175;81;11-50;1583334.0;text;;[];False;False;f34b4da3396ed875;[];ADEK GW MASUK SMA TAHUN INI
2176;81;11-50;1583334.0;text;;[];False;False;f34b4da3396ed875;[];GW BARU AJA KETEMU MANTAN
2177;81;11-50;1583352.0;text;;[];False;False;f34b4da3396ed875;[];NYOKAP NANYA KAPAN LULUS
2178;81;11-50;1583531.0;text;;[];False;False;8e570023d7b17cb3;[];mama minta gw pulang weekend
2179;81;1-10;1583533.0;text;;[];False;False;8e570023d7b17cb3;[];goks
2180;81;1-10;1583536.0;text;;[];False;False;8e570023d7b17cb3;[];goks
2181;82;1-10;1586876.0;text;;[];True;False;df7b6465ed31d9b8;[];bisa?
2182;82;11-50;1589152.0;text;;[];True;False;24683827d1f4f201;[];kapan terakhir kali ketemu?
2183;82;11-50;1589929.0;text;;[];True;False;2238074dbe4891d0;[];jadwal sidang kapan bro?,,,
2184;82;11-50;1589929.0;text;;[];False;False;2238074dbe4891d0;[];gw berantem sama,,, si anu
2185;82;1-10;1590025.0;text;;[];False;False;24683827d1f4f201;[];setuju
2186;82;1-10;1590397.0;text;;[];False;False;189148ac44a52f1e;[];MALES
2187;82;1-10;1590767.0;text;;[];False;False;24683827d1f4f201;[];gabut
2188;82;1-10;1591072.0;text;;[];False;False;56267ae07fe895e3;[];dong
2189;82;11-50;1591073.0;text;;[];False;False;56267ae07fe895e3;[];temenin gw dong besok
2190;82;11-50;1592134.0;text;;[];True;False;a6bc4d1ba21db540;[];jadwal sidang kapan bro?
2191;82;1-10;1592141.0;text;;[];False;False;2fe7cebe4d78453f;[];Gabut.
2192;82;11-50;1592155.0;text;;[];False;False;2fe7cebe4d78453f;[];Pacarnya baru siapa sih.
2193;82;1-10;1592200.0;text;;[];False;False;f34b4da3396ed875;[];DONG
2194;82;1-10;1592202.0;text;;[];False;False;f34b4da3396ed875;[];TRUS
2195;82;11-50;1592206.0;text;;[];False;False;f34b4da3396ed875;[];PACARNYA BARU SIAPA SIH
2196;82;11-50;1592214.0;text;;[];False;False;f34b4da3396ed875;[];REUNI KAPAN YA KITA
2197;82;11-50;1592342.0;text;;[];True;False;168a45c58b4d621f;[];kossss lu dimana sihhhh tepatnya?
2198;82;1-10;1592351.0;text;;[];False;False;bf385e27e89976f8;[];amin
2199;82;11-50;1592360.0;text;;[];False;False;bf385e27e89976f8;[];pacarnya baru siapa sih
2200;82;1-10;1592371.0;text;;[];False;False;168a45c58b4d621f;[];gabut
2201;82;1-10;1592373.0;text;;[];False;False;168a45c58b4d621f;[];setuju
2202;82;11-50;1593152.0;text;;[];False;False;40cedde96f0e835d;[];temen gw sakit masuk rs
2203;82;11-50;1593177.0;text;;[];True;False;bf385e27e89976f8;[];jadwal sidang kapan bro?
2204;82;11-50;1593207.0;text;2203.0;[];False;False;40cedde96f0e835d;[];gw berantem sm si anu
2205;82;11-50;1593209.0;text;2203.0;[];True;False;f34b4da3396ed875;[];KAPAN TERAKHIR KALI KETEMU?
2206;82;11-50;1593219.0;text;;[];False;False;40cedde96f0e835d;[];gw berantem sm si anu
2207;82;51-100;1593229.0;text;;[];False;False;bf385e27e89976f8;[];hari ini gw ada rapat organisasi sampe sore jadi ga bisa ikut nongkrong
2208;82;1-10;1593235.0;text;;[];False;False;bf385e27e89976f8;[];males
2209;82;11-50;1593249.0;text;;[];False;False;bf385e27e89976f8;[];temenin gw dong besok
2210;82;1-10;1593263.0;text;;[];False;False;7e33c546478652dc;[];setuju
2211;82;11-50;1593270.0;text;;[];False;False;40cedde96f0e835d;[];si tu udah puuts katanya
2212;82;11-50;1593298.0;text;;[];False;False;f34b4da3396ed875;[];REUNI KAPAN YA KITA
2213;82;11-50;1593329.0;text;;[];False;False;f34b4da3396ed875;[];ANGKOT KE SANA MASIH ADA GA
2214;82;11-50;1593331.0;text;;[];False;False;f34b4da3396ed875;[];REUNI KAPAN YA KITA
2215;82;11-50;1593333.0;text;;[];False;False;f34b4da3396ed875;[];TEMENIN GW DONG BESOK
2216;82;1-10;1593339.0;text;;[];False;False;f34b4da3396ed875;[];WKWKW
2217;82;11-50;1593339.0;text;;[];False;False;f34b4da3396ed875;[];GW BERANTEM SAMA SI ANU
2218;82;1-10;1593368.0;text;;['🤣'];False;False;2fe7cebe4d78453f;[];Dong.
2219;82;11-50;1594014.0;text;2192.0;[];False;False;2c6435e87f0252f4;[];Temen gw sakit masuk RS.
2220;82;1-10;1594074.0;text;;[];False;False;2fe7cebe4d78453f;[];Udah.
2221;82;11-50;1594654.0;text;;[];False;False;ae54f489c5aa44da;[];si itu udah putus katanya!!!
2222;82;1-10;1595716.0;text;;[];False;False;4b0f44e1c7aa02a6;[];malesss
2223;82;11-50;1595721.0;text;;[];False;False;4b0f44e1c7aa02a6;[];gw berantem sama si anuuu
2224;82;51-100;1595780.0;text;;[];False;False;4b0f44e1c7aa02a6;[];gw pengen banget liburan ke pantai tapiii duit lagii tipiss bangetttt sekarang
2225;82;11-50;1595781.0;application/x-rar-compressed;;[];False;False;4b0f44e1c7aa02a6;[];[application/x-rar-compressed]
2226;82;0;1595799.0;unknown;;[];False;False;4b0f44e1c7aa02a6;[];[Media tidak dikenal]
2227;82;11-50;1595826.0;text;;[];False;False;c90620f18eff7459;['149ef585f752b412'];diem diem ternyata jadian
2228;82;101-500;1595828.0;text;;[];False;False;4b0f44e1c7aa02a6;[];hari iniii gw iseng nyoba bikin kopi pakeeee metode v60 yanggg lagi hypeeee di kalangan anak anakk kampus. beliii alatnya lumayannnn mahal sih tapi hasilnya emangg beda dari kopi sachetttt biasa. kopinyaa lebih smooth dan ga terlaluuu pahit. kayaknya gw bakal ketagihan nih bikinnn kopiii sendiri tiap pagiiii sebelumm ke kampus
2229;82;11-50;1595835.0;text;;['❤'];False;False;c90620f18eff7459;[];jangan bilang siapa siapa ya
2230;82;51-100;1595920.0;text;;[];False;False;4b0f44e1c7aa02a6;[];gw pengennnn bangett liburann ke pantaii tapi duit lagi tipis bangett sekarangg
2231;82;11-50;1595921.0;text;;[];False;False;149ef585f752b412;[];GW KANGEN TEMEN TEMEN SMA
2232;82;1-10;1595959.0;text;;[];False;False;8e570023d7b17cb3;[];dong
2233;82;1-10;1595960.0;text;;[];False;False;8e570023d7b17cb3;[];gabut
2234;82;11-50;1595962.0;text;;[];True;False;2fe7cebe4d78453f;[];pinjam catetan boleh ga?
2235;82;1-10;1595966.0;text;;['🤣'];False;False;2fe7cebe4d78453f;[];Males.
2236;82;11-50;1595978.0;text;;[];False;False;8e570023d7b17cb3;[];gw berantem sm si anu
2237;82;51-100;1596006.0;text;;[];False;False;4b0f44e1c7aa02a6;[];wifi kosan gw lemot banget jadi gw ke perpus ajaaaa buatttt ngerjain tugas
2238;82;1-10;1596016.0;text;;[];False;False;2fe7cebe4d78453f;[];Ywd.
2239;82;51-100;1596033.0;text;;[];False;False;4b0f44e1c7aa02a6;[];gw baru aja dapet kabarr kaloooo temen kita diterima kerjaaaa di luar negerii
2240;82;51-100;1596065.0;text;;[];False;False;4b0f44e1c7aa02a6;[];hari iniiii gw ada rapat organisasi sampee soree jadi ga bisa ikuttt nongkrong
2241;82;11-50;1596218.0;text;;[];False;False;8e570023d7b17cb3;[];gw berantem sm si anu
2242;82;11-50;1596225.0;text;;[];True;False;8e570023d7b17cb3;[];jadwal sidang kapan bro?
2243;82;11-50;1596246.0;text;;[];False;False;4b0f44e1c7aa02a6;[];diem diemmm ternyata jadian
2244;82;11-50;1596254.0;text;;[];False;False;4b0f44e1c7aa02a6;[];temenin gw dongg besok
2245;82;11-50;1597538.0;text;;[];False;False;bf385e27e89976f8;[];pacarnya baru siapa sih
2246;82;1-10;1597545.0;text;;['🤣'];False;False;bf385e27e89976f8;[];hihi
2247;82;11-50;1597561.0;text;;[];False;False;bf385e27e89976f8;[];gw kangen temen temen sma
2248;82;11-50;1597562.0;text;;[];False;False;bf385e27e89976f8;[];gw kangen temen temen sma
2249;82;11-50;1597575.0;text;;[];False;False;df7b6465ed31d9b8;[];gw kangennnn temennnn temennnn smaaaa
2250;82;11-50;1597580.0;text;;[];False;False;df7b6465ed31d9b8;[];gw kangennnn temenn temenn smaa
2251;82;1-10;1597592.0;text;;[];False;False;bf385e27e89976f8;[];udah
2252;82;1-10;1597595.0;text;;[];False;False;bf385e27e89976f8;[];ywd
2253;82;51-100;1597620.0;text;;[];False;False;bf385e27e89976f8;[];wifi kosan gw lemot banget jadi gw ke perpus aja buat ngerjain tugas
2254;82;1-10;1597627.0;text;;[];False;False;bf385e27e89976f8;[];amin
2255;82;51-100;1597659.0;text;;[];True;False;df7b6465ed31d9b8;[];lu pernahh coba belajar bareng di perpus kota ga, enakk ga disana?
2256;82;1-10;1597667.0;text;;[];False;False;df7b6465ed31d9b8;[];malessss
2257;82;51-100;1598427.0;text;;[];False;False;4b0f44e1c7aa02a6;[];hari ini gw ada rapat organisasi sampe soree jadi ga bisa ikut nongkrong
2258;82;11-50;1598452.0;text/x-sh;;[];False;False;4b0f44e1c7aa02a6;[];[text/x-sh]
2259;82;1-10;1598484.0;text;;[];False;False;f34b4da3396ed875;[];YWD
2260;82;101-500;1598496.0;text;;[];False;False;4b0f44e1c7aa02a6;[];hariii ini gw iseng nyobaa bikin kopi pake metodee v60 yang lagi hype di kalangan anak anak kampus. beli alatnyaaaa lumayann mahallll sih tapi hasilnyaaaa emang beda dari kopi sachettt biasa. kopinya lebih smooth dan ga terlalu pahit. kayaknya gw bakallll ketagihan nihhhh bikin kopiiii sendiri tiapp pagi sebelum ke kampus
2261;82;11-50;1598497.0;text;;[];False;False;c99de8235cc6c95e;[];DIEM DIEM TERNYATA JADIAN
2262;82;11-50;1598630.0;text;;[];False;False;4b0f44e1c7aa02a6;[];gw berantemm sama si anu
2263;82;11-50;1598861.0;text;;[];False;False;c99de8235cc6c95e;[];DIEM DIEM TERNYATA JADIAN
2264;82;51-100;1598915.0;text;;[];False;False;4b0f44e1c7aa02a6;[];gw pengen bangettt liburan ke pantai tapi duit lagi tipis bangett sekarang
2265;82;101-500;1598922.0;text;;[];True;False;c99de8235cc6c95e;[];MENURUT KALIAN KENAPA YA GENERASI KITA TUH KAYAKNYA LEBIH GAMPANG STRES DAN BURNOUT DIBANDING GENERASI ORANG TUA KITA DULU? APA KARENA TEKANAN SOSMED ATAU EMANG TUNTUTAN HIDUP YANG MAKIN TINGGI YA? GW PENASARAN AJA SIH SOALNYA TEMEN TEMEN GW BANYAK YANG NGELUH HAL YANG SAMA
2266;82;11-50;1598924.0;image/jpeg;;[];False;False;f7eab52d913484c8;[];[Foto]
2267;82;51-100;1598937.0;text;;[];True;False;c99de8235cc6c95e;[];LU PERNAH COBA BELAJAR BARENG DI PERPUS KOTA GA, ENAK GA DISANA?
2268;82;11-50;1598989.0;text;;[];False;False;4b0f44e1c7aa02a6;[];temenin gw dong besok
2269;82;11-50;1599014.0;text;2267.0;[];True;False;4b0f44e1c7aa02a6;[];kapann terakhirrrr kali ketemu?
2270;82;11-50;1599028.0;text;;[];True;False;4b0f44e1c7aa02a6;[];pinjam catetannnn boleh ga?
2271;82;11-50;1599060.0;text;;[];False;False;c99de8235cc6c95e;[];GW GA PERCAYA SIH GOSIPNYA
2272;82;51-100;1599077.0;text;;[];False;False;c99de8235cc6c95e;[];GW BARU AJA DAPET KABAR KALO TEMEN KITA DITERIMA KERJA DI LUAR NEGERI
2273;82;11-50;1599088.0;text;;[];False;False;c99de8235cc6c95e;[];EH DENGER GOSIP BELUM
2274;82;11-50;1599102.0;text;;[];True;False;c99de8235cc6c95e;[];KOS LU DIMANA SIH TEPATNYA?
2275;82;11-50;1599129.0;text;;[];False;False;347df56c569a79fd;[];reuni kapan ya kita
2276;82;11-50;1599141.0;text;;[];False;False;347df56c569a79fd;[];temen gw sakit masuk rs
2277;82;51-100;1599144.0;text;;[];False;False;c99de8235cc6c95e;[];GW BARU AJA DAPET KABAR KALO TEMEN KITA DITERIMA KERJA DI LUAR NEGERI
2278;82;11-50;1599156.0;text;;[];False;False;c99de8235cc6c95e;[];ANGKOT KE SANA MASIH ADA GA
2279;82;51-100;1599407.0;text;;[];True;False;168a45c58b4d621f;[];lu pernah coba belajar bareng di perpus kotaaa ga, enak ga disana?
2280;82;11-50;1599457.0;text;;[];True;False;8e570023d7b17cb3;[];kapan terakhir kali ketemu?
2281;82;11-50;1599461.0;text;;[];False;False;8e570023d7b17cb3;[];temen gw sakit masuk rs
2282;82;11-50;1600262.0;text;2279.0;[];False;False;c99de8235cc6c95e;[];TEMENIN GW DONG BESOK
2283;82;11-50;1600266.0;text;;[];False;False;c99de8235cc6c95e;[];TEMENIN GW DONG BESOK
2284;82;11-50;1600275.0;text;;[];False;False;c99de8235cc6c95e;[];REUNI KAPAN YA KITA
2285;82;1-10;1600279.0;text;;[];False;False;c99de8235cc6c95e;[];AMIN
2286;82;11-50;1600288.0;text;;[];False;False;c99de8235cc6c95e;[];EH DENGER GOSIP BELUM
2287;82;51-100;1600319.0;text;;[];False;False;c99de8235cc6c95e;[];GW PENGEN BANGET LIBURAN KE PANTAI TAPI DUIT LAGI TIPIS BANGET SEKARANG
2288;82;1-10;1600326.0;text;;[];False;False;c99de8235cc6c95e;[];CAPE
2289;82;11-50;1600354.0;text;;[];False;False;c99de8235cc6c95e;[];GW GA PERCAYA SIH GOSIPNYA
2290;82;11-50;1600394.0;text;;[];False;False;a21178041169e6d8;[];si itu udah putus katanya!!
2291;82;11-50;1600407.0;text;;[];False;False;a21178041169e6d8;[];temen gw sakit masuk RS!!
2292;82;51-100;1600414.0;text;;[];False;False;a21178041169e6d8;[];gw pengen banget liburan ke pantai tapi duit lagi tipis banget sekarang!!
2293;82;1-10;1600425.0;text;;[];False;False;c99de8235cc6c95e;[];MALES
2294;82;101-500;1600442.0;text;;[];False;False;a21178041169e6d8;[];hari ini gw iseng nyoba bikin kopi pake metode V60 yang lagi hype di kalangan anak anak kampus. beli alatnya lumayan mahal sih tapi hasilnya emang beda dari kopi sachet biasa. kopinya lebih smooth dan ga terlalu pahit. kayaknya gw bakal ketagihan nih bikin kopi sendiri tiap pagi sebelum ke kampus!!!
2295;82;11-50;1600449.0;text;;[];False;False;a21178041169e6d8;[];reuni kapan ya kita!!
2296;82;11-50;1600455.0;text;;[];False;False;a21178041169e6d8;[];reuni kapan ya kita!!
2297;82;51-100;1600496.0;text;;[];True;False;c43120c3e6911c2c;[];lu prnh coba belajar bareng di perpus kota ga, enak ga disana?
2298;82;0;1600658.0;unknown;;[];False;False;c43120c3e6911c2c;[];[Media tidak dikenal]
2299;82;51-100;1600671.0;image/jpeg;;[];True;False;c99de8235cc6c95e;[];[Foto]
2300;82;11-50;1600725.0;text;;[];False;False;3f71e8a3ce395cd8;[];gw ga percayaaa sih gosipnya
2301;82;11-50;1600729.0;text;;[];False;False;3f71e8a3ce395cd8;[];diem diem ternyata jadian
2302;82;11-50;1600959.0;text;;[];True;False;c99de8235cc6c95e;[];PINJAM CATETAN BOLEH GA?
2303;82;1-10;1601031.0;image/jpeg;;[];False;False;c99de8235cc6c95e;[];[Foto]
2304;82;1-10;1601073.0;text;;[];False;False;3f71e8a3ce395cd8;[];udah
2305;82;1-10;1601079.0;text;;[];False;False;3f71e8a3ce395cd8;[];cape
2306;82;51-100;1601119.0;text;;[];False;False;3f71e8a3ce395cd8;[];lu harus coba kedai kopi baru di jalan belakangggg kampus, enak banget
2307;82;11-50;1601132.0;text;;[];True;False;24683827d1f4f201;[];pinjam catetan boleh ga?
2308;82;11-50;1601145.0;text;;[];False;False;a21178041169e6d8;[];diem diem ternyata jadian!!
2309;82;51-100;1601157.0;text;;[];False;False;3f71e8a3ce395cd8;[];gw baru ajaaa dapet kabar kaloo temen kitaa diterimaaaa kerja di luar negeri
2310;82;51-100;1601179.0;text;;[];False;False;3f71e8a3ce395cd8;[];wifiiii kosan gw lemot banget jadi gw ke perpus aja buat ngerjainnn tugas
2311;82;51-100;1601204.0;text;;[];False;False;3f71e8a3ce395cd8;[];wifii kosan gw lemot banget jadi gw ke perpus aja buatttt ngerjainnn tugas
2312;82;1-10;1601226.0;text;;[];False;False;c99de8235cc6c95e;[];WKWKW
2313;82;11-50;1601237.0;text;;[];True;False;c99de8235cc6c95e;[];JADWAL SIDANG KAPAN BRO?
2314;82;1-10;1601277.0;text;;[];False;False;3f71e8a3ce395cd8;[];aminn
2315;82;11-50;1601285.0;text;;[];False;False;c99de8235cc6c95e;[];SI ITU UDAH PUTUS KATANYA
2316;82;1-10;1601285.0;text;;[];False;False;c99de8235cc6c95e;[];GABUT
2317;82;11-50;1601290.0;text;;[];False;False;c99de8235cc6c95e;[];EH DENGER GOSIP BELUM
2318;82;1-10;1601932.0;text;;['👍🏼'];False;False;24683827d1f4f201;[];wkwkw
2319;83;51-100;1602558.0;text;;[];True;False;24683827d1f4f201;[];gimana caranya biar bisa fokus belajar tanpa main hp terus ya?
2320;83;11-50;1602609.0;text;;[];False;False;0090c4d5dacf6725;[];rame banget disini cuy
2321;83;11-50;1602615.0;text;;[];False;False;0090c4d5dacf6725;[];jangan lupa bawa duit cash
2322;83;11-50;1602652.0;text;;[];False;False;24683827d1f4f201;[];lu dimana sih lama banget
2323;83;1-10;1602720.0;text;;[];False;False;56267ae07fe895e3;[];kok
2324;83;11-50;1602728.0;text;;[];False;False;56267ae07fe895e3;[];lu dmn sih lama bgt
2325;83;1-10;1602858.0;text;;[];False;False;a21178041169e6d8;[];deh!!!
2326;83;11-50;1602930.0;text;;[];False;False;8e570023d7b17cb3;[];gw ngga bs ikut malem ni
2327;84;11-50;1609456.0;image/jpeg;;[];True;False;dca8552defeabab1;[];[Foto]
2328;84;0;1609471.0;image/jpeg;;[];False;False;dca8552defeabab1;[];[Foto]
2329;84;0;1612608.0;sticker/webp;;[];False;False;c43120c3e6911c2c;[];[Stiker]
2330;85;11-50;1643211.0;text;;[];False;False;24683827d1f4f201;[];gw lagi marathon drakor nih
2331;85;1-10;1643214.0;text;;[];True;False;24683827d1f4f201;[];terus?
2332;85;11-50;1643262.0;text;;[];False;False;c2e5c88d96797514;[];bokap gw lg... di luar kota...
2333;85;1-10;1643278.0;text;;['🤔'];False;False;24683827d1f4f201;[];pasti
2334;85;11-50;1643289.0;text;;[];False;False;24683827d1f4f201;[];adek gw masuk sma tahun ini
2335;85;1-10;1643291.0;text;;[];False;False;c2e5c88d96797514;[];yess
2336;85;1-10;1643295.0;text;;[];False;False;c2e5c88d96797514;[];noted
2337;85;11-50;1643298.0;text;;[];False;False;c2e5c88d96797514;[];mama minta gw pulang weekend
2338;85;1-10;1643311.0;text;;[];False;False;c2e5c88d96797514;[];noted
2339;85;11-50;1643314.0;text;;[];True;False;c2e5c88d96797514;[];lu lg ngapain sih?
2340;85;11-50;1643318.0;image/jpeg;;[];False;False;24683827d1f4f201;[];[Foto]
2341;85;51-100;1643412.0;text;;['👌'];False;False;df7b6465ed31d9b8;[];tadiiii pagi gw olahraga lari kelilinggg kampussss 5 putaran badan pegel semua
2342;85;1-10;1643582.0;text;2341.0;[];False;False;12c546f6873885e8;[];yess
2343;85;11-50;1643586.0;text;;[];True;False;12c546f6873885e8;[];knp ga bales chat gw?
2344;85;11-50;1644085.0;text;;[];False;False;8e570023d7b17cb3;[];bokap gw lg di luar kota
2345;85;11-50;1644087.0;text;;[];False;False;8e570023d7b17cb3;[];playlist lo yg mana sih
2346;85;51-100;1644132.0;text;;[];False;False;df7b6465ed31d9b8;[];adekkkk gw mau masukkkk kuliah tahun depan gw harus bantuu cariinn info jurusan
2347;85;11-50;1644355.0;text;;[];True;False;bf385e27e89976f8;[];lu lagi ngapain sih?
2348;85;1-10;1644375.0;text;;[];False;False;8e570023d7b17cb3;[];woles
2349;85;1-10;1644378.0;text;;[];False;False;8e570023d7b17cb3;[];gitu
2350;85;1-10;1644546.0;text;;[];False;False;bf385e27e89976f8;[];yess
2351;85;11-50;1644872.0;text;;[];False;False;f34b4da3396ed875;[];KAKAK GW BARU AJA NIKAH
2352;85;1-10;1644877.0;text;;[];False;False;f34b4da3396ed875;[];GILA
2353;85;1-10;1644892.0;text;;[];False;False;ffa43f0e1c086842;[];noted
2354;85;11-50;1644897.0;text;;[];False;False;ffa43f0e1c086842;[];kakak gw baru aja nikah
2355;85;11-50;1644898.0;text;;[];True;False;ffa43f0e1c086842;[];kenapa ga bales chat gw?
2356;85;11-50;1645057.0;text;;[];False;False;12c546f6873885e8;[];bokap gw lg di luar kota
2357;85;1-10;1645065.0;text;;[];False;False;12c546f6873885e8;[];mager
2358;85;11-50;1645394.0;text;;[];False;False;62dc140892728001;[];adek gw masuk sma tahun ini
2359;85;1-10;1645547.0;text;;[];False;False;ffa43f0e1c086842;[];hayuk
2360;85;11-50;1645553.0;text;;[];False;False;ffa43f0e1c086842;[];playlist lo yang mana sih
2361;85;11-50;1645561.0;text;;[];False;False;ffa43f0e1c086842;[];kakak gw baru aja nikah
2362;85;11-50;1645817.0;text;;[];True;False;8e570023d7b17cb3;[];knp ga bales chat gw?
2363;85;1-10;1645818.0;text;;[];True;False;8e570023d7b17cb3;[];napa?
2364;85;11-50;1645842.0;text;;[];False;False;ffa43f0e1c086842;[];playlist lo yang mana sih
2365;85;11-50;1645847.0;text;;[];False;False;ffa43f0e1c086842;[];kakak gw baru aja nikah
2366;85;11-50;1645865.0;text;;[];False;False;c43120c3e6911c2c;[];adek gw masuk sma tahun ni
2367;85;51-100;1645881.0;text;;[];False;False;c43120c3e6911c2c;[];besok ad bazaar di kmapus katanya banyak makanna murah, pada ikut ga
2368;85;51-100;1645904.0;text;;[];False;False;c43120c3e6911c2c;[];adek gw mau masuk kulaih tahun dpean gw hrs bantu cariin info jurusan
2369;85;11-50;1645921.0;text;;[];False;False;c43120c3e6911c2c;[];gw baru aja ketemu mantan
2370;85;11-50;1645942.0;text;;[];False;False;ffa43f0e1c086842;[];playlist lo yang mana sih
2371;85;11-50;1645964.0;text;;[];True;False;ffa43f0e1c086842;[];kenapa ga bales chat gw?
2372;85;1-10;1645966.0;text;2371.0;[];False;False;62dc140892728001;[];magerrr
2373;85;1-10;1645970.0;text;;[];False;False;c43120c3e6911c2c;[];gila
2374;85;11-50;1645972.0;text;;[];False;False;62dc140892728001;[];keluarga ngumpul lebaran nanti
2375;85;1-10;1645982.0;text;;[];False;False;ffa43f0e1c086842;[];nice
2376;85;11-50;1645986.0;text;;[];False;False;c43120c3e6911c2c;[];adek gw masuk sma tahun ni
2377;85;11-50;1645992.0;text;;[];False;False;62dc140892728001;[];bokap gw lagi di luar kota
2378;85;11-50;1645992.0;text;;[];False;False;62dc140892728001;[];keluarga ngumpulll lebarann nantii
2379;85;1-10;1645996.0;text;;[];False;False;ffa43f0e1c086842;[];hayuk
2380;85;11-50;1645999.0;text;;[];False;False;ffa43f0e1c086842;[];mama minta gw pulang weekend
2381;85;1-10;1646003.0;text;;[];False;False;ffa43f0e1c086842;[];hayuk
2382;85;11-50;1646004.0;text;;[];False;False;62dc140892728001;[];mamaaa minta gw pulangg weekendddd
2383;85;11-50;1646008.0;text;;[];False;False;62dc140892728001;[];keluargaaaa ngumpullll lebaran nantii
2384;85;11-50;1646015.0;text;;[];False;False;ffa43f0e1c086842;[];gw baru aja ketemu mantan
2385;85;51-100;1646021.0;text;;[];False;False;c43120c3e6911c2c;[];tdai pagi gw olahraga lari keliling kampus 5 putaran badan pegle smua
2386;85;11-50;1646023.0;text;;[];False;False;62dc140892728001;[];keluarga ngumpul lebaran nantii
2387;85;11-50;1646031.0;text;;[];False;False;ffa43f0e1c086842;[];adek gw masuk SMA tahun ini
2388;85;11-50;1646038.0;text;;[];False;False;ffa43f0e1c086842;[];gw kangen masakan rumah
2389;85;11-50;1646046.0;text;;[];False;False;ffa43f0e1c086842;[];adek gw masuk SMA tahun ini
2390;85;1-10;1646048.0;text;;[];False;False;ffa43f0e1c086842;[];pasti
2391;85;1-10;1646054.0;text;;[];False;False;c43120c3e6911c2c;[];goks
2392;85;1-10;1646059.0;text;;[];False;False;ffa43f0e1c086842;[];gitu
2393;85;11-50;1646060.0;text;;[];False;False;c43120c3e6911c2c;[];duit bulanan blm dikirim
2394;85;11-50;1646136.0;text;;[];False;False;8e570023d7b17cb3;[];adek gw masuk sma tahun ni
2395;85;1-10;1646174.0;text;;[];False;False;ffa43f0e1c086842;[];woles
2396;85;51-100;1646196.0;text;;[];True;False;8e570023d7b17cb3;[];siapa sih yg spread gosip tu ke grup sebelah, tau ga orangnya?
2397;85;11-50;1646202.0;text;;[];False;False;8e570023d7b17cb3;[];nyokap nanya kapan lulus
2398;85;11-50;1648716.0;text;;[];False;False;c90620f18eff7459;[];duit bulanan belum dikirim
2399;85;1-10;1648801.0;text;;[];False;False;8e570023d7b17cb3;[];goks
2400;86;51-100;1654537.0;image/jpeg;;[];False;False;3f71e8a3ce395cd8;[];[Foto]
2401;86;11-50;1654586.0;text;;[];False;False;3f71e8a3ce395cd8;[];lu tim manaaaa dukungnya
2402;86;1-10;1654789.0;text;;[];False;False;62dc140892728001;[];hem
2403;86;11-50;1654901.0;text;;[];False;False;62dc140892728001;[];cuacaa hariiii iniiii panass banget
2404;87;1-10;1659187.0;image/jpeg;;[];False;False;8bb895b1d4763b5d;[];[Foto]
2405;87;11-50;1659825.0;text;;[];False;False;2fe7cebe4d78453f;[];Gw mau ambil cuti semester.
2406;87;1-10;1659883.0;text;;[];False;False;d18d73e4ad31d59a;[];bole
2407;87;51-100;1659939.0;text;;[];False;False;a21178041169e6d8;[];gw udah bikin slides presentasi tapi kayaknya masih kurang bagus deh isinya!!!
2408;87;51-100;1660490.0;text;;[];False;False;62dc140892728001;[];kemarin gw ke tokoo bukuuuu beli novel baruuuu sama buku referensi buatttt skripsi
2409;87;11-50;1660496.0;text;;[];False;False;62dc140892728001;[];mie ayam pak kumis juara sih
2410;87;11-50;1660500.0;text;;[];False;False;62dc140892728001;[];dosen pembimbing susah ditemuiii
2411;87;11-50;1660506.0;text;;[];False;False;62dc140892728001;[];gw baruuuu aja dari kampussss
2412;87;1-10;1660539.0;text;;[];False;False;8e570023d7b17cb3;[];bet
2413;87;11-50;1660612.0;text;;[];False;False;f34b4da3396ed875;[];PROPOSAL SKRIPSI GW DITOLAK
2414;87;101-500;1660626.0;text;;[];False;False;c99de8235cc6c95e;[];GW LAGI GALAU BANGET NIH SOAL MASA DEPAN. MAU LANJUT S2 TAPI DUIT GA ADA, MAU LANGSUNG KERJA TAPI PENGALAMAN MASIH MINIM. NYOKAP BILANG TERSERAH GW AJA TAPI GW TAU DIA PENGEN GW CEPET KERJA BIAR BISA BANTU EKONOMI KELUARGA. BINGUNG BANGET SIH, KAYAK SEMUA PILIHAN ADA PLUS MINUSNYA
2415;87;11-50;1660626.0;text;;[];False;False;c99de8235cc6c95e;[];MIE AYAM PAK KUMIS JUARA SIH
2416;87;101-500;1661897.0;text;;[];False;False;2c6435e87f0252f4;[];Gw lagi galau banget nih soal masa depan. mau lanjut S2 tapi duit ga ada, mau langsung kerja tapi pengalaman masih minim. nyokap bilang terserah gw aja tapi gw tau dia pengen gw cepet kerja biar bisa bantu ekonomi keluarga. bingung banget sih, kayak semua pilihan ada plus minusnya.
2417;87;11-50;1661916.0;text;;[];False;False;2c6435e87f0252f4;[];Gw laper banget nih.
2418;87;11-50;1661984.0;text;;[];False;False;0090c4d5dacf6725;[];tugas kelompok bikin pusing
2419;87;1-10;1662674.0;text;;[];False;False;2c6435e87f0252f4;[];Asli.
2420;87;11-50;1662695.0;text;;['🤷🏼\u200d♂'];False;False;2c6435e87f0252f4;[];Seminar tadi lama banget.
2421;87;11-50;1664828.0;text;;[];True;False;189148ac44a52f1e;[];NTAR MALEM NGAPAIN?
2422;87;11-50;1665029.0;text;;[];False;False;bf385e27e89976f8;[];kelas tambahan hari sabtu sih
2423;87;1-10;1665038.0;text;;[];False;False;189148ac44a52f1e;[];BOLE
2424;87;51-100;1667173.0;text;;[];True;False;8e570023d7b17cb3;[];menurut lu gw hrs ambil mata kuliah pilihan yg mana semester depan?
2425;87;11-50;1667198.0;text;;[];False;False;8e570023d7b17cb3;[];warteg depan kampus enak
2426;87;11-50;1667208.0;text;;[];False;False;8e570023d7b17cb3;[];proposal skripsi gw ditolak
2427;87;11-50;1667213.0;text;;[];False;False;a21178041169e6d8;[];seminar tadi lama banget!!!
2428;87;11-50;1667217.0;text;;[];False;False;8e570023d7b17cb3;[];kelas tambahan hari sabtu sih
2429;87;11-50;1667230.0;text;;[];True;False;a21178041169e6d8;[];boleh gw ikut ga!!!
2430;87;11-50;1667230.0;text;;[];False;False;8e570023d7b17cb3;[];kelas tambahan hari sabtu sih
2431;87;101-500;1667232.0;text;;[];True;False;8e570023d7b17cb3;[];eh ad yg pny rekomendasi laptop budget 5 jutaan yg bagus buat kuliah dan ngoding ga? laptop gw yg skrg udah mulai lemot dan sering ngehang kalo buka banyak tab. pengennya sih yg ringan buat dibawa ke kampus tp tetep kenceng performanya, ad saran?
2432;87;11-50;1667236.0;text;;[];False;False;8e570023d7b17cb3;[];mie ayam pak kumis juara sih
2433;87;11-50;1667276.0;text;;[];False;False;8e570023d7b17cb3;[];gw laper bgt nih
2434;87;11-50;1667318.0;text;;[];False;False;df7b6465ed31d9b8;[];tugas kelompok bikin pusingggg
2435;87;1-10;1667330.0;text;;[];False;False;a21178041169e6d8;[];hmm!!!
2436;87;1-10;1667333.0;text;;[];False;False;8e570023d7b17cb3;[];asli
2437;87;11-50;1667461.0;text;;[];True;False;168a45c58b4d621f;[];boleh gw ikutttt ga?
2438;87;1-10;1667469.0;text;;[];False;False;168a45c58b4d621f;[];hmm
2439;87;11-50;1667704.0;text;;[];False;False;3f71e8a3ce395cd8;[];warteg depann kampus enak
2440;87;11-50;1667714.0;text;;[];False;False;3f71e8a3ce395cd8;[];proposal skripsi gw ditolak
2441;87;11-50;1667720.0;text;;[];False;False;3f71e8a3ce395cd8;[];warteg depan kampus enak
2442;87;11-50;1668145.0;text;;[];True;False;168a45c58b4d621f;[];gimana kabar lu sekarang?
2443;87;51-100;1668324.0;text;;[];False;False;3f71e8a3ce395cd8;[];kosan gw bocor lagiii pas hujannn semalam, kasur gw basahhhh semuaaa parahhhh bangetttt
2444;88;1-10;1671084.0;image/jpeg;;[];True;False;24683827d1f4f201;[];[Foto]
2445;88;1-10;1671103.0;text;;[];False;False;a21178041169e6d8;[];bet!!!
2446;88;11-50;1671107.0;text;;[];False;False;a21178041169e6d8;[];lu udah makan belum!!
2447;88;51-100;1671108.0;image/jpeg;;[];True;False;3f71e8a3ce395cd8;[];[Foto]
2448;88;11-50;1671116.0;text;;[];False;False;a21178041169e6d8;[];tugas kelompok bikin pusing!!!
2449;88;11-50;1671138.0;text;;[];False;False;a21178041169e6d8;[];sidang minggu depan doain ya!!!
2450;88;1-10;1671143.0;text;;['👍🏼'];False;False;24683827d1f4f201;[];nah
2451;88;11-50;1671239.0;text;;[];False;False;a21178041169e6d8;[];proposal skripsi gw ditolak!!
2452;88;51-100;1671268.0;text;;[];False;False;a21178041169e6d8;[];gw lagi mikirin mau ambil magang di perusahaan mana buat semester depan!!
2453;88;11-50;1671274.0;text;;[];False;False;a21178041169e6d8;[];seminar tadi lama banget!!!
2454;88;11-50;1671357.0;text;;[];True;False;3f71e8a3ce395cd8;[];ntar malemmmm ngapain?
2455;88;11-50;1671371.0;text;2453.0;[];False;False;3f71e8a3ce395cd8;[];seminar tadi lama banget
2456;88;11-50;1671378.0;text;;[];False;False;3f71e8a3ce395cd8;[];tugas kelompokkk bikinnn pusing
2457;88;51-100;1671383.0;text;;[];False;False;a21178041169e6d8;[];jangan lupa besok kumpul di lobby kampus jam 8 pagi buat berangkat bareng!!
2458;88;11-50;1671395.0;text;;[];False;False;3f71e8a3ce395cd8;[];miee ayam pak kumis juaraaaa sih
2459;88;11-50;1671396.0;text;;[];False;False;a21178041169e6d8;[];kelas tambahan hari sabtu sih!!
2460;88;1-10;1671408.0;text;;[];False;False;3f71e8a3ce395cd8;[];nih
2461;88;51-100;1671426.0;text;;[];False;False;3f71e8a3ce395cd8;[];kosan gw bocor lagiiii pas hujan semalam, kasur gw basahhh semua parah banget
2462;88;11-50;1671441.0;text;;[];False;False;3f71e8a3ce395cd8;[];kelas tambahan hariii sabtu sihhh
2463;88;11-50;1671461.0;text;;[];False;False;3f71e8a3ce395cd8;[];seminar tadii lama banget
2464;88;1-10;1671488.0;text;;[];False;False;a21178041169e6d8;[];nih!!!
2465;88;1-10;1671493.0;text;;[];False;False;a21178041169e6d8;[];gpp!!
2466;88;11-50;1671494.0;text;;[];False;False;a21178041169e6d8;[];seminar tadi lama banget!!!
2467;88;11-50;1671558.0;text;;[];False;False;3f71e8a3ce395cd8;[];proposal skripsii gw ditolak
2468;88;51-100;1671573.0;text;;[];False;False;3f71e8a3ce395cd8;[];gw lagi mikirinnn mauu ambil magang di perusahaan manaa buat semester depan
2469;88;51-100;1671598.0;text;;[];False;False;3f71e8a3ce395cd8;[];jangan lupaaa besok kumpul di lobby kampussss jamm 8 pagiiii buatt berangkat bareng
2470;88;11-50;1671613.0;image/jpeg;;[];True;False;24683827d1f4f201;[];[Foto]
2471;88;11-50;1671618.0;text;;[];False;False;3f71e8a3ce395cd8;[];lu udah makann belum
2472;88;11-50;1671630.0;text;;[];False;False;3f71e8a3ce395cd8;[];gw baru aja dariii kampuss
2473;88;101-500;1671940.0;image/jpeg;;[];True;False;56267ae07fe895e3;[];[Foto]
2474;88;11-50;1671972.0;text;;[];False;False;a21178041169e6d8;[];sidang minggu depan doain ya!!!
2475;88;11-50;1671974.0;text;;[];False;False;a21178041169e6d8;[];warteg depan kampus enak!!!
2476;88;1-10;1671975.0;text;;[];False;False;24683827d1f4f201;[];asli
2477;88;11-50;1671981.0;text;;[];False;False;a21178041169e6d8;[];gw laper banget nih!!
2478;88;1-10;1672001.0;text;;[];False;False;8e570023d7b17cb3;[];sabi
2479;88;11-50;1672026.0;text;;[];True;False;a21178041169e6d8;[];gimana kabar lu sekarang!!!
2480;88;11-50;1672046.0;text;;[];False;False;8e570023d7b17cb3;[];tugas kelompok bikin pusing
2481;88;1-10;1672051.0;text;;[];False;False;8e570023d7b17cb3;[];done
2482;88;11-50;1672056.0;text;;[];False;False;8e570023d7b17cb3;[];gw baru aja dr kampus
2483;88;11-50;1672067.0;text;;[];False;False;a21178041169e6d8;[];tugas kelompok bikin pusing!!!
2484;88;1-10;1672104.0;text;;[];False;False;8e570023d7b17cb3;[];nih
2485;88;11-50;1672301.0;text;;[];True;False;300cc08fb4b0f200;[];gimana kabar lu sekarang!!!
2486;88;1-10;1672405.0;text;;[];False;False;8e570023d7b17cb3;[];nih
2487;88;1-10;1672475.0;text;;[];False;False;347df56c569a79fd;[];gaje
2488;88;1-10;1672479.0;text;;[];True;False;0090c4d5dacf6725;[];bener?
2489;88;1-10;1672515.0;text;;[];True;False;8e570023d7b17cb3;[];dmn?
2490;88;11-50;1672670.0;text;;[];False;False;2fe7cebe4d78453f;[];Lu udah makan belum.
2491;88;1-10;1672676.0;text;;['🤣'];False;False;2fe7cebe4d78453f;[];Bole.
2492;88;1-10;1672746.0;text;;[];False;False;8e570023d7b17cb3;[];bet
2493;88;11-50;1672747.0;text;;[];False;False;8e570023d7b17cb3;[];gw mau ambil cuti semester
2494;88;11-50;1672825.0;text;;[];False;False;2fe7cebe4d78453f;[];Dosen pembimbing susah ditemui.
2495;88;11-50;1672831.0;text;;[];False;False;2fe7cebe4d78453f;[];Mie ayam pak kumis juara sih.
2496;88;1-10;1672836.0;text;;[];False;False;2fe7cebe4d78453f;[];Hmm.
2497;88;1-10;1672838.0;text;;[];False;False;2fe7cebe4d78453f;[];Asli.
2498;88;51-100;1673000.0;text;;[];True;False;d4ce4fd95a7dd05f;[];MENURUT LU GW HARUS AMBIL MATA KULIAH PILIHAN YANG MANA SEMESTER DEPAN?
2499;88;11-50;1673078.0;text;;[];False;False;2fe7cebe4d78453f;[];Gw laper banget nih.
2500;88;11-50;1673490.0;text;;[];False;False;3f71e8a3ce395cd8;[];tugasss kelompok bikinnn pusingg
2501;88;11-50;1673494.0;text;;[];False;False;3f71e8a3ce395cd8;[];mieeee ayamm pakk kumis juara sih
2502;88;51-100;1673570.0;text;;[];True;False;300cc08fb4b0f200;[];menurut lu gw harus ambil mata kuliah pilihan yang mana semester depan!!!
2503;88;11-50;1673618.0;text;;[];False;False;2fe7cebe4d78453f;[];Lu udah makan belum.
2504;88;11-50;1673640.0;text;;[];True;False;300cc08fb4b0f200;[];boleh gw ikut ga!!
2505;88;1-10;1673685.0;text;;[];False;False;8e570023d7b17cb3;[];tuh
2506;88;11-50;1673694.0;text;;[];False;False;8e570023d7b17cb3;[];gw baru aja dr kampus
2507;88;11-50;1673700.0;text;;[];False;False;8e570023d7b17cb3;[];tugas kelompok bikin pusing
2508;88;11-50;1673709.0;text;;[];False;False;8e570023d7b17cb3;[];seminar tadi lama bgt
2509;88;11-50;1673722.0;text;;[];False;False;300cc08fb4b0f200;[];gw mau ambil cuti semester!!!
2510;88;11-50;1674090.0;text;;[];False;False;3f71e8a3ce395cd8;[];seminarrrr tadi lama banget
2511;88;101-500;1674200.0;text;;[];True;False;300cc08fb4b0f200;[];menurut kalian kenapa ya generasi kita tuh kayaknya lebih gampang stres dan burnout dibanding generasi orang tua kita dulu? apa karena tekanan sosmed atau emang tuntutan hidup yang makin tinggi ya? gw penasaran aja sih soalnya temen temen gw banyak yang ngeluh hal yang sama!!
2512;88;11-50;1674250.0;text;;[];False;False;3f71e8a3ce395cd8;[];warteg depannnn kampuss enak
2513;88;11-50;1674267.0;text;;[];False;False;300cc08fb4b0f200;[];seminar tadi lama banget!!!
2514;88;51-100;1674629.0;text;;[];False;False;da13a64d4b2b6060;[];KOSAN GW BOCOR LAGI PAS HUJAN SEMALAM, KASUR GW BASAH SEMUA PARAH BANGET
2515;88;11-50;1674644.0;text;;[];False;False;da13a64d4b2b6060;[];GW BARU AJA DARI KAMPUS
2516;88;51-100;1674677.0;text;;[];False;False;300cc08fb4b0f200;[];jangan lupa besok kumpul di lobby kampus jam 8 pagi buat berangkat bareng!!!
2517;88;51-100;1674690.0;text;;[];True;False;300cc08fb4b0f200;[];menurut lu gw harus ambil mata kuliah pilihan yang mana semester depan!!
2518;88;11-50;1674708.0;text;;[];True;False;300cc08fb4b0f200;[];ada yang punya catetan!!
2519;88;11-50;1674835.0;text;;[];False;False;8e570023d7b17cb3;[];dosen pembimbing susah ditemui
2520;88;11-50;1674845.0;text;;[];False;False;8e570023d7b17cb3;[];gw mau ambil cuti semester
2521;88;1-10;1674949.0;text;;['🤣'];False;False;2fe7cebe4d78453f;[];Tuh.
2522;88;51-100;1676356.0;text;;[];True;False;2238074dbe4891d0;[];menurut lu gw harus ambil mata kuliah pilihan yang mana semester depan?
2523;88;101-500;1676444.0;text;;[];True;False;56267ae07fe895e3;[];gw lg bimbang nih antara mau ikut organisasi... kampus atau fokus ke... akademik aja. menurut kalian gmn sih, worth it ga sih ikut organisasi? soalnya gw denger banyak yg bilang bs nambah soft skill tp di... sisi lain waktu buat... belajar jadi berkurang kan,... gmn... pengalaman kalian?
2524;88;1-10;1676447.0;text;;[];False;False;56267ae07fe895e3;[];sabi
2525;88;11-50;1676453.0;text;;[];False;False;56267ae07fe895e3;[];lu udah makan blm
2526;88;51-100;1676848.0;text;;[];False;False;8bb895b1d4763b5d;[];kosan gw bocor lagi pas hujan semalam, kasur gw basah semua parah banget!!!
2527;88;51-100;1676878.0;text;;[];False;False;8bb895b1d4763b5d;[];kosan gw bocor lagi pas hujan semalam, kasur gw basah semua parah banget!!!
2528;88;1-10;1676898.0;text;;[];False;False;56267ae07fe895e3;[];sabi
2529;88;11-50;1676907.0;text;;[];False;False;56267ae07fe895e3;[];warteg depan kampus... enak
2530;88;11-50;1676920.0;text;;[];False;False;56267ae07fe895e3;[];gw baru aja dr kampus
2531;88;1-10;1676930.0;text;;[];False;False;56267ae07fe895e3;[];bole
2532;88;11-50;1676931.0;text;;[];False;False;56267ae07fe895e3;[];gw laper bgt nih
2533;88;11-50;1676932.0;text;;[];False;False;56267ae07fe895e3;[];sidang minggu depan doain ya
2534;88;51-100;1678841.0;text;;[];True;False;4b0f44e1c7aa02a6;[];menuruttt lu gw harus ambil mataaa kuliah pilihan yang mana semester depan?
2535;88;11-50;1678922.0;text;;[];True;False;a21178041169e6d8;[];boleh gw ikut ga!!!
2536;88;51-100;1679445.0;text;;[];True;False;433804765ee30cd7;[];menurut lu gw harus ambil mata kuliahh pilihannn yang mana semester depan?
2537;88;11-50;1680038.0;text;;[];False;False;168a45c58b4d621f;[];mieeee ayam pak kumis juara sih
2538;88;11-50;1680045.0;text;;[];True;False;168a45c58b4d621f;[];ntar malem ngapain?
2539;88;1-10;1680052.0;text;;[];False;False;168a45c58b4d621f;[];gaje
2540;88;1-10;1680078.0;text;;[];False;False;189148ac44a52f1e;[];SABI
2541;88;1-10;1680082.0;text;;[];False;False;4b0f44e1c7aa02a6;[];tuh
2542;88;11-50;1680091.0;text;;[];True;False;4b0f44e1c7aa02a6;[];ntar malem ngapain?
2543;88;51-100;1680186.0;text;;[];False;False;5ff8dfdb0a64eca0;[];jangan lupa besok kumpul di lobby kampus jam 8 pagi buat berangkat bareng
2544;88;1-10;1680191.0;text;;[];False;False;5ff8dfdb0a64eca0;[];gaje
2545;88;1-10;1680196.0;text;;[];True;False;5ff8dfdb0a64eca0;[];dmn?
2546;88;1-10;1680310.0;text;;[];False;False;433804765ee30cd7;[];nih
2547;88;1-10;1680333.0;text;;[];False;False;0090c4d5dacf6725;[];done
2548;88;11-50;1680384.0;text;;[];False;False;f34b4da3396ed875;[];GW BARU AJA DARI KAMPUS
2549;88;11-50;1680390.0;text;;[];False;False;f34b4da3396ed875;[];TUGAS KELOMPOK BIKIN PUSING
2550;88;0;1680668.0;unknown;;[];False;False;ffa43f0e1c086842;[];[Media tidak dikenal]
2551;88;11-50;1681264.0;text;;[];False;False;4b0f44e1c7aa02a6;[];gw mau ambill cuti semesterrrr
2552;89;1-10;1686132.0;application/pdf;;[];False;False;c90620f18eff7459;[];[Dokumen PDF]
2553;89;11-50;1686159.0;text;;[];False;False;c90620f18eff7459;['f34b4da3396ed875'];pertandingan bola tadi malam gila
2554;89;0;1686166.0;unknown;;[];False;False;b1e8891385ba4071;[];[Media tidak dikenal]
2555;89;0;1686182.0;unknown;;[];False;False;b1e8891385ba4071;[];[Media tidak dikenal]
2556;89;51-100;1688341.0;text;;[];True;False;3f71e8a3ce395cd8;[];kiraa kira kalooo gw apply magangg sekarang masih keburu ga ya?
2557;89;11-50;1688380.0;text;;[];True;False;df7b6465ed31d9b8;[];tadi ngomonggg apaaaa sih dosennya?
2558;89;1-10;1688463.0;text;;[];False;False;3f71e8a3ce395cd8;[];hoki
2559;89;11-50;1688472.0;text;;[];True;False;3f71e8a3ce395cd8;[];ada sinyal ga disitu?
2560;89;11-50;1688638.0;text;;[];False;False;56267ae07fe895e3;[];futsal besok jadi ga
2561;89;51-100;1688653.0;text;;[];False;False;56267ae07fe895e3;[];dosen killer tu ternyata baik... bgt orangnya kalo diajak ngobrol santai
2562;89;1-10;1688653.0;text;;[];False;False;56267ae07fe895e3;[];bete
2563;89;1-10;1688657.0;text;;[];False;False;56267ae07fe895e3;[];btw
2564;89;0;1688660.0;sticker/webp;;[];False;False;56267ae07fe895e3;[];[Stiker]
2565;89;11-50;1688768.0;text;;[];False;False;a6bc4d1ba21db540;[];Gw abis lari pagi tadi.
2566;89;11-50;1688773.0;text;;[];False;False;a6bc4d1ba21db540;[];Gw lagi baca novel baru nih.
2567;89;11-50;1688861.0;text;;[];False;False;3f71e8a3ce395cd8;[];futsal besok jadiiii ga
2568;89;11-50;1688869.0;text;;[];False;False;3f71e8a3ce395cd8;[];badmintonn yuk sore inii
2569;89;11-50;1688881.0;text;;[];False;False;3f71e8a3ce395cd8;[];series itu endingnyaaa zonkkk bgtt
2570;89;11-50;1688884.0;text;;[];False;False;3f71e8a3ce395cd8;[];album baru dia enak bangett
2571;89;51-100;1688958.0;text;;[];True;False;56267ae07fe895e3;[];kira kira kalo gw... apply magang skrg msh keburu ga ya?
2572;89;11-50;1689005.0;text;;[];False;False;3f71e8a3ce395cd8;[];konser itu mahal banget tiketnya
2573;89;11-50;1689018.0;text;;[];False;False;3f71e8a3ce395cd8;[];pertandingan bola tadi malam gila
2574;89;11-50;1689022.0;application/pdf;;[];False;False;3f71e8a3ce395cd8;[];[Dokumen PDF]
2575;89;51-100;1689041.0;text;;['🤷🏻\u200d♂'];False;False;3f71e8a3ce395cd8;[];semalam hujannn gede banget sampeeee kosan gw mati lampu semaleman gila
2576;89;1-10;1689116.0;text;;['🤔', '❤'];False;False;56267ae07fe895e3;[];btw
2577;89;51-100;1689229.0;text;;[];False;False;8bb895b1d4763b5d;[];semalam hujan gede banget sampe kosan gw mati lampu semaleman gila!!!
2578;89;11-50;1689254.0;text;;[];False;False;8bb895b1d4763b5d;[];podcast yg lu rekomen mana!!
2579;89;0;1689309.0;sticker/webp;2578.0;[];False;False;56267ae07fe895e3;[];[Stiker]
2580;89;1-10;1689404.0;text;;[];False;False;8bb895b1d4763b5d;[];zonk!!!
2581;89;1-10;1689458.0;text;;['🌚'];False;False;df7b6465ed31d9b8;[];kuy
2582;90;11-50;1726373.0;application/pdf;;[];False;False;56267ae07fe895e3;[];[Dokumen PDF]
2583;90;11-50;1726389.0;text;;[];False;False;56267ae07fe895e3;[];gw mau ambil cuti semester...
2584;90;11-50;1728837.0;text;;['🧡'];False;False;a21178041169e6d8;[];warteg depan kampus enak!!
2585;91;11-50;1732163.0;text/x-sh;;[];False;False;4b0f44e1c7aa02a6;[];[text/x-sh]
2586;91;101-500;1732220.0;text;;[];False;False;4b0f44e1c7aa02a6;[];gw baru selesaii nonton dokumenterr tentangg kehidupan nelayan di pesisir utaraaaa jawa. sedih banget liat perjuangannnn merekaaa yanggg harus melaut berhari hari cuma buat dapet ikan yanggg harganya ga seberapaaaa di pasar. bikin gw makinn bersyukurrrr sihhh samaaaa kehidupan gw sekarang walau kadang ngeluh jugaaaa
2587;91;51-100;1732243.0;text;;[];False;False;4b0f44e1c7aa02a6;[];laptopp gw mulaii lemotttt nihhhh kayaknyaaaa harus install ulangggg atau ganti ramm
2588;91;1-10;1732325.0;text;;[];False;False;2fe7cebe4d78453f;[];Eh.
2589;91;51-100;1732329.0;text;;[];True;False;2fe7cebe4d78453f;[];ada yang punya softcopy buku mata kuliah statistik semester ini ga?
2590;91;11-50;1732331.0;text;;[];False;False;2fe7cebe4d78453f;[];Bentar ya gw lg di jalan.
2591;91;11-50;1733618.0;text;;[];False;False;f34b4da3396ed875;[];GW LAGI DI ATM SEBENTAR
2592;91;51-100;1735454.0;text;;[];True;False;c1b9604cd4e292f5;[];lu tau ga temapt pirnt yg murah deket kampus baut tugas akhi?r
2593;91;11-50;1737522.0;text;;[];True;False;69f4a3133d7f6cc0;[];lu punya kontak dia ga?
2594;91;11-50;1737528.0;text;;[];True;False;69f4a3133d7f6cc0;[];bisa jemput gw ga?
2595;92;11-50;1752495.0;image/jpeg;;[];True;False;3f71e8a3ce395cd8;[];[Foto]
2596;92;11-50;1753714.0;text;;[];False;False;bf385e27e89976f8;[];tadi absen ga sih kamu
2597;92;1-10;1753716.0;text;;[];False;False;bf385e27e89976f8;[];yoi
2598;92;11-50;1753730.0;text;;[];True;False;ffa43f0e1c086842;[];tugas dikumpul kapan sih?
2599;92;11-50;1753793.0;text;;[];False;False;bf385e27e89976f8;[];lab komputer penuh terus
2600;92;11-50;1754241.0;text;;[];False;False;0090c4d5dacf6725;[];lab komputer penuh terus
2601;92;11-50;1754461.0;text;;[];False;False;3f71e8a3ce395cd8;[];presentasi gw amburadull
2602;92;11-50;1754486.0;text;;[];False;False;3f71e8a3ce395cd8;[];lab komputerrr penuh terus
2603;92;1-10;1754862.0;text;;[];False;False;c99de8235cc6c95e;[];OKE
2604;92;1-10;1754866.0;text;;[];False;False;c99de8235cc6c95e;[];YOI
2605;92;51-100;1754888.0;text;;[];True;False;c99de8235cc6c95e;[];EH LU UDAH DAPET INFO JADWAL UJIAN AKHIR SEMESTER BELUM DARI PRODI?
2606;92;11-50;1754890.0;text;;[];True;False;c99de8235cc6c95e;[];TUGAS DIKUMPUL KAPAN SIH?
2607;92;11-50;1754913.0;text;;[];False;False;4b0f44e1c7aa02a6;[];lab komputer penuhhh terus
2608;92;1-10;1755108.0;text;;['🤣'];False;False;bf385e27e89976f8;[];otw
2609;92;11-50;1755110.0;text;;[];False;False;c99de8235cc6c95e;[];LAB KOMPUTER PENUH TERUS
2610;92;11-50;1755113.0;text;;[];False;False;bf385e27e89976f8;[];lab komputer penuh terus
2611;92;101-500;1755223.0;text;;[];True;False;da13a64d4b2b6060;[];GUYS ADA YANG TAU GA SIH KENAPA SISTEM REGISTRASI ONLINE KAMPUS SERING BANGET ERROR PAS MASA PENGISIAN KRS? TIAP SEMESTER SELALU GITU BIKIN STRES, MANA HARUS REBUTAN MATA KULIAH YANG KUOTANYA DIKIT BANGET LAGI. APA EMANG SERVERNYA GA KUAT YA NAMPUNG BANYAK MAHASISWA SEKALIGUS?
2612;92;51-100;1755488.0;text;;[];False;False;0090c4d5dacf6725;[];tadi gw ketemu dosen pembimbing dan dia minta revisi lagi untuk bab 3
2613;92;11-50;1755657.0;text;;[];False;False;bf385e27e89976f8;[];deadline besok pagi bro
2614;92;11-50;1755797.0;text;;[];True;False;ffa43f0e1c086842;[];siapa yang mau ikut?
2615;92;11-50;1755826.0;text;;[];True;False;4b0f44e1c7aa02a6;[];jadi ketemuan ga hariii ini?
2616;92;11-50;1755830.0;text;;[];False;False;4b0f44e1c7aa02a6;[];deadlineeee besok pagi bro
2617;92;0;1756635.0;unknown;;[];False;False;bf385e27e89976f8;[];[Media tidak dikenal]
2618;92;0;1756642.0;unknown;;[];False;False;bf385e27e89976f8;[];[Media tidak dikenal]
2619;92;11-50;1757451.0;text;;[];False;False;df7b6465ed31d9b8;[];matkullll iniii susah bangetttt
2620;92;11-50;1757467.0;text;;[];False;False;df7b6465ed31d9b8;[];gw lg ngerjain tugass nih
2621;92;11-50;1757469.0;text;;[];True;False;df7b6465ed31d9b8;[];lu dimana sekarang?
2622;92;1-10;1757481.0;text;;[];True;False;df7b6465ed31d9b8;[];kapan?
2623;92;11-50;1758689.0;text;;[];False;False;f34b4da3396ed875;[];MATKUL INI SUSAH BANGET
2624;92;11-50;1759175.0;text;;[];True;False;6fe7bc6cf93553ce;[];lu dimana sekarang?
2625;92;1-10;1759773.0;text;;[];False;False;40cedde96f0e835d;[];yoi
2626;92;1-10;1760348.0;text;;[];False;False;6fe7bc6cf93553ce;[];haha
2627;92;1-10;1760913.0;text;;[];False;False;bf385e27e89976f8;[];wkwk
2628;92;11-50;1761317.0;image/jpeg;;[];True;False;69f4a3133d7f6cc0;[];[Foto]
2629;92;11-50;1761340.0;text;;[];False;False;82fa96e90d47e37a;[];eh tadi kelas seru banget!!
2630;92;11-50;1763089.0;text;;['🥺'];True;False;24683827d1f4f201;[];tugas dikumpul kapan sih?
2631;92;11-50;1763296.0;text;;[];True;False;298e3b3220745447;[];jadi ketemuan ga hari ni?...
2632;92;1-10;1763336.0;text;;[];False;False;24683827d1f4f201;[];ok
2633;92;51-100;1763874.0;text;2628.0;[];False;False;4b0f44e1c7aa02a6;[];eh besok kitaaa jadi ketemuannn di kafe deket stasiunn kannnn ya jam 2 siang
2634;92;51-100;1764349.0;text;;[];True;False;c1b9604cd4e292f5;[];eh lu udah dapet info jadwal ujian akhir semetser blm dr prodi?
2635;92;11-50;1764391.0;text;;[];False;False;56267ae07fe895e3;[];dosen gw galak bgt sih
2636;92;11-50;1764960.0;text;;[];True;False;df7b6465ed31d9b8;[];lu dimana sekarang?
2637;93;51-100;1768533.0;text;;[];True;False;8e570023d7b17cb3;[];lu prnh coba belajar bareng di perpus kota ga, enak ga disana?
2638;93;1-10;1768541.0;text;;[];False;False;bf385e27e89976f8;[];gabut
2639;93;0;1768617.0;image/jpeg;;[];False;False;d18d73e4ad31d59a;[];[Foto]
2640;93;11-50;1768623.0;text;;[];False;False;d18d73e4ad31d59a;[];pacarnya baru siapa sih
2641;93;11-50;1768629.0;text;;[];True;False;d18d73e4ad31d59a;[];kos lu dmn sih tepatnya?
2642;93;1-10;1768635.0;text;;[];False;False;bf385e27e89976f8;[];hihi
2643;93;11-50;1768635.0;text;;[];False;False;d18d73e4ad31d59a;[];gw kangen temen temen sma
2644;93;11-50;1768649.0;text;;[];True;False;d18d73e4ad31d59a;[];kapan terakhir kali ketemu?
2645;93;51-100;1768701.0;text;;[];False;False;8e570023d7b17cb3;[];gw pengen bgt liburan ke pantai tp duit lg tipis bgt skrg
2646;93;11-50;1768718.0;text;;[];True;False;d18d73e4ad31d59a;[];pinjam catetan boleh ga?
2647;93;51-100;1768741.0;text;;[];False;False;d18d73e4ad31d59a;[];wifi kosan gw lemot bgt jadi gw ke perpus aja buat ngerjain tugas
2648;93;11-50;1768762.0;text;;[];False;False;da13a64d4b2b6060;[];SI ITU UDAH PUTUS KATANYA
2649;93;11-50;1768762.0;text;;[];False;False;347df56c569a79fd;[];reuni kapan ya kita
2650;93;11-50;1768771.0;text;;[];False;False;da13a64d4b2b6060;[];EH DENGER GOSIP BELUM
2651;93;11-50;1768785.0;text;;[];False;False;d18d73e4ad31d59a;[];gw ga percaya sih gosipnya
2652;93;1-10;1768835.0;text;2582.0;[];True;False;d18d73e4ad31d59a;[];sampe?
2653;93;11-50;1768902.0;text;;[];False;False;8e570023d7b17cb3;[];temenin gw dong besok
2654;93;1-10;1768914.0;text;;[];False;False;0090c4d5dacf6725;[];sama
2655;93;11-50;1768946.0;text;;[];True;False;d18d73e4ad31d59a;[];kapan terakhir kali ketemu?
2656;93;11-50;1769382.0;text;;[];False;False;d4ce4fd95a7dd05f;[];TEMENIN GW DONG BESOK
2657;93;51-100;1769384.0;text;;[];True;False;6fe7bc6cf93553ce;[];lu pernah coba belajar bareng di perpus kota ga, enak ga disana?
2658;93;11-50;1769402.0;text;;[];False;False;6fe7bc6cf93553ce;[];gw berantem sama si anu
2659;93;11-50;1769431.0;text;;[];False;False;8e570023d7b17cb3;[];gw berantem sm si anu
2660;93;11-50;1769444.0;text;;[];False;False;8e570023d7b17cb3;[];eh denger gosip blm
2661;93;1-10;1769479.0;text;;[];False;False;56267ae07fe895e3;[];amin
2662;93;11-50;1769588.0;text;;[];False;False;d4ce4fd95a7dd05f;[];SI ITU UDAH PUTUS KATANYA
2663;93;11-50;1769599.0;text;;[];True;False;d4ce4fd95a7dd05f;[];KAPAN TERAKHIR KALI KETEMU?
2664;93;11-50;1769616.0;text;;[];False;False;8e570023d7b17cb3;[];gw ga percaya sih gosipnya
2665;93;51-100;1769627.0;text;;[];False;False;8e570023d7b17cb3;[];wifi kosan gw lemot bgt jadi gw ke perpus aja buat ngerjain tugas
2666;93;11-50;1769628.0;text;;[];True;False;8e570023d7b17cb3;[];pinjam catetan boleh ga?
2667;93;0;1769648.0;image/jpeg;;[];False;False;df7b6465ed31d9b8;[];[Foto]
2668;93;1-10;1769655.0;text;;['🤣'];False;False;bf385e27e89976f8;[];sama
2669;93;11-50;1769662.0;text;;[];False;False;bf385e27e89976f8;[];angkot ke sana masih ada ga
2670;93;1-10;1769662.0;text;;[];False;False;bf385e27e89976f8;[];cape
2671;93;11-50;1769728.0;text;2667.0;[];True;False;8e570023d7b17cb3;[];pinjam catetan boleh ga?
2672;93;1-10;1769735.0;text;;[];False;False;8e570023d7b17cb3;[];cape
2673;93;1-10;1769806.0;text;;['😂'];False;False;df7b6465ed31d9b8;[];ywdd
2674;93;11-50;1769812.0;text;;[];False;False;df7b6465ed31d9b8;[];si itu udahhhh putus katanya
2675;93;11-50;1769823.0;text;;[];False;False;df7b6465ed31d9b8;[];temeninnn gw dong besok
2676;93;1-10;1769877.0;text;;[];False;False;8e570023d7b17cb3;[];gabut
2677;93;1-10;1769917.0;text;;['🤣'];False;False;56267ae07fe895e3;[];wkwkw
2678;94;51-100;1776190.0;text;2667.0;[];False;False;8e570023d7b17cb3;[];gw gagal diet lg soalnya tadi sore diajak makan bakso sm temen
2679;94;11-50;1776202.0;application/pdf;;[];False;False;8e570023d7b17cb3;[];[Dokumen PDF]
2680;94;11-50;1776207.0;text;;[];False;False;8e570023d7b17cb3;[];gw lg baca novel baru nih
2681;94;51-100;1776221.0;text;;[];False;False;8e570023d7b17cb3;[];dosen killer tu ternyata baik bgt orangnya kalo diajak ngobrol santai
2682;95;51-100;1818672.0;image/jpeg;;[];True;False;8bb895b1d4763b5d;[];[Foto]
2683;95;1-10;1818883.0;text;;['🤷🏼\u200d♂'];False;False;8e570023d7b17cb3;[];bete
2684;95;11-50;1818900.0;text;;[];False;False;8e570023d7b17cb3;[];badminton yuk sore ni
2685;95;51-100;1819027.0;text;;[];False;False;8bb895b1d4763b5d;[];gw gagal diet lagi soalnya tadi sore diajak makan bakso sama temen!!
2686;95;51-100;1819055.0;text;2682.0;[];False;False;8bb895b1d4763b5d;[];dosen killer itu ternyata baik banget orangnya kalo diajak ngobrol santai!!!
2687;95;51-100;1819445.0;text;2682.0;[];False;False;4b0f44e1c7aa02a6;[];gw haruss gantiiii strategi belajarrrr sih soalnya nilai utsss kemarin jelek bgt
2688;95;0;1820709.0;image/jpeg;;[];False;False;df7b6465ed31d9b8;[];[Foto]
2689;95;0;1820710.0;image/jpeg;;[];False;False;df7b6465ed31d9b8;[];[Foto]
2690;95;11-50;1820749.0;text;;[];True;False;f34b4da3396ed875;[];BOOKING DULUAN APA LANGSUNG AJA?
2691;95;11-50;1820799.0;text;;[];False;False;df7b6465ed31d9b8;[];podcast yg lu rekomennnn manaaaa
2692;95;11-50;1820816.0;text;;[];False;False;f34b4da3396ed875;[];GAME BARU UDAH DOWNLOAD BELUM
2693;95;11-50;1820931.0;text;;[];False;False;df7b6465ed31d9b8;[];gw abisss lari pagi tadiiii
2694;95;0;1820943.0;sticker/webp;;[];False;False;df7b6465ed31d9b8;[];[Stiker]
2695;95;0;1821022.0;sticker/webp;;[];False;False;c90620f18eff7459;[];[Stiker]
2696;96;11-50;1824970.0;text;;[];False;False;adb5f40709182dff;[];gw mauuu pesennnn gofood duluu
2697;96;1-10;1824974.0;text;;[];False;False;adb5f40709182dff;[];ayokkkk
2698;97;11-50;1834446.0;image/jpeg;;[];True;False;f91b57651edd3173;[];[Foto]
2699;97;11-50;1834734.0;text;;[];False;False;f34b4da3396ed875;[];GW LG SIBUK BGT MINGGU INI
2700;97;1-10;1834737.0;text;;[];True;False;f34b4da3396ed875;[];MW?
2701;97;11-50;1834839.0;text;;[];False;False;4b0f44e1c7aa02a6;[];internett matii lagi di kosan
2702;97;11-50;1834849.0;text;;[];False;False;f91b57651edd3173;[];gw lg sibuk bgt minggu ni...
2703;97;51-100;1834855.0;text;;[];False;False;4b0f44e1c7aa02a6;[];duit jajan gw abis padahal baru tanggalll 15 harussss ngirit bangett nihhh
2704;97;11-50;1834870.0;text;;[];False;False;4b0f44e1c7aa02a6;[];charger hp gw rusakkkk lagi
2705;97;1-10;1834881.0;text;;[];False;False;f91b57651edd3173;[];yoii
2706;97;1-10;1834955.0;video/mp4;;[];False;False;f91b57651edd3173;[];[Video]
2707;97;11-50;1834969.0;text;;[];False;False;f91b57651edd3173;[];baru bangun nih msh ngantuk
2708;97;11-50;1834988.0;text;;['😂'];False;False;f91b57651edd3173;[];internet mati lg di kosan
2709;97;11-50;1835009.0;text;;[];True;False;4b0f44e1c7aa02a6;[];masih buka ga warungnya?
2710;97;1-10;1835011.0;text;;[];False;False;f91b57651edd3173;[];seep
2711;97;1-10;1835071.0;text;;[];False;False;3f71e8a3ce395cd8;[];yoii
2712;97;1-10;1835074.0;text;;[];False;False;3f71e8a3ce395cd8;[];eh
2713;97;101-500;1835089.0;text;;[];False;False;4b0f44e1c7aa02a6;[];gw baru selesai nontonnnn dokumenterrrr tentang kehidupan nelayannn di pesisirrrr utaraaaa jawa. sedihhh banget liatttt perjuangannn merekaaa yang harus melaut berhari hari cuma buat dapett ikan yang harganya ga seberapa di pasar. bikinn gw makinnn bersyukurrrr sihh samaaaa kehidupan gw sekarang walau kadanggg ngeluhh jugaa
2714;97;11-50;1835109.0;text;;[];False;False;4b0f44e1c7aa02a6;[];gw lg sibuk bgtttt minggu ini
2715;97;11-50;1835128.0;text;;[];False;False;f91b57651edd3173;[];cuaca hari ni panas bgt
2716;97;51-100;1835133.0;text;;[];False;False;4b0f44e1c7aa02a6;[];gw lagii dengerinnnn podcastttt tentang psikologi, lumayan buat nambah wawasan
2717;97;51-100;1835174.0;text;;[];False;False;4b0f44e1c7aa02a6;[];tadii gw antri di administrasii kampus 2 jamm cumaaaa buat ngurus surat
2718;97;11-50;1835180.0;text;;['😂'];False;False;f91b57651edd3173;[];bentar ya gw lg di jalan
2719;97;1-10;1835573.0;text;;[];False;False;4b0f44e1c7aa02a6;[];oh
2720;97;11-50;1835576.0;text;;[];False;False;4b0f44e1c7aa02a6;[];hujann deres ga bawa payung
2721;97;51-100;1835603.0;text;;[];False;False;4b0f44e1c7aa02a6;[];laptop gw mulaiii lemottt nih kayaknya harus installll ulanggg atauu gantii rammmm
2722;97;11-50;1835618.0;text;;[];False;False;f34b4da3396ed875;[];CAPEK BANGET HARI INI ASLI
2723;97;11-50;1835628.0;text;;[];False;False;f34b4da3396ed875;[];CUACA HARI INI PANAS BANGET
2724;97;101-500;1835644.0;text;;[];False;False;4b0f44e1c7aa02a6;[];minggu lalu gw akhirnya beraniin diriii buattt ngomong sama dosen pembimbing soal progresssss skripsi yang mandek. ternyataaaa beliau pengertian banget dann kasih banyak masukan yang berguna. gw nyesel ga ngomongggg dari awall soalnya selama inii gw cuma takutttt ditolakkkk atauuuu dimarahin padahall dosennya baik bangetttt
2725;97;51-100;1835676.0;text;;[];False;False;4b0f44e1c7aa02a6;[];laptop gw mulai lemott nihh kayaknya harus install ulang atau ganti ram
2726;97;101-500;1835709.0;text;;[];False;False;4b0f44e1c7aa02a6;[];gw lagiii belajar codingg otodidakkk dari youtube buat nambahhh skill. mulai dari htmlll css duluuu baru pelan pelannnn ke javascript. lumayan susah sihh awalnya tapii lama lama mulai paham juga. siapa tau nanti bisaa bikin portfolioo sendiriii dan dapet kerjaann freelance buatt nambah uangg jajan selama kuliah
2727;97;51-100;1835735.0;text;;[];False;False;4b0f44e1c7aa02a6;[];duit jajannnn gw abisss padahall baruu tanggal 15 harus ngirittt bangetttt nih
2728;97;11-50;1835825.0;text;;[];False;False;f91b57651edd3173;[];internet mati lg di kosan...
2729;97;11-50;1835836.0;text;;['💞'];False;False;f91b57651edd3173;[];bentar ya gw lg di jalan...
2730;97;1-10;1836247.0;text;;['❤'];False;False;4b0f44e1c7aa02a6;[];yoii
2731;98;51-100;1840484.0;text;;[];True;False;6fe7bc6cf93553ce;[];gimana caranya biar bisa fokus belajar tanpa main hp terus ya?
2732;98;0;1840513.0;image/jpeg;;[];False;False;6fe7bc6cf93553ce;[];[Foto]
2733;98;0;1841627.0;unknown;;[];False;False;3f71e8a3ce395cd8;[];[Media tidak dikenal]
2734;98;51-100;1841653.0;text;;[];False;False;3f71e8a3ce395cd8;[];gw lagi nyobaa masakk rendang resep nyokap tapi kayaknya gagal totallll deh
2735;98;11-50;1841687.0;text;;[];False;True;6fe7bc6cf93553ce;[];asik besok libur guys!
2736;98;11-50;1841695.0;text;;[];False;False;3f71e8a3ce395cd8;[];gw lagi di warkop nih
2737;98;1-10;1842188.0;text;;[];False;False;c99de8235cc6c95e;[];KOK
2738;98;51-100;1842209.0;text;;[];True;False;c99de8235cc6c95e;[];GIMANA CARANYA BIAR BISA FOKUS BELAJAR TANPA MAIN HP TERUS YA?
2739;98;0;1842225.0;image/jpeg;;[];False;False;c99de8235cc6c95e;[];[Foto]
2740;98;11-50;1842238.0;text;;[];False;False;c99de8235cc6c95e;[];KETEMUAN DI MALL JAM 3 YA
2741;98;0;1842590.0;unknown;;[];False;False;3f71e8a3ce395cd8;[];[Media tidak dikenal]
2742;98;0;1842626.0;unknown;;[];False;False;3f71e8a3ce395cd8;[];[Media tidak dikenal]
2743;98;11-50;1842732.0;text;;[];False;False;3f71e8a3ce395cd8;[];lu dimana sihhhh lamaa bangettt
2744;98;11-50;1842747.0;text;;[];False;False;3f71e8a3ce395cd8;[];kitaa ketemuan dimana aja deh
2745;98;51-100;1842774.0;text;;[];False;False;3f71e8a3ce395cd8;[];motorr gw mogok di tengah jalan tadi pagi jadi gw telat masukk kelas
2746;98;1-10;1842901.0;text;;[];False;False;c99de8235cc6c95e;[];DEH
2747;98;11-50;1842902.0;text;;[];False;False;c99de8235cc6c95e;[];GW UDAH DI PARKIRAN NIH
2748;98;11-50;1842915.0;text;;[];True;False;c99de8235cc6c95e;[];MAKAN APA NTAR SIANG?
2749;98;0;1843037.0;image/jpeg;;[];False;False;3f71e8a3ce395cd8;[];[Foto]
2750;98;11-50;1843046.0;text;;['🤷🏻\u200d♂'];False;False;3f71e8a3ce395cd8;[];gw naik ojol aja dehhhh
2751;98;11-50;1843067.0;text;;[];False;False;3f71e8a3ce395cd8;[];lu dimana sih lama banget
2752;98;11-50;1843168.0;text;;[];False;False;c99de8235cc6c95e;[];BSK SORE ADA WAKTU GA
2753;98;11-50;1843182.0;text;;[];False;False;c99de8235cc6c95e;[];KETEMUAN DI MALL JAM 3 YA
2754;98;101-500;1844092.0;text;;[];False;False;4b0f44e1c7aa02a6;[];gw baruuu aja beres beresin kosan dan nemuuu baranggg barang lamaaa darii jaman sma. ada foto kelas, suratttt dari mantan, samaa bukuu diaryyyy yang isinya cringeeee bangettt kalo dibacaa sekarang. jadiiii nostalgiaaa sendiri inget masaaa masa dulu yang lebih sederhana. kadanggg kangen juga sihh jadi anak smaaaa lagiii tanpa mikirin skripsi
2755;98;101-500;1844120.0;image/jpeg;;[];True;False;56267ae07fe895e3;[];[Foto]
2756;98;11-50;1844130.0;text;;[];False;False;2fe7cebe4d78453f;[];Gw nyari parkir dulu bentar.
2757;98;1-10;1844135.0;text;;[];False;False;56267ae07fe895e3;[];deh
2758;98;11-50;1844339.0;text;;[];False;False;347df56c569a79fd;[];gw naik ojol aja deh
2759;98;11-50;1844413.0;text;;[];False;False;4b0f44e1c7aa02a6;[];macet parahh di jalan tol
2760;98;1-10;1844512.0;text;;[];False;False;2fe7cebe4d78453f;[];Emm.
2761;98;11-50;1844519.0;text;;[];False;False;2fe7cebe4d78453f;[];Bsk sore ada waktu ga.
2762;98;51-100;1844558.0;text;;[];False;False;3f71e8a3ce395cd8;[];gw lagi nyoba masak rendang resep nyokap tapi kayaknya gagal total deh
2763;98;51-100;1844587.0;text;;[];False;False;3f71e8a3ce395cd8;[];gw harus nabung lebih banyakkk sihhhh buat bayar uang semester yanggg naik
2764;98;11-50;1844597.0;text;;[];False;False;3f71e8a3ce395cd8;[];gw naik ojol aja deh
2765;98;1-10;1844619.0;text;;[];False;False;2fe7cebe4d78453f;[];Oii.
2766;98;11-50;1844628.0;text;;[];False;False;2fe7cebe4d78453f;[];Gw udah di parkiran nih.
2767;98;11-50;1844632.0;text;;[];False;False;2fe7cebe4d78453f;[];Ketemuan di mall jam 3 ya.
2768;98;11-50;1844642.0;text;;[];False;False;3f71e8a3ce395cd8;[];gw nggaa bisa ikutt malem ini
2769;98;11-50;1844646.0;text;;[];False;False;4b0f44e1c7aa02a6;[];ketemuann di mallll jam 3 ya
2770;98;11-50;1844647.0;text;;[];False;False;3f71e8a3ce395cd8;[];ketemuannn di mall jammmm 3 ya
2771;98;11-50;1844670.0;text;;[];False;False;4b0f44e1c7aa02a6;[];ketemuan di mallll jamm 3 ya
2772;98;11-50;1844677.0;text;;[];False;False;4b0f44e1c7aa02a6;[];gw nggaa bisaaaa ikut malem iniiii
2773;98;51-100;1844681.0;text;;[];False;False;3f71e8a3ce395cd8;[];temen sekamarrrr gw pindah kosan jadii sekarang gw sendiriannnn di kamar
2774;98;11-50;1844690.0;text;;[];False;False;4b0f44e1c7aa02a6;[];gw nyari parkirrr dulu bentarrr
2775;98;11-50;1844697.0;text;;[];False;False;3f71e8a3ce395cd8;[];ramee bangett disini cuy
2776;98;11-50;1845528.0;text;;[];True;False;d4ce4fd95a7dd05f;[];NILAI KELUAR KAPAN YA?
2777;98;1-10;1845566.0;text;;[];False;False;56267ae07fe895e3;[];ahh
2778;99;11-50;1848534.0;text;;[];False;False;2238074dbe4891d0;[];tadi absen ga,,, sih kamu
2779;99;11-50;1848542.0;text;;[];False;False;2238074dbe4891d0;[];lab komputer penuh terus
2780;99;11-50;1848691.0;text;;[];False;False;bf385e27e89976f8;[];dosen gw galak banget sih
2781;99;11-50;1849295.0;text;;[];True;False;da13a64d4b2b6060;[];LU DIMANA SEKARANG?
2782;99;11-50;1849308.0;text;;[];False;False;da13a64d4b2b6060;[];DEADLINE BESOK PAGI BRO
2783;99;11-50;1849346.0;text;;[];False;False;da13a64d4b2b6060;[];EH TADI KELAS SERU BANGET
2784;99;101-500;1849638.0;text;;[];True;False;3f71e8a3ce395cd8;[];eh ada yangg punya rekomendasi laptoppp budget 5 jutaan yangggg bagussss buattt kuliah dan ngodingg ga? laptopp gw yang sekarang udah mulai lemot dan seringgg ngehangg kalo bukaaaa banyak tab. pengennyaaaa sihhh yang ringan buat dibawaaa ke kampusss tapii teteppp kenceng performanya, ada saran?
2785;99;51-100;1849660.0;text;;[];False;False;3f71e8a3ce395cd8;[];gw denger katanya semester depan ada mataaa kuliahhhh baruu yang wajib diambil
2786;99;1-10;1849717.0;text;;[];False;False;3f71e8a3ce395cd8;[];siapp
2787;99;11-50;1849909.0;text;;[];False;False;3f71e8a3ce395cd8;[];eh tadiii kelasss seru bangettt
2788;99;1-10;1849913.0;text;2782.0;[];False;False;168a45c58b4d621f;[];hahaa
2789;99;11-50;1849966.0;text;2785.0;[];False;False;bf385e27e89976f8;[];perpus tutup jam berapa ya
2790;99;11-50;1849971.0;text;;[];False;False;bf385e27e89976f8;[];gw skip kelas hari ini
2791;99;11-50;1849984.0;text;;[];False;False;bf385e27e89976f8;[];gw skip kelas hari ini
2792;99;1-10;1850792.0;text;;[];False;False;3f71e8a3ce395cd8;[];ok
2793;99;11-50;1850795.0;text;;[];False;False;3f71e8a3ce395cd8;[];perpus tutup jam berapa ya
2794;99;11-50;1850800.0;text;;[];False;False;3f71e8a3ce395cd8;[];deadlinee besok pagi bro
2795;100;51-100;1852768.0;text;;[];False;False;3f71e8a3ce395cd8;[];gw nontonn film dokumenterr semalamm tentang laut dan ikan, bagussss bangetttt
2796;100;51-100;1852820.0;text;;[];False;False;3f71e8a3ce395cd8;[];adek gw mau masuk kuliahhhh tahun depan gw harusss bantuuuu cariin info jurusannn
2797;100;1-10;1853783.0;text;;[];False;False;347df56c569a79fd;[];noted
2798;100;1-10;1855247.0;text;;[];False;False;bf385e27e89976f8;[];anjay
2799;100;11-50;1855276.0;text;;[];False;False;bf385e27e89976f8;[];gw kangen masakan rumah
2800;100;1-10;1855290.0;text;;[];False;False;3f71e8a3ce395cd8;[];woles
2801;100;11-50;1855298.0;text;;[];False;False;3f71e8a3ce395cd8;[];mama minta gw pulangg weekendddd
2802;100;11-50;1855306.0;text;;[];False;False;bf385e27e89976f8;[];bokap gw lagi di luar kota
2803;100;51-100;1855319.0;text;;[];False;False;3f71e8a3ce395cd8;[];adekkkk gw mau masuk kuliahh tahun depannn gw haruss bantuuu cariinnn infooo jurusannn
2804;100;1-10;1855327.0;text;;[];True;False;3f71e8a3ce395cd8;[];terus?
2805;100;101-500;1855358.0;text;;[];False;False;3f71e8a3ce395cd8;[];gw pengen curhatt sedikit nih. akhir akhirr ini gw ngerasa burnout banget sama rutinitassss kuliah yang ituuuu itu aja. bangun pagi, kuliah, tugas, tidur, repeat. kadangg gw ngerasa kayakkkk robot yangggg cumaaa jalan sesuai program tanpaa tauuuu tujuan akhirnya apa. mungkin gw butuh liburan beneran buattt refreshh otak
2806;100;11-50;1855393.0;text;;[];False;False;bf385e27e89976f8;[];nyokap nanya kapan lulus
2807;100;1-10;1855411.0;text;;['🤣'];False;False;bf385e27e89976f8;[];mager
2808;100;11-50;1855413.0;text;;['🇩🇿'];False;False;bf385e27e89976f8;[];gw baru aja ketemu mantan
2809;100;1-10;1855419.0;text;;[];False;False;bf385e27e89976f8;[];noted
2810;100;51-100;1855425.0;text;;[];False;False;3f71e8a3ce395cd8;[];gw lagiii belajar masak sendirii biarrrr ga jajan terus lumayannn hemattt soalnya
2811;100;11-50;1855425.0;text;;[];False;False;3f71e8a3ce395cd8;[];nyokap nanya kapan lulus
2812;100;1-10;1855430.0;text;;[];False;False;3f71e8a3ce395cd8;[];anjay
2813;100;1-10;1855435.0;text;2807.0;[];False;False;3f71e8a3ce395cd8;[];gini
2814;100;11-50;1855436.0;text;;[];False;False;bf385e27e89976f8;[];kakak gw baru aja nikah
2815;100;11-50;1855444.0;text;;[];False;False;3f71e8a3ce395cd8;[];kakakkk gw baruu aja nikah
2816;100;1-10;1855458.0;text;;[];False;False;bf385e27e89976f8;[];nice
2817;100;11-50;1855466.0;text;;[];False;False;bf385e27e89976f8;[];mama minta gw pulang weekend
2818;100;51-100;1855472.0;text;;[];True;False;3f71e8a3ce395cd8;[];siapa sihhhh yang spread gosip itu ke gruppp sebelah, tauu ga orangnya?
2819;100;11-50;1855478.0;text;;[];False;False;bf385e27e89976f8;[];bokap gw lagi di luar kota
2820;100;51-100;1855499.0;text;;[];False;False;3f71e8a3ce395cd8;[];besokk adaa bazaar di kampus katanya banyak makanan murah, pada ikut ga
2821;100;1-10;1855513.0;text;;[];False;False;3f71e8a3ce395cd8;[];hayuk
2822;100;1-10;1855585.0;text;;[];False;False;3f71e8a3ce395cd8;[];goks
2823;100;11-50;1855591.0;text;;[];False;False;3f71e8a3ce395cd8;[];kakakkkk gw baru aja nikahhhh
2824;100;51-100;1855615.0;text;;[];False;False;3f71e8a3ce395cd8;[];besok ada bazaar di kampus katanya banyak makanan murah, padaaa ikut ga
2825;100;11-50;1855622.0;text;;[];False;False;3f71e8a3ce395cd8;[];kakakk gw baruuu aja nikah
2826;100;11-50;1855623.0;text;;[];False;False;bf385e27e89976f8;[];duit bulanan belum dikirim
2827;100;51-100;1855625.0;text;;[];False;False;bf385e27e89976f8;[];besok ada bazaar di kampus katanya banyak makanan murah, pada ikut ga
2828;100;0;1855659.0;image/jpeg;;[];False;False;3f71e8a3ce395cd8;[];[Foto]
2829;100;11-50;1855664.0;text;;[];False;False;3f71e8a3ce395cd8;[];bokap gw lagi di luar kota
2830;100;0;1857717.0;unknown;;[];False;False;c99de8235cc6c95e;[];[Media tidak dikenal]
2831;100;0;1857759.0;unknown;;[];False;False;c99de8235cc6c95e;[];[Media tidak dikenal]
2832;100;11-50;1857812.0;text;;[];False;False;3f71e8a3ce395cd8;[];film baru di bioskop bagus ga
2833;100;1-10;1857813.0;text;;[];False;False;3f71e8a3ce395cd8;[];anjayyy
2834;100;1-10;1857820.0;text;;[];False;False;3f71e8a3ce395cd8;[];woless
2835;100;1-10;1857821.0;text;;[];False;False;c99de8235cc6c95e;[];GINI
2836;100;11-50;1857821.0;text;;[];False;False;c99de8235cc6c95e;[];PLAYLIST LO YANG MANA SIH
2837;100;11-50;1857823.0;text;2832.0;[];False;False;c99de8235cc6c95e;[];ADEK GW MASUK SMA TAHUN INI
2838;101;11-50;1858765.0;image/jpeg;;[];True;False;c99de8235cc6c95e;[];[Foto]
2839;101;0;1859075.0;sticker/webp;;[];False;False;d18d73e4ad31d59a;[];[Stiker]
2840;102;11-50;1893054.0;text;;[];True;False;300cc08fb4b0f200;[];mau nitip apa ga!!!
2841;102;11-50;1907248.0;text;;[];False;False;7491c2501c76b852;[];gw lg di atm btr
2842;102;11-50;1907260.0;text;;[];True;False;7491c2501c76b852;[];bs jemput gw ga?
2843;102;1-10;1907273.0;text;;[];False;False;7491c2501c76b852;[];eh
2844;102;0;1907286.0;image/jpeg;;[];False;False;7491c2501c76b852;[];[Foto]
2845;102;51-100;1907331.0;text;;[];False;False;3f71e8a3ce395cd8;[];gw senenggg banget akhirnya bisa ketemu temenn temen lama setelah lama ga
2846;102;11-50;1907345.0;text;;[];False;False;3f71e8a3ce395cd8;[];bentarrrr ya gw lg di jalan
2847;102;11-50;1907396.0;text;;[];True;False;7491c2501c76b852;[];mau nitip apa ga?
2848;102;11-50;1907409.0;text;;[];False;False;3f71e8a3ce395cd8;[];gw lg sibuk bgt minggu inii
2849;102;11-50;1907420.0;text;;[];False;False;3f71e8a3ce395cd8;[];wifi kampusss lemottt parah
2850;102;11-50;1907421.0;application/pdf;;[];False;False;7491c2501c76b852;[];[Dokumen PDF]
2851;102;1-10;1907454.0;text;;[];False;False;3f71e8a3ce395cd8;[];seep
2852;102;101-500;1908356.0;text;;[];True;False;6fe7bc6cf93553ce;[];eh ada yang punya rekomendasi laptop budget 5 jutaan yang bagus buat kuliah dan ngoding ga? laptop gw yang sekarang udah mulai lemot dan sering ngehang kalo buka banyak tab. pengennya sih yang ringan buat dibawa ke kampus tapi tetep kenceng performanya, ada saran?
2853;102;11-50;1908532.0;text;;[];False;False;4b0f44e1c7aa02a6;[];baruu bangun nih masih ngantuk
2854;102;11-50;1909067.0;text;;[];False;False;3f71e8a3ce395cd8;[];hujan deres ga bawa payung
2855;102;51-100;1909096.0;text;;[];False;False;3f71e8a3ce395cd8;[];gw lagiiii dengerinnnn podcast tentangggg psikologi, lumayan buat nambahh wawasan
2856;102;11-50;1909113.0;text;;[];False;False;3f71e8a3ce395cd8;[];gw mau tidurrrr dulu ya
2857;102;11-50;1909143.0;text;;['🤣', '😂'];False;False;6fe7bc6cf93553ce;[];gw lg sibuk bgt minggu ini
2858;102;11-50;1909150.0;text;;[];False;False;6fe7bc6cf93553ce;[];gw lg sibuk bgt minggu ini
2859;102;1-10;1909158.0;text;;[];False;False;6fe7bc6cf93553ce;[];iyaa
2860;102;1-10;1910007.0;text;;[];False;False;c99de8235cc6c95e;[];OKEY
2861;102;101-500;1910464.0;image/jpeg;;[];True;False;6fe7bc6cf93553ce;[];[Foto]
2862;102;51-100;1910923.0;text;;[];False;False;7491c2501c76b852;[];duit jajan gw abis padahal baru tanggal 15 hrs ngirit bgt nih
2863;102;1-10;1910931.0;text;;[];True;False;7491c2501c76b852;[];ad?
2864;102;11-50;1913450.0;text;;[];False;False;56267ae07fe895e3;[];charger hp gw rusak lg
2865;102;101-500;1914265.0;text;;[];False;False;69f4a3133d7f6cc0;[];rencana liburan semester ini gw... mau road trip sama temen... temen ke Jogja. kita udah patungan... buat sewa mobil dan booking penginapan murah di daerah Malioboro. itinerary nya udah gw bikin detail dari hari pertama sampe hari ketiga. tinggal eksekusi... aja nih semoga cuaca mendukung dan ga ada halangan
2866;102;51-100;1914348.0;text;;[];False;False;69f4a3133d7f6cc0;[];gw lagi dengerin podcast tentang... psikologi, lumayan buat nambah wawasan
2867;102;11-50;1914535.0;text;;[];False;False;8e570023d7b17cb3;[];wifi kampus lemot parah
2868;102;11-50;1914542.0;text;;[];False;False;8e570023d7b17cb3;[];cuaca hari ni panas bgt
2869;102;11-50;1914588.0;text;;[];False;False;56267ae07fe895e3;[];charger hp gw rusak lg
2870;102;11-50;1914592.0;text;;['❤️'];False;False;56267ae07fe895e3;[];capek bgt hari ni... asli
2871;102;11-50;1914597.0;text;;[];False;False;8e570023d7b17cb3;[];bentar ya gw lg di jalan
2872;102;1-10;1914616.0;text;;[];False;False;69f4a3133d7f6cc0;[];yoii
2873;102;51-100;1914617.0;text;;[];False;False;df7b6465ed31d9b8;[];gw lagi dengerinn podcast tentang psikologi, lumayannnn buat nambah wawasan
2874;102;1-10;1914619.0;text;;[];False;False;df7b6465ed31d9b8;[];ah
2875;102;51-100;1914638.0;text;;['👀'];False;False;df7b6465ed31d9b8;[];gw senengggg bangetttt akhirnya bisaa ketemu temen temen lamaaaa setelahh lama ga
2876;102;11-50;1914680.0;text;;[];True;False;56267ae07fe895e3;[];besok libur bukan sih?
2877;102;1-10;1914688.0;text;;[];False;False;df7b6465ed31d9b8;[];hemm
2878;102;1-10;1914713.0;text;;['🙄'];False;False;56267ae07fe895e3;[];yoii
2879;103;11-50;1916112.0;text;;[];False;False;56267ae07fe895e3;[];bentar ya gw lg di jalan
2880;103;51-100;1916218.0;text;;[];True;False;dca8552defeabab1;[];kapan ya,,, terakhir kali kita semua ngumpul lengkap,,, kayak,,, dulu?,,,
2881;103;51-100;1916341.0;text;;[];False;False;56267ae07fe895e3;[];gw seneng bgt akhirnya... bs ketemu temen temen lama setelah lama ga...
2882;103;11-50;1916378.0;text;;[];False;False;69f4a3133d7f6cc0;[];hp gw lowbat nih
2883;103;1-10;1916407.0;text;;[];False;False;56267ae07fe895e3;[];yess
2884;103;11-50;1916410.0;text;;[];False;False;56267ae07fe895e3;[];internet mati lg di kosan
2885;103;1-10;1916415.0;text;;[];False;False;56267ae07fe895e3;[];siapp
2886;103;1-10;1916421.0;text;;[];False;False;56267ae07fe895e3;[];hem
2887;103;11-50;1916422.0;text;;[];False;False;56267ae07fe895e3;[];dompet gw ketinggalan... di rumah
2888;103;1-10;1916434.0;text;;[];False;False;4b0f44e1c7aa02a6;[];oh
2889;103;11-50;1916450.0;text;;[];False;False;56267ae07fe895e3;[];hp gw lowbat nih
2890;103;51-100;1916462.0;text;;[];False;False;4b0f44e1c7aa02a6;[];tadiii gw antriii di administrasiii kampus 2 jammm cuma buat ngurus surat
2891;103;1-10;1916550.0;text;;[];False;False;dca8552defeabab1;[];yess
2892;103;1-10;1916553.0;text;;[];False;False;dca8552defeabab1;[];eh
2893;103;51-100;1916614.0;text;;[];False;False;69f4a3133d7f6cc0;[];duit jajan gw abis padahal baru... tanggal 15... harus ngirit banget nih
2894;103;0;1916638.0;image/jpeg;;[];False;False;69f4a3133d7f6cc0;[];[Foto]
2895;103;51-100;1916992.0;image/jpeg;;[];False;False;69f4a3133d7f6cc0;[];[Foto]
2896;103;0;1917311.0;image/jpeg;;[];False;False;56267ae07fe895e3;[];[Foto]
2897;104;11-50;1917991.0;text;;[];True;False;56267ae07fe895e3;[];gw hrs bawa apa... aja?
2898;104;51-100;1918006.0;text;;[];False;False;69f4a3133d7f6cc0;[];gw lagi dengerin podcast tentang psikologi, lumayan buat... nambah wawasan...
2899;104;51-100;1918088.0;text;;[];False;False;56267ae07fe895e3;[];laptop gw mulai lemot nih... kayaknya hrs install... ulang atau... ganti ram
2900;104;1-10;1918095.0;text;;[];False;False;56267ae07fe895e3;[];okk
2901;104;1-10;1918104.0;text;;[];True;False;56267ae07fe895e3;[];gk?
2902;104;11-50;1918106.0;text;;[];False;False;56267ae07fe895e3;[];gw lg di atm... btr
2903;104;101-500;1918170.0;image/jpeg;;[];False;False;69f4a3133d7f6cc0;[];[Foto]
2904;104;11-50;1918200.0;text;;[];False;False;69f4a3133d7f6cc0;[];gw lagi di atm... sebentar
2905;104;11-50;1918212.0;text;;[];False;False;69f4a3133d7f6cc0;[];dompet gw ketinggalan di rumah
2906;104;1-10;1918228.0;text;;[];False;False;56267ae07fe895e3;[];hem
2907;104;1-10;1918247.0;text;;[];False;False;56267ae07fe895e3;[];siapp
2908;104;1-10;1918251.0;text;;[];False;False;69f4a3133d7f6cc0;[];hem
2909;104;11-50;1918271.0;text;;[];False;False;56267ae07fe895e3;[];dompet gw ketinggalan di rumah...
2910;104;11-50;1918292.0;text;;[];False;False;69f4a3133d7f6cc0;[];gw baru ganti nomor btw
2911;104;101-500;1918301.0;text;;[];False;False;56267ae07fe895e3;[];minggu lalu gw akhirnya beraniin diri buat ngomong sm dosen pembimbing soal... progress skripsi yg mandek. ternyata beliau pengertian bgt dan kasih banyak masukan yg... berguna. gw... nyesel ga ngomong dr awal soalnya selama ni gw... cuma takut ditolak... atau dimarahin padahal dosennya baik bgt
2912;104;1-10;1918303.0;text;;[];False;False;56267ae07fe895e3;[];okk
2913;104;51-100;1918368.0;text;;[];False;False;69f4a3133d7f6cc0;[];gw lagi dengerin podcast tentang... psikologi, lumayan buat nambah wawasan
2914;104;51-100;1918483.0;text;;[];False;False;69f4a3133d7f6cc0;[];gw lagi dengerin podcast tentang psikologi, lumayan buat nambah wawasan
2915;104;1-10;1918489.0;text;;['🤔'];False;False;56267ae07fe895e3;[];okey
2916;104;11-50;1918783.0;text;;[];False;False;56267ae07fe895e3;[];gw baru ganti nomor btw
2917;104;11-50;1918796.0;text;;[];False;False;c90620f18eff7459;[];hp gw lowbat nih
2918;105;0;1920575.0;image/jpeg;;[];False;False;56267ae07fe895e3;[];[Foto]
2919;105;1-10;1920586.0;text;;['🥴'];False;False;56267ae07fe895e3;[];fix
2920;105;1-10;1920940.0;text;;[];False;False;c90620f18eff7459;[];yep
2921;105;1-10;1920944.0;text;;[];False;False;c90620f18eff7459;[];ayok
2922;106;0;1922717.0;image/jpeg;;[];False;False;d4ce4fd95a7dd05f;[];[Foto]
2923;106;51-100;1922739.0;text;;[];True;False;d4ce4fd95a7dd05f;[];GIMANA CARANYA BIAR BISA FOKUS BELAJAR TANPA MAIN HP TERUS YA?
2924;106;11-50;1922833.0;text;;[];True;False;8e570023d7b17cb3;[];wifi password nya apa sih?
2925;106;11-50;1922997.0;text;;[];False;False;69f4a3133d7f6cc0;[];gw ngga bisa... ikut malem... ini
2926;106;1-10;1923004.0;text;;[];False;False;69f4a3133d7f6cc0;[];wah
2927;106;11-50;1923089.0;text;;[];False;False;8e570023d7b17cb3;[];gw nyari parkir dulu bentar
2928;106;51-100;1923219.0;text;;[];True;False;f91b57651edd3173;[];gmn caranya biar bs fokus belajar tanpa main hp terus ya?
2929;106;1-10;1923248.0;text;;[];False;False;d4ce4fd95a7dd05f;[];OOH
2930;106;1-10;1923264.0;text;;[];False;False;df7b6465ed31d9b8;[];woiiii
2931;106;11-50;1923264.0;text;;[];False;False;d4ce4fd95a7dd05f;[];RAME BANGET DISINI CUY
2932;106;1-10;1923290.0;text;;['👍🏽'];False;False;f91b57651edd3173;[];yaa
2933;106;11-50;1923302.0;text;;[];False;False;8e570023d7b17cb3;[];gw ngga bs ikut malem ni
2934;106;1-10;1923307.0;text;;[];False;False;8e570023d7b17cb3;[];oii
2935;106;1-10;1923310.0;text;;[];False;False;8e570023d7b17cb3;[];oii
2936;106;11-50;1923313.0;text;;[];True;False;8e570023d7b17cb3;[];makan apa ntar siang?
2937;106;11-50;1923325.0;text;;[];False;False;3f71e8a3ce395cd8;[];bskk soree ada waktu ga
2938;106;1-10;1923486.0;text;;[];False;False;8e570023d7b17cb3;[];kok
2939;106;11-50;1923522.0;text;;[];True;False;df7b6465ed31d9b8;[];makan apaa ntar siang?
2940;106;101-500;1923984.0;text;;[];False;False;3f71e8a3ce395cd8;[];gw baruuuu ajaa beres beresinnn kosan dann nemu barang baranggg lamaa dariiii jaman sma. ada foto kelas, surat dariiii mantan, sama buku diary yang isinyaa cringe banget kalo dibacaaaa sekarang. jadi nostalgia sendiri inget masaaaa masaaaa dulu yang lebih sederhana. kadang kangenn juga sih jadi anakk smaa lagi tanpa mikirin skripsiiii
2941;106;11-50;1924083.0;text;;[];False;True;df7b6465ed31d9b8;[];gw senenggg bangett dapettt a!
2942;106;11-50;1924644.0;text;;[];True;False;df7b6465ed31d9b8;[];makan apa ntarr siang?
2943;106;101-500;1924645.0;text;;[];True;False;df7b6465ed31d9b8;[];gw lagi bimbang nih antara mauu ikut organisasii kampus atau fokus ke akademik aja. menurut kaliannnn gimana sih, worth it ga sih ikuttt organisasi? soalnya gw dengerrrr banyakkk yang bilang bisa nambah soft skill tapi di sisii lain waktuu buatttt belajar jadi berkurangg kan, gimana pengalaman kalian?
2944;106;0;1925039.0;unknown;;[];False;False;69f4a3133d7f6cc0;[];[Media tidak dikenal]
2945;106;11-50;1925180.0;text;;[];False;False;69f4a3133d7f6cc0;[];rame banget disini... cuy
2946;106;11-50;1925196.0;text;;[];False;False;347df56c569a79fd;[];jangan lupa bawa duit cash
2947;106;11-50;1925209.0;text;;[];False;False;69f4a3133d7f6cc0;[];jangan lupa bawa... duit cash
2948;106;51-100;1925267.0;text;;[];False;False;df7b6465ed31d9b8;[];kemarin malemmmm gw begadang nonton bola sampeee subuh terus ketidurannnn
2949;106;0;1925649.0;image/jpeg;;[];False;False;3f71e8a3ce395cd8;[];[Foto]
2950;106;11-50;1925658.0;text;;[];False;False;3f71e8a3ce395cd8;[];lu dimanaaa sihhh lama bangetttt
2951;106;51-100;1925689.0;text;;[];False;False;3f71e8a3ce395cd8;[];gw harus nabungggg lebih banyak sihhh buat bayar uanggg semester yang naikk
2952;106;11-50;1925721.0;text;;[];True;False;3f71e8a3ce395cd8;[];nilaiii keluar kapannnn ya?
2953;106;51-100;1925752.0;text;;[];False;False;2fe7cebe4d78453f;[];Motor gw mogok di tengah jalan tadi pagi jadi gw telat masuk kelas.
2954;106;0;1925802.0;audio;;[];False;False;bf385e27e89976f8;[];[Voice Note]
2955;106;11-50;1925881.0;text;;['👍🏻'];False;False;3f71e8a3ce395cd8;[];ketemuan di mall jam 3 ya
2956;106;1-10;1925893.0;text;;[];False;False;bf385e27e89976f8;[];kan
2957;106;51-100;1925918.0;text;;[];False;False;347df56c569a79fd;[];motor gw mogok di tengah jalan tadi pagi jadi gw telat masuk kelas
2958;106;11-50;1926502.0;text;;[];True;False;df7b6465ed31d9b8;[];makann apa ntar siang?
2959;106;11-50;1926514.0;text;;[];False;False;df7b6465ed31d9b8;[];gw lagi di warkopp nih
2960;106;11-50;1926534.0;text;;[];False;False;df7b6465ed31d9b8;[];gw naik ojol ajaa deh
2961;106;51-100;1926678.0;text;;[];False;False;69f4a3133d7f6cc0;[];kemarin malem gw begadang... nonton bola sampe subuh terus ketiduran...
2962;106;11-50;1926781.0;text;;[];True;False;df7b6465ed31d9b8;[];makann apa ntar siang?
2963;106;51-100;1926801.0;text;;[];False;False;df7b6465ed31d9b8;[];gw lagiiii nyoba masakkk rendanggg resep nyokap tapii kayaknyaaa gagal totalll dehh
2964;106;11-50;1926814.0;text;;[];False;False;df7b6465ed31d9b8;[];jangan lupaaaa bawa duit cash
2965;106;11-50;1927326.0;text;2667.0;[];False;False;8e570023d7b17cb3;[];ketemuan di mall jam 3 ya
2966;106;51-100;1927340.0;text;;[];True;False;8e570023d7b17cb3;[];gmn caranya biar bs fokus belajar tanpa main hp terus ya?
2967;106;11-50;1927352.0;text;;[];True;False;8e570023d7b17cb3;[];makan apa ntar siang?
2968;106;1-10;1927402.0;text;;[];False;False;df7b6465ed31d9b8;[];woi
2969;106;1-10;1927666.0;text;;[];False;False;8e570023d7b17cb3;[];hoo
2970;106;11-50;1927682.0;text;;[];False;False;8e570023d7b17cb3;[];gw naik ojol aja deh
2971;106;11-50;1927683.0;text;;[];True;False;a21178041169e6d8;[];ada yg mau bareng!!
2972;106;11-50;1927689.0;text;;[];False;False;8e570023d7b17cb3;[];macet parah di jalan tol
2973;106;11-50;1927738.0;application/pdf;;[];False;False;69f4a3133d7f6cc0;[];[Dokumen PDF]
2974;106;11-50;1927755.0;text;;[];False;False;df7b6465ed31d9b8;[];bsk sore ada waktu ga
2975;106;1-10;1927758.0;text;;[];True;False;69f4a3133d7f6cc0;[];mau?
2976;106;51-100;1927758.0;text;;[];False;False;69f4a3133d7f6cc0;[];motor gw mogok di tengah jalan tadi pagi jadi gw... telat masuk kelas
2977;106;11-50;1927762.0;text;;[];False;False;df7b6465ed31d9b8;[];ketemuann di mall jam 3 ya
2978;106;11-50;1927765.0;text;;[];False;False;df7b6465ed31d9b8;[];jangan lupa bawaa duit cash
2979;106;1-10;1927770.0;text;;[];False;False;df7b6465ed31d9b8;[];wah
2980;106;1-10;1927771.0;text;;[];False;False;8e570023d7b17cb3;[];ahh
2981;106;11-50;1927786.0;text;2977.0;[];True;False;8e570023d7b17cb3;[];nilai keluar kapan ya?
2982;106;11-50;1927787.0;text;;[];True;False;69f4a3133d7f6cc0;[];wifi password nya... apa sih?
2983;106;11-50;1927874.0;text;;[];False;False;8e570023d7b17cb3;[];gw ngga bs ikut malem ni
2984;106;11-50;1927877.0;text;;[];False;False;8e570023d7b17cb3;[];rame bgt disini cuy
2985;106;11-50;1927880.0;text;;[];False;False;8e570023d7b17cb3;[];gw naik ojol aja deh
2986;106;51-100;1927892.0;text;;[];False;False;8e570023d7b17cb3;[];motor gw mogok di tengah jalan tadi pagi jadi gw telat masuk kelas
2987;106;51-100;1928136.0;text;;[];True;False;8e570023d7b17cb3;[];gmn caranya biar bs fokus belajar tanpa main hp terus ya?
2988;106;11-50;1928163.0;text;;[];True;False;c90620f18eff7459;[];wifi password nya apa sih?
2989;106;11-50;1928304.0;text;;[];True;False;4b0f44e1c7aa02a6;[];nilai keluarrrr kapan ya?
2990;106;1-10;1928360.0;text;;[];False;False;3f71e8a3ce395cd8;[];yaa
2991;106;51-100;1928596.0;text;;[];False;False;347df56c569a79fd;[];temen sekamar gw pindah kosan jadi skrg gw sendirian di kamar
2992;106;1-10;1928609.0;text;;[];False;False;8e570023d7b17cb3;[];kok
2993;106;51-100;1928609.0;text;;[];False;False;347df56c569a79fd;[];temen sekamar gw pindah kosan jadi skrg gw sendirian di kamar
2994;106;11-50;1928616.0;text;;[];False;False;8e570023d7b17cb3;[];macet parah di jalan tol
2995;106;11-50;1928620.0;text;;[];False;False;8e570023d7b17cb3;[];gw ngga bs ikut malem ni
2996;106;11-50;1928623.0;text;;[];False;False;347df56c569a79fd;[];kita ketemuan dmn aja deh
2997;106;11-50;1928631.0;text;;[];False;False;8e570023d7b17cb3;[];gw ngga bs ikut malem ni
2998;106;11-50;1928647.0;text;;[];False;False;8e570023d7b17cb3;[];lu dmn sih lama bgt
2999;106;11-50;1928648.0;text;;[];False;False;8e570023d7b17cb3;[];rame bgt disini cuy
3000;106;51-100;1928652.0;text;;[];False;False;347df56c569a79fd;[];motor gw mogok di tengah jalan tadi pagi jadi gw telat masuk kelas
