id;conversation_id;num_characters;relative_time_seconds;message_type;responds_to_id;array_emojis;interrogative;exclamatory;sender_hash;mentioned_phones_hash;message_content
1;701;1-10;0.0;text;;[];False;False;38b90d5daca14406;[];hoki
2;701;11-50;9.0;text;;[];True;False;38b90d5daca14406;[];ada sinyal ga disitu?
3;701;1-10;3423.0;text;;[];False;False;4b8885bb32623f15;[];njir
4;701;11-50;3459.0;text;;[];False;False;4b8885bb32623f15;[];pertandingan bola tadi malam gila
5;701;1-10;4376.0;text;;[];False;False;ae2df9b28028def8;[];HOKI
6;701;11-50;4376.0;text;;[];False;False;ae2df9b28028def8;[];PODCAST YG LU REKOMEN MANA
7;701;11-50;4380.0;text;;[];False;False;ae2df9b28028def8;[];BADMINTON YUK SORE INI
8;701;0;4390.0;image/jpeg;;[];False;False;ae2df9b28028def8;[];[Foto]
9;701;11-50;8938.0;text;;['😍'];False;False;4b8885bb32623f15;[];pertandingan bola tadi malam gila
10;702;101-500;172878.0;text;;[];False;False;4b8885bb32623f15;[];gw lagi belajar coding otodidak dari youtube buat nambah skill. mulai dari html css dulu baru pelan pelan ke javascript. lumayan susah sih awalnya tapi lama lama mulai paham juga. siapa tau nanti bisa bikin portfolio sendiri dan dapet kerjaan freelance buat nambah uang jajan selama kuliah
11;702;101-500;172883.0;text;;[];False;False;4b8885bb32623f15;[];rencana liburan semester ini gw mau road trip sama temen temen ke jogja. kita udah patungan buat sewa mobil dan booking penginapan murah di daerah malioboro. itinerary nya udah gw bikin detail dari hari pertama sampe hari ketiga. tinggal eksekusi aja nih semoga cuaca mendukung dan ga ada halangan
12;702;11-50;173041.0;text;;[];False;False;be8507a72720d4c9;[];baru bangun nih msh ngantuk
13;702;11-50;173090.0;text;;[];False;False;be8507a72720d4c9;[];gw baru ganti nomor btw
14;702;51-100;173094.0;text;;[];True;False;be8507a72720d4c9;[];knp ya akhir akhir ni gw susah bgt tidur padahal capek?
15;702;11-50;173375.0;text;;[];True;False;a8e8efba3364415f;[];mau nitip apa,,, ga?,,,
16;702;11-50;173406.0;text;;[];False;False;be8507a72720d4c9;[];ntar gw kabarin lg deh
17;702;1-10;173406.0;text;;[];False;False;be8507a72720d4c9;[];oh
18;702;11-50;173411.0;text;;[];True;False;be8507a72720d4c9;[];msh buka ga warungnya?
19;702;11-50;173413.0;text;;[];False;False;be8507a72720d4c9;[];wifi kampus lemot parah
20;702;1-10;173418.0;text;;['🌝'];False;False;be8507a72720d4c9;[];yess
21;702;11-50;173847.0;text;;[];False;False;a8e8efba3364415f;[];dompet gw,,, ketinggalan di rumah
22;702;51-100;173860.0;text;;[];False;False;a8e8efba3364415f;[];gw lagi dengerin podcast,,, tentang psikologi, lumayan buat nambah wawasan
23;702;11-50;173873.0;text;;[];False;False;a8e8efba3364415f;[];ntar gw kabarin,,, lagi,,, deh
24;702;1-10;173884.0;text;;[];False;False;c0b32e0339d03430;[];seep
25;702;51-100;173887.0;text;;[];False;False;c0b32e0339d03430;[];gw seneng banget akhirnya bisa... ketemu... temen temen lama setelah lama ga
26;702;1-10;173887.0;text;;[];True;False;c0b32e0339d03430;[];gk?
27;702;0;177360.0;image/jpeg;;[];False;False;e343fd7560989e6c;[];[Foto]
28;703;11-50;185446.0;text;;[];False;True;38b90d5daca14406;[];gw seneng banget dapet A!
29;703;11-50;185450.0;text;;[];False;False;38b90d5daca14406;[];macet parah di jalan tol
30;703;1-10;185480.0;text;25.0;[];False;False;38b90d5daca14406;[];ahh
31;703;51-100;185530.0;text;;[];False;False;38b90d5daca14406;[];motor gw mogok di tengah jalan tadi pagi jadi gw telat masuk kelas
32;703;1-10;185923.0;text;;[];False;False;a8e8efba3364415f;[];kok
33;703;11-50;185927.0;text;;[];False;False;a8e8efba3364415f;[];gw naik ojol aja deh
34;703;11-50;185930.0;text;;[];False;False;a8e8efba3364415f;[];gw lagi di warkop,,, nih
35;703;11-50;185934.0;text;;[];False;False;a8e8efba3364415f;[];macet parah di jalan,,, tol
36;703;51-100;185989.0;text;;[];False;False;be8507a72720d4c9;[];kemarin malem gw begadang nonton bola sampe subuh terus ketiduran
37;703;51-100;186009.0;text;;[];False;False;be8507a72720d4c9;[];kemarin malem gw begadang nonton bola sampe subuh terus ketiduran
38;703;51-100;186033.0;text;;[];False;False;be8507a72720d4c9;[];gw hrs nabung lebih banyak sih buat bayar uang semester yg naik
39;703;101-500;187066.0;text;;[];True;False;38b90d5daca14406;[];eh ada yang punya rekomendasi laptop budget 5 jutaan yang bagus buat kuliah dan ngoding ga? laptop gw yang sekarang udah mulai lemot dan sering ngehang kalo buka banyak tab. pengennya sih yang ringan buat dibawa ke kampus tapi tetep kenceng performanya, ada saran?
40;703;1-10;187070.0;text;;[];False;False;38b90d5daca14406;[];emm
41;703;1-10;187074.0;text;;[];False;False;38b90d5daca14406;[];hoo
42;703;11-50;187079.0;text;;[];False;False;38b90d5daca14406;[];gw nyari parkir dulu bentar
43;703;101-500;187111.0;text;;[];False;False;38b90d5daca14406;[];gw baru aja beres beresin kosan dan nemu barang barang lama dari jaman SMA. ada foto kelas, surat dari mantan, sama buku diary yang isinya cringe banget kalo dibaca sekarang. jadi nostalgia sendiri inget masa masa dulu yang lebih sederhana. kadang kangen juga sih jadi anak SMA lagi tanpa mikirin skripsi
44;703;51-100;187125.0;text;;[];False;False;38b90d5daca14406;[];motor gw mogok di tengah jalan tadi pagi jadi gw telat masuk kelas
45;703;101-500;187143.0;text;;[];False;False;38b90d5daca14406;[];gw baru aja beres beresin kosan dan nemu barang barang lama dari jaman SMA. ada foto kelas, surat dari mantan, sama buku diary yang isinya cringe banget kalo dibaca sekarang. jadi nostalgia sendiri inget masa masa dulu yang lebih sederhana. kadang kangen juga sih jadi anak SMA lagi tanpa mikirin skripsi
46;704;51-100;204766.0;text;;[];True;False;ef94490714487032;['ae2df9b28028def8'];ada yang mau patungan buat beli kado ulang tahun si anu ga!!!
47;704;11-50;205233.0;text;;[];False;False;ae2df9b28028def8;[];GW LG SIBUK BGT MINGGU INI
48;704;51-100;205279.0;text;;[];False;False;ae2df9b28028def8;[];LAPTOP GW MULAI LEMOT NIH KAYAKNYA HARUS INSTALL ULANG ATAU GANTI RAM
49;704;11-50;205337.0;text;;[];False;False;ef94490714487032;[];cuaca hari ini panas banget!!!
50;704;1-10;205464.0;text;;[];False;False;be8507a72720d4c9;[];hem
51;704;11-50;205612.0;text;;[];True;False;ef94490714487032;[];bisa jemput gw ga!!
52;704;51-100;205629.0;text;;[];False;False;ae2df9b28028def8;[];GW SENENG BANGET AKHIRNYA BISA KETEMU TEMEN TEMEN LAMA SETELAH LAMA GA
53;704;11-50;205635.0;text;;[];False;False;ef94490714487032;[];gw lagi di atm sebentar!!!
54;704;1-10;205639.0;text;;[];True;False;ef94490714487032;[];mw!!!
55;704;51-100;205677.0;text;;[];False;False;ef94490714487032;[];laptop gw mulai lemot nih kayaknya harus install ulang atau ganti RAM!!
56;704;51-100;205690.0;text;;[];False;False;ae2df9b28028def8;[];GW LAGI DENGERIN PODCAST TENTANG PSIKOLOGI, LUMAYAN BUAT NAMBAH WAWASAN
57;704;11-50;205696.0;text;;[];False;False;ae2df9b28028def8;[];HP GW LOWBAT NIH
58;704;11-50;205716.0;text;;[];False;False;ef94490714487032;[];ntar gw kabarin lagi deh!!
59;704;11-50;205773.0;text;;[];False;False;ae2df9b28028def8;[];CHARGER HP GW RUSAK LAGI
60;704;11-50;205799.0;text;;[];False;False;ae2df9b28028def8;[];BENTAR YA GW LG DI JALAN
61;704;11-50;205801.0;text;;['😜'];False;False;ef94490714487032;[];gw baru ganti nomor btw!!
62;704;1-10;205808.0;text;;[];True;False;be8507a72720d4c9;[];gk?
63;704;101-500;205823.0;text;;[];False;False;ae2df9b28028def8;[];RENCANA LIBURAN SEMESTER INI GW MAU ROAD TRIP SAMA TEMEN TEMEN KE JOGJA. KITA UDAH PATUNGAN BUAT SEWA MOBIL DAN BOOKING PENGINAPAN MURAH DI DAERAH MALIOBORO. ITINERARY NYA UDAH GW BIKIN DETAIL DARI HARI PERTAMA SAMPE HARI KETIGA. TINGGAL EKSEKUSI AJA NIH SEMOGA CUACA MENDUKUNG DAN GA ADA HALANGAN
64;704;11-50;205824.0;text;;[];False;False;ef94490714487032;[];internet mati lagi di kosan!!!
65;704;1-10;205825.0;text;;[];False;False;ae2df9b28028def8;[];YOII
66;704;0;205859.0;image/jpeg;;[];False;False;ae2df9b28028def8;[];[Foto]
67;704;0;205887.0;image/jpeg;;[];False;False;ae2df9b28028def8;[];[Foto]
68;704;1-10;205898.0;text;;[];False;False;be8507a72720d4c9;[];yess
69;704;11-50;205901.0;text;;[];False;False;be8507a72720d4c9;[];hp gw lowbat nih
70;704;11-50;205910.0;text;;[];False;False;ef94490714487032;[];gw mau tidur dulu ya!!
71;704;1-10;205913.0;text;;[];False;False;ef94490714487032;[];okk!!
72;704;11-50;205919.0;text;;[];False;False;be8507a72720d4c9;[];charger hp gw rusak lg
73;704;1-10;205920.0;text;;[];False;False;be8507a72720d4c9;[];ah
74;704;11-50;205928.0;text;;[];False;False;ef94490714487032;[];hp gw lowbat nih!!
75;704;11-50;205931.0;text;;[];False;False;ef94490714487032;[];gw mau tidur dulu ya!!!
76;704;1-10;205953.0;text;;['🤭'];False;False;be8507a72720d4c9;[];yess
77;704;11-50;205960.0;text;;['🐐'];False;False;ae2df9b28028def8;[];DOMPET GW KETINGGALAN DI RUMAH
78;704;11-50;205976.0;text;;[];False;False;ef94490714487032;[];gw baru ganti nomor btw!!
79;704;11-50;205997.0;text;;['😘'];False;False;ef94490714487032;[];gw mau tidur dulu ya!!
80;704;11-50;206014.0;text;;[];False;False;ef94490714487032;[];hujan deres ga bawa payung!!
81;704;11-50;206014.0;text;;[];False;False;ae2df9b28028def8;[];GW MAU TIDUR DULU YA
82;704;11-50;206032.0;text;;[];False;False;ef94490714487032;[];gw lg sibuk bgt minggu ini!!!
83;704;11-50;206057.0;text;;[];False;False;ef94490714487032;[];hp gw lowbat nih!!
84;704;11-50;206099.0;text;;[];True;False;ef94490714487032;[];gw harus bawa apa aja!!
85;704;51-100;206114.0;text;;[];False;False;ae2df9b28028def8;[];GW SENENG BANGET AKHIRNYA BISA KETEMU TEMEN TEMEN LAMA SETELAH LAMA GA
86;704;51-100;206140.0;text;;[];False;False;ef94490714487032;[];tadi gw antri di administrasi kampus 2 jam cuma buat ngurus surat!!!
87;704;11-50;206147.0;text;;[];False;False;ef94490714487032;[];internet mati lagi di kosan!!
88;704;11-50;206161.0;text;;[];False;False;ef94490714487032;[];gw lagi di atm sebentar!!
89;704;51-100;206166.0;text;;[];False;False;ae2df9b28028def8;[];LAPTOP GW MULAI LEMOT NIH KAYAKNYA HARUS INSTALL ULANG ATAU GANTI RAM
90;704;11-50;206178.0;text;;[];False;False;ae2df9b28028def8;[];GW BARU GANTI NOMOR BTW
91;704;51-100;206195.0;text;;[];False;False;ef94490714487032;[];gw seneng banget akhirnya bisa ketemu temen temen lama setelah lama ga!!
92;704;51-100;206213.0;text;;[];False;False;ef94490714487032;[];laptop gw mulai lemot nih kayaknya harus install ulang atau ganti RAM!!
93;704;11-50;206243.0;text;;[];False;False;ae2df9b28028def8;[];CUACA HARI INI PANAS BANGET
94;704;11-50;206261.0;text;;[];False;False;ae2df9b28028def8;[];HP GW LOWBAT NIH
95;704;11-50;206273.0;text;;['☺️'];False;False;ef94490714487032;[];gw lagi di atm sebentar!!
96;704;11-50;206275.0;text;;[];False;False;ae2df9b28028def8;[];INTERNET MATI LAGI DI KOSAN
97;704;11-50;206289.0;text;;[];False;False;ef94490714487032;[];gw lg sibuk bgt minggu ini!!!
98;704;11-50;206523.0;text;;[];False;False;ae2df9b28028def8;[];CAPEK BANGET HARI INI ASLI
99;705;51-100;211037.0;text;;[];False;False;ef94490714487032;[];jangan lupa besok kumpul di lobby kampus jam 8 pagi buat berangkat bareng!!
100;705;51-100;211867.0;text;;[];False;False;ae2df9b28028def8;[];KEMARIN GW KE TOKO BUKU BELI NOVEL BARU SAMA BUKU REFERENSI BUAT SKRIPSI
101;705;11-50;211921.0;text;;[];False;False;ef94490714487032;[];dosen pembimbing susah ditemui!!
102;706;11-50;240446.0;text;;[];False;False;603c5549febf3726;['ae2df9b28028def8'];Gw berantem sama si anu.
103;706;1-10;240491.0;text;;['☺️'];False;False;ae2df9b28028def8;[];CAPE
104;706;51-100;241092.0;text;;[];False;True;4f1213cc795bb076;[];seneng bgt gw dapet tawaran magang di perusahaan impian gw!
105;706;1-10;241213.0;text;;[];False;True;ae2df9b28028def8;[];GOKS!
106;706;11-50;241554.0;text;;['😘'];False;False;257adae07de14378;['ae2df9b28028def8'];reuni kapan ya kita
107;706;1-10;241569.0;text;;['😘'];False;False;ae2df9b28028def8;[];CAPE
108;706;11-50;241586.0;text;;[];False;False;ae2df9b28028def8;[];GW KANGEN TEMEN TEMEN SMA
109;706;11-50;241592.0;text;;[];False;False;ae2df9b28028def8;[];DIEM DIEM TERNYATA JADIAN
110;706;1-10;242256.0;text;;['🤣'];False;False;257adae07de14378;[];amin
111;706;11-50;242296.0;text;;[];False;True;be8507a72720d4c9;['ae2df9b28028def8'];gw kaget pas denger tu!
112;706;1-10;242360.0;text;;[];False;True;ae2df9b28028def8;[];JOSS!
113;706;11-50;244991.0;text;;[];False;True;ef94490714487032;[];gw kaget pas denger itu!!!
114;706;1-10;245319.0;text;;[];False;True;ae2df9b28028def8;[];JOSS!
115;706;11-50;246539.0;text;;['🥳'];False;True;6fbc363d86533ce4;[];sedih banget ceritanya!
116;706;1-10;246603.0;text;;[];False;True;ae2df9b28028def8;[];JOSS!
117;706;11-50;246918.0;text;;[];False;True;36659264f4c6f93d;[];sedih banget ceritanya!
118;706;11-50;247167.0;text;;['☺️'];False;True;ae2df9b28028def8;[];SEDIH BANGET CERITANYA!
119;706;11-50;247247.0;text;;['😘'];False;True;38b90d5daca14406;['ae2df9b28028def8'];gw kaget pas denger itu!
120;706;11-50;248093.0;text;;['🎉', '🍾', '🎈', '🎊'];False;True;a71ff116bf72ec95;[];gw kaget pas denger itu!
121;706;11-50;248200.0;text;;['☺️'];False;False;ae2df9b28028def8;[];SI ITU UDAH PUTUS KATANYA
122;706;11-50;249654.0;text;;['🎂', '🥳', '🎉', '😊'];False;True;67566b419db65cbd;[];SEDIH BANGET CERITANYA!
123;706;51-100;252374.0;text;;[];True;False;ef94490714487032;[];lu pernah coba belajar bareng di perpus kota ga, enak ga disana!!
124;706;11-50;252413.0;text;;[];False;False;be8507a72720d4c9;[];gw berantem sm si anu
125;706;11-50;252422.0;text;;['🥳'];False;True;52276a4801a5ac8c;[];sedih bgt ceritanya!
126;706;11-50;252422.0;text;;[];False;False;be8507a72720d4c9;[];temenin gw dong besok
127;706;11-50;252436.0;text;;[];False;False;ef94490714487032;[];reuni kapan ya kita!!
128;706;11-50;252440.0;text;;[];False;False;be8507a72720d4c9;[];temen gw sakit masuk rs
129;706;1-10;252453.0;text;;[];False;False;e343fd7560989e6c;[];trus
130;706;101-500;252493.0;text;;[];False;False;ef94490714487032;[];hari ini gw iseng nyoba bikin kopi pake metode V60 yang lagi hype di kalangan anak anak kampus. beli alatnya lumayan mahal sih tapi hasilnya emang beda dari kopi sachet biasa. kopinya lebih smooth dan ga terlalu pahit. kayaknya gw bakal ketagihan nih bikin kopi sendiri tiap pagi sebelum ke kampus!!!
131;706;1-10;252523.0;text;;[];False;False;be8507a72720d4c9;[];sm
132;706;101-500;252552.0;text;;['🤷🏻\u200d♀'];False;False;ef94490714487032;[];hari ini gw iseng nyoba bikin kopi pake metode V60 yang lagi hype di kalangan anak anak kampus. beli alatnya lumayan mahal sih tapi hasilnya emang beda dari kopi sachet biasa. kopinya lebih smooth dan ga terlalu pahit. kayaknya gw bakal ketagihan nih bikin kopi sendiri tiap pagi sebelum ke kampus!!!
133;706;11-50;252577.0;text;;[];False;False;ae2df9b28028def8;[];JANGAN BILANG SIAPA SIAPA YA
134;706;11-50;252902.0;text;;[];True;False;e343fd7560989e6c;[];koss lu dimanaa sih tepatnya?
135;706;11-50;253116.0;text;;[];False;True;741bf06081579d3d;[];gw kaget pas denger itu!
136;706;51-100;253126.0;text;;[];False;False;ef94490714487032;[];hari ini gw ada rapat organisasi sampe sore jadi ga bisa ikut nongkrong!!!
137;706;1-10;253146.0;text;;[];False;False;e343fd7560989e6c;[];ywd
138;706;11-50;253151.0;text;;[];False;False;e343fd7560989e6c;[];gw berantem samaaa si anuuu
139;706;11-50;253163.0;text;;[];False;False;ef94490714487032;[];angkot ke sana masih ada ga!!
140;706;11-50;253176.0;text;;[];False;False;ef94490714487032;[];jangan bilang siapa siapa ya!!
141;706;1-10;254033.0;text;;[];False;False;ae2df9b28028def8;[];YWD
142;706;11-50;254137.0;text;;[];False;False;be8507a72720d4c9;[];pacarnya baru siapa sih
143;706;11-50;255909.0;text;;[];True;False;ef94490714487032;[];pinjam catetan boleh ga!!
144;707;101-500;295876.0;text;;[];False;False;257adae07de14378;[];tadi siang gw makan di warung makan baru deket gerbang belakang kampus. nasi gorengnya lumayan enak dan harganya murah bgt cuma 12 ribu udah... sm es teh. kayaknya bakal jadi langganan baru... deh soalnya warteg biasa gw udah mulai naik... harga dan porsinya makin dikit... aja
145;707;11-50;295882.0;text;;[];False;False;257adae07de14378;[];series tu endingnya zonk bgt
146;707;11-50;295889.0;text;;[];False;False;257adae07de14378;[];podcast yg lu rekomen mana
147;707;1-10;295910.0;text;;['🙈'];False;False;4b8885bb32623f15;[];hoki
148;707;11-50;295987.0;text;;[];False;False;be8507a72720d4c9;[];album baru dia enak bgt
149;707;1-10;295992.0;text;;[];False;False;be8507a72720d4c9;[];jir
150;707;101-500;296153.0;text;;['🙈', '😂'];False;False;4b8885bb32623f15;[];tadi siang gw makan di warung makan baru deket gerbang belakang kampus. nasi gorengnya lumayan enak dan harganya murah banget cuma 12 ribu udah sama es teh. kayaknya bakal jadi langganan baru deh soalnya warteg biasa gw udah mulai naik harga dan porsinya makin dikit aja
151;707;1-10;296239.0;text;;[];False;False;be8507a72720d4c9;[];ih
152;707;11-50;296266.0;text;;[];False;False;ef94490714487032;[];pertandingan bola tadi malam gila!!
153;707;0;296380.0;image/jpeg;;[];False;False;257adae07de14378;[];[Foto]
154;707;1-10;296399.0;text;;['🤣'];False;False;257adae07de14378;[];fyi
155;707;11-50;296421.0;text;;[];False;False;741bf06081579d3d;[];game baru udah,,, download belum
156;708;11-50;336456.0;text;;[];True;False;c0b32e0339d03430;[];ada sinyal ga disitu?...
157;708;11-50;336712.0;text;;[];False;False;38b90d5daca14406;[];pertandingan bola tadi malam gila
158;708;51-100;336714.0;text;;[];False;False;38b90d5daca14406;[];gw harus ganti strategi belajar sih soalnya nilai UTS kemarin jelek bgt
159;708;1-10;336752.0;text;;[];False;False;c0b32e0339d03430;[];jir
160;708;1-10;336753.0;text;;[];False;False;c0b32e0339d03430;[];jir
161;708;11-50;336765.0;text;;['🙌'];False;False;c0b32e0339d03430;[];pertandingan bola tadi malam gila
162;708;11-50;336780.0;text;;[];False;False;257adae07de14378;[];gw lg baca novel baru nih
163;708;51-100;336946.0;text;;[];False;False;c0b32e0339d03430;['257adae07de14378'];semalam hujan gede banget sampe kosan gw mati... lampu semaleman gila
164;708;1-10;336952.0;text;;['🤣'];False;False;c0b32e0339d03430;[];jir
165;708;11-50;336954.0;text;;[];False;False;c0b32e0339d03430;[];konser itu mahal banget tiketnya...
166;708;51-100;336995.0;text;;[];False;False;c0b32e0339d03430;[];gw harus ganti... strategi belajar sih... soalnya nilai UTS kemarin jelek bgt...
167;708;11-50;337599.0;text;;[];True;False;be8507a72720d4c9;[];booking duluan apa langsung aja?
168;708;11-50;337661.0;text;;[];False;False;be8507a72720d4c9;[];game baru udah download blm
169;708;51-100;338122.0;text;;[];False;False;c0b32e0339d03430;[];gw gagal diet lagi soalnya tadi sore diajak makan... bakso... sama temen
170;708;1-10;338122.0;text;;['🤣'];False;False;c0b32e0339d03430;[];fyi
171;708;1-10;338872.0;text;;['😂'];False;False;be8507a72720d4c9;[];dih
172;708;11-50;338882.0;text;;[];True;False;be8507a72720d4c9;[];tadi ngomong apa sih dosennya?
173;708;1-10;339099.0;text;;[];False;False;c0b32e0339d03430;[];fyi
174;708;11-50;339118.0;text;;[];False;False;c0b32e0339d03430;[];manga terbaru udah keluar... loh
175;708;11-50;339122.0;text;;[];False;False;c0b32e0339d03430;[];futsal besok jadi ga
176;708;11-50;339429.0;text;;[];True;False;be8507a72720d4c9;[];tadi ngomong apa sih dosennya?
177;708;11-50;339431.0;text;;[];True;False;be8507a72720d4c9;[];msh bangun ga lu jam segini?
178;708;1-10;339504.0;text;;[];False;False;c0b32e0339d03430;[];hoki
179;708;11-50;339516.0;text;;[];False;False;c0b32e0339d03430;[];gym hari ini skip deh
180;708;11-50;339523.0;text;;[];False;False;c0b32e0339d03430;[];podcast yg lu rekomen mana
181;708;11-50;339527.0;text;;[];False;False;c0b32e0339d03430;[];album baru dia... enak banget
182;708;11-50;339531.0;text;;[];False;False;c0b32e0339d03430;[];gym hari ini skip... deh
183;708;11-50;339534.0;text;;[];False;False;c0b32e0339d03430;[];manga terbaru udah keluar loh
184;708;11-50;339569.0;text;;[];False;False;be8507a72720d4c9;[];album baru dia enak bgt
185;708;11-50;339584.0;text;;[];False;False;be8507a72720d4c9;[];podcast yg lu rekomen mana
186;708;11-50;339593.0;text;;[];False;False;be8507a72720d4c9;[];game baru udah download blm
187;708;1-10;339613.0;text;;[];True;False;c0b32e0339d03430;[];gitu?
188;708;11-50;339620.0;text;;[];True;False;c0b32e0339d03430;[];masih bangun ga lu jam segini?
189;708;11-50;339623.0;text;;[];False;False;c0b32e0339d03430;[];manga terbaru udah keluar loh
190;708;1-10;339625.0;text;;[];False;False;be8507a72720d4c9;[];kuy
191;708;1-10;339627.0;text;;[];False;False;be8507a72720d4c9;[];fyi
192;708;11-50;339637.0;text;;[];False;False;c0b32e0339d03430;[];manga terbaru udah keluar loh
193;708;1-10;339765.0;text;;[];True;False;257adae07de14378;[];jd?
194;708;11-50;339790.0;text;;[];False;False;257adae07de14378;[];podcast yg lu rekomen mana
195;708;11-50;339802.0;text;;[];False;False;257adae07de14378;[];gym hari ni skip deh
196;708;11-50;339807.0;text;;['🤣'];False;False;257adae07de14378;[];gym hari ni skip deh
197;708;11-50;339822.0;text;;['🤣'];True;False;257adae07de14378;[];tadi ngomong apa sih dosennya?
198;708;51-100;339863.0;text;;['🤣'];False;False;c0b32e0339d03430;[];semalam hujan gede... banget sampe kosan gw mati lampu semaleman gila
199;708;11-50;339912.0;text;;[];False;False;257adae07de14378;[];gw lg baca novel baru nih
200;708;11-50;339934.0;text;;[];False;False;257adae07de14378;[];futsal besok jadi ga
201;708;1-10;339934.0;text;;['🤣'];False;False;257adae07de14378;[];dih
202;709;11-50;344753.0;text;;['😍'];False;False;ae2df9b28028def8;[];GYM HARI INI SKIP DEH
203;709;11-50;344790.0;text;;[];False;True;5e85041c84679a04;[];akhirnya kelar juga nih!
204;709;11-50;344795.0;text;;['☺️'];False;True;67566b419db65cbd;[];AKHIRNYA KELAR JUGA NIH!
205;709;1-10;344899.0;text;;[];False;True;ae2df9b28028def8;[];EDAN!
206;709;11-50;344948.0;text;202.0;[];False;True;be8507a72720d4c9;[];stress berat gw sm tugas!
207;709;1-10;345055.0;text;202.0;['😍'];False;False;e343fd7560989e6c;[];sans
208;709;11-50;345523.0;text;202.0;['🎊'];False;False;36659264f4c6f93d;[];series itu endingnya zonk bgt
209;709;1-10;345563.0;text;;[];False;True;ae2df9b28028def8;[];BUSET!
210;709;11-50;345787.0;text;;[];False;True;a8e8efba3364415f;[];stress berat gw sama tugas!
211;709;11-50;345835.0;text;;['☺'];False;True;cbd8caad92cd1819;[];stress berat gw samaaa tugas!
212;709;1-10;345880.0;text;;[];False;True;ae2df9b28028def8;[];EDAN!
213;709;11-50;346051.0;text;;['😂'];False;False;603c5549febf3726;[];Podcast yg lu rekomen mana.
214;709;1-10;346223.0;text;;[];False;False;ae2df9b28028def8;[];JIR
215;709;11-50;346240.0;text;202.0;['👏🏿', '🎊', '🎉'];False;False;257adae07de14378;[];series tu endingnya zonk bgt
216;709;11-50;346394.0;text;202.0;['💪🏻'];False;True;38b90d5daca14406;[];stress berat gw sama tugas!
217;709;11-50;346427.0;text;;[];True;False;38b90d5daca14406;[];tadi ngomong apa sih dosennya?
218;709;11-50;346473.0;image/jpeg;;[];False;False;be8507a72720d4c9;['38b90d5daca14406'];[Foto]
219;709;11-50;346484.0;text;;[];False;False;be8507a72720d4c9;[];album baru dia enak bgt
220;709;1-10;346492.0;text;;[];False;False;be8507a72720d4c9;[];njir
221;709;1-10;346510.0;text;;[];False;False;38b90d5daca14406;[];njir
222;709;11-50;346513.0;text;;['👌🏻'];False;False;38b90d5daca14406;[];manga terbaru udah keluar loh
223;709;11-50;346543.0;text;;[];False;False;38b90d5daca14406;[];badminton yuk sore ini
224;709;11-50;346545.0;text;;[];False;False;38b90d5daca14406;[];manga terbaru udah keluar loh
225;709;11-50;346555.0;text;;[];True;False;38b90d5daca14406;[];masih bangun ga lu jam segini?
226;709;11-50;346583.0;text;;['😂'];False;False;603c5549febf3726;[];Badminton yuk sore ini.
227;709;1-10;346616.0;text;;[];False;False;be8507a72720d4c9;[];dih
228;709;11-50;346639.0;text;;[];False;False;be8507a72720d4c9;[];podcast yg lu rekomen mana
229;709;11-50;346651.0;text;;[];False;False;603c5549febf3726;[];Series itu endingnya zonk bgt.
230;709;1-10;346656.0;text;;[];False;False;603c5549febf3726;[];Njir.
231;709;11-50;346667.0;text;;[];False;False;be8507a72720d4c9;[];gw lg baca novel baru nih
232;709;11-50;346686.0;text;;['😂'];False;False;603c5549febf3726;[];Manga terbaru udah keluar loh.
233;709;11-50;346687.0;text;;[];True;False;38b90d5daca14406;[];ada sinyal ga disitu?
234;709;51-100;346694.0;text;;[];False;False;38b90d5daca14406;[];semalam hujan gede banget sampe kosan gw mati lampu semaleman gila
235;709;11-50;346708.0;text;;[];False;False;38b90d5daca14406;[];album baru dia enak banget
236;709;1-10;346760.0;text;;[];False;False;be8507a72720d4c9;[];oot
237;709;11-50;346772.0;text;;[];False;False;be8507a72720d4c9;[];gw lg baca novel baru nih
238;709;11-50;346781.0;text;;[];False;False;be8507a72720d4c9;[];badminton yuk sore ni
239;709;11-50;346781.0;text;;[];False;False;be8507a72720d4c9;[];album baru dia enak bgt
240;709;1-10;346782.0;text;;[];False;False;be8507a72720d4c9;[];jir
241;709;1-10;346879.0;text;;[];False;False;ae2df9b28028def8;[];ZONK
242;709;11-50;346890.0;text;;[];False;False;38b90d5daca14406;[];album baru dia enak banget
243;709;11-50;346898.0;text;;[];True;False;38b90d5daca14406;[];booking duluan apa langsung aja?
244;709;11-50;346904.0;text;;[];False;False;ae2df9b28028def8;[];GW ABIS LARI PAGI TADI
245;709;11-50;346905.0;text;;[];True;False;38b90d5daca14406;[];masih bangun ga lu jam segini?
246;709;11-50;346908.0;text;;[];True;False;38b90d5daca14406;[];masih bangun ga lu jam segini?
247;709;1-10;346930.0;text;;[];False;True;38b90d5daca14406;[];buset!
248;709;1-10;346933.0;text;;['💪🏻'];False;False;38b90d5daca14406;[];dih
249;709;1-10;346951.0;text;;[];False;False;be8507a72720d4c9;[];zonk
250;709;51-100;347094.0;text;;['😂'];False;False;6fbc363d86533ce4;[];gw baru dapetttt info beasiswa buat semester depannnn mauuuu coba daftar dehhhh
251;709;1-10;347208.0;text;;[];False;False;36659264f4c6f93d;[];bete
252;709;51-100;347856.0;text;;[];False;True;ef94490714487032;[];sedih banget gw harus pisah sama temen kos gw yang udah pindah!!!
253;709;51-100;347931.0;text;;[];False;False;ef94490714487032;[];dosen killer itu ternyata baik banget orangnya kalo diajak ngobrol santai!!
254;709;11-50;348236.0;text;;[];False;False;be8507a72720d4c9;[];game baru udah download blm
255;709;51-100;348258.0;text;;[];False;False;ef94490714487032;[];gw harus ganti strategi belajar sih soalnya nilai UTS kemarin jelek bgt!!
256;709;11-50;348305.0;text;;['👌'];False;False;c0b32e0339d03430;[];pertandingan bola tadi malam gila...
257;709;11-50;348311.0;text;;[];False;False;c0b32e0339d03430;[];series itu endingnya zonk bgt
258;709;51-100;348521.0;text;;[];True;False;38b90d5daca14406;[];kira kira kalo gw apply magang sekarang masih keburu ga ya?
259;709;11-50;348535.0;text;;[];False;False;38b90d5daca14406;[];game baru udah download belum
260;709;11-50;348543.0;text;;[];False;False;38b90d5daca14406;[];konser itu mahal banget tiketnya
261;709;11-50;348547.0;text;;[];False;False;38b90d5daca14406;[];gym hari ini skip deh
262;709;51-100;348852.0;text;257.0;[];False;False;ef94490714487032;[];gw harus ganti strategi belajar sih soalnya nilai UTS kemarin jelek bgt!!!
263;709;101-500;348901.0;text;;[];False;False;ef94490714487032;[];tadi siang gw makan di warung makan baru deket gerbang belakang kampus. nasi gorengnya lumayan enak dan harganya murah banget cuma 12 ribu udah sama es teh. kayaknya bakal jadi langganan baru deh soalnya warteg biasa gw udah mulai naik harga dan porsinya makin dikit aja!!!
264;709;11-50;349038.0;text;;[];False;False;ae2df9b28028def8;[];PODCAST YG LU REKOMEN MANA
265;709;101-500;349091.0;text;;[];False;False;ef94490714487032;[];tadi siang gw makan di warung makan baru deket gerbang belakang kampus. nasi gorengnya lumayan enak dan harganya murah banget cuma 12 ribu udah sama es teh. kayaknya bakal jadi langganan baru deh soalnya warteg biasa gw udah mulai naik harga dan porsinya makin dikit aja!!!
266;709;51-100;349108.0;text;;[];False;False;ef94490714487032;[];semalam hujan gede banget sampe kosan gw mati lampu semaleman gila!!!
267;710;51-100;361974.0;text;;[];False;False;ae2df9b28028def8;[];GW BARU AJA SELESAI NGERJAIN TUGAS SAMPE JAM 3 PAGI, MAU MATI RASANYA
268;710;101-500;361990.0;text;;[];False;False;ae2df9b28028def8;[];JADI CERITANYA KEMARIN GW KE PERPUSTAKAAN PUSAT BUAT NYARI BAHAN REFERENSI SKRIPSI, TERNYATA BUKUNYA UDAH DIPINJEM SEMUA SAMA ANAK ANGKATAN SEBELAH. AKHIRNYA GW CUMA BISA FOTOKOPI DARI TEMEN YANG KEBETULAN PUNYA. LUMAYAN LAH DARIPADA GA DAPET SAMA SEKALI, TINGGAL DI RANGKUM AJA SISANYA
269;710;51-100;362009.0;text;;[];False;False;ae2df9b28028def8;[];NYOKAP GW NELFON TADI NANYAIN KAPAN PULANG, GW BILANG AJA ABIS UJIAN
270;710;101-500;362035.0;text;;[];False;False;ae2df9b28028def8;[];JADI CERITANYA KEMARIN GW KE PERPUSTAKAAN PUSAT BUAT NYARI BAHAN REFERENSI SKRIPSI, TERNYATA BUKUNYA UDAH DIPINJEM SEMUA SAMA ANAK ANGKATAN SEBELAH. AKHIRNYA GW CUMA BISA FOTOKOPI DARI TEMEN YANG KEBETULAN PUNYA. LUMAYAN LAH DARIPADA GA DAPET SAMA SEKALI, TINGGAL DI RANGKUM AJA SISANYA
271;710;11-50;362068.0;text;;[];False;False;c0b32e0339d03430;[];presentasi gw amburadul
272;710;11-50;362093.0;text;;[];False;False;c0b32e0339d03430;[];perpus tutup jam berapa ya
273;710;11-50;362121.0;text;;[];False;False;ae2df9b28028def8;[];DOSEN GW GALAK BANGET SIH
274;711;1-10;375493.0;text;;[];False;False;38b90d5daca14406;[];okk
275;711;51-100;375507.0;text;;['😳'];True;False;38b90d5daca14406;[];mendingan naik kereta apa bus sih kalo mau ke bandung dari sini?
276;711;1-10;375514.0;text;;[];False;False;ae2df9b28028def8;[];SIAPP
277;711;11-50;375574.0;text;;[];True;False;a8e8efba3364415f;[];besok libur bukan sih?
278;711;11-50;375592.0;text;;[];False;False;a8e8efba3364415f;[];gw lagi,,, di atm sebentar
279;711;11-50;375608.0;text;;[];False;False;ae2df9b28028def8;[];GW MAU TIDUR DULU YA
280;711;11-50;375619.0;text;;[];False;False;ae2df9b28028def8;[];BARU BANGUN NIH MASIH NGANTUK
281;711;11-50;375619.0;text;;[];True;False;a8e8efba3364415f;[];lu punya kontak dia ga?
282;711;11-50;375630.0;text;;[];False;False;a8e8efba3364415f;[];baru bangun nih masih ngantuk
283;711;1-10;375642.0;text;;[];False;False;ae2df9b28028def8;[];EH
284;711;51-100;375665.0;text;;[];False;False;ae2df9b28028def8;[];TADI GW ANTRI DI ADMINISTRASI KAMPUS 2 JAM CUMA BUAT NGURUS SURAT
285;711;11-50;375679.0;text;;[];False;False;ae2df9b28028def8;[];CUACA HARI INI PANAS BANGET
286;711;1-10;375683.0;text;;[];False;False;a8e8efba3364415f;[];seep
287;711;11-50;375684.0;text;;[];False;False;a8e8efba3364415f;[];gw lagi di atm,,, sebentar
288;711;11-50;375696.0;text;;[];False;False;a8e8efba3364415f;[];dompet gw ketinggalan di rumah
289;711;1-10;375800.0;text;;[];False;False;38b90d5daca14406;[];yess
290;711;11-50;375817.0;text;;[];False;False;38b90d5daca14406;[];dompet gw ketinggalan di rumah
291;711;51-100;375829.0;text;;[];False;False;38b90d5daca14406;[];gw lagi dengerin podcast tentang psikologi, lumayan buat nambah wawasan
292;711;11-50;375832.0;text;;[];False;False;ae2df9b28028def8;[];BARU BANGUN NIH MASIH NGANTUK
293;711;11-50;375843.0;text;;[];True;False;ae2df9b28028def8;[];BESOK LIBUR BUKAN SIH?
294;711;101-500;375884.0;text;;[];False;False;38b90d5daca14406;[];rencana liburan semester ini gw mau road trip sama temen temen ke Jogja. kita udah patungan buat sewa mobil dan booking penginapan murah di daerah Malioboro. itinerary nya udah gw bikin detail dari hari pertama sampe hari ketiga. tinggal eksekusi aja nih semoga cuaca mendukung dan ga ada halangan
295;711;51-100;375894.0;text;;[];False;False;38b90d5daca14406;[];gw lagi dengerin podcast tentang psikologi, lumayan buat nambah wawasan
296;711;0;375911.0;video/mp4;;[];False;False;38b90d5daca14406;[];[Video]
297;711;101-500;375939.0;text;;[];False;False;38b90d5daca14406;[];kemarin gw ikut kegiatan bakti sosial yang diadain sama BEM fakultas. kita ke panti asuhan di pinggiran kota buat ngajar anak anak dan bagi bagi sembako. seru banget sih dan bikin hati adem. anak anaknya lucu lucu dan semangat banget belajar walau fasilitas mereka terbatas. jadi pengen rutin kesana
298;711;11-50;375948.0;text;;[];False;False;a8e8efba3364415f;[];bentar ya,,, gw,,, lg,,, di jalan
299;711;1-10;375948.0;text;;[];False;False;a8e8efba3364415f;[];iyaa
300;711;11-50;375955.0;text;;[];True;False;a8e8efba3364415f;[];besok libur,,, bukan sih?,,,
301;711;11-50;375956.0;text;;[];False;False;38b90d5daca14406;[];hp gw lowbat nih
302;711;11-50;375966.0;text;;[];False;False;ae2df9b28028def8;[];GW LG SIBUK BGT MINGGU INI
303;711;11-50;375967.0;text;;[];False;False;38b90d5daca14406;[];wifi kampus lemot parah
304;711;11-50;375972.0;text;303.0;[];False;False;a8e8efba3364415f;[];charger hp gw rusak lagi
305;711;1-10;375974.0;text;;[];False;False;a8e8efba3364415f;[];eh
306;711;11-50;375976.0;text;;[];False;False;a8e8efba3364415f;[];gw lagi di atm sebentar
307;711;11-50;375983.0;text;;[];False;False;38b90d5daca14406;[];lu tim mana dukungnya
308;711;11-50;375984.0;text;;[];False;False;ae2df9b28028def8;[];WIFI KAMPUS LEMOT PARAH
309;711;11-50;375987.0;text;;[];False;False;38b90d5daca14406;[];hp gw lowbat nih
310;711;11-50;375988.0;text;;[];False;False;a8e8efba3364415f;[];wifi kampus lemot parah,,,
311;711;1-10;375990.0;text;;[];False;False;a8e8efba3364415f;[];gassss
312;711;51-100;375994.0;text;;[];False;False;ae2df9b28028def8;[];LAPTOP GW MULAI LEMOT NIH KAYAKNYA HARUS INSTALL ULANG ATAU GANTI RAM
313;711;11-50;375995.0;text;;[];False;False;a8e8efba3364415f;[];hp gw lowbat nih
314;711;11-50;375996.0;text;;[];False;False;38b90d5daca14406;[];cuaca hari ini panas banget
315;711;1-10;375997.0;text;;[];False;False;38b90d5daca14406;[];okey
316;711;11-50;376002.0;text;;[];False;False;a8e8efba3364415f;[];cuaca hari,,, ini panas,,, banget
317;711;11-50;376011.0;text;;[];False;False;38b90d5daca14406;[];baru bangun nih masih ngantuk
318;711;11-50;376011.0;text;;[];False;False;a8e8efba3364415f;[];cuaca hari ini,,, panas banget
319;711;11-50;376016.0;text;;[];False;False;a8e8efba3364415f;[];internet mati lagi di kosan
320;711;51-100;376020.0;text;;[];False;False;38b90d5daca14406;[];gw lagi dengerin podcast tentang psikologi, lumayan buat nambah wawasan
321;711;11-50;376028.0;text;;[];False;False;a8e8efba3364415f;[];gw mau tidur dulu,,, ya
322;711;11-50;376029.0;text;;[];False;False;38b90d5daca14406;[];ntar gw kabarin lagi deh
323;711;11-50;376032.0;text;;[];False;False;a8e8efba3364415f;[];baru bangun,,, nih,,, masih ngantuk
324;711;1-10;376035.0;text;;[];False;False;a8e8efba3364415f;[];gassss
325;711;101-500;376109.0;text;;[];False;False;38b90d5daca14406;[];gw lagi belajar coding otodidak dari YouTube buat nambah skill. mulai dari HTML CSS dulu baru pelan pelan ke JavaScript. lumayan susah sih awalnya tapi lama lama mulai paham juga. siapa tau nanti bisa bikin portfolio sendiri dan dapet kerjaan freelance buat nambah uang jajan selama kuliah
326;711;11-50;376125.0;text;;[];False;False;38b90d5daca14406;[];dompet gw ketinggalan di rumah
327;711;51-100;376131.0;text;;[];False;False;a8e8efba3364415f;[];gw lagi dengerin podcast tentang psikologi, lumayan buat,,, nambah wawasan,,,
328;711;11-50;376140.0;text;;[];False;False;a8e8efba3364415f;[];gw lg sibuk,,, bgt minggu ini
329;711;11-50;376140.0;text;;[];False;False;a8e8efba3364415f;[];dompet gw ketinggalan di,,, rumah
330;711;1-10;376144.0;text;;[];False;False;38b90d5daca14406;[];yoii
331;711;11-50;376151.0;text;;[];False;False;38b90d5daca14406;[];wifi kampus lemot parah
332;711;51-100;376162.0;text;;[];False;False;a8e8efba3364415f;[];tadi gw antri di administrasi kampus,,, 2 jam,,, cuma buat,,, ngurus surat,,,
333;711;11-50;376169.0;text;;[];False;False;a8e8efba3364415f;[];lu tim mana,,, dukungnya,,,
334;711;11-50;376169.0;text;;[];False;False;a8e8efba3364415f;[];gw mau tidur dulu ya
335;711;1-10;376173.0;text;;[];False;False;38b90d5daca14406;[];seep
336;711;51-100;376175.0;text;;[];False;False;38b90d5daca14406;[];laptop gw mulai lemot nih kayaknya harus install ulang atau ganti RAM
337;711;11-50;376186.0;text;;[];False;False;38b90d5daca14406;[];lu tim mana dukungnya
338;711;11-50;376189.0;text;;[];False;False;a8e8efba3364415f;[];wifi kampus lemot parah,,,
339;711;11-50;376191.0;text;;[];False;False;a8e8efba3364415f;[];bentar ya gw lg di jalan
340;711;11-50;376196.0;text;;[];False;False;38b90d5daca14406;[];gw mau tidur dulu ya
341;711;11-50;376201.0;text;;[];False;False;a8e8efba3364415f;[];ntar gw,,, kabarin lagi,,, deh
342;711;11-50;376202.0;text;;[];False;False;a8e8efba3364415f;[];internet mati,,, lagi di kosan
343;711;51-100;376218.0;text;;['👌🏻'];False;False;38b90d5daca14406;[];tadi gw antri di administrasi kampus 2 jam cuma buat ngurus surat
344;711;11-50;376219.0;text;;[];False;False;38b90d5daca14406;[];wifi kampus lemot parah
345;711;51-100;376227.0;text;;[];False;False;a8e8efba3364415f;[];gw seneng banget akhirnya bisa ketemu,,, temen temen lama setelah lama ga,,,
346;711;11-50;376239.0;text;;[];False;False;38b90d5daca14406;[];charger hp gw rusak lagi
347;711;11-50;376243.0;text;;[];False;False;38b90d5daca14406;[];capek banget hari ini asli
348;711;11-50;376244.0;text;;[];False;False;a8e8efba3364415f;[];wifi kampus lemot parah,,,
349;711;1-10;376247.0;text;347.0;[];False;False;a8e8efba3364415f;[];yoii
350;711;11-50;376247.0;text;;[];True;False;a8e8efba3364415f;[];masih buka ga,,, warungnya?
351;711;11-50;376277.0;text;;[];False;False;38b90d5daca14406;[];bentar ya gw lg di jalan
352;711;11-50;376293.0;text;;[];False;False;38b90d5daca14406;[];hujan deres ga bawa payung
353;711;11-50;376302.0;text;;[];False;False;38b90d5daca14406;[];gw lg sibuk bgt minggu ini
354;711;51-100;376312.0;text;;[];False;False;a8e8efba3364415f;[];laptop gw mulai lemot nih kayaknya harus install,,, ulang atau,,, ganti ram,,,
355;711;51-100;376313.0;text;;[];False;False;38b90d5daca14406;[];laptop gw mulai lemot nih kayaknya harus install ulang atau ganti RAM
356;711;11-50;376313.0;text;;[];False;False;a8e8efba3364415f;[];gw lg sibuk bgt,,, minggu ini,,,
357;711;11-50;376319.0;text;;[];False;False;38b90d5daca14406;[];hujan deres ga bawa payung
358;711;11-50;376323.0;text;;[];False;False;a8e8efba3364415f;[];bentar ya gw,,, lg di jalan
359;711;51-100;376335.0;text;;[];False;False;38b90d5daca14406;[];laptop gw mulai lemot nih kayaknya harus install ulang atau ganti RAM
360;711;1-10;376342.0;text;;[];False;False;38b90d5daca14406;[];siapp
361;711;11-50;376347.0;text;;[];False;False;a8e8efba3364415f;[];hp gw lowbat nih,,,
362;711;1-10;376348.0;text;;[];False;False;a8e8efba3364415f;[];ah
363;711;1-10;376350.0;text;;[];False;False;38b90d5daca14406;[];yess
364;711;1-10;376353.0;text;;[];False;False;a8e8efba3364415f;[];ah
365;711;1-10;376354.0;text;;[];False;False;a8e8efba3364415f;[];oh
366;711;51-100;376357.0;text;;[];False;False;38b90d5daca14406;[];tadi gw antri di administrasi kampus 2 jam cuma buat ngurus surat
367;711;11-50;376361.0;text;;[];False;False;a8e8efba3364415f;[];bentar ya gw lg,,, di jalan
368;711;11-50;376366.0;text;;[];False;False;38b90d5daca14406;[];capek banget hari ini asli
369;711;11-50;376374.0;text;;[];False;False;38b90d5daca14406;[];capek banget hari ini asli
370;711;11-50;376389.0;text;;[];False;False;38b90d5daca14406;[];bentar ya gw lg di jalan
371;711;11-50;376392.0;text;;[];False;False;a8e8efba3364415f;[];gw baru ganti nomor btw
372;711;11-50;376394.0;text;;[];False;False;a8e8efba3364415f;[];gw mau tidur dulu ya
373;711;51-100;376413.0;text;;[];False;False;38b90d5daca14406;[];gw lagi dengerin podcast tentang psikologi, lumayan buat nambah wawasan
374;711;51-100;376433.0;text;;[];False;False;38b90d5daca14406;[];tadi gw antri di administrasi kampus 2 jam cuma buat ngurus surat
375;711;11-50;376442.0;text;;['👌🏻'];False;False;38b90d5daca14406;[];baru bangun nih masih ngantuk
376;712;0;381595.0;image/jpeg;;[];False;False;257adae07de14378;[];[Foto]
377;712;11-50;381647.0;text;;['😂'];True;False;c0b32e0339d03430;[];makan apa ntar siang?
378;712;11-50;381653.0;text;;[];False;False;c0b32e0339d03430;[];gw nyari parkir dulu bentar
379;712;11-50;381663.0;text;;[];False;False;c0b32e0339d03430;[];ketemuan di mall jam 3 ya
380;712;1-10;381670.0;text;;[];False;False;257adae07de14378;[];hoo
381;712;11-50;381680.0;text;;[];False;False;c0b32e0339d03430;[];lu dimana sih lama banget...
382;712;11-50;382666.0;text;;[];False;False;be8507a72720d4c9;[];jangan lupa bawa duit cash
383;713;0;420032.0;video/mp4;;[];False;False;ae2df9b28028def8;[];[Video]
384;713;11-50;420363.0;text;;[];True;False;e343fd7560989e6c;[];gw harus bawa apa aja?
385;713;11-50;420388.0;text;;[];False;False;e343fd7560989e6c;[];gw mau tidurrrr duluuu ya
386;713;1-10;420392.0;text;;[];False;False;e343fd7560989e6c;[];ah
387;713;11-50;420399.0;text;;[];False;False;e343fd7560989e6c;[];wifiiii kampus lemot parahhhh
388;713;11-50;420441.0;text;;[];False;False;e343fd7560989e6c;[];ntar gw kabarin lagi dehhhh
389;713;1-10;420449.0;text;;[];False;False;e343fd7560989e6c;[];eh
390;713;11-50;420695.0;text;;[];False;False;ae2df9b28028def8;[];INTERNET MATI LAGI DI KOSAN
391;713;51-100;421048.0;text;;[];False;False;ae2df9b28028def8;[];GW LAGI DENGERIN PODCAST TENTANG PSIKOLOGI, LUMAYAN BUAT NAMBAH WAWASAN
392;713;11-50;421808.0;text;;[];False;False;e343fd7560989e6c;[];hp gw lowbat nihhh
393;713;11-50;421822.0;text;;[];True;False;ae2df9b28028def8;[];BISA JEMPUT GW GA?
394;713;1-10;421839.0;text;;[];False;False;e343fd7560989e6c;[];yoiiii
395;713;11-50;421846.0;text;;[];False;False;ae2df9b28028def8;[];CHARGER HP GW RUSAK LAGI
396;713;51-100;421863.0;text;;[];False;False;ae2df9b28028def8;[];GW LAGI DENGERIN PODCAST TENTANG PSIKOLOGI, LUMAYAN BUAT NAMBAH WAWASAN
397;713;51-100;421893.0;text;;[];False;False;ae2df9b28028def8;[];GW LAGI DENGERIN PODCAST TENTANG PSIKOLOGI, LUMAYAN BUAT NAMBAH WAWASAN
398;713;51-100;421910.0;text;;[];False;False;e343fd7560989e6c;[];gw senengg banget akhirnyaa bisa ketemuuu temen temennn lamaaaa setelah lama ga
399;713;11-50;421922.0;text;;[];False;False;e343fd7560989e6c;[];gw lg sibuk bgtt minggu ini
400;713;51-100;421986.0;text;;[];False;False;ae2df9b28028def8;[];LAPTOP GW MULAI LEMOT NIH KAYAKNYA HARUS INSTALL ULANG ATAU GANTI RAM
401;713;11-50;421998.0;text;;[];False;False;e343fd7560989e6c;[];lu timmm mana dukungnya
402;713;11-50;422009.0;text;;[];False;False;e343fd7560989e6c;[];hujannnn deress ga bawa payung
403;713;1-10;422009.0;text;;[];False;False;e343fd7560989e6c;[];hemmm
404;713;51-100;422093.0;text;;[];False;False;ae2df9b28028def8;[];LAPTOP GW MULAI LEMOT NIH KAYAKNYA HARUS INSTALL ULANG ATAU GANTI RAM
405;713;0;422163.0;image/jpeg;;[];False;False;e343fd7560989e6c;[];[Foto]
406;713;0;422251.0;image/jpeg;;[];False;False;ae2df9b28028def8;[];[Foto]
407;713;1-10;422252.0;text;;[];False;False;ae2df9b28028def8;[];HEM
408;713;11-50;424057.0;text;;[];True;False;4b8885bb32623f15;[];besok libur bukan sih?
409;713;11-50;424075.0;text;;['🙈'];False;False;4b8885bb32623f15;[];ntar gw kabarin lagi deh
410;713;11-50;424078.0;text;;[];False;False;ae2df9b28028def8;[];BENTAR YA GW LG DI JALAN
411;713;1-10;424096.0;text;;['😜'];False;False;4b8885bb32623f15;[];gassss
412;713;11-50;424905.0;text;;[];False;False;ef94490714487032;[];lu tim mana dukungnya!!
413;714;11-50;429114.0;text;;[];True;False;be8507a72720d4c9;[];msh bangun ga lu jam segini?
414;714;11-50;429124.0;text;;[];False;False;be8507a72720d4c9;[];podcast yg lu rekomen mana
415;714;1-10;429834.0;text;;[];False;False;38b90d5daca14406;[];btw
416;714;11-50;429906.0;text;;[];False;False;be8507a72720d4c9;[];album baru dia enak bgt
417;714;1-10;429913.0;text;;[];False;False;be8507a72720d4c9;[];jir
418;714;51-100;429989.0;text;;[];False;False;38b90d5daca14406;[];gw baru dapet info beasiswa buat semester depan mau coba daftar deh
419;714;11-50;429999.0;text;;[];False;False;38b90d5daca14406;[];konser itu mahal banget tiketnya
420;714;11-50;430008.0;text;;[];False;False;38b90d5daca14406;[];futsal besok jadi ga
421;714;11-50;430024.0;text;;[];False;False;38b90d5daca14406;[];gw abis lari pagi tadi
422;714;101-500;430035.0;text;;[];False;False;38b90d5daca14406;[];tadi siang gw makan di warung makan baru deket gerbang belakang kampus. nasi gorengnya lumayan enak dan harganya murah banget cuma 12 ribu udah sama es teh. kayaknya bakal jadi langganan baru deh soalnya warteg biasa gw udah mulai naik harga dan porsinya makin dikit aja
423;714;101-500;430047.0;text;;[];False;False;38b90d5daca14406;[];tadi siang gw makan di warung makan baru deket gerbang belakang kampus. nasi gorengnya lumayan enak dan harganya murah banget cuma 12 ribu udah sama es teh. kayaknya bakal jadi langganan baru deh soalnya warteg biasa gw udah mulai naik harga dan porsinya makin dikit aja
424;714;11-50;430056.0;text;;[];False;False;38b90d5daca14406;[];badminton yuk sore ini
425;714;51-100;430059.0;text;;[];False;False;38b90d5daca14406;[];gw baru dapet info beasiswa buat semester depan mau coba daftar deh
426;714;51-100;430074.0;text;;[];False;False;38b90d5daca14406;[];gw gagal diet lagi soalnya tadi sore diajak makan bakso sama temen
427;714;11-50;430091.0;text;;[];False;False;38b90d5daca14406;[];gw lagi baca novel baru nih
428;714;51-100;430092.0;text;;[];False;False;38b90d5daca14406;[];gw gagal diet lagi soalnya tadi sore diajak makan bakso sama temen
429;714;11-50;430099.0;text;;[];False;False;38b90d5daca14406;[];album baru dia enak banget
430;714;51-100;430102.0;text;;[];False;False;38b90d5daca14406;[];gw harus ganti strategi belajar sih soalnya nilai UTS kemarin jelek bgt
431;714;11-50;430104.0;text;;[];False;False;38b90d5daca14406;[];pertandingan bola tadi malam gila
432;714;101-500;430184.0;text;;[];False;False;38b90d5daca14406;[];tadi siang gw makan di warung makan baru deket gerbang belakang kampus. nasi gorengnya lumayan enak dan harganya murah banget cuma 12 ribu udah sama es teh. kayaknya bakal jadi langganan baru deh soalnya warteg biasa gw udah mulai naik harga dan porsinya makin dikit aja
433;714;51-100;430194.0;text;;[];False;False;38b90d5daca14406;[];gw harus ganti strategi belajar sih soalnya nilai UTS kemarin jelek bgt
434;714;1-10;430298.0;text;;[];False;False;be8507a72720d4c9;[];zonk
435;714;11-50;430301.0;text;;[];False;False;be8507a72720d4c9;[];podcast yg lu rekomen mana
436;714;0;430389.0;image/jpeg;;[];False;False;5e85041c84679a04;[];[Foto]
437;714;11-50;430402.0;text;;[];False;False;5e85041c84679a04;[];game baru udah... download belum
438;714;51-100;430417.0;text;;[];False;False;5e85041c84679a04;[];dosen killer itu ternyata... baik banget orangnya kalo diajak ngobrol santai
439;714;11-50;430446.0;text;;[];False;False;be8507a72720d4c9;[];pertandingan bola tadi malam gila
440;714;1-10;430499.0;text;;[];True;False;5e85041c84679a04;[];gmana?
441;714;51-100;430533.0;text;;[];False;False;be8507a72720d4c9;[];gw baru dapet info beasiswa buat semester depan mau coba daftar deh
442;714;11-50;430539.0;text;;[];False;False;be8507a72720d4c9;[];manga terbaru udah keluar loh
443;714;11-50;430557.0;text;;[];False;False;5e85041c84679a04;[];manga terbaru udah keluar loh
444;714;11-50;430572.0;text;;[];False;False;5e85041c84679a04;[];manga terbaru udah keluar loh...
445;714;11-50;430582.0;text;;[];False;False;5e85041c84679a04;[];gw abis lari... pagi tadi...
446;714;51-100;430603.0;text;;[];False;False;be8507a72720d4c9;[];gw hrs ganti strategi belajar sih soalnya nilai uts kemarin jelek bgt
447;714;1-10;430609.0;text;;[];False;False;be8507a72720d4c9;[];btw
448;714;11-50;430613.0;text;;[];True;False;ef94490714487032;[];booking duluan apa langsung aja!!
449;714;51-100;430626.0;text;;[];False;False;be8507a72720d4c9;[];gw gagal diet lg soalnya tadi sore diajak makan bakso sm temen
450;714;51-100;430631.0;text;;[];False;False;5e85041c84679a04;[];gw baru dapet info beasiswa... buat semester depan mau coba daftar deh...
451;714;11-50;430634.0;text;;[];False;False;5e85041c84679a04;[];badminton yuk sore ini
452;714;51-100;430675.0;text;;[];False;False;5e85041c84679a04;[];gw gagal diet lagi soalnya tadi sore diajak makan bakso sama temen
453;714;11-50;430681.0;text;;[];False;False;5e85041c84679a04;[];badminton yuk sore ini
454;714;11-50;430686.0;text;;[];False;False;5e85041c84679a04;[];game baru udah download belum
455;714;11-50;430747.0;text;;[];True;False;ef94490714487032;[];tadi ngomong apa sih dosennya!!
456;714;51-100;430783.0;text;;[];True;False;ef94490714487032;[];kira kira kalo gw apply magang sekarang masih keburu ga ya!!!
457;714;1-10;430788.0;text;;[];False;False;5e85041c84679a04;[];zonk
458;714;51-100;430801.0;text;;[];False;False;36659264f4c6f93d;[];gw gagal diet lagi soalnya tadi sore diajak makan bakso sama temen
459;714;51-100;430808.0;text;;[];False;False;5e85041c84679a04;[];gw gagal diet lagi soalnya tadi sore diajak makan bakso sama temen...
460;714;101-500;430809.0;text;;[];False;False;be8507a72720d4c9;[];tadi siang gw makan di warung makan baru deket gerbang belakang kampus. nasi gorengnya lumayan enak dan harganya murah bgt cuma 12 ribu udah sm es teh. kayaknya bakal jadi langganan baru deh soalnya warteg biasa gw udah mulai naik harga dan porsinya makin dikit aja
461;714;51-100;430833.0;text;;[];False;False;be8507a72720d4c9;[];semalam hujan gede bgt sampe kosan gw mati lampu semaleman gila
462;714;11-50;430844.0;text;;[];False;False;be8507a72720d4c9;[];gym hari ni skip deh
463;714;11-50;430861.0;text;;[];False;False;ef94490714487032;[];series itu endingnya zonk bgt!!
464;714;11-50;430883.0;text;;[];False;False;be8507a72720d4c9;[];series tu endingnya zonk bgt
465;714;51-100;430897.0;text;;[];False;False;be8507a72720d4c9;[];gw baru dapet info beasiswa buat semester depan mau coba daftar deh
466;714;1-10;430898.0;text;;[];False;False;be8507a72720d4c9;[];jir
467;714;51-100;430916.0;text;;[];False;False;be8507a72720d4c9;[];semalam hujan gede bgt sampe kosan gw mati lampu semaleman gila
468;714;11-50;431813.0;text;;[];False;False;ef94490714487032;[];gym hari ini skip deh!!
469;714;1-10;432204.0;text;;[];False;False;be8507a72720d4c9;[];njir
470;715;11-50;437749.0;text;;[];False;False;38b90d5daca14406;[];gw lg ngerjain tugas nih
471;715;1-10;438176.0;text;;[];False;False;be8507a72720d4c9;[];otw
472;715;1-10;438177.0;text;;[];False;False;be8507a72720d4c9;[];gas
473;715;11-50;438191.0;text;;[];False;False;be8507a72720d4c9;[];matkul ni susah bgt
474;715;11-50;438197.0;text;;[];False;False;be8507a72720d4c9;[];tadi absen ga sih km
475;715;11-50;438198.0;text;;[];False;False;be8507a72720d4c9;[];matkul ni susah bgt
476;715;11-50;440003.0;text;;[];False;False;ef94490714487032;[];tadi absen ga sih kamu!!
477;715;11-50;441366.0;text;;['😜', '😂'];False;False;4b8885bb32623f15;[];deadline besok pagi bro
478;716;51-100;444914.0;text;;[];False;False;ae2df9b28028def8;[];ADEK GW MAU MASUK KULIAH TAHUN DEPAN GW HARUS BANTU CARIIN INFO JURUSAN
479;716;11-50;445088.0;text;;[];False;False;e343fd7560989e6c;[];film baru di bioskoppp bagus ga
480;716;11-50;445637.0;text;;[];False;True;38b90d5daca14406;[];ngakak gw liat video itu!
481;716;11-50;445644.0;text;;[];False;False;38b90d5daca14406;[];duit bulanan belum dikirim
482;716;11-50;445661.0;text;;[];False;False;a8e8efba3364415f;[];gw baru,,, aja,,, ketemu,,, mantan
483;716;11-50;445673.0;text;;[];False;False;a8e8efba3364415f;[];gw lagi marathon drakor nih
484;716;1-10;445676.0;text;;[];False;False;ae2df9b28028def8;[];ANJAY
485;716;11-50;445770.0;text;;[];False;False;ae2df9b28028def8;[];PLAYLIST LO YANG MANA SIH
486;716;11-50;445850.0;text;;[];False;False;ae2df9b28028def8;[];ADEK GW MASUK SMA TAHUN INI
487;716;11-50;445868.0;text;;[];True;False;38b90d5daca14406;[];kenapa ga bales chat gw?
488;716;11-50;445876.0;text;;[];False;False;ae2df9b28028def8;[];NYOKAP NANYA KAPAN LULUS
489;716;51-100;445899.0;text;;[];False;False;ae2df9b28028def8;[];TADI PAGI GW OLAHRAGA LARI KELILING KAMPUS 5 PUTARAN BADAN PEGEL SEMUA
490;716;11-50;445924.0;text;;[];False;False;ae2df9b28028def8;[];DUIT BULANAN BELUM DIKIRIM
491;716;11-50;446055.0;text;;[];False;False;a8e8efba3364415f;[];adek gw masuk sma tahun ini
492;716;11-50;446057.0;text;;[];False;False;a8e8efba3364415f;[];bokap gw lagi di luar kota
493;716;1-10;446164.0;text;491.0;[];False;False;38b90d5daca14406;[];nice
494;716;0;446166.0;unknown;;[];False;False;ae2df9b28028def8;[];[Media tidak dikenal]
495;716;1-10;446175.0;text;;[];False;False;ae2df9b28028def8;[];ANJAY
496;716;11-50;446187.0;text;;[];False;False;ae2df9b28028def8;[];DUIT BULANAN BELUM DIKIRIM
497;716;11-50;446188.0;text;;[];False;False;ae2df9b28028def8;[];ADEK GW MASUK SMA TAHUN INI
498;716;11-50;446260.0;text;;[];False;False;ae2df9b28028def8;[];BOKAP GW LAGI DI LUAR KOTA
499;716;11-50;446367.0;text;;[];False;False;ae2df9b28028def8;[];KELUARGA NGUMPUL LEBARAN NANTI
500;716;1-10;446414.0;text;;[];False;False;5e85041c84679a04;[];noted
501;716;11-50;446425.0;text;;[];False;False;5e85041c84679a04;[];adek gw masuk SMA tahun ini
502;716;1-10;446428.0;text;;['🥰'];False;False;5e85041c84679a04;[];gila
503;716;11-50;446444.0;text;;[];True;False;ae2df9b28028def8;[];KENAPA GA BALES CHAT GW?
504;716;11-50;446456.0;text;502.0;[];False;False;ae2df9b28028def8;[];PLAYLIST LO YANG MANA SIH
505;716;11-50;446471.0;text;;[];False;False;5e85041c84679a04;[];mama minta gw pulang weekend
506;716;11-50;446481.0;text;;[];False;False;ae2df9b28028def8;[];DUIT BULANAN BELUM DIKIRIM
507;716;11-50;446487.0;text;;[];False;False;5e85041c84679a04;[];gw lagi marathon drakor nih
508;716;11-50;446515.0;text;;[];True;False;a8e8efba3364415f;[];itu tempatnya jauh ga?,,,
509;716;51-100;446532.0;text;;[];False;False;a8e8efba3364415f;[];adek gw mau masuk kuliah tahun depan gw harus bantu,,, cariin info jurusan
510;716;11-50;446544.0;text;509.0;[];False;False;ae2df9b28028def8;[];GW LAGI MARATHON DRAKOR NIH
511;716;51-100;446571.0;text;;[];False;False;a8e8efba3364415f;[];besok ada,,, bazaar di kampus katanya,,, banyak makanan,,, murah, pada ikut ga,,,
512;716;11-50;446577.0;text;;[];False;False;a8e8efba3364415f;[];mama minta gw pulang weekend
513;716;51-100;446600.0;text;;[];False;False;ae2df9b28028def8;[];GW NONTON FILM DOKUMENTER SEMALAM TENTANG LAUT DAN IKAN, BAGUS BANGET
514;716;1-10;446608.0;text;;[];False;False;ae2df9b28028def8;[];GOKS
515;716;11-50;446633.0;text;;[];False;False;ae2df9b28028def8;[];BOKAP GW LAGI DI LUAR KOTA
516;716;51-100;446713.0;text;;[];False;False;ae2df9b28028def8;[];ADEK GW MAU MASUK KULIAH TAHUN DEPAN GW HARUS BANTU CARIIN INFO JURUSAN
517;716;11-50;446796.0;text;;[];False;False;ae2df9b28028def8;[];GW KANGEN MASAKAN RUMAH
518;716;11-50;446912.0;text;;[];False;False;be8507a72720d4c9;[];kakak gw baru aja nikah
519;716;11-50;446924.0;text;;[];False;False;be8507a72720d4c9;[];duit bulanan blm dikirim
520;716;11-50;446945.0;text;;[];False;False;ae2df9b28028def8;[];GW KANGEN MASAKAN RUMAH
521;716;1-10;446950.0;text;;[];True;False;be8507a72720d4c9;[];terus?
522;716;11-50;446960.0;text;;[];False;False;be8507a72720d4c9;[];mama minta gw pulang weekend
523;716;11-50;446965.0;text;;[];False;False;ae2df9b28028def8;[];ADEK GW MASUK SMA TAHUN INI
524;716;11-50;446971.0;text;;[];False;False;ae2df9b28028def8;[];KAKAK GW BARU AJA NIKAH
525;716;51-100;446986.0;text;;[];False;False;ae2df9b28028def8;[];GW NONTON FILM DOKUMENTER SEMALAM TENTANG LAUT DAN IKAN, BAGUS BANGET
526;716;11-50;446987.0;text;;[];True;False;be8507a72720d4c9;[];lu lg ngapain sih?
527;716;11-50;447003.0;text;;[];False;False;ae2df9b28028def8;[];NYOKAP NANYA KAPAN LULUS
528;716;11-50;447237.0;text;;[];False;False;ae2df9b28028def8;[];KELUARGA NGUMPUL LEBARAN NANTI
529;716;101-500;447269.0;text;;[];False;False;ae2df9b28028def8;[];GW PENGEN CURHAT SEDIKIT NIH. AKHIR AKHIR INI GW NGERASA BURNOUT BANGET SAMA RUTINITAS KULIAH YANG ITU ITU AJA. BANGUN PAGI, KULIAH, TUGAS, TIDUR, REPEAT. KADANG GW NGERASA KAYAK ROBOT YANG CUMA JALAN SESUAI PROGRAM TANPA TAU TUJUAN AKHIRNYA APA. MUNGKIN GW BUTUH LIBURAN BENERAN BUAT REFRESH OTAK
530;716;11-50;448875.0;text;;[];False;False;38b90d5daca14406;[];bokap gw lagi di luar kota
531;716;11-50;448885.0;text;;[];True;False;38b90d5daca14406;[];siapa aja yg dateng?
532;716;1-10;448892.0;text;;[];False;False;ae2df9b28028def8;[];WOLES
533;716;11-50;449039.0;text;;[];True;False;38b90d5daca14406;[];siapa aja yg dateng?
534;716;11-50;449066.0;text;;[];False;False;ae2df9b28028def8;[];PLAYLIST LO YANG MANA SIH
535;716;11-50;449093.0;text;;[];False;False;38b90d5daca14406;[];gw baru aja ketemu mantan
536;716;1-10;449094.0;text;;[];True;False;38b90d5daca14406;[];napa?
537;716;11-50;449249.0;text;;[];False;False;a8e8efba3364415f;[];duit bulanan belum dikirim,,,
538;716;11-50;449252.0;text;;[];False;False;a8e8efba3364415f;[];keluarga ngumpul,,, lebaran nanti
539;716;11-50;449261.0;text;;[];False;False;a8e8efba3364415f;[];gw lagi,,, marathon drakor nih
540;716;11-50;449264.0;text;;[];False;False;a8e8efba3364415f;[];duit bulanan belum,,, dikirim,,,
541;716;1-10;449267.0;text;;[];False;False;a8e8efba3364415f;[];anjay
542;716;51-100;449418.0;text;;[];False;False;38b90d5daca14406;[];tadi pagi gw olahraga lari keliling kampus 5 putaran badan pegel semua
543;717;11-50;463631.0;image/jpeg;;['🤭'];False;False;36659264f4c6f93d;[];[Foto]
544;717;1-10;463717.0;text;;['😂'];False;False;be8507a72720d4c9;[];gass
545;717;1-10;465828.0;text;;['😂'];False;False;4b8885bb32623f15;[];ngab
546;717;1-10;467082.0;text;;['🤣'];False;False;257adae07de14378;[];cuy
547;718;1-10;528727.0;text;;['🤣'];False;False;38b90d5daca14406;[];mah
548;718;0;529442.0;image/jpeg;;[];False;False;ef94490714487032;[];[Foto]
549;718;1-10;531044.0;text;;['😂'];False;False;be8507a72720d4c9;[];yaa
550;719;0;534507.0;image/jpeg;;[];False;False;ae2df9b28028def8;[];[Foto]
551;719;1-10;534541.0;text;;[];True;False;ef94490714487032;[];gmana!!
552;719;11-50;534642.0;text;;[];False;False;ae2df9b28028def8;[];KONSER ITU MAHAL BANGET TIKETNYA
553;719;1-10;539302.0;text;;[];False;False;e343fd7560989e6c;[];ih
554;720;0;598051.0;image/jpeg;;[];False;False;ae2df9b28028def8;[];[Foto]
555;720;0;598062.0;image/jpeg;;[];False;False;ae2df9b28028def8;[];[Foto]
556;720;11-50;598095.0;text;;[];False;False;ef94490714487032;[];perpus tutup jam berapa ya!!
557;720;11-50;598436.0;application/pdf;;[];False;False;603c5549febf3726;[];[Dokumen PDF]
558;720;11-50;598469.0;text;;['🤙'];False;False;603c5549febf3726;[];Eh tadi kelas seru banget.
559;720;1-10;598777.0;text;;['🤣'];False;False;38b90d5daca14406;[];ok
560;720;1-10;601847.0;text;;['😂'];False;False;4b8885bb32623f15;[];gas
561;720;0;601853.0;sticker/webp;;[];False;False;4b8885bb32623f15;[];[Stiker]
562;720;51-100;602636.0;text;;[];True;False;a71ff116bf72ec95;[];eh lu udah dapet info jadwal ujian akhir semester belum dari prodi?
563;720;1-10;602784.0;text;;[];False;False;741bf06081579d3d;[];gas
564;720;1-10;602817.0;text;;['😂'];False;False;a71ff116bf72ec95;[];yoi
565;720;11-50;602818.0;text;;['😘'];False;False;a71ff116bf72ec95;[];gw skip kelas hari ini
566;720;1-10;603159.0;text;;['😂'];False;False;c0b32e0339d03430;[];yuk
567;720;11-50;603169.0;text;;[];True;False;c0b32e0339d03430;[];lu dimana sekarang?
568;720;11-50;603424.0;text;;['😂'];False;False;a71ff116bf72ec95;[];gw belom mulai tugas
569;720;51-100;604221.0;text;;[];False;False;38b90d5daca14406;[];nyokap gw nelfon tadi nanyain kapan pulang, gw bilang aja abis ujian
570;720;11-50;604230.0;text;;[];False;False;38b90d5daca14406;[];lab komputer penuh terus
571;720;1-10;604334.0;text;;[];False;False;c0b32e0339d03430;[];ok
572;720;1-10;604335.0;text;;[];False;False;c0b32e0339d03430;[];hehe
573;720;11-50;604351.0;text;;[];False;False;c0b32e0339d03430;[];gw belom mulai... tugas
574;720;11-50;604379.0;image/jpeg;;['😂'];True;False;c0b32e0339d03430;[];[Foto]
575;720;1-10;605107.0;text;;[];False;True;ef94490714487032;[];wah!!
576;720;1-10;605299.0;text;;[];False;False;be8507a72720d4c9;[];oke
577;720;1-10;605318.0;text;;[];False;False;be8507a72720d4c9;[];dah
578;720;11-50;605319.0;text;;[];False;False;be8507a72720d4c9;[];eh tadi kelas seru bgt
579;720;11-50;605333.0;text;;[];False;False;be8507a72720d4c9;[];gw skip kelas hari ni
580;720;101-500;605359.0;text;;[];False;False;be8507a72720d4c9;[];jadi ceritanya kemarin gw ke perpustakaan pusat buat nyari bahan referensi skripsi, ternyata bukunya udah dipinjem smua sm anak angkatan sebelah. akhirnya gw cuma bs fotokopi dr temen yg kebetulan pny. lumayan lah daripada ga dapet sm sekali, tinggal di rangkum aja sisanya
581;720;11-50;605372.0;text;;[];False;False;be8507a72720d4c9;[];tadi absen ga sih km
582;720;11-50;605373.0;text;;[];False;False;be8507a72720d4c9;[];gw skip kelas hari ni
583;720;11-50;605380.0;text;;[];False;False;be8507a72720d4c9;[];gw lg ngerjain tugas nih
584;720;101-500;605391.0;text;;[];True;False;4b8885bb32623f15;[];guys ada yang tau ga sih kenapa sistem registrasi online kampus sering banget error pas masa pengisian krs? tiap semester selalu gitu bikin stres, mana harus rebutan mata kuliah yang kuotanya dikit banget lagi. apa emang servernya ga kuat ya nampung banyak mahasiswa sekaligus?
585;720;11-50;605412.0;text;;[];True;False;be8507a72720d4c9;[];jadi ketemuan ga hari ni?
586;720;11-50;605421.0;text;;[];False;False;be8507a72720d4c9;[];tadi absen ga sih km
587;720;51-100;605449.0;text;;[];False;False;4b8885bb32623f15;[];gw denger katanya semester depan ada mata kuliah baru yang wajib diambil
588;720;11-50;605478.0;text;;[];False;False;be8507a72720d4c9;[];gw lg ngerjain tugas nih
589;720;11-50;605484.0;text;;[];False;False;be8507a72720d4c9;[];presentasi gw amburadul
590;720;1-10;605493.0;text;;['😂'];False;False;4b8885bb32623f15;[];ok
591;720;11-50;605541.0;text;;['🤣'];False;False;36659264f4c6f93d;[];dosen gw galak banget sih
592;720;11-50;605627.0;text;;[];False;False;ef94490714487032;[];gw lg ngerjain tugas nih!!!
593;720;51-100;605691.0;text;;[];False;False;4b8885bb32623f15;[];eh besok kita jadi ketemuan di kafe deket stasiun kan ya jam 2 siang
594;720;1-10;605862.0;text;;['🌝'];False;False;be8507a72720d4c9;[];iya
595;720;51-100;606622.0;text;;[];False;False;603c5549febf3726;[];Gw baru aja selesai ngerjain tugas sampe jam 3 pagi, mau mati rasanya.
596;720;51-100;607582.0;text;;[];False;False;a71ff116bf72ec95;[];nyokap gw nelfon tadi nanyain kapan pulang, gw bilang aja abis ujian
597;720;1-10;607585.0;text;;['😊'];False;False;a71ff116bf72ec95;[];ok
598;720;51-100;608113.0;text;;[];False;False;257adae07de14378;[];nyokap gw nelfon... tadi nanyain kapan... pulang, gw bilang aja... abis ujian
599;720;1-10;608115.0;text;;['🤣'];False;False;257adae07de14378;[];otw
600;720;11-50;608130.0;text;;[];False;False;257adae07de14378;[];gw skip kelas hari... ni
601;720;51-100;608239.0;text;;['😂'];False;False;4b8885bb32623f15;[];nyokap gw nelfon tadi nanyain kapan pulang, gw bilang aja abis ujian
602;720;51-100;608300.0;text;;[];False;False;4b8885bb32623f15;[];gw baru aja selesai ngerjain tugas sampe jam 3 pagi, mau mati rasanya
603;720;11-50;608784.0;text;;[];False;False;c0b32e0339d03430;[];gw lg ngerjain tugas nih
604;720;51-100;608818.0;text;;[];False;False;257adae07de14378;[];gw baru aja... selesai ngerjain tugas sampe jam 3 pagi,... mau mati rasanya
605;720;11-50;608846.0;text;;[];False;False;257adae07de14378;[];matkul ni susah bgt
606;720;11-50;608873.0;text;;[];False;False;257adae07de14378;[];presentasi gw amburadul...
607;720;51-100;608908.0;text;;[];False;False;257adae07de14378;[];tadi gw ketemu dosen pembimbing dan... dia minta revisi lg utk bab 3
608;720;11-50;608925.0;text;;[];False;False;603c5549febf3726;[];Lab komputer penuh terus.
609;720;11-50;608935.0;text;;[];False;False;257adae07de14378;[];matkul ni susah bgt
610;720;1-10;608953.0;text;;['🙈'];False;False;4b8885bb32623f15;[];yoi
611;720;11-50;608958.0;text;;[];False;False;257adae07de14378;[];gw belom mulai tugas...
612;720;1-10;608963.0;text;;['😂'];False;False;4b8885bb32623f15;[];iya
613;720;1-10;608968.0;text;;['🤣'];False;False;257adae07de14378;[];ok
614;720;51-100;609003.0;text;;[];False;False;603c5549febf3726;[];Eh besok kita jadi ketemuan di kafe deket stasiun kan ya jam 2 siang.
615;720;11-50;609031.0;text;;[];False;False;603c5549febf3726;[];Deadline besok pagi bro.
616;720;1-10;609036.0;text;;['😂'];False;False;603c5549febf3726;[];Siap.
617;720;11-50;609046.0;text;;['🤣'];False;False;257adae07de14378;[];matkul ni susah bgt...
618;720;51-100;609135.0;text;;[];False;False;ef94490714487032;[];tadi gw ketemu dosen pembimbing dan dia minta revisi lagi untuk bab 3!!!
619;720;1-10;609336.0;text;;[];True;False;c0b32e0339d03430;[];mana?
620;720;11-50;609406.0;text;;[];False;False;ef94490714487032;[];gw skip kelas hari ini!!
621;720;101-500;609443.0;text;;[];True;False;c0b32e0339d03430;[];gw lagi bimbang nih antara... mau ikut organisasi kampus atau fokus ke akademik aja. menurut... kalian gimana sih, worth it ga... sih ikut organisasi? soalnya... gw denger banyak yang bilang... bisa nambah soft skill tapi... di sisi lain waktu buat... belajar jadi... berkurang kan, gimana... pengalaman kalian?
622;720;11-50;609461.0;text;;[];False;False;c0b32e0339d03430;[];perpus tutup jam berapa ya
623;720;1-10;609466.0;text;;['🤷'];False;False;c0b32e0339d03430;[];yoi
624;720;11-50;610756.0;text;;[];True;False;be8507a72720d4c9;[];lu dmn skrg?
625;720;51-100;610775.0;text;;[];True;False;be8507a72720d4c9;[];eh lu udah dapet info jadwal ujian akhir semester blm dr prodi?
626;720;1-10;610789.0;text;;['😂'];False;False;c0b32e0339d03430;[];hehe
627;720;11-50;610796.0;text;;[];False;False;be8507a72720d4c9;[];gw skip kelas hari ni
628;720;1-10;610798.0;text;;['😤'];False;False;be8507a72720d4c9;[];haha
629;720;11-50;610801.0;text;;[];False;False;c0b32e0339d03430;[];gw skip kelas hari ini...
630;720;11-50;610808.0;text;;[];False;False;c0b32e0339d03430;[];tadi absen ga sih... kamu
631;720;0;610811.0;sticker/webp;;[];False;False;be8507a72720d4c9;[];[Stiker]
632;720;1-10;610813.0;text;;['😂'];False;False;c0b32e0339d03430;[];gas
633;720;51-100;610886.0;text;;[];False;False;ef94490714487032;[];gw baru aja selesai ngerjain tugas sampe jam 3 pagi, mau mati rasanya!!
634;721;51-100;623525.0;text;;[];False;False;be8507a72720d4c9;['a71ff116bf72ec95'];gw udah download smua materi kuliah tp blm sempat baca sm sekali
635;721;11-50;623532.0;text;;[];False;False;be8507a72720d4c9;[];kopi susu yg biasa ya
636;721;11-50;623534.0;text;;[];False;False;be8507a72720d4c9;[];gw mau nyoba restoran baru
637;722;11-50;640555.0;text;;[];False;False;ae2df9b28028def8;[];KOPI SUSU YG BIASA YA
638;722;11-50;640561.0;text;;[];False;False;ae2df9b28028def8;[];BAKSO MALANG ITU BUKA GA YA
639;722;1-10;640690.0;text;;[];True;False;ef94490714487032;[];kok!!
640;722;101-500;640755.0;text;;[];False;False;ae2df9b28028def8;[];KEMARIN MALEM GW SAMA TEMEN TEMEN NONGKRONG DI WARKOP BIASA SAMPE JAM 12 MALEM. KITA NGOBROL BANYAK HAL DARI MULAI TUGAS KULIAH, RENCANA LIBURAN, SAMPE MASALAH PERCINTAAN. SERU SIH WALAU BESOKNYA GW KESIANGAN MASUK KELAS PAGI DAN DOSEN NEGUR DI DEPAN SEMUA ORANG. MALU TAPI YA GIMANA LAGI
641;722;51-100;640778.0;text;;[];False;False;ae2df9b28028def8;[];DOMPET GW ILANG KEMARIN DI ANGKOT TAPI ALHAMDULILLAH ADA YANG NEMUIN
642;722;11-50;640784.0;text;;[];False;False;ae2df9b28028def8;[];SARAPAN DULU BARU MIKIR
643;722;11-50;640787.0;text;;[];False;False;ef94490714487032;[];sarapan dulu baru mikir!!
644;722;1-10;640796.0;text;;['😅'];False;False;ae2df9b28028def8;[];SIS
645;722;11-50;640809.0;text;;[];False;False;ef94490714487032;[];indomie telor udah cukup kok!!
646;722;51-100;641165.0;text;;[];False;False;751a64f4952fc46f;[];weekend ini gw mau staycation aja di kosan binge watching series baru!!
647;722;51-100;641221.0;text;;[];False;False;ae2df9b28028def8;[];DOMPET GW ILANG KEMARIN DI ANGKOT TAPI ALHAMDULILLAH ADA YANG NEMUIN
648;722;11-50;641330.0;text;;[];False;False;ef94490714487032;[];kopi susu yg biasa ya!!
649;722;11-50;641525.0;text;;[];False;False;751a64f4952fc46f;[];bakso malang itu buka ga ya!!!
650;722;11-50;641563.0;text;;[];True;False;ef94490714487032;[];itu beneran apa hoax!!
651;722;51-100;641600.0;text;;[];False;False;751a64f4952fc46f;[];gw udah download semua materi kuliah tapi belum sempat baca sama sekali!!!
652;722;11-50;641616.0;text;;[];False;False;ef94490714487032;[];masak sendiri lebih hemat sih!!
653;722;11-50;641656.0;text;;[];False;False;ef94490714487032;[];kopi susu yg biasa ya!!
654;722;11-50;642577.0;text;;[];False;False;36659264f4c6f93d;[];gw mau pesen gofood dulu
655;722;51-100;642611.0;text;;[];False;False;36659264f4c6f93d;[];gw udah download semua materi kuliah tapi belum sempat baca sama sekali
656;722;11-50;642752.0;text;;[];False;False;ef94490714487032;[];porsi makan gw nambah terus!!!
657;722;51-100;642791.0;text;;[];False;False;ef94490714487032;[];weekend ini gw mau staycation aja di kosan binge watching series baru!!!
658;722;51-100;642826.0;text;;['🤷🏻\u200d♀'];False;False;ef94490714487032;[];gw lagi bingung milih topik skripsi antara dua tema yang sama menariknya!!
659;722;51-100;643212.0;text;;['🤣'];False;False;36659264f4c6f93d;[];gw udah download semua materi kuliah tapi belum sempat baca sama sekali
660;722;11-50;643239.0;text;;['🤔'];False;False;36659264f4c6f93d;[];kopi susu yg biasa ya
661;722;101-500;643639.0;text;;[];False;False;36659264f4c6f93d;[];kemarin malem gw sama temen temen nongkrong di warkop biasa sampe jam 12 malem. kita ngobrol banyak hal dari mulai tugas kuliah, rencana liburan, sampe masalah percintaan. seru sih walau besoknya gw kesiangan masuk kelas pagi dan dosen negur di depan semua orang. malu tapi ya gimana lagi
662;722;11-50;643872.0;text;;[];False;False;36659264f4c6f93d;[];gw mau pesen gofood dulu
663;722;51-100;643988.0;text;;[];False;False;36659264f4c6f93d;[];tadi di kantin ketemu anak angkatan bawah yang kenal sama temen SMA gw
664;722;51-100;644017.0;text;;['😜'];False;False;ef94490714487032;[];tadi di kantin ketemu anak angkatan bawah yang kenal sama temen SMA gw!!!
665;722;51-100;644038.0;text;;['🙁'];False;False;ef94490714487032;[];dompet gw ilang kemarin di angkot tapi alhamdulillah ada yang nemuin!!
666;722;11-50;647405.0;text;;['😍'];False;False;4b8885bb32623f15;[];porsi makan gw nambah terus
667;723;11-50;673043.0;text;;[];False;False;38b90d5daca14406;[];gw lg ngerjain tugas nih
668;723;51-100;673067.0;text;;[];False;False;38b90d5daca14406;[];gw baru aja selesai ngerjain tugas sampe jam 3 pagi, mau mati rasanya
669;723;11-50;673073.0;text;;[];False;False;38b90d5daca14406;[];eh tadi kelas seru banget
670;724;11-50;678412.0;text;;['👌'];False;False;c0b32e0339d03430;[];gw naik ojol aja deh
671;724;51-100;678430.0;text;;[];False;False;c0b32e0339d03430;[];motor gw mogok di... tengah jalan... tadi pagi jadi gw telat masuk... kelas
672;724;11-50;678442.0;text;;[];False;False;c0b32e0339d03430;[];ketemuan di mall jam 3... ya
673;724;101-500;679152.0;text;;[];False;False;38b90d5daca14406;[];gw baru aja beres beresin kosan dan nemu barang barang lama dari jaman SMA. ada foto kelas, surat dari mantan, sama buku diary yang isinya cringe banget kalo dibaca sekarang. jadi nostalgia sendiri inget masa masa dulu yang lebih sederhana. kadang kangen juga sih jadi anak SMA lagi tanpa mikirin skripsi
674;724;101-500;679330.0;text;;['😂'];False;False;c0b32e0339d03430;[];gw baru aja beres beresin kosan dan nemu barang barang lama dari jaman SMA. ada foto kelas, surat dari mantan,... sama buku diary yang isinya cringe banget kalo dibaca sekarang. jadi nostalgia sendiri... inget masa masa... dulu yang lebih sederhana. kadang kangen... juga sih jadi... anak SMA lagi... tanpa mikirin skripsi
675;724;11-50;679353.0;text;;[];False;False;c0b32e0339d03430;[];ketemuan di mall jam 3 ya
676;724;11-50;679376.0;text;;[];False;False;c0b32e0339d03430;[];macet parah di jalan tol
677;724;11-50;679766.0;text;;[];False;False;ae2df9b28028def8;[];LU DIMANA SIH LAMA BANGET
678;724;1-10;679901.0;text;;[];False;False;5e85041c84679a04;[];deh
679;724;51-100;681883.0;text;;[];False;False;be8507a72720d4c9;[];kemarin malem gw begadang nonton bola sampe subuh terus ketiduran
680;724;51-100;681887.0;text;;[];False;False;c0b32e0339d03430;[];kemarin malem gw... begadang... nonton bola sampe subuh terus ketiduran
681;724;11-50;681904.0;text;;['😂'];False;False;c0b32e0339d03430;[];gw naik ojol aja deh
682;724;11-50;681961.0;text;;[];False;False;be8507a72720d4c9;[];macet parah di jalan tol
683;724;11-50;681962.0;text;;[];True;False;be8507a72720d4c9;[];nilai keluar kapan ya?
684;724;51-100;682013.0;text;;[];False;False;c0b32e0339d03430;[];kemarin malem gw begadang nonton bola sampe subuh terus ketiduran
685;724;51-100;682034.0;text;;[];False;False;c0b32e0339d03430;[];motor gw mogok... di tengah... jalan tadi pagi jadi gw telat masuk kelas
686;724;51-100;682094.0;text;;[];False;False;c0b32e0339d03430;[];motor gw mogok di tengah jalan tadi pagi jadi gw... telat masuk kelas
687;724;11-50;682131.0;text;;[];False;False;c0b32e0339d03430;[];gw naik ojol aja deh...
688;724;51-100;682169.0;text;;[];False;False;c0b32e0339d03430;[];motor gw mogok di tengah jalan tadi pagi jadi gw telat masuk kelas
689;724;1-10;682419.0;text;;[];False;False;be8507a72720d4c9;[];wah
690;724;11-50;682422.0;text;;[];False;False;be8507a72720d4c9;[];jangan lupa bawa duit cash
691;724;11-50;682779.0;text;;[];True;False;ef94490714487032;[];nilai keluar kapan ya!!
692;724;11-50;682793.0;text;;[];False;False;ef94490714487032;[];jangan lupa bawa duit cash!!
693;724;11-50;682982.0;text;;['😜'];False;False;67566b419db65cbd;[];BSK SORE ADA WAKTU GA
694;724;1-10;684272.0;text;691.0;[];False;False;be8507a72720d4c9;[];hoo
695;724;0;684925.0;image/jpeg;;[];False;False;ef94490714487032;[];[Foto]
696;724;0;684927.0;image/jpeg;;[];False;False;ef94490714487032;[];[Foto]
697;724;0;684929.0;image/jpeg;;[];False;False;ef94490714487032;[];[Foto]
698;724;1-10;684941.0;text;;['☺️'];False;False;ef94490714487032;[];ooh!!
699;724;1-10;685082.0;text;;['😯'];False;False;67566b419db65cbd;[];YAA
700;724;51-100;685149.0;text;;[];False;False;67566b419db65cbd;[];TEMEN SEKAMAR GW PINDAH KOSAN JADI SEKARANG GW SENDIRIAN DI KAMAR
701;724;51-100;685179.0;text;;[];False;False;ef94490714487032;[];kemarin malem gw begadang nonton bola sampe subuh terus ketiduran!!
702;724;11-50;685260.0;text;;[];False;False;67566b419db65cbd;[];KITA KETEMUAN DIMANA AJA DEH
703;724;11-50;685407.0;text;;[];False;False;ef94490714487032;[];ketemuan di mall jam 3 ya!!!
704;724;1-10;685713.0;text;700.0;[];True;False;741bf06081579d3d;[];jadi?
705;724;11-50;685793.0;text;;['😂'];False;False;67566b419db65cbd;[];RAME BANGET DISINI CUY
706;724;0;685913.0;image/jpeg;;[];False;False;67566b419db65cbd;[];[Foto]
707;724;0;685944.0;image/jpeg;;[];False;False;67566b419db65cbd;[];[Foto]
708;724;11-50;686035.0;image/jpeg;;[];False;False;67566b419db65cbd;[];[Foto]
709;724;11-50;687936.0;text;;[];True;False;e343fd7560989e6c;[];nilaiii keluar kapannn ya?
710;724;11-50;688408.0;text;;[];False;False;ef94490714487032;[];kita ketemuan dimana aja deh!!!
711;724;11-50;688572.0;text;;[];False;True;ef94490714487032;[];gw seneng banget dapet A!!!
712;724;11-50;688717.0;text;;[];False;False;5e85041c84679a04;[];gw ngga bisa ikut malem ini
713;724;11-50;688727.0;text;;[];False;False;5e85041c84679a04;[];lu dimana sih lama banget
714;724;1-10;688814.0;text;;[];True;False;ef94490714487032;[];mau!!!
715;724;101-500;688930.0;text;;[];False;False;ef94490714487032;[];gw baru aja beres beresin kosan dan nemu barang barang lama dari jaman SMA. ada foto kelas, surat dari mantan, sama buku diary yang isinya cringe banget kalo dibaca sekarang. jadi nostalgia sendiri inget masa masa dulu yang lebih sederhana. kadang kangen juga sih jadi anak SMA lagi tanpa mikirin skripsi!!!
716;724;51-100;688953.0;text;;[];False;False;ef94490714487032;[];gw harus nabung lebih banyak sih buat bayar uang semester yang naik!!
717;724;11-50;688970.0;text;;[];False;False;5e85041c84679a04;[];gw udah di parkiran... nih
718;724;11-50;688988.0;text;;[];False;False;ef94490714487032;[];bsk sore ada waktu ga!!
719;724;11-50;689190.0;text;;[];False;False;e343fd7560989e6c;[];lu dimana sih lama banget
720;724;11-50;689190.0;text;;[];False;False;e343fd7560989e6c;[];gw nyari parkir dulu bentar
721;724;11-50;689213.0;text;;[];False;False;ef94490714487032;[];gw ngga bisa ikut malem ini!!!
722;725;11-50;764761.0;text;;[];False;False;38b90d5daca14406;[];internet mati lagi di kosan
723;725;11-50;764785.0;text;;[];True;False;e343fd7560989e6c;[];mauuuu nitip apa ga?
724;725;101-500;764794.0;text;;[];False;False;38b90d5daca14406;[];rencana liburan semester ini gw mau road trip sama temen temen ke Jogja. kita udah patungan buat sewa mobil dan booking penginapan murah di daerah Malioboro. itinerary nya udah gw bikin detail dari hari pertama sampe hari ketiga. tinggal eksekusi aja nih semoga cuaca mendukung dan ga ada halangan
725;725;11-50;764809.0;text;;[];False;False;e343fd7560989e6c;[];dompett gw ketinggalannnn di rumah
726;725;11-50;764813.0;text;;[];False;False;38b90d5daca14406;[];gw mau tidur dulu ya
727;725;51-100;764841.0;text;;['😅'];False;False;38b90d5daca14406;[];duit jajan gw abis padahal baru tanggal 15 harus ngirit banget nih
728;725;11-50;765592.0;text;;['🤣'];False;False;ef94490714487032;[];charger hp gw rusak lagi!!!
729;726;11-50;796327.0;text;;[];False;False;6fbc363d86533ce4;[];masak sendiri lebihh hematt sihh
730;726;51-100;796337.0;text;;[];False;False;6fbc363d86533ce4;[];tadi di kantinnnn ketemuuu anak angkatan bawahhhh yang kenal samaaaa temen sma gw
731;726;51-100;796412.0;text;;[];False;False;6fbc363d86533ce4;[];dompet gw ilang kemarin di angkot tapi alhamdulillah ada yanggg nemuinnnn
732;726;51-100;796455.0;text;;[];False;False;a8e8efba3364415f;[];gw udah download semua,,, materi kuliah tapi belum,,, sempat baca sama sekali
733;726;11-50;796465.0;text;;[];False;False;a8e8efba3364415f;[];es teh manis satu,,, ya bang,,,
734;726;51-100;796470.0;text;;[];False;False;6fbc363d86533ce4;[];gw lagi bingung milih topikk skripsi antaraaa dua temaa yang samaaa menariknya
735;726;101-500;796481.0;text;;[];True;False;6fbc363d86533ce4;[];guys ada yangg tau ga sih kenapa sistemmm registrasi onlineeee kampus sering banget error passs masa pengisian krs? tiapp semester selalu gitu bikin stres, mana harus rebutann mataaa kuliah yangg kuotanya dikitt banget lagi. apa emangg servernya ga kuattt ya nampunggg banyak mahasiswaa sekaligus?
736;726;51-100;796494.0;text;;['🤣'];False;False;a59198d55464ff40;[];Dompet gw ilang kemarin di angkot tapi alhamdulillah ada yang nemuin.
737;726;11-50;796504.0;text;;[];True;False;6fbc363d86533ce4;[];ituuuu beneran apa hoax?
738;726;1-10;796518.0;text;;[];False;False;a8e8efba3364415f;[];bener
739;726;11-50;796524.0;text;;[];False;False;6fbc363d86533ce4;[];nongkrongggg yuk di kafeeee biasa
740;726;11-50;796527.0;text;;[];False;False;a8e8efba3364415f;[];indomie telor udah cukup kok
741;726;11-50;796534.0;text;;[];False;False;a8e8efba3364415f;[];masak sendiri lebih hemat,,, sih
742;726;11-50;796535.0;text;;[];False;False;a8e8efba3364415f;[];masak sendiri lebih,,, hemat sih
743;726;11-50;796547.0;text;;[];False;False;a8e8efba3364415f;[];gw lagi diet tapi,,, gagal mulu
744;726;11-50;796548.0;text;;[];False;False;a8e8efba3364415f;[];gw mau pesen gofood dulu
745;726;1-10;796557.0;text;;[];False;False;a8e8efba3364415f;[];sis
746;726;1-10;796559.0;text;;[];False;False;a8e8efba3364415f;[];bener
747;726;51-100;796585.0;text;;[];False;False;a8e8efba3364415f;[];gw lagi bingung milih topik skripsi antara dua tema,,, yang sama menariknya
748;726;11-50;796592.0;text;;[];False;False;a8e8efba3364415f;[];gw lagi diet tapi gagal mulu
749;726;11-50;796659.0;text;;[];False;False;6fbc363d86533ce4;[];tadiiii gw makan nasi padang
750;726;51-100;798729.0;text;;[];False;False;38b90d5daca14406;[];weekend ini gw mau staycation aja di kosan binge watching series baru
751;726;51-100;798747.0;text;;['😝'];False;False;38b90d5daca14406;[];gw udah download semua materi kuliah tapi belum sempat baca sama sekali
752;726;11-50;798757.0;text;;[];False;False;38b90d5daca14406;[];indomie telor udah cukup kok
753;726;1-10;798772.0;text;;['😂'];False;False;6fbc363d86533ce4;[];sis
754;726;11-50;798793.0;text;;[];False;False;6fbc363d86533ce4;[];gw mau pesen gofood dulu
755;726;51-100;798847.0;text;;[];False;False;6fbc363d86533ce4;['38b90d5daca14406'];gw lagi bingungg milih topik skripsiiii antaraaaa dua temaaaa yang samaaaa menariknya
756;726;51-100;798870.0;text;;[];False;False;6fbc363d86533ce4;[];gw udahhh downloaddd semua materiii kuliah tapii belummmm sempat bacaa sama sekali
757;726;11-50;798895.0;text;;[];False;False;a8e8efba3364415f;[];kopi susu yg biasa,,, ya
758;726;51-100;798917.0;text;;[];False;False;a8e8efba3364415f;[];tadi di,,, kantin ketemu anak angkatan bawah yang kenal,,, sama temen sma gw
759;726;51-100;798928.0;text;;[];False;False;a8e8efba3364415f;[];dompet gw,,, ilang kemarin di angkot tapi alhamdulillah,,, ada yang nemuin
760;726;11-50;798952.0;text;;['🤣'];True;False;38b90d5daca14406;[];bawa motor apa naik apa?
761;726;51-100;798967.0;text;;[];False;False;38b90d5daca14406;[];gw udah download semua materi kuliah tapi belum sempat baca sama sekali
762;726;11-50;798977.0;text;;[];False;False;38b90d5daca14406;[];indomie telor udah cukup kok
763;726;11-50;798978.0;text;;[];False;False;38b90d5daca14406;[];gw mau pesen gofood dulu
764;726;1-10;799027.0;text;;[];False;False;a8e8efba3364415f;[];bro
765;726;1-10;799034.0;text;;[];False;False;a8e8efba3364415f;[];bener
766;726;11-50;799035.0;text;;[];False;False;a8e8efba3364415f;[];nongkrong yuk di kafe biasa
767;726;11-50;799035.0;text;;[];False;False;a8e8efba3364415f;[];nongkrong yuk,,, di kafe biasa
768;726;1-10;799036.0;text;;[];False;False;a8e8efba3364415f;[];bro
769;726;1-10;799044.0;text;;[];False;False;a8e8efba3364415f;[];yep
770;726;1-10;799046.0;text;;[];True;False;a8e8efba3364415f;[];yakin?
771;726;51-100;799197.0;text;;[];False;False;6fbc363d86533ce4;[];gw lagi bingung milih topikkkk skripsi antara dua temaaaa yang sama menariknyaa
772;726;11-50;799213.0;text;;[];False;False;6fbc363d86533ce4;[];masak sendiri lebihh hemat sih
773;726;11-50;799716.0;text;;[];False;False;38b90d5daca14406;[];nongkrong yuk di kafe biasa
774;726;1-10;799804.0;text;;['😂'];False;False;6fbc363d86533ce4;[];broooo
775;726;1-10;799814.0;text;;[];False;False;a8e8efba3364415f;[];ayok
776;726;51-100;799815.0;text;;[];False;False;a8e8efba3364415f;[];dompet gw ilang kemarin di angkot tapi alhamdulillah,,, ada yang nemuin
777;726;11-50;799819.0;text;;[];False;False;ef94490714487032;[];porsi makan gw nambah terus!!
778;726;11-50;799822.0;text;;[];False;False;6fbc363d86533ce4;[];indomieeee telor udah cukupp kok
779;726;51-100;799866.0;text;;[];False;False;6fbc363d86533ce4;[];weekenddd ini gw mauu staycation aja di kosan bingee watching series baru
780;726;11-50;799868.0;text;;[];False;False;ef94490714487032;[];tadi gw makan nasi padang!!
781;726;11-50;799894.0;text;;['😂'];False;False;6fbc363d86533ce4;[];porsiiii makan gw nambahhhh terus
782;726;11-50;799904.0;text;;[];False;True;ef94490714487032;[];enak banget makanannya!!
783;726;51-100;799930.0;text;;[];False;False;6fbc363d86533ce4;[];gw udah download semua materiiii kuliahhh tapi belum sempatttt bacaaa sama sekali
784;726;11-50;799976.0;text;;[];False;False;a8e8efba3364415f;[];kopi susu yg biasa,,, ya
785;726;11-50;799986.0;text;;[];False;False;a8e8efba3364415f;[];kopi susu yg,,, biasa,,, ya
786;726;11-50;800003.0;text;;[];False;False;6fbc363d86533ce4;[];masakk sendiri lebih hematttt sihhhh
787;726;51-100;800095.0;text;;[];False;False;6fbc363d86533ce4;[];dompet gw ilang kemarin di angkot tapi alhamdulillahh adaaa yanggg nemuinn
788;726;0;800120.0;video/mp4;;[];False;False;6fbc363d86533ce4;[];[Video]
789;726;1-10;800166.0;text;;['🤣'];False;False;38b90d5daca14406;[];ngab
790;726;11-50;800188.0;text;;[];False;False;a8e8efba3364415f;[];kopi susu yg biasa,,, ya
791;726;11-50;800188.0;text;;[];False;False;a8e8efba3364415f;[];es teh manis satu,,, ya bang,,,
792;726;1-10;800294.0;text;;[];False;False;38b90d5daca14406;[];sis
793;726;11-50;800306.0;text;;[];False;False;38b90d5daca14406;[];indomie telor udah cukup kok
794;726;11-50;800511.0;text;;['😅'];False;False;6fbc363d86533ce4;[];indomie telor udahhh cukup kok
795;726;51-100;801339.0;text;;[];False;False;e343fd7560989e6c;[];dompet gw ilang kemarin di angkotttt tapi alhamdulillahhh ada yangggg nemuin
796;726;101-500;801942.0;text;;[];False;False;6fbc363d86533ce4;[];kemarinnnn malemmm gw sama temenn temen nongkrong di warkop biasa sampe jamm 12 malem. kita ngobroll banyakk hal dariiii mulaiiii tugassss kuliah, rencanaaaa liburan, sampe masalah percintaan. seru sih walau besoknyaa gw kesiangan masukkkk kelas pagi dan dosen negur di depan semuaaa orang. malu tapi ya gimana lagi
797;726;51-100;803086.0;text;;[];False;False;38b90d5daca14406;[];dompet gw ilang kemarin di angkot tapi alhamdulillah ada yang nemuin
798;726;51-100;803114.0;text;;[];False;False;38b90d5daca14406;[];gw lagi bingung milih topik skripsi antara dua tema yang sama menariknya
799;726;51-100;803125.0;text;;[];False;False;38b90d5daca14406;[];dompet gw ilang kemarin di angkot tapi alhamdulillah ada yang nemuin
800;726;101-500;803145.0;text;;[];False;False;38b90d5daca14406;[];kemarin malem gw sama temen temen nongkrong di warkop biasa sampe jam 12 malem. kita ngobrol banyak hal dari mulai tugas kuliah, rencana liburan, sampe masalah percintaan. seru sih walau besoknya gw kesiangan masuk kelas pagi dan dosen negur di depan semua orang. malu tapi ya gimana lagi
801;726;51-100;803149.0;text;;['🤣'];False;False;38b90d5daca14406;[];tadi di kantin ketemu anak angkatan bawah yang kenal sama temen SMA gw
802;726;1-10;803401.0;text;;[];False;False;ef94490714487032;[];lol!!
803;726;11-50;803403.0;text;;[];False;False;ef94490714487032;[];gw mau pesen gofood dulu!!
804;726;11-50;803416.0;text;;[];False;False;ef94490714487032;[];indomie telor udah cukup kok!!
805;726;11-50;803425.0;text;;[];False;False;ef94490714487032;[];porsi makan gw nambah terus!!
806;726;1-10;806463.0;text;;[];False;False;6fbc363d86533ce4;[];bener
807;726;11-50;806480.0;text;;[];False;False;6fbc363d86533ce4;[];masak sendiri lebih hemat sih
808;726;51-100;806537.0;text;;[];False;False;a8e8efba3364415f;[];tadi di kantin,,, ketemu anak angkatan bawah yang kenal sama temen sma,,, gw
809;726;1-10;806547.0;text;;[];False;False;a8e8efba3364415f;[];ayok
810;726;11-50;806549.0;text;;[];False;False;a8e8efba3364415f;[];gw lagi diet tapi gagal mulu
811;726;11-50;806630.0;text;;[];False;False;be8507a72720d4c9;[];gw lg diet tp gagal mulu
812;726;11-50;806904.0;text;;[];False;False;a8e8efba3364415f;[];indomie telor udah cukup kok
813;726;1-10;806906.0;text;;[];False;False;a8e8efba3364415f;[];woy
814;726;11-50;806925.0;text;;[];False;False;a8e8efba3364415f;[];tadi gw,,, makan nasi padang
815;726;51-100;806926.0;text;;[];False;False;a8e8efba3364415f;[];gw lagi bingung milih,,, topik skripsi antara dua tema yang sama menariknya
816;726;51-100;807976.0;text;;[];False;False;be8507a72720d4c9;[];tadi di kantin ketemu anak angkatan bawah yg kenal sm temen sma gw
817;726;11-50;807990.0;text;;[];False;False;be8507a72720d4c9;[];kopi susu yg biasa ya
818;726;0;808068.0;image/jpeg;;[];False;False;be8507a72720d4c9;[];[Foto]
819;726;1-10;808556.0;text;;[];False;False;e343fd7560989e6c;[];sipp
820;726;1-10;809154.0;text;;['😂'];False;False;be8507a72720d4c9;[];lol
821;726;51-100;809435.0;text;;[];False;False;6fbc363d86533ce4;[];tadiii di kantin ketemu anak angkatan bawahh yanggg kenall sama temen sma gw
822;726;11-50;811464.0;text;;[];False;False;be8507a72720d4c9;[];sarapan dulu baru mikir
823;726;1-10;811476.0;text;;['🤤'];False;False;be8507a72720d4c9;[];fix
824;726;11-50;811480.0;text;;[];False;False;be8507a72720d4c9;[];gw mau nyoba restoran baru
825;726;11-50;811483.0;text;;[];False;False;be8507a72720d4c9;[];gw mau pesen gofood dulu
826;726;11-50;813292.0;text;;[];False;False;38b90d5daca14406;[];es teh manis satu ya bang
827;727;11-50;858261.0;text;;[];False;False;be8507a72720d4c9;[];badminton yuk sore ni
828;727;11-50;858261.0;text;;[];False;False;be8507a72720d4c9;[];pertandingan bola tadi malam gila
829;727;11-50;861470.0;text;;[];False;False;6fbc363d86533ce4;[];gym hari ini skip dehhh
830;727;1-10;861472.0;text;;['😂'];False;False;6fbc363d86533ce4;[];kuy
831;727;1-10;862749.0;text;;['😂'];False;False;be8507a72720d4c9;[];kuy
832;727;1-10;862972.0;text;;[];True;False;a71ff116bf72ec95;[];ya?
833;727;11-50;862989.0;text;;[];True;False;a71ff116bf72ec95;[];tadi ngomong apa sih dosennya?
834;727;1-10;863091.0;text;;[];False;False;be8507a72720d4c9;[];hoki
835;727;11-50;863097.0;text;;[];False;False;be8507a72720d4c9;[];gym hari ni skip deh
836;727;11-50;863097.0;text;;[];False;False;be8507a72720d4c9;[];gw lg baca novel baru nih
837;727;11-50;863213.0;text;;[];False;False;be8507a72720d4c9;[];podcast yg lu rekomen mana
838;727;1-10;863219.0;text;;[];False;False;be8507a72720d4c9;[];kuy
839;727;11-50;863272.0;text;;['😂'];False;False;a71ff116bf72ec95;[];podcast yg lu rekomen mana
840;727;11-50;863328.0;text;;[];False;True;a8e8efba3364415f;[];akhirnya kelar juga nih!,,,
841;727;51-100;863365.0;text;;[];False;False;a71ff116bf72ec95;[];semalam hujan gede banget sampe kosan gw mati lampu semaleman gila
842;727;11-50;863366.0;text;;[];False;False;a71ff116bf72ec95;[];manga terbaru udah keluar loh
843;727;11-50;863371.0;text;;[];False;False;a8e8efba3364415f;[];podcast yg lu rekomen mana
844;727;11-50;863377.0;text;;[];False;False;a8e8efba3364415f;[];podcast yg lu rekomen,,, mana
845;727;51-100;863402.0;text;;[];False;False;a8e8efba3364415f;[];gw harus ganti strategi belajar sih soalnya nilai uts kemarin jelek bgt,,,
846;727;1-10;863407.0;text;;[];False;False;a8e8efba3364415f;[];hoki
847;727;11-50;863979.0;text;;[];False;False;be8507a72720d4c9;[];konser tu mahal bgt tiketnya
848;727;11-50;863979.0;text;;[];False;False;be8507a72720d4c9;[];badminton yuk sore ni
849;727;51-100;863990.0;text;;[];False;False;be8507a72720d4c9;[];gw baru dapet info beasiswa buat semester depan mau coba daftar deh
850;727;11-50;864001.0;text;;[];False;False;be8507a72720d4c9;[];game baru udah download blm
851;727;11-50;864017.0;text;;[];False;False;be8507a72720d4c9;[];game baru udah download blm
852;727;51-100;864027.0;text;;[];False;False;be8507a72720d4c9;[];gw baru dapet info beasiswa buat semester depan mau coba daftar deh
853;727;51-100;864671.0;text;;[];False;False;257adae07de14378;[];gw gagal diet lg... soalnya tadi sore diajak makan bakso sm temen
854;727;51-100;864728.0;text;;[];False;False;257adae07de14378;[];gw baru dapet... info... beasiswa buat semester depan mau coba daftar deh...
855;727;0;864739.0;unknown;;[];False;False;257adae07de14378;[];[Media tidak dikenal]
856;727;11-50;864749.0;text;;[];False;False;257adae07de14378;[];gw abis lari pagi tadi
857;727;11-50;864850.0;text;;[];False;False;be8507a72720d4c9;[];series tu endingnya zonk bgt
858;727;51-100;866471.0;text;;[];False;False;a71ff116bf72ec95;[];dosen killer itu ternyata baik banget orangnya kalo diajak ngobrol santai
859;727;11-50;866481.0;text;;[];False;False;a71ff116bf72ec95;[];futsal besok jadi ga
860;728;1-10;873626.0;text;;[];False;False;be8507a72720d4c9;[];kan
861;728;51-100;874558.0;text;;[];True;False;c0b32e0339d03430;[];gimana caranya biar bisa fokus belajar tanpa main hp terus ya?
862;728;1-10;874563.0;text;;[];True;False;c0b32e0339d03430;[];ikut?
863;728;11-50;874572.0;text;;[];False;False;c0b32e0339d03430;[];gw lagi di warkop... nih
864;728;1-10;874578.0;text;;['🤣', '🧐'];False;False;c0b32e0339d03430;[];hoo
865;728;11-50;875793.0;text;;[];False;False;be8507a72720d4c9;[];lu dmn sih lama bgt
866;728;11-50;875795.0;text;;[];False;False;be8507a72720d4c9;[];rame bgt disini cuy
867;728;11-50;875966.0;text;;[];False;False;38b90d5daca14406;[];gw udah di parkiran nih
868;728;51-100;875992.0;text;;[];False;False;38b90d5daca14406;[];temen sekamar gw pindah kosan jadi sekarang gw sendirian di kamar
869;728;11-50;876003.0;text;;[];False;False;38b90d5daca14406;[];gw naik ojol aja deh
870;728;11-50;876016.0;text;;[];False;False;38b90d5daca14406;[];gw lagi di warkop nih
871;728;11-50;876023.0;text;;[];False;False;c0b32e0339d03430;[];gw ngga bisa ikut malem... ini
872;728;11-50;876028.0;text;;[];False;False;38b90d5daca14406;[];gw naik ojol aja deh
873;728;11-50;876030.0;text;;[];False;False;c0b32e0339d03430;[];gw lagi di warkop nih
874;728;11-50;876041.0;text;;[];False;False;38b90d5daca14406;[];gw nyari parkir dulu bentar
875;728;11-50;876058.0;text;;['👌'];False;False;c0b32e0339d03430;[];ketemuan di mall jam 3 ya
876;728;11-50;876065.0;text;;[];False;False;c0b32e0339d03430;[];jangan lupa bawa duit cash
877;728;51-100;876101.0;text;;[];False;False;c0b32e0339d03430;[];kemarin malem gw... begadang... nonton bola sampe subuh terus ketiduran
878;728;11-50;876122.0;text;;[];False;False;c0b32e0339d03430;[];rame banget disini cuy
879;728;51-100;876122.0;text;;[];False;False;38b90d5daca14406;[];gw lagi nyoba masak rendang resep nyokap tapi kayaknya gagal total deh
880;728;51-100;876133.0;text;;[];False;False;38b90d5daca14406;[];kemarin malem gw begadang nonton bola sampe subuh terus ketiduran
881;728;11-50;876138.0;text;;[];True;False;be8507a72720d4c9;[];makan apa ntar siang?
882;728;11-50;876139.0;text;;[];False;False;c0b32e0339d03430;[];bsk sore ada waktu... ga
883;728;1-10;876142.0;text;;[];False;False;be8507a72720d4c9;[];mah
884;728;11-50;876143.0;text;;[];False;False;38b90d5daca14406;[];lu dimana sih lama banget
885;728;1-10;876144.0;text;;[];False;False;be8507a72720d4c9;[];hoo
886;728;11-50;876148.0;text;;[];False;False;be8507a72720d4c9;[];bsk sore ad waktu ga
887;728;11-50;876159.0;text;;[];False;False;be8507a72720d4c9;[];macet parah di jalan tol
888;728;11-50;876164.0;text;;[];False;False;c0b32e0339d03430;[];gw lagi di warkop nih
889;728;11-50;876165.0;text;;[];False;False;38b90d5daca14406;[];gw ngga bisa ikut malem ini
890;728;11-50;876169.0;text;;[];False;False;38b90d5daca14406;[];gw naik ojol aja deh
891;728;11-50;876182.0;text;;[];False;False;be8507a72720d4c9;[];gw nyari parkir dulu bentar
892;728;51-100;876190.0;text;;[];False;False;38b90d5daca14406;[];temen sekamar gw pindah kosan jadi sekarang gw sendirian di kamar
893;728;51-100;876198.0;text;;[];False;False;38b90d5daca14406;[];gw lagi nyoba masak rendang resep nyokap tapi kayaknya gagal total deh
894;728;11-50;876201.0;text;;[];False;False;c0b32e0339d03430;[];gw lagi di warkop nih
895;728;11-50;876203.0;text;;[];False;False;c0b32e0339d03430;[];kita ketemuan dimana... aja deh
896;728;11-50;876212.0;text;;[];False;False;be8507a72720d4c9;[];gw ngga bs ikut malem ni
897;728;11-50;876213.0;text;;[];False;False;38b90d5daca14406;[];lu dimana sih lama banget
898;728;11-50;876216.0;text;;[];False;False;be8507a72720d4c9;[];gw udah di parkiran nih
899;728;1-10;876219.0;text;;[];False;False;be8507a72720d4c9;[];kan
900;728;51-100;876238.0;text;;[];False;False;be8507a72720d4c9;[];temen sekamar gw pindah kosan jadi skrg gw sendirian di kamar
901;728;51-100;876245.0;text;;[];False;False;c0b32e0339d03430;[];kemarin malem gw begadang... nonton bola... sampe subuh terus ketiduran
902;728;11-50;876265.0;text;;[];False;False;be8507a72720d4c9;[];gw ngga bs ikut malem ni
903;728;11-50;876273.0;text;;[];False;False;be8507a72720d4c9;[];gw ngga bs ikut malem ni
904;728;11-50;876281.0;text;;[];False;False;a8e8efba3364415f;[];gw udah di parkiran nih
905;728;11-50;876288.0;text;;[];False;False;be8507a72720d4c9;[];lu dmn sih lama bgt
906;728;11-50;876291.0;text;;[];False;False;a8e8efba3364415f;[];gw naik ojol,,, aja deh
907;728;11-50;876293.0;text;;[];False;False;be8507a72720d4c9;[];macet parah di jalan tol
908;728;11-50;876295.0;text;;[];False;False;a8e8efba3364415f;[];gw nyari parkir dulu,,, bentar
909;728;51-100;876317.0;text;;[];False;False;a8e8efba3364415f;[];temen sekamar,,, gw,,, pindah kosan jadi sekarang gw,,, sendirian di kamar
910;728;51-100;876319.0;text;;[];False;False;c0b32e0339d03430;[];gw harus nabung lebih banyak sih buat bayar uang semester yang naik
911;728;1-10;876326.0;text;;['🤦\u200d♂️', '😂'];False;False;c0b32e0339d03430;[];mah
912;728;11-50;876328.0;text;;[];False;False;c0b32e0339d03430;[];bsk sore ada waktu ga
913;728;1-10;876350.0;text;;[];False;False;be8507a72720d4c9;[];emm
914;728;11-50;876362.0;text;;[];False;False;be8507a72720d4c9;[];gw nyari parkir dulu bentar
915;728;11-50;876362.0;text;;[];False;False;c0b32e0339d03430;[];gw udah di parkiran nih
916;728;1-10;876364.0;text;;[];True;False;c0b32e0339d03430;[];mau?
917;728;11-50;876375.0;text;;[];False;False;be8507a72720d4c9;[];macet parah di jalan tol
918;728;11-50;876393.0;text;;[];False;False;be8507a72720d4c9;[];bsk sore ad waktu ga
919;728;11-50;876464.0;text;;[];False;False;a8e8efba3364415f;[];gw lagi di warkop nih
920;728;1-10;876467.0;text;;[];False;False;a8e8efba3364415f;[];kan
921;728;11-50;876507.0;text;;[];False;False;a8e8efba3364415f;[];gw ngga bisa ikut malem ini
922;728;1-10;876510.0;text;;['👌'];False;False;c0b32e0339d03430;[];ahh
923;728;1-10;876514.0;text;;[];False;False;c0b32e0339d03430;[];kan
924;728;51-100;876517.0;text;;[];False;False;a8e8efba3364415f;[];gw harus,,, nabung lebih banyak sih buat bayar,,, uang semester yang naik
925;728;11-50;876524.0;text;;[];False;False;a8e8efba3364415f;[];gw nyari parkir dulu bentar
926;728;11-50;876534.0;text;;[];False;False;a8e8efba3364415f;[];gw ngga bisa ikut malem ini,,,
927;728;51-100;876569.0;text;;[];False;False;c0b32e0339d03430;[];gw harus nabung lebih banyak... sih... buat bayar uang semester yang naik
928;728;11-50;876609.0;text;;[];False;False;a8e8efba3364415f;[];kita ketemuan dimana aja,,, deh
929;728;11-50;876617.0;text;;[];False;False;a8e8efba3364415f;[];jangan lupa bawa duit cash
930;728;11-50;876622.0;text;;[];False;False;c0b32e0339d03430;[];gw udah di parkiran nih
931;728;11-50;876624.0;text;;[];False;False;a8e8efba3364415f;[];gw lagi di,,, warkop nih
932;728;11-50;876627.0;text;;[];False;False;a8e8efba3364415f;[];ketemuan di mall jam,,, 3 ya,,,
933;728;1-10;876630.0;text;;[];False;False;c0b32e0339d03430;[];ahh
934;728;1-10;876631.0;text;;[];False;False;a8e8efba3364415f;[];woi
935;728;11-50;876639.0;text;;[];False;False;c0b32e0339d03430;[];macet parah di jalan tol
936;728;51-100;876659.0;text;;[];False;False;c0b32e0339d03430;[];kemarin malem gw begadang nonton bola sampe subuh terus ketiduran
937;728;11-50;876666.0;text;;[];False;False;38b90d5daca14406;[];jangan lupa bawa duit cash
938;728;11-50;876667.0;text;;[];False;False;38b90d5daca14406;[];gw ngga bisa ikut malem ini
939;728;11-50;876668.0;text;;[];False;False;c0b32e0339d03430;[];bsk sore ada waktu ga
940;728;51-100;876671.0;text;;[];False;False;38b90d5daca14406;[];motor gw mogok di tengah jalan tadi pagi jadi gw telat masuk kelas
941;728;11-50;876677.0;text;;[];False;False;38b90d5daca14406;[];gw udah di parkiran nih
942;728;1-10;876681.0;text;;[];False;False;38b90d5daca14406;[];kok
943;728;11-50;876682.0;text;;[];False;False;38b90d5daca14406;[];gw lagi di warkop nih
944;728;11-50;876693.0;text;;[];False;False;38b90d5daca14406;[];kita ketemuan dimana aja deh
945;728;51-100;876703.0;text;;[];False;False;38b90d5daca14406;[];gw lagi nyoba masak rendang resep nyokap tapi kayaknya gagal total deh
946;728;11-50;876705.0;text;;[];False;False;38b90d5daca14406;[];gw udah di parkiran nih
947;728;11-50;876713.0;text;;[];False;False;38b90d5daca14406;[];ketemuan di mall jam 3 ya
948;728;11-50;876719.0;text;;[];False;False;38b90d5daca14406;[];gw lagi di warkop nih
949;728;11-50;876721.0;text;;[];False;False;38b90d5daca14406;[];gw naik ojol aja deh
950;728;11-50;876722.0;text;;[];False;False;38b90d5daca14406;[];bsk sore ada waktu ga
951;728;51-100;876748.0;text;;[];False;False;38b90d5daca14406;[];kemarin malem gw begadang nonton bola sampe subuh terus ketiduran
952;728;11-50;876748.0;text;;[];False;False;38b90d5daca14406;[];gw udah di parkiran nih
953;728;11-50;876785.0;text;;[];False;False;38b90d5daca14406;[];ketemuan di mall jam 3 ya
954;728;11-50;876854.0;text;;[];False;False;c0b32e0339d03430;[];gw naik ojol... aja deh
955;728;1-10;876866.0;text;;['😂'];False;False;c0b32e0339d03430;[];yaa
956;728;11-50;876898.0;text;;[];False;False;38b90d5daca14406;[];bsk sore ada waktu ga
957;728;11-50;876906.0;text;;[];False;False;38b90d5daca14406;[];macet parah di jalan tol
958;728;11-50;876909.0;text;;[];False;False;38b90d5daca14406;[];kita ketemuan dimana aja deh
959;728;11-50;876913.0;text;;[];False;False;38b90d5daca14406;[];jangan lupa bawa duit cash
960;728;11-50;876915.0;text;;[];False;False;38b90d5daca14406;[];lu dimana sih lama banget
961;728;51-100;876928.0;text;;[];False;False;38b90d5daca14406;[];motor gw mogok di tengah jalan tadi pagi jadi gw telat masuk kelas
962;728;51-100;876952.0;text;;[];False;False;38b90d5daca14406;[];gw harus nabung lebih banyak sih buat bayar uang semester yang naik
963;728;51-100;876957.0;text;;[];False;False;38b90d5daca14406;[];gw lagi nyoba masak rendang resep nyokap tapi kayaknya gagal total deh
964;728;11-50;876959.0;text;;[];False;False;c0b32e0339d03430;[];jangan lupa bawa... duit cash
965;728;11-50;876965.0;text;;[];True;False;38b90d5daca14406;[];nilai keluar kapan ya?
966;728;1-10;876974.0;text;;[];False;False;c0b32e0339d03430;[];emm
967;728;11-50;876985.0;text;;[];False;False;38b90d5daca14406;[];macet parah di jalan tol
968;728;11-50;877002.0;text;;[];False;False;38b90d5daca14406;[];gw lagi di warkop nih
969;728;51-100;877009.0;text;;[];False;False;38b90d5daca14406;[];gw lagi nyoba masak rendang resep nyokap tapi kayaknya gagal total deh
970;728;11-50;877020.0;text;;[];False;False;38b90d5daca14406;[];kita ketemuan dimana aja deh
971;728;51-100;877032.0;text;;[];False;False;38b90d5daca14406;[];gw lagi nyoba masak rendang resep nyokap tapi kayaknya gagal total deh
972;728;11-50;877078.0;text;;['🤣'];False;False;c0b32e0339d03430;[];macet parah di... jalan tol
973;728;11-50;877087.0;text;;[];False;False;38b90d5daca14406;[];gw nyari parkir dulu bentar
974;728;11-50;877093.0;text;;[];False;False;38b90d5daca14406;[];gw naik ojol aja deh
975;728;51-100;877109.0;text;;[];False;False;38b90d5daca14406;[];motor gw mogok di tengah jalan tadi pagi jadi gw telat masuk kelas
976;728;11-50;877112.0;text;;[];False;False;38b90d5daca14406;[];gw lagi di warkop nih
977;728;11-50;877124.0;text;;[];False;False;38b90d5daca14406;[];gw ngga bisa ikut malem ini
978;728;51-100;877312.0;text;;[];False;False;a8e8efba3364415f;[];kemarin malem gw begadang nonton bola sampe subuh terus ketiduran
979;728;11-50;877314.0;text;;[];False;False;c0b32e0339d03430;[];macet parah di jalan tol
980;728;11-50;877314.0;text;;[];False;False;a8e8efba3364415f;[];gw udah di parkiran nih
981;728;11-50;877314.0;text;;[];False;False;a8e8efba3364415f;[];bsk sore ada waktu ga
982;728;1-10;877318.0;text;;['🤣'];False;False;c0b32e0339d03430;[];wah
983;728;11-50;877319.0;text;;[];False;False;c0b32e0339d03430;[];bsk sore ada waktu ga
984;728;11-50;877330.0;text;;[];False;False;c0b32e0339d03430;[];macet parah di jalan tol
985;728;11-50;877334.0;text;;[];False;False;a8e8efba3364415f;[];gw naik,,, ojol aja,,, deh
986;728;11-50;877350.0;text;;[];False;False;a8e8efba3364415f;[];lu dimana sih lama,,, banget
987;728;11-50;877355.0;text;;[];False;False;a8e8efba3364415f;[];kita ketemuan dimana aja,,, deh
988;728;11-50;877356.0;text;;[];False;False;a8e8efba3364415f;[];rame banget disini cuy
989;728;11-50;877356.0;text;;[];False;False;c0b32e0339d03430;[];gw nyari parkir dulu bentar
990;728;11-50;877358.0;text;;[];False;False;c0b32e0339d03430;[];lu dimana sih lama... banget
991;728;11-50;877360.0;text;;[];False;False;c0b32e0339d03430;[];gw nyari parkir dulu bentar
992;728;11-50;877363.0;text;;[];False;False;c0b32e0339d03430;[];lu dimana sih lama banget
993;728;11-50;877364.0;text;;[];False;False;a8e8efba3364415f;[];ketemuan di mall jam 3 ya,,,
994;728;1-10;877365.0;text;;[];False;False;a8e8efba3364415f;[];deh
995;728;11-50;877371.0;text;;[];False;False;a8e8efba3364415f;[];gw naik ojol aja deh
996;728;11-50;877445.0;text;;['🙌'];False;False;c0b32e0339d03430;[];ketemuan di mall jam... 3 ya
997;728;11-50;877454.0;text;;[];False;False;c0b32e0339d03430;[];gw udah di... parkiran nih
998;728;11-50;877492.0;text;;[];False;False;38b90d5daca14406;[];macet parah di jalan tol
999;728;101-500;877503.0;text;;[];False;False;38b90d5daca14406;[];gw baru aja beres beresin kosan dan nemu barang barang lama dari jaman SMA. ada foto kelas, surat dari mantan, sama buku diary yang isinya cringe banget kalo dibaca sekarang. jadi nostalgia sendiri inget masa masa dulu yang lebih sederhana. kadang kangen juga sih jadi anak SMA lagi tanpa mikirin skripsi
1000;728;11-50;877512.0;text;;[];False;False;38b90d5daca14406;[];bsk sore ada waktu ga
1001;728;11-50;879509.0;text;;[];False;False;ef94490714487032;[];gw ngga bisa ikut malem ini!!
1002;728;1-10;879623.0;text;;['😂'];False;False;c0b32e0339d03430;[];kan
1003;728;51-100;879737.0;text;;[];False;False;ef94490714487032;[];temen sekamar gw pindah kosan jadi sekarang gw sendirian di kamar!!!
1004;728;11-50;879999.0;text;;[];False;False;741bf06081579d3d;[];macet parah,,, di jalan tol
1005;728;101-500;880243.0;text;;[];True;False;be8507a72720d4c9;['c0b32e0339d03430'];guys ad yg tau ga sih knp sistem registrasi online kampus sering bgt error pas masa pengisian krs? tiap semester selalu gitu bikin stres, mana hrs rebutan mata kuliah yg kuotanya dikit bgt lg. apa emang servernya ga kuat ya nampung banyak mahasiswa sekaligus?
1006;728;11-50;880248.0;text;;[];False;False;be8507a72720d4c9;[];gw nyari parkir dulu bentar
1007;728;11-50;880329.0;text;;[];True;False;c0b32e0339d03430;[];makan apa ntar siang?
1008;728;1-10;880559.0;text;;[];False;False;e343fd7560989e6c;[];oii
1009;728;11-50;880566.0;text;;[];False;False;e343fd7560989e6c;[];gw udahh di parkiran nihh
1010;728;51-100;880639.0;text;;[];False;False;ef94490714487032;[];gw harus nabung lebih banyak sih buat bayar uang semester yang naik!!!
1011;728;1-10;880676.0;text;;['😂'];False;False;be8507a72720d4c9;[];emm
1012;728;11-50;880677.0;text;;[];False;False;be8507a72720d4c9;[];bsk sore ad waktu ga
1013;728;11-50;880678.0;text;;[];True;False;be8507a72720d4c9;[];ad yg mau bareng?
1014;728;1-10;880730.0;text;;[];False;False;c0b32e0339d03430;[];oii
1015;728;11-50;880747.0;text;;[];False;False;c0b32e0339d03430;[];bsk sore ada waktu... ga
1016;728;11-50;880750.0;text;;[];False;False;be8507a72720d4c9;[];bsk sore ad waktu ga
1017;728;11-50;880752.0;text;;[];False;False;c0b32e0339d03430;[];jangan lupa bawa duit cash
1018;728;11-50;880763.0;text;;[];False;False;c0b32e0339d03430;[];gw ngga bisa ikut malem ini
1019;728;51-100;880775.0;text;;[];False;False;ef94490714487032;[];motor gw mogok di tengah jalan tadi pagi jadi gw telat masuk kelas!!!
1020;728;11-50;880886.0;text;;[];False;False;be8507a72720d4c9;[];ketemuan di mall jam 3 ya
1021;728;1-10;880888.0;text;;[];False;False;be8507a72720d4c9;[];mah
1022;728;11-50;880890.0;text;;[];False;False;be8507a72720d4c9;[];kita ketemuan dmn aja deh
1023;728;11-50;880891.0;text;;[];False;False;be8507a72720d4c9;[];gw ngga bs ikut malem ni
1024;728;51-100;880906.0;text;;[];False;False;be8507a72720d4c9;[];temen sekamar gw pindah kosan jadi skrg gw sendirian di kamar
1025;728;1-10;880911.0;text;;['🤣'];False;False;c0b32e0339d03430;[];wah
1026;728;11-50;880912.0;text;;[];False;False;c0b32e0339d03430;[];gw lagi di... warkop nih
1027;728;11-50;880922.0;text;;[];False;False;be8507a72720d4c9;[];gw ngga bs ikut malem ni
1028;728;11-50;880924.0;text;;[];True;False;c0b32e0339d03430;[];wifi password nya... apa sih?
1029;728;11-50;880925.0;text;1026.0;[];False;False;be8507a72720d4c9;[];gw udah di parkiran nih
1030;728;11-50;880925.0;text;;[];True;False;ef94490714487032;[];nilai keluar kapan ya!!!
1031;728;1-10;880926.0;text;;['🤣'];False;False;c0b32e0339d03430;[];kan
1032;728;11-50;880933.0;text;;[];False;False;be8507a72720d4c9;[];macet parah di jalan tol
1033;728;1-10;880937.0;text;;[];False;False;c0b32e0339d03430;[];woi
1034;728;1-10;880940.0;text;;[];False;False;c0b32e0339d03430;[];yaa
1035;728;51-100;880962.0;text;;[];True;False;ef94490714487032;[];gimana caranya biar bisa fokus belajar tanpa main hp terus ya!!!
1036;728;11-50;880967.0;text;;[];False;False;be8507a72720d4c9;[];bsk sore ad waktu ga
1037;728;11-50;880969.0;text;;[];False;False;be8507a72720d4c9;[];ketemuan di mall jam 3 ya
1038;728;1-10;880983.0;text;;['😂'];False;False;be8507a72720d4c9;[];deh
1039;728;11-50;880997.0;text;;[];False;False;c0b32e0339d03430;[];macet parah di jalan tol
1040;728;11-50;880998.0;text;;[];False;False;ef94490714487032;[];bsk sore ada waktu ga!!
1041;728;1-10;880998.0;text;;[];False;False;c0b32e0339d03430;[];oii
1042;728;11-50;882309.0;image/jpeg;;[];False;False;be8507a72720d4c9;['c0b32e0339d03430'];[Foto]
1043;728;1-10;882325.0;text;;['👍'];False;False;c0b32e0339d03430;[];yaa
1044;728;11-50;882332.0;text;;[];False;False;c0b32e0339d03430;[];gw lagi di warkop nih
1045;728;51-100;882352.0;text;;[];False;False;ef94490714487032;[];temen sekamar gw pindah kosan jadi sekarang gw sendirian di kamar!!!
1046;728;11-50;882357.0;text;;[];False;False;ef94490714487032;[];gw udah di parkiran nih!!
1047;728;11-50;882363.0;text;;[];False;False;be8507a72720d4c9;[];kita ketemuan dmn aja deh
1048;728;11-50;882368.0;text;;[];False;False;be8507a72720d4c9;[];gw udah di parkiran nih
1049;728;1-10;882370.0;text;;[];False;False;be8507a72720d4c9;[];mah
1050;728;51-100;882563.0;text;;[];False;False;257adae07de14378;[];gw lg nyoba masak rendang resep nyokap tp kayaknya gagal total deh...
1051;728;1-10;882567.0;text;;['🤣'];False;False;257adae07de14378;[];emm
1052;728;11-50;882634.0;text;;['🤣'];False;False;257adae07de14378;[];gw naik ojol aja... deh
1053;728;11-50;882873.0;text;;[];False;False;38b90d5daca14406;[];rame banget disini cuy
1054;728;1-10;883653.0;text;;['😂'];False;False;be8507a72720d4c9;[];wah
1055;729;101-500;903443.0;text;;[];False;False;6fbc363d86533ce4;[];gw baru selesai nontonnn dokumenter tentang kehidupan nelayan di pesisir utara jawa. sedih banget liat perjuangannn mereka yang harusss melauttt berhariii hari cumaaa buat dapet ikannnn yang harganya ga seberapa di pasar. bikinn gw makin bersyukur sih sama kehidupannnn gw sekaranggg walau kadang ngeluh juga
1056;729;1-10;903607.0;text;;['❤️'];False;False;ef94490714487032;[];okk!!!
1057;730;11-50;975864.0;text;;[];True;False;ef94490714487032;[];tugas dikumpul kapan sih!!!
1058;730;51-100;1018997.0;text;;[];False;False;603c5549febf3726;[];Gw denger katanya semester depan ada mata kuliah baru yang wajib diambil.
1059;730;11-50;1019009.0;text;;[];False;False;603c5549febf3726;[];Gw skip kelas hari ini.
1060;730;51-100;1019043.0;text;;[];False;False;603c5549febf3726;[];Tadi gw ketemu dosen pembimbing dan dia minta revisi lagi untuk bab 3.
1061;730;11-50;1020585.0;text;;[];False;False;257adae07de14378;[];deadline besok pagi bro
1062;730;1-10;1021023.0;text;;[];True;False;be8507a72720d4c9;[];mana?
1063;730;11-50;1021027.0;text;;[];False;False;be8507a72720d4c9;[];perpus tutup jam berapa ya
1064;730;1-10;1021029.0;text;;[];False;False;be8507a72720d4c9;[];gas
1065;730;51-100;1022668.0;text;;[];False;False;603c5549febf3726;[];Eh besok kita jadi ketemuan di kafe deket stasiun kan ya jam 2 siang.
1066;731;101-500;1036283.0;text;;[];False;False;38b90d5daca14406;[];gw baru aja beres beresin kosan dan nemu barang barang lama dari jaman SMA. ada foto kelas, surat dari mantan, sama buku diary yang isinya cringe banget kalo dibaca sekarang. jadi nostalgia sendiri inget masa masa dulu yang lebih sederhana. kadang kangen juga sih jadi anak SMA lagi tanpa mikirin skripsi
1067;731;51-100;1036292.0;text;;[];False;False;38b90d5daca14406;[];gw lagi nyoba masak rendang resep nyokap tapi kayaknya gagal total deh
1068;731;1-10;1036470.0;text;;[];False;False;741bf06081579d3d;[];hoo
1069;731;11-50;1036482.0;text;;[];False;False;741bf06081579d3d;[];gw udah di,,, parkiran nih
1070;731;11-50;1037985.0;text;;[];False;True;5e85041c84679a04;[];asik besok libur... guys!
1071;731;51-100;1039052.0;text;;[];False;False;38b90d5daca14406;[];motor gw mogok di tengah jalan tadi pagi jadi gw telat masuk kelas
1072;731;0;1040797.0;image/jpeg;;[];False;False;38b90d5daca14406;[];[Foto]
1073;732;101-500;1049777.0;text;;['😅'];False;False;38b90d5daca14406;[];gw pengen curhat sedikit nih. akhir akhir ini gw ngerasa burnout banget sama rutinitas kuliah yang itu itu aja. bangun pagi, kuliah, tugas, tidur, repeat. kadang gw ngerasa kayak robot yang cuma jalan sesuai program tanpa tau tujuan akhirnya apa. mungkin gw butuh liburan beneran buat refresh otak
1074;732;11-50;1049800.0;text;;['😅'];False;False;38b90d5daca14406;[];duit bulanan belum dikirim
1075;732;1-10;1049922.0;text;;[];False;False;be8507a72720d4c9;[];gini
1076;732;11-50;1049947.0;text;;[];False;False;38b90d5daca14406;[];duit bulanan belum dikirim
1077;732;11-50;1049962.0;text;;[];False;False;38b90d5daca14406;[];kakak gw baru aja nikah
1078;732;51-100;1052256.0;text;;[];False;False;38b90d5daca14406;[];gw nonton film dokumenter semalam tentang laut dan ikan, bagus banget
1079;733;11-50;1058780.0;text;;[];False;False;6fbc363d86533ce4;[];tadiiii gw makan nasi padangg
1080;733;11-50;1064299.0;text;;[];False;False;5e85041c84679a04;[];gw mau pesen... gofood dulu
1081;733;11-50;1064319.0;text;;[];False;False;5e85041c84679a04;[];nongkrong yuk di kafe biasa
1082;733;11-50;1064322.0;text;;[];True;False;5e85041c84679a04;[];udah sampe belom?...
1083;733;1-10;1065030.0;text;;['😝', '😘'];False;False;257adae07de14378;[];sis
1084;733;11-50;1067449.0;text;;[];False;False;38b90d5daca14406;[];es teh manis satu ya bang
1085;733;101-500;1067458.0;text;;[];False;False;38b90d5daca14406;[];kemarin malem gw sama temen temen nongkrong di warkop biasa sampe jam 12 malem. kita ngobrol banyak hal dari mulai tugas kuliah, rencana liburan, sampe masalah percintaan. seru sih walau besoknya gw kesiangan masuk kelas pagi dan dosen negur di depan semua orang. malu tapi ya gimana lagi
1086;733;11-50;1067471.0;text;;[];False;False;38b90d5daca14406;[];gw lagi diet tapi gagal mulu
1087;733;11-50;1067477.0;text;;[];False;False;38b90d5daca14406;[];kopi susu yg biasa ya
1088;733;11-50;1067489.0;text;;[];False;False;38b90d5daca14406;[];gw lagi diet tapi gagal mulu
1089;733;11-50;1067496.0;text;;[];False;False;38b90d5daca14406;[];kopi susu yg biasa ya
1090;734;51-100;1078321.0;text;;[];False;False;36659264f4c6f93d;[];gw baru aja selesai ngerjain tugas sampe jam 3 pagi, mau mati rasanya
1091;734;0;1078334.0;image/jpeg;;[];False;False;36659264f4c6f93d;[];[Foto]
1092;734;1-10;1078346.0;text;;[];False;False;c0b32e0339d03430;[];yoi
1093;734;11-50;1078361.0;text;;[];False;False;36659264f4c6f93d;[];deadline besok pagi bro
1094;734;11-50;1078399.0;text;;[];True;False;c0b32e0339d03430;[];tugas dikumpul kapan sih?
1095;734;11-50;1078405.0;text;;[];False;False;c0b32e0339d03430;[];presentasi gw amburadul
1096;734;51-100;1078411.0;text;;[];True;False;36659264f4c6f93d;[];eh lu udah dapet info jadwal ujian akhir semester belum dari prodi?
1097;734;51-100;1078443.0;text;;[];False;False;36659264f4c6f93d;[];nyokap gw nelfon tadi nanyain kapan pulang, gw bilang aja abis ujian
1098;734;51-100;1078491.0;text;;[];False;False;36659264f4c6f93d;[];gw denger katanya semester depan ada mata kuliah baru yang wajib diambil
1099;734;11-50;1078501.0;text;;[];False;False;36659264f4c6f93d;[];perpus tutup jam berapa ya
1100;734;1-10;1078514.0;text;;[];False;False;c0b32e0339d03430;[];wkwk
1101;734;0;1078701.0;image/jpeg;;[];False;False;36659264f4c6f93d;[];[Foto]
1102;734;11-50;1078712.0;text;;[];False;False;36659264f4c6f93d;[];gw lg ngerjain tugas nih
1103;734;1-10;1078857.0;text;;['👌'];False;False;c0b32e0339d03430;[];iya
1104;735;11-50;1110112.0;text;;[];True;False;3a5733296e2729c1;[];knp ga bales chat gw?
1105;735;101-500;1110208.0;text;;[];False;False;36659264f4c6f93d;[];gw pengen curhat sedikit nih. akhir akhir ini gw ngerasa burnout banget sama rutinitas kuliah yang itu itu aja. bangun pagi, kuliah, tugas, tidur, repeat. kadang gw ngerasa kayak robot yang cuma jalan sesuai program tanpa tau tujuan akhirnya apa. mungkin gw butuh liburan beneran buat refresh otak
1106;735;51-100;1110636.0;text;;[];False;False;3a5733296e2729c1;[];taid pagi gw olarhaga lrai keliling kmapus 5 putaran baadn pegel suma
1107;735;51-100;1110659.0;text;;[];False;False;3a5733296e2729c1;[];adek gw mau masuk kuliah tahun depan gw hrs batnu carini info jurusan
1108;735;11-50;1112611.0;text;;[];True;False;c0b32e0339d03430;[];itu tempatnya jauh ga?...
1109;735;1-10;1112653.0;text;;[];False;False;3a5733296e2729c1;[];pasti
1110;735;51-100;1112669.0;text;;[];False;False;3a5733296e2729c1;[];besko ad bazaar di kampus katanya banyka makanan mura,h pada iukt ga
1111;735;11-50;1112695.0;text;;[];False;False;c0b32e0339d03430;[];kakak gw baru... aja nikah
1112;735;1-10;1112710.0;text;;[];False;False;c0b32e0339d03430;[];nice
1113;735;51-100;1112711.0;text;;[];False;False;c0b32e0339d03430;[];gw lagi belajar masak sendiri... biar ga jajan terus... lumayan hemat soalnya...
1114;735;51-100;1112881.0;text;;[];False;False;3a5733296e2729c1;[];besok ad bazaar di kampus katanya bnayak makanan murah, pdaa ikut ga
1115;735;51-100;1112899.0;text;;[];False;False;3a5733296e2729c1;[];besok ad bazara di kampsu katanya banyak makanan murah, pdaa iktu ga
1116;735;1-10;1113477.0;text;;[];False;False;a59198d55464ff40;[];Noted.
1117;735;11-50;1113479.0;text;;[];False;False;a59198d55464ff40;[];Playlist lo yang mana sih.
1118;735;11-50;1113486.0;text;;[];False;False;a59198d55464ff40;[];Kakak gw baru aja nikah.
1119;735;11-50;1113501.0;text;;[];False;False;a59198d55464ff40;[];Nyokap nanya kapan lulus.
1120;735;11-50;1113504.0;text;;[];False;False;a59198d55464ff40;[];Gw kangen masakan rumah.
1121;735;11-50;1113514.0;text;;[];False;False;a59198d55464ff40;[];Adek gw masuk SMA tahun ini.
1122;735;11-50;1113521.0;text;;[];False;False;a59198d55464ff40;[];Adek gw masuk SMA tahun ini.
1123;735;0;1113550.0;video/mp4;;[];False;False;ae2df9b28028def8;[];[Video]
1124;735;1-10;1113750.0;text;;['😂'];False;False;be8507a72720d4c9;[];nice
1125;735;11-50;1114296.0;text;;[];False;False;c0b32e0339d03430;[];duit bulanan belum dikirim
1126;735;51-100;1114297.0;text;;[];False;False;c0b32e0339d03430;[];besok ada bazaar... di kampus katanya banyak makanan murah, pada ikut ga
1127;735;51-100;1115067.0;text;;[];False;False;3a5733296e2729c1;[];gw nonton film dokumenter semaalm tentang latu dan ikan, bgaus bgt
1128;735;51-100;1115126.0;text;1119.0;[];False;False;3a5733296e2729c1;[];tadi pagi gw olahraga lari kelilnig kapmus 5 putaran badan peegl smua
1129;735;1-10;1115135.0;text;;[];False;False;3a5733296e2729c1;[];hayku
1130;735;11-50;1115139.0;text;;[];False;False;3a5733296e2729c1;[];adek gw mausk sma tahun ni
1131;736;51-100;1118679.0;text;;[];True;False;c0b32e0339d03430;[];eh lu udah dapet... info jadwal ujian akhir semester belum dari prodi?
1132;736;1-10;1118680.0;text;;['🤣'];False;False;c0b32e0339d03430;[];yoi
1133;736;11-50;1118681.0;text;;[];False;False;c0b32e0339d03430;[];dosen gw galak... banget... sih
1134;736;1-10;1118895.0;text;;[];False;False;be8507a72720d4c9;[];siap
1135;736;51-100;1118964.0;text;;[];False;False;be8507a72720d4c9;[];gw denger katanya semester depan ad mata kuliah baru yg wajib diambil
1136;736;1-10;1118974.0;text;;['🤷\u200d♂️'];False;False;be8507a72720d4c9;[];oke
1137;736;1-10;1119047.0;text;;[];False;False;c0b32e0339d03430;[];dah
1138;736;11-50;1119098.0;text;;[];False;False;38b90d5daca14406;[];deadline besok pagi bro
1139;736;1-10;1119317.0;text;;[];False;False;c0b32e0339d03430;[];oke
1140;736;11-50;1119319.0;text;;[];False;False;c0b32e0339d03430;[];IPK gw turun semester ini...
1141;736;1-10;1119370.0;text;;[];False;False;be8507a72720d4c9;[];iya
1142;736;11-50;1119371.0;text;;[];False;False;be8507a72720d4c9;[];ipk gw turun semester ni
1143;736;1-10;1119383.0;text;;[];False;False;c0b32e0339d03430;[];oke
1144;736;11-50;1119404.0;text;;[];True;False;c0b32e0339d03430;[];tugas dikumpul kapan... sih?
1145;736;1-10;1119406.0;text;;[];False;False;c0b32e0339d03430;[];hehe
1146;736;11-50;1119408.0;text;;[];False;False;c0b32e0339d03430;[];presentasi gw amburadul
1147;736;1-10;1119416.0;text;;['🤣'];False;False;c0b32e0339d03430;[];yuk
1148;736;11-50;1119616.0;text;;[];False;False;38b90d5daca14406;[];lab komputer penuh terus
1149;736;101-500;1120032.0;text;;[];True;False;38b90d5daca14406;[];eh ada yang punya rekomendasi laptop budget 5 jutaan yang bagus buat kuliah dan ngoding ga? laptop gw yang sekarang udah mulai lemot dan sering ngehang kalo buka banyak tab. pengennya sih yang ringan buat dibawa ke kampus tapi tetep kenceng performanya, ada saran?
1150;736;51-100;1120041.0;text;;[];False;False;38b90d5daca14406;[];tadi gw ketemu dosen pembimbing dan dia minta revisi lagi untuk bab 3
1151;736;11-50;1120090.0;text;1144.0;[];False;False;be8507a72720d4c9;[];gw belom mulai tugas
1152;736;11-50;1120099.0;text;;[];False;False;be8507a72720d4c9;[];ipk gw turun semester ni
1153;736;1-10;1120101.0;text;;[];False;False;be8507a72720d4c9;[];gas
1154;736;51-100;1120108.0;text;;['👌'];False;False;38b90d5daca14406;[];gw baru aja selesai ngerjain tugas sampe jam 3 pagi, mau mati rasanya
1155;736;1-10;1120301.0;text;;['🤣'];False;False;257adae07de14378;[];dah
1156;737;51-100;1166881.0;text;;[];True;False;257adae07de14378;[];menurut lu gw hrs ambil... mata kuliah pilihan yg mana semester depan?
1157;737;0;1201545.0;video/mp4;;[];False;False;ae2df9b28028def8;[];[Video]
1158;737;11-50;1201957.0;text;;['😂'];False;False;603c5549febf3726;[];Tugas kelompok bikin pusing.
1159;738;0;1296351.0;video/mp4;;[];False;False;be8507a72720d4c9;[];[Video]
1160;738;1-10;1296392.0;text;;[];False;False;ef94490714487032;[];udah!!!
1161;738;51-100;1296416.0;text;;[];True;False;9400ab30a14c46c8;[];lu prnh coba belajar bareng di perpus kota ga,... enak ga disana?
1162;738;11-50;1296453.0;text;;[];False;False;be8507a72720d4c9;[];pacarnya baru siapa sih
1163;738;11-50;1296455.0;text;;[];False;False;be8507a72720d4c9;[];pacarnya baru siapa sih
1164;738;51-100;1296485.0;text;;[];False;False;ef94490714487032;[];lu harus coba kedai kopi baru di jalan belakang kampus, enak banget!!!
1165;738;51-100;1296544.0;text;;[];False;False;9400ab30a14c46c8;[];gw pengen bgt... liburan ke pantai tp duit lg tipis bgt skrg...
1166;738;51-100;1296574.0;text;;[];True;False;ef94490714487032;[];lu pernah coba belajar bareng di perpus kota ga, enak ga disana!!!
1167;738;1-10;1296579.0;text;;[];False;False;9400ab30a14c46c8;[];males
1168;738;51-100;1296588.0;text;;[];False;False;38b90d5daca14406;[];gw baru aja dapet kabar kalo temen kita diterima kerja di luar negeri
1169;738;11-50;1296588.0;text;;[];False;False;38b90d5daca14406;[];gw kangen temen temen SMA
1170;738;11-50;1296595.0;text;;[];False;False;38b90d5daca14406;[];eh denger gosip belum
1171;738;1-10;1296765.0;text;;[];False;False;be8507a72720d4c9;[];udah
1172;738;11-50;1297338.0;text;;[];False;False;a8e8efba3364415f;[];jangan bilang,,, siapa siapa,,, ya
1173;738;1-10;1297347.0;text;;[];False;False;a8e8efba3364415f;[];amin
1174;738;1-10;1303197.0;text;;['🤣'];False;False;257adae07de14378;[];gabut
1175;739;11-50;1381641.0;text;;[];True;False;c0b32e0339d03430;[];ada yang punya catetan?
1176;739;11-50;1381643.0;text;;[];False;False;c0b32e0339d03430;[];mie ayam pak kumis juara sih
1177;739;101-500;1381651.0;text;;[];False;False;c0b32e0339d03430;[];gw lagi galau banget nih soal masa depan. mau lanjut S2 tapi duit ga ada, mau langsung kerja tapi pengalaman... masih minim. nyokap bilang terserah gw aja tapi... gw tau... dia pengen gw cepet kerja... biar bisa bantu ekonomi keluarga. bingung banget sih, kayak semua pilihan ada plus minusnya
1178;739;11-50;1381657.0;text;;[];False;False;c0b32e0339d03430;[];lu udah makan... belum
1179;739;51-100;1381674.0;text;;[];False;False;ae2df9b28028def8;[];GW UDAH BIKIN SLIDES PRESENTASI TAPI KAYAKNYA MASIH KURANG BAGUS DEH ISINYA
1180;739;51-100;1381786.0;text;;[];False;False;c0b32e0339d03430;[];gw lagi mikirin... mau ambil magang di perusahaan mana buat semester depan
1181;739;11-50;1382522.0;text;;[];True;False;be8507a72720d4c9;[];ad yg pny catetan?
1182;739;1-10;1382527.0;text;;['🌝'];False;False;be8507a72720d4c9;[];done
1183;739;1-10;1383206.0;text;;[];False;False;c0b32e0339d03430;[];hmm
1184;739;11-50;1383210.0;text;;[];False;False;c0b32e0339d03430;[];seminar tadi lama banget
1185;739;1-10;1383225.0;text;;[];False;False;be8507a72720d4c9;[];asli
1186;739;11-50;1383226.0;text;;[];False;False;be8507a72720d4c9;[];gw baru aja dr kampus
1187;739;11-50;1383228.0;text;;[];False;False;be8507a72720d4c9;[];gw baru aja dr kampus
1188;739;101-500;1383338.0;text;;[];False;False;c0b32e0339d03430;[];gw lagi galau banget nih soal masa depan. mau lanjut S2 tapi duit ga ada, mau langsung kerja tapi pengalaman masih... minim. nyokap bilang terserah gw aja... tapi gw tau dia pengen gw cepet kerja biar... bisa bantu ekonomi keluarga. bingung banget sih, kayak semua... pilihan ada plus... minusnya
1189;739;1-10;1383344.0;text;;[];False;False;c0b32e0339d03430;[];gaje
1190;739;1-10;1383344.0;text;;[];False;False;c0b32e0339d03430;[];nih
1191;739;101-500;1383351.0;text;;[];False;False;c0b32e0339d03430;[];gw lagi galau banget nih soal masa depan. mau lanjut... S2 tapi duit ga ada, mau langsung kerja tapi pengalaman masih minim. nyokap bilang terserah gw aja tapi gw tau... dia pengen gw... cepet kerja biar... bisa bantu ekonomi keluarga. bingung banget sih, kayak semua pilihan ada plus... minusnya
1192;739;11-50;1383561.0;text;;[];False;False;a8e8efba3364415f;[];mie ayam,,, pak kumis juara sih,,,
1193;739;11-50;1383566.0;text;;[];False;False;a8e8efba3364415f;[];gw mau ambil cuti,,, semester
1194;739;51-100;1383580.0;text;;[];False;False;a8e8efba3364415f;[];kosan gw bocor lagi pas hujan,,, semalam, kasur gw basah semua parah,,, banget
1195;739;1-10;1383585.0;text;;[];False;False;a8e8efba3364415f;[];asli
1196;739;1-10;1383603.0;text;;[];False;False;be8507a72720d4c9;[];nih
1197;739;1-10;1383626.0;text;;['🤣'];False;False;c0b32e0339d03430;[];bet
1198;739;11-50;1383634.0;text;;[];False;False;be8507a72720d4c9;[];lu udah makan blm
1199;739;11-50;1383636.0;text;;[];False;False;c0b32e0339d03430;[];sidang minggu depan... doain ya...
1200;739;11-50;1383640.0;text;;[];False;False;be8507a72720d4c9;[];tugas kelompok bikin pusing
1201;739;1-10;1383648.0;text;;[];False;False;c0b32e0339d03430;[];gaje
1202;739;11-50;1383652.0;text;;[];False;False;be8507a72720d4c9;[];lu udah makan blm
1203;739;11-50;1383660.0;text;;[];False;False;be8507a72720d4c9;[];proposal skripsi gw ditolak
1204;739;1-10;1383669.0;text;;[];False;False;c0b32e0339d03430;[];hmm
1205;739;11-50;1383674.0;text;;[];False;False;be8507a72720d4c9;[];gw mau ambil cuti semester
1206;739;11-50;1383690.0;text;;[];False;False;be8507a72720d4c9;[];gw mau ambil cuti semester
1207;739;11-50;1383700.0;text;;[];False;False;be8507a72720d4c9;[];gw laper bgt nih
1208;739;11-50;1383715.0;text;;[];False;False;be8507a72720d4c9;[];proposal skripsi gw ditolak
1209;739;11-50;1383731.0;text;;[];False;False;be8507a72720d4c9;[];seminar tadi lama bgt
1210;739;1-10;1383731.0;text;;[];False;False;c0b32e0339d03430;[];bole
1211;739;11-50;1383739.0;text;;[];True;False;c0b32e0339d03430;[];ntar malem ngapain?
1212;739;11-50;1383740.0;text;;[];False;False;be8507a72720d4c9;[];gw baru aja dr kampus
1213;739;11-50;1383745.0;text;;[];False;False;be8507a72720d4c9;[];gw baru aja dr kampus
1214;739;1-10;1383749.0;text;;[];False;False;c0b32e0339d03430;[];bole
1215;739;51-100;1383775.0;text;;[];False;False;be8507a72720d4c9;[];jangan lupa besok kumpul di lobby kampus jam 8 pagi buat berangkat bareng
1216;739;11-50;1383781.0;text;;[];False;False;be8507a72720d4c9;[];gw mau ambil cuti semester
1217;739;11-50;1383786.0;text;;[];False;False;be8507a72720d4c9;[];warteg depan kampus enak
1218;739;1-10;1383954.0;text;;[];False;False;c0b32e0339d03430;[];sabi
1219;739;1-10;1383956.0;text;;['🤷\u200d♂️', '🤣'];False;False;c0b32e0339d03430;[];gaje
1220;739;11-50;1383959.0;text;;[];False;False;c0b32e0339d03430;[];dosen pembimbing susah ditemui...
1221;739;11-50;1384003.0;text;;[];False;False;ef94490714487032;[];seminar tadi lama banget!!
1222;739;1-10;1384029.0;text;;[];False;False;be8507a72720d4c9;[];bet
1223;739;51-100;1384145.0;text;;[];False;False;ef94490714487032;[];gw lagi mikirin mau ambil magang di perusahaan mana buat semester depan!!
1224;739;11-50;1384386.0;text;;[];False;False;c0b32e0339d03430;[];tugas kelompok bikin pusing
1225;739;11-50;1384399.0;text;;[];False;False;c0b32e0339d03430;[];gw baru aja dari... kampus
1226;739;11-50;1384400.0;text;;[];False;False;c0b32e0339d03430;[];lu udah makan belum
1227;739;1-10;1384402.0;text;;['🤷\u200d♂️'];False;False;c0b32e0339d03430;[];nih
1228;739;11-50;1384430.0;text;;['🤷🏻\u200d♀️'];False;False;ef94490714487032;[];seminar tadi lama banget!!
1229;739;11-50;1384567.0;text;;[];False;False;a71ff116bf72ec95;[];dosen pembimbing susah ditemui
1230;739;1-10;1384573.0;text;;['😇'];False;False;a71ff116bf72ec95;[];sabi
1231;739;1-10;1384580.0;text;;['😂'];False;False;be8507a72720d4c9;[];sabi
1232;739;1-10;1384602.0;text;;[];False;False;ef94490714487032;[];sabi!!
1233;739;1-10;1384802.0;text;;[];False;False;c0b32e0339d03430;[];bole
1234;739;11-50;1384805.0;text;;[];False;False;c0b32e0339d03430;[];mie ayam pak kumis juara sih
1235;739;1-10;1384816.0;text;;[];False;False;c0b32e0339d03430;[];gpp
1236;739;11-50;1384820.0;text;;[];False;False;c0b32e0339d03430;[];sidang minggu depan doain... ya
1237;739;11-50;1385295.0;text;;[];True;False;9400ab30a14c46c8;[];gmn kabar lu... skrg?
1238;739;51-100;1385314.0;text;;[];False;False;9400ab30a14c46c8;[];gw lg mikirin mau... ambil magang di perusahaan... mana buat semester depan
1239;740;51-100;1398146.0;text;;[];False;False;38b90d5daca14406;[];gw baru dapet info beasiswa buat semester depan mau coba daftar deh
1240;740;11-50;1398155.0;text;;[];True;False;38b90d5daca14406;[];ada sinyal ga disitu?
1241;740;51-100;1398166.0;text;;[];False;False;38b90d5daca14406;[];gw baru dapet info beasiswa buat semester depan mau coba daftar deh
1242;740;11-50;1398178.0;text;;[];False;False;c0b32e0339d03430;[];manga terbaru udah keluar loh
1243;740;11-50;1398181.0;text;;[];False;False;c0b32e0339d03430;[];gym hari ini skip... deh
1244;740;11-50;1398183.0;text;;[];False;False;c0b32e0339d03430;[];album baru dia enak banget
1245;740;11-50;1398194.0;text;;[];False;False;c0b32e0339d03430;[];gw lagi baca novel baru nih
1246;740;1-10;1398195.0;text;;['🤣'];False;False;c0b32e0339d03430;[];fyi
1247;740;11-50;1398203.0;text;;[];False;False;c0b32e0339d03430;[];game baru udah download belum
1248;740;11-50;1398209.0;text;;[];False;False;38b90d5daca14406;[];podcast yg lu rekomen mana
1249;740;11-50;1398211.0;text;;[];False;False;38b90d5daca14406;[];gw abis lari pagi tadi
1250;740;101-500;1398228.0;text;;[];False;False;38b90d5daca14406;[];tadi siang gw makan di warung makan baru deket gerbang belakang kampus. nasi gorengnya lumayan enak dan harganya murah banget cuma 12 ribu udah sama es teh. kayaknya bakal jadi langganan baru deh soalnya warteg biasa gw udah mulai naik harga dan porsinya makin dikit aja
1251;740;11-50;1398242.0;text;;[];False;False;38b90d5daca14406;[];gw abis lari pagi tadi
1252;740;1-10;1398246.0;text;;['😓'];False;False;c0b32e0339d03430;[];ih
1253;740;11-50;1398246.0;text;;[];False;False;38b90d5daca14406;[];series itu endingnya zonk bgt
1254;740;11-50;1398261.0;text;;[];False;False;c0b32e0339d03430;[];podcast yg lu rekomen mana...
1255;740;51-100;1398275.0;text;;[];False;False;c0b32e0339d03430;[];gw baru dapet info beasiswa buat semester depan mau coba daftar deh...
1256;740;11-50;1398282.0;text;;[];False;False;38b90d5daca14406;[];pertandingan bola tadi malam gila
1257;740;11-50;1398288.0;text;;[];False;False;38b90d5daca14406;[];gw lagi baca novel baru nih
1258;740;11-50;1398295.0;text;;[];False;False;38b90d5daca14406;[];game baru udah download belum
1259;740;11-50;1398296.0;text;;[];False;False;38b90d5daca14406;[];game baru udah download belum
1260;740;11-50;1398343.0;text;;[];False;False;c0b32e0339d03430;[];manga terbaru udah... keluar loh
1261;740;1-10;1398346.0;text;;['🤦\u200d♂️', '😓'];False;False;c0b32e0339d03430;[];btw
1262;740;1-10;1398721.0;text;;[];False;False;be8507a72720d4c9;[];njir
1263;740;11-50;1399537.0;text;;[];False;False;38b90d5daca14406;[];gw abis lari pagi tadi
1264;740;51-100;1399542.0;text;;[];False;False;38b90d5daca14406;[];gw gagal diet lagi soalnya tadi sore diajak makan bakso sama temen
1265;740;11-50;1399550.0;text;;[];False;False;38b90d5daca14406;[];series itu endingnya zonk bgt
1266;740;51-100;1399558.0;text;;[];False;False;38b90d5daca14406;[];gw gagal diet lagi soalnya tadi sore diajak makan bakso sama temen
1267;740;51-100;1399573.0;text;;[];False;False;38b90d5daca14406;[];gw baru dapet info beasiswa buat semester depan mau coba daftar deh
1268;740;11-50;1399576.0;text;;[];False;False;38b90d5daca14406;[];futsal besok jadi ga
1269;740;11-50;1399583.0;text;;[];False;False;38b90d5daca14406;[];konser itu mahal banget tiketnya
1270;740;11-50;1399591.0;text;;[];False;False;38b90d5daca14406;[];series itu endingnya zonk bgt
1271;740;11-50;1399910.0;text;;[];True;False;3a5733296e2729c1;[];ad sinyal ga disitu?
1272;740;11-50;1400004.0;text;;['😂', '🤷'];False;False;c0b32e0339d03430;[];badminton yuk sore ini
1273;740;11-50;1400016.0;text;;[];True;False;c0b32e0339d03430;[];booking duluan apa langsung aja?
1274;740;1-10;1400019.0;text;;[];False;False;c0b32e0339d03430;[];zonk
1275;740;1-10;1400034.0;text;;[];False;False;3a5733296e2729c1;[];btw
1276;740;1-10;1400048.0;text;;[];False;False;be8507a72720d4c9;[];dih
1277;740;11-50;1400071.0;text;;[];True;False;3a5733296e2729c1;[];ad sinyal ga disitu?
1278;740;11-50;1400072.0;text;;[];False;False;be8507a72720d4c9;[];game baru udah download blm
1279;740;11-50;1400089.0;text;;[];False;False;be8507a72720d4c9;[];badminton yuk sore ni
1280;740;1-10;1400095.0;text;;[];False;False;3a5733296e2729c1;[];njir
1281;740;51-100;1400115.0;text;;[];False;False;3a5733296e2729c1;[];gw gagal deit lg soalnya tadi sore diajka makan bakso sm temen
1282;741;0;1451552.0;image/jpeg;1281.0;[];False;False;be8507a72720d4c9;[];[Foto]
1283;741;11-50;1451565.0;text;;[];False;False;be8507a72720d4c9;[];film baru di bioskop bagus ga
1284;741;1-10;1451568.0;text;;['😂'];False;False;be8507a72720d4c9;[];anjay
1285;741;1-10;1451616.0;text;;['🤣'];False;False;4b8885bb32623f15;[];gila
1286;741;11-50;1451669.0;text;;[];False;False;4b8885bb32623f15;[];gw lagi marathon drakor nih
1287;741;51-100;1451741.0;text;;[];False;False;4b8885bb32623f15;[];besok ada bazaar di kampus katanya banyak makanan murah, pada ikut ga
1288;741;11-50;1451891.0;text;;[];False;False;be8507a72720d4c9;[];bokap gw lg di luar kota
1289;741;1-10;1451897.0;text;;[];False;False;4b8885bb32623f15;[];anjay
1290;741;1-10;1451906.0;text;;['💩', '🙈'];False;False;4b8885bb32623f15;[];gila
1291;741;51-100;1451909.0;text;;['😂'];False;False;c0b32e0339d03430;[];gw lagi belajar masak... sendiri biar ga jajan terus lumayan... hemat soalnya
1292;741;51-100;1451921.0;text;;[];False;False;c0b32e0339d03430;[];gw lagi belajar masak... sendiri biar ga jajan terus lumayan hemat soalnya...
1293;741;1-10;1451925.0;text;;[];False;False;4b8885bb32623f15;[];gini
1294;741;11-50;1451978.0;text;;['😝'];False;False;4b8885bb32623f15;[];gw baru aja ketemu mantan
1295;741;11-50;1451989.0;text;;[];True;False;257adae07de14378;[];knp ga bales chat gw?
1296;741;51-100;1452034.0;text;;[];False;False;257adae07de14378;[];gw lg belajar masak... sendiri biar ga jajan terus lumayan hemat soalnya
1297;741;11-50;1452050.0;text;;[];False;False;4b8885bb32623f15;[];playlist lo yang mana sih
1298;741;1-10;1452056.0;text;;[];False;False;be8507a72720d4c9;[];woles
1299;741;11-50;1452058.0;text;;[];False;False;4b8885bb32623f15;[];film baru di bioskop bagus ga
1300;741;51-100;1452131.0;text;;[];False;False;257adae07de14378;[];adek gw mau masuk kuliah... tahun depan gw... hrs bantu cariin info... jurusan
1301;741;51-100;1452164.0;text;;[];False;False;257adae07de14378;[];gw lg belajar masak... sendiri biar ga jajan terus lumayan hemat soalnya
1302;741;51-100;1452187.0;text;;[];False;False;257adae07de14378;[];adek gw mau masuk... kuliah tahun depan gw hrs bantu cariin info jurusan
1303;741;1-10;1452248.0;text;;[];False;False;4b8885bb32623f15;[];goks
1304;741;51-100;1452287.0;text;;[];False;False;ae2df9b28028def8;[];GW NONTON FILM DOKUMENTER SEMALAM TENTANG LAUT DAN IKAN, BAGUS BANGET
1305;741;51-100;1452637.0;text;;[];False;False;3a5733296e2729c1;[];gw nnoton film dokumenter semalam tentang laut dan ikna, bagus bgt
1306;741;11-50;1452671.0;text;;[];False;False;3a5733296e2729c1;[];bokap gw lg di luar kota
1307;741;11-50;1452717.0;text;;[];True;False;3a5733296e2729c1;['257adae07de14378'];tu temaptnya jauh ga?
1308;741;1-10;1452750.0;text;;[];False;False;257adae07de14378;[];mager
1309;741;1-10;1452758.0;text;;['😘'];False;False;257adae07de14378;[];pasti
1310;742;101-500;1511438.0;text;;[];True;False;36659264f4c6f93d;[];menurut kalian kenapa ya generasi kita tuh kayaknya lebih gampang stres dan burnout dibanding generasi orang tua kita dulu? apa karena tekanan sosmed atau emang tuntutan hidup yang makin tinggi ya? gw penasaran aja sih soalnya temen temen gw banyak yang ngeluh hal yang sama
1311;742;1-10;1511443.0;text;;['😉'];False;False;36659264f4c6f93d;[];sabi
1312;742;1-10;1511445.0;text;;[];False;False;36659264f4c6f93d;[];gpp
1313;742;1-10;1511634.0;text;;[];False;False;36659264f4c6f93d;[];tuh
1314;743;101-500;1536615.0;text;;[];False;False;c0b32e0339d03430;[];tadi siang gw makan di... warung makan baru... deket gerbang belakang kampus. nasi gorengnya lumayan... enak dan harganya murah banget cuma 12 ribu udah sama es teh. kayaknya bakal jadi... langganan baru deh soalnya warteg biasa gw udah mulai naik harga dan porsinya makin... dikit aja
1315;743;1-10;1536618.0;text;;[];False;False;c0b32e0339d03430;[];fyi
1316;743;11-50;1539527.0;text;;[];True;False;be8507a72720d4c9;[];booking duluan apa langsung aja?
1317;743;11-50;1539566.0;text;;[];False;False;c0b32e0339d03430;[];gym hari ini skip deh
1318;743;51-100;1539573.0;text;;[];False;False;c0b32e0339d03430;[];dosen killer itu ternyata baik banget... orangnya kalo diajak ngobrol santai
1319;743;11-50;1539778.0;text;;[];False;False;be8507a72720d4c9;[];gym hari ni skip deh
1320;743;11-50;1539784.0;text;;[];False;False;be8507a72720d4c9;[];futsal besok jadi ga
1321;743;1-10;1539821.0;text;;[];False;False;c0b32e0339d03430;[];kuy
1322;743;1-10;1539825.0;text;;[];True;False;c0b32e0339d03430;[];gmana?
1323;743;1-10;1540227.0;text;;[];False;False;be8507a72720d4c9;[];ih
1324;743;11-50;1540230.0;text;;[];False;False;be8507a72720d4c9;[];album baru dia enak bgt
1325;743;1-10;1540233.0;text;;[];False;False;be8507a72720d4c9;[];btw
1326;743;11-50;1540253.0;text;;[];False;False;c0b32e0339d03430;[];game baru udah... download... belum
1327;743;11-50;1540964.0;text;;[];False;False;be8507a72720d4c9;[];podcast yg lu rekomen mana
1328;743;11-50;1540966.0;text;;[];False;False;be8507a72720d4c9;[];futsal besok jadi ga
1329;743;11-50;1540967.0;text;;[];False;False;be8507a72720d4c9;[];manga terbaru udah keluar loh
1330;743;1-10;1541120.0;text;;[];False;False;c0b32e0339d03430;[];bete
1331;743;1-10;1541144.0;text;;[];False;False;c0b32e0339d03430;[];fyi
1332;743;11-50;1541149.0;text;;[];False;False;c0b32e0339d03430;[];game baru udah download... belum
1333;743;1-10;1541195.0;text;;[];False;False;be8507a72720d4c9;[];hoki
1334;743;11-50;1541201.0;text;;[];False;False;be8507a72720d4c9;[];podcast yg lu rekomen mana
1335;743;11-50;1541215.0;text;;[];False;False;a8e8efba3364415f;[];gym hari ini skip,,, deh
1336;743;1-10;1541215.0;text;;[];False;False;a8e8efba3364415f;[];bete
1337;743;11-50;1541231.0;text;;[];False;False;a8e8efba3364415f;[];podcast yg lu rekomen mana
1338;743;11-50;1541239.0;text;;[];False;False;be8507a72720d4c9;[];konser tu mahal bgt tiketnya
1339;743;1-10;1541244.0;text;;[];False;False;a8e8efba3364415f;[];sans
1340;743;1-10;1541246.0;text;;[];False;False;be8507a72720d4c9;[];kuy
1341;743;1-10;1541248.0;text;;[];False;False;be8507a72720d4c9;[];sans
1342;743;1-10;1541253.0;text;;[];False;False;a8e8efba3364415f;[];bete
1343;743;1-10;1541405.0;text;;[];False;False;c0b32e0339d03430;[];kuy
1344;743;1-10;1541735.0;text;;[];False;False;c0b32e0339d03430;[];jir
1345;743;11-50;1541736.0;text;;[];True;False;c0b32e0339d03430;[];booking duluan apa langsung aja?
1346;743;51-100;1541744.0;text;;[];False;False;c0b32e0339d03430;[];semalam hujan gede... banget sampe kosan gw mati lampu semaleman... gila
1347;743;1-10;1541826.0;text;;[];False;False;c0b32e0339d03430;[];dih
1348;743;11-50;1541829.0;text;;[];False;False;c0b32e0339d03430;[];album baru dia enak banget...
1349;743;11-50;1541983.0;text;;[];False;False;be8507a72720d4c9;[];badminton yuk sore ni
1350;743;101-500;1542074.0;text;;[];True;True;be8507a72720d4c9;[];eh ad yg pny rekomendasi laptop budget 5 jutaan yg bagus buat kuliah dan ngoding ga? laptop gw yg skrg udah mulai lemot dan sering ngehang kalo buka banyak tab. pengennya sih yg ringan buat dibawa ke kampus tp tetep kenceng performanya, ad saran?
1351;743;11-50;1542088.0;text;;[];False;False;be8507a72720d4c9;[];badminton yuk sore ni
1352;743;1-10;1542121.0;text;;[];False;False;c0b32e0339d03430;[];sans
1353;743;11-50;1542125.0;text;;[];False;False;c0b32e0339d03430;[];manga terbaru udah keluar loh
1354;744;11-50;1556230.0;text;;[];False;False;38b90d5daca14406;[];gw ngga bisa ikut malem ini
1355;744;51-100;1556254.0;text;;[];False;False;38b90d5daca14406;[];motor gw mogok di tengah jalan tadi pagi jadi gw telat masuk kelas
1356;745;0;1581326.0;image/jpeg;;[];False;False;257adae07de14378;[];[Foto]
1357;745;1-10;1581448.0;text;;['😂'];False;False;be8507a72720d4c9;[];hayuk
1358;745;1-10;1581479.0;text;;[];False;False;741bf06081579d3d;[];anjay
1359;745;101-500;1583641.0;text;;[];False;False;ef94490714487032;[];gw pengen curhat sedikit nih. akhir akhir ini gw ngerasa burnout banget sama rutinitas kuliah yang itu itu aja. bangun pagi, kuliah, tugas, tidur, repeat. kadang gw ngerasa kayak robot yang cuma jalan sesuai program tanpa tau tujuan akhirnya apa. mungkin gw butuh liburan beneran buat refresh otak!!!
1360;745;1-10;1584008.0;text;;['🤞'];False;False;be8507a72720d4c9;[];anjay
1361;745;11-50;1584040.0;text;;[];False;False;be8507a72720d4c9;[];playlist lo yg mana sih
1362;745;11-50;1584044.0;text;;[];False;False;ae2df9b28028def8;[];GW BARU AJA KETEMU MANTAN
1363;746;1-10;1589091.0;text;;[];False;True;257adae07de14378;[];astaga!
1364;746;1-10;1589138.0;text;;['🤞'];False;True;c0b32e0339d03430;[];astaga!
1365;746;51-100;1589635.0;text;;['😘'];False;False;38b90d5daca14406;[];tadi pagi gw olahraga lari keliling kampus 5 putaran badan pegel semua
1366;746;11-50;1590375.0;text;;[];False;False;741bf06081579d3d;[];gw lagi marathon drakor,,, nih
1367;746;101-500;1591673.0;text;;[];False;False;ef94490714487032;[];gw pengen curhat sedikit nih. akhir akhir ini gw ngerasa burnout banget sama rutinitas kuliah yang itu itu aja. bangun pagi, kuliah, tugas, tidur, repeat. kadang gw ngerasa kayak robot yang cuma jalan sesuai program tanpa tau tujuan akhirnya apa. mungkin gw butuh liburan beneran buat refresh otak!!
1368;747;11-50;1596467.0;text;;['🤦\u200d♂️'];True;False;be8507a72720d4c9;[];ad yg mau bareng?
1369;747;101-500;1596613.0;text;;['😒'];False;False;ef94490714487032;[];gw baru aja beres beresin kosan dan nemu barang barang lama dari jaman SMA. ada foto kelas, surat dari mantan, sama buku diary yang isinya cringe banget kalo dibaca sekarang. jadi nostalgia sendiri inget masa masa dulu yang lebih sederhana. kadang kangen juga sih jadi anak SMA lagi tanpa mikirin skripsi!!!
1370;747;51-100;1596705.0;text;;[];False;False;ef94490714487032;[];kemarin malem gw begadang nonton bola sampe subuh terus ketiduran!!
1371;747;1-10;1596724.0;text;;[];False;False;be8507a72720d4c9;[];yaa
1372;747;11-50;1596734.0;text;;[];False;False;be8507a72720d4c9;[];rame bgt disini cuy
1373;747;101-500;1596802.0;text;;[];True;False;ef94490714487032;[];guys ada yang tau ga sih kenapa sistem registrasi online kampus sering banget error pas masa pengisian KRS? tiap semester selalu gitu bikin stres, mana harus rebutan mata kuliah yang kuotanya dikit banget lagi. apa emang servernya ga kuat ya nampung banyak mahasiswa sekaligus!!!
1374;747;11-50;1596816.0;text;;[];False;False;ef94490714487032;[];ketemuan di mall jam 3 ya!!!
1375;747;101-500;1597068.0;text;;[];False;False;ef94490714487032;[];gw baru aja beres beresin kosan dan nemu barang barang lama dari jaman SMA. ada foto kelas, surat dari mantan, sama buku diary yang isinya cringe banget kalo dibaca sekarang. jadi nostalgia sendiri inget masa masa dulu yang lebih sederhana. kadang kangen juga sih jadi anak SMA lagi tanpa mikirin skripsi!!!
1376;747;11-50;1597076.0;text;;[];False;False;be8507a72720d4c9;[];gw nyari parkir dulu bentar
1377;747;11-50;1597079.0;text;;[];False;False;be8507a72720d4c9;[];jangan lupa bawa duit cash
1378;747;101-500;1597097.0;text;;[];False;False;ef94490714487032;[];gw baru aja beres beresin kosan dan nemu barang barang lama dari jaman SMA. ada foto kelas, surat dari mantan, sama buku diary yang isinya cringe banget kalo dibaca sekarang. jadi nostalgia sendiri inget masa masa dulu yang lebih sederhana. kadang kangen juga sih jadi anak SMA lagi tanpa mikirin skripsi!!
1379;747;11-50;1597107.0;text;;[];False;False;ef94490714487032;[];kita ketemuan dimana aja deh!!!
1380;747;1-10;1597111.0;text;;[];False;False;be8507a72720d4c9;[];hoo
1381;747;1-10;1597111.0;text;;[];False;False;be8507a72720d4c9;[];yaa
1382;747;1-10;1597152.0;text;;['😟'];False;False;ef94490714487032;[];woi!!!
1383;747;11-50;1597161.0;text;;[];False;False;ef94490714487032;[];lu dimana sih lama banget!!!
1384;748;11-50;1630594.0;text;;['😘'];False;False;be8507a72720d4c9;['6fbc363d86533ce4'];gw udah di parkiran nih
1385;748;1-10;1631583.0;text;;['🍾', '🎂'];False;False;ae2df9b28028def8;[];HOO
1386;748;11-50;1631833.0;text;;[];False;True;ef94490714487032;[];asik besok libur guys!!
1387;748;11-50;1632124.0;text;;[];False;False;6fbc363d86533ce4;[];kita ketemuan dimanaa aja deh
1388;748;11-50;1634607.0;text;;[];True;False;38b90d5daca14406;[];nilai keluar kapan ya?
1389;748;11-50;1634609.0;text;;[];False;True;38b90d5daca14406;[];asik besok libur guys!
1390;748;11-50;1634656.0;text;;[];False;False;ef94490714487032;[];gw naik ojol aja deh!!!
1391;748;11-50;1634687.0;text;;[];False;False;6fbc363d86533ce4;[];rame banget disiniii cuy
1392;748;11-50;1634690.0;text;;[];False;False;67566b419db65cbd;[];MACET PARAH DI JALAN TOL
1393;748;1-10;1634700.0;text;;['🥺'];False;False;6fbc363d86533ce4;[];ahhh
1394;748;11-50;1634772.0;text;;['🙂'];False;False;ef94490714487032;[];gw lagi di warkop nih!!
1395;748;11-50;1634788.0;text;;[];True;False;38b90d5daca14406;[];ada yg mau bareng?
1396;748;51-100;1634832.0;text;;[];False;False;ef94490714487032;[];motor gw mogok di tengah jalan tadi pagi jadi gw telat masuk kelas!!
1397;748;51-100;1634850.0;text;;[];False;False;ef94490714487032;[];gw lagi nyoba masak rendang resep nyokap tapi kayaknya gagal total deh!!
1398;748;11-50;1634945.0;text;;[];False;True;67566b419db65cbd;[];ASIK BESOK LIBUR GUYS!
1399;748;1-10;1634961.0;text;;['👍🏻'];False;False;67566b419db65cbd;[];OOH
1400;748;11-50;1634990.0;text;;[];False;True;6fbc363d86533ce4;[];asik besok libur guys!
1401;748;11-50;1635022.0;text;;[];True;False;6fbc363d86533ce4;[];makannn apa ntar siang?
1402;748;51-100;1635134.0;text;;[];False;False;ef94490714487032;[];gw lagi nyoba masak rendang resep nyokap tapi kayaknya gagal total deh!!!
1403;748;1-10;1635199.0;text;;[];False;False;6fbc363d86533ce4;[];yaa
1404;748;51-100;1635422.0;text;;[];False;False;ef94490714487032;[];kemarin malem gw begadang nonton bola sampe subuh terus ketiduran!!
1405;748;11-50;1635699.0;text;;[];False;False;38b90d5daca14406;[];rame banget disini cuy
1406;748;11-50;1635793.0;text;;[];False;False;ef94490714487032;[];gw naik ojol aja deh!!!
1407;748;11-50;1636055.0;text;;[];False;True;4b8885bb32623f15;[];asik besok libur guys!
1408;748;51-100;1636734.0;text;;[];True;True;6fbc363d86533ce4;[];gimana caranyaaa biar bisa fokus belajar tanpa main hp terussss ya?
1409;748;11-50;1636738.0;text;;[];False;False;6fbc363d86533ce4;[];gw ngga bisa ikut malemmm iniiii
1410;748;1-10;1636877.0;text;;[];False;False;4b8885bb32623f15;[];emm
1411;748;11-50;1636910.0;text;;[];False;False;4b8885bb32623f15;[];lu dimana sih lama banget
1412;748;11-50;1637034.0;text;;['😂'];False;False;be8507a72720d4c9;[];ketemuan di mall jam 3 ya
1413;748;1-10;1637111.0;text;;['😝'];False;False;4b8885bb32623f15;[];ahh
1414;748;11-50;1637142.0;text;;[];False;False;4b8885bb32623f15;[];lu dimana sih lama banget
1415;748;11-50;1637187.0;text;;[];False;False;ef94490714487032;[];jangan lupa bawa duit cash!!!
1416;748;1-10;1637203.0;text;;['😂'];False;False;4b8885bb32623f15;[];wah
1417;748;51-100;1637278.0;text;;[];False;False;4b8885bb32623f15;[];kemarin malem gw begadang nonton bola sampe subuh terus ketiduran
1418;748;1-10;1637281.0;text;;[];False;False;be8507a72720d4c9;[];ahh
1419;748;11-50;1637302.0;text;;[];False;False;be8507a72720d4c9;[];macet parah di jalan tol
1420;748;1-10;1637307.0;text;;['😂'];False;False;4b8885bb32623f15;[];woi
1421;748;11-50;1637308.0;text;;[];False;False;be8507a72720d4c9;[];kita ketemuan dmn aja deh
1422;748;51-100;1637319.0;text;;[];False;False;a8e8efba3364415f;[];motor gw,,, mogok,,, di tengah jalan tadi pagi jadi gw telat masuk kelas
1423;748;1-10;1637325.0;text;;[];False;False;a8e8efba3364415f;[];woi
1424;748;11-50;1637325.0;text;;[];False;False;a8e8efba3364415f;[];macet parah di,,, jalan tol
1425;748;1-10;1637329.0;text;;['😂'];False;False;4b8885bb32623f15;[];oii
1426;748;1-10;1637355.0;text;;[];False;False;6fbc363d86533ce4;[];oii
1427;748;11-50;1637366.0;text;;[];False;False;6fbc363d86533ce4;[];gw lagiii di warkop nih
1428;748;51-100;1637447.0;text;;[];False;False;4b8885bb32623f15;[];gw lagi nyoba masak rendang resep nyokap tapi kayaknya gagal total deh
1429;748;11-50;1637663.0;text;;[];False;False;4b8885bb32623f15;[];lu dimana sih lama banget
1430;748;11-50;1638580.0;text;;[];False;False;6fbc363d86533ce4;[];macettt parah di jalannnn tol
1431;748;11-50;1638601.0;text;;[];False;False;6fbc363d86533ce4;[];gw nyari parkir dulu bentar
1432;748;11-50;1638635.0;text;;[];False;True;741bf06081579d3d;[];asik besok libur,,, guys!
1433;748;11-50;1638649.0;text;;[];False;True;741bf06081579d3d;[];asik besok,,, libur,,, guys!
1434;748;11-50;1638652.0;text;;[];False;False;6fbc363d86533ce4;[];jangann lupa bawa duit cashhh
1435;748;11-50;1638656.0;text;;[];False;False;741bf06081579d3d;[];bsk sore ada,,, waktu ga
1436;748;11-50;1638982.0;text;;['🙂'];False;False;ef94490714487032;[];gw udah di parkiran nih!!
1437;749;101-500;1652646.0;text;;[];True;False;ae2df9b28028def8;[];MENURUT KALIAN KENAPA YA GENERASI KITA TUH KAYAKNYA LEBIH GAMPANG STRES DAN BURNOUT DIBANDING GENERASI ORANG TUA KITA DULU? APA KARENA TEKANAN SOSMED ATAU EMANG TUNTUTAN HIDUP YANG MAKIN TINGGI YA? GW PENASARAN AJA SIH SOALNYA TEMEN TEMEN GW BANYAK YANG NGELUH HAL YANG SAMA
1438;749;11-50;1652848.0;text;;[];False;False;ef94490714487032;[];jangan lupa bawa duit cash!!!
1439;749;11-50;1652950.0;text;;[];False;False;be8507a72720d4c9;[];ketemuan di mall jam 3 ya
1440;749;11-50;1653300.0;text;;[];True;False;ae2df9b28028def8;[];ADA YG MAU BARENG?
1441;749;11-50;1653306.0;text;;[];False;False;be8507a72720d4c9;[];gw nyari parkir dulu bentar
1442;749;1-10;1653314.0;text;;[];False;False;be8507a72720d4c9;[];kan
1443;749;51-100;1653344.0;text;;[];False;False;ef94490714487032;[];motor gw mogok di tengah jalan tadi pagi jadi gw telat masuk kelas!!!
1444;749;51-100;1653366.0;text;;[];False;False;ae2df9b28028def8;[];KEMARIN MALEM GW BEGADANG NONTON BOLA SAMPE SUBUH TERUS KETIDURAN
1445;749;11-50;1653369.0;text;;[];False;False;ae2df9b28028def8;[];KETEMUAN DI MALL JAM 3 YA
1446;749;51-100;1653402.0;text;;[];False;False;ef94490714487032;[];gw harus nabung lebih banyak sih buat bayar uang semester yang naik!!!
1447;749;11-50;1653427.0;text;;['🤷🏻\u200d♀️'];False;False;ef94490714487032;[];gw lagi di warkop nih!!!
1448;750;101-500;1659797.0;text;;['🤷🏻\u200d♀️'];True;True;ef94490714487032;[];gw lagi bimbang nih antara mau ikut organisasi kampus atau fokus ke akademik aja. menurut kalian gimana sih, worth it ga sih ikut organisasi? soalnya gw denger banyak yang bilang bisa nambah soft skill tapi di sisi lain waktu buat belajar jadi berkurang kan, gimana pengalaman kalian!!!
1449;750;11-50;1659889.0;text;;[];False;True;6fbc363d86533ce4;[];ngakak gw liat videoo itu!
1450;750;51-100;1659960.0;text;;['☺️'];False;False;ef94490714487032;[];tadi pagi gw olahraga lari keliling kampus 5 putaran badan pegel semua!!
1451;750;1-10;1661313.0;text;;['🤞'];False;False;be8507a72720d4c9;[];noted
1452;750;11-50;1663441.0;text;;['😘'];False;True;38b90d5daca14406;[];seru banget tadi malem!
1453;750;11-50;1664062.0;text;;['😊'];False;False;ef94490714487032;[];adek gw masuk SMA tahun ini!!!
1454;750;101-500;1666224.0;text;;[];False;False;38b90d5daca14406;[];gw pengen curhat sedikit nih. akhir akhir ini gw ngerasa burnout banget sama rutinitas kuliah yang itu itu aja. bangun pagi, kuliah, tugas, tidur, repeat. kadang gw ngerasa kayak robot yang cuma jalan sesuai program tanpa tau tujuan akhirnya apa. mungkin gw butuh liburan beneran buat refresh otak
1455;750;51-100;1666250.0;text;;['😻'];False;False;38b90d5daca14406;[];gw nonton film dokumenter semalam tentang laut dan ikan, bagus banget
1456;750;11-50;1667125.0;text;;[];False;True;6fbc363d86533ce4;[];seru banget tadi malem!
1457;751;0;1733787.0;image/jpeg;;[];False;False;be8507a72720d4c9;[];[Foto]
1458;751;1-10;1733788.0;text;;['😂'];False;False;be8507a72720d4c9;[];hehe
1459;751;11-50;1733789.0;text;;[];False;False;be8507a72720d4c9;[];ipk gw turun semester ni
1460;751;51-100;1733822.0;text;;[];False;False;38b90d5daca14406;[];tadi gw ketemu dosen pembimbing dan dia minta revisi lagi untuk bab 3
1461;751;11-50;1733831.0;text;;['😜'];False;False;38b90d5daca14406;[];tadi absen ga sih kamu
1462;751;11-50;1733862.0;text;;[];False;False;be8507a72720d4c9;[];gw skip kelas hari ni
1463;751;1-10;1733914.0;text;;[];False;False;38b90d5daca14406;[];siap
1464;752;101-500;1986662.0;text;;[];False;True;d3540a6eaaac5857;[];yesss gw akhirnyaaa dapet nilai a di mata kuliah yang paling gw takutinnnn selama ini! padahalll gw udahh pasrah banget passss ujiannnn soalnya soalnyaaa susahhhh parah. ternyata tugassss dann presentasi gw nilainyaaaa bagus jadi bisaaaa nutupin nilai ujian. alhamdulillah bangetttt perjuangannn ga siaaa sia!
1465;752;11-50;1986964.0;text;;['🤣'];True;False;ef94490714487032;[];nilai keluar kapan ya!!!
1466;752;11-50;1989102.0;text;;[];False;False;d3540a6eaaac5857;[];macet parahh di jalan tolll
1467;752;11-50;1989279.0;text;;[];False;False;ef94490714487032;[];macet parah di jalan tol!!!
1468;753;51-100;2005915.0;text;;[];False;False;38b90d5daca14406;[];gw seneng banget akhirnya bisa ketemu temen temen lama setelah lama ga
1469;753;51-100;2005950.0;text;;[];False;False;38b90d5daca14406;[];gw lagi dengerin podcast tentang psikologi, lumayan buat nambah wawasan
1470;753;51-100;2005962.0;text;;['🤣'];False;True;38b90d5daca14406;[];gokil sih makanan di tempat baru itu enak banget harganya murah lagi!
1471;753;51-100;2005982.0;text;;[];False;False;38b90d5daca14406;[];gw lagi dengerin podcast tentang psikologi, lumayan buat nambah wawasan
1472;753;1-10;2006162.0;text;;['👏'];False;False;6fbc363d86533ce4;[];oh
1473;753;1-10;2006224.0;text;;[];False;False;ef94490714487032;[];ah!!
1474;753;11-50;2006230.0;text;;[];False;True;ef94490714487032;[];bahaya banget jalanannya!!!
1475;753;1-10;2006251.0;text;;[];False;False;38b90d5daca14406;[];seep
1476;753;1-10;2006380.0;text;;[];False;False;be8507a72720d4c9;[];yoii
1477;753;11-50;2006833.0;text;;[];False;True;741bf06081579d3d;[];bahaya banget,,, jalanannya!
1478;753;11-50;2006834.0;text;;[];True;False;741bf06081579d3d;[];gw harus bawa apa aja?
1479;753;51-100;2006883.0;text;;[];False;False;ef94490714487032;[];duit jajan gw abis padahal baru tanggal 15 harus ngirit banget nih!!
1480;753;1-10;2006971.0;text;;[];False;False;741bf06081579d3d;[];yess
1481;753;11-50;2021175.0;text;;[];False;True;e343fd7560989e6c;[];sumpah itu lucuuuu parah!
1482;754;11-50;2065356.0;text;;[];False;False;e343fd7560989e6c;[];temen gw sakit masukkk rs
1483;754;1-10;2065372.0;text;;[];False;True;e343fd7560989e6c;[];sabi!
1484;754;11-50;2065421.0;text;;[];True;False;38b90d5daca14406;[];pinjam catetan boleh ga?
1485;754;1-10;2065447.0;text;;[];False;False;e343fd7560989e6c;[];wkwkw
1486;754;11-50;2065560.0;text;;[];False;False;e343fd7560989e6c;[];reunii kapan ya kitaaaa
1487;754;11-50;2065630.0;text;;[];True;False;38b90d5daca14406;[];kapan terakhir kali ketemu?
1488;754;51-100;2065727.0;text;;[];False;False;c0b32e0339d03430;[];gw baru aja dapet kabar kalo temen kita diterima kerja... di luar... negeri
1489;754;1-10;2065732.0;text;;[];False;False;c0b32e0339d03430;[];wkwkw
1490;754;11-50;2065748.0;text;;[];False;False;e343fd7560989e6c;[];si ituuuu udah putus katanya
1491;754;1-10;2065807.0;text;;[];False;False;c0b32e0339d03430;[];wkwkw
1492;754;51-100;2065998.0;text;;[];True;False;e343fd7560989e6c;['38b90d5daca14406'];lu pernahhh cobaaa belajar barenggg di perpus kotaa ga, enak ga disana?
1493;754;11-50;2066273.0;text;;[];False;False;38b90d5daca14406;[];angkot ke sana masih ada ga
1494;754;11-50;2066285.0;text;;[];False;False;38b90d5daca14406;[];temen gw sakit masuk RS
1495;754;1-10;2066403.0;text;;[];False;False;e343fd7560989e6c;[];malesss
1496;754;1-10;2066410.0;text;;[];False;False;e343fd7560989e6c;[];udah
1497;754;1-10;2066411.0;text;;[];False;False;e343fd7560989e6c;[];setuju
1498;754;1-10;2066412.0;text;;[];False;False;e343fd7560989e6c;[];dong
1499;754;11-50;2066429.0;text;;[];False;False;e343fd7560989e6c;[];temenin gw dong besok
1500;754;1-10;2066438.0;text;;[];False;False;38b90d5daca14406;[];setuju
1501;754;11-50;2066446.0;text;;[];False;False;38b90d5daca14406;[];gw berantem sama si anu
1502;754;11-50;2066480.0;text;;[];False;False;e343fd7560989e6c;[];reunii kapan ya kitaa
1503;754;11-50;2066484.0;text;;[];False;False;e343fd7560989e6c;[];reuniii kapan ya kita
1504;754;11-50;2066488.0;text;;[];False;False;ae2df9b28028def8;[];REUNI KAPAN YA KITA
1505;754;11-50;2066580.0;text;;[];False;False;e343fd7560989e6c;[];reuni kapannnn ya kita
1506;754;1-10;2066581.0;text;;[];False;False;e343fd7560989e6c;[];ywd
1507;754;51-100;2066803.0;text;;[];False;False;38b90d5daca14406;[];lu harus coba kedai kopi baru di jalan belakang kampus, enak banget
1508;754;11-50;2066815.0;text;;[];False;False;38b90d5daca14406;[];reuni kapan ya kita
1509;754;51-100;2066857.0;text;;[];False;False;be8507a72720d4c9;[];gw pengen bgt liburan ke pantai tp duit lg tipis bgt skrg
1510;754;11-50;2066878.0;text;;[];True;False;c0b32e0339d03430;[];pinjam catetan boleh... ga?
1511;754;1-10;2066919.0;text;;[];False;False;e343fd7560989e6c;[];hihiiii
1512;754;11-50;2067038.0;text;;[];False;False;38b90d5daca14406;[];gw kangen temen temen SMA
1513;754;11-50;2067060.0;text;;[];True;False;e343fd7560989e6c;[];pinjam catetan bolehh ga?
1514;754;11-50;2067067.0;text;;[];False;False;38b90d5daca14406;[];pacarnya baru siapa sih
1515;754;51-100;2067087.0;text;;[];False;False;38b90d5daca14406;[];gw baru aja dapet kabar kalo temen kita diterima kerja di luar negeri
1516;754;11-50;2067097.0;text;;[];False;False;38b90d5daca14406;[];jangan bilang siapa siapa ya
1517;754;51-100;2067120.0;text;;[];False;False;38b90d5daca14406;[];wifi kosan gw lemot banget jadi gw ke perpus aja buat ngerjain tugas
1518;754;51-100;2067128.0;text;;[];False;False;38b90d5daca14406;[];lu harus coba kedai kopi baru di jalan belakang kampus, enak banget
1519;754;1-10;2067268.0;text;;[];False;False;c0b32e0339d03430;[];trus
1520;754;51-100;2067270.0;text;;[];False;False;c0b32e0339d03430;[];gw baru aja dapet kabar kalo temen kita diterima kerja di luar... negeri
1521;754;11-50;2067276.0;text;;[];False;False;c0b32e0339d03430;[];gw berantem sama... si... anu
1522;754;1-10;2067282.0;text;;[];False;False;c0b32e0339d03430;[];hihi
1523;754;1-10;2067283.0;text;;['🤣'];False;False;c0b32e0339d03430;[];wkwkw
1524;754;51-100;2067928.0;text;;[];True;False;6fbc363d86533ce4;[];lu pernah coba belajar bareng di perpussss kotaaaa ga, enak ga disana?
1525;754;11-50;2067940.0;text;;[];False;True;6fbc363d86533ce4;[];gw kaget pass denger itu!
1526;754;11-50;2068047.0;text;;[];False;False;38b90d5daca14406;[];gw kangen temen temen SMA
1527;754;11-50;2068054.0;text;;[];False;False;38b90d5daca14406;[];temenin gw dong besok
1528;754;0;2068072.0;video/mp4;;[];False;False;6fbc363d86533ce4;[];[Video]
1529;754;51-100;2068264.0;text;;[];False;False;6fbc363d86533ce4;[];gw pengennnn banget liburan ke pantaii tapiii duit lagi tipis banget sekarang
1530;754;1-10;2068272.0;text;;[];False;False;38b90d5daca14406;[];amin
1531;754;1-10;2068275.0;text;;['🤣'];False;False;38b90d5daca14406;[];trus
1532;754;11-50;2068288.0;text;;[];False;False;38b90d5daca14406;[];angkot ke sana masih ada ga
1533;754;1-10;2068294.0;text;;[];False;False;c0b32e0339d03430;[];ywd
1534;754;11-50;2068296.0;text;;[];False;False;c0b32e0339d03430;[];gw berantem sama si anu
1535;754;11-50;2068302.0;text;;[];False;False;6fbc363d86533ce4;[];gw ga percayaaa sih gosipnyaa
1536;754;1-10;2068306.0;text;;[];False;False;6fbc363d86533ce4;[];setuju
1537;754;1-10;2068321.0;text;;['😂'];False;False;6fbc363d86533ce4;[];cape
1538;754;1-10;2068375.0;text;;[];False;False;e343fd7560989e6c;[];wkwkw
1539;754;11-50;2068414.0;text;;[];False;False;e343fd7560989e6c;[];temen gw sakit masukkk rs
1540;754;11-50;2068426.0;text;;[];False;False;ae2df9b28028def8;[];PACARNYA BARU SIAPA SIH
1541;754;1-10;2068437.0;text;;[];False;False;e343fd7560989e6c;[];ywdd
1542;754;11-50;2068635.0;text;;[];False;False;a8e8efba3364415f;[];eh denger gosip belum
1543;754;11-50;2068669.0;text;;[];False;False;e343fd7560989e6c;[];pacarnya baruuuu siapa sih
1544;754;11-50;2068669.0;text;;[];False;False;c0b32e0339d03430;[];eh denger gosip belum
1545;754;11-50;2068670.0;text;;[];False;False;c0b32e0339d03430;[];gw kangen temen... temen SMA
1546;754;1-10;2068675.0;text;;[];False;False;e343fd7560989e6c;[];setuju
1547;754;1-10;2068676.0;text;;[];False;False;c0b32e0339d03430;[];udah
1548;754;1-10;2068679.0;text;;[];False;False;c0b32e0339d03430;[];ywd
1549;754;11-50;2068689.0;text;;[];False;False;e343fd7560989e6c;[];pacarnya baruuu siapa sih
1550;754;101-500;2068715.0;text;;[];False;False;e343fd7560989e6c;[];hari iniiii gw iseng nyoba bikin kopi pake metode v60 yang lagiii hype di kalangannn anak anak kampus. beli alatnyaaaa lumayannn mahal sihh tapi hasilnya emang beda darii kopi sachet biasa. kopinya lebih smooth dan ga terlalu pahit. kayaknya gw bakal ketagihann nihh bikinnn kopi sendiri tiap pagii sebelum ke kampus
1551;754;11-50;2068720.0;text;;[];False;False;e343fd7560989e6c;[];temen gw sakitt masuk rs
1552;754;11-50;2068726.0;text;;[];False;False;e343fd7560989e6c;[];pacarnya baruuu siapa sih
1553;754;11-50;2068737.0;text;;[];False;False;6fbc363d86533ce4;[];gw ga percaya sih gosipnyaaaa
1554;754;11-50;2068740.0;text;;[];False;False;e343fd7560989e6c;[];jangannn bilang siapa siapa ya
1555;754;11-50;2068755.0;text;;[];False;False;e343fd7560989e6c;[];pacarnya baruuuu siapaaaa sih
1556;754;1-10;2068761.0;text;;[];False;False;e343fd7560989e6c;[];cape
1557;754;11-50;2068775.0;text;;[];False;False;be8507a72720d4c9;[];eh denger gosip blm
1558;754;11-50;2068790.0;text;;[];False;False;e343fd7560989e6c;[];reuni kapan ya kitaaa
1559;754;11-50;2068796.0;text;;[];False;False;c0b32e0339d03430;[];diem diem ternyata jadian
1560;754;1-10;2068800.0;text;;[];False;False;c0b32e0339d03430;[];gabut
1561;754;11-50;2068825.0;text;;[];False;False;e343fd7560989e6c;[];gw berantem sama si anu
1562;754;11-50;2068835.0;text;;[];False;False;6fbc363d86533ce4;[];diem diem ternyataaa jadian
1563;754;1-10;2068841.0;text;;[];False;False;e343fd7560989e6c;[];amin
1564;754;1-10;2068843.0;text;;['😂'];False;False;4b8885bb32623f15;[];sama
1565;754;11-50;2068856.0;text;;[];False;False;e343fd7560989e6c;[];gw ga percaya sih gosipnya
1566;754;11-50;2068875.0;text;;[];False;False;a8e8efba3364415f;[];temen gw,,, sakit masuk rs
1567;754;11-50;2068877.0;text;;[];False;False;a8e8efba3364415f;[];eh denger,,, gosip belum
1568;754;11-50;2068880.0;text;;[];True;False;a8e8efba3364415f;[];kos lu dimana sih tepatnya?
1569;754;1-10;2068885.0;text;;[];False;False;a8e8efba3364415f;[];cape
1570;754;1-10;2068913.0;text;;[];False;False;e343fd7560989e6c;[];udah
1571;754;11-50;2068918.0;text;;[];False;False;e343fd7560989e6c;[];si ituuu udah putus katanya
1572;754;11-50;2068935.0;text;;[];False;False;e343fd7560989e6c;[];gw kangen temen temen sma
1573;754;11-50;2068947.0;text;;[];False;False;e343fd7560989e6c;[];eh denger gosipppp belum
1574;754;11-50;2068986.0;text;;[];True;False;e343fd7560989e6c;[];jadwal sidang kapannnn bro?
1575;754;51-100;2069092.0;text;;[];True;False;e343fd7560989e6c;[];lu pernah cobaaa belajar barenggg di perpusss kota ga, enak ga disana?
1576;754;11-50;2069318.0;text;;[];False;False;be8507a72720d4c9;[];gw berantem sm si anu
1577;754;11-50;2069323.0;text;;[];False;False;e343fd7560989e6c;[];reuniiii kapan ya kita
1578;754;51-100;2069325.0;text;;[];False;False;be8507a72720d4c9;[];gw baru aja dapet kabar kalo temen kita diterima kerja di luar negeri
1579;754;1-10;2069332.0;text;;[];False;False;e343fd7560989e6c;[];gabut
1580;754;11-50;2069338.0;text;;[];False;True;e343fd7560989e6c;['38b90d5daca14406'];gw kagettt pas dengerrrr itu!
1581;754;1-10;2069347.0;text;;['😂'];False;False;4b8885bb32623f15;[];amin
1582;754;11-50;2069351.0;text;;[];False;True;6fbc363d86533ce4;[];gw kaget pas dengerrr itu!
1583;754;1-10;2069352.0;text;;['👏'];False;False;4b8885bb32623f15;[];gabut
1584;754;1-10;2069356.0;text;;['😂'];False;False;4b8885bb32623f15;[];gabut
1585;754;11-50;2069372.0;text;;[];False;True;6fbc363d86533ce4;[];sedih banget ceritanya!
1586;754;11-50;2069428.0;text;;[];False;False;a8e8efba3364415f;[];gw berantem sama si,,, anu
1587;754;11-50;2069428.0;text;;[];False;False;a8e8efba3364415f;[];gw kangen temen temen sma
1588;754;11-50;2069457.0;text;;[];False;False;c0b32e0339d03430;[];gw ga percaya sih gosipnya
1589;754;1-10;2069461.0;text;;[];False;False;c0b32e0339d03430;[];wkwkw
1590;754;11-50;2069463.0;text;;[];False;False;c0b32e0339d03430;[];gw kangen temen temen SMA
1591;754;11-50;2069467.0;text;;[];False;False;c0b32e0339d03430;[];diem diem ternyata jadian
1592;754;11-50;2069468.0;text;;[];False;False;c0b32e0339d03430;[];si itu udah putus katanya...
1593;754;1-10;2069482.0;text;;['😂'];False;False;be8507a72720d4c9;[];sm
1594;754;11-50;2069498.0;text;;[];False;False;e343fd7560989e6c;[];diem diemmmm ternyataaa jadiannnn
1595;754;1-10;2069501.0;text;;[];False;False;e343fd7560989e6c;[];capeeee
1596;754;11-50;2069594.0;text;;[];False;False;a8e8efba3364415f;[];temenin gw dong besok
1597;754;11-50;2069600.0;text;;[];False;False;a8e8efba3364415f;[];jangan bilang siapa siapa ya
1598;754;11-50;2069600.0;text;;[];False;False;a8e8efba3364415f;[];gw berantem sama si,,, anu
1599;754;11-50;2069602.0;text;;[];False;False;a8e8efba3364415f;[];temenin gw dong besok
1600;754;11-50;2069613.0;text;;[];False;False;a8e8efba3364415f;[];eh denger gosip belum,,,
1601;754;1-10;2069820.0;text;;[];False;False;38b90d5daca14406;[];udah
1602;754;11-50;2069823.0;text;;[];False;False;38b90d5daca14406;[];gw kangen temen temen SMA
1603;754;1-10;2069826.0;text;;[];False;False;38b90d5daca14406;[];cape
1604;754;11-50;2069827.0;text;;[];False;False;38b90d5daca14406;[];gw kangen temen temen SMA
1605;754;11-50;2069876.0;text;;[];False;False;6fbc363d86533ce4;[];angkot ke sana masih adaa ga
1606;754;51-100;2069918.0;text;;[];False;False;6fbc363d86533ce4;[];gw pengen bangetttt liburan ke pantai tapi duit lagiii tipis banget sekarangg
1607;754;51-100;2070180.0;text;;[];False;False;38b90d5daca14406;[];wifi kosan gw lemot banget jadi gw ke perpus aja buat ngerjain tugas
1608;754;11-50;2070328.0;text;;[];False;False;a8e8efba3364415f;[];temenin gw,,, dong besok
1609;754;11-50;2070337.0;text;;[];True;False;a8e8efba3364415f;[];kapan terakhir kali ketemu?,,,
1610;754;11-50;2070340.0;text;;[];True;False;a8e8efba3364415f;[];kos lu dimana sih tepatnya?
1611;754;11-50;2070622.0;text;;[];False;False;be8507a72720d4c9;[];angkot ke sana msh ad ga
1612;754;101-500;2073090.0;text;;[];False;False;ae2df9b28028def8;[];HARI INI GW ISENG NYOBA BIKIN KOPI PAKE METODE V60 YANG LAGI HYPE DI KALANGAN ANAK ANAK KAMPUS. BELI ALATNYA LUMAYAN MAHAL SIH TAPI HASILNYA EMANG BEDA DARI KOPI SACHET BIASA. KOPINYA LEBIH SMOOTH DAN GA TERLALU PAHIT. KAYAKNYA GW BAKAL KETAGIHAN NIH BIKIN KOPI SENDIRI TIAP PAGI SEBELUM KE KAMPUS
1613;754;11-50;2074885.0;text;;[];False;False;38b90d5daca14406;[];diem diem ternyata jadian
1614;754;51-100;2074933.0;text;;[];False;False;38b90d5daca14406;[];lu harus coba kedai kopi baru di jalan belakang kampus, enak banget
1615;754;11-50;2075316.0;text;;[];True;False;c0b32e0339d03430;[];kapan terakhir kali... ketemu?...
1616;754;1-10;2075318.0;text;;['🧐', '🙄', '😂'];False;False;c0b32e0339d03430;[];trus
1617;754;1-10;2075333.0;text;;['👏'];False;False;c0b32e0339d03430;[];gabut
1618;754;11-50;2075339.0;text;;[];False;False;c0b32e0339d03430;[];pacarnya baru siapa... sih
1619;754;11-50;2075342.0;text;;[];False;False;c0b32e0339d03430;[];eh denger gosip belum
1620;754;11-50;2075504.0;text;;[];False;False;38b90d5daca14406;[];gw ga percaya sih gosipnya
1621;754;11-50;2075513.0;text;;[];False;False;38b90d5daca14406;[];jangan bilang siapa siapa ya
1622;754;1-10;2075671.0;text;;[];False;False;c0b32e0339d03430;[];setuju
1623;754;11-50;2075675.0;text;;[];True;False;c0b32e0339d03430;[];kos lu dimana sih tepatnya?
1624;754;11-50;2075680.0;text;;[];False;False;c0b32e0339d03430;[];gw ga percaya sih gosipnya
1625;754;11-50;2075777.0;text;;[];False;False;38b90d5daca14406;[];reuni kapan ya kita
1626;754;101-500;2075781.0;text;;[];False;False;38b90d5daca14406;[];hari ini gw iseng nyoba bikin kopi pake metode V60 yang lagi hype di kalangan anak anak kampus. beli alatnya lumayan mahal sih tapi hasilnya emang beda dari kopi sachet biasa. kopinya lebih smooth dan ga terlalu pahit. kayaknya gw bakal ketagihan nih bikin kopi sendiri tiap pagi sebelum ke kampus
1627;754;11-50;2075786.0;text;;[];False;False;38b90d5daca14406;[];temen gw sakit masuk RS
1628;754;11-50;2075866.0;text;;[];True;False;c0b32e0339d03430;[];kapan terakhir kali ketemu?
1629;754;11-50;2075870.0;text;;[];True;False;c0b32e0339d03430;[];kos lu dimana... sih tepatnya?
1630;754;11-50;2075880.0;text;;[];False;False;c0b32e0339d03430;[];si itu udah putus katanya
1631;754;1-10;2075886.0;text;;['🤣'];False;False;c0b32e0339d03430;[];trus
1632;754;0;2075967.0;unknown;;[];False;False;38b90d5daca14406;[];[Media tidak dikenal]
1633;754;1-10;2076016.0;text;;[];False;False;38b90d5daca14406;[];dong
1634;754;11-50;2076017.0;text;;[];False;False;38b90d5daca14406;[];gw ga percaya sih gosipnya
1635;754;11-50;2076025.0;text;;[];False;False;38b90d5daca14406;[];pacarnya baru siapa sih
1636;754;11-50;2076046.0;text;;['👎'];False;False;38b90d5daca14406;[];temen gw sakit masuk RS
1637;754;11-50;2076105.0;text;;['🙌'];False;False;c0b32e0339d03430;[];temen gw sakit masuk... RS
1638;755;11-50;2081333.0;text;;['😊'];False;False;67566b419db65cbd;[];GW KANGEN MASAKAN RUMAH
1639;755;51-100;2081828.0;text;;['😅'];True;False;67566b419db65cbd;[];SIAPA SIH YANG SPREAD GOSIP ITU KE GRUP SEBELAH, TAU GA ORANGNYA?
1640;755;51-100;2081984.0;text;;[];False;False;c0b32e0339d03430;[];gw nonton film... dokumenter semalam tentang laut dan ikan, bagus banget
1641;755;51-100;2082104.0;text;;[];False;False;38b90d5daca14406;[];tadi pagi gw olahraga lari keliling kampus 5 putaran badan pegel semua
1642;755;11-50;2082114.0;text;;[];False;False;38b90d5daca14406;[];duit bulanan belum dikirim
1643;755;1-10;2082296.0;text;;['😄'];False;False;67566b419db65cbd;[];GOKS
1644;755;11-50;2082308.0;text;;[];False;False;67566b419db65cbd;[];GW LAGI MARATHON DRAKOR NIH
1645;756;101-500;2092636.0;text;;['😵'];False;False;36659264f4c6f93d;['38b90d5daca14406'];gw baru aja beres beresin kosan dan nemu barang barang lama dari jaman SMA. ada foto kelas, surat dari mantan, sama buku diary yang isinya cringe banget kalo dibaca sekarang. jadi nostalgia sendiri inget masa masa dulu yang lebih sederhana. kadang kangen juga sih jadi anak SMA lagi tanpa mikirin skripsi
1646;756;101-500;2092671.0;text;;[];False;False;36659264f4c6f93d;[];gw baru aja beres beresin kosan dan nemu barang barang lama dari jaman SMA. ada foto kelas, surat dari mantan, sama buku diary yang isinya cringe banget kalo dibaca sekarang. jadi nostalgia sendiri inget masa masa dulu yang lebih sederhana. kadang kangen juga sih jadi anak SMA lagi tanpa mikirin skripsi
1647;756;11-50;2092677.0;text;;['☺️'];False;False;36659264f4c6f93d;[];gw naik ojol aja deh
1648;756;11-50;2094351.0;text;;['😁'];False;True;38b90d5daca14406;[];asik besok libur guys!
1649;756;51-100;2094370.0;text;;['😅'];False;False;38b90d5daca14406;[];motor gw mogok di tengah jalan tadi pagi jadi gw telat masuk kelas
1650;756;11-50;2094466.0;text;;[];True;False;be8507a72720d4c9;[];wifi password nya apa sih?
1651;756;1-10;2095697.0;text;;[];True;False;38b90d5daca14406;[];jadi?
1652;756;11-50;2095716.0;text;;[];True;False;38b90d5daca14406;[];nilai keluar kapan ya?
1653;756;1-10;2095730.0;text;;[];False;False;be8507a72720d4c9;[];woi
1654;756;11-50;2095737.0;text;;[];False;False;be8507a72720d4c9;[];gw udah di parkiran nih
1655;756;11-50;2095741.0;text;;[];False;False;be8507a72720d4c9;[];rame bgt disini cuy
1656;756;11-50;2095746.0;text;;[];True;False;be8507a72720d4c9;[];makan apa ntar siang?
1657;756;1-10;2095754.0;text;;[];False;False;38b90d5daca14406;[];oii
1658;756;11-50;2095760.0;text;;[];False;False;38b90d5daca14406;[];kita ketemuan dimana aja deh
1659;756;11-50;2095764.0;text;;[];False;False;38b90d5daca14406;[];lu dimana sih lama banget
1660;756;11-50;2095824.0;text;;[];True;False;be8507a72720d4c9;[];wifi password nya apa sih?
1661;756;11-50;2095868.0;text;;[];False;False;38b90d5daca14406;[];jangan lupa bawa duit cash
1662;756;1-10;2095870.0;text;;[];False;False;38b90d5daca14406;[];woi
1663;756;11-50;2095879.0;text;;[];False;False;38b90d5daca14406;[];ketemuan di mall jam 3 ya
1664;756;51-100;2095888.0;text;;[];False;False;38b90d5daca14406;[];gw harus nabung lebih banyak sih buat bayar uang semester yang naik
1665;756;11-50;2095893.0;text;;[];False;False;38b90d5daca14406;[];gw lagi di warkop nih
1666;756;1-10;2096132.0;text;;[];False;False;be8507a72720d4c9;[];ahh
1667;756;101-500;2096381.0;text;;[];False;False;38b90d5daca14406;[];gw baru aja beres beresin kosan dan nemu barang barang lama dari jaman SMA. ada foto kelas, surat dari mantan, sama buku diary yang isinya cringe banget kalo dibaca sekarang. jadi nostalgia sendiri inget masa masa dulu yang lebih sederhana. kadang kangen juga sih jadi anak SMA lagi tanpa mikirin skripsi
1668;756;101-500;2096397.0;text;;[];False;False;38b90d5daca14406;[];gw baru aja beres beresin kosan dan nemu barang barang lama dari jaman SMA. ada foto kelas, surat dari mantan, sama buku diary yang isinya cringe banget kalo dibaca sekarang. jadi nostalgia sendiri inget masa masa dulu yang lebih sederhana. kadang kangen juga sih jadi anak SMA lagi tanpa mikirin skripsi
1669;756;51-100;2096415.0;text;;[];False;False;38b90d5daca14406;[];kemarin malem gw begadang nonton bola sampe subuh terus ketiduran
1670;756;51-100;2096433.0;text;;[];False;False;38b90d5daca14406;[];kemarin malem gw begadang nonton bola sampe subuh terus ketiduran
1671;756;101-500;2096445.0;text;;[];False;False;38b90d5daca14406;[];gw baru aja beres beresin kosan dan nemu barang barang lama dari jaman SMA. ada foto kelas, surat dari mantan, sama buku diary yang isinya cringe banget kalo dibaca sekarang. jadi nostalgia sendiri inget masa masa dulu yang lebih sederhana. kadang kangen juga sih jadi anak SMA lagi tanpa mikirin skripsi
1672;756;11-50;2096458.0;text;;[];False;False;38b90d5daca14406;[];rame banget disini cuy
1673;756;11-50;2096459.0;text;;[];False;False;38b90d5daca14406;[];gw ngga bisa ikut malem ini
1674;756;11-50;2096466.0;text;;[];False;False;38b90d5daca14406;[];ketemuan di mall jam 3 ya
1675;756;51-100;2098643.0;text;;[];False;False;36659264f4c6f93d;[];gw lagi nyoba masak rendang resep nyokap tapi kayaknya gagal total deh
1676;756;51-100;2098668.0;text;;['💪🏼'];False;False;36659264f4c6f93d;[];gw harus nabung lebih banyak sih buat bayar uang semester yang naik
1677;757;11-50;2102856.0;text;;[];False;False;38b90d5daca14406;[];nyokap nanya kapan lulus
1678;757;51-100;2102869.0;text;;['😜'];False;False;38b90d5daca14406;[];tadi pagi gw olahraga lari keliling kampus 5 putaran badan pegel semua
1679;757;11-50;2102873.0;text;;['😘'];False;False;38b90d5daca14406;[];gw lagi marathon drakor nih
1680;757;11-50;2104956.0;text;;[];False;False;be8507a72720d4c9;[];mama minta gw pulang weekend
1681;757;11-50;2104966.0;text;;[];False;False;be8507a72720d4c9;[];gw kangen masakan rumah
1682;757;11-50;2104970.0;text;;[];False;False;be8507a72720d4c9;[];playlist lo yg mana sih
1683;757;51-100;2106869.0;text;;['😉'];False;False;36659264f4c6f93d;[];tadi pagi gw olahraga lari keliling kampus 5 putaran badan pegel semua
1684;758;0;2110735.0;image/jpeg;;[];False;False;ef94490714487032;[];[Foto]
1685;758;1-10;2110741.0;text;;['🤣'];False;False;ef94490714487032;[];tuh!!!
1686;758;11-50;2110756.0;text;;[];True;False;ef94490714487032;[];boleh gw ikut ga!!
1687;758;51-100;2110960.0;text;;[];False;False;ef94490714487032;[];kemarin gw ke toko buku beli novel baru sama buku referensi buat skripsi!!
1688;758;11-50;2112674.0;text;;[];False;False;be8507a72720d4c9;[];warteg depan kampus enak
1689;758;101-500;2112761.0;text;;[];False;False;ef94490714487032;[];gw lagi galau banget nih soal masa depan. mau lanjut S2 tapi duit ga ada, mau langsung kerja tapi pengalaman masih minim. nyokap bilang terserah gw aja tapi gw tau dia pengen gw cepet kerja biar bisa bantu ekonomi keluarga. bingung banget sih, kayak semua pilihan ada plus minusnya!!!
1690;758;1-10;2113425.0;text;;[];False;False;be8507a72720d4c9;[];aman
1691;758;11-50;2113680.0;text;;[];False;False;38b90d5daca14406;[];tugas kelompok bikin pusing
1692;758;11-50;2113741.0;text;;[];False;False;ef94490714487032;[];gw laper banget nih!!!
1693;759;101-500;2152862.0;text;;[];True;False;e343fd7560989e6c;['38b90d5daca14406'];eh ada yangg punya rekomendasi laptop budget 5 jutaan yang bagus buat kuliahhh dannnn ngoding ga? laptopppp gw yangggg sekarang udahhh mulaii lemot dan sering ngehangggg kaloooo bukaa banyakk tab. pengennyaa sih yang ringan buatttt dibawaa ke kampussss tapi tetepppp kenceng performanya, adaaaa saran?
1694;759;11-50;2154845.0;text;;[];True;False;c0b32e0339d03430;[];siapa yang mau ikut?
1695;759;11-50;2154853.0;text;;['😂'];False;False;c0b32e0339d03430;[];presentasi gw amburadul
1696;759;51-100;2154880.0;text;;[];False;False;38b90d5daca14406;[];tadi gw ketemu dosen pembimbing dan dia minta revisi lagi untuk bab 3
1697;759;51-100;2154884.0;text;;[];False;False;38b90d5daca14406;[];gw denger katanya semester depan ada mata kuliah baru yang wajib diambil
1698;759;51-100;2154888.0;text;;[];True;False;38b90d5daca14406;[];eh lu udah dapet info jadwal ujian akhir semester belum dari prodi?
1699;759;51-100;2154899.0;text;;[];False;False;38b90d5daca14406;[];gw denger katanya semester depan ada mata kuliah baru yang wajib diambil
1700;759;51-100;2154933.0;text;;[];False;False;38b90d5daca14406;[];eh besok kita jadi ketemuan di kafe deket stasiun kan ya jam 2 siang
1701;759;101-500;2154934.0;text;;[];False;False;38b90d5daca14406;[];jadi ceritanya kemarin gw ke perpustakaan pusat buat nyari bahan referensi skripsi, ternyata bukunya udah dipinjem semua sama anak angkatan sebelah. akhirnya gw cuma bisa fotokopi dari temen yang kebetulan punya. lumayan lah daripada ga dapet sama sekali, tinggal di rangkum aja sisanya
1702;759;51-100;2154941.0;text;;[];False;False;38b90d5daca14406;[];eh besok kita jadi ketemuan di kafe deket stasiun kan ya jam 2 siang
1703;759;51-100;2154988.0;text;;['🙄'];False;False;38b90d5daca14406;[];gw denger katanya semester depan ada mata kuliah baru yang wajib diambil
1704;759;51-100;2155125.0;text;;['😂'];False;False;c0b32e0339d03430;[];eh besok kita... jadi ketemuan di kafe deket stasiun kan ya jam 2 siang
1705;759;11-50;2155178.0;text;;[];True;False;ef94490714487032;[];lu dimana sekarang!!!
1706;759;1-10;2155240.0;text;;[];False;False;c0b32e0339d03430;[];dah
1707;759;11-50;2155262.0;text;;[];False;False;ef94490714487032;[];presentasi gw amburadul!!!
1708;759;51-100;2155287.0;text;;[];False;False;ef94490714487032;[];gw baru aja selesai ngerjain tugas sampe jam 3 pagi, mau mati rasanya!!
1709;759;1-10;2155309.0;text;;['🤷', '😂'];False;False;c0b32e0339d03430;[];oke
1710;759;11-50;2155342.0;text;;[];True;False;ef94490714487032;[];jadi ketemuan ga hari ini!!
1711;759;51-100;2155746.0;text;;[];False;False;38b90d5daca14406;[];eh besok kita jadi ketemuan di kafe deket stasiun kan ya jam 2 siang
1712;759;101-500;2155747.0;text;;[];True;False;38b90d5daca14406;[];menurut kalian kenapa ya generasi kita tuh kayaknya lebih gampang stres dan burnout dibanding generasi orang tua kita dulu? apa karena tekanan sosmed atau emang tuntutan hidup yang makin tinggi ya? gw penasaran aja sih soalnya temen temen gw banyak yang ngeluh hal yang sama
1713;759;1-10;2155873.0;text;;[];False;False;c0b32e0339d03430;[];wkwk
1714;759;1-10;2155879.0;text;;[];False;False;c0b32e0339d03430;[];ok
1715;759;11-50;2155882.0;text;;[];False;False;c0b32e0339d03430;[];lab komputer penuh terus
1716;759;11-50;2155882.0;text;;[];False;False;c0b32e0339d03430;[];gw belom mulai tugas...
1717;759;11-50;2155938.0;text;;[];False;False;38b90d5daca14406;[];gw belom mulai tugas
1718;759;11-50;2155939.0;text;;[];False;False;38b90d5daca14406;[];tadi absen ga sih kamu
1719;759;51-100;2155941.0;text;;[];False;False;38b90d5daca14406;[];nyokap gw nelfon tadi nanyain kapan pulang, gw bilang aja abis ujian
1720;759;51-100;2155960.0;text;;[];True;False;38b90d5daca14406;[];eh lu udah dapet info jadwal ujian akhir semester belum dari prodi?
1721;759;51-100;2155972.0;text;;[];False;False;38b90d5daca14406;[];nyokap gw nelfon tadi nanyain kapan pulang, gw bilang aja abis ujian
1722;759;51-100;2156007.0;text;;[];False;False;c0b32e0339d03430;[];gw denger katanya... semester depan ada mata kuliah baru... yang wajib diambil
1723;759;1-10;2156017.0;text;;[];False;False;c0b32e0339d03430;[];iya
1724;759;11-50;2156017.0;text;;[];False;False;c0b32e0339d03430;[];IPK gw turun semester ini
1725;759;11-50;2156022.0;text;;[];False;False;c0b32e0339d03430;[];matkul ini susah banget
1726;759;1-10;2156170.0;text;;[];False;False;e343fd7560989e6c;[];dahhhh
1727;759;11-50;2156175.0;text;;[];False;False;e343fd7560989e6c;[];tadi absen ga sihhhh kamuu
1728;759;1-10;2156205.0;text;;[];False;False;38b90d5daca14406;[];oke
1729;760;0;2167351.0;video/mp4;;[];False;False;6fbc363d86533ce4;[];[Video]
1730;760;1-10;2171136.0;text;;[];False;False;be8507a72720d4c9;[];yep
1731;760;1-10;2171141.0;text;;[];False;False;be8507a72720d4c9;[];sip
1732;760;1-10;2171145.0;text;;[];False;False;be8507a72720d4c9;[];ayok
1733;760;1-10;2174499.0;text;;['😂'];False;False;6fbc363d86533ce4;[];broooo
1734;761;11-50;2178593.0;text;;[];True;True;a59198d55464ff40;[];siapa yang mau ikut?
1735;761;11-50;2179288.0;text;;[];False;False;be8507a72720d4c9;[];lab komputer penuh terus
1736;761;1-10;2179716.0;text;;['😂'];False;False;4b8885bb32623f15;[];oke
1737;761;1-10;2180109.0;text;;['🤣'];False;False;38b90d5daca14406;[];hehe
1738;761;11-50;2180112.0;text;;[];False;True;38b90d5daca14406;[];gila sih lu bisa gitu!
1739;761;51-100;2180798.0;text;;[];False;False;5e85041c84679a04;[];gw denger katanya semester depan ada mata kuliah baru yang wajib diambil
1740;761;1-10;2191911.0;text;;['🤣'];False;False;257adae07de14378;[];ok
1741;762;11-50;2762382.0;text;;[];False;False;be8507a72720d4c9;[];masak sendiri lebih hemat sih
1742;762;1-10;2762386.0;text;;[];False;False;be8507a72720d4c9;[];fix
1743;762;11-50;2762402.0;text;;[];False;False;be8507a72720d4c9;[];indomie telor udah cukup kok
1744;762;11-50;2762402.0;text;;[];False;False;be8507a72720d4c9;[];sarapan dulu baru mikir
1745;762;11-50;2762908.0;text;;[];True;False;38b90d5daca14406;[];udah sampe belom?
1746;762;1-10;2763469.0;text;;[];False;False;be8507a72720d4c9;[];yep
1747;762;51-100;2763519.0;text;;[];False;False;be8507a72720d4c9;[];tadi di kantin ketemu anak angkatan bawah yg kenal sm temen sma gw
1748;762;1-10;2763524.0;text;;[];False;False;be8507a72720d4c9;[];gass
1749;762;51-100;2763596.0;text;;[];False;False;be8507a72720d4c9;[];gw lg bingung milih topik skripsi antara dua tema yg sm menariknya
1750;762;11-50;2763608.0;text;;[];False;False;be8507a72720d4c9;[];sarapan dulu baru mikir
1751;762;11-50;2763610.0;text;;[];False;False;be8507a72720d4c9;[];gw mau nyoba restoran baru
1752;762;51-100;2764008.0;text;;[];True;False;be8507a72720d4c9;[];ad yg tau knp kantin kampus tutup lebih awal hari ni ga sih?
1753;762;11-50;2764008.0;text;;[];False;False;be8507a72720d4c9;[];masak sendiri lebih hemat sih
1754;763;51-100;2780568.0;text;;[];False;False;38b90d5daca14406;[];tadi pagi gw olahraga lari keliling kampus 5 putaran badan pegel semua
1755;763;1-10;2780572.0;text;;['😪'];False;False;38b90d5daca14406;[];gini
1756;763;11-50;2780584.0;text;;[];False;False;38b90d5daca14406;[];gw baru aja ketemu mantan
1757;763;1-10;2780899.0;text;;[];False;False;be8507a72720d4c9;[];woles
1758;764;11-50;2792520.0;text;;[];True;False;be8507a72720d4c9;['c0b32e0339d03430'];ad yg pny catetan?
1759;764;11-50;2792529.0;text;;[];True;False;be8507a72720d4c9;['38b90d5daca14406'];ntar malem ngapain?
1760;764;1-10;2792578.0;text;;[];False;False;c0b32e0339d03430;[];tuh
1761;764;11-50;2792588.0;text;;[];False;False;c0b32e0339d03430;[];gw baru aja dari kampus...
1762;764;0;2792598.0;image/jpeg;;[];False;False;c0b32e0339d03430;[];[Foto]
1763;764;11-50;2792615.0;text;;[];False;False;c0b32e0339d03430;[];proposal skripsi gw ditolak
1764;764;11-50;2792642.0;text;;[];False;False;c0b32e0339d03430;[];gw mau ambil cuti semester
1765;764;51-100;2792643.0;text;;[];False;False;c0b32e0339d03430;[];jangan lupa besok kumpul di... lobby kampus jam 8 pagi buat berangkat... bareng
1766;764;1-10;2792653.0;text;;['😂'];False;False;c0b32e0339d03430;[];bole
1767;764;11-50;2792736.0;text;;[];False;False;be8507a72720d4c9;[];warteg depan kampus enak
1768;764;11-50;2793011.0;text;;[];True;False;ef94490714487032;[];gimana kabar lu sekarang!!!
1769;764;11-50;2793033.0;text;;[];True;False;a8e8efba3364415f;[];gimana kabar lu sekarang?
1770;764;11-50;2793219.0;text;1762.0;[];True;False;9400ab30a14c46c8;[];ad yg pny catetan?
1771;764;11-50;2793235.0;text;;[];False;False;9400ab30a14c46c8;[];warteg depan kampus... enak
1772;764;11-50;2793980.0;text;;[];False;False;38b90d5daca14406;[];lu udah makan belum
1773;764;11-50;2793986.0;text;;[];False;False;38b90d5daca14406;[];gw mau ambil cuti semester
1774;764;11-50;2793996.0;text;;[];False;False;38b90d5daca14406;[];seminar tadi lama banget
1775;764;1-10;2794289.0;text;;[];False;False;be8507a72720d4c9;[];bole
1776;764;11-50;2794298.0;text;;[];False;False;be8507a72720d4c9;[];seminar tadi lama bgt
1777;764;11-50;2794301.0;text;;[];False;False;be8507a72720d4c9;[];gw baru aja dr kampus
1778;764;11-50;2794309.0;text;;[];False;False;be8507a72720d4c9;[];proposal skripsi gw ditolak
1779;764;1-10;2794321.0;text;;[];False;False;c0b32e0339d03430;[];gpp
1780;764;11-50;2794332.0;text;;[];False;False;c0b32e0339d03430;[];sidang minggu depan doain ya
1781;764;11-50;2794333.0;text;;[];False;False;c0b32e0339d03430;[];dosen pembimbing susah ditemui...
1782;764;11-50;2794363.0;text;;['😂'];False;False;c0b32e0339d03430;[];dosen pembimbing susah ditemui...
1783;764;11-50;2796810.0;text;;[];False;False;ef94490714487032;[];seminar tadi lama banget!!
1784;764;11-50;2800941.0;text;1762.0;[];False;False;6fbc363d86533ce4;[];gw mau ambil cuti semester
1785;765;101-500;2833301.0;text;;[];False;False;ae2df9b28028def8;[];HARI INI GW ISENG NYOBA BIKIN KOPI PAKE METODE V60 YANG LAGI HYPE DI KALANGAN ANAK ANAK KAMPUS. BELI ALATNYA LUMAYAN MAHAL SIH TAPI HASILNYA EMANG BEDA DARI KOPI SACHET BIASA. KOPINYA LEBIH SMOOTH DAN GA TERLALU PAHIT. KAYAKNYA GW BAKAL KETAGIHAN NIH BIKIN KOPI SENDIRI TIAP PAGI SEBELUM KE KAMPUS
1786;765;11-50;2837307.0;text;;[];False;False;a59198d55464ff40;[];Si itu udah putus katanya.
1787;765;1-10;2837324.0;text;;[];False;False;ae2df9b28028def8;[];TRUS
1788;765;101-500;2837598.0;text;;[];True;False;a59198d55464ff40;[];eh ada yang punya rekomendasi laptop budget 5 jutaan yang bagus buat kuliah dan ngoding ga? laptop gw yang sekarang udah mulai lemot dan sering ngehang kalo buka banyak tab. pengennya sih yang ringan buat dibawa ke kampus tapi tetep kenceng performanya, ada saran?
1789;765;11-50;2837611.0;text;;[];False;False;a59198d55464ff40;[];Si itu udah putus katanya.
1790;765;1-10;2837612.0;text;;[];False;False;a59198d55464ff40;[];Gabut.
1791;765;1-10;2837657.0;text;;[];False;False;ae2df9b28028def8;[];HIHI
1792;765;11-50;2837905.0;text;;['😂'];False;False;c0b32e0339d03430;[];pacarnya baru siapa sih
1793;765;11-50;2837924.0;text;;[];False;False;a59198d55464ff40;[];Temenin gw dong besok.
1794;765;1-10;2837953.0;text;;['😄'];False;False;c0b32e0339d03430;[];cape
1795;765;11-50;2838073.0;text;;[];False;False;a59198d55464ff40;[];Temenin gw dong besok.
1796;766;101-500;2846024.0;text;;[];False;False;603c5549febf3726;[];Gw baru selesai nonton dokumenter tentang kehidupan nelayan di pesisir utara Jawa. sedih banget liat perjuangan mereka yang harus melaut berhari hari cuma buat dapet ikan yang harganya ga seberapa di pasar. bikin gw makin bersyukur sih sama kehidupan gw sekarang walau kadang ngeluh juga.
1797;766;51-100;2846176.0;text;;[];False;False;e343fd7560989e6c;[];gw seneng bangett akhirnya bisa ketemu temen temen lama setelah lama ga
1798;766;51-100;2846189.0;text;;[];False;False;e343fd7560989e6c;[];laptop gw mulai lemotttt nih kayaknya harus install ulang atau gantii ramm
1799;766;11-50;2846291.0;text;;[];False;False;e343fd7560989e6c;[];cuaca hariiii ini panass banget
1800;766;11-50;2846556.0;text;;[];False;True;741bf06081579d3d;[];gw bangga sama lu,,, bro!
1801;766;11-50;2846570.0;text;;[];False;False;741bf06081579d3d;[];cuaca hari ini panas banget
1802;766;11-50;2846694.0;text;;[];False;False;e343fd7560989e6c;[];gw lg sibukkk bgt mingguuuu iniii
1803;766;101-500;2846727.0;text;;[];False;False;e343fd7560989e6c;[];rencana liburannn semester inii gw mau road tripppp sama temennnn temen ke jogja. kitaaa udah patungannn buat sewa mobil dan booking penginapan murah di daerah malioboro. itineraryy nyaaa udahhh gw bikin detail darii hari pertama sampe hari ketiga. tinggal eksekusi ajaaa nihh semoga cuaca mendukung dannnn ga ada halangan
1804;766;11-50;2846762.0;text;;[];False;False;741bf06081579d3d;[];gw lagi di atm,,, sebentar
1805;766;51-100;2846786.0;text;;[];False;False;741bf06081579d3d;[];tadi gw antri di administrasi kampus 2 jam,,, cuma buat ngurus surat
1806;766;1-10;2846808.0;text;;[];False;False;e343fd7560989e6c;[];oh
1807;766;51-100;2846829.0;text;;[];False;False;e343fd7560989e6c;[];laptoppp gw mulaii lemot nihhhh kayaknyaa harusss install ulang atau gantiii ramm
1808;766;11-50;2847217.0;text;;[];True;False;741bf06081579d3d;[];lu punya kontak,,, dia ga?
1809;766;11-50;2847921.0;text;;[];False;False;e343fd7560989e6c;[];dompettt gw ketinggalannnn di rumah
1810;766;51-100;2848238.0;text;;[];True;False;741bf06081579d3d;[];lu tau ga tempat,,, print yang murah deket kampus buat tugas akhir?,,,
1811;766;1-10;2848632.0;text;;[];False;False;e343fd7560989e6c;[];okk
1812;766;11-50;2848632.0;text;;[];False;False;e343fd7560989e6c;[];hp gw lowbattt nih
1813;766;1-10;2848637.0;text;;[];False;False;e343fd7560989e6c;[];eh
1814;766;11-50;2849101.0;text;;[];True;False;741bf06081579d3d;[];lu punya kontak dia ga?
1815;766;1-10;2849116.0;text;;[];False;False;e343fd7560989e6c;[];okey
1816;766;1-10;2849168.0;text;;[];False;True;741bf06081579d3d;[];hebat!
1817;766;1-10;2849327.0;text;;[];False;False;e343fd7560989e6c;[];okeyyy
1818;767;0;2940489.0;image/jpeg;;[];False;False;6fbc363d86533ce4;[];[Foto]
1819;767;51-100;2940558.0;text;;[];False;False;ef94490714487032;[];gw baru dapet info beasiswa buat semester depan mau coba daftar deh!!!
1820;767;1-10;2940728.0;text;;['😂'];False;False;be8507a72720d4c9;[];njir
1821;767;1-10;2940740.0;text;;[];False;False;ae2df9b28028def8;[];BETE
1822;768;11-50;2969566.0;text;;[];False;False;257adae07de14378;[];dosen pembimbing susah ditemui
1823;768;11-50;2969587.0;text;;[];False;False;257adae07de14378;[];gw baru aja dr kampus
1824;768;1-10;2971165.0;text;;[];True;False;3a5733296e2729c1;[];bener?
1825;768;1-10;2974497.0;text;;[];False;False;257adae07de14378;[];tuh
1826;769;51-100;3008803.0;text;;[];False;False;257adae07de14378;[];gw nonton film dokumenter semalam tentang laut dan ikan, bagus... bgt
1827;769;11-50;3008818.0;text;;[];False;False;257adae07de14378;['ae2df9b28028def8'];bokap gw lg di luar... kota...
1828;769;11-50;3012931.0;text;;['😭'];False;False;ae2df9b28028def8;[];GW BARU AJA KETEMU MANTAN
1829;770;1-10;3019821.0;text;;[];False;True;38b90d5daca14406;[];duh!
1830;770;51-100;3019822.0;text;;[];False;False;38b90d5daca14406;[];adek gw mau masuk kuliah tahun depan gw harus bantu cariin info jurusan
1831;770;11-50;3021958.0;text;;[];False;False;ae2df9b28028def8;[];NYOKAP NANYA KAPAN LULUS
1832;771;11-50;3225393.0;text;;[];True;False;be8507a72720d4c9;[];siapa yg mau ikut?
1833;771;11-50;3229924.0;text;;[];False;False;36659264f4c6f93d;[];IPK gw turun semester ini
1834;771;11-50;3231923.0;text;;[];False;False;741bf06081579d3d;[];gw skip kelas hari,,, ini
1835;771;11-50;3232051.0;text;;[];True;False;ef94490714487032;[];siapa yang mau ikut!!!
1836;771;1-10;3232184.0;text;;[];False;False;c0b32e0339d03430;[];ok
1837;771;1-10;3232191.0;text;;[];False;False;c0b32e0339d03430;[];yoi
1838;771;1-10;3232388.0;text;;[];False;False;be8507a72720d4c9;[];wkwk
1839;771;11-50;3232415.0;text;;[];False;False;ef94490714487032;[];presentasi gw amburadul!!
1840;771;1-10;3232477.0;text;;[];False;False;c0b32e0339d03430;[];yoi
1841;771;1-10;3232481.0;text;;[];False;False;c0b32e0339d03430;[];wkwk
1842;771;1-10;3232484.0;text;;['😂'];False;False;c0b32e0339d03430;[];yuk
1843;771;51-100;3233303.0;text;;[];False;False;ef94490714487032;[];eh besok kita jadi ketemuan di kafe deket stasiun kan ya jam 2 siang!!!
1844;771;1-10;3233566.0;text;;['😅', '😂'];False;False;c0b32e0339d03430;[];haha
1845;772;51-100;3270893.0;text;;['😂'];False;False;4b8885bb32623f15;[];gw harus ganti strategi belajar sih soalnya nilai uts kemarin jelek bgt
1846;772;11-50;3270944.0;text;;[];False;False;4b8885bb32623f15;[];gw abis lari pagi tadi
1847;772;51-100;3271251.0;text;;[];False;False;be8507a72720d4c9;[];gw hrs ganti strategi belajar sih soalnya nilai uts kemarin jelek bgt
1848;772;11-50;3271263.0;text;;[];False;False;be8507a72720d4c9;[];gw lg baca novel baru nih
1849;772;1-10;3271275.0;text;;[];False;False;c0b32e0339d03430;[];kuy
1850;772;11-50;3271277.0;text;;[];True;False;c0b32e0339d03430;[];tadi ngomong apa... sih dosennya?
1851;772;1-10;3271283.0;text;;[];False;False;be8507a72720d4c9;[];jir
1852;772;11-50;3271289.0;text;;[];False;False;be8507a72720d4c9;[];futsal besok jadi ga
1853;772;11-50;3271291.0;text;;[];False;False;be8507a72720d4c9;[];game baru udah download blm
1854;772;11-50;3271295.0;text;;[];True;False;ae2df9b28028def8;[];ADA SINYAL GA DISITU?
1855;772;1-10;3271303.0;text;;[];False;False;be8507a72720d4c9;[];zonk
1856;772;11-50;3271305.0;text;;[];False;False;be8507a72720d4c9;[];podcast yg lu rekomen mana
1857;772;1-10;3271315.0;text;;['🙁'];False;False;ae2df9b28028def8;[];BETE
1858;772;11-50;3271315.0;text;;[];False;False;be8507a72720d4c9;[];podcast yg lu rekomen mana
1859;772;51-100;3271321.0;text;;[];False;False;4b8885bb32623f15;[];gw harus ganti strategi belajar sih soalnya nilai uts kemarin jelek bgt
1860;772;11-50;3271322.0;text;;[];False;False;be8507a72720d4c9;[];gym hari ni skip deh
1861;772;11-50;3271329.0;text;;[];False;False;be8507a72720d4c9;[];pertandingan bola tadi malam gila
1862;772;51-100;3271353.0;text;;[];False;False;be8507a72720d4c9;[];dosen killer tu ternyata baik bgt orangnya kalo diajak ngobrol santai
1863;772;11-50;3271358.0;text;;[];False;False;be8507a72720d4c9;[];gw abis lari pagi tadi
1864;772;11-50;3271363.0;text;;[];False;False;be8507a72720d4c9;[];pertandingan bola tadi malam gila
1865;772;51-100;3271386.0;text;;[];False;False;4b8885bb32623f15;[];gw harus ganti strategi belajar sih soalnya nilai uts kemarin jelek bgt
1866;772;51-100;3271434.0;text;;[];False;False;ae2df9b28028def8;[];GW GAGAL DIET LAGI SOALNYA TADI SORE DIAJAK MAKAN BAKSO SAMA TEMEN
1867;772;1-10;3271464.0;text;;['🙈', '😂'];False;False;4b8885bb32623f15;[];btw
1868;772;11-50;3271492.0;text;;[];False;False;4b8885bb32623f15;[];game baru udah download belum
1869;772;101-500;3271550.0;text;;['😵'];False;False;ae2df9b28028def8;[];TADI SIANG GW MAKAN DI WARUNG MAKAN BARU DEKET GERBANG BELAKANG KAMPUS. NASI GORENGNYA LUMAYAN ENAK DAN HARGANYA MURAH BANGET CUMA 12 RIBU UDAH SAMA ES TEH. KAYAKNYA BAKAL JADI LANGGANAN BARU DEH SOALNYA WARTEG BIASA GW UDAH MULAI NAIK HARGA DAN PORSINYA MAKIN DIKIT AJA
1870;772;11-50;3271574.0;text;;[];False;False;a8e8efba3364415f;[];manga terbaru udah keluar loh
1871;772;11-50;3271579.0;text;;[];False;False;a8e8efba3364415f;[];badminton yuk sore ini
1872;772;51-100;3271618.0;text;;[];False;False;4b8885bb32623f15;[];gw baru dapet info beasiswa buat semester depan mau coba daftar deh
1873;772;11-50;3271640.0;text;;[];False;False;4b8885bb32623f15;[];gw lagi baca novel baru nih
1874;772;11-50;3271649.0;text;;[];False;False;a8e8efba3364415f;[];badminton yuk sore ini
1875;772;11-50;3271667.0;text;;[];False;False;a8e8efba3364415f;[];konser itu,,, mahal banget tiketnya
1876;772;51-100;3271668.0;text;;[];False;False;a8e8efba3364415f;[];gw baru dapet,,, info beasiswa buat,,, semester depan mau coba daftar deh
1877;772;11-50;3271671.0;text;;[];False;False;a8e8efba3364415f;[];series itu endingnya zonk bgt
1878;772;51-100;3271690.0;text;;[];False;False;a8e8efba3364415f;[];dosen killer,,, itu ternyata baik banget orangnya kalo diajak ngobrol,,, santai
1879;772;51-100;3271691.0;text;;[];False;False;4b8885bb32623f15;[];gw gagal diet lagi soalnya tadi sore diajak makan bakso sama temen
1880;772;11-50;3271697.0;text;;[];False;False;a8e8efba3364415f;[];game baru udah download belum
1881;772;11-50;3271708.0;text;;[];False;False;a8e8efba3364415f;[];series itu endingnya zonk,,, bgt
1882;772;11-50;3271712.0;text;;[];False;False;a8e8efba3364415f;[];gym hari ini skip deh
1883;772;101-500;3271816.0;text;;[];False;False;4b8885bb32623f15;[];tadi siang gw makan di warung makan baru deket gerbang belakang kampus. nasi gorengnya lumayan enak dan harganya murah banget cuma 12 ribu udah sama es teh. kayaknya bakal jadi langganan baru deh soalnya warteg biasa gw udah mulai naik harga dan porsinya makin dikit aja
1884;772;101-500;3271947.0;text;;[];False;False;a71ff116bf72ec95;[];tadi siang gw makan di warung makan baru deket gerbang belakang kampus. nasi gorengnya lumayan enak dan harganya murah banget cuma 12 ribu udah sama es teh. kayaknya bakal jadi langganan baru deh soalnya warteg biasa gw udah mulai naik harga dan porsinya makin dikit aja
1885;772;11-50;3271961.0;text;;[];True;False;a71ff116bf72ec95;[];tadi ngomong apa sih dosennya?
1886;772;101-500;3272018.0;text;;[];False;True;4b8885bb32623f15;[];gila sih guys tadi pas gw lagi di jalan tiba tiba motor gw diserempet sama mobil yang belok tanpa sein! untung gw ga jatoh tapi spion gw patah dan baret di bodi motor. orangnya langsung kabur lagi ga tanggung jawab! sumpah kesel banget gw sampe sekarang masih gemetaran!
1887;772;101-500;3272119.0;text;;[];False;False;4b8885bb32623f15;[];tadi siang gw makan di warung makan baru deket gerbang belakang kampus. nasi gorengnya lumayan enak dan harganya murah banget cuma 12 ribu udah sama es teh. kayaknya bakal jadi langganan baru deh soalnya warteg biasa gw udah mulai naik harga dan porsinya makin dikit aja
1888;772;11-50;3272173.0;text;;[];False;False;ae2df9b28028def8;[];FUTSAL BESOK JADI GA
1889;772;101-500;3272180.0;text;;[];False;False;4b8885bb32623f15;[];tadi siang gw makan di warung makan baru deket gerbang belakang kampus. nasi gorengnya lumayan enak dan harganya murah banget cuma 12 ribu udah sama es teh. kayaknya bakal jadi langganan baru deh soalnya warteg biasa gw udah mulai naik harga dan porsinya makin dikit aja
1890;772;101-500;3272202.0;text;;[];False;False;ae2df9b28028def8;[];TADI SIANG GW MAKAN DI WARUNG MAKAN BARU DEKET GERBANG BELAKANG KAMPUS. NASI GORENGNYA LUMAYAN ENAK DAN HARGANYA MURAH BANGET CUMA 12 RIBU UDAH SAMA ES TEH. KAYAKNYA BAKAL JADI LANGGANAN BARU DEH SOALNYA WARTEG BIASA GW UDAH MULAI NAIK HARGA DAN PORSINYA MAKIN DIKIT AJA
1891;772;11-50;3272222.0;text;;[];False;False;a71ff116bf72ec95;[];album baru dia enak banget
1892;772;101-500;3272227.0;text;;[];False;False;ae2df9b28028def8;[];TADI SIANG GW MAKAN DI WARUNG MAKAN BARU DEKET GERBANG BELAKANG KAMPUS. NASI GORENGNYA LUMAYAN ENAK DAN HARGANYA MURAH BANGET CUMA 12 RIBU UDAH SAMA ES TEH. KAYAKNYA BAKAL JADI LANGGANAN BARU DEH SOALNYA WARTEG BIASA GW UDAH MULAI NAIK HARGA DAN PORSINYA MAKIN DIKIT AJA
1893;772;1-10;3272238.0;text;;[];False;False;a71ff116bf72ec95;[];zonk
1894;772;11-50;3272243.0;text;;[];False;False;4b8885bb32623f15;[];album baru dia enak banget
1895;772;11-50;3272258.0;text;;[];False;False;ae2df9b28028def8;[];GW ABIS LARI PAGI TADI
1896;772;11-50;3272281.0;text;;[];False;False;4b8885bb32623f15;[];gw lagi baca novel baru nih
1897;772;101-500;3272284.0;text;;[];False;False;ae2df9b28028def8;[];TADI SIANG GW MAKAN DI WARUNG MAKAN BARU DEKET GERBANG BELAKANG KAMPUS. NASI GORENGNYA LUMAYAN ENAK DAN HARGANYA MURAH BANGET CUMA 12 RIBU UDAH SAMA ES TEH. KAYAKNYA BAKAL JADI LANGGANAN BARU DEH SOALNYA WARTEG BIASA GW UDAH MULAI NAIK HARGA DAN PORSINYA MAKIN DIKIT AJA
1898;772;11-50;3272289.0;text;;[];False;False;ae2df9b28028def8;[];FUTSAL BESOK JADI GA
1899;772;101-500;3272332.0;text;;[];False;False;ae2df9b28028def8;[];TADI SIANG GW MAKAN DI WARUNG MAKAN BARU DEKET GERBANG BELAKANG KAMPUS. NASI GORENGNYA LUMAYAN ENAK DAN HARGANYA MURAH BANGET CUMA 12 RIBU UDAH SAMA ES TEH. KAYAKNYA BAKAL JADI LANGGANAN BARU DEH SOALNYA WARTEG BIASA GW UDAH MULAI NAIK HARGA DAN PORSINYA MAKIN DIKIT AJA
1900;772;1-10;3272349.0;text;;['👏'];False;False;4b8885bb32623f15;[];fyi
1901;772;51-100;3272376.0;text;;[];False;False;4b8885bb32623f15;[];dosen killer itu ternyata baik banget orangnya kalo diajak ngobrol santai
1902;772;101-500;3272583.0;text;;[];False;False;36659264f4c6f93d;[];tadi siang gw makan di warung makan baru deket gerbang belakang kampus. nasi gorengnya lumayan enak dan harganya murah banget cuma 12 ribu udah sama es teh. kayaknya bakal jadi langganan baru deh soalnya warteg biasa gw udah mulai naik harga dan porsinya makin dikit aja
1903;772;11-50;3272791.0;text;;[];False;False;be8507a72720d4c9;[];series tu endingnya zonk bgt
1904;772;11-50;3272802.0;text;1902.0;['😂'];False;False;4b8885bb32623f15;[];pertandingan bola tadi malam gila
1905;772;11-50;3272818.0;text;1904.0;[];False;False;ae2df9b28028def8;[];KONSER ITU MAHAL BANGET TIKETNYA
1906;772;51-100;3272854.0;text;;[];False;False;4b8885bb32623f15;[];gw harus ganti strategi belajar sih soalnya nilai uts kemarin jelek bgt
1907;772;1-10;3272858.0;text;;['🙈'];False;False;4b8885bb32623f15;[];sans
1908;772;51-100;3272936.0;text;;[];False;False;be8507a72720d4c9;[];semalam hujan gede bgt sampe kosan gw mati lampu semaleman gila
1909;772;51-100;3272955.0;text;;[];False;False;be8507a72720d4c9;[];gw baru dapet info beasiswa buat semester depan mau coba daftar deh
1910;772;11-50;3272973.0;text;;[];False;False;ae2df9b28028def8;[];GYM HARI INI SKIP DEH
1911;772;101-500;3272981.0;text;;[];False;False;4b8885bb32623f15;[];tadi siang gw makan di warung makan baru deket gerbang belakang kampus. nasi gorengnya lumayan enak dan harganya murah banget cuma 12 ribu udah sama es teh. kayaknya bakal jadi langganan baru deh soalnya warteg biasa gw udah mulai naik harga dan porsinya makin dikit aja
1912;772;11-50;3273006.0;text;;[];False;False;4b8885bb32623f15;[];gym hari ini skip deh
1913;772;101-500;3273021.0;text;1910.0;[];False;False;be8507a72720d4c9;[];tadi siang gw makan di warung makan baru deket gerbang belakang kampus. nasi gorengnya lumayan enak dan harganya murah bgt cuma 12 ribu udah sm es teh. kayaknya bakal jadi langganan baru deh soalnya warteg biasa gw udah mulai naik harga dan porsinya makin dikit aja
1914;772;51-100;3273027.0;text;;[];False;False;be8507a72720d4c9;[];dosen killer tu ternyata baik bgt orangnya kalo diajak ngobrol santai
1915;772;11-50;3273032.0;text;;[];False;False;be8507a72720d4c9;[];game baru udah download blm
1916;772;11-50;3273059.0;text;;[];True;False;ae2df9b28028def8;[];MASIH BANGUN GA LU JAM SEGINI?
1917;772;11-50;3273084.0;text;;[];True;False;a8e8efba3364415f;[];tadi ngomong apa sih dosennya?
1918;772;1-10;3273108.0;text;;['😂'];False;False;4b8885bb32623f15;[];ih
1919;772;11-50;3273124.0;text;;[];False;False;4b8885bb32623f15;[];series itu endingnya zonk bgt
1920;772;11-50;3273180.0;text;;[];False;False;ae2df9b28028def8;[];BADMINTON YUK SORE INI
1921;772;11-50;3273202.0;text;;[];False;False;4b8885bb32623f15;[];badminton yuk sore ini
1922;772;11-50;3273233.0;text;;[];False;False;c0b32e0339d03430;[];gym hari ini skip deh
1923;772;1-10;3273244.0;text;;['😂', '😅'];False;False;c0b32e0339d03430;[];hoki
1924;772;1-10;3273253.0;text;;['😇'];False;False;c0b32e0339d03430;[];sans
1925;772;11-50;3273256.0;text;;[];False;False;c0b32e0339d03430;[];podcast yg lu... rekomen... mana
1926;772;1-10;3273257.0;text;;[];False;False;c0b32e0339d03430;[];sans
1927;772;11-50;3273258.0;text;;[];False;False;ae2df9b28028def8;[];GW LAGI BACA NOVEL BARU NIH
1928;772;11-50;3273274.0;text;;[];False;False;ae2df9b28028def8;[];MANGA TERBARU UDAH KELUAR LOH
1929;772;1-10;3273278.0;text;;[];False;False;c0b32e0339d03430;[];zonk
1930;772;1-10;3273289.0;text;;[];False;False;c0b32e0339d03430;[];jir
1931;772;11-50;3273364.0;text;;[];True;False;c0b32e0339d03430;[];booking duluan apa langsung... aja?
1932;772;11-50;3273365.0;text;;[];True;False;c0b32e0339d03430;[];tadi ngomong apa sih... dosennya?
1933;772;11-50;3273372.0;text;;[];False;False;ae2df9b28028def8;[];FUTSAL BESOK JADI GA
1934;772;51-100;3273391.0;text;;[];False;False;ae2df9b28028def8;[];SEMALAM HUJAN GEDE BANGET SAMPE KOSAN GW MATI LAMPU SEMALEMAN GILA
1935;772;1-10;3273395.0;text;;[];False;False;c0b32e0339d03430;[];jir
1936;772;11-50;3273399.0;text;;[];False;False;c0b32e0339d03430;[];pertandingan bola tadi malam gila
1937;772;1-10;3273402.0;text;;[];False;False;ae2df9b28028def8;[];BETE
1938;772;11-50;3273403.0;text;;[];False;False;ae2df9b28028def8;[];GYM HARI INI SKIP DEH
1939;772;11-50;3273417.0;text;;[];False;False;ae2df9b28028def8;[];PERTANDINGAN BOLA TADI MALAM GILA
1940;772;1-10;3273421.0;text;;[];False;False;ae2df9b28028def8;[];DIH
1941;772;11-50;3273424.0;text;;[];False;False;c0b32e0339d03430;[];album baru dia enak banget
1942;772;11-50;3273437.0;text;;[];False;False;c0b32e0339d03430;[];manga terbaru udah keluar loh
1943;772;1-10;3273438.0;text;;[];False;False;c0b32e0339d03430;[];dih
1944;772;11-50;3273449.0;text;;[];False;False;ae2df9b28028def8;[];FUTSAL BESOK JADI GA
1945;772;11-50;3273452.0;text;;[];False;False;38b90d5daca14406;[];series itu endingnya zonk bgt
1946;772;51-100;3273504.0;text;;[];False;False;c0b32e0339d03430;[];gw gagal diet lagi soalnya tadi sore diajak makan... bakso... sama temen
1947;772;101-500;3273574.0;text;;[];False;False;38b90d5daca14406;[];tadi siang gw makan di warung makan baru deket gerbang belakang kampus. nasi gorengnya lumayan enak dan harganya murah banget cuma 12 ribu udah sama es teh. kayaknya bakal jadi langganan baru deh soalnya warteg biasa gw udah mulai naik harga dan porsinya makin dikit aja
1948;772;11-50;3273578.0;text;;[];False;False;38b90d5daca14406;[];gw abis lari pagi tadi
1949;772;11-50;3273600.0;text;;[];False;False;ae2df9b28028def8;[];ALBUM BARU DIA ENAK BANGET
1950;772;51-100;3273611.0;text;;[];False;False;ae2df9b28028def8;[];GW GAGAL DIET LAGI SOALNYA TADI SORE DIAJAK MAKAN BAKSO SAMA TEMEN
1951;772;1-10;3273695.0;text;;[];False;False;be8507a72720d4c9;[];fyi
1952;772;1-10;3273695.0;text;;[];False;False;be8507a72720d4c9;[];fyi
1953;772;11-50;3273705.0;text;;[];False;False;be8507a72720d4c9;[];pertandingan bola tadi malam gila
1954;772;11-50;3273708.0;text;;[];False;False;be8507a72720d4c9;[];album baru dia enak bgt
1955;772;11-50;3273715.0;text;;[];False;False;be8507a72720d4c9;[];manga terbaru udah keluar loh
1956;772;1-10;3273719.0;text;;[];False;False;be8507a72720d4c9;[];btw
1957;772;101-500;3273765.0;text;;[];False;False;603c5549febf3726;[];Tadi siang gw makan di warung makan baru deket gerbang belakang kampus. nasi gorengnya lumayan enak dan harganya murah banget cuma 12 ribu udah sama es teh. kayaknya bakal jadi langganan baru deh soalnya warteg biasa gw udah mulai naik harga dan porsinya makin dikit aja.
1958;772;11-50;3273804.0;text;;[];False;False;603c5549febf3726;[];Album baru dia enak banget.
1959;772;1-10;3273841.0;text;;[];False;False;be8507a72720d4c9;[];fyi
1960;772;1-10;3273849.0;text;;[];False;False;ae2df9b28028def8;[];KUY
1961;772;1-10;3273850.0;text;;[];False;False;ae2df9b28028def8;[];ZONK
1962;772;51-100;3273855.0;text;;[];False;False;ae2df9b28028def8;[];GW HARUS GANTI STRATEGI BELAJAR SIH SOALNYA NILAI UTS KEMARIN JELEK BGT
1963;772;51-100;3273876.0;text;;[];False;False;603c5549febf3726;[];Semalam hujan gede banget sampe kosan gw mati lampu semaleman gila.
1964;772;51-100;3273944.0;text;;[];False;False;603c5549febf3726;[];Gw harus ganti strategi belajar sih soalnya nilai UTS kemarin jelek bgt.
1965;772;1-10;3273967.0;text;;[];False;False;c0b32e0339d03430;[];zonk
1966;772;11-50;3273973.0;text;;[];False;False;c0b32e0339d03430;[];manga terbaru udah keluar loh
1967;772;1-10;3273975.0;text;;[];False;False;c0b32e0339d03430;[];dih
1968;772;11-50;3273982.0;text;;[];False;False;c0b32e0339d03430;[];pertandingan bola tadi malam gila
1969;772;11-50;3273982.0;text;;[];False;False;c0b32e0339d03430;[];konser itu mahal banget tiketnya
1970;772;1-10;3273984.0;text;;[];False;False;c0b32e0339d03430;[];zonk
1971;772;51-100;3274034.0;text;;[];False;False;603c5549febf3726;[];Dosen killer itu ternyata baik banget orangnya kalo diajak ngobrol santai.
1972;772;101-500;3274052.0;text;;[];False;False;ae2df9b28028def8;[];TADI SIANG GW MAKAN DI WARUNG MAKAN BARU DEKET GERBANG BELAKANG KAMPUS. NASI GORENGNYA LUMAYAN ENAK DAN HARGANYA MURAH BANGET CUMA 12 RIBU UDAH SAMA ES TEH. KAYAKNYA BAKAL JADI LANGGANAN BARU DEH SOALNYA WARTEG BIASA GW UDAH MULAI NAIK HARGA DAN PORSINYA MAKIN DIKIT AJA
1973;772;1-10;3274072.0;text;;[];False;False;c0b32e0339d03430;[];sans
1974;772;1-10;3274118.0;text;;['😂'];False;False;a71ff116bf72ec95;[];btw
1975;772;11-50;3274130.0;text;;[];False;False;be8507a72720d4c9;[];podcast yg lu rekomen mana
1976;772;11-50;3274150.0;text;;['😂'];False;False;be8507a72720d4c9;[];album baru dia enak bgt
1977;772;51-100;3274159.0;text;;[];False;False;be8507a72720d4c9;[];gw gagal diet lg soalnya tadi sore diajak makan bakso sm temen
1978;772;1-10;3274176.0;text;;['😂'];False;False;be8507a72720d4c9;[];njir
1979;772;11-50;3274203.0;text;;[];False;False;ae2df9b28028def8;[];SERIES ITU ENDINGNYA ZONK BGT
1980;772;11-50;3274215.0;text;;[];False;False;be8507a72720d4c9;[];badminton yuk sore ni
1981;772;11-50;3276411.0;text;;[];False;False;36659264f4c6f93d;[];badminton yuk sore ini
1982;772;101-500;3276443.0;text;;[];False;False;36659264f4c6f93d;[];tadi siang gw makan di warung makan baru deket gerbang belakang kampus. nasi gorengnya lumayan enak dan harganya murah banget cuma 12 ribu udah sama es teh. kayaknya bakal jadi langganan baru deh soalnya warteg biasa gw udah mulai naik harga dan porsinya makin dikit aja
1983;772;51-100;3276525.0;text;;[];False;False;be8507a72720d4c9;[];gw gagal diet lg soalnya tadi sore diajak makan bakso sm temen
1984;773;51-100;3284540.0;text;;[];True;False;163ff79e4f2ace22;[];eh lu udah dapet info jadwal ujian akhir semester belum dari prodi?
1985;773;51-100;3284554.0;text;;[];True;False;163ff79e4f2ace22;[];eh lu udah dapet info jadwal ujian akhir semester belum dari prodi?
1986;773;11-50;3284572.0;text;;['🤷🏻\u200d♂️'];False;False;38b90d5daca14406;[];deadline besok pagi bro
1987;773;11-50;3284652.0;text;;[];True;False;741bf06081579d3d;[];tugas dikumpul kapan sih?
1988;773;11-50;3284713.0;text;;[];False;False;38b90d5daca14406;[];gw lg ngerjain tugas nih
1989;773;11-50;3284767.0;text;;[];False;False;163ff79e4f2ace22;[];deadline besok pagi bro
1990;773;11-50;3284780.0;text;;[];False;False;163ff79e4f2ace22;[];matkul ini susah banget
1991;773;1-10;3284819.0;text;;['🤔'];True;False;38b90d5daca14406;[];apa?
1992;773;1-10;3284830.0;text;;[];False;False;38b90d5daca14406;[];iya
1993;773;11-50;3284849.0;text;;[];False;False;a8e8efba3364415f;[];matkul ini susah banget
1994;773;11-50;3284861.0;text;;[];False;False;a8e8efba3364415f;[];presentasi gw amburadul
1995;773;11-50;3284866.0;text;;[];False;False;a8e8efba3364415f;[];tadi absen ga sih kamu
1996;773;11-50;3284875.0;text;;[];False;False;a8e8efba3364415f;[];tadi absen ga,,, sih kamu
1997;773;51-100;3284891.0;text;;[];False;False;a8e8efba3364415f;[];gw denger,,, katanya semester,,, depan ada,,, mata kuliah baru yang,,, wajib diambil
1998;773;11-50;3284894.0;text;;[];False;False;a8e8efba3364415f;[];tadi absen ga sih,,, kamu
1999;773;1-10;3284914.0;text;;[];False;False;38b90d5daca14406;[];gas
2000;773;51-100;3284935.0;text;;[];False;False;38b90d5daca14406;[];tadi gw ketemu dosen pembimbing dan dia minta revisi lagi untuk bab 3
2001;773;51-100;3284941.0;text;;[];False;False;38b90d5daca14406;[];gw denger katanya semester depan ada mata kuliah baru yang wajib diambil
2002;773;51-100;3284956.0;text;;[];False;False;38b90d5daca14406;[];gw denger katanya semester depan ada mata kuliah baru yang wajib diambil
2003;773;11-50;3285207.0;text;;[];False;False;163ff79e4f2ace22;[];gw belom mulai tugas
2004;773;11-50;3285219.0;text;;[];False;False;163ff79e4f2ace22;[];tadi absen ga sih kamu
2005;773;11-50;3285236.0;text;;[];False;False;38b90d5daca14406;[];eh tadi kelas seru banget
2006;773;51-100;3285247.0;text;;[];False;False;38b90d5daca14406;[];tadi gw ketemu dosen pembimbing dan dia minta revisi lagi untuk bab 3
2007;773;11-50;3285249.0;text;;[];False;False;163ff79e4f2ace22;[];tadi absen ga sih kamu
2008;773;11-50;3285258.0;text;;[];False;False;163ff79e4f2ace22;[];dosen gw galak banget sih
2009;773;11-50;3285270.0;text;;[];False;False;163ff79e4f2ace22;[];lab komputer penuh terus
2010;773;51-100;3285296.0;text;;[];False;False;38b90d5daca14406;[];nyokap gw nelfon tadi nanyain kapan pulang, gw bilang aja abis ujian
2011;773;51-100;3285302.0;text;;[];False;False;38b90d5daca14406;[];eh besok kita jadi ketemuan di kafe deket stasiun kan ya jam 2 siang
2012;773;11-50;3285310.0;text;;[];False;False;38b90d5daca14406;[];dosen gw galak banget sih
2013;773;51-100;3285312.0;text;;[];False;False;741bf06081579d3d;[];nyokap gw nelfon tadi nanyain kapan pulang, gw bilang aja abis ujian,,,
2014;773;11-50;3285317.0;text;;[];False;False;741bf06081579d3d;[];presentasi gw amburadul
2015;773;51-100;3285323.0;text;;[];False;False;38b90d5daca14406;[];gw denger katanya semester depan ada mata kuliah baru yang wajib diambil
2016;773;51-100;3285346.0;text;;[];False;False;163ff79e4f2ace22;[];gw baru aja selesai ngerjain tugas sampe jam 3 pagi, mau mati rasanya
2017;773;11-50;3285355.0;text;;[];False;False;163ff79e4f2ace22;[];matkul ini susah banget
2018;773;51-100;3285374.0;text;;[];False;False;163ff79e4f2ace22;[];gw baru aja selesai ngerjain tugas sampe jam 3 pagi, mau mati rasanya
2019;773;11-50;3285379.0;text;;[];False;False;741bf06081579d3d;[];ipk gw turun semester ini
2020;773;51-100;3285435.0;text;;[];False;False;163ff79e4f2ace22;[];tadi gw ketemu dosen pembimbing dan dia minta revisi lagi untuk bab 3
2021;773;51-100;3285467.0;text;;[];False;False;163ff79e4f2ace22;[];nyokap gw nelfon tadi nanyain kapan pulang, gw bilang aja abis ujian
2022;773;51-100;3285504.0;text;;[];False;False;163ff79e4f2ace22;[];gw baru aja selesai ngerjain tugas sampe jam 3 pagi, mau mati rasanya
2023;773;11-50;3285530.0;text;;[];False;False;741bf06081579d3d;[];eh tadi kelas seru,,, banget
2024;773;11-50;3285596.0;text;;[];False;False;a8e8efba3364415f;[];tadi absen ga sih kamu
2025;773;11-50;3285601.0;text;;['😅'];False;False;38b90d5daca14406;[];presentasi gw amburadul
2026;773;11-50;3285627.0;text;;[];False;False;163ff79e4f2ace22;[];IPK gw turun semester ini
2027;773;1-10;3285627.0;text;;[];False;False;163ff79e4f2ace22;[];otw
2028;773;11-50;3285910.0;text;;['🤔'];True;False;38b90d5daca14406;[];lu dimana sekarang?
2029;773;11-50;3285913.0;text;;[];False;False;38b90d5daca14406;[];deadline besok pagi bro
2030;773;51-100;3285915.0;text;;[];True;False;38b90d5daca14406;[];eh lu udah dapet info jadwal ujian akhir semester belum dari prodi?
2031;773;11-50;3285930.0;text;;[];True;False;ef94490714487032;[];lu dimana sekarang!!
2032;773;1-10;3285936.0;text;;[];False;False;163ff79e4f2ace22;[];yuk
2033;773;51-100;3285957.0;text;;[];False;False;163ff79e4f2ace22;[];gw baru aja selesai ngerjain tugas sampe jam 3 pagi, mau mati rasanya
2034;773;11-50;3285970.0;text;;[];False;False;163ff79e4f2ace22;[];matkul ini susah banget
2035;773;51-100;3286002.0;text;;[];False;False;163ff79e4f2ace22;[];eh besok kita jadi ketemuan di kafe deket stasiun kan ya jam 2 siang
2036;773;11-50;3286004.0;text;;[];False;False;163ff79e4f2ace22;[];matkul ini susah banget
2037;773;51-100;3286004.0;text;;[];False;False;ef94490714487032;[];gw baru aja selesai ngerjain tugas sampe jam 3 pagi, mau mati rasanya!!!
2038;773;51-100;3286024.0;text;;[];False;False;ef94490714487032;[];gw denger katanya semester depan ada mata kuliah baru yang wajib diambil!!
2039;773;11-50;3286050.0;text;;[];False;False;c0b32e0339d03430;[];tadi absen ga... sih kamu
2040;773;1-10;3286053.0;text;;['🤣'];False;False;c0b32e0339d03430;[];otw
2041;773;11-50;3286066.0;text;;[];False;False;ef94490714487032;[];IPK gw turun semester ini!!
2042;773;11-50;3286072.0;text;;[];False;False;c0b32e0339d03430;[];IPK gw turun semester ini
2043;773;11-50;3286073.0;text;;['🤣'];False;False;38b90d5daca14406;[];perpus tutup jam berapa ya
2044;773;1-10;3286081.0;text;;[];False;False;c0b32e0339d03430;[];ok
2045;773;11-50;3286084.0;text;;[];False;False;ef94490714487032;[];gw lg ngerjain tugas nih!!!
2046;773;11-50;3286086.0;text;;[];False;False;ef94490714487032;[];presentasi gw amburadul!!
2047;773;11-50;3286090.0;text;;[];False;True;c0b32e0339d03430;[];gila sih lu bisa gitu!...
2048;773;11-50;3286103.0;text;;[];False;False;ef94490714487032;[];IPK gw turun semester ini!!!
2049;773;11-50;3286115.0;text;;[];False;False;ef94490714487032;[];lab komputer penuh terus!!
2050;773;11-50;3286127.0;text;;['🤣'];False;False;38b90d5daca14406;[];deadline besok pagi bro
2051;773;11-50;3286130.0;text;;[];False;False;38b90d5daca14406;[];dosen gw galak banget sih
2052;773;11-50;3286143.0;text;;['🤣'];False;False;38b90d5daca14406;[];lab komputer penuh terus
2053;773;101-500;3286145.0;text;2047.0;[];False;False;ef94490714487032;[];jadi ceritanya kemarin gw ke perpustakaan pusat buat nyari bahan referensi skripsi, ternyata bukunya udah dipinjem semua sama anak angkatan sebelah. akhirnya gw cuma bisa fotokopi dari temen yang kebetulan punya. lumayan lah daripada ga dapet sama sekali, tinggal di rangkum aja sisanya!!!
2054;773;51-100;3286157.0;text;;[];False;False;163ff79e4f2ace22;[];nyokap gw nelfon tadi nanyain kapan pulang, gw bilang aja abis ujian
2055;773;1-10;3286163.0;text;;['🤣'];False;False;163ff79e4f2ace22;[];siap
2056;773;101-500;3286170.0;text;;[];False;False;38b90d5daca14406;[];jadi ceritanya kemarin gw ke perpustakaan pusat buat nyari bahan referensi skripsi, ternyata bukunya udah dipinjem semua sama anak angkatan sebelah. akhirnya gw cuma bisa fotokopi dari temen yang kebetulan punya. lumayan lah daripada ga dapet sama sekali, tinggal di rangkum aja sisanya
2057;773;11-50;3286172.0;text;;['😜'];False;False;ef94490714487032;[];matkul ini susah banget!!
2058;773;11-50;3286225.0;text;;['😝'];False;False;38b90d5daca14406;[];tadi absen ga sih kamu
2059;773;11-50;3286231.0;text;;[];False;False;ef94490714487032;[];perpus tutup jam berapa ya!!
2060;773;51-100;3286292.0;text;;[];False;True;ef94490714487032;[];gila sih dosen gw tiba tiba kasih tugas tambahan padahal besok UAS!!
2061;773;11-50;3286314.0;text;;[];False;False;163ff79e4f2ace22;[];matkul ini susah banget
2062;773;1-10;3286316.0;text;;[];False;False;163ff79e4f2ace22;[];ok
2063;773;1-10;3286320.0;text;;[];False;False;163ff79e4f2ace22;[];oke
2064;773;1-10;3286372.0;text;;[];False;False;ef94490714487032;[];oke!!
2065;773;11-50;3286396.0;text;;[];True;False;ef94490714487032;[];tugas dikumpul kapan sih!!!
2066;773;0;3286462.0;audio;;[];False;False;36659264f4c6f93d;[];[Voice Note]
2067;773;51-100;3286553.0;text;;[];False;True;ef94490714487032;[];gila sih dosen gw tiba tiba kasih tugas tambahan padahal besok UAS!!
2068;773;101-500;3286685.0;text;;[];False;False;36659264f4c6f93d;[];jadi ceritanya kemarin gw ke perpustakaan pusat buat nyari bahan referensi skripsi, ternyata bukunya udah dipinjem semua sama anak angkatan sebelah. akhirnya gw cuma bisa fotokopi dari temen yang kebetulan punya. lumayan lah daripada ga dapet sama sekali, tinggal di rangkum aja sisanya
2069;773;51-100;3286706.0;text;;['😅'];False;False;ae2df9b28028def8;[];GW BARU AJA SELESAI NGERJAIN TUGAS SAMPE JAM 3 PAGI, MAU MATI RASANYA
2070;773;51-100;3286707.0;text;;['🤷🏼\u200d♂'];False;False;36659264f4c6f93d;[];gw denger katanya semester depan ada mata kuliah baru yang wajib diambil
2071;773;11-50;3286731.0;text;;[];False;False;ef94490714487032;[];lab komputer penuh terus!!
2072;773;11-50;3286734.0;text;;[];False;False;ef94490714487032;[];perpus tutup jam berapa ya!!!
2073;773;51-100;3286739.0;text;;[];False;False;36659264f4c6f93d;[];nyokap gw nelfon tadi nanyain kapan pulang, gw bilang aja abis ujian
2074;773;51-100;3286756.0;text;;[];False;False;36659264f4c6f93d;[];eh besok kita jadi ketemuan di kafe deket stasiun kan ya jam 2 siang
2075;773;51-100;3286786.0;text;;[];False;False;ef94490714487032;[];gw denger katanya semester depan ada mata kuliah baru yang wajib diambil!!!
2076;773;11-50;3286789.0;text;;[];False;False;ef94490714487032;[];perpus tutup jam berapa ya!!!
2077;773;1-10;3286802.0;text;;['🤣'];False;False;36659264f4c6f93d;[];wkwk
2078;773;51-100;3286841.0;text;;[];False;False;ef94490714487032;[];gw denger katanya semester depan ada mata kuliah baru yang wajib diambil!!
2079;773;11-50;3286874.0;text;;[];False;False;38b90d5daca14406;[];eh tadi kelas seru banget
2080;773;51-100;3286891.0;text;;[];False;False;38b90d5daca14406;[];gw baru aja selesai ngerjain tugas sampe jam 3 pagi, mau mati rasanya
2081;773;11-50;3286900.0;text;;[];False;False;38b90d5daca14406;[];tadi absen ga sih kamu
2082;773;51-100;3286924.0;text;;[];True;False;ef94490714487032;[];eh lu udah dapet info jadwal ujian akhir semester belum dari prodi!!!
2083;773;51-100;3287058.0;text;;['🤣'];False;False;36659264f4c6f93d;[];eh besok kita jadi ketemuan di kafe deket stasiun kan ya jam 2 siang
2084;773;11-50;3287084.0;text;;[];False;False;38b90d5daca14406;[];perpus tutup jam berapa ya
2085;773;51-100;3287102.0;text;;[];False;False;38b90d5daca14406;[];nyokap gw nelfon tadi nanyain kapan pulang, gw bilang aja abis ujian
2086;773;11-50;3287136.0;text;;[];False;False;ef94490714487032;[];tadi absen ga sih kamu!!!
2087;773;11-50;3287142.0;text;;[];False;False;ef94490714487032;[];gw skip kelas hari ini!!
2088;773;11-50;3287146.0;text;;[];True;False;ef94490714487032;[];lu dimana sekarang!!
2089;773;51-100;3287163.0;text;;[];False;False;ef94490714487032;[];nyokap gw nelfon tadi nanyain kapan pulang, gw bilang aja abis ujian!!!
2090;773;11-50;3287174.0;text;;[];False;False;ef94490714487032;[];deadline besok pagi bro!!
2091;773;11-50;3287205.0;text;;[];False;False;163ff79e4f2ace22;[];tadi absen ga sih kamu
2092;773;11-50;3287259.0;text;;[];False;False;163ff79e4f2ace22;[];presentasi gw amburadul
2093;773;11-50;3287264.0;text;;[];False;False;163ff79e4f2ace22;[];dosen gw galak banget sih
2094;773;0;3287275.0;image/jpeg;;[];False;False;36659264f4c6f93d;[];[Foto]
2095;773;51-100;3287288.0;text;;[];False;False;36659264f4c6f93d;[];nyokap gw nelfon tadi nanyain kapan pulang, gw bilang aja abis ujian
2096;773;1-10;3287295.0;text;;[];False;False;163ff79e4f2ace22;[];oke
2097;773;51-100;3287304.0;text;;[];False;False;36659264f4c6f93d;[];eh besok kita jadi ketemuan di kafe deket stasiun kan ya jam 2 siang
2098;773;11-50;3287306.0;text;;[];False;False;163ff79e4f2ace22;[];gw belom mulai tugas
2099;773;11-50;3287318.0;text;;[];False;False;163ff79e4f2ace22;[];eh tadi kelas seru banget
2100;773;11-50;3287320.0;text;;[];False;False;163ff79e4f2ace22;[];perpus tutup jam berapa ya
2101;773;11-50;3287334.0;text;;[];False;False;163ff79e4f2ace22;[];matkul ini susah banget
2102;773;11-50;3287339.0;text;;[];False;False;163ff79e4f2ace22;[];presentasi gw amburadul
2103;773;51-100;3287356.0;text;;[];False;False;163ff79e4f2ace22;[];gw baru aja selesai ngerjain tugas sampe jam 3 pagi, mau mati rasanya
2104;773;1-10;3287481.0;text;;[];False;False;163ff79e4f2ace22;[];yuk
2105;773;51-100;3287488.0;text;;[];False;False;163ff79e4f2ace22;[];tadi gw ketemu dosen pembimbing dan dia minta revisi lagi untuk bab 3
2106;773;11-50;3287526.0;text;;[];True;False;36659264f4c6f93d;[];tugas dikumpul kapan sih?
2107;773;101-500;3287560.0;text;;[];False;False;36659264f4c6f93d;[];jadi ceritanya kemarin gw ke perpustakaan pusat buat nyari bahan referensi skripsi, ternyata bukunya udah dipinjem semua sama anak angkatan sebelah. akhirnya gw cuma bisa fotokopi dari temen yang kebetulan punya. lumayan lah daripada ga dapet sama sekali, tinggal di rangkum aja sisanya
2108;773;11-50;3287586.0;text;;[];False;False;163ff79e4f2ace22;[];dosen gw galak banget sih
2109;773;1-10;3287616.0;text;;[];False;False;a8e8efba3364415f;[];dah
2110;773;11-50;3287620.0;text;;[];False;False;a8e8efba3364415f;[];gw belom mulai,,, tugas,,,
2111;773;11-50;3287631.0;text;;[];False;False;a8e8efba3364415f;[];lab komputer,,, penuh terus
2112;773;0;3287637.0;image/jpeg;;[];False;False;ef94490714487032;[];[Foto]
2113;773;11-50;3287650.0;text;;[];False;False;ef94490714487032;[];matkul ini susah banget!!!
2114;773;11-50;3287677.0;text;;['❤️'];False;False;ef94490714487032;[];presentasi gw amburadul!!!
2115;773;1-10;3287678.0;text;;[];False;False;ef94490714487032;[];hehe!!
2116;773;101-500;3287740.0;text;;[];False;False;36659264f4c6f93d;[];jadi ceritanya kemarin gw ke perpustakaan pusat buat nyari bahan referensi skripsi, ternyata bukunya udah dipinjem semua sama anak angkatan sebelah. akhirnya gw cuma bisa fotokopi dari temen yang kebetulan punya. lumayan lah daripada ga dapet sama sekali, tinggal di rangkum aja sisanya
2117;773;11-50;3287752.0;text;;[];False;False;a8e8efba3364415f;[];gw lg ngerjain,,, tugas nih
2118;773;1-10;3287752.0;text;;[];False;False;a8e8efba3364415f;[];gas
2119;773;11-50;3287762.0;text;;[];False;False;a8e8efba3364415f;[];perpus tutup jam,,, berapa,,, ya
2120;773;11-50;3287771.0;text;;[];False;False;a8e8efba3364415f;[];matkul ini susah,,, banget
2121;773;11-50;3287781.0;text;;[];False;True;ef94490714487032;[];gila sih lu bisa gitu!!
2122;773;11-50;3287782.0;text;;[];False;False;a8e8efba3364415f;[];gw skip kelas,,, hari ini
2123;773;51-100;3287794.0;text;;[];False;False;ef94490714487032;[];eh besok kita jadi ketemuan di kafe deket stasiun kan ya jam 2 siang!!
2124;773;1-10;3287960.0;text;;['🤣'];False;False;36659264f4c6f93d;[];dah
2125;773;11-50;3287970.0;text;;[];False;True;163ff79e4f2ace22;[];mantap banget hasilnya!
2126;773;51-100;3287990.0;text;;['🤭'];False;False;36659264f4c6f93d;[];tadi gw ketemu dosen pembimbing dan dia minta revisi lagi untuk bab 3
2127;773;51-100;3288364.0;text;;[];False;False;ef94490714487032;[];gw baru aja selesai ngerjain tugas sampe jam 3 pagi, mau mati rasanya!!!
2128;773;11-50;3288366.0;text;;['😜'];False;False;ef94490714487032;[];perpus tutup jam berapa ya!!
2129;773;1-10;3288395.0;text;;['🤣'];False;False;36659264f4c6f93d;[];hehe
2130;773;11-50;3288408.0;text;;['🤷🏼\u200d♂'];False;False;36659264f4c6f93d;[];deadline besok pagi bro
2131;773;11-50;3288431.0;text;;[];False;False;ef94490714487032;[];tadi absen ga sih kamu!!!
2132;773;51-100;3288433.0;text;;[];False;False;163ff79e4f2ace22;[];tadi gw ketemu dosen pembimbing dan dia minta revisi lagi untuk bab 3
2133;773;11-50;3288441.0;text;;['🤣'];False;False;163ff79e4f2ace22;[];dosen gw galak banget sih
2134;773;11-50;3288445.0;text;;[];False;False;ef94490714487032;[];IPK gw turun semester ini!!
2135;773;101-500;3288502.0;text;;[];True;False;ef94490714487032;[];eh ada yang punya rekomendasi laptop budget 5 jutaan yang bagus buat kuliah dan ngoding ga? laptop gw yang sekarang udah mulai lemot dan sering ngehang kalo buka banyak tab. pengennya sih yang ringan buat dibawa ke kampus tapi tetep kenceng performanya, ada saran!!
2136;773;51-100;3288529.0;text;;[];False;False;ef94490714487032;[];tadi gw ketemu dosen pembimbing dan dia minta revisi lagi untuk bab 3!!!
2137;773;11-50;3288577.0;text;;[];False;False;163ff79e4f2ace22;[];gw belom mulai tugas
2138;773;11-50;3288593.0;text;;[];False;False;163ff79e4f2ace22;[];matkul ini susah banget
2139;773;101-500;3289414.0;text;;[];False;False;ef94490714487032;[];jadi ceritanya kemarin gw ke perpustakaan pusat buat nyari bahan referensi skripsi, ternyata bukunya udah dipinjem semua sama anak angkatan sebelah. akhirnya gw cuma bisa fotokopi dari temen yang kebetulan punya. lumayan lah daripada ga dapet sama sekali, tinggal di rangkum aja sisanya!!
2140;774;51-100;3296757.0;text;;['🤣'];False;True;67566b419db65cbd;[];GILA SIH DOSEN GW TIBA TIBA KASIH TUGAS TAMBAHAN PADAHAL BESOK UAS!
2141;774;51-100;3296885.0;text;;['😜'];False;False;67566b419db65cbd;[];EH BESOK KITA JADI KETEMUAN DI KAFE DEKET STASIUN KAN YA JAM 2 SIANG
2142;774;51-100;3296912.0;text;;[];False;False;67566b419db65cbd;[];NYOKAP GW NELFON TADI NANYAIN KAPAN PULANG, GW BILANG AJA ABIS UJIAN
2143;774;11-50;3296950.0;text;;[];False;False;67566b419db65cbd;[];GW LG NGERJAIN TUGAS NIH
2144;774;1-10;3297202.0;text;;[];False;False;be8507a72720d4c9;[];iya
2145;775;1-10;3305729.0;text;;['🤣'];False;False;38b90d5daca14406;[];woi
2146;775;11-50;3305794.0;text;2143.0;[];False;True;38b90d5daca14406;[];gw seneng banget dapet A!
2147;775;11-50;3305824.0;text;;[];False;False;a8e8efba3364415f;[];lu dimana sih lama banget
2148;775;11-50;3305830.0;text;;[];False;False;a8e8efba3364415f;[];gw nyari parkir,,, dulu bentar
2149;775;11-50;3305838.0;text;;[];False;False;a8e8efba3364415f;[];gw lagi di warkop,,, nih
2150;775;11-50;3305841.0;text;;[];False;False;a8e8efba3364415f;[];rame banget disini cuy
2151;775;1-10;3306422.0;text;;[];False;False;741bf06081579d3d;[];hoo
2152;775;11-50;3306438.0;text;;[];False;False;741bf06081579d3d;[];gw ngga bisa ikut malem ini
2153;775;1-10;3306441.0;text;;[];False;False;741bf06081579d3d;[];hoo
2154;775;51-100;3306568.0;text;;[];True;True;ef94490714487032;[];gimana caranya biar bisa fokus belajar tanpa main hp terus ya!!
2155;775;11-50;3306655.0;text;;[];False;False;67566b419db65cbd;[];LU DIMANA SIH LAMA BANGET
2156;775;11-50;3306892.0;text;;[];False;False;67566b419db65cbd;[];GW NYARI PARKIR DULU BENTAR
2157;775;11-50;3306916.0;application/x-zip-compressed;;[];False;False;67566b419db65cbd;[];[application/x-zip-compressed]
2158;775;51-100;3307042.0;text;;[];False;False;38b90d5daca14406;[];motor gw mogok di tengah jalan tadi pagi jadi gw telat masuk kelas
2159;775;11-50;3307056.0;text;;['🤣'];False;False;38b90d5daca14406;[];jangan lupa bawa duit cash
2160;775;11-50;3307083.0;text;;['😻'];False;True;38b90d5daca14406;[];asik besok libur guys!
2161;775;51-100;3307095.0;text;;[];False;False;ef94490714487032;[];kemarin malem gw begadang nonton bola sampe subuh terus ketiduran!!!
2162;775;51-100;3307126.0;text;;[];False;True;ef94490714487032;[];parah banget macetnya tadi di jalan, gw sampe telat 1 jam ke kampus!!!
2163;775;51-100;3307228.0;text;;[];False;False;ef94490714487032;[];gw lagi nyoba masak rendang resep nyokap tapi kayaknya gagal total deh!!
2164;775;1-10;3309805.0;text;;[];False;False;67566b419db65cbd;[];YAA
2165;775;1-10;3309815.0;text;;['😊'];False;False;67566b419db65cbd;[];KOK
2166;775;11-50;3310958.0;text;;[];False;False;be8507a72720d4c9;[];macet parah di jalan tol
2167;775;0;3311423.0;image/jpeg;;[];False;False;be8507a72720d4c9;[];[Foto]
2168;775;0;3311451.0;video/mp4;;[];False;False;be8507a72720d4c9;[];[Video]
2169;775;11-50;3311457.0;text;;[];False;False;be8507a72720d4c9;[];jangan lupa bawa duit cash
2170;775;1-10;3311656.0;text;;[];False;False;a8e8efba3364415f;[];ahh
2171;775;11-50;3311661.0;text;;[];False;False;a8e8efba3364415f;[];lu dimana sih lama banget
2172;775;11-50;3311668.0;text;;[];False;False;a8e8efba3364415f;[];gw nyari parkir dulu,,, bentar
2173;775;1-10;3311679.0;text;;['🌝'];False;False;be8507a72720d4c9;[];woi
2174;775;11-50;3311682.0;text;;[];False;False;a8e8efba3364415f;[];lu dimana sih lama banget
2175;775;11-50;3311961.0;text;;[];False;False;ef94490714487032;[];kita ketemuan dimana aja deh!!
2176;775;11-50;3311970.0;text;;[];False;False;ef94490714487032;[];gw nyari parkir dulu bentar!!
2177;775;1-10;3311996.0;text;;['😊', '👍🏻'];False;False;67566b419db65cbd;[];OII
2178;775;11-50;3312122.0;text;;[];False;False;38b90d5daca14406;[];gw nyari parkir dulu bentar
2179;775;1-10;3312403.0;text;;['😂'];False;False;be8507a72720d4c9;[];kan
2180;775;11-50;3312674.0;text;;['🤷🏻\u200d♀️'];False;False;ef94490714487032;[];lu dimana sih lama banget!!
2181;776;11-50;3321559.0;text;;[];False;False;6fbc363d86533ce4;[];gw ga percayaaaa sih gosipnya
2182;776;51-100;3321636.0;text;;['😏'];False;False;6fbc363d86533ce4;[];gw baruuuu ajaaa dapet kabar kalo temennn kita diterimaa kerja di luarrr negerii
2183;776;11-50;3321673.0;text;;[];True;False;6fbc363d86533ce4;[];pinjam catetan boleh ga?
2184;776;11-50;3321778.0;text;;[];False;False;be8507a72720d4c9;[];pacarnya baru siapa sih
2185;776;11-50;3321789.0;text;;[];False;False;be8507a72720d4c9;[];temen gw sakit masuk rs
2186;776;11-50;3321806.0;text;;[];False;False;6fbc363d86533ce4;[];angkot ke sana masihh ada ga
2187;776;11-50;3321819.0;text;;['😄'];False;False;6fbc363d86533ce4;[];angkott ke sanaaaa masihh ada ga
2188;776;1-10;3321819.0;text;;[];False;False;ef94490714487032;[];hihi!!!
2189;776;11-50;3321838.0;text;;[];False;True;ef94490714487032;[];gw kaget pas denger itu!!!
2190;776;51-100;3321854.0;text;;[];False;False;be8507a72720d4c9;[];gw baru aja dapet kabar kalo temen kita diterima kerja di luar negeri
2191;776;1-10;3321861.0;text;;['🌝'];False;False;be8507a72720d4c9;[];sm
2192;776;11-50;3321881.0;text;;['🤣'];False;True;ef94490714487032;[];sedih banget ceritanya!!!
2193;776;51-100;3321910.0;text;;['😂'];True;False;6fbc363d86533ce4;[];lu pernahhhh coba belajar bareng di perpus kota ga, enak ga disana?
2194;776;11-50;3321940.0;text;;[];False;False;ef94490714487032;[];pacarnya baru siapa sih!!!
2195;776;51-100;3321971.0;text;;[];False;False;6fbc363d86533ce4;[];hari iniiii gw ada rapat organisasi sampee soree jadi ga bisaaaa ikuttt nongkrong
2196;776;51-100;3322055.0;text;;[];False;False;ef94490714487032;[];lu harus coba kedai kopi baru di jalan belakang kampus, enak banget!!
2197;776;51-100;3322075.0;text;;[];False;True;ef94490714487032;[];seneng banget gw dapet tawaran magang di perusahaan impian gw!!!
2198;776;1-10;3322087.0;text;;[];False;False;ef94490714487032;[];gabut!!
2199;776;51-100;3322127.0;text;;[];False;False;6fbc363d86533ce4;[];wifi kosan gw lemotttt bangett jadi gw ke perpussss ajaaaa buat ngerjain tugasss
2200;776;11-50;3322142.0;text;;[];False;False;6fbc363d86533ce4;[];diemm diem ternyata jadiann
2201;776;11-50;3322242.0;text;;[];False;False;be8507a72720d4c9;[];gw berantem sm si anu
2202;776;1-10;3322265.0;text;2196.0;[];False;False;be8507a72720d4c9;[];wkwkw
2203;776;11-50;3322268.0;text;;[];False;False;ef94490714487032;[];gw ga percaya sih gosipnya!!!
2204;776;0;3322424.0;video/mp4;;[];False;False;6fbc363d86533ce4;[];[Video]
2205;777;51-100;3362496.0;text;;[];False;False;a8e8efba3364415f;[];gw baru,,, dapet info,,, beasiswa buat semester depan mau coba,,, daftar deh
2206;777;11-50;3362497.0;text;;[];True;False;a8e8efba3364415f;[];ada sinyal ga disitu?
2207;777;1-10;3362979.0;text;;[];False;False;be8507a72720d4c9;[];kuy
2208;777;1-10;3362986.0;text;;[];False;False;be8507a72720d4c9;[];btw
2209;777;0;3363006.0;image/jpeg;;[];False;False;be8507a72720d4c9;[];[Foto]
2210;777;0;3363014.0;image/jpeg;;[];False;False;be8507a72720d4c9;[];[Foto]
2211;777;1-10;3363681.0;text;;[];False;False;a8e8efba3364415f;[];oot
2212;777;1-10;3363681.0;text;;[];False;False;a8e8efba3364415f;[];dih
2213;777;51-100;3363707.0;text;;[];False;False;a8e8efba3364415f;[];gw harus,,, ganti strategi,,, belajar sih,,, soalnya nilai uts kemarin,,, jelek bgt,,,
2214;778;51-100;3376747.0;text;;['😅'];False;False;38b90d5daca14406;[];tadi pagi gw olahraga lari keliling kampus 5 putaran badan pegel semua
2215;778;11-50;3376752.0;text;;[];False;False;38b90d5daca14406;[];gw lagi marathon drakor nih
2216;778;51-100;3376770.0;text;;[];False;False;38b90d5daca14406;[];tadi pagi gw olahraga lari keliling kampus 5 putaran badan pegel semua
2217;778;1-10;3377372.0;text;;[];False;False;be8507a72720d4c9;[];woles
2218;779;51-100;3442267.0;text;;[];False;True;c0b32e0339d03430;[];akhirnya selesai juga skripsi... gw setelah perjuangan berbulan bulan!
2219;779;1-10;3442274.0;text;;['🙄'];False;False;c0b32e0339d03430;[];done
2220;779;11-50;3442288.0;text;;[];False;False;c0b32e0339d03430;[];warteg depan kampus enak...
2221;779;11-50;3442467.0;text;;[];False;False;be8507a72720d4c9;[];sidang minggu depan doain ya
2222;779;11-50;3442468.0;text;;[];False;False;be8507a72720d4c9;[];mie ayam pak kumis juara sih
2223;779;1-10;3442469.0;text;;[];True;False;be8507a72720d4c9;[];dmn?
2224;779;11-50;3442474.0;text;;[];False;False;be8507a72720d4c9;[];kelas tambahan hari sabtu sih
2225;779;1-10;3442676.0;text;;[];True;False;c0b32e0339d03430;[];gmn?
2226;779;11-50;3442682.0;text;;[];False;False;c0b32e0339d03430;[];tugas kelompok bikin pusing
2227;779;11-50;3443732.0;text;;[];False;False;be8507a72720d4c9;[];warteg depan kampus enak
2228;779;51-100;3443748.0;text;;[];False;False;be8507a72720d4c9;[];gw udah bikin slides presentasi tp kayaknya msh kurang bagus deh isinya
2229;779;1-10;3443750.0;text;;[];False;False;be8507a72720d4c9;[];nah
2230;779;1-10;3443785.0;text;;[];False;False;c0b32e0339d03430;[];hmm
2231;779;11-50;3443787.0;text;;[];True;False;c0b32e0339d03430;[];ntar malem ngapain?
2232;779;11-50;3443798.0;text;;[];False;False;be8507a72720d4c9;[];dosen pembimbing susah ditemui
2233;779;11-50;3443798.0;text;;[];False;False;be8507a72720d4c9;[];gw baru aja dr kampus
2234;779;1-10;3443819.0;text;;[];False;False;c0b32e0339d03430;[];done
2235;779;1-10;3443821.0;text;;[];False;False;c0b32e0339d03430;[];nah
2236;779;1-10;3443829.0;text;;[];False;False;c0b32e0339d03430;[];gaje
2237;779;11-50;3443838.0;text;;[];False;False;be8507a72720d4c9;[];seminar tadi lama bgt
2238;779;11-50;3443845.0;text;;[];False;False;be8507a72720d4c9;[];gw laper bgt nih
2239;779;1-10;3443848.0;text;;[];False;False;be8507a72720d4c9;[];asli
2240;779;1-10;3443855.0;text;;['🤣'];False;False;c0b32e0339d03430;[];nah
2241;779;11-50;3443856.0;text;;[];False;False;c0b32e0339d03430;[];gw mau ambil cuti semester
2242;779;11-50;3443865.0;text;;[];True;False;c0b32e0339d03430;[];gimana kabar lu... sekarang?
2243;779;11-50;3443891.0;text;;[];False;False;be8507a72720d4c9;[];lu udah makan blm
2244;779;1-10;3443891.0;text;;[];False;False;be8507a72720d4c9;[];hmm
2245;779;11-50;3443891.0;text;;[];False;False;be8507a72720d4c9;[];sidang minggu depan doain ya
2246;779;1-10;3443916.0;text;;['👍'];False;False;c0b32e0339d03430;[];nih
2247;780;101-500;3448395.0;text;;[];False;False;4b8885bb32623f15;[];kemarin malem gw sama temen temen nongkrong di warkop biasa sampe jam 12 malem. kita ngobrol banyak hal dari mulai tugas kuliah, rencana liburan, sampe masalah percintaan. seru sih walau besoknya gw kesiangan masuk kelas pagi dan dosen negur di depan semua orang. malu tapi ya gimana lagi
2248;780;51-100;3448519.0;text;;[];False;False;4b8885bb32623f15;[];gw lagi bingung milih topik skripsi antara dua tema yang sama menariknya
2249;780;11-50;3449222.0;text;;[];False;False;c0b32e0339d03430;[];porsi makan gw nambah terus
2250;780;11-50;3449229.0;text;;[];False;False;c0b32e0339d03430;[];sarapan dulu baru mikir...
2251;780;1-10;3449237.0;text;;['😅', '😂'];False;False;c0b32e0339d03430;[];cuy
2252;780;51-100;3449259.0;text;;[];False;False;c0b32e0339d03430;[];dompet gw ilang kemarin di... angkot tapi alhamdulillah ada yang nemuin
2253;780;1-10;3449960.0;text;;['😂'];False;False;6fbc363d86533ce4;[];bener
2254;780;51-100;3450839.0;text;;[];False;False;be8507a72720d4c9;[];gw udah download smua materi kuliah tp blm sempat baca sm sekali
2255;780;11-50;3451110.0;text;;[];False;False;ef94490714487032;[];bakso malang itu buka ga ya!!
2256;780;1-10;3451186.0;text;;[];False;False;be8507a72720d4c9;[];cuy
2257;780;11-50;3451194.0;text;;[];False;False;be8507a72720d4c9;[];es teh manis satu ya bang
2258;780;11-50;3451236.0;text;;[];False;False;ef94490714487032;[];porsi makan gw nambah terus!!!
2259;780;11-50;3451244.0;text;;[];False;False;ef94490714487032;[];porsi makan gw nambah terus!!
2260;780;51-100;3451264.0;text;;[];False;False;ef94490714487032;[];dompet gw ilang kemarin di angkot tapi alhamdulillah ada yang nemuin!!
2261;780;1-10;3451418.0;text;;[];False;False;be8507a72720d4c9;[];bener
2262;780;11-50;3451430.0;text;;[];False;False;ae2df9b28028def8;[];KOPI SUSU YG BIASA YA
2263;780;11-50;3451781.0;text;;[];False;False;6fbc363d86533ce4;[];indomieee telorrrr udah cukup kokk
2264;780;101-500;3451811.0;text;;[];False;False;6fbc363d86533ce4;[];kemarin malem gw samaaaa temen temen nongkronggg di warkop biasa sampe jamm 12 malem. kitaaaa ngobrol banyakkkk hal dari mulai tugas kuliah, rencanaaaa liburan, sampe masalah percintaan. seru sih walau besoknya gw kesiangan masukkkk kelass pagiiii dannnn dosenn negurr di depan semuaa orang. maluuuu tapi ya gimanaa lagi
2265;780;1-10;3451870.0;text;;['😂'];False;False;be8507a72720d4c9;[];bro
2266;780;11-50;3452109.0;text;;[];False;False;ae2df9b28028def8;[];ES TEH MANIS SATU YA BANG
2267;781;51-100;3457295.0;text;;['🙄'];False;False;38b90d5daca14406;[];gw pengen banget liburan ke pantai tapi duit lagi tipis banget sekarang
2268;781;51-100;3457357.0;text;;[];False;False;6fbc363d86533ce4;[];lu harus cobaaaa kedai kopi baru di jalan belakangggg kampus, enak banget
2269;781;0;3457643.0;image/jpeg;;[];False;False;be8507a72720d4c9;[];[Foto]
2270;781;11-50;3457646.0;text;;[];False;False;be8507a72720d4c9;[];jangan bilang siapa siapa ya
2271;781;1-10;3458871.0;text;;[];False;False;38b90d5daca14406;[];sama
2272;781;51-100;3458874.0;text;;[];False;False;38b90d5daca14406;[];lu harus coba kedai kopi baru di jalan belakang kampus, enak banget
2273;781;1-10;3459121.0;text;;['😂'];False;False;be8507a72720d4c9;[];dong
2274;781;11-50;3460149.0;text;;[];False;False;ef94490714487032;[];pacarnya baru siapa sih!!
2275;781;11-50;3460243.0;text;;[];False;False;6fbc363d86533ce4;[];diemmm diem ternyata jadian
2276;781;51-100;3460473.0;text;;['🤣'];False;False;67566b419db65cbd;[];GW BARU AJA DAPET KABAR KALO TEMEN KITA DITERIMA KERJA DI LUAR NEGERI
2277;781;1-10;3460655.0;text;;[];False;False;be8507a72720d4c9;[];trus
2278;782;101-500;3487542.0;text;;[];False;False;257adae07de14378;[];gw lg galau bgt nih soal masa depan. mau lanjut s2 tp duit ga ad,... mau langsung kerja tp pengalaman... msh minim. nyokap bilang... terserah gw aja tp gw tau... dia pengen gw cepet kerja biar bs bantu ekonomi keluarga.... bingung bgt sih, kyk smua... pilihan ad plus minusnya
2279;782;11-50;3489826.0;text;;[];True;False;38b90d5daca14406;[];ada yang punya catetan?
2280;782;11-50;3489831.0;text;;[];False;False;38b90d5daca14406;[];kelas tambahan hari sabtu sih
2281;782;51-100;3489843.0;text;;['😅'];False;False;38b90d5daca14406;[];kosan gw bocor lagi pas hujan semalam, kasur gw basah semua parah banget
2282;782;11-50;3489850.0;text;;[];False;False;a8e8efba3364415f;[];sidang minggu depan doain,,, ya
2283;782;11-50;3489852.0;text;;[];False;False;a8e8efba3364415f;[];mie ayam pak kumis juara sih
2284;782;11-50;3489864.0;text;;[];False;False;a8e8efba3364415f;[];tugas kelompok bikin pusing
2285;782;51-100;3489880.0;text;;[];False;True;38b90d5daca14406;[];akhirnya selesai juga skripsi gw setelah perjuangan berbulan bulan!
2286;782;11-50;3489895.0;text;;[];False;False;a8e8efba3364415f;[];kelas tambahan,,, hari sabtu,,, sih
2287;782;11-50;3489896.0;text;;[];False;False;a8e8efba3364415f;[];warteg depan kampus enak
2288;782;11-50;3489905.0;text;;[];False;False;a8e8efba3364415f;[];seminar tadi lama banget
2289;782;51-100;3489908.0;text;;[];False;False;38b90d5daca14406;[];jangan lupa besok kumpul di lobby kampus jam 8 pagi buat berangkat bareng
2290;782;11-50;3489915.0;text;;[];False;False;a8e8efba3364415f;[];lu udah,,, makan belum
2291;782;11-50;3489918.0;text;;[];False;False;38b90d5daca14406;[];sidang minggu depan doain ya
2292;782;1-10;3489921.0;text;2289.0;[];False;False;a8e8efba3364415f;[];gpp
2293;782;11-50;3489930.0;text;;[];False;False;38b90d5daca14406;[];gw baru aja dari kampus
2294;782;11-50;3489935.0;text;;[];False;False;38b90d5daca14406;[];lu udah makan belum
2295;782;11-50;3489941.0;text;;[];False;False;38b90d5daca14406;[];tugas kelompok bikin pusing
2296;782;11-50;3489942.0;text;;[];False;False;a8e8efba3364415f;[];gw baru,,, aja dari kampus
2297;782;1-10;3489944.0;text;;[];False;False;a8e8efba3364415f;[];bet
2298;782;1-10;3489945.0;text;;[];False;False;a8e8efba3364415f;[];bole
2299;782;1-10;3489947.0;text;;[];False;False;a8e8efba3364415f;[];bole
2300;782;11-50;3489953.0;text;;[];False;False;a8e8efba3364415f;[];seminar tadi lama banget
2301;782;11-50;3489956.0;text;;[];False;False;a8e8efba3364415f;[];gw laper banget nih
2302;782;51-100;3489961.0;text;;[];False;False;38b90d5daca14406;[];gw lagi mikirin mau ambil magang di perusahaan mana buat semester depan
2303;782;11-50;3489971.0;text;;[];False;False;a8e8efba3364415f;[];tugas kelompok bikin pusing
2304;782;11-50;3489972.0;text;;[];False;False;38b90d5daca14406;[];gw laper banget nih
2305;782;11-50;3489979.0;text;;[];True;False;38b90d5daca14406;[];ada yang punya catetan?
2306;782;11-50;3489984.0;text;;[];False;False;38b90d5daca14406;[];mie ayam pak kumis juara sih
2307;782;11-50;3489986.0;text;;[];False;False;38b90d5daca14406;[];gw baru aja dari kampus
2308;782;11-50;3489991.0;text;;[];False;False;38b90d5daca14406;[];lu udah makan belum
2309;782;11-50;3489992.0;text;;[];False;False;a8e8efba3364415f;[];mie ayam pak kumis juara sih
2310;782;11-50;3489999.0;text;;[];False;False;38b90d5daca14406;[];sidang minggu depan doain ya
2311;782;11-50;3490001.0;text;;[];False;False;a8e8efba3364415f;[];proposal skripsi,,, gw,,, ditolak
2312;782;11-50;3490008.0;text;;[];False;False;a8e8efba3364415f;[];lu udah makan belum
2313;782;11-50;3490010.0;text;;[];False;False;a8e8efba3364415f;[];kelas tambahan hari sabtu,,, sih
2314;782;11-50;3490011.0;text;;[];False;False;38b90d5daca14406;[];lu udah makan belum
2315;782;11-50;3490016.0;text;;[];False;False;a8e8efba3364415f;[];gw baru aja dari kampus
2316;782;11-50;3490019.0;text;;[];False;False;38b90d5daca14406;[];dosen pembimbing susah ditemui
2317;782;1-10;3490031.0;text;;[];False;False;a8e8efba3364415f;[];nih
2318;782;101-500;3490038.0;text;;[];False;False;38b90d5daca14406;[];gw lagi galau banget nih soal masa depan. mau lanjut S2 tapi duit ga ada, mau langsung kerja tapi pengalaman masih minim. nyokap bilang terserah gw aja tapi gw tau dia pengen gw cepet kerja biar bisa bantu ekonomi keluarga. bingung banget sih, kayak semua pilihan ada plus minusnya
2319;782;11-50;3490042.0;text;;[];False;False;a8e8efba3364415f;[];warteg depan kampus enak
2320;782;11-50;3490043.0;text;;[];False;False;38b90d5daca14406;[];seminar tadi lama banget
2321;782;11-50;3490045.0;text;;[];False;False;38b90d5daca14406;[];kelas tambahan hari sabtu sih
2322;782;11-50;3490050.0;text;;[];False;False;a8e8efba3364415f;[];gw mau ambil cuti semester
2323;782;1-10;3490062.0;text;;['🤣'];False;False;38b90d5daca14406;[];tuh
2324;782;1-10;3490068.0;text;;[];False;False;38b90d5daca14406;[];aman
2325;782;11-50;3490117.0;text;;[];False;False;a8e8efba3364415f;[];proposal skripsi gw ditolak
2326;782;11-50;3490126.0;text;;[];False;False;a8e8efba3364415f;[];mie ayam pak,,, kumis,,, juara sih
2327;782;51-100;3490174.0;text;2326.0;[];False;False;38b90d5daca14406;[];gw udah bikin slides presentasi tapi kayaknya masih kurang bagus deh isinya
2328;782;11-50;3490190.0;text;;[];False;False;a8e8efba3364415f;[];warteg depan,,, kampus enak
2329;782;51-100;3490195.0;text;;[];False;False;38b90d5daca14406;[];gw lagi mikirin mau ambil magang di perusahaan mana buat semester depan
2330;782;11-50;3490195.0;text;;[];False;False;a8e8efba3364415f;[];gw laper banget nih
2331;782;11-50;3490207.0;text;;[];False;False;a8e8efba3364415f;[];mie ayam pak kumis juara sih
2332;782;11-50;3490210.0;text;;[];False;False;38b90d5daca14406;[];gw mau ambil cuti semester
2333;782;11-50;3490215.0;text;;['🤣'];False;False;38b90d5daca14406;[];seminar tadi lama banget
2334;782;11-50;3490227.0;text;;[];False;False;38b90d5daca14406;[];kelas tambahan hari sabtu sih
2335;782;11-50;3490230.0;text;;[];False;False;38b90d5daca14406;[];warteg depan kampus enak
2336;782;11-50;3490231.0;text;;[];False;False;a8e8efba3364415f;[];sidang minggu depan,,, doain,,, ya
2337;782;11-50;3490241.0;text;;[];False;False;a8e8efba3364415f;[];dosen pembimbing susah ditemui
2338;782;11-50;3490243.0;text;;[];False;False;a8e8efba3364415f;[];warteg depan kampus enak
2339;782;11-50;3490271.0;text;;[];False;False;38b90d5daca14406;[];gw mau ambil cuti semester
2340;782;11-50;3490279.0;text;;[];False;False;38b90d5daca14406;[];gw laper banget nih
2341;782;11-50;3490288.0;text;;[];False;False;38b90d5daca14406;[];gw baru aja dari kampus
2342;782;11-50;3490307.0;text;;[];False;False;a8e8efba3364415f;[];dosen pembimbing susah,,, ditemui,,,
2343;782;11-50;3490318.0;text;;[];False;False;a8e8efba3364415f;[];gw laper banget nih,,,
2344;782;1-10;3490349.0;text;;[];True;False;be8507a72720d4c9;[];gmn?
2345;782;11-50;3490357.0;text;;[];False;False;38b90d5daca14406;[];gw laper banget nih
2346;782;1-10;3490369.0;text;;[];False;False;be8507a72720d4c9;[];tuh
2347;782;51-100;3490406.0;text;;[];False;False;38b90d5daca14406;[];jangan lupa besok kumpul di lobby kampus jam 8 pagi buat berangkat bareng
2348;782;11-50;3490426.0;text;;[];False;False;a8e8efba3364415f;[];kelas tambahan hari sabtu sih
2349;782;11-50;3490443.0;text;;[];False;False;38b90d5daca14406;[];seminar tadi lama banget
2350;782;11-50;3490443.0;text;;[];False;False;a8e8efba3364415f;[];gw mau ambil cuti,,, semester
2351;782;11-50;3490445.0;text;;[];False;False;38b90d5daca14406;[];gw baru aja dari kampus
2352;782;11-50;3490452.0;text;;[];False;False;a8e8efba3364415f;[];seminar tadi lama banget,,,
2353;782;11-50;3490458.0;text;;[];False;False;a8e8efba3364415f;[];tugas kelompok bikin pusing
2354;782;1-10;3490464.0;text;;[];True;False;38b90d5daca14406;[];hah?
2355;782;1-10;3490475.0;text;;[];False;False;38b90d5daca14406;[];done
2356;782;1-10;3490478.0;text;;[];False;False;a8e8efba3364415f;[];done
2357;782;11-50;3490480.0;text;;[];False;False;a8e8efba3364415f;[];proposal skripsi gw ditolak
2358;782;11-50;3490483.0;text;;[];False;False;38b90d5daca14406;[];mie ayam pak kumis juara sih
2359;782;11-50;3490487.0;text;;[];False;False;a8e8efba3364415f;[];gw mau ambil cuti semester
2360;782;1-10;3490489.0;text;;[];False;False;a8e8efba3364415f;[];tuh
2361;782;11-50;3490499.0;text;;['😝'];False;False;38b90d5daca14406;[];lu udah makan belum
2362;782;11-50;3490508.0;text;;[];False;False;38b90d5daca14406;[];proposal skripsi gw ditolak
2363;782;11-50;3490739.0;text;;[];True;False;257adae07de14378;[];boleh gw ikut ga?...
2364;782;11-50;3490748.0;text;;[];True;False;257adae07de14378;[];ntar malem ngapain?
2365;782;1-10;3490758.0;text;;[];False;False;be8507a72720d4c9;[];gaje
2366;782;11-50;3490760.0;text;;[];False;False;be8507a72720d4c9;[];proposal skripsi gw ditolak
2367;782;11-50;3490761.0;text;;[];False;False;38b90d5daca14406;[];gw baru aja dari kampus
2368;782;11-50;3490765.0;text;;[];False;False;be8507a72720d4c9;[];warteg depan kampus enak
2369;782;11-50;3490767.0;text;;[];False;False;38b90d5daca14406;[];proposal skripsi gw ditolak
2370;782;51-100;3490781.0;text;;[];False;False;be8507a72720d4c9;[];kemarin gw ke toko buku beli novel baru sm buku referensi buat skripsi
2371;782;11-50;3490782.0;text;;[];True;False;38b90d5daca14406;[];boleh gw ikut ga?
2372;782;1-10;3490784.0;text;;[];False;False;257adae07de14378;[];aman
2373;782;11-50;3490788.0;text;;[];False;False;38b90d5daca14406;[];gw mau ambil cuti semester
2374;782;11-50;3490794.0;text;;[];False;False;257adae07de14378;[];gw mau ambil cuti... semester
2375;782;11-50;3490798.0;text;;[];False;False;be8507a72720d4c9;[];kelas tambahan hari sabtu sih
2376;782;11-50;3490822.0;text;;[];True;False;257adae07de14378;[];boleh gw ikut ga?
2377;782;11-50;3490834.0;text;;[];False;False;a8e8efba3364415f;[];warteg depan kampus enak
2378;782;51-100;3490836.0;text;;[];False;False;38b90d5daca14406;[];gw lagi mikirin mau ambil magang di perusahaan mana buat semester depan
2379;782;11-50;3490836.0;text;;[];False;False;a8e8efba3364415f;[];gw mau ambil cuti semester
2380;782;11-50;3490839.0;text;;[];False;False;a8e8efba3364415f;[];gw baru aja dari kampus
2381;782;1-10;3490844.0;text;;[];False;False;a8e8efba3364415f;[];bole
2382;782;11-50;3490849.0;text;2377.0;[];False;False;38b90d5daca14406;[];gw laper banget nih
2383;782;11-50;3490857.0;text;;[];False;False;a8e8efba3364415f;[];gw mau ambil cuti semester
2384;782;11-50;3490858.0;text;;[];False;False;a8e8efba3364415f;[];proposal skripsi,,, gw ditolak,,,
2385;782;11-50;3490862.0;text;;[];False;False;a8e8efba3364415f;[];tugas kelompok bikin pusing
2386;782;51-100;3490884.0;text;;[];False;False;a8e8efba3364415f;[];jangan lupa besok,,, kumpul di lobby kampus jam 8 pagi buat berangkat bareng
2387;782;11-50;3490885.0;text;;[];True;False;38b90d5daca14406;[];ada yang punya catetan?
2388;782;11-50;3490885.0;text;;['🤔'];True;False;38b90d5daca14406;[];gimana kabar lu sekarang?
2389;782;1-10;3490887.0;text;;[];False;False;a8e8efba3364415f;[];gpp
2390;782;11-50;3490890.0;text;;[];False;False;a8e8efba3364415f;[];sidang minggu depan doain,,, ya
2391;782;1-10;3490895.0;text;;[];False;False;a8e8efba3364415f;[];bet
2392;782;11-50;3490896.0;text;;[];False;False;a8e8efba3364415f;[];gw laper banget nih
2393;782;1-10;3490897.0;text;;[];False;False;a8e8efba3364415f;[];bole
2394;782;1-10;3490908.0;text;;[];False;False;a8e8efba3364415f;[];hmm
2395;782;11-50;3490909.0;text;2386.0;[];False;False;38b90d5daca14406;[];mie ayam pak kumis juara sih
2396;782;11-50;3490953.0;text;;[];False;False;38b90d5daca14406;[];gw laper banget nih
2397;782;11-50;3491088.0;text;;[];False;False;38b90d5daca14406;[];mie ayam pak kumis juara sih
2398;782;11-50;3491140.0;text;;[];False;False;38b90d5daca14406;[];gw baru aja dari kampus
2399;782;11-50;3491151.0;text;;[];True;False;ae2df9b28028def8;[];NTAR MALEM NGAPAIN?
2400;782;11-50;3491156.0;text;;[];False;False;38b90d5daca14406;[];gw laper banget nih
2401;782;1-10;3491177.0;text;;[];False;False;38b90d5daca14406;[];gaje
2402;782;11-50;3491433.0;text;;[];True;False;38b90d5daca14406;[];gimana kabar lu sekarang?
2403;782;11-50;3491476.0;text;;[];False;False;38b90d5daca14406;[];dosen pembimbing susah ditemui
2404;782;1-10;3491480.0;text;;[];False;False;38b90d5daca14406;[];asli
2405;782;51-100;3491498.0;text;;['🤣'];False;False;38b90d5daca14406;[];gw udah bikin slides presentasi tapi kayaknya masih kurang bagus deh isinya
2406;782;51-100;3491531.0;text;;[];False;False;38b90d5daca14406;[];kemarin gw ke toko buku beli novel baru sama buku referensi buat skripsi
2407;782;1-10;3491566.0;text;;[];False;False;be8507a72720d4c9;[];bole
2408;782;1-10;3491584.0;text;;['🤣'];False;False;38b90d5daca14406;[];gaje
2409;782;11-50;3491586.0;text;;[];False;False;38b90d5daca14406;[];gw baru aja dari kampus
2410;782;11-50;3491591.0;text;;[];False;False;38b90d5daca14406;[];proposal skripsi gw ditolak
2411;782;11-50;3491601.0;text;;[];False;False;38b90d5daca14406;[];sidang minggu depan doain ya
2412;782;0;3491670.0;image/jpeg;;[];False;False;38b90d5daca14406;[];[Foto]
2413;782;11-50;3491674.0;text;;[];False;False;38b90d5daca14406;[];gw laper banget nih
2414;782;0;3491675.0;image/jpeg;;[];False;False;be8507a72720d4c9;[];[Foto]
2415;782;11-50;3491677.0;text;;[];False;False;38b90d5daca14406;[];warteg depan kampus enak
2416;782;11-50;3491689.0;text;;[];False;False;38b90d5daca14406;[];dosen pembimbing susah ditemui
2417;782;1-10;3491695.0;text;;['👎🏻'];False;False;38b90d5daca14406;[];aman
2418;782;11-50;3491718.0;text;;[];False;False;38b90d5daca14406;[];lu udah makan belum
2419;782;11-50;3491718.0;text;;[];False;False;38b90d5daca14406;[];kelas tambahan hari sabtu sih
2420;782;11-50;3491723.0;text;;[];False;False;be8507a72720d4c9;[];kelas tambahan hari sabtu sih
2421;782;11-50;3491733.0;text;;[];False;False;38b90d5daca14406;[];proposal skripsi gw ditolak
2422;782;51-100;3491747.0;text;;[];False;False;38b90d5daca14406;[];gw udah bikin slides presentasi tapi kayaknya masih kurang bagus deh isinya
2423;782;1-10;3491753.0;text;;[];False;False;a8e8efba3364415f;[];nih
2424;782;11-50;3491756.0;text;;[];False;False;a8e8efba3364415f;[];dosen pembimbing,,, susah ditemui
2425;782;11-50;3491760.0;text;;[];False;False;a8e8efba3364415f;[];proposal skripsi,,, gw ditolak
2426;782;11-50;3491761.0;text;;[];False;False;38b90d5daca14406;[];gw laper banget nih
2427;782;1-10;3491764.0;text;;['😂'];False;False;be8507a72720d4c9;[];bole
2428;782;1-10;3491765.0;text;;[];False;False;a8e8efba3364415f;[];bole
2429;782;11-50;3491767.0;text;;[];False;False;a8e8efba3364415f;[];dosen pembimbing,,, susah ditemui
2430;782;1-10;3491772.0;text;;[];False;False;ae2df9b28028def8;[];BOLE
2431;782;1-10;3491773.0;text;;[];False;False;ae2df9b28028def8;[];BOLE
2432;782;11-50;3491783.0;text;;[];False;False;a8e8efba3364415f;[];gw baru aja dari,,, kampus
2433;782;51-100;3492448.0;text;;[];True;False;be8507a72720d4c9;[];menurut lu gw hrs ambil mata kuliah pilihan yg mana semester depan?
2434;782;0;3492564.0;image/jpeg;;[];False;False;38b90d5daca14406;[];[Foto]
2435;782;1-10;3492615.0;text;;['😂'];False;False;be8507a72720d4c9;[];nah
2436;782;51-100;3493031.0;text;;[];True;False;a8e8efba3364415f;[];menurut lu gw,,, harus ambil mata kuliah pilihan yang mana semester depan?
2437;782;11-50;3493040.0;text;;[];False;False;a8e8efba3364415f;[];gw laper banget nih
2438;782;11-50;3493041.0;text;;[];False;False;a8e8efba3364415f;[];gw laper banget nih
2439;782;1-10;3493048.0;text;;[];False;False;a8e8efba3364415f;[];gaje
2440;782;0;3493192.0;image/jpeg;;[];False;False;be8507a72720d4c9;[];[Foto]
2441;782;1-10;3493196.0;text;;[];False;False;be8507a72720d4c9;[];asli
2442;782;51-100;3494936.0;text;;['😝'];False;True;38b90d5daca14406;[];akhirnya selesai juga skripsi gw setelah perjuangan berbulan bulan!
2443;782;51-100;3494971.0;text;;[];False;True;38b90d5daca14406;[];akhirnya selesai juga skripsi gw setelah perjuangan berbulan bulan!
2444;782;51-100;3494994.0;text;;[];False;True;38b90d5daca14406;[];akhirnya selesai juga skripsi gw setelah perjuangan berbulan bulan!
2445;782;0;3495154.0;image/jpeg;;[];False;False;38b90d5daca14406;[];[Foto]
2446;782;1-10;3495175.0;text;;['😂'];False;False;a8e8efba3364415f;[];asli
2447;782;11-50;3497607.0;text;;[];False;True;ef94490714487032;[];keren abis presentasinya!!
2448;782;11-50;3498771.0;text;;[];False;False;741bf06081579d3d;[];gw laper banget nih,,,
2449;782;1-10;3501158.0;text;;['😂'];False;False;be8507a72720d4c9;[];done
2450;783;0;3552592.0;image/jpeg;;[];False;False;be8507a72720d4c9;[];[Foto]
2451;783;1-10;3552598.0;text;;[];False;False;be8507a72720d4c9;[];oii
2452;783;1-10;3552879.0;text;;[];False;False;ae2df9b28028def8;[];AHH
2453;783;11-50;3553760.0;text;;['🙈'];False;False;36659264f4c6f93d;[];gw ngga bisa ikut malem ini
2454;783;11-50;3554433.0;text;;[];False;False;be8507a72720d4c9;[];rame bgt disini cuy
2455;783;11-50;3554439.0;text;;[];False;False;be8507a72720d4c9;[];gw ngga bs ikut malem ni
2456;783;11-50;3554441.0;text;;[];False;False;be8507a72720d4c9;[];gw lg di warkop nih
2457;783;101-500;3554935.0;text;;[];True;False;be8507a72720d4c9;[];gw lg bimbang nih antara mau ikut organisasi kampus atau fokus ke akademik aja. menurut kalian gmn sih, worth it ga sih ikut organisasi? soalnya gw denger banyak yg bilang bs nambah soft skill tp di sisi lain waktu buat belajar jadi berkurang kan, gmn pengalaman kalian?
2458;783;11-50;3554941.0;text;;[];False;False;be8507a72720d4c9;[];gw nyari parkir dulu bentar
2459;783;51-100;3554961.0;text;;[];False;False;be8507a72720d4c9;[];motor gw mogok di tengah jalan tadi pagi jadi gw telat masuk kelas
2460;783;11-50;3563497.0;text;;[];False;False;e343fd7560989e6c;[];lu dimanaaa sihhhh lama bangett
2461;784;0;3573666.0;image/jpeg;;[];False;False;fd45735ad6d1a108;[];[Foto]
2462;784;11-50;3573680.0;text;;['😂'];False;False;fd45735ad6d1a108;[];gw ngga bisa ikut malem ini
2463;784;1-10;3573721.0;text;;[];False;False;ae2df9b28028def8;[];OII
2464;785;1-10;3577851.0;text;;['😂'];False;False;be8507a72720d4c9;[];kan
2465;785;11-50;3577870.0;text;;[];False;False;be8507a72720d4c9;[];kita ketemuan dmn aja deh
2466;785;51-100;3579640.0;text;;[];False;False;ae2df9b28028def8;[];KEMARIN MALEM GW BEGADANG NONTON BOLA SAMPE SUBUH TERUS KETIDURAN
2467;785;51-100;3579645.0;text;;[];True;False;ae2df9b28028def8;[];GIMANA CARANYA BIAR BISA FOKUS BELAJAR TANPA MAIN HP TERUS YA?
2468;785;1-10;3579653.0;text;;[];False;False;ae2df9b28028def8;[];HOO
2469;785;11-50;3579818.0;text;2467.0;[];True;False;257adae07de14378;[];makan apa ntar... siang?
2470;785;51-100;3579857.0;text;;[];False;False;ae2df9b28028def8;[];GW HARUS NABUNG LEBIH BANYAK SIH BUAT BAYAR UANG SEMESTER YANG NAIK
2471;785;1-10;3580068.0;text;;[];False;False;be8507a72720d4c9;[];deh
2472;785;11-50;3582007.0;text;;[];False;False;5e85041c84679a04;[];bsk sore ada waktu ga
2473;785;11-50;3582212.0;text;;[];False;False;ae2df9b28028def8;[];GW NYARI PARKIR DULU BENTAR
2474;785;1-10;3585652.0;text;;['🤣'];False;False;257adae07de14378;[];ooh
2475;786;1-10;3629989.0;image/jpeg;;[];False;False;5e85041c84679a04;[];[Foto]
2476;786;1-10;3630718.0;text;;[];False;False;be8507a72720d4c9;[];amin
2477;787;0;3709510.0;image/jpeg;;[];False;False;38b90d5daca14406;[];[Foto]
2478;787;11-50;3709516.0;text;;[];False;False;38b90d5daca14406;[];gw naik ojol aja deh
2479;787;1-10;3709561.0;text;;[];False;False;ae2df9b28028def8;[];WAH
2480;787;11-50;3709628.0;text;;[];False;False;38b90d5daca14406;[];macet parah di jalan tol
2481;787;11-50;3709874.0;text;;[];False;False;be8507a72720d4c9;[];lu dmn sih lama bgt
2482;788;0;3875960.0;video/mp4;;[];False;False;be8507a72720d4c9;[];[Video]
2483;788;11-50;3876771.0;text;;[];False;False;38b90d5daca14406;[];gw nyari parkir dulu bentar
2484;788;51-100;3876780.0;text;;[];False;False;38b90d5daca14406;[];motor gw mogok di tengah jalan tadi pagi jadi gw telat masuk kelas
2485;788;11-50;3876783.0;text;;[];False;False;38b90d5daca14406;[];bsk sore ada waktu ga
2486;788;11-50;3876819.0;text;;[];True;False;e343fd7560989e6c;[];adaaa yg mau bareng?
2487;788;11-50;3876879.0;text;;[];True;False;ae2df9b28028def8;[];ADA YG MAU BARENG?
2488;788;1-10;3876893.0;text;;[];False;False;38b90d5daca14406;[];mah
2489;788;1-10;3876898.0;text;2486.0;[];False;False;38b90d5daca14406;[];hoo
2490;788;11-50;3876908.0;text;;[];False;False;ae2df9b28028def8;[];BSK SORE ADA WAKTU GA
2491;789;11-50;3877604.0;text;;[];True;False;ae2df9b28028def8;[];ITU TEMPATNYA JAUH GA?
2492;789;1-10;3877860.0;text;;['😂'];False;False;be8507a72720d4c9;[];anjay
2493;789;51-100;3878797.0;text;;[];True;False;3a5733296e2729c1;[];siapa sih yg spread gosip tu ke gurp sebelah, tau ga orangnya?
2494;789;11-50;3879071.0;text;;[];True;False;c0b32e0339d03430;[];siapa aja yg dateng?
2495;789;11-50;3879082.0;text;;[];False;False;c0b32e0339d03430;[];gw lagi marathon drakor nih...
2496;789;1-10;3879085.0;text;;['😅'];False;False;c0b32e0339d03430;[];hayuk
2497;789;1-10;3879090.0;text;;[];False;False;3a5733296e2729c1;[];yses
2498;789;11-50;3879091.0;text;;[];False;False;3a5733296e2729c1;[];film baru di bioskop bagus ga
2499;789;11-50;3879102.0;text;;[];False;False;c0b32e0339d03430;[];gw lagi marathon drakor nih
2500;789;1-10;3879111.0;text;;['🤣'];False;False;c0b32e0339d03430;[];gini
2501;789;1-10;3879116.0;text;;['😂'];False;False;3a5733296e2729c1;[];yess
2502;789;1-10;3882308.0;text;;['🤣'];False;False;257adae07de14378;[];yess
2503;789;11-50;3883049.0;text;;[];False;False;be8507a72720d4c9;[];bokap gw lg di luar kota
2504;789;11-50;3883060.0;text;;[];False;False;be8507a72720d4c9;[];adek gw masuk sma tahun ni
2505;789;11-50;3886472.0;text;;[];True;False;ef94490714487032;[];siapa aja yg dateng!!!
2506;789;11-50;3886939.0;text;;[];False;False;741bf06081579d3d;[];playlist lo yang mana sih
2507;789;11-50;3887155.0;text;;[];False;False;a8e8efba3364415f;[];duit bulanan,,, belum dikirim
2508;789;11-50;3887382.0;text;;[];False;False;ae2df9b28028def8;[];NYOKAP NANYA KAPAN LULUS
2509;789;11-50;3889849.0;text;;[];False;False;3a5733296e2729c1;[];mama minta gw pualng weekend
2510;789;11-50;3889907.0;text;;[];False;False;3a5733296e2729c1;[];gw baru aja ketemu mantan
2511;789;51-100;3890151.0;text;;[];True;False;ef94490714487032;[];siapa sih yang spread gosip itu ke grup sebelah, tau ga orangnya!!
2512;789;11-50;3890165.0;text;;[];False;False;ef94490714487032;[];gw lagi marathon drakor nih!!!
2513;789;11-50;3890615.0;text;;['🤣'];False;True;38b90d5daca14406;[];ngakak gw liat video itu!
2514;789;101-500;3890647.0;text;;[];False;False;38b90d5daca14406;[];gw pengen curhat sedikit nih. akhir akhir ini gw ngerasa burnout banget sama rutinitas kuliah yang itu itu aja. bangun pagi, kuliah, tugas, tidur, repeat. kadang gw ngerasa kayak robot yang cuma jalan sesuai program tanpa tau tujuan akhirnya apa. mungkin gw butuh liburan beneran buat refresh otak
2515;789;51-100;3890673.0;text;;[];False;False;38b90d5daca14406;[];adek gw mau masuk kuliah tahun depan gw harus bantu cariin info jurusan
2516;789;11-50;3890708.0;text;;[];False;True;38b90d5daca14406;[];ngakak gw liat video itu!
2517;789;51-100;3892177.0;image/jpeg;;['☺️'];False;False;36659264f4c6f93d;[];[Foto]
2518;789;1-10;3892191.0;text;;[];False;False;36659264f4c6f93d;[];gitu
2519;789;1-10;3892738.0;text;;['😍'];False;False;be8507a72720d4c9;[];anjay
2520;789;11-50;3894475.0;text;;[];False;True;38b90d5daca14406;[];ngakak gw liat video itu!
2521;790;0;4008196.0;image/jpeg;;[];False;False;257adae07de14378;[];[Foto]
2522;790;11-50;4008317.0;text;;[];False;False;ae2df9b28028def8;[];INTERNET MATI LAGI DI KOSAN
2523;790;11-50;4008333.0;text;;[];True;False;ef94490714487032;[];besok libur bukan sih!!
2524;790;51-100;4008338.0;text;;[];False;False;ae2df9b28028def8;[];GW SENENG BANGET AKHIRNYA BISA KETEMU TEMEN TEMEN LAMA SETELAH LAMA GA
2525;790;1-10;4008842.0;text;;['🤣'];False;False;257adae07de14378;[];oh
2526;790;11-50;4009616.0;text;;['🤣'];False;False;257adae07de14378;[];gw lg di... atm btr
2527;791;1-10;4041353.0;text;;['🤣'];False;False;38b90d5daca14406;[];hehe
2528;791;51-100;4042666.0;text;;[];False;False;a59198d55464ff40;[];Eh besok kita jadi ketemuan di kafe deket stasiun kan ya jam 2 siang.
2529;791;101-500;4049873.0;text;;[];True;True;67566b419db65cbd;[];EH ADA YANG PUNYA REKOMENDASI LAPTOP BUDGET 5 JUTAAN YANG BAGUS BUAT KULIAH DAN NGODING GA? LAPTOP GW YANG SEKARANG UDAH MULAI LEMOT DAN SERING NGEHANG KALO BUKA BANYAK TAB. PENGENNYA SIH YANG RINGAN BUAT DIBAWA KE KAMPUS TAPI TETEP KENCENG PERFORMANYA, ADA SARAN?
2530;792;51-100;4060207.0;text;;[];False;False;67566b419db65cbd;[];GW NONTON FILM DOKUMENTER SEMALAM TENTANG LAUT DAN IKAN, BAGUS BANGET
2531;792;11-50;4064528.0;text;;['🤷🏻\u200d♂️'];False;False;38b90d5daca14406;[];film baru di bioskop bagus ga
2532;792;11-50;4066644.0;text;;[];False;False;a8e8efba3364415f;[];playlist lo yang mana sih
2533;792;0;4066649.0;image/jpeg;;[];False;False;a8e8efba3364415f;[];[Foto]
2534;792;51-100;4069332.0;text;;[];True;False;ae2df9b28028def8;[];SIAPA SIH YANG SPREAD GOSIP ITU KE GRUP SEBELAH, TAU GA ORANGNYA?
2535;792;11-50;4069347.0;text;;[];False;False;ae2df9b28028def8;[];KELUARGA NGUMPUL LEBARAN NANTI
2536;792;11-50;4069402.0;text;;[];False;False;be8507a72720d4c9;[];adek gw masuk sma tahun ni
2537;792;11-50;4069411.0;text;;[];False;False;be8507a72720d4c9;[];gw baru aja ketemu mantan
2538;792;11-50;4069444.0;text;;[];False;False;ae2df9b28028def8;[];DUIT BULANAN BELUM DIKIRIM
2539;792;51-100;4069467.0;text;;[];False;False;ae2df9b28028def8;[];GW NONTON FILM DOKUMENTER SEMALAM TENTANG LAUT DAN IKAN, BAGUS BANGET
2540;792;1-10;4069678.0;text;;[];False;False;be8507a72720d4c9;[];gitu
2541;793;11-50;4073985.0;text;;[];False;False;38b90d5daca14406;[];gw nyari parkir dulu bentar
2542;793;11-50;4073986.0;text;;[];False;False;38b90d5daca14406;[];jangan lupa bawa duit cash
2543;793;51-100;4077353.0;text;;['🤣'];False;False;36659264f4c6f93d;[];gw harus nabung lebih banyak sih buat bayar uang semester yang naik
2544;793;1-10;4078236.0;text;;[];False;False;5e85041c84679a04;[];kok
2545;793;1-10;4078241.0;text;;[];False;False;5e85041c84679a04;[];yaa
2546;793;11-50;4078251.0;text;;[];False;False;5e85041c84679a04;[];macet parah di jalan tol
2547;793;11-50;4078260.0;text;;[];False;False;5e85041c84679a04;[];gw lagi di... warkop nih
2548;793;1-10;4078313.0;text;;[];False;False;be8507a72720d4c9;[];oii
2549;793;1-10;4078504.0;text;;[];False;False;a8e8efba3364415f;[];mah
2550;793;11-50;4078516.0;text;;[];True;False;a8e8efba3364415f;[];makan apa ntar siang?
2551;793;11-50;4078571.0;text;;['😪'];False;False;38b90d5daca14406;[];gw udah di parkiran nih
2552;793;11-50;4078572.0;text;;[];False;False;38b90d5daca14406;[];gw naik ojol aja deh
2553;793;0;4078574.0;image/jpeg;;[];False;False;5e85041c84679a04;[];[Foto]
2554;793;11-50;4078585.0;text;;[];False;False;38b90d5daca14406;[];rame banget disini cuy
2555;793;11-50;4078598.0;text;;[];False;False;a8e8efba3364415f;[];gw lagi di warkop,,, nih
2556;793;11-50;4078602.0;text;;[];False;False;a8e8efba3364415f;[];gw udah,,, di parkiran nih
2557;793;11-50;4078614.0;text;;[];False;False;a8e8efba3364415f;[];rame banget disini cuy
2558;793;11-50;4078617.0;text;;[];False;False;a8e8efba3364415f;[];lu dimana sih,,, lama,,, banget
2559;793;0;4078659.0;video/mp4;;[];False;False;38b90d5daca14406;[];[Video]
2560;793;101-500;4078689.0;text;;['😝'];False;False;38b90d5daca14406;[];gw baru aja beres beresin kosan dan nemu barang barang lama dari jaman SMA. ada foto kelas, surat dari mantan, sama buku diary yang isinya cringe banget kalo dibaca sekarang. jadi nostalgia sendiri inget masa masa dulu yang lebih sederhana. kadang kangen juga sih jadi anak SMA lagi tanpa mikirin skripsi
2561;793;11-50;4078701.0;text;;[];False;False;38b90d5daca14406;[];ketemuan di mall jam 3 ya
2562;793;51-100;4078716.0;text;;[];False;False;38b90d5daca14406;[];motor gw mogok di tengah jalan tadi pagi jadi gw telat masuk kelas
2563;793;11-50;4078723.0;text;;['😝'];False;False;38b90d5daca14406;[];gw nyari parkir dulu bentar
2564;793;51-100;4078920.0;text;;[];False;False;a8e8efba3364415f;[];motor gw mogok di tengah jalan tadi pagi jadi gw telat masuk,,, kelas
2565;793;11-50;4078926.0;text;;[];False;False;a8e8efba3364415f;[];bsk sore ada waktu ga
2566;793;11-50;4078937.0;text;;[];False;False;a8e8efba3364415f;[];macet parah di jalan tol
2567;793;11-50;4081538.0;text;;[];False;False;38b90d5daca14406;[];gw lagi di warkop nih
2568;794;51-100;4101535.0;text;;['😜'];False;False;38b90d5daca14406;[];dosen killer itu ternyata baik banget orangnya kalo diajak ngobrol santai
2569;794;0;4101548.0;image/jpeg;;[];False;False;38b90d5daca14406;[];[Foto]
2570;794;1-10;4102088.0;text;;[];False;False;ae2df9b28028def8;[];ZONK
2571;794;1-10;4103236.0;text;;[];False;False;38b90d5daca14406;[];dih
2572;794;51-100;4103252.0;text;;['😝'];False;False;38b90d5daca14406;[];gw harus ganti strategi belajar sih soalnya nilai UTS kemarin jelek bgt
2573;794;11-50;4103665.0;text;;[];False;False;ef94490714487032;[];gw abis lari pagi tadi!!
2574;795;101-500;4148203.0;text;;[];False;False;163ff79e4f2ace22;[];gw lagi galau banget nih soal masa depan. mau lanjut S2 tapi duit ga ada, mau langsung kerja tapi pengalaman masih minim. nyokap bilang terserah gw aja tapi gw tau dia pengen gw cepet kerja biar bisa bantu ekonomi keluarga. bingung banget sih, kayak semua pilihan ada plus minusnya
2575;795;101-500;4148257.0;text;;[];False;False;163ff79e4f2ace22;[];gw lagi galau banget nih soal masa depan. mau lanjut S2 tapi duit ga ada, mau langsung kerja tapi pengalaman masih minim. nyokap bilang terserah gw aja tapi gw tau dia pengen gw cepet kerja biar bisa bantu ekonomi keluarga. bingung banget sih, kayak semua pilihan ada plus minusnya
2576;795;51-100;4148276.0;text;;[];False;False;163ff79e4f2ace22;[];kemarin gw ke toko buku beli novel baru sama buku referensi buat skripsi
2577;795;1-10;4148276.0;text;;['🤣'];False;False;163ff79e4f2ace22;[];hmm
2578;795;11-50;4148288.0;text;;[];False;False;163ff79e4f2ace22;[];kelas tambahan hari sabtu sih
2579;795;11-50;4148324.0;text;;[];False;False;163ff79e4f2ace22;[];gw baru aja dari kampus
2580;795;51-100;4148348.0;text;;[];True;False;163ff79e4f2ace22;[];menurut lu gw harus ambil mata kuliah pilihan yang mana semester depan?
2581;795;11-50;4148355.0;text;;['🙄'];False;False;163ff79e4f2ace22;[];kelas tambahan hari sabtu sih
2582;795;101-500;4149245.0;text;2574.0;[];False;False;67566b419db65cbd;[];GW LAGI GALAU BANGET NIH SOAL MASA DEPAN. MAU LANJUT S2 TAPI DUIT GA ADA, MAU LANGSUNG KERJA TAPI PENGALAMAN MASIH MINIM. NYOKAP BILANG TERSERAH GW AJA TAPI GW TAU DIA PENGEN GW CEPET KERJA BIAR BISA BANTU EKONOMI KELUARGA. BINGUNG BANGET SIH, KAYAK SEMUA PILIHAN ADA PLUS MINUSNYA
2583;795;11-50;4149291.0;text;;['🤦🏻\u200d♀️'];False;False;67566b419db65cbd;[];GW LAPER BANGET NIH
2584;795;11-50;4149394.0;text;;[];False;False;163ff79e4f2ace22;[];warteg depan kampus enak
2585;795;51-100;4149426.0;text;;[];False;False;163ff79e4f2ace22;[];gw udah bikin slides presentasi tapi kayaknya masih kurang bagus deh isinya
2586;795;51-100;4149443.0;text;;['🤣'];False;False;163ff79e4f2ace22;[];gw lagi mikirin mau ambil magang di perusahaan mana buat semester depan
2587;795;11-50;4149471.0;text;;[];False;False;163ff79e4f2ace22;[];tugas kelompok bikin pusing
2588;795;11-50;4149583.0;text;;[];False;False;741bf06081579d3d;[];gw baru aja dari kampus
2589;795;11-50;4149596.0;text;;[];False;False;741bf06081579d3d;[];gw laper banget nih
2590;795;1-10;4149873.0;text;;['🤣'];False;False;163ff79e4f2ace22;[];gpp
2591;795;1-10;4166812.0;text;;['🤣'];False;False;67566b419db65cbd;[];BOLE
2592;796;51-100;4264957.0;text;;['😎'];False;False;38b90d5daca14406;[];gw gagal diet lagi soalnya tadi sore diajak makan bakso sama temen
2593;796;1-10;4265003.0;text;;['👍'];False;False;ae2df9b28028def8;[];OOT
2594;797;11-50;4270299.0;text;;[];True;False;741bf06081579d3d;[];besok libur bukan sih?,,,
2595;797;1-10;4273084.0;text;;[];True;False;ae2df9b28028def8;[];MW?
2596;797;11-50;4273406.0;text;;[];False;False;741bf06081579d3d;[];gw mau tidur dulu ya
2597;797;1-10;4274026.0;text;;[];False;False;ae2df9b28028def8;[];HEM
2598;797;51-100;4275092.0;text;;['😪'];False;False;38b90d5daca14406;[];gw lagi dengerin podcast tentang psikologi, lumayan buat nambah wawasan
2599;797;11-50;4275099.0;text;;['😪'];False;False;38b90d5daca14406;[];internet mati lagi di kosan
2600;797;1-10;4275137.0;text;;[];False;False;be8507a72720d4c9;[];gassss
2601;798;1-10;4426900.0;image/jpeg;;[];False;False;257adae07de14378;[];[Foto]
2602;798;51-100;4530705.0;text;;[];True;False;ef94490714487032;[];eh lu udah dapet info jadwal ujian akhir semester belum dari prodi!!
2603;798;101-500;4530736.0;text;;[];True;False;ef94490714487032;[];eh ada yang punya rekomendasi laptop budget 5 jutaan yang bagus buat kuliah dan ngoding ga? laptop gw yang sekarang udah mulai lemot dan sering ngehang kalo buka banyak tab. pengennya sih yang ringan buat dibawa ke kampus tapi tetep kenceng performanya, ada saran!!
2604;798;11-50;4530841.0;text;;[];False;False;741bf06081579d3d;[];eh tadi kelas,,, seru banget
2605;798;11-50;4530864.0;text;;[];False;False;ef94490714487032;[];presentasi gw amburadul!!!
2606;798;51-100;4530887.0;text;;[];False;False;ef94490714487032;[];gw baru aja selesai ngerjain tugas sampe jam 3 pagi, mau mati rasanya!!!
2607;798;11-50;4530889.0;text;;[];False;False;741bf06081579d3d;[];gw belom mulai tugas
2608;798;11-50;4530898.0;text;;[];False;False;741bf06081579d3d;[];presentasi gw amburadul
2609;798;11-50;4530901.0;text;;['😜'];False;False;ef94490714487032;[];lab komputer penuh terus!!
2610;798;11-50;4530932.0;text;;[];False;False;ef94490714487032;[];presentasi gw amburadul!!
2611;798;51-100;4530980.0;text;;[];False;False;c0b32e0339d03430;[];eh besok kita jadi ketemuan... di... kafe deket stasiun kan ya jam 2 siang
2612;798;1-10;4530981.0;text;;['😂'];False;False;c0b32e0339d03430;[];ok
2613;798;11-50;4530994.0;text;;[];False;False;c0b32e0339d03430;[];dosen gw galak banget... sih
2614;798;1-10;4531006.0;text;;['😱'];False;False;c0b32e0339d03430;[];gas
2615;798;11-50;4531040.0;text;;[];False;False;38b90d5daca14406;[];deadline besok pagi bro
2616;798;1-10;4531044.0;text;;['😱'];False;False;ef94490714487032;[];haha!!
2617;798;11-50;4531047.0;text;;[];False;False;38b90d5daca14406;[];gw skip kelas hari ini
2618;798;11-50;4531067.0;text;;[];False;False;c0b32e0339d03430;[];gw lg ngerjain tugas nih
2619;798;11-50;4531074.0;text;;[];False;False;c0b32e0339d03430;[];gw skip kelas hari ini
2620;798;1-10;4531080.0;text;;[];False;False;c0b32e0339d03430;[];gas
2621;798;11-50;4531084.0;text;;['🤔'];False;False;38b90d5daca14406;[];gw belom mulai tugas
2622;798;11-50;4531084.0;text;;[];False;False;38b90d5daca14406;[];tadi absen ga sih kamu
2623;798;1-10;4531093.0;text;;[];False;False;c0b32e0339d03430;[];siap
2624;798;51-100;4531103.0;text;;[];False;False;38b90d5daca14406;[];tadi gw ketemu dosen pembimbing dan dia minta revisi lagi untuk bab 3
2625;798;11-50;4531104.0;text;;[];False;False;ef94490714487032;[];deadline besok pagi bro!!!
2626;798;11-50;4531111.0;text;;[];False;False;c0b32e0339d03430;[];lab komputer penuh terus...
2627;798;11-50;4531118.0;text;;[];False;False;38b90d5daca14406;[];dosen gw galak banget sih
2628;798;11-50;4531121.0;text;;[];False;False;c0b32e0339d03430;[];tadi absen ga... sih kamu...
2629;798;11-50;4531128.0;text;;[];False;False;38b90d5daca14406;[];IPK gw turun semester ini
2630;798;11-50;4531133.0;text;;[];False;False;c0b32e0339d03430;[];gw lg ngerjain tugas nih
2631;798;11-50;4531137.0;text;;[];False;False;38b90d5daca14406;[];perpus tutup jam berapa ya
2632;798;11-50;4531161.0;text;;[];True;False;38b90d5daca14406;[];lu dimana sekarang?
2633;798;1-10;4531166.0;text;;[];False;False;c0b32e0339d03430;[];wkwk
2634;798;11-50;4531171.0;text;;[];False;False;38b90d5daca14406;[];IPK gw turun semester ini
2635;798;11-50;4531173.0;text;;[];False;False;38b90d5daca14406;[];dosen gw galak banget sih
2636;798;11-50;4531185.0;text;;[];False;False;38b90d5daca14406;[];gw skip kelas hari ini
2637;798;11-50;4531206.0;text;;[];False;False;c0b32e0339d03430;[];deadline besok pagi... bro...
2638;798;11-50;4531209.0;text;;[];False;False;c0b32e0339d03430;[];tadi absen ga sih kamu
2639;798;11-50;4531217.0;text;;[];False;False;38b90d5daca14406;[];gw skip kelas hari ini
2640;798;1-10;4531225.0;text;;[];False;False;c0b32e0339d03430;[];gas
2641;798;11-50;4531230.0;text;;[];False;False;c0b32e0339d03430;[];presentasi gw amburadul
2642;798;51-100;4531252.0;text;;[];False;False;38b90d5daca14406;[];gw baru aja selesai ngerjain tugas sampe jam 3 pagi, mau mati rasanya
2643;798;11-50;4531264.0;text;;[];False;False;38b90d5daca14406;[];eh tadi kelas seru banget
2644;798;51-100;4531270.0;text;;[];False;False;c0b32e0339d03430;[];gw baru aja selesai ngerjain... tugas sampe jam 3 pagi, mau mati... rasanya
2645;798;11-50;4531271.0;text;;[];False;False;c0b32e0339d03430;[];IPK gw turun semester ini
2646;798;11-50;4531288.0;text;;[];False;False;c0b32e0339d03430;[];IPK gw turun semester ini...
2647;798;11-50;4531295.0;text;;[];False;False;c0b32e0339d03430;[];tadi absen ga sih kamu
2648;798;11-50;4531298.0;text;;[];False;False;c0b32e0339d03430;[];gw belom mulai... tugas
2649;798;51-100;4531321.0;text;;[];False;False;38b90d5daca14406;[];tadi gw ketemu dosen pembimbing dan dia minta revisi lagi untuk bab 3
2650;798;51-100;4531340.0;text;;[];False;False;38b90d5daca14406;[];gw denger katanya semester depan ada mata kuliah baru yang wajib diambil
2651;798;1-10;4531347.0;text;;[];False;False;c0b32e0339d03430;[];siap
2652;798;11-50;4531350.0;text;;['😂'];False;False;c0b32e0339d03430;[];dosen gw galak banget sih...
2653;798;51-100;4531361.0;text;;[];False;False;38b90d5daca14406;[];nyokap gw nelfon tadi nanyain kapan pulang, gw bilang aja abis ujian
2654;798;51-100;4531372.0;text;;[];False;False;38b90d5daca14406;[];gw denger katanya semester depan ada mata kuliah baru yang wajib diambil
2655;798;11-50;4531376.0;text;;[];False;False;c0b32e0339d03430;[];IPK gw turun semester... ini
2656;798;11-50;4531378.0;text;;[];False;False;38b90d5daca14406;[];tadi absen ga sih kamu
2657;798;11-50;4531379.0;text;;[];False;False;c0b32e0339d03430;[];matkul ini susah banget
2658;798;11-50;4531380.0;text;;[];False;False;38b90d5daca14406;[];gw belom mulai tugas
2659;798;11-50;4531392.0;text;;[];False;False;38b90d5daca14406;[];deadline besok pagi bro
2660;798;11-50;4531394.0;text;;[];True;False;38b90d5daca14406;[];lu dimana sekarang?
2661;798;11-50;4531398.0;text;;[];False;False;c0b32e0339d03430;[];gw belom mulai tugas...
2662;798;11-50;4531402.0;text;;[];False;False;c0b32e0339d03430;[];tadi absen ga sih... kamu...
2663;798;11-50;4531418.0;text;;[];False;False;38b90d5daca14406;[];matkul ini susah banget
2664;798;11-50;4531419.0;text;;[];False;False;c0b32e0339d03430;[];matkul ini susah banget...
2665;798;11-50;4531424.0;text;;[];False;False;c0b32e0339d03430;[];presentasi gw amburadul
2666;798;11-50;4531440.0;text;;[];False;False;c0b32e0339d03430;[];lab komputer penuh terus...
2667;798;11-50;4531442.0;text;;[];False;False;38b90d5daca14406;[];perpus tutup jam berapa ya
2668;798;11-50;4531446.0;text;;[];False;False;c0b32e0339d03430;[];lab komputer penuh terus
2669;798;1-10;4531460.0;text;;[];False;False;c0b32e0339d03430;[];siap
2670;798;101-500;4531464.0;text;;[];False;False;38b90d5daca14406;[];jadi ceritanya kemarin gw ke perpustakaan pusat buat nyari bahan referensi skripsi, ternyata bukunya udah dipinjem semua sama anak angkatan sebelah. akhirnya gw cuma bisa fotokopi dari temen yang kebetulan punya. lumayan lah daripada ga dapet sama sekali, tinggal di rangkum aja sisanya
2671;798;11-50;4531473.0;text;;[];False;False;38b90d5daca14406;[];presentasi gw amburadul
2672;798;11-50;4531478.0;text;;[];False;False;38b90d5daca14406;[];lab komputer penuh terus
2673;798;1-10;4531481.0;text;;[];False;False;c0b32e0339d03430;[];yuk
2674;798;11-50;4531486.0;text;;[];False;False;c0b32e0339d03430;[];eh tadi kelas seru... banget...
2675;798;1-10;4531488.0;text;;['😂'];False;False;c0b32e0339d03430;[];hehe
2676;798;11-50;4531493.0;text;;[];False;False;38b90d5daca14406;[];matkul ini susah banget
2677;798;11-50;4531501.0;text;;[];False;False;38b90d5daca14406;[];dosen gw galak banget sih
2678;798;11-50;4531516.0;text;;[];False;False;38b90d5daca14406;[];dosen gw galak banget sih
2679;798;11-50;4531517.0;text;;[];False;False;38b90d5daca14406;[];IPK gw turun semester ini
2680;798;11-50;4531535.0;text;;[];False;False;38b90d5daca14406;[];lab komputer penuh terus
2681;798;51-100;4531544.0;text;;[];False;False;38b90d5daca14406;[];gw baru aja selesai ngerjain tugas sampe jam 3 pagi, mau mati rasanya
2682;798;11-50;4531552.0;text;;[];True;False;c0b32e0339d03430;[];siapa yang mau ikut?
2683;798;11-50;4531554.0;text;;[];False;False;c0b32e0339d03430;[];gw lg ngerjain tugas nih
2684;798;51-100;4531574.0;text;;[];False;False;38b90d5daca14406;[];eh besok kita jadi ketemuan di kafe deket stasiun kan ya jam 2 siang
2685;798;1-10;4531576.0;text;;[];False;False;c0b32e0339d03430;[];iya
2686;798;11-50;4531579.0;text;;[];False;False;38b90d5daca14406;[];matkul ini susah banget
2687;798;1-10;4531588.0;text;;[];False;False;38b90d5daca14406;[];oke
2688;798;1-10;4531638.0;text;;[];False;False;c0b32e0339d03430;[];yuk
2689;798;11-50;4531650.0;text;;[];False;False;c0b32e0339d03430;[];IPK gw turun semester ini
2690;798;11-50;4531653.0;text;;[];False;False;c0b32e0339d03430;[];IPK gw turun... semester ini...
2691;798;11-50;4531725.0;text;;[];False;False;38b90d5daca14406;[];presentasi gw amburadul
2692;798;11-50;4531737.0;text;;[];False;False;38b90d5daca14406;[];eh tadi kelas seru banget
2693;798;11-50;4531744.0;text;;[];False;False;38b90d5daca14406;[];matkul ini susah banget
2694;798;1-10;4531745.0;text;;[];False;False;c0b32e0339d03430;[];ok
2695;798;51-100;4531754.0;text;;[];False;False;be8507a72720d4c9;[];gw denger katanya semester depan ad mata kuliah baru yg wajib diambil
2696;798;1-10;4531790.0;text;;[];False;False;be8507a72720d4c9;[];ok
2697;798;11-50;4531827.0;text;;[];False;False;38b90d5daca14406;[];gw lg ngerjain tugas nih
2698;798;51-100;4531853.0;text;;[];False;False;38b90d5daca14406;[];gw denger katanya semester depan ada mata kuliah baru yang wajib diambil
2699;798;51-100;4531867.0;text;;[];False;False;38b90d5daca14406;[];tadi gw ketemu dosen pembimbing dan dia minta revisi lagi untuk bab 3
2700;798;101-500;4531901.0;text;;[];False;False;38b90d5daca14406;[];jadi ceritanya kemarin gw ke perpustakaan pusat buat nyari bahan referensi skripsi, ternyata bukunya udah dipinjem semua sama anak angkatan sebelah. akhirnya gw cuma bisa fotokopi dari temen yang kebetulan punya. lumayan lah daripada ga dapet sama sekali, tinggal di rangkum aja sisanya
2701;798;11-50;4531903.0;text;;[];False;False;38b90d5daca14406;[];tadi absen ga sih kamu
2702;798;51-100;4531916.0;text;;[];False;False;38b90d5daca14406;[];tadi gw ketemu dosen pembimbing dan dia minta revisi lagi untuk bab 3
2703;798;11-50;4531933.0;text;;[];False;False;38b90d5daca14406;[];perpus tutup jam berapa ya
2704;798;11-50;4531976.0;text;;[];False;False;c0b32e0339d03430;[];gw belom mulai tugas
2705;798;11-50;4531981.0;text;;[];False;False;c0b32e0339d03430;[];gw skip kelas hari ini
2706;798;11-50;4532005.0;text;;[];False;False;c0b32e0339d03430;[];dosen gw galak banget... sih...
2707;798;11-50;4532017.0;text;;[];False;False;be8507a72720d4c9;[];perpus tutup jam berapa ya
2708;798;51-100;4532033.0;text;;[];False;False;38b90d5daca14406;[];nyokap gw nelfon tadi nanyain kapan pulang, gw bilang aja abis ujian
2709;798;11-50;4532036.0;text;;[];False;False;38b90d5daca14406;[];dosen gw galak banget sih
2710;798;1-10;4532049.0;text;;[];False;False;c0b32e0339d03430;[];gas
2711;798;51-100;4532056.0;text;;[];False;False;38b90d5daca14406;[];gw baru aja selesai ngerjain tugas sampe jam 3 pagi, mau mati rasanya
2712;798;11-50;4532057.0;text;;[];False;False;c0b32e0339d03430;[];tadi absen ga sih kamu
2713;798;1-10;4532058.0;text;;[];False;False;c0b32e0339d03430;[];iya
2714;798;11-50;4532061.0;text;;[];False;False;c0b32e0339d03430;[];gw skip kelas... hari ini
2715;798;11-50;4532062.0;text;;[];False;False;c0b32e0339d03430;[];gw skip kelas hari ini...
2716;798;11-50;4532070.0;text;;[];False;False;c0b32e0339d03430;[];lab komputer penuh... terus
2717;798;11-50;4532073.0;text;;[];False;False;c0b32e0339d03430;[];lab komputer penuh terus...
2718;798;51-100;4532074.0;text;;[];False;False;38b90d5daca14406;[];eh besok kita jadi ketemuan di kafe deket stasiun kan ya jam 2 siang
2719;798;11-50;4532096.0;text;;[];False;False;be8507a72720d4c9;[];tadi absen ga sih km
2720;798;51-100;4532099.0;text;;[];False;False;38b90d5daca14406;[];nyokap gw nelfon tadi nanyain kapan pulang, gw bilang aja abis ujian
2721;798;11-50;4532106.0;text;;[];False;False;38b90d5daca14406;[];IPK gw turun semester ini
2722;798;11-50;4532122.0;text;;[];True;False;be8507a72720d4c9;[];tugas dikumpul kapan sih?
2723;798;51-100;4532132.0;text;;[];False;False;38b90d5daca14406;[];tadi gw ketemu dosen pembimbing dan dia minta revisi lagi untuk bab 3
2724;798;1-10;4532142.0;text;;[];False;False;38b90d5daca14406;[];oke
2725;798;11-50;4532151.0;text;;[];False;False;38b90d5daca14406;[];matkul ini susah banget
2726;798;51-100;4532187.0;text;;[];False;False;38b90d5daca14406;[];eh besok kita jadi ketemuan di kafe deket stasiun kan ya jam 2 siang
2727;798;0;4532297.0;image/jpeg;;[];False;False;be8507a72720d4c9;[];[Foto]
2728;798;11-50;4532303.0;text;;[];False;False;be8507a72720d4c9;[];dosen gw galak bgt sih
2729;798;1-10;4532303.0;text;;['😂'];False;False;c0b32e0339d03430;[];dah
2730;798;11-50;4532327.0;text;;[];False;False;c0b32e0339d03430;[];dosen gw galak banget... sih
2731;798;11-50;4532695.0;text;;[];False;False;38b90d5daca14406;[];gw lg ngerjain tugas nih
2732;798;1-10;4532708.0;text;;[];False;False;ef94490714487032;[];oke!!
2733;798;11-50;4532714.0;text;;[];False;False;ef94490714487032;[];gw skip kelas hari ini!!
2734;799;11-50;4566158.0;text;2705.0;[];False;False;ae2df9b28028def8;[];GW SKIP KELAS HARI INI
2735;799;101-500;4566203.0;text;;[];False;False;ae2df9b28028def8;[];JADI CERITANYA KEMARIN GW KE PERPUSTAKAAN PUSAT BUAT NYARI BAHAN REFERENSI SKRIPSI, TERNYATA BUKUNYA UDAH DIPINJEM SEMUA SAMA ANAK ANGKATAN SEBELAH. AKHIRNYA GW CUMA BISA FOTOKOPI DARI TEMEN YANG KEBETULAN PUNYA. LUMAYAN LAH DARIPADA GA DAPET SAMA SEKALI, TINGGAL DI RANGKUM AJA SISANYA
2736;799;101-500;4566315.0;text;;[];False;False;ae2df9b28028def8;[];JADI CERITANYA KEMARIN GW KE PERPUSTAKAAN PUSAT BUAT NYARI BAHAN REFERENSI SKRIPSI, TERNYATA BUKUNYA UDAH DIPINJEM SEMUA SAMA ANAK ANGKATAN SEBELAH. AKHIRNYA GW CUMA BISA FOTOKOPI DARI TEMEN YANG KEBETULAN PUNYA. LUMAYAN LAH DARIPADA GA DAPET SAMA SEKALI, TINGGAL DI RANGKUM AJA SISANYA
2737;799;11-50;4566634.0;text;;[];False;False;c0b32e0339d03430;[];matkul ini susah banget
2738;799;51-100;4566672.0;text;;[];False;False;ae2df9b28028def8;[];GW BARU AJA SELESAI NGERJAIN TUGAS SAMPE JAM 3 PAGI, MAU MATI RASANYA
2739;799;51-100;4566689.0;text;;[];False;False;ae2df9b28028def8;[];TADI GW KETEMU DOSEN PEMBIMBING DAN DIA MINTA REVISI LAGI UNTUK BAB 3
2740;799;11-50;4566774.0;text;;[];False;False;c0b32e0339d03430;[];tadi absen ga... sih... kamu
2741;799;1-10;4566782.0;text;;[];False;False;c0b32e0339d03430;[];haha
2742;799;51-100;4566817.0;text;;[];False;False;c0b32e0339d03430;[];nyokap gw nelfon... tadi nanyain... kapan... pulang, gw bilang aja abis ujian
2743;799;11-50;4566833.0;text;;[];False;False;ae2df9b28028def8;[];DEADLINE BESOK PAGI BRO
2744;799;51-100;4566853.0;text;;[];False;False;c0b32e0339d03430;[];tadi gw ketemu dosen pembimbing... dan dia minta revisi lagi untuk bab 3
2745;799;101-500;4566880.0;text;;[];False;False;ae2df9b28028def8;[];JADI CERITANYA KEMARIN GW KE PERPUSTAKAAN PUSAT BUAT NYARI BAHAN REFERENSI SKRIPSI, TERNYATA BUKUNYA UDAH DIPINJEM SEMUA SAMA ANAK ANGKATAN SEBELAH. AKHIRNYA GW CUMA BISA FOTOKOPI DARI TEMEN YANG KEBETULAN PUNYA. LUMAYAN LAH DARIPADA GA DAPET SAMA SEKALI, TINGGAL DI RANGKUM AJA SISANYA
2746;799;11-50;4566919.0;text;;[];False;False;ae2df9b28028def8;[];DEADLINE BESOK PAGI BRO
2747;799;51-100;4566921.0;text;;[];False;False;ae2df9b28028def8;[];NYOKAP GW NELFON TADI NANYAIN KAPAN PULANG, GW BILANG AJA ABIS UJIAN
2748;799;51-100;4566940.0;text;;[];False;False;be8507a72720d4c9;[];nyokap gw nelfon tadi nanyain kapan pulang, gw bilang aja abis ujian
2749;799;1-10;4566946.0;text;;[];False;False;be8507a72720d4c9;[];yoi
2750;799;11-50;4566949.0;text;;[];False;False;be8507a72720d4c9;[];eh tadi kelas seru bgt
2751;799;1-10;4567003.0;text;;[];False;False;c0b32e0339d03430;[];siap
2752;799;11-50;4567008.0;text;;[];False;False;c0b32e0339d03430;[];gw lg ngerjain tugas... nih
2753;799;11-50;4567015.0;text;;[];False;False;c0b32e0339d03430;[];deadline besok pagi... bro
2754;799;51-100;4567044.0;text;;[];False;False;c0b32e0339d03430;[];eh besok kita jadi ketemuan di... kafe deket stasiun kan ya jam 2 siang
2755;799;101-500;4567046.0;text;;[];False;False;ae2df9b28028def8;[];JADI CERITANYA KEMARIN GW KE PERPUSTAKAAN PUSAT BUAT NYARI BAHAN REFERENSI SKRIPSI, TERNYATA BUKUNYA UDAH DIPINJEM SEMUA SAMA ANAK ANGKATAN SEBELAH. AKHIRNYA GW CUMA BISA FOTOKOPI DARI TEMEN YANG KEBETULAN PUNYA. LUMAYAN LAH DARIPADA GA DAPET SAMA SEKALI, TINGGAL DI RANGKUM AJA SISANYA
2756;799;51-100;4567066.0;text;;[];False;False;c0b32e0339d03430;[];tadi gw ketemu dosen pembimbing dan dia minta revisi lagi untuk bab 3
2757;799;11-50;4567072.0;text;;[];False;False;c0b32e0339d03430;[];IPK gw turun semester ini
2758;799;11-50;4567110.0;text;2755.0;[];False;False;be8507a72720d4c9;[];gw skip kelas hari ni
2759;799;11-50;4567138.0;text;;[];False;False;be8507a72720d4c9;[];perpus tutup jam berapa ya
2760;799;11-50;4567140.0;text;;[];False;False;be8507a72720d4c9;[];gw lg ngerjain tugas nih
2761;799;101-500;4567231.0;text;;[];False;False;ae2df9b28028def8;[];JADI CERITANYA KEMARIN GW KE PERPUSTAKAAN PUSAT BUAT NYARI BAHAN REFERENSI SKRIPSI, TERNYATA BUKUNYA UDAH DIPINJEM SEMUA SAMA ANAK ANGKATAN SEBELAH. AKHIRNYA GW CUMA BISA FOTOKOPI DARI TEMEN YANG KEBETULAN PUNYA. LUMAYAN LAH DARIPADA GA DAPET SAMA SEKALI, TINGGAL DI RANGKUM AJA SISANYA
2762;799;1-10;4567251.0;text;;['😂'];False;False;c0b32e0339d03430;[];otw
2763;799;11-50;4567253.0;text;;[];False;False;c0b32e0339d03430;[];matkul ini susah banget
2764;799;11-50;4567266.0;text;;[];False;False;c0b32e0339d03430;[];gw belom mulai... tugas
2765;799;11-50;4567272.0;text;;[];False;False;c0b32e0339d03430;[];perpus tutup jam berapa ya
2766;799;11-50;4567285.0;text;;[];False;False;c0b32e0339d03430;[];gw skip kelas hari ini
2767;799;101-500;4567334.0;text;;[];False;False;ae2df9b28028def8;[];JADI CERITANYA KEMARIN GW KE PERPUSTAKAAN PUSAT BUAT NYARI BAHAN REFERENSI SKRIPSI, TERNYATA BUKUNYA UDAH DIPINJEM SEMUA SAMA ANAK ANGKATAN SEBELAH. AKHIRNYA GW CUMA BISA FOTOKOPI DARI TEMEN YANG KEBETULAN PUNYA. LUMAYAN LAH DARIPADA GA DAPET SAMA SEKALI, TINGGAL DI RANGKUM AJA SISANYA
2768;799;51-100;4567337.0;text;2761.0;[];False;False;be8507a72720d4c9;[];tadi gw ketemu dosen pembimbing dan dia minta revisi lg utk bab 3
2769;799;51-100;4567359.0;text;;[];False;False;ae2df9b28028def8;[];GW DENGER KATANYA SEMESTER DEPAN ADA MATA KULIAH BARU YANG WAJIB DIAMBIL
2770;799;51-100;4567378.0;text;;[];False;False;ae2df9b28028def8;[];NYOKAP GW NELFON TADI NANYAIN KAPAN PULANG, GW BILANG AJA ABIS UJIAN
2771;799;11-50;4567383.0;text;;[];False;False;ae2df9b28028def8;[];DEADLINE BESOK PAGI BRO
2772;799;51-100;4567397.0;text;;[];False;False;be8507a72720d4c9;[];nyokap gw nelfon tadi nanyain kapan pulang, gw bilang aja abis ujian
2773;799;11-50;4567416.0;text;;[];False;False;ae2df9b28028def8;[];GW BELOM MULAI TUGAS
2774;799;51-100;4567442.0;text;;[];False;False;ae2df9b28028def8;[];EH BESOK KITA JADI KETEMUAN DI KAFE DEKET STASIUN KAN YA JAM 2 SIANG
2775;799;101-500;4567459.0;text;;[];False;False;c0b32e0339d03430;[];jadi ceritanya kemarin... gw ke... perpustakaan... pusat buat nyari bahan referensi skripsi,... ternyata bukunya udah... dipinjem semua sama anak angkatan sebelah.... akhirnya gw cuma bisa fotokopi dari temen yang kebetulan... punya. lumayan lah daripada ga dapet sama sekali, tinggal di rangkum aja sisanya
2776;799;11-50;4567466.0;text;;[];False;False;c0b32e0339d03430;[];matkul ini susah banget
2777;799;1-10;4567473.0;text;;[];False;False;c0b32e0339d03430;[];dah
2778;799;11-50;4567485.0;text;;[];False;False;c0b32e0339d03430;[];tadi absen ga sih kamu
2779;799;11-50;4567513.0;text;;[];False;False;c0b32e0339d03430;[];gw skip kelas hari ini
2780;799;11-50;4567522.0;text;;[];False;False;c0b32e0339d03430;[];lab komputer penuh... terus
2781;799;51-100;4567529.0;text;;[];False;False;be8507a72720d4c9;[];gw denger katanya semester depan ad mata kuliah baru yg wajib diambil
2782;799;11-50;4567558.0;text;;[];False;False;c0b32e0339d03430;[];lab komputer penuh terus
2783;799;11-50;4567564.0;text;;[];False;False;c0b32e0339d03430;[];gw belom mulai tugas
2784;799;11-50;4567571.0;text;;[];False;False;c0b32e0339d03430;[];presentasi gw amburadul
2785;799;1-10;4567577.0;text;;[];False;False;c0b32e0339d03430;[];gas
2786;799;11-50;4567578.0;text;;[];False;False;be8507a72720d4c9;[];presentasi gw amburadul
2787;799;101-500;4567578.0;text;;[];False;False;ae2df9b28028def8;[];JADI CERITANYA KEMARIN GW KE PERPUSTAKAAN PUSAT BUAT NYARI BAHAN REFERENSI SKRIPSI, TERNYATA BUKUNYA UDAH DIPINJEM SEMUA SAMA ANAK ANGKATAN SEBELAH. AKHIRNYA GW CUMA BISA FOTOKOPI DARI TEMEN YANG KEBETULAN PUNYA. LUMAYAN LAH DARIPADA GA DAPET SAMA SEKALI, TINGGAL DI RANGKUM AJA SISANYA
2788;799;1-10;4567580.0;text;;[];False;False;c0b32e0339d03430;[];ok
2789;799;1-10;4567586.0;text;;[];False;False;c0b32e0339d03430;[];yuk
2790;799;51-100;4567603.0;text;;[];False;False;ae2df9b28028def8;[];TADI GW KETEMU DOSEN PEMBIMBING DAN DIA MINTA REVISI LAGI UNTUK BAB 3
2791;799;11-50;4567629.0;text;;[];False;False;ae2df9b28028def8;[];TADI ABSEN GA SIH KAMU
2792;799;51-100;4567681.0;text;;[];False;False;ae2df9b28028def8;[];TADI GW KETEMU DOSEN PEMBIMBING DAN DIA MINTA REVISI LAGI UNTUK BAB 3
2793;799;11-50;4567691.0;text;;[];True;False;be8507a72720d4c9;[];lu dmn skrg?
2794;799;51-100;4567721.0;text;;[];False;False;c0b32e0339d03430;[];gw denger katanya semester depan ada mata kuliah... baru yang wajib diambil...
2795;799;51-100;4567724.0;text;;[];False;False;ae2df9b28028def8;[];TADI GW KETEMU DOSEN PEMBIMBING DAN DIA MINTA REVISI LAGI UNTUK BAB 3
2796;799;11-50;4567738.0;text;;[];False;False;c0b32e0339d03430;[];eh tadi kelas seru banget
2797;799;11-50;4567742.0;text;;[];False;False;c0b32e0339d03430;[];matkul ini susah banget...
2798;799;11-50;4567755.0;text;;[];False;False;c0b32e0339d03430;[];deadline besok pagi bro
2799;799;51-100;4567808.0;text;;[];False;False;c0b32e0339d03430;[];eh besok kita jadi ketemuan di kafe deket stasiun kan ya jam 2 siang
2800;799;11-50;4567824.0;text;;[];False;False;c0b32e0339d03430;[];dosen gw galak banget sih
2801;799;11-50;4567827.0;text;;['😂'];False;False;c0b32e0339d03430;[];presentasi gw amburadul
2802;799;1-10;4567944.0;text;;[];False;False;be8507a72720d4c9;[];otw
2803;799;11-50;4567957.0;text;;[];True;False;be8507a72720d4c9;[];siapa yg mau ikut?
2804;799;1-10;4567958.0;text;;[];False;False;c0b32e0339d03430;[];dah
2805;799;11-50;4567961.0;text;;[];False;False;c0b32e0339d03430;[];lab komputer penuh terus
2806;799;11-50;4567994.0;text;;[];False;False;c0b32e0339d03430;[];presentasi gw amburadul
2807;799;11-50;4568025.0;text;;[];False;False;be8507a72720d4c9;[];gw lg ngerjain tugas nih
2808;799;11-50;4568040.0;text;;[];False;False;be8507a72720d4c9;[];gw skip kelas hari ni
2809;799;1-10;4568128.0;text;;[];False;False;c0b32e0339d03430;[];siap
2810;799;11-50;4568132.0;text;;[];True;False;c0b32e0339d03430;[];jadi ketemuan ga hari... ini?
2811;799;1-10;4568152.0;text;;[];False;False;be8507a72720d4c9;[];ok
2812;799;51-100;4568161.0;text;;[];False;False;be8507a72720d4c9;[];nyokap gw nelfon tadi nanyain kapan pulang, gw bilang aja abis ujian
2813;799;1-10;4568163.0;text;;[];False;False;be8507a72720d4c9;[];yoi
2814;799;1-10;4568172.0;text;;[];False;False;c0b32e0339d03430;[];hehe
2815;799;11-50;4568177.0;text;;[];False;False;c0b32e0339d03430;[];deadline besok pagi bro
2816;799;11-50;4568177.0;text;;[];False;False;c0b32e0339d03430;[];eh tadi kelas seru banget
2817;799;11-50;4568179.0;text;;[];False;False;be8507a72720d4c9;[];gw skip kelas hari ni
2818;799;11-50;4568184.0;text;;[];False;False;c0b32e0339d03430;[];gw skip kelas hari ini...
2819;799;1-10;4568190.0;text;;[];False;False;c0b32e0339d03430;[];ok
2820;799;1-10;4568194.0;text;;[];False;False;c0b32e0339d03430;[];hehe
2821;799;11-50;4568197.0;text;;[];False;False;c0b32e0339d03430;[];gw belom mulai tugas
2822;799;1-10;4568214.0;text;;[];False;False;be8507a72720d4c9;[];yuk
2823;799;11-50;4568214.0;text;;[];False;False;be8507a72720d4c9;[];perpus tutup jam berapa ya
2824;799;11-50;4568358.0;text;2761.0;[];False;True;38b90d5daca14406;[];gila sih lu bisa gitu!
2825;799;11-50;4568372.0;text;;['💪🏻'];False;True;38b90d5daca14406;[];mantap banget hasilnya!
2826;799;1-10;4568381.0;text;;['😅'];False;False;ae2df9b28028def8;[];OTW
2827;799;11-50;4568402.0;text;2822.0;['🤣'];False;False;c0b32e0339d03430;[];deadline besok pagi bro
2828;799;11-50;4568408.0;text;;[];False;False;c0b32e0339d03430;[];dosen gw galak banget sih
2829;799;51-100;4568481.0;text;;[];False;False;38b90d5daca14406;[];eh besok kita jadi ketemuan di kafe deket stasiun kan ya jam 2 siang
2830;799;51-100;4568489.0;text;;[];False;False;38b90d5daca14406;[];nyokap gw nelfon tadi nanyain kapan pulang, gw bilang aja abis ujian
2831;799;1-10;4568491.0;text;;[];False;False;be8507a72720d4c9;[];ok
2832;799;11-50;4568495.0;text;;[];False;False;be8507a72720d4c9;[];ipk gw turun semester ni
2833;799;11-50;4568501.0;text;;[];False;False;be8507a72720d4c9;[];dosen gw galak bgt sih
2834;799;11-50;4568507.0;text;;[];False;False;38b90d5daca14406;[];matkul ini susah banget
2835;799;11-50;4568509.0;text;;[];False;False;be8507a72720d4c9;[];dosen gw galak bgt sih
2836;800;11-50;4574617.0;text;;[];True;False;257adae07de14378;[];ad yg pny... catetan?
2837;800;101-500;4574669.0;text;;[];False;False;ae2df9b28028def8;[];GW LAGI GALAU BANGET NIH SOAL MASA DEPAN. MAU LANJUT S2 TAPI DUIT GA ADA, MAU LANGSUNG KERJA TAPI PENGALAMAN MASIH MINIM. NYOKAP BILANG TERSERAH GW AJA TAPI GW TAU DIA PENGEN GW CEPET KERJA BIAR BISA BANTU EKONOMI KELUARGA. BINGUNG BANGET SIH, KAYAK SEMUA PILIHAN ADA PLUS MINUSNYA
2838;800;51-100;4574693.0;text;;[];False;False;257adae07de14378;[];kosan gw bocor... lg pas hujan semalam, kasur gw basah smua parah... bgt
2839;800;11-50;4574726.0;text;;[];False;False;ae2df9b28028def8;[];DOSEN PEMBIMBING SUSAH DITEMUI
2840;800;51-100;4574732.0;text;;[];False;False;ae2df9b28028def8;[];GW LAGI MIKIRIN MAU AMBIL MAGANG DI PERUSAHAAN MANA BUAT SEMESTER DEPAN
2841;800;11-50;4574748.0;text;;[];False;False;257adae07de14378;[];tugas kelompok bikin pusing
2842;800;11-50;4574756.0;text;;[];False;False;257adae07de14378;[];kelas tambahan hari sabtu sih
2843;800;51-100;4574760.0;text;;[];False;False;ae2df9b28028def8;[];JANGAN LUPA BESOK KUMPUL DI LOBBY KAMPUS JAM 8 PAGI BUAT BERANGKAT BARENG
2844;800;11-50;4574776.0;text;;[];False;False;257adae07de14378;[];kelas tambahan hari sabtu sih
2845;800;11-50;4574790.0;text;;[];False;False;257adae07de14378;[];sidang minggu depan doain ya
2846;800;51-100;4574854.0;text;;[];False;False;257adae07de14378;[];gw lg mikirin... mau ambil magang di perusahaan mana buat semester depan
2847;800;51-100;4574899.0;text;;[];False;False;257adae07de14378;[];kemarin gw ke toko buku beli novel baru sm buku... referensi buat skripsi
2848;800;1-10;4574910.0;text;;[];False;False;257adae07de14378;[];sabi
2849;800;11-50;4574929.0;text;;[];False;False;ae2df9b28028def8;[];DOSEN PEMBIMBING SUSAH DITEMUI
2850;800;51-100;4575027.0;text;;[];False;False;257adae07de14378;[];kosan gw bocor lg pas... hujan semalam, kasur gw basah smua parah... bgt
2851;800;1-10;4575039.0;text;;[];False;False;257adae07de14378;[];aman
2852;800;51-100;4575083.0;text;;[];False;False;257adae07de14378;[];jangan lupa besok kumpul di lobby kampus jam 8 pagi buat berangkat... bareng
2853;800;11-50;4575115.0;text;;[];False;False;257adae07de14378;[];gw laper bgt nih...
2854;801;51-100;4582161.0;text;;[];True;False;c0b32e0339d03430;['ef94490714487032', '38b90d5daca14406'];ada yang mau patungan buat beli kado ulang tahun si anu ga?
2855;801;1-10;4582172.0;text;;[];False;False;ef94490714487032;[];gassss!!!
2856;801;51-100;4582196.0;text;;[];False;False;ef94490714487032;[];gw seneng banget akhirnya bisa ketemu temen temen lama setelah lama ga!!!
2857;801;1-10;4582526.0;text;;[];False;False;c0b32e0339d03430;[];gassss
2858;801;11-50;4582626.0;text;;[];False;False;c0b32e0339d03430;[];gw lagi di atm sebentar
2859;801;51-100;4582627.0;text;;[];True;False;ef94490714487032;[];kapan ya terakhir kali kita semua ngumpul lengkap kayak dulu!!
2860;801;11-50;4582628.0;text;;[];False;False;c0b32e0339d03430;[];capek banget hari... ini asli
2861;801;11-50;4582632.0;text;;[];False;False;c0b32e0339d03430;[];gw lg sibuk bgt minggu... ini...
2862;801;1-10;4582632.0;text;;['😂'];False;False;c0b32e0339d03430;[];hem
2863;801;51-100;4582641.0;text;;[];False;False;ef94490714487032;[];tadi gw antri di administrasi kampus 2 jam cuma buat ngurus surat!!!
2864;801;1-10;4582654.0;text;;['🤦\u200d♂️'];False;False;c0b32e0339d03430;[];hem
2865;801;51-100;4582663.0;text;;[];False;False;ef94490714487032;[];gw seneng banget akhirnya bisa ketemu temen temen lama setelah lama ga!!!
2866;801;11-50;4582680.0;text;;['🤷🏻\u200d♀️'];False;False;ef94490714487032;[];ntar gw kabarin lagi deh!!!
2867;801;11-50;4582725.0;text;;[];False;False;ef94490714487032;[];capek banget hari ini asli!!!
2868;801;11-50;4582741.0;text;;[];True;False;be8507a72720d4c9;[];gw hrs bawa apa aja?
2869;801;1-10;4582753.0;text;;['😬'];False;False;c0b32e0339d03430;[];ah
2870;802;101-500;4596515.0;text;;[];False;False;be8507a72720d4c9;[];gw baru aja beres beresin kosan dan nemu barang barang lama dr jaman sma. ad foto kelas, surat dr mantan, sm buku diary yg isinya cringe bgt kalo dibaca skrg. jadi nostalgia sendiri inget masa masa dulu yg lebih sederhana. kadang kangen jg sih jadi anak sma lg tanpa mikirin skripsi
2871;802;11-50;4596519.0;text;;[];False;False;be8507a72720d4c9;[];jangan lupa bawa duit cash
2872;802;11-50;4596843.0;text;;[];False;False;38b90d5daca14406;[];gw udah di parkiran nih
2873;802;11-50;4596846.0;text;;['🙄'];False;False;38b90d5daca14406;[];kita ketemuan dimana aja deh
2874;802;51-100;4599902.0;text;;[];False;False;257adae07de14378;[];gw lg nyoba masak rendang... resep... nyokap tp... kayaknya gagal total deh
2875;802;11-50;4599939.0;text;;[];False;False;257adae07de14378;[];ketemuan di mall jam 3 ya
2876;802;11-50;4599956.0;text;;[];False;False;257adae07de14378;[];macet parah di jalan tol
2877;802;11-50;4599966.0;text;;[];False;False;257adae07de14378;[];macet parah di jalan tol
2878;802;11-50;4599992.0;text;;[];False;False;257adae07de14378;[];macet parah di jalan... tol
2879;803;11-50;4611265.0;text;;[];False;False;be8507a72720d4c9;[];lab komputer penuh terus
2880;803;101-500;4616550.0;text;;[];False;False;257adae07de14378;[];jadi ceritanya kemarin gw ke perpustakaan... pusat buat nyari bahan referensi skripsi, ternyata bukunya udah... dipinjem smua sm anak angkatan... sebelah. akhirnya gw cuma... bs fotokopi dr... temen yg kebetulan pny. lumayan lah daripada ga... dapet sm sekali, tinggal di rangkum aja sisanya
2881;804;0;4686155.0;image/jpeg;;[];False;False;603c5549febf3726;[];[Foto]
2882;804;1-10;4687589.0;text;;[];False;False;741bf06081579d3d;[];gpp
2883;805;1-10;4691849.0;text;;['🤣'];False;False;257adae07de14378;[];woles
2884;805;11-50;4695164.0;text;;[];False;False;e343fd7560989e6c;[];gw baruu aja ketemu mantan
2885;805;1-10;4695167.0;text;;[];False;False;e343fd7560989e6c;[];anjay
2886;805;1-10;4695176.0;text;;[];False;False;e343fd7560989e6c;[];gilaaaa
2887;806;11-50;4705825.0;text;;['😅'];False;False;38b90d5daca14406;[];eh denger gosip belum
2888;806;11-50;4705847.0;text;;[];False;False;38b90d5daca14406;[];angkot ke sana masih ada ga
2889;806;101-500;4705881.0;text;;[];False;False;38b90d5daca14406;[];hari ini gw iseng nyoba bikin kopi pake metode V60 yang lagi hype di kalangan anak anak kampus. beli alatnya lumayan mahal sih tapi hasilnya emang beda dari kopi sachet biasa. kopinya lebih smooth dan ga terlalu pahit. kayaknya gw bakal ketagihan nih bikin kopi sendiri tiap pagi sebelum ke kampus
2890;806;11-50;4705898.0;text;;['😅'];False;False;38b90d5daca14406;[];reuni kapan ya kita
2891;806;1-10;4708117.0;text;;[];False;False;be8507a72720d4c9;[];cape
2892;806;11-50;4708118.0;text;;[];False;False;be8507a72720d4c9;[];temenin gw dong besok
2893;807;51-100;4741102.0;text;;[];False;False;be8507a72720d4c9;[];gw baru aja dapet kabar kalo temen kita diterima kerja di luar negeri
2894;807;1-10;4741104.0;text;;[];False;False;be8507a72720d4c9;[];wkwkw
2895;808;11-50;4746641.0;text;;['🤣'];False;False;38b90d5daca14406;[];playlist lo yang mana sih
2896;808;11-50;4746647.0;text;;[];False;False;38b90d5daca14406;[];playlist lo yang mana sih
2897;809;51-100;4830490.0;text;;[];True;False;741bf06081579d3d;[];lu pernah,,, coba,,, belajar bareng di perpus kota ga, enak ga disana?,,,
2898;809;11-50;4830704.0;image/jpeg;;[];True;False;741bf06081579d3d;[];[Foto]
2899;809;11-50;4832978.0;text;;[];False;False;be8507a72720d4c9;[];pacarnya baru siapa sih
2900;809;11-50;4832983.0;text;;[];False;False;be8507a72720d4c9;[];pacarnya baru siapa sih
2901;809;11-50;4833004.0;text;;[];False;True;741bf06081579d3d;[];gw kaget pas denger itu!
2902;809;1-10;4834821.0;text;;[];False;False;be8507a72720d4c9;[];gabut
2903;809;11-50;4835237.0;text;;[];False;False;741bf06081579d3d;[];si itu udah putus katanya
2904;809;1-10;4837733.0;text;;[];False;False;257adae07de14378;[];udah
2905;809;0;4839595.0;video/mp4;;[];False;False;a59198d55464ff40;[];[Video]
2906;809;11-50;4839612.0;text;;[];True;False;a59198d55464ff40;[];kos lu dimana sih tepatnya?
2907;809;1-10;4839662.0;text;;[];False;False;741bf06081579d3d;[];sama
2908;809;1-10;4839685.0;text;;[];False;False;a59198d55464ff40;[];Dong.
2909;809;11-50;4839692.0;text;;[];False;False;a59198d55464ff40;[];Temenin gw dong besok.
2910;809;11-50;4839701.0;text;;[];False;False;a59198d55464ff40;[];Jangan bilang siapa siapa ya.
2911;809;11-50;4839896.0;text;;[];False;False;741bf06081579d3d;[];gw ga percaya sih,,, gosipnya
2912;809;1-10;4839898.0;text;;[];False;False;741bf06081579d3d;[];trus
2913;809;11-50;4841271.0;text;;[];False;False;603c5549febf3726;[];Jangan bilang siapa siapa ya.
2914;809;11-50;4841307.0;text;;['😳'];False;False;603c5549febf3726;[];Pacarnya baru siapa sih.
2915;809;11-50;4842822.0;text;;[];False;False;ef94490714487032;[];temen gw sakit masuk RS!!!
2916;809;101-500;4846200.0;text;;[];False;False;4b8885bb32623f15;[];hari ini gw iseng nyoba bikin kopi pake metode v60 yang lagi hype di kalangan anak anak kampus. beli alatnya lumayan mahal sih tapi hasilnya emang beda dari kopi sachet biasa. kopinya lebih smooth dan ga terlalu pahit. kayaknya gw bakal ketagihan nih bikin kopi sendiri tiap pagi sebelum ke kampus
2917;809;51-100;4846295.0;text;;[];False;False;4b8885bb32623f15;[];gw baru aja dapet kabar kalo temen kita diterima kerja di luar negeri
2918;809;101-500;4846453.0;text;;[];False;False;4b8885bb32623f15;[];hari ini gw iseng nyoba bikin kopi pake metode v60 yang lagi hype di kalangan anak anak kampus. beli alatnya lumayan mahal sih tapi hasilnya emang beda dari kopi sachet biasa. kopinya lebih smooth dan ga terlalu pahit. kayaknya gw bakal ketagihan nih bikin kopi sendiri tiap pagi sebelum ke kampus
2919;809;51-100;4846548.0;text;;[];False;False;4b8885bb32623f15;[];wifi kosan gw lemot banget jadi gw ke perpus aja buat ngerjain tugas
2920;810;0;5092586.0;video/mp4;;[];False;False;a71ff116bf72ec95;[];[Video]
2921;810;11-50;5092824.0;text;;[];False;True;741bf06081579d3d;[];capek banget hari ini!
2922;810;11-50;5092833.0;text;;[];False;False;741bf06081579d3d;[];gw mau pesen gofood dulu
2923;810;1-10;5092841.0;text;;['😁'];False;False;a71ff116bf72ec95;[];gass
2924;810;1-10;5092846.0;text;;['😂'];False;False;a71ff116bf72ec95;[];woy
2925;810;11-50;5092860.0;text;;[];False;False;a71ff116bf72ec95;[];sarapan dulu baru mikir
2926;810;11-50;5093156.0;text;;[];True;False;3a5733296e2729c1;[];bayar berapa sih tdai?
2927;810;11-50;5093180.0;text;;['🤣'];False;True;38b90d5daca14406;[];capek banget hari ini!
2928;810;1-10;5093243.0;text;;['🤣'];False;False;603c5549febf3726;[];Bener.
2929;810;11-50;5093491.0;text;;[];False;False;be8507a72720d4c9;[];kopi susu yg biasa ya
2930;810;1-10;5093517.0;text;;[];False;False;3a5733296e2729c1;[];bro
2931;810;11-50;5093768.0;text;;[];False;True;ef94490714487032;[];capek banget hari ini!!
2932;811;51-100;5112987.0;text;;[];True;False;ae2df9b28028def8;[];KIRA KIRA KALO GW APPLY MAGANG SEKARANG MASIH KEBURU GA YA?
2933;811;0;5113004.0;video/mp4;;[];False;False;ae2df9b28028def8;[];[Video]
2934;811;1-10;5113005.0;text;;[];True;False;be8507a72720d4c9;[];gitu?
2935;811;51-100;5113105.0;text;;[];False;False;ae2df9b28028def8;[];DOSEN KILLER ITU TERNYATA BAIK BANGET ORANGNYA KALO DIAJAK NGOBROL SANTAI
2936;811;11-50;5113147.0;text;;[];False;False;be8507a72720d4c9;[];game baru udah download blm
2937;811;1-10;5113147.0;text;;[];False;False;be8507a72720d4c9;[];ih
2938;812;11-50;5124120.0;text;;[];False;False;257adae07de14378;[];eh denger gosip... blm
2939;812;11-50;5124140.0;text;;[];False;False;257adae07de14378;[];reuni kapan ya kita...
2940;812;11-50;5124233.0;text;;[];False;False;257adae07de14378;[];reuni kapan ya kita
2941;812;11-50;5124237.0;text;;[];False;False;257adae07de14378;[];gw kangen temen temen sma
2942;812;1-10;5124237.0;text;;['😓'];False;False;257adae07de14378;[];hihi
2943;812;11-50;5124267.0;text;;[];False;False;257adae07de14378;[];pacarnya baru siapa sih
2944;812;1-10;5124268.0;text;;['🤣'];False;False;257adae07de14378;[];cape
2945;813;101-500;5223277.0;text;;[];True;False;ae2df9b28028def8;[];EH ADA YANG PUNYA REKOMENDASI LAPTOP BUDGET 5 JUTAAN YANG BAGUS BUAT KULIAH DAN NGODING GA? LAPTOP GW YANG SEKARANG UDAH MULAI LEMOT DAN SERING NGEHANG KALO BUKA BANYAK TAB. PENGENNYA SIH YANG RINGAN BUAT DIBAWA KE KAMPUS TAPI TETEP KENCENG PERFORMANYA, ADA SARAN?
2946;813;101-500;5223322.0;text;;[];False;False;ae2df9b28028def8;[];RENCANA LIBURAN SEMESTER INI GW MAU ROAD TRIP SAMA TEMEN TEMEN KE JOGJA. KITA UDAH PATUNGAN BUAT SEWA MOBIL DAN BOOKING PENGINAPAN MURAH DI DAERAH MALIOBORO. ITINERARY NYA UDAH GW BIKIN DETAIL DARI HARI PERTAMA SAMPE HARI KETIGA. TINGGAL EKSEKUSI AJA NIH SEMOGA CUACA MENDUKUNG DAN GA ADA HALANGAN
2947;814;11-50;5227638.0;text;;['😪'];False;False;38b90d5daca14406;[];kelas tambahan hari sabtu sih
2948;814;11-50;5227653.0;text;;[];False;True;38b90d5daca14406;[];parah sih tadi kejadiannya!
2949;815;11-50;5250493.0;text;;[];False;False;be8507a72720d4c9;[];mama minta gw pulang weekend
2950;815;11-50;5258417.0;text;;['😝'];False;False;38b90d5daca14406;[];adek gw masuk SMA tahun ini
2951;815;1-10;5258653.0;text;;[];False;False;be8507a72720d4c9;[];hayuk
2952;816;11-50;5263398.0;text;;[];False;False;257adae07de14378;[];film baru di bioskop... bagus ga
2953;816;11-50;5263400.0;text;;[];False;False;257adae07de14378;[];gw baru aja ketemu mantan
2954;816;11-50;5263563.0;text;;[];False;False;be8507a72720d4c9;[];keluarga ngumpul lebaran ntr
2955;816;11-50;5263578.0;text;;[];False;False;be8507a72720d4c9;[];gw kangen masakan rumah
2956;816;1-10;5263754.0;text;;['🤣'];False;False;257adae07de14378;[];goks
2957;816;11-50;5265097.0;text;;['😂'];False;False;6fbc363d86533ce4;[];playlist lo yang mana sihhh
2958;816;1-10;5265539.0;text;;['🌝', '😂'];False;False;be8507a72720d4c9;[];hayuk
2959;816;11-50;5266861.0;text;;['😜'];False;False;38b90d5daca14406;[];kakak gw baru aja nikah
2960;816;101-500;5266915.0;text;2952.0;[];False;False;38b90d5daca14406;[];gw pengen curhat sedikit nih. akhir akhir ini gw ngerasa burnout banget sama rutinitas kuliah yang itu itu aja. bangun pagi, kuliah, tugas, tidur, repeat. kadang gw ngerasa kayak robot yang cuma jalan sesuai program tanpa tau tujuan akhirnya apa. mungkin gw butuh liburan beneran buat refresh otak
2961;816;51-100;5266931.0;text;;[];False;False;38b90d5daca14406;[];gw nonton film dokumenter semalam tentang laut dan ikan, bagus banget
2962;816;11-50;5266957.0;text;;[];False;False;ef94490714487032;[];gw baru aja ketemu mantan!!!
2963;816;101-500;5266975.0;text;;[];False;False;38b90d5daca14406;[];gw pengen curhat sedikit nih. akhir akhir ini gw ngerasa burnout banget sama rutinitas kuliah yang itu itu aja. bangun pagi, kuliah, tugas, tidur, repeat. kadang gw ngerasa kayak robot yang cuma jalan sesuai program tanpa tau tujuan akhirnya apa. mungkin gw butuh liburan beneran buat refresh otak
2964;816;11-50;5266979.0;text;;[];False;False;be8507a72720d4c9;[];film baru di bioskop bagus ga
2965;816;1-10;5266980.0;text;;[];False;False;be8507a72720d4c9;[];noted
2966;816;11-50;5266980.0;text;;[];False;False;be8507a72720d4c9;[];kakak gw baru aja nikah
2967;816;11-50;5266992.0;text;;['😜'];False;False;38b90d5daca14406;[];gw lagi marathon drakor nih
2968;816;51-100;5267008.0;text;;[];False;False;38b90d5daca14406;[];gw nonton film dokumenter semalam tentang laut dan ikan, bagus banget
2969;816;11-50;5267011.0;text;;[];False;False;38b90d5daca14406;[];kakak gw baru aja nikah
2970;816;51-100;5267037.0;text;;[];False;False;ae2df9b28028def8;[];ADEK GW MAU MASUK KULIAH TAHUN DEPAN GW HARUS BANTU CARIIN INFO JURUSAN
2971;816;101-500;5267049.0;text;;[];False;False;ae2df9b28028def8;[];GW PENGEN CURHAT SEDIKIT NIH. AKHIR AKHIR INI GW NGERASA BURNOUT BANGET SAMA RUTINITAS KULIAH YANG ITU ITU AJA. BANGUN PAGI, KULIAH, TUGAS, TIDUR, REPEAT. KADANG GW NGERASA KAYAK ROBOT YANG CUMA JALAN SESUAI PROGRAM TANPA TAU TUJUAN AKHIRNYA APA. MUNGKIN GW BUTUH LIBURAN BENERAN BUAT REFRESH OTAK
2972;816;101-500;5267093.0;text;;[];False;False;ae2df9b28028def8;[];GW PENGEN CURHAT SEDIKIT NIH. AKHIR AKHIR INI GW NGERASA BURNOUT BANGET SAMA RUTINITAS KULIAH YANG ITU ITU AJA. BANGUN PAGI, KULIAH, TUGAS, TIDUR, REPEAT. KADANG GW NGERASA KAYAK ROBOT YANG CUMA JALAN SESUAI PROGRAM TANPA TAU TUJUAN AKHIRNYA APA. MUNGKIN GW BUTUH LIBURAN BENERAN BUAT REFRESH OTAK
2973;816;11-50;5267159.0;text;;['😝'];False;False;38b90d5daca14406;[];bokap gw lagi di luar kota
2974;816;11-50;5267175.0;text;;[];False;False;ae2df9b28028def8;[];MAMA MINTA GW PULANG WEEKEND
2975;816;11-50;5267179.0;text;;[];False;False;ae2df9b28028def8;[];FILM BARU DI BIOSKOP BAGUS GA
2976;816;11-50;5267181.0;text;;['😜'];False;False;38b90d5daca14406;[];mama minta gw pulang weekend
2977;816;11-50;5267188.0;text;;[];False;False;ae2df9b28028def8;[];ADEK GW MASUK SMA TAHUN INI
2978;816;11-50;5267263.0;text;;[];False;False;be8507a72720d4c9;[];keluarga ngumpul lebaran ntr
2979;816;11-50;5267267.0;text;;[];False;False;be8507a72720d4c9;[];gw kangen masakan rumah
2980;816;11-50;5267275.0;text;;[];False;False;be8507a72720d4c9;[];mama minta gw pulang weekend
2981;816;11-50;5267280.0;text;;[];False;False;be8507a72720d4c9;[];nyokap nanya kapan lulus
2982;817;11-50;5360560.0;text;;[];True;False;38b90d5daca14406;[];tadi ngomong apa sih dosennya?
2983;817;11-50;5360570.0;text;;[];True;False;38b90d5daca14406;[];ada sinyal ga disitu?
2984;817;11-50;5360583.0;text;;['😜'];True;False;38b90d5daca14406;[];ada sinyal ga disitu?
2985;817;11-50;5360587.0;text;;[];False;False;38b90d5daca14406;[];konser itu mahal banget tiketnya
2986;817;1-10;5360729.0;text;;[];False;False;6fbc363d86533ce4;[];btw
2987;817;51-100;5360810.0;text;;[];True;False;ef94490714487032;[];kira kira kalo gw apply magang sekarang masih keburu ga ya!!!
2988;817;11-50;5360824.0;text;;[];False;False;ef94490714487032;[];konser itu mahal banget tiketnya!!
2989;817;11-50;5360836.0;text;;[];False;False;ef94490714487032;[];pertandingan bola tadi malam gila!!!
2990;817;1-10;5361257.0;text;;[];False;False;be8507a72720d4c9;[];oot
2991;817;11-50;5361328.0;text;;[];False;False;38b90d5daca14406;[];futsal besok jadi ga
2992;817;1-10;5361672.0;text;;[];False;False;be8507a72720d4c9;[];njir
2993;817;1-10;5361675.0;text;;[];False;False;be8507a72720d4c9;[];bete
2994;817;11-50;5361980.0;text;;[];False;False;603c5549febf3726;[];Futsal besok jadi ga.
2995;817;1-10;5361985.0;text;;[];False;False;603c5549febf3726;[];Zonk.
2996;817;11-50;5362486.0;text;;[];True;False;38b90d5daca14406;[];ada sinyal ga disitu?
2997;817;1-10;5365602.0;text;;[];False;False;603c5549febf3726;[];Ih.
2998;817;11-50;5365619.0;text;;[];False;False;603c5549febf3726;[];Gym hari ini skip deh.
2999;817;51-100;5365887.0;text;;[];False;False;603c5549febf3726;[];Gw harus ganti strategi belajar sih soalnya nilai UTS kemarin jelek bgt.
3000;817;1-10;5365889.0;text;;[];False;False;603c5549febf3726;[];Dih.
