id;conversation_id;num_characters;relative_time_seconds;message_type;responds_to_id;array_emojis;interrogative;exclamatory;sender_hash;mentioned_phones_hash;message_content
1;817;11-50;0.0;text;;['😜'];False;False;6d67fceaabf2a799;[];tadi absen ga sih kamu
2;818;0;354953.0;image/jpeg;;[];False;False;4037c32290ea62de;[];[Foto]
3;818;1-10;355047.0;text;;[];False;False;5451ae365b61d998;[];YWD
4;818;1-10;355346.0;text;;[];False;False;9a7eb1acd749eb01;[];dong
5;818;1-10;358614.0;text;;['🤣'];False;False;6d67fceaabf2a799;[];cape
6;819;0;365434.0;image/jpeg;;[];False;False;4037c32290ea62de;[];[Foto]
7;819;1-10;366440.0;text;;['🤣'];False;False;4e7e80075ece205e;[];ih
8;819;1-10;368156.0;text;;['😂'];False;False;9a7eb1acd749eb01;[];zonk
9;820;1-10;407116.0;text;;[];False;False;9a7eb1acd749eb01;[];sans
10;820;51-100;407361.0;text;;[];True;False;9a7eb1acd749eb01;[];kira kira kalo gw apply magang skrg msh keburu ga ya?
11;820;1-10;407552.0;text;;['😂'];False;False;03be63d69a706376;[];dih
12;820;1-10;407555.0;text;;[];False;False;03be63d69a706376;[];jir
13;820;11-50;407562.0;text;;[];False;False;03be63d69a706376;[];gw lagi baca novel baru nih
14;820;1-10;407569.0;text;;[];False;False;03be63d69a706376;[];fyi
15;820;11-50;407731.0;text;;[];True;False;9a7eb1acd749eb01;[];msh bangun ga lu jam segini?
16;820;11-50;407740.0;text;11.0;[];False;False;9a7eb1acd749eb01;[];futsal besok jadi ga
17;820;101-500;407840.0;text;;[];False;False;78b7421aa4387450;[];tadi siang gw makan di warungg makannn baru deket gerbangggg belakang kampus. nasii gorengnya lumayan enakkkk dannn harganyaa murah banget cumaaaa 12 ribuuuu udah samaaaa es teh. kayaknyaaa bakal jadii langganan baruuuu deh soalnyaaaa warteg biasaaa gw udahhhh mulai naikk hargaaaa dan porsinya makin dikit aja
18;820;11-50;407869.0;text;;[];False;False;78b7421aa4387450;[];manga terbaru udah keluarrr loh
19;820;11-50;407905.0;text;;[];False;False;9a7eb1acd749eb01;[];series tu endingnya zonk bgt
20;820;11-50;407920.0;text;;[];False;False;9a7eb1acd749eb01;[];gym hari ni skip deh
21;820;51-100;407927.0;text;;[];False;False;78b7421aa4387450;[];semalammmm hujann gede banget sampe kosan gw mati lampuu semalemann gilaaa
22;820;11-50;407933.0;text;;[];False;False;9a7eb1acd749eb01;[];futsal besok jadi ga
23;820;11-50;407971.0;text;;[];False;False;78b7421aa4387450;[];mangaa terbaruu udah keluarrrr lohh
24;820;11-50;408001.0;text;;[];False;False;78b7421aa4387450;[];futsall besokk jadiiii ga
25;820;11-50;408008.0;text;;[];True;False;c09442bccf5fc4c4;[];masih bangun ga lu jam segini!!
26;820;101-500;408116.0;text;;['🤔'];False;False;c09442bccf5fc4c4;[];tadi siang gw makan di warung makan baru deket gerbang belakang kampus. nasi gorengnya lumayan enak dan harganya murah banget cuma 12 ribu udah sama es teh. kayaknya bakal jadi langganan baru deh soalnya warteg biasa gw udah mulai naik harga dan porsinya makin dikit aja!!!
27;820;51-100;408242.0;text;;[];False;False;c09442bccf5fc4c4;[];semalam hujan gede banget sampe kosan gw mati lampu semaleman gila!!!
28;820;11-50;408245.0;text;;[];False;False;c09442bccf5fc4c4;[];manga terbaru udah keluar loh!!
29;820;101-500;408273.0;text;;[];False;False;c09442bccf5fc4c4;[];tadi siang gw makan di warung makan baru deket gerbang belakang kampus. nasi gorengnya lumayan enak dan harganya murah banget cuma 12 ribu udah sama es teh. kayaknya bakal jadi langganan baru deh soalnya warteg biasa gw udah mulai naik harga dan porsinya makin dikit aja!!
30;820;11-50;408565.0;text;;[];False;False;fec1eefe6295a7be;[];Badminton yuk sore ini.
31;820;11-50;408583.0;text;;[];False;False;fec1eefe6295a7be;[];Podcast yg lu rekomen mana.
32;820;11-50;408974.0;text;;[];False;False;9a7eb1acd749eb01;[];album baru dia enak bgt
33;820;11-50;408982.0;text;;[];False;False;9a7eb1acd749eb01;[];konser tu mahal bgt tiketnya
34;820;51-100;414163.0;text;;[];True;False;0a78978cffdec07a;[];kira kria kalo gw apply magang skrg msh keburu ga ya?
35;821;11-50;431771.0;image/jpeg;;[];False;False;6d67fceaabf2a799;[];[Foto]
36;821;1-10;432314.0;text;;[];False;False;9a7eb1acd749eb01;[];bener
37;822;1-10;440820.0;text;;['😂', '😱'];False;False;78b7421aa4387450;[];doneeee
38;822;51-100;442580.0;text;;['🤣'];False;False;c09442bccf5fc4c4;[];jangan lupa besok kumpul di lobby kampus jam 8 pagi buat berangkat bareng!!!
39;822;11-50;442594.0;text;;['😅'];False;False;c09442bccf5fc4c4;[];gw laper banget nih!!
40;822;11-50;442624.0;text;;[];False;False;c09442bccf5fc4c4;[];warteg depan kampus enak!!
41;823;51-100;510096.0;text;;[];True;False;fec1eefe6295a7be;[];ada yang tau kenapa kantin kampus tutup lebih awal hari ini ga sih?
42;823;1-10;510110.0;text;;[];False;False;9a7eb1acd749eb01;[];bro
43;823;1-10;510111.0;text;;[];False;False;9a7eb1acd749eb01;[];fix
44;823;11-50;510115.0;text;;[];False;False;9a7eb1acd749eb01;[];indomie telor udah cukup kok
45;823;1-10;510125.0;text;;[];False;False;9a7eb1acd749eb01;[];gass
46;823;1-10;510149.0;text;;['😉'];False;False;fec1eefe6295a7be;[];Sip.
47;823;1-10;510149.0;text;;[];False;False;fec1eefe6295a7be;[];Yep.
48;823;51-100;510149.0;text;;[];False;False;9a7eb1acd749eb01;[];gw udah download smua materi kuliah tp blm sempat baca sm sekali
49;823;1-10;510157.0;text;;[];False;True;9a7eb1acd749eb01;[];wow!
50;823;11-50;510173.0;text;;[];False;False;fec1eefe6295a7be;[];Nongkrong yuk di kafe biasa.
51;823;11-50;510181.0;text;;[];False;False;fec1eefe6295a7be;[];Porsi makan gw nambah terus.
52;823;11-50;510191.0;text;;[];False;False;9a7eb1acd749eb01;[];porsi makan gw nambah terus
53;823;1-10;510192.0;text;;[];False;False;9a7eb1acd749eb01;[];bro
54;823;11-50;510201.0;text;;[];False;False;9a7eb1acd749eb01;[];masak sendiri lebih hemat sih
55;823;11-50;510203.0;text;;[];False;False;9a7eb1acd749eb01;[];sarapan dulu baru mikir
56;823;11-50;510210.0;text;;[];False;False;03be63d69a706376;[];kopi susu yg biasa... ya
57;823;11-50;510215.0;text;;[];False;False;03be63d69a706376;[];sarapan dulu baru... mikir
58;823;11-50;510227.0;text;;[];False;False;03be63d69a706376;[];gw mau pesen gofood dulu
59;823;1-10;510229.0;text;;[];False;False;fec1eefe6295a7be;[];Sis.
60;823;1-10;510229.0;text;;[];False;False;fec1eefe6295a7be;[];Lol.
61;823;11-50;510238.0;text;;[];False;False;9a7eb1acd749eb01;[];tadi gw makan nasi padang
62;823;1-10;510242.0;text;;[];False;False;fec1eefe6295a7be;[];Yep.
63;823;101-500;510327.0;text;;[];True;False;fec1eefe6295a7be;[];gw lagi bimbang nih antara mau ikut organisasi kampus atau fokus ke akademik aja. menurut kalian gimana sih, worth it ga sih ikut organisasi? soalnya gw denger banyak yang bilang bisa nambah soft skill tapi di sisi lain waktu buat belajar jadi berkurang kan, gimana pengalaman kalian?
64;823;1-10;510353.0;text;;['😂'];False;False;fec1eefe6295a7be;[];Bro.
65;823;11-50;510356.0;text;;[];False;False;fec1eefe6295a7be;[];Porsi makan gw nambah terus.
66;823;11-50;510366.0;text;;[];False;False;9a7eb1acd749eb01;[];nongkrong yuk di kafe biasa
67;823;11-50;510372.0;text;;[];False;False;9a7eb1acd749eb01;[];nongkrong yuk di kafe biasa
68;823;11-50;510389.0;text;;[];False;False;9a7eb1acd749eb01;[];gw mau nyoba restoran baru
69;823;11-50;510391.0;text;;[];False;False;9a7eb1acd749eb01;[];gw mau pesen gofood dulu
70;823;51-100;510392.0;text;;[];False;False;fec1eefe6295a7be;[];Gw udah download semua materi kuliah tapi belum sempat baca sama sekali.
71;823;51-100;510414.0;text;;['😂'];False;False;fec1eefe6295a7be;[];Dompet gw ilang kemarin di angkot tapi alhamdulillah ada yang nemuin.
72;823;1-10;510502.0;text;;[];False;False;9a7eb1acd749eb01;[];woy
73;823;11-50;510514.0;text;;[];False;False;fec1eefe6295a7be;[];Masak sendiri lebih hemat sih.
74;823;1-10;510515.0;text;;['😘'];False;False;fec1eefe6295a7be;[];Sis.
75;823;1-10;510522.0;text;;[];False;False;9a7eb1acd749eb01;[];bener
76;823;1-10;510528.0;text;;[];False;False;9a7eb1acd749eb01;[];sis
77;823;11-50;510529.0;text;;[];False;False;9a7eb1acd749eb01;[];gw lg diet tp gagal mulu
78;823;11-50;510538.0;text;;[];False;False;9a7eb1acd749eb01;[];indomie telor udah cukup kok
79;824;11-50;520406.0;text;;['😊', '👍🏻'];False;False;32f86839507ea657;[];gw laper bgt nih
80;824;51-100;520449.0;text;;[];False;False;4e7e80075ece205e;[];kosan gw,,, bocor lagi pas hujan semalam, kasur gw basah semua parah,,, banget
81;824;101-500;520528.0;text;;[];True;False;4e7e80075ece205e;[];eh ada yang punya rekomendasi laptop budget 5 jutaan yang bagus buat kuliah dan ngoding ga? laptop gw yang sekarang,,, udah mulai lemot dan sering ngehang kalo buka banyak tab. pengennya sih yang ringan buat dibawa,,, ke kampus tapi tetep,,, kenceng performanya, ada saran?,,,
82;824;51-100;520552.0;text;;['🤷🏻\u200d♀️'];False;False;4e7e80075ece205e;[];gw udah bikin slides presentasi tapi kayaknya masih kurang bagus deh isinya
83;824;11-50;520606.0;text;;[];False;False;9a7eb1acd749eb01;[];dosen pembimbing susah ditemui
84;824;11-50;520617.0;text;;[];False;False;9a7eb1acd749eb01;[];gw laper bgt nih
85;824;1-10;520634.0;text;;[];False;False;4e7e80075ece205e;[];asli
86;824;51-100;520649.0;text;;[];False;False;4e7e80075ece205e;[];kosan gw bocor lagi pas hujan,,, semalam, kasur,,, gw basah semua parah,,, banget
87;824;11-50;520745.0;text;;[];True;False;9a7eb1acd749eb01;[];boleh gw ikut ga?
88;824;51-100;520996.0;text;;[];True;False;4e7e80075ece205e;[];menurut lu gw,,, harus ambil mata kuliah pilihan,,, yang mana semester depan?
89;824;1-10;521076.0;text;;[];False;False;9a7eb1acd749eb01;[];bole
90;824;51-100;521420.0;text;;[];False;False;6d67fceaabf2a799;[];kosan gw bocor lagi pas hujan semalam, kasur gw basah semua parah banget
91;824;51-100;521442.0;text;;[];False;False;6d67fceaabf2a799;[];gw udah bikin slides presentasi tapi kayaknya masih kurang bagus deh isinya
92;824;51-100;521616.0;text;;[];False;False;4e7e80075ece205e;[];gw lagi,,, mikirin mau ambil magang di perusahaan mana buat semester depan
93;824;11-50;521830.0;text;;[];False;False;9a7eb1acd749eb01;[];mie ayam pak kumis juara sih
94;824;11-50;521837.0;text;;[];False;False;9a7eb1acd749eb01;[];warteg depan kampus enak
95;824;11-50;521843.0;text;;[];False;False;9a7eb1acd749eb01;[];mie ayam pak kumis juara sih
96;824;11-50;521966.0;text;;['🤷🏻\u200d♀️'];False;False;4e7e80075ece205e;[];sidang minggu depan doain,,, ya
97;824;1-10;521972.0;text;;[];False;False;9a7eb1acd749eb01;[];bet
98;824;1-10;521973.0;text;;[];False;False;9a7eb1acd749eb01;[];hmm
99;824;11-50;521982.0;text;;[];False;False;9a7eb1acd749eb01;[];dosen pembimbing susah ditemui
100;824;101-500;522012.0;text;;[];False;False;4e7e80075ece205e;[];gw lagi galau banget nih soal masa depan. mau lanjut,,, s2 tapi duit ga ada, mau langsung kerja tapi pengalaman,,, masih minim. nyokap bilang,,, terserah gw,,, aja tapi,,, gw tau,,, dia pengen,,, gw cepet,,, kerja biar bisa bantu ekonomi keluarga. bingung banget sih, kayak semua pilihan ada plus minusnya
101;824;11-50;522134.0;text;;[];False;False;9a7eb1acd749eb01;[];dosen pembimbing susah ditemui
102;824;11-50;522165.0;text;;[];False;False;9a7eb1acd749eb01;[];kelas tambahan hari sabtu sih
103;824;1-10;522165.0;text;;[];False;False;9a7eb1acd749eb01;[];bet
104;824;11-50;522176.0;text;;[];False;False;9a7eb1acd749eb01;[];dosen pembimbing susah ditemui
105;824;11-50;522317.0;text;;[];False;False;4e7e80075ece205e;[];proposal skripsi gw ditolak,,,
106;824;51-100;522350.0;text;;[];False;False;4e7e80075ece205e;[];kosan gw bocor lagi,,, pas hujan semalam, kasur gw basah semua parah,,, banget
107;824;1-10;522372.0;text;;[];False;False;9a7eb1acd749eb01;[];tuh
108;825;101-500;888184.0;text;;[];False;False;6d67fceaabf2a799;[];hari ini gw iseng nyoba bikin kopi pake metode V60 yang lagi hype di kalangan anak anak kampus. beli alatnya lumayan mahal sih tapi hasilnya emang beda dari kopi sachet biasa. kopinya lebih smooth dan ga terlalu pahit. kayaknya gw bakal ketagihan nih bikin kopi sendiri tiap pagi sebelum ke kampus
109;825;1-10;913700.0;text;;[];False;False;9a7eb1acd749eb01;[];udah
110;825;11-50;913714.0;text;;[];False;False;9a7eb1acd749eb01;[];angkot ke sana msh ad ga
111;826;1-10;1026896.0;text;;['😍'];False;False;78b7421aa4387450;[];kuy
112;826;11-50;1026946.0;image/jpeg;;['😂'];False;False;78b7421aa4387450;[];[Foto]
113;826;1-10;1026998.0;text;;[];False;False;838a3d0e7e7c7cae;[];btwww
114;826;51-100;1027001.0;text;;[];False;False;78b7421aa4387450;[];gw baru dapet infooo beasiswaaa buat semesterrrr depan mau cobaaa daftar deh
115;826;11-50;1027245.0;text;;[];False;False;838a3d0e7e7c7cae;[];gw abis lariii pagi tadi
116;826;11-50;1027246.0;text;;[];False;False;838a3d0e7e7c7cae;[];seriesss ituu endingnya zonk bgtt
117;826;1-10;1027277.0;text;;['😱', '😅', '😂'];False;False;78b7421aa4387450;[];bete
118;826;11-50;1027307.0;text;;[];False;False;78b7421aa4387450;[];manga terbaru udah keluar lohhhh
119;826;11-50;1027400.0;text;;[];False;False;9a7eb1acd749eb01;[];manga terbaru udah keluar loh
120;826;1-10;1027406.0;text;;['😂'];False;False;9a7eb1acd749eb01;[];hoki
121;826;11-50;1027407.0;text;;[];False;False;9a7eb1acd749eb01;[];game baru udah download blm
122;826;11-50;1028491.0;text;;[];False;False;022fd2d8eea8dfdc;[];game baru udah download belum
123;826;11-50;1030058.0;text;;[];True;False;ce58621891f7e7f2;[];masih bangun ga lu jam segini?
124;826;1-10;1030089.0;text;;[];False;False;9a7eb1acd749eb01;[];hoki
125;826;11-50;1030096.0;text;;[];True;False;ce58621891f7e7f2;[];tadi ngomong apa sih dosennya?
126;826;11-50;1030113.0;text;;[];False;False;ce58621891f7e7f2;[];futsal besok jadi ga
127;826;11-50;1030125.0;text;;[];False;False;9a7eb1acd749eb01;[];konser tu mahal bgt tiketnya
128;826;1-10;1030133.0;text;;[];False;False;9a7eb1acd749eb01;[];njir
129;826;1-10;1030133.0;text;;[];False;False;9a7eb1acd749eb01;[];oot
130;826;1-10;1030138.0;text;;[];False;False;9a7eb1acd749eb01;[];jir
131;826;1-10;1030189.0;text;;[];False;False;ce58621891f7e7f2;[];jir
132;826;11-50;1030191.0;text;;[];False;False;9a7eb1acd749eb01;[];game baru udah download blm
133;826;11-50;1030203.0;text;;[];False;False;ce58621891f7e7f2;[];game baru udah download belum
134;826;1-10;1030204.0;text;;[];False;False;ce58621891f7e7f2;[];zonk
135;826;1-10;1030205.0;text;;[];False;False;ce58621891f7e7f2;[];oot
136;826;101-500;1030231.0;text;;[];False;False;9a7eb1acd749eb01;[];tadi siang gw makan di warung makan baru deket gerbang belakang kampus. nasi gorengnya lumayan enak dan harganya murah bgt cuma 12 ribu udah sm es teh. kayaknya bakal jadi langganan baru deh soalnya warteg biasa gw udah mulai naik harga dan porsinya makin dikit aja
137;826;1-10;1030244.0;text;;['😂'];False;False;9a7eb1acd749eb01;[];oot
138;826;1-10;1030252.0;text;;[];False;False;ce58621891f7e7f2;[];hoki
139;826;11-50;1030264.0;text;;[];False;False;9a7eb1acd749eb01;[];podcast yg lu rekomen mana
140;826;11-50;1030265.0;text;;[];False;False;9a7eb1acd749eb01;[];gw abis lari pagi tadi
141;826;1-10;1030271.0;text;;[];False;False;9a7eb1acd749eb01;[];oot
142;826;11-50;1030278.0;text;;[];False;False;ce58621891f7e7f2;[];konser itu mahal banget tiketnya
143;826;1-10;1030289.0;text;;[];False;False;ce58621891f7e7f2;[];btw
144;826;11-50;1030289.0;text;;[];True;False;ce58621891f7e7f2;[];ada sinyal ga disitu?
145;826;11-50;1030299.0;text;;['🎉', '😂'];False;False;78b7421aa4387450;[];game baruuu udah downloadddd belum
146;826;101-500;1030338.0;text;;[];False;False;9a7eb1acd749eb01;[];tadi siang gw makan di warung makan baru deket gerbang belakang kampus. nasi gorengnya lumayan enak dan harganya murah bgt cuma 12 ribu udah sm es teh. kayaknya bakal jadi langganan baru deh soalnya warteg biasa gw udah mulai naik harga dan porsinya makin dikit aja
147;826;11-50;1030346.0;text;;[];False;False;9a7eb1acd749eb01;[];konser tu mahal bgt tiketnya
148;826;101-500;1030369.0;text;;[];False;False;9a7eb1acd749eb01;[];tadi siang gw makan di warung makan baru deket gerbang belakang kampus. nasi gorengnya lumayan enak dan harganya murah bgt cuma 12 ribu udah sm es teh. kayaknya bakal jadi langganan baru deh soalnya warteg biasa gw udah mulai naik harga dan porsinya makin dikit aja
149;826;51-100;1030388.0;text;;[];False;False;9a7eb1acd749eb01;[];gw gagal diet lg soalnya tadi sore diajak makan bakso sm temen
150;826;1-10;1030390.0;text;;['😂'];False;False;9a7eb1acd749eb01;[];kuy
151;826;11-50;1030429.0;text;;[];False;False;ce58621891f7e7f2;[];pertandingan bola tadi malam gila
152;826;101-500;1030473.0;text;;['😂'];False;False;78b7421aa4387450;[];tadiiii sianggg gw makannn di warung makann baru deket gerbang belakangggg kampus. nasiii gorengnya lumayan enakkkk dannnn harganya murahhh banget cuma 12 ribu udah samaa es teh. kayaknya bakalll jadiiii langganan baru dehh soalnya warteg biasaa gw udah mulai naik hargaa dan porsinya makinnn dikitttt ajaaa
153;826;11-50;1030489.0;text;;[];False;False;9a7eb1acd749eb01;[];album baru dia enak bgt
154;826;11-50;1030501.0;text;;[];False;False;78b7421aa4387450;[];futsal besok jadi ga
155;826;1-10;1030508.0;text;;[];False;False;9a7eb1acd749eb01;[];sans
156;826;51-100;1030553.0;text;;[];False;False;78b7421aa4387450;[];semalam hujan gedeeee banget sampeeee kosannn gw matiii lampu semaleman gilaaaa
157;826;51-100;1030629.0;text;;[];False;False;78b7421aa4387450;[];gw baruuuu dapet info beasiswa buattt semester depan mau coba daftarr deh
158;826;11-50;1030659.0;text;;[];True;False;9a7eb1acd749eb01;[];ad sinyal ga disitu?
159;826;1-10;1030670.0;text;;[];False;False;78b7421aa4387450;[];kuy
160;826;11-50;1030818.0;text;;[];False;False;ce58621891f7e7f2;[];series itu endingnya zonk bgt
161;826;1-10;1031061.0;text;;[];False;False;9a7eb1acd749eb01;[];sans
162;826;51-100;1031259.0;text;;[];False;False;838a3d0e7e7c7cae;[];dosen killer itu ternyata baik bangetttt orangnya kalo diajak ngobroll santai
163;826;0;1032833.0;sticker/webp;;[];False;False;78b7421aa4387450;[];[Stiker]
164;826;1-10;1032876.0;text;;[];False;False;838a3d0e7e7c7cae;[];hokiiii
165;826;1-10;1056440.0;text;;[];False;False;b347157be063753f;[];DIH
166;827;51-100;1116067.0;text;;[];True;False;838a3d0e7e7c7cae;[];siapa sih yang spreadddd gosip itu ke grup sebelah, tau ga orangnya?
167;827;51-100;1116091.0;text;;[];False;False;838a3d0e7e7c7cae;[];adekkkk gw mau masuk kuliah tahunn depannn gw harus bantu cariin info jurusan
168;828;11-50;1132290.0;text;;[];False;False;78f9e551034cee58;[];gw belom mulai tugas
169;828;0;1132292.0;image/jpeg;;[];False;False;78f9e551034cee58;[];[Foto]
170;828;11-50;1132370.0;text;;[];False;False;0dae6c83cfb31784;[];perpus tutup,,, jam berapa ya
171;828;1-10;1132534.0;text;;['👏'];False;False;51674259943ef97a;[];hehe
172;828;51-100;1134406.0;text;;[];False;False;c9a30d63a1ee9473;[];nyokap gw nelfon tadi nanyain kapan pulang, gw bilang aja abis ujian
173;828;101-500;1307462.0;text;;[];False;False;b347157be063753f;[];JADI CERITANYA KEMARIN GW KE PERPUSTAKAAN PUSAT BUAT NYARI BAHAN REFERENSI SKRIPSI, TERNYATA BUKUNYA UDAH DIPINJEM SEMUA SAMA ANAK ANGKATAN SEBELAH. AKHIRNYA GW CUMA BISA FOTOKOPI DARI TEMEN YANG KEBETULAN PUNYA. LUMAYAN LAH DARIPADA GA DAPET SAMA SEKALI, TINGGAL DI RANGKUM AJA SISANYA
174;829;101-500;1704905.0;text;;[];False;False;78b7421aa4387450;[];jadiiii ceritanya kemarin gw ke perpustakaannnn pusat buat nyari bahann referensiiii skripsi, ternyata bukunya udahhh dipinjem semuaaaa sama anak angkatannn sebelah. akhirnya gw cuma bisa fotokopi dari temenn yangggg kebetulannnn punya. lumayannn lahhh daripadaa ga dapet sama sekali, tinggal di rangkum aja sisanya
175;829;11-50;1704919.0;text;;['🙈', '😂', '😱'];False;False;78b7421aa4387450;[];deadline besok pagiiii bro
176;829;11-50;1705372.0;text;;[];False;False;838a3d0e7e7c7cae;[];gw belom mulai tugassss
177;829;11-50;1705375.0;text;;[];False;False;838a3d0e7e7c7cae;[];dosen gw galakkk bangettt sih
178;829;101-500;1705959.0;text;;[];False;False;e60ef424f9204530;[];jadi ceritanya kemarin gw ke perpustakaan pusat buat nyari bahan referensi skripsi, ternyata bukunya udah dipinjem semua sama anak angkatan sebelah. akhirnya gw cuma bisa fotokopi dari temen yang kebetulan punya. lumayan lah daripada ga dapet sama sekali, tinggal di rangkum aja sisanya!!!
179;829;11-50;1706024.0;text;;['😂'];False;False;e60ef424f9204530;[];matkul ini susah banget!!
180;829;0;1706059.0;video/mp4;;[];False;False;838a3d0e7e7c7cae;[];[Video]
181;829;1-10;1706067.0;text;;['😂'];False;False;9a7eb1acd749eb01;[];otw
182;829;1-10;1706071.0;text;;['😂'];False;False;78b7421aa4387450;[];okeeee
183;830;51-100;1726129.0;text;;[];False;False;838a3d0e7e7c7cae;[];dosen killer itu ternyata baikkkk bangettt orangnya kalo diajakk ngobrolll santai
184;830;11-50;1726282.0;text;;[];False;False;838a3d0e7e7c7cae;[];gw lagi baca novel baru nih
185;830;1-10;1726317.0;text;;[];True;False;0a78978cffdec07a;[];gmana?
186;830;1-10;1726319.0;text;;[];False;False;838a3d0e7e7c7cae;[];hoki
187;830;0;1726331.0;image/jpeg;;[];False;False;838a3d0e7e7c7cae;[];[Foto]
188;830;11-50;1726364.0;text;;[];False;False;838a3d0e7e7c7cae;[];gameeee baru udah download belum
189;830;1-10;1726387.0;text;;['😅'];False;False;838a3d0e7e7c7cae;[];fyi
190;830;11-50;1726485.0;text;;[];False;False;838a3d0e7e7c7cae;[];mangaa terbaru udahhh keluarrrr lohhh
191;830;11-50;1726727.0;text;;[];True;False;0a78978cffdec07a;[];ad sinyal ga disitu?
192;830;1-10;1726745.0;text;;[];False;False;838a3d0e7e7c7cae;[];sansss
193;830;11-50;1726758.0;text;;[];False;False;838a3d0e7e7c7cae;[];pertandingann bolaa tadi malammmm gila
194;830;11-50;1726763.0;text;;[];False;False;838a3d0e7e7c7cae;[];gamee baruu udah download belum
195;830;51-100;1726775.0;text;;[];False;False;838a3d0e7e7c7cae;[];gw baru dapett info beasiswa buat semester depan mau coba daftarrr deh
196;830;11-50;1726784.0;text;;[];False;False;838a3d0e7e7c7cae;[];futsal besok jadii ga
197;830;11-50;1727341.0;text;;[];False;False;838a3d0e7e7c7cae;[];album baru dia enak banget
198;830;101-500;1727407.0;text;;[];False;False;6d67fceaabf2a799;[];tadi siang gw makan di warung makan baru deket gerbang belakang kampus. nasi gorengnya lumayan enak dan harganya murah banget cuma 12 ribu udah sama es teh. kayaknya bakal jadi langganan baru deh soalnya warteg biasa gw udah mulai naik harga dan porsinya makin dikit aja
199;830;1-10;1727408.0;text;;[];False;False;6d67fceaabf2a799;[];hoki
200;830;11-50;1727534.0;text;;[];False;False;838a3d0e7e7c7cae;[];podcasttt yg lu rekomen manaa
201;830;51-100;1727542.0;text;;[];False;False;838a3d0e7e7c7cae;[];gw gagall diet lagi soalnya tadi sore diajak makannnn baksoo sama temen
202;830;11-50;1728003.0;text;;[];True;False;6d67fceaabf2a799;[];tadi ngomong apa sih dosennya?
203;830;11-50;1728018.0;text;;[];False;False;6d67fceaabf2a799;[];game baru udah download belum
204;830;11-50;1728055.0;text;;[];False;False;838a3d0e7e7c7cae;[];gw abis larii pagii tadi
205;830;11-50;1728081.0;text;;[];False;False;838a3d0e7e7c7cae;[];podcasttt yg lu rekomen manaaa
206;830;101-500;1728236.0;text;;[];False;False;838a3d0e7e7c7cae;[];tadiii siang gw makan di warung makan baru dekett gerbang belakang kampus. nasi gorengnya lumayan enak dan harganyaaaa murah bangett cumaaa 12 ribu udah sama es teh. kayaknyaa bakal jadi langganan baruuu deh soalnya wartegggg biasa gw udah mulaiiii naik harga dan porsinyaa makin dikitt aja
207;830;11-50;1728298.0;text;;[];False;False;838a3d0e7e7c7cae;[];series itu endingnyaaa zonk bgt
208;830;11-50;1728349.0;text;;[];False;False;838a3d0e7e7c7cae;[];konser itu mahalll banget tiketnyaaa
209;830;0;1728458.0;video/mp4;;[];False;False;838a3d0e7e7c7cae;[];[Video]
210;830;51-100;1728647.0;text;;['🤔'];True;False;6d67fceaabf2a799;[];kira kira kalo gw apply magang sekarang masih keburu ga ya?
211;830;1-10;1728721.0;text;;[];False;False;838a3d0e7e7c7cae;[];zonk
212;830;11-50;1728757.0;text;;['😅'];False;False;6d67fceaabf2a799;[];series itu endingnya zonk bgt
213;830;1-10;1728892.0;text;;['🤣'];False;False;4e7e80075ece205e;[];kuy
214;830;11-50;1728980.0;text;;[];False;False;838a3d0e7e7c7cae;[];konser itu mahall banget tiketnyaa
215;830;11-50;1728982.0;text;;[];False;False;838a3d0e7e7c7cae;[];game baruuu udah download belum
216;830;11-50;1729282.0;text;;[];False;False;838a3d0e7e7c7cae;[];pertandingan bola tadii malam gilaaa
217;830;0;1729302.0;video/mp4;;[];False;False;838a3d0e7e7c7cae;[];[Video]
218;830;11-50;1729427.0;text;;[];False;False;6d67fceaabf2a799;[];badminton yuk sore ini
219;830;11-50;1729438.0;text;;[];False;False;6d67fceaabf2a799;[];pertandingan bola tadi malam gila
220;830;101-500;1729490.0;text;;[];False;False;838a3d0e7e7c7cae;[];tadi sianggg gw makannn di warung makannnn baruu deketttt gerbang belakang kampus. nasiii gorengnya lumayan enakkk dan harganyaaaa murah bangett cumaaa 12 ribuu udah sama es teh. kayaknyaa bakal jadi langganan baru deh soalnyaaa warteg biasa gw udah mulai naik harga dan porsinya makin dikit ajaa
221;830;1-10;1729492.0;text;;['😃'];False;False;838a3d0e7e7c7cae;[];ih
222;830;11-50;1729533.0;text;;[];False;False;6d67fceaabf2a799;[];series itu endingnya zonk bgt
223;830;11-50;1729567.0;text;;[];False;False;838a3d0e7e7c7cae;[];album baru dia enakkk banget
224;830;11-50;1729577.0;text;;[];False;False;838a3d0e7e7c7cae;[];gym harii iniii skip dehh
225;830;1-10;1729591.0;text;;[];False;False;838a3d0e7e7c7cae;[];btw
226;830;11-50;1729807.0;text;;[];True;False;6d67fceaabf2a799;[];tadi ngomong apa sih dosennya?
227;830;1-10;1729853.0;text;;[];False;False;838a3d0e7e7c7cae;[];kuy
228;830;51-100;1729872.0;text;;[];False;False;838a3d0e7e7c7cae;[];gw harus ganti strategi belajar sih soalnya nilai utsss kemarinnnn jelekk bgt
229;830;11-50;1729878.0;text;;[];False;True;838a3d0e7e7c7cae;[];akhirnya kelar juga nih!
230;830;1-10;1729936.0;text;;[];False;False;838a3d0e7e7c7cae;[];fyi
231;830;11-50;1730021.0;text;;[];False;False;838a3d0e7e7c7cae;[];gw lagi baca novel baru nih
232;830;11-50;1730039.0;text;;[];False;False;6d67fceaabf2a799;[];manga terbaru udah keluar loh
233;830;11-50;1730061.0;text;;[];False;False;838a3d0e7e7c7cae;[];gw lagi bacaa novel baru nih
234;830;11-50;1730087.0;text;;[];False;False;6d67fceaabf2a799;[];gym hari ini skip deh
235;830;11-50;1730185.0;text;;[];True;False;838a3d0e7e7c7cae;[];tadi ngomong apaaa sih dosennya?
236;830;1-10;1730423.0;text;;['😂'];False;False;9a7eb1acd749eb01;[];hoki
237;830;51-100;1731276.0;text;;['😜'];False;False;4e7e80075ece205e;[];gw baru,,, dapet,,, info,,, beasiswa buat semester depan,,, mau,,, coba daftar deh
238;830;11-50;1731326.0;text;;[];False;False;6d67fceaabf2a799;[];gw lagi baca novel baru nih
239;830;11-50;1731337.0;text;;[];False;False;9a7eb1acd749eb01;[];manga terbaru udah keluar loh
240;830;11-50;1731424.0;text;;[];False;False;4e7e80075ece205e;[];series itu endingnya zonk bgt
241;830;11-50;1732623.0;text;;[];False;False;6d67fceaabf2a799;[];podcast yg lu rekomen mana
242;830;51-100;1732643.0;text;;[];False;False;6d67fceaabf2a799;[];gw harus ganti strategi belajar sih soalnya nilai UTS kemarin jelek bgt
243;830;1-10;1732643.0;text;;[];False;False;838a3d0e7e7c7cae;[];hoki
244;830;11-50;1732731.0;text;;[];True;False;0a78978cffdec07a;[];tadi nogmong apa sih dosennya?
245;830;11-50;1732748.0;text;;[];False;False;0a78978cffdec07a;[];album baru dia enka bgt
246;830;11-50;1732750.0;text;;[];False;False;0a78978cffdec07a;[];album brau dia enak bgt
247;830;11-50;1732754.0;text;;[];True;False;0a78978cffdec07a;[];taid ngomong apa sih dosennya?
248;830;51-100;1733081.0;text;;[];False;False;838a3d0e7e7c7cae;[];semalam hujan gede bangetttt sampee kosan gw mati lampu semaleman gila
249;830;11-50;1733086.0;text;;[];False;False;838a3d0e7e7c7cae;[];gw abis lariiii pagii tadi
250;830;11-50;1733102.0;text;;[];False;False;838a3d0e7e7c7cae;[];futsal besok jadiii ga
251;831;11-50;1786095.0;text;;[];True;False;838a3d0e7e7c7cae;[];gw harus bawa apa aja?
252;831;1-10;1786886.0;text;;[];False;False;ce58621891f7e7f2;[];ah
253;831;1-10;1786941.0;text;;['😝'];False;False;838a3d0e7e7c7cae;[];iyaa
254;831;11-50;1786988.0;text;;[];False;False;838a3d0e7e7c7cae;[];gw mau tidurrr duluu ya
255;831;11-50;1787010.0;text;;[];False;False;ce58621891f7e7f2;[];gw lagi di atm sebentar
256;831;11-50;1787019.0;text;;[];False;False;ce58621891f7e7f2;[];gw lagi di atm sebentar
257;831;11-50;1787184.0;text;;[];False;False;9a7eb1acd749eb01;[];charger hp gw rusak lg
258;831;11-50;1787185.0;text;;[];False;False;9a7eb1acd749eb01;[];internet mati lg di kosan
259;831;11-50;1787203.0;text;;[];False;False;9a7eb1acd749eb01;[];bentar ya gw lg di jalan
260;831;11-50;1787260.0;text;;[];False;False;838a3d0e7e7c7cae;[];hp gw lowbat nih
261;831;11-50;1787287.0;text;;[];False;False;838a3d0e7e7c7cae;[];lu tim mana dukungnya
262;831;11-50;1787292.0;text;;[];False;False;838a3d0e7e7c7cae;[];hujannnn deres ga bawa payungg
263;831;101-500;1787384.0;text;;['😰'];False;False;c09442bccf5fc4c4;[];kemarin gw ikut kegiatan bakti sosial yang diadain sama BEM fakultas. kita ke panti asuhan di pinggiran kota buat ngajar anak anak dan bagi bagi sembako. seru banget sih dan bikin hati adem. anak anaknya lucu lucu dan semangat banget belajar walau fasilitas mereka terbatas. jadi pengen rutin kesana!!!
264;831;51-100;1787399.0;text;;[];False;False;9a7eb1acd749eb01;[];duit jajan gw abis padahal baru tanggal 15 hrs ngirit bgt nih
265;832;101-500;1793982.0;text;;['🤣'];False;True;6d67fceaabf2a799;[];gila sih guys tadi pas gw lagi di jalan tiba tiba motor gw diserempet sama mobil yang belok tanpa sein! untung gw ga jatoh tapi spion gw patah dan baret di bodi motor. orangnya langsung kabur lagi ga tanggung jawab! sumpah kesel banget gw sampe sekarang masih gemetaran!
266;832;1-10;1793993.0;text;;[];False;False;9a7eb1acd749eb01;[];siap
267;832;101-500;1794906.0;text;;[];False;False;c09442bccf5fc4c4;[];jadi ceritanya kemarin gw ke perpustakaan pusat buat nyari bahan referensi skripsi, ternyata bukunya udah dipinjem semua sama anak angkatan sebelah. akhirnya gw cuma bisa fotokopi dari temen yang kebetulan punya. lumayan lah daripada ga dapet sama sekali, tinggal di rangkum aja sisanya!!!
268;832;51-100;1795062.0;text;;[];False;False;6d67fceaabf2a799;[];gw denger katanya semester depan ada mata kuliah baru yang wajib diambil
269;832;11-50;1795282.0;text;;[];False;False;838a3d0e7e7c7cae;[];presentasii gw amburadul
270;832;51-100;1795299.0;text;;[];False;False;838a3d0e7e7c7cae;[];tadiii gw ketemuuu dosen pembimbingg dan diaa minta revisi lagiii untukkkk bab 3
271;833;1-10;1808793.0;text;;[];False;False;b347157be063753f;[];MAGER
272;833;51-100;1808810.0;text;;[];False;False;b347157be063753f;[];ADEK GW MAU MASUK KULIAH TAHUN DEPAN GW HARUS BANTU CARIIN INFO JURUSAN
273;834;11-50;1811692.0;text;;[];False;False;b347157be063753f;[];GW LAPER BANGET NIH
274;834;1-10;1811700.0;text;;[];False;False;b347157be063753f;[];NAH
275;834;101-500;1894706.0;text;;[];False;False;022fd2d8eea8dfdc;[];gw lagi galau banget nih soal masa depan. mau lanjut S2 tapi duit ga ada, mau langsung kerja tapi pengalaman masih minim. nyokap bilang terserah gw aja tapi gw tau dia pengen gw cepet kerja biar bisa bantu ekonomi keluarga. bingung banget sih, kayak semua pilihan ada plus minusnya
276;835;101-500;2002510.0;text;;[];False;False;b347157be063753f;[];KEMARIN MALEM GW SAMA TEMEN TEMEN NONGKRONG DI WARKOP BIASA SAMPE JAM 12 MALEM. KITA NGOBROL BANYAK HAL DARI MULAI TUGAS KULIAH, RENCANA LIBURAN, SAMPE MASALAH PERCINTAAN. SERU SIH WALAU BESOKNYA GW KESIANGAN MASUK KELAS PAGI DAN DOSEN NEGUR DI DEPAN SEMUA ORANG. MALU TAPI YA GIMANA LAGI
277;835;0;2046346.0;image/jpeg;;[];False;False;78b7421aa4387450;[];[Foto]
278;835;11-50;2046361.0;text;;['😂'];False;False;78b7421aa4387450;[];es teh manis satu ya bangggg
279;835;11-50;2046473.0;text;;[];True;False;ce58621891f7e7f2;[];itu beneran apa hoax?
280;835;11-50;2046489.0;text;;[];False;False;838a3d0e7e7c7cae;[];porsii makan gw nambah terus
281;835;1-10;2046495.0;text;;[];True;False;ce58621891f7e7f2;[];yakin?
282;835;11-50;2046510.0;text;;[];False;False;ce58621891f7e7f2;[];porsi makan gw nambah terus
283;835;11-50;2046518.0;text;;[];False;False;ce58621891f7e7f2;[];bakso malang itu buka ga ya
284;835;51-100;2046521.0;text;;[];False;False;838a3d0e7e7c7cae;[];gw lagi bingung milihhhh topikkkk skripsi antara duaaa tema yang sama menariknyaaa
285;835;1-10;2046543.0;text;;[];False;False;838a3d0e7e7c7cae;[];gass
286;835;51-100;2046561.0;text;;[];False;False;838a3d0e7e7c7cae;[];tadi di kantinnn ketemu anak angkatan bawah yang kenal sama temen sma gw
287;835;1-10;2046565.0;text;;[];False;False;838a3d0e7e7c7cae;[];ngab
288;835;11-50;2046575.0;text;;[];True;False;ce58621891f7e7f2;[];bawa motor apa naik apa?
289;835;11-50;2046586.0;text;;[];False;False;ce58621891f7e7f2;[];indomie telor udah cukup kok
290;835;51-100;2046619.0;text;;[];False;False;838a3d0e7e7c7cae;[];weekenddd ini gw mauuuu staycationnn aja di kosan bingeee watching seriessss baru
291;835;11-50;2046648.0;text;;[];True;False;ce58621891f7e7f2;[];bayar berapa sih tadi?
292;835;1-10;2046663.0;text;;[];False;False;838a3d0e7e7c7cae;[];benerrrr
293;835;11-50;2046665.0;text;;[];False;False;838a3d0e7e7c7cae;[];masakk sendiriiii lebihh hemat sih
294;835;11-50;2046674.0;text;;[];False;False;838a3d0e7e7c7cae;[];kopi susuu yg biasaa ya
295;835;11-50;2046711.0;text;;[];True;False;ce58621891f7e7f2;[];bayar berapa sih tadi?
296;835;11-50;2046731.0;text;;[];False;False;ce58621891f7e7f2;[];gw lagi diet tapi gagal mulu
297;835;51-100;2046740.0;text;;[];True;False;838a3d0e7e7c7cae;[];ada yanggg tauu kenapa kantinn kampus tutupp lebih awall hari iniii ga sih?
298;835;11-50;2046742.0;text;;[];False;False;838a3d0e7e7c7cae;[];nongkrong yuk di kafeee biasaa
299;835;1-10;2046765.0;text;;[];False;False;ce58621891f7e7f2;[];sis
300;835;51-100;2046768.0;text;;[];False;False;838a3d0e7e7c7cae;[];gw lagi bingungg milihh topikkkk skripsi antaraaaa dua tema yangg sama menariknya
301;835;11-50;2046769.0;text;;[];False;False;ce58621891f7e7f2;[];bakso malang itu buka ga ya
302;835;11-50;2046786.0;text;;[];False;False;ce58621891f7e7f2;[];porsi makan gw nambah terus
303;835;11-50;2046787.0;text;;[];True;False;838a3d0e7e7c7cae;[];bayar berapa sihh tadi?
304;835;11-50;2046789.0;text;;[];False;False;ce58621891f7e7f2;[];nongkrong yuk di kafe biasa
305;835;11-50;2046798.0;text;;[];False;False;838a3d0e7e7c7cae;[];indomieeee telorr udah cukupppp kok
306;835;11-50;2046820.0;text;;[];False;False;838a3d0e7e7c7cae;[];porsiii makan gw nambah terus
307;835;11-50;2046831.0;text;;[];False;False;838a3d0e7e7c7cae;[];masak sendiri lebihhhh hemat sihhhh
308;835;51-100;2046935.0;text;;[];False;False;838a3d0e7e7c7cae;[];tadi di kantin ketemuuuu anak angkatann bawahhhh yang kenal samaaa temen sma gw
309;835;0;2047003.0;image/jpeg;;[];False;False;838a3d0e7e7c7cae;[];[Foto]
310;835;11-50;2047766.0;text;;[];False;False;ce58621891f7e7f2;[];masak sendiri lebih hemat sih
311;835;51-100;2047784.0;text;;[];False;False;ce58621891f7e7f2;[];gw lagi bingung milih topik skripsi antara dua tema yang sama menariknya
312;835;51-100;2047847.0;text;;[];False;False;ce58621891f7e7f2;[];gw lagi bingung milih topik skripsi antara dua tema yang sama menariknya
313;835;11-50;2047849.0;text;;[];False;False;ce58621891f7e7f2;[];porsi makan gw nambah terus
314;835;51-100;2047874.0;text;;['😹'];False;False;838a3d0e7e7c7cae;[];gw udah downloadd semua materii kuliahhhh tapi belum sempat baca sama sekali
315;835;1-10;2047895.0;text;;[];False;False;ce58621891f7e7f2;[];yep
316;835;11-50;2047896.0;text;;[];False;False;838a3d0e7e7c7cae;[];sarapannn dulu baru mikirrr
317;835;11-50;2047903.0;text;;[];False;False;838a3d0e7e7c7cae;[];nongkrong yukkkk di kafe biasaaa
318;835;1-10;2047905.0;text;;[];False;False;ce58621891f7e7f2;[];cuy
319;835;11-50;2047914.0;text;;[];False;False;838a3d0e7e7c7cae;[];masak sendiri lebih hemat sih
320;835;51-100;2047943.0;text;;[];False;False;ce58621891f7e7f2;[];weekend ini gw mau staycation aja di kosan binge watching series baru
321;835;1-10;2047945.0;text;;[];False;False;838a3d0e7e7c7cae;[];cuy
322;835;11-50;2047966.0;text;;[];False;False;838a3d0e7e7c7cae;[];gw mauu pesenn gofooddd dulu
323;835;51-100;2047973.0;text;;[];False;False;838a3d0e7e7c7cae;[];weekendd iniii gw mau staycation aja di kosan bingeeee watching seriessss baru
324;835;51-100;2047986.0;text;;[];False;False;838a3d0e7e7c7cae;[];tadiiii di kantinnn ketemuuuu anak angkatan bawah yang kenal samaaaa temen sma gw
325;835;11-50;2047988.0;text;;[];False;False;838a3d0e7e7c7cae;[];tadii gw makan nasi padangg
326;835;11-50;2047994.0;text;;[];False;False;838a3d0e7e7c7cae;[];nongkrongggg yuk di kafe biasa
327;835;11-50;2048002.0;text;;[];False;False;ce58621891f7e7f2;[];gw mau nyoba restoran baru
328;835;11-50;2049330.0;text;;[];False;False;838a3d0e7e7c7cae;[];gw mau nyoba restorannnn baru
329;835;0;2049344.0;image/jpeg;;[];False;False;838a3d0e7e7c7cae;[];[Foto]
330;835;1-10;2049348.0;text;;['😅'];False;False;838a3d0e7e7c7cae;[];sip
331;835;1-10;2049457.0;text;;['😂'];False;False;0a78978cffdec07a;[];ngab
332;835;51-100;2051976.0;text;;[];False;False;022fd2d8eea8dfdc;[];dompet gw ilang kemarin di angkot tapi alhamdulillah ada yang nemuin
333;835;11-50;2052193.0;text;;[];False;False;838a3d0e7e7c7cae;[];indomiee telor udahhh cukup kok
334;836;1-10;2142344.0;text;;[];False;False;9a7eb1acd749eb01;[];aman
335;836;51-100;2142348.0;text;;[];False;False;9a7eb1acd749eb01;[];gw lg mikirin mau ambil magang di perusahaan mana buat semester depan
336;836;51-100;2142349.0;text;;[];True;False;9a7eb1acd749eb01;[];menurut lu gw hrs ambil mata kuliah pilihan yg mana semester depan?
337;836;0;2142372.0;unknown;;[];False;False;9a7eb1acd749eb01;[];[Media tidak dikenal]
338;836;1-10;2142469.0;text;;[];False;False;9a7eb1acd749eb01;[];asli
339;836;11-50;2142536.0;text;;['🤭'];False;False;c09442bccf5fc4c4;[];tugas kelompok bikin pusing!!
340;836;1-10;2142859.0;text;;[];False;False;9a7eb1acd749eb01;[];nih
341;836;1-10;2142862.0;text;;[];False;False;9a7eb1acd749eb01;[];nih
342;836;11-50;2142877.0;text;;[];False;False;9a7eb1acd749eb01;[];gw mau ambil cuti semester
343;836;11-50;2143453.0;text;;[];False;False;6d67fceaabf2a799;[];gw laper banget nih
344;836;11-50;2143458.0;text;;[];False;False;6d67fceaabf2a799;[];tugas kelompok bikin pusing
345;836;11-50;2143468.0;text;;[];False;False;6d67fceaabf2a799;[];gw mau ambil cuti semester
346;836;51-100;2143474.0;text;;['😜'];False;False;6d67fceaabf2a799;[];jangan lupa besok kumpul di lobby kampus jam 8 pagi buat berangkat bareng
347;836;1-10;2143515.0;text;;['👏🏻'];False;False;c09442bccf5fc4c4;[];hmm!!!
348;836;11-50;2143534.0;text;;['🤭'];True;False;c09442bccf5fc4c4;[];ada yang punya catetan!!!
349;836;1-10;2143564.0;text;;['🤣'];False;False;6d67fceaabf2a799;[];asli
350;836;11-50;2144165.0;text;;['😋'];False;False;c09442bccf5fc4c4;[];gw laper banget nih!!
351;837;51-100;2221687.0;text;;[];False;False;f39e438457643ac3;[];Gw baru aja dapet kabar kalo temen kita diterima kerja di luar negeri.
352;837;11-50;2221694.0;text;;[];False;False;f39e438457643ac3;[];Gw kangen temen temen SMA.
353;837;11-50;2221708.0;text;;['🤣'];False;False;f39e438457643ac3;[];Eh denger gosip belum.
354;837;1-10;2221729.0;text;;['👏🏻'];False;False;c09442bccf5fc4c4;[];amin!!
355;837;51-100;2221744.0;text;;[];True;False;c09442bccf5fc4c4;[];lu pernah coba belajar bareng di perpus kota ga, enak ga disana!!
356;837;1-10;2221749.0;text;;[];False;False;c09442bccf5fc4c4;[];males!!!
357;837;1-10;2221821.0;text;;[];False;False;f39e438457643ac3;[];Trus.
358;837;11-50;2221855.0;text;;[];False;False;f39e438457643ac3;[];Gw kangen temen temen SMA.
359;837;11-50;2221859.0;text;;[];False;False;f39e438457643ac3;[];Si itu udah putus katanya.
360;837;1-10;2221863.0;text;;[];False;False;f39e438457643ac3;[];Wkwkw.
361;837;51-100;2221883.0;text;;[];False;False;f39e438457643ac3;[];Gw baru aja dapet kabar kalo temen kita diterima kerja di luar negeri.
362;837;51-100;2221908.0;text;;[];False;False;f39e438457643ac3;[];Gw baru aja dapet kabar kalo temen kita diterima kerja di luar negeri.
363;837;11-50;2221920.0;text;;[];False;False;c09442bccf5fc4c4;[];diem diem ternyata jadian!!
364;837;11-50;2221984.0;text;;[];False;False;c09442bccf5fc4c4;[];reuni kapan ya kita!!!
365;837;51-100;2222006.0;text;;[];False;False;c09442bccf5fc4c4;[];gw baru aja dapet kabar kalo temen kita diterima kerja di luar negeri!!
366;837;101-500;2222048.0;text;;['🤷🏼\u200d♂'];False;False;c09442bccf5fc4c4;[];hari ini gw iseng nyoba bikin kopi pake metode V60 yang lagi hype di kalangan anak anak kampus. beli alatnya lumayan mahal sih tapi hasilnya emang beda dari kopi sachet biasa. kopinya lebih smooth dan ga terlalu pahit. kayaknya gw bakal ketagihan nih bikin kopi sendiri tiap pagi sebelum ke kampus!!!
367;837;1-10;2222117.0;text;;[];False;False;f39e438457643ac3;[];Setuju.
368;837;11-50;2222292.0;text;;[];False;False;f39e438457643ac3;[];Diem diem ternyata jadian.
369;837;11-50;2222319.0;text;;[];False;False;f39e438457643ac3;[];Eh denger gosip belum.
370;838;101-500;2241323.0;text;;[];True;False;03be63d69a706376;[];gw lagi bimbang nih antara mau ikut organisasi kampus atau fokus ke akademik aja. menurut kalian gimana sih, worth it ga sih ikut organisasi? soalnya gw denger banyak yang bilang bisa nambah soft skill tapi di... sisi lain waktu buat belajar jadi berkurang kan, gimana pengalaman kalian?
371;838;11-50;2241342.0;text;;[];False;False;03be63d69a706376;[];manga terbaru udah keluar loh
372;838;51-100;2241362.0;text;;[];False;False;03be63d69a706376;[];dosen killer itu ternyata baik banget orangnya kalo... diajak... ngobrol... santai
373;838;1-10;2242253.0;text;;[];False;False;9a7eb1acd749eb01;[];dih
374;838;1-10;2243063.0;text;;[];False;False;4e7e80075ece205e;[];btw
375;839;1-10;2256298.0;text;;['🤷🏻\u200d♂️'];False;False;6d67fceaabf2a799;[];jir
376;839;0;2263306.0;image/jpeg;;[];False;False;c09442bccf5fc4c4;[];[Foto]
377;839;1-10;2263314.0;text;;['🤷🏼\u200d♂'];False;False;c09442bccf5fc4c4;[];njir!!!
378;839;1-10;2263803.0;text;;[];False;True;03be63d69a706376;[];serem!
379;839;1-10;2264266.0;text;;[];False;False;9a7eb1acd749eb01;[];zonk
380;840;51-100;2311239.0;text;;['😊'];False;True;32f86839507ea657;[];ngakak parah tadi... di kelas ad yg ketiduran pas dosen nerangin!
381;840;11-50;2311593.0;text;;[];False;False;0a78978cffdec07a;[];keularga ngmupul lebaran ntr
382;840;11-50;2311595.0;text;;[];False;False;0a78978cffdec07a;[];adek gw masuk sma tahun ni
383;841;1-10;2320525.0;text;;[];False;True;f39e438457643ac3;[];wow!
384;841;11-50;2320528.0;text;;[];False;True;f39e438457643ac3;[];capek banget hari ini!
385;841;51-100;2320802.0;text;;[];False;False;f39e438457643ac3;[];Gw lagi bingung milih topik skripsi antara dua tema yang sama menariknya.
386;841;11-50;2320821.0;text;;[];False;False;f39e438457643ac3;[];Kopi susu yg biasa ya.
387;841;11-50;2320839.0;text;;[];False;False;f39e438457643ac3;[];Gw mau nyoba restoran baru.
388;841;11-50;2320865.0;text;;[];False;False;f39e438457643ac3;[];Gw mau nyoba restoran baru.
389;841;51-100;2320890.0;text;;['🤣'];False;False;f39e438457643ac3;[];Tadi di kantin ketemu anak angkatan bawah yang kenal sama temen SMA gw.
390;841;51-100;2321005.0;text;;[];False;True;4e7e80075ece205e;[];sumpah gw,,, kaget banget,,, pas tau,,, nilai ujian gw ternyata bagus banget!
391;841;1-10;2321151.0;text;;[];False;False;f39e438457643ac3;[];Yep.
392;841;11-50;2321153.0;text;;[];False;False;f39e438457643ac3;[];Nongkrong yuk di kafe biasa.
393;841;11-50;2321185.0;text;;['🤣'];False;False;f39e438457643ac3;[];Nongkrong yuk di kafe biasa.
394;841;1-10;2321393.0;text;;['🤣'];False;False;32f86839507ea657;[];gass
395;841;51-100;2321400.0;text;;[];False;False;4e7e80075ece205e;[];gw udah download,,, semua materi kuliah tapi belum sempat baca sama sekali
396;841;11-50;2321450.0;text;;[];False;False;f39e438457643ac3;[];Es teh manis satu ya bang.
397;841;11-50;2321457.0;text;;[];False;False;f39e438457643ac3;[];Porsi makan gw nambah terus.
398;841;51-100;2321474.0;text;;[];False;False;f39e438457643ac3;[];Gw udah download semua materi kuliah tapi belum sempat baca sama sekali.
399;841;11-50;2321484.0;text;;[];False;False;f39e438457643ac3;[];Sarapan dulu baru mikir.
400;841;11-50;2321574.0;text;;[];False;False;4e7e80075ece205e;[];kopi susu yg biasa ya
401;841;101-500;2321631.0;text;;[];False;False;f39e438457643ac3;[];Kemarin malem gw sama temen temen nongkrong di warkop biasa sampe jam 12 malem. kita ngobrol banyak hal dari mulai tugas kuliah, rencana liburan, sampe masalah percintaan. seru sih walau besoknya gw kesiangan masuk kelas pagi dan dosen negur di depan semua orang. malu tapi ya gimana lagi.
402;841;101-500;2321689.0;text;;[];False;False;f39e438457643ac3;[];Kemarin malem gw sama temen temen nongkrong di warkop biasa sampe jam 12 malem. kita ngobrol banyak hal dari mulai tugas kuliah, rencana liburan, sampe masalah percintaan. seru sih walau besoknya gw kesiangan masuk kelas pagi dan dosen negur di depan semua orang. malu tapi ya gimana lagi.
403;841;101-500;2321786.0;text;;[];True;False;4e7e80075ece205e;['c09442bccf5fc4c4'];gw lagi bimbang nih antara mau ikut organisasi kampus,,, atau fokus ke,,, akademik aja. menurut kalian gimana sih,,,, worth it,,, ga,,, sih ikut organisasi?,,, soalnya gw denger banyak yang bilang,,, bisa nambah soft skill tapi di,,, sisi lain,,, waktu buat belajar jadi berkurang kan, gimana pengalaman kalian?
404;841;11-50;2322410.0;text;;[];False;False;c09442bccf5fc4c4;[];es teh manis satu ya bang!!
405;841;101-500;2322457.0;text;;[];False;False;c09442bccf5fc4c4;[];kemarin malem gw sama temen temen nongkrong di warkop biasa sampe jam 12 malem. kita ngobrol banyak hal dari mulai tugas kuliah, rencana liburan, sampe masalah percintaan. seru sih walau besoknya gw kesiangan masuk kelas pagi dan dosen negur di depan semua orang. malu tapi ya gimana lagi!!
406;841;51-100;2322480.0;text;;[];False;False;c09442bccf5fc4c4;[];gw udah download semua materi kuliah tapi belum sempat baca sama sekali!!!
407;841;51-100;2322503.0;text;;[];False;False;c09442bccf5fc4c4;[];gw udah download semua materi kuliah tapi belum sempat baca sama sekali!!
408;841;11-50;2322527.0;text;;[];False;False;c09442bccf5fc4c4;[];gw lagi diet tapi gagal mulu!!
409;841;51-100;2322585.0;text;;['🤷🏼\u200d♂'];False;False;c09442bccf5fc4c4;[];weekend ini gw mau staycation aja di kosan binge watching series baru!!
410;841;101-500;2322623.0;text;;[];False;False;c09442bccf5fc4c4;[];kemarin malem gw sama temen temen nongkrong di warkop biasa sampe jam 12 malem. kita ngobrol banyak hal dari mulai tugas kuliah, rencana liburan, sampe masalah percintaan. seru sih walau besoknya gw kesiangan masuk kelas pagi dan dosen negur di depan semua orang. malu tapi ya gimana lagi!!!
411;841;11-50;2322632.0;text;;[];False;False;c09442bccf5fc4c4;[];kopi susu yg biasa ya!!!
412;842;0;2331111.0;image/jpeg;;[];False;False;ce58621891f7e7f2;[];[Foto]
413;842;11-50;2331177.0;text;;[];False;False;f39e438457643ac3;[];Gw baru aja ketemu mantan.
414;842;1-10;2333516.0;text;;[];False;False;9a7eb1acd749eb01;[];anjay
415;842;1-10;2340272.0;text;;[];False;False;b347157be063753f;[];MAGER
416;843;0;2501911.0;image/jpeg;;[];False;False;03be63d69a706376;[];[Foto]
417;843;1-10;2503055.0;text;;['😍'];False;False;9a7eb1acd749eb01;[];udah
418;844;0;2673030.0;image/jpeg;;[];False;False;b347157be063753f;[];[Foto]
419;844;0;2673609.0;image/jpeg;;[];False;False;9a7eb1acd749eb01;[];[Foto]
420;844;1-10;2675222.0;text;;[];False;False;0dae6c83cfb31784;[];dong
421;845;0;2681002.0;image/jpeg;;[];False;False;9a7eb1acd749eb01;[];[Foto]
422;845;1-10;2682031.0;text;;[];False;False;6d67fceaabf2a799;[];males
423;846;11-50;2770060.0;video/mp4;;[];True;False;838a3d0e7e7c7cae;[];[Video]
424;846;51-100;2770114.0;text;;[];False;False;838a3d0e7e7c7cae;[];gw baruuuu dapett info beasiswa buat semesterrr depan mauu cobaaa daftar deh
425;846;11-50;2770122.0;text;;[];False;False;838a3d0e7e7c7cae;[];gw abis lari pagii tadi
426;846;0;2770125.0;image/jpeg;;[];False;False;838a3d0e7e7c7cae;[];[Foto]
427;846;11-50;2770263.0;text;;[];True;False;6d67fceaabf2a799;[];masih bangun ga lu jam segini?
428;846;51-100;2770280.0;text;;[];False;False;6d67fceaabf2a799;[];semalam hujan gede banget sampe kosan gw mati lampu semaleman gila
429;846;11-50;2770302.0;text;;['🤦🏻\u200d♂️'];False;False;6d67fceaabf2a799;[];futsal besok jadi ga
430;846;1-10;2770302.0;text;;[];True;False;6d67fceaabf2a799;[];gmana?
431;846;11-50;2770316.0;text;;[];True;False;6d67fceaabf2a799;[];booking duluan apa langsung aja?
432;846;51-100;2770334.0;text;;[];False;False;6d67fceaabf2a799;[];gw gagal diet lagi soalnya tadi sore diajak makan bakso sama temen
433;846;1-10;2770382.0;text;;[];False;False;838a3d0e7e7c7cae;[];dihh
434;846;101-500;2770412.0;text;;[];False;False;838a3d0e7e7c7cae;[];tadi siangg gw makan di warung makan baruu deket gerbang belakang kampus. nasi gorengnya lumayan enak dan harganya murah bangett cumaaa 12 ribu udahhh sama es teh. kayaknya bakallll jadi langganann baruuu dehhhh soalnya warteg biasa gw udah mulaiii naik hargaaaa dan porsinya makin dikit ajaa
435;846;11-50;2770423.0;text;;[];True;False;6d67fceaabf2a799;[];booking duluan apa langsung aja?
436;846;11-50;2770429.0;text;;[];False;False;6d67fceaabf2a799;[];gw lagi baca novel baru nih
437;846;1-10;2770438.0;text;;[];False;False;838a3d0e7e7c7cae;[];kuyy
438;846;11-50;2770439.0;text;;[];False;False;6d67fceaabf2a799;[];game baru udah download belum
439;846;11-50;2770445.0;text;;[];False;False;6d67fceaabf2a799;[];manga terbaru udah keluar loh
440;846;1-10;2770448.0;text;;[];False;False;838a3d0e7e7c7cae;[];dihh
441;846;11-50;2770461.0;text;;[];False;False;6d67fceaabf2a799;[];series itu endingnya zonk bgt
442;846;11-50;2770463.0;text;;[];False;False;6d67fceaabf2a799;[];futsal besok jadi ga
443;846;11-50;2770463.0;text;;[];False;False;6d67fceaabf2a799;[];manga terbaru udah keluar loh
444;846;51-100;2770488.0;text;;[];False;False;6d67fceaabf2a799;[];semalam hujan gede banget sampe kosan gw mati lampu semaleman gila
445;846;11-50;2770648.0;text;;[];False;False;838a3d0e7e7c7cae;[];podcast yg lu rekomen mana
446;846;11-50;2770653.0;text;;[];False;False;838a3d0e7e7c7cae;[];podcast yg lu rekomen mana
447;846;11-50;2770800.0;text;;[];False;False;0a78978cffdec07a;[];game baru udah download blm
448;846;11-50;2770811.0;text;;[];True;False;0a78978cffdec07a;[];ad sinyal ga disitu?
449;846;11-50;2771007.0;text;;[];False;False;6d67fceaabf2a799;[];game baru udah download belum
450;846;11-50;2771015.0;text;;[];False;False;6d67fceaabf2a799;[];album baru dia enak banget
451;846;1-10;2771016.0;text;;[];False;False;6d67fceaabf2a799;[];bete
452;846;11-50;2771073.0;text;;[];False;False;838a3d0e7e7c7cae;[];game baru udahhhh download belummm
453;846;11-50;2771079.0;text;;[];False;False;838a3d0e7e7c7cae;[];series ituuu endingnyaa zonk bgttt
454;846;11-50;2771092.0;text;;[];False;False;838a3d0e7e7c7cae;[];gw abisss lari pagi tadiii
455;846;51-100;2771099.0;text;;[];False;False;838a3d0e7e7c7cae;[];gw baruuu dapet infoo beasiswaaaa buat semester depan mauuuu coba daftar deh
456;846;11-50;2771131.0;text;;[];False;False;9a7eb1acd749eb01;[];game baru udah download blm
457;846;1-10;2771133.0;text;;[];False;False;9a7eb1acd749eb01;[];fyi
458;846;1-10;2771158.0;text;;['😅'];False;False;838a3d0e7e7c7cae;[];fyi
459;846;11-50;2771162.0;text;;[];False;False;838a3d0e7e7c7cae;[];badmintonnnn yukkkk sore ini
460;846;51-100;2771329.0;text;;[];False;False;6f7bbd77e9e308fc;[];semalam hujan gede bgt sampe kosan gw mati lampu semaleman glia
461;846;101-500;2771369.0;text;;[];False;False;6f7bbd77e9e308fc;[];tadi siang gw makan di warung makan baru dkeet grebang belakang kampus. nasi gorengnya lumayan enak dan harganya murah bgt cuma 12 ribu uadh sm es teh. kayankya bakal jadi langganan baru deh soalnya warteg biaas gw udah mulai naik harag dan porsinya makin dikit aja
462;846;11-50;2771459.0;text;;[];False;False;838a3d0e7e7c7cae;[];series itu endingnya zonk bgt
463;846;11-50;2771468.0;text;;[];False;False;838a3d0e7e7c7cae;[];podcastt yg lu rekomen manaaaa
464;846;11-50;2771701.0;text;;[];True;False;6d67fceaabf2a799;[];masih bangun ga lu jam segini?
465;846;11-50;2771707.0;text;;['🤣'];False;False;6d67fceaabf2a799;[];gym hari ini skip deh
466;846;1-10;2771785.0;text;;[];False;False;838a3d0e7e7c7cae;[];jir
467;847;51-100;2777687.0;text;;[];True;False;c09442bccf5fc4c4;[];gimana caranya biar bisa fokus belajar tanpa main hp terus ya!!!
468;847;11-50;2777707.0;text;;[];False;False;c09442bccf5fc4c4;[];lu dimana sih lama banget!!!
469;847;51-100;2777742.0;text;;[];False;False;c09442bccf5fc4c4;[];motor gw mogok di tengah jalan tadi pagi jadi gw telat masuk kelas!!!
470;847;11-50;2778144.0;text;;[];False;False;9a7eb1acd749eb01;[];rame bgt disini cuy
471;847;11-50;2778154.0;text;;[];False;False;9a7eb1acd749eb01;[];jangan lupa bawa duit cash
472;847;11-50;2778159.0;text;;[];False;False;9a7eb1acd749eb01;[];gw naik ojol aja deh
473;847;11-50;2778171.0;text;;[];False;False;9a7eb1acd749eb01;[];gw naik ojol aja deh
474;847;51-100;2778222.0;text;;[];False;False;9a7eb1acd749eb01;[];temen sekamar gw pindah kosan jadi skrg gw sendirian di kamar
475;847;11-50;2778233.0;text;;[];False;False;9a7eb1acd749eb01;[];rame bgt disini cuy
476;847;51-100;2778247.0;text;;[];False;False;9a7eb1acd749eb01;[];gw hrs nabung lebih banyak sih buat bayar uang semester yg naik
477;847;1-10;2778833.0;text;;[];False;False;838a3d0e7e7c7cae;[];mah
478;847;11-50;2778837.0;text;;[];False;False;838a3d0e7e7c7cae;[];gw lagi di warkoppp nih
479;847;11-50;2779265.0;text;;[];False;False;0a78978cffdec07a;[];ktia ketemuan dmn aja deh
480;847;11-50;2779276.0;text;;[];False;False;0a78978cffdec07a;[];macet parah di jalan tol
481;847;11-50;2779278.0;text;;[];False;False;0a78978cffdec07a;[];mcaet parah di jlaan tol
482;847;11-50;2779281.0;text;;[];False;False;0a78978cffdec07a;[];gw ngga bs ikut mlaem ni
483;847;51-100;2780333.0;text;;[];False;False;4e7e80075ece205e;[];gw harus nabung lebih banyak sih buat bayar uang semester yang naik,,,
484;847;1-10;2780360.0;text;;[];False;False;838a3d0e7e7c7cae;[];kok
485;848;11-50;2785979.0;text;;[];False;False;0dae6c83cfb31784;[];gw ga percaya,,, sih gosipnya
486;848;11-50;2785989.0;text;;[];False;False;0dae6c83cfb31784;[];temen gw sakit,,, masuk rs
487;848;11-50;2786021.0;text;;[];False;False;0dae6c83cfb31784;[];diem diem,,, ternyata jadian
488;848;11-50;2786029.0;text;;[];False;False;0dae6c83cfb31784;[];gw ga percaya,,, sih gosipnya
489;848;11-50;2786041.0;text;;[];False;False;0dae6c83cfb31784;[];si itu udah putus katanya
490;849;11-50;2845304.0;text;;[];False;False;78b7421aa4387450;[];keluarga ngumpul lebaran nanti
491;849;11-50;2845334.0;text;;[];False;False;838a3d0e7e7c7cae;[];duittt bulanannnn belummm dikirimm
492;849;1-10;2845352.0;text;;['😮'];False;False;78b7421aa4387450;[];goks
493;849;101-500;2847135.0;text;;[];False;False;6d67fceaabf2a799;[];gw pengen curhat sedikit nih. akhir akhir ini gw ngerasa burnout banget sama rutinitas kuliah yang itu itu aja. bangun pagi, kuliah, tugas, tidur, repeat. kadang gw ngerasa kayak robot yang cuma jalan sesuai program tanpa tau tujuan akhirnya apa. mungkin gw butuh liburan beneran buat refresh otak
494;849;51-100;2847296.0;text;;[];False;False;78b7421aa4387450;[];gw nonton filmmm dokumenter semalam tentang laut dannn ikan, bagus bangett
495;850;11-50;2948032.0;text;;[];True;False;4037c32290ea62de;[];itu beneran apa hoax?
496;850;0;2948038.0;image/jpeg;;[];False;False;4037c32290ea62de;[];[Foto]
497;850;11-50;2948038.0;text;;[];False;False;4037c32290ea62de;[];tadi gw makan nasi padang
498;850;1-10;2948044.0;text;;[];False;False;4037c32290ea62de;[];gass
499;850;11-50;2948133.0;text;;[];True;False;838a3d0e7e7c7cae;[];bayarrr berapaaaa sihhhh tadi?
500;850;1-10;2948203.0;text;;[];False;False;9a7eb1acd749eb01;[];sis
501;850;1-10;2948343.0;text;;[];False;False;4037c32290ea62de;[];sis
502;851;11-50;2952622.0;text;;[];False;False;4e7e80075ece205e;[];matkul ini,,, susah banget,,,
503;851;11-50;2952631.0;text;;['🤷🏻\u200d♀️'];False;False;4e7e80075ece205e;[];presentasi gw amburadul
504;851;0;2952745.0;image/jpeg;;[];False;False;4e7e80075ece205e;[];[Foto]
505;851;11-50;2953847.0;text;;[];False;False;9a7eb1acd749eb01;[];perpus tutup jam berapa ya
506;851;11-50;2954081.0;text;;[];False;False;4e7e80075ece205e;[];dosen gw galak,,, banget sih
507;851;1-10;2954094.0;text;;[];False;False;4e7e80075ece205e;[];wkwk
508;851;11-50;2954096.0;text;;[];False;False;4e7e80075ece205e;[];gw lg ngerjain tugas nih
509;851;11-50;2955233.0;text;;['😌'];False;False;9a7eb1acd749eb01;[];tadi absen ga sih km
510;851;11-50;2955377.0;text;;[];False;False;4e7e80075ece205e;[];presentasi gw,,, amburadul,,,
511;851;11-50;2955469.0;text;;[];False;False;9a7eb1acd749eb01;[];gw belom mulai tugas
512;851;0;2955481.0;unknown;;[];False;False;9a7eb1acd749eb01;[];[Media tidak dikenal]
513;851;11-50;2955669.0;text;;[];True;False;4e7e80075ece205e;[];lu dimana sekarang?
514;851;1-10;2955676.0;text;;[];False;False;4e7e80075ece205e;[];siap
515;851;11-50;2955678.0;text;;[];False;False;4e7e80075ece205e;[];tadi absen ga sih kamu
516;851;1-10;2955769.0;text;;[];False;False;9a7eb1acd749eb01;[];dah
517;851;51-100;2955780.0;text;;[];False;False;9a7eb1acd749eb01;[];gw denger katanya semester depan ad mata kuliah baru yg wajib diambil
518;851;11-50;2955794.0;text;;[];False;False;9a7eb1acd749eb01;[];eh tadi kelas seru bgt
519;851;11-50;2955805.0;text;;[];False;False;4e7e80075ece205e;[];dosen gw galak banget sih
520;851;11-50;2955811.0;text;;[];True;False;4e7e80075ece205e;[];jadi ketemuan ga hari ini?
521;851;11-50;2955821.0;text;;[];False;False;4e7e80075ece205e;[];presentasi gw,,, amburadul
522;851;11-50;2955853.0;text;;[];False;False;4e7e80075ece205e;[];matkul ini susah banget,,,
523;851;11-50;2956162.0;text;;[];False;False;9a7eb1acd749eb01;[];deadline besok pagi bro
524;851;11-50;2956168.0;text;;[];False;False;9a7eb1acd749eb01;[];tadi absen ga sih km
525;851;11-50;2956184.0;text;;[];False;False;4e7e80075ece205e;[];ipk gw turun semester ini
526;851;1-10;2956191.0;text;;[];True;False;9a7eb1acd749eb01;[];apa?
527;851;11-50;2956212.0;text;525.0;[];False;False;9a7eb1acd749eb01;[];matkul ni susah bgt
528;851;11-50;2956218.0;text;;[];False;False;4e7e80075ece205e;[];lab komputer penuh terus
529;851;11-50;2956239.0;text;;[];False;False;4e7e80075ece205e;[];gw skip kelas hari,,, ini
530;851;1-10;2956240.0;text;;[];False;False;6d67fceaabf2a799;[];siap
531;851;11-50;2956623.0;text;;[];False;False;9a7eb1acd749eb01;[];presentasi gw amburadul
532;851;11-50;2956629.0;text;;[];False;False;9a7eb1acd749eb01;[];tadi absen ga sih km
533;851;1-10;2956632.0;text;;[];False;False;9a7eb1acd749eb01;[];gas
534;851;11-50;2956634.0;text;;[];False;False;9a7eb1acd749eb01;[];matkul ni susah bgt
535;851;51-100;2956733.0;text;;[];False;False;4e7e80075ece205e;[];nyokap gw nelfon tadi nanyain kapan,,, pulang, gw bilang aja abis ujian,,,
536;851;1-10;2956856.0;text;;[];False;False;9a7eb1acd749eb01;[];ok
537;852;0;2966415.0;audio;;[];False;False;4e7e80075ece205e;[];[Voice Note]
538;852;51-100;2966880.0;text;;[];False;False;4e7e80075ece205e;[];gw lagi nyoba masak rendang resep nyokap tapi,,, kayaknya,,, gagal total deh
539;853;11-50;2991608.0;text;;[];True;False;9a7eb1acd749eb01;[];ntar malem ngapain?
540;853;11-50;2991638.0;text;;[];True;False;9a7eb1acd749eb01;[];ad yg pny catetan?
541;853;11-50;2991644.0;text;;[];False;False;9a7eb1acd749eb01;[];sidang minggu depan doain ya
542;853;11-50;2991652.0;text;;[];False;False;9a7eb1acd749eb01;[];gw baru aja dr kampus
543;854;101-500;2999430.0;text;;['🤷🏻\u200d♀️'];False;False;4e7e80075ece205e;[];gw lagi galau banget,,, nih soal,,, masa depan. mau lanjut,,, s2 tapi,,, duit ga ada, mau langsung kerja,,, tapi pengalaman,,, masih minim. nyokap bilang terserah gw aja tapi,,, gw tau dia pengen gw cepet kerja biar,,, bisa bantu ekonomi keluarga. bingung banget,,, sih, kayak semua pilihan,,, ada plus minusnya
544;854;1-10;2999470.0;text;;[];False;False;9a7eb1acd749eb01;[];asli
545;854;1-10;2999471.0;text;;[];False;False;9a7eb1acd749eb01;[];nih
546;854;101-500;2999883.0;text;;['😜'];False;False;4e7e80075ece205e;[];gw lagi galau banget nih soal,,, masa depan. mau lanjut s2 tapi,,, duit ga ada, mau,,, langsung kerja,,, tapi pengalaman masih minim. nyokap bilang,,, terserah gw aja tapi,,, gw tau dia pengen gw cepet kerja biar bisa bantu ekonomi keluarga. bingung banget sih, kayak semua pilihan ada plus minusnya
547;854;1-10;3000067.0;text;;[];False;False;9a7eb1acd749eb01;[];nah
548;854;11-50;3000191.0;text;;[];False;False;4e7e80075ece205e;[];mie ayam pak kumis juara sih
549;854;11-50;3002671.0;text;;[];False;True;9a7eb1acd749eb01;[];keren abis presentasinya!
550;854;51-100;3002882.0;text;;[];False;False;4e7e80075ece205e;[];jangan lupa besok kumpul,,, di lobby kampus jam,,, 8,,, pagi buat berangkat bareng
551;854;51-100;3002969.0;text;;[];True;False;4e7e80075ece205e;[];menurut lu gw harus,,, ambil mata kuliah pilihan yang mana semester depan?
552;854;1-10;3003955.0;text;;[];False;False;9a7eb1acd749eb01;[];nih
553;854;11-50;3003965.0;text;;[];False;False;9a7eb1acd749eb01;[];gw laper bgt nih
554;854;11-50;3003972.0;text;;[];False;False;9a7eb1acd749eb01;[];gw laper bgt nih
555;855;101-500;3007498.0;text;;[];False;False;4e7e80075ece205e;[];kemarin malem gw sama temen temen,,, nongkrong di,,, warkop biasa sampe jam 12 malem. kita ngobrol banyak hal dari mulai tugas kuliah, rencana liburan, sampe masalah percintaan. seru,,, sih walau besoknya gw kesiangan masuk,,, kelas pagi,,, dan dosen,,, negur di depan semua orang. malu tapi ya gimana lagi
556;855;1-10;3007754.0;text;;[];False;False;9a7eb1acd749eb01;[];bener
557;855;51-100;3007769.0;text;;[];False;False;9a7eb1acd749eb01;[];gw udah download smua materi kuliah tp blm sempat baca sm sekali
558;855;101-500;3008887.0;text;;[];False;False;4e7e80075ece205e;[];kemarin malem gw sama temen temen nongkrong di warkop biasa sampe jam 12 malem. kita,,, ngobrol banyak hal dari mulai tugas kuliah, rencana liburan,,,, sampe masalah percintaan.,,, seru sih walau besoknya gw,,, kesiangan masuk kelas pagi dan dosen negur di,,, depan semua orang. malu,,, tapi ya,,, gimana lagi
559;855;11-50;3008977.0;text;;[];False;False;9a7eb1acd749eb01;[];gw mau nyoba restoran baru
560;855;11-50;3008980.0;text;;[];False;False;9a7eb1acd749eb01;[];tadi gw makan nasi padang
561;855;51-100;3008986.0;text;;[];False;False;4e7e80075ece205e;[];dompet gw ilang kemarin di angkot tapi alhamdulillah,,, ada,,, yang,,, nemuin
562;855;11-50;3009011.0;text;;[];True;False;9a7eb1acd749eb01;[];bawa motor apa naik apa?
563;855;51-100;3009042.0;text;;[];False;False;4e7e80075ece205e;[];weekend ini gw mau staycation aja di kosan binge watching series baru
564;855;11-50;3009058.0;text;;[];True;False;4e7e80075ece205e;[];bawa motor apa naik apa?
565;855;11-50;3009225.0;text;;[];False;False;9a7eb1acd749eb01;[];indomie telor udah cukup kok
566;855;51-100;3009281.0;text;;[];True;False;4e7e80075ece205e;[];ada yang tau,,, kenapa kantin kampus,,, tutup lebih awal hari,,, ini ga sih?
567;855;11-50;3009353.0;text;;[];False;False;9a7eb1acd749eb01;[];es teh manis satu ya bang
568;855;11-50;3009440.0;text;;[];False;False;4e7e80075ece205e;[];gw mau nyoba restoran,,, baru
569;855;11-50;3009451.0;text;;[];True;False;4e7e80075ece205e;[];udah sampe belom?
570;855;1-10;3009493.0;text;;[];False;False;9a7eb1acd749eb01;[];woy
571;855;11-50;3009495.0;text;;[];False;False;9a7eb1acd749eb01;[];bakso malang tu buka ga ya
572;855;1-10;3009504.0;text;;[];False;False;9a7eb1acd749eb01;[];ayok
573;855;11-50;3009515.0;text;;[];True;False;022fd2d8eea8dfdc;[];bawa motor apa naik apa?
574;855;51-100;3009554.0;text;;[];False;False;4e7e80075ece205e;[];gw lagi bingung milih topik skripsi,,, antara dua tema yang sama menariknya,,,
575;855;1-10;3009570.0;text;;[];False;False;022fd2d8eea8dfdc;[];sis
576;855;11-50;3009587.0;text;;[];False;False;022fd2d8eea8dfdc;[];bakso malang itu buka ga ya
577;855;51-100;3009595.0;text;;[];False;False;4e7e80075ece205e;[];tadi di,,, kantin,,, ketemu anak angkatan bawah yang kenal,,, sama,,, temen sma gw
578;855;1-10;3009604.0;text;;[];False;False;03be63d69a706376;[];sis
579;855;11-50;3009610.0;text;;['😂'];False;False;03be63d69a706376;[];gw mau nyoba restoran baru
580;855;11-50;3009623.0;text;;[];False;False;4e7e80075ece205e;[];gw mau nyoba restoran baru
581;855;51-100;3009639.0;text;;[];False;False;4e7e80075ece205e;[];tadi di kantin ketemu anak angkatan,,, bawah yang kenal sama temen sma,,, gw
582;855;11-50;3009653.0;text;;[];False;False;03be63d69a706376;[];kopi susu yg... biasa ya...
583;855;51-100;3009662.0;text;;[];False;False;03be63d69a706376;[];tadi di kantin ketemu anak angkatan... bawah yang kenal... sama temen SMA gw
584;855;1-10;3009663.0;text;;['😂'];False;False;03be63d69a706376;[];bro
585;855;11-50;3009665.0;text;;[];False;False;03be63d69a706376;[];porsi makan gw nambah terus
586;855;1-10;3009666.0;text;;[];False;False;4e7e80075ece205e;[];lol
587;855;1-10;3009892.0;text;;[];False;False;9a7eb1acd749eb01;[];lol
588;855;11-50;3009924.0;text;;[];False;False;9a7eb1acd749eb01;[];gw lg diet tp gagal mulu
589;855;11-50;3010072.0;text;;[];True;False;4e7e80075ece205e;[];bayar berapa,,, sih tadi?
590;855;11-50;3010154.0;text;;[];False;False;9a7eb1acd749eb01;[];bakso malang tu buka ga ya
591;855;1-10;3010155.0;text;;[];False;False;9a7eb1acd749eb01;[];yep
592;855;11-50;3010263.0;text;;[];False;False;9a7eb1acd749eb01;[];gw mau nyoba restoran baru
593;855;11-50;3010281.0;text;;[];False;False;9a7eb1acd749eb01;[];es teh manis satu ya bang
594;855;11-50;3010330.0;text;;[];True;False;4e7e80075ece205e;[];bawa motor apa,,, naik apa?
595;855;11-50;3010338.0;text;;[];False;False;03be63d69a706376;[];indomie telor udah cukup kok
596;855;11-50;3010349.0;text;;[];False;False;03be63d69a706376;[];sarapan dulu baru mikir
597;855;1-10;3010350.0;text;;['😂'];False;False;03be63d69a706376;[];cuy
598;855;1-10;3010361.0;text;;[];False;False;9a7eb1acd749eb01;[];sis
599;855;11-50;3010372.0;text;;[];False;False;9a7eb1acd749eb01;[];nongkrong yuk di kafe biasa
600;855;11-50;3010413.0;text;;[];True;False;4e7e80075ece205e;[];itu beneran apa hoax?,,,
601;855;11-50;3010423.0;text;;[];False;False;9a7eb1acd749eb01;[];gw mau pesen gofood dulu
602;855;1-10;3010427.0;text;;['😂'];False;False;9a7eb1acd749eb01;[];sis
603;855;51-100;3010447.0;text;;[];False;False;4e7e80075ece205e;[];gw lagi bingung milih,,, topik skripsi antara dua tema yang sama menariknya
604;855;51-100;3010451.0;text;;[];False;False;9a7eb1acd749eb01;[];dompet gw ilang kemarin di angkot tp alhamdulillah ad yg nemuin
605;855;51-100;3010474.0;text;;[];False;False;9a7eb1acd749eb01;[];dompet gw ilang kemarin di angkot tp alhamdulillah ad yg nemuin
606;855;51-100;3010508.0;text;;[];False;False;4e7e80075ece205e;[];weekend ini,,, gw,,, mau,,, staycation aja di kosan,,, binge watching series baru
607;855;11-50;3010536.0;text;;[];False;False;4e7e80075ece205e;[];bakso malang,,, itu buka,,, ga ya
608;855;51-100;3012586.0;text;;[];False;False;9a7eb1acd749eb01;[];weekend ni gw mau staycation aja di kosan binge watching series baru
609;855;11-50;3012686.0;text;;['🤔'];True;False;6d67fceaabf2a799;[];bawa motor apa naik apa?
610;855;51-100;3012694.0;text;;[];False;False;6d67fceaabf2a799;[];gw lagi bingung milih topik skripsi antara dua tema yang sama menariknya
611;855;11-50;3012703.0;text;;[];False;False;6d67fceaabf2a799;[];gw mau nyoba restoran baru
612;855;11-50;3012715.0;text;;['😁'];False;True;6d67fceaabf2a799;[];capek banget hari ini!
613;855;11-50;3013007.0;text;;[];True;False;9a7eb1acd749eb01;[];udah sampe belom?
614;855;11-50;3013010.0;text;;[];False;False;9a7eb1acd749eb01;[];gw lg diet tp gagal mulu
615;855;11-50;3013012.0;text;;[];False;False;9a7eb1acd749eb01;[];nongkrong yuk di kafe biasa
616;855;11-50;3013356.0;text;;[];False;True;c09442bccf5fc4c4;[];enak banget makanannya!!!
617;855;11-50;3013369.0;text;;[];True;False;c09442bccf5fc4c4;[];itu beneran apa hoax!!
618;855;51-100;3013391.0;text;;['🤔'];False;False;c09442bccf5fc4c4;[];gw udah download semua materi kuliah tapi belum sempat baca sama sekali!!
619;855;1-10;3013462.0;text;;[];False;True;03be63d69a706376;[];wow!
620;855;11-50;3013747.0;text;;[];False;False;6d67fceaabf2a799;[];sarapan dulu baru mikir
621;855;1-10;3013749.0;text;;[];False;False;6d67fceaabf2a799;[];yep
622;855;1-10;3013973.0;text;;[];False;False;9a7eb1acd749eb01;[];gass
623;855;1-10;3013975.0;text;;[];False;False;9a7eb1acd749eb01;[];bener
624;855;11-50;3013992.0;text;;[];True;False;03be63d69a706376;[];bayar berapa sih tadi?
625;855;11-50;3014014.0;text;;[];False;False;9a7eb1acd749eb01;[];sarapan dulu baru mikir
626;855;11-50;3014046.0;text;;['🤣'];False;False;6d67fceaabf2a799;[];gw mau pesen gofood dulu
627;855;11-50;3014058.0;text;;['🙄'];False;False;6d67fceaabf2a799;[];indomie telor udah cukup kok
628;855;11-50;3014059.0;text;;[];False;False;6d67fceaabf2a799;[];gw lagi diet tapi gagal mulu
629;855;11-50;3014339.0;text;;[];False;False;ce58621891f7e7f2;[];masak sendiri lebih hemat sih
630;855;11-50;3014889.0;text;;[];False;False;4e7e80075ece205e;[];bakso malang itu,,, buka ga ya,,,
631;855;11-50;3016222.0;text;;[];True;False;9a7eb1acd749eb01;[];udah sampe belom?
632;855;1-10;3016227.0;text;;[];False;False;6d67fceaabf2a799;[];sis
633;855;1-10;3018226.0;text;;[];False;False;9a7eb1acd749eb01;[];gass
634;856;51-100;3041950.0;text;;[];True;False;6d67fceaabf2a799;[];lu pernah coba belajar bareng di perpus kota ga, enak ga disana?
635;856;1-10;3042217.0;text;;[];True;False;4e7e80075ece205e;[];sampe?
636;856;1-10;3042378.0;text;;[];False;False;9a7eb1acd749eb01;[];wkwkw
637;856;1-10;3042378.0;text;;[];False;False;9a7eb1acd749eb01;[];setuju
638;856;1-10;3042381.0;text;;[];False;False;9a7eb1acd749eb01;[];amin
639;856;11-50;3043627.0;text;;[];True;False;6d67fceaabf2a799;[];jadwal sidang kapan bro?
640;856;1-10;3043629.0;text;;[];True;False;6d67fceaabf2a799;[];boleh?
641;856;11-50;3043678.0;text;;[];True;False;6d67fceaabf2a799;[];kapan terakhir kali ketemu?
642;856;51-100;3043703.0;text;;[];False;False;9a7eb1acd749eb01;[];gw pengen bgt liburan ke pantai tp duit lg tipis bgt skrg
643;856;11-50;3043723.0;text;;[];False;False;9a7eb1acd749eb01;[];gw kangen temen temen sma
644;856;11-50;3043730.0;text;;[];False;False;9a7eb1acd749eb01;[];temen gw sakit masuk rs
645;856;101-500;3043779.0;text;;[];False;False;9a7eb1acd749eb01;[];hari ni gw iseng nyoba bikin kopi pake metode v60 yg lg hype di kalangan anak anak kampus. beli alatnya lumayan mahal sih tp hasilnya emang beda dr kopi sachet biasa. kopinya lebih smooth dan ga terlalu pahit. kayaknya gw bakal ketagihan nih bikin kopi sendiri tiap pagi sebelum ke kampus
646;856;11-50;3043789.0;text;;[];False;False;9a7eb1acd749eb01;[];pacarnya baru siapa sih
647;856;11-50;3043791.0;text;;[];False;False;9a7eb1acd749eb01;[];temen gw sakit masuk rs
648;856;11-50;3043812.0;text;;[];False;False;9a7eb1acd749eb01;[];reuni kapan ya kita
649;856;11-50;3043813.0;text;;[];False;False;03be63d69a706376;[];gw ga percaya sih gosipnya
650;856;1-10;3043815.0;text;;[];False;False;03be63d69a706376;[];cape
651;856;1-10;3043821.0;text;;['😂'];False;False;03be63d69a706376;[];udah
652;856;11-50;3043833.0;text;;[];False;False;9a7eb1acd749eb01;[];pacarnya baru siapa sih
653;856;1-10;3043837.0;text;;[];False;False;9a7eb1acd749eb01;[];udah
654;856;1-10;3043841.0;text;;[];False;False;9a7eb1acd749eb01;[];gabut
655;856;51-100;3043860.0;text;;[];False;False;03be63d69a706376;[];gw baru aja dapet... kabar... kalo temen kita diterima kerja di luar negeri
656;856;11-50;3043866.0;text;;[];False;False;6d67fceaabf2a799;[];si itu udah putus katanya
657;856;11-50;3043868.0;text;;[];False;False;03be63d69a706376;[];gw berantem sama si anu
658;856;1-10;3043873.0;text;;[];False;False;6d67fceaabf2a799;[];amin
659;856;11-50;3043875.0;text;;[];False;False;6d67fceaabf2a799;[];eh denger gosip belum
660;856;11-50;3043883.0;text;;[];False;False;6d67fceaabf2a799;[];angkot ke sana masih ada ga
661;856;11-50;3043891.0;text;;[];False;False;6d67fceaabf2a799;[];gw ga percaya sih gosipnya
662;856;11-50;3043892.0;text;;[];False;False;6d67fceaabf2a799;[];pacarnya baru siapa sih
663;856;51-100;3043896.0;text;;[];False;False;6d67fceaabf2a799;[];hari ini gw ada rapat organisasi sampe sore jadi ga bisa ikut nongkrong
664;856;11-50;3043906.0;text;;[];False;False;6d67fceaabf2a799;[];reuni kapan ya kita
665;856;11-50;3043915.0;text;;[];False;False;6d67fceaabf2a799;[];gw berantem sama si anu
666;856;11-50;3044015.0;text;;[];False;False;4e7e80075ece205e;[];jangan bilang siapa siapa ya
667;856;11-50;3044032.0;text;;[];False;False;9a7eb1acd749eb01;[];jangan bilang siapa siapa ya
668;856;11-50;3044049.0;text;;[];False;False;6d67fceaabf2a799;[];si itu udah putus katanya
669;856;11-50;3044057.0;text;;[];False;False;9a7eb1acd749eb01;[];temen gw sakit masuk rs
670;856;51-100;3044068.0;text;;[];False;False;6d67fceaabf2a799;[];lu harus coba kedai kopi baru di jalan belakang kampus, enak banget
671;856;11-50;3044087.0;text;;[];False;False;4e7e80075ece205e;[];jangan bilang siapa siapa ya
672;856;11-50;3044103.0;text;671.0;[];False;False;6d67fceaabf2a799;[];angkot ke sana masih ada ga
673;856;11-50;3044104.0;text;;[];False;False;6d67fceaabf2a799;[];jangan bilang siapa siapa ya
674;856;11-50;3044113.0;text;;[];False;False;6d67fceaabf2a799;[];eh denger gosip belum
675;856;1-10;3044136.0;text;;[];False;False;9a7eb1acd749eb01;[];cape
676;856;51-100;3044136.0;text;;[];False;False;6d67fceaabf2a799;[];hari ini gw ada rapat organisasi sampe sore jadi ga bisa ikut nongkrong
677;856;11-50;3044139.0;text;;[];False;False;9a7eb1acd749eb01;[];jangan bilang siapa siapa ya
678;856;11-50;3044143.0;text;;[];False;False;9a7eb1acd749eb01;[];reuni kapan ya kita
679;856;11-50;3044145.0;text;;[];False;False;6d67fceaabf2a799;[];angkot ke sana masih ada ga
680;856;101-500;3044182.0;text;;[];False;False;6d67fceaabf2a799;[];hari ini gw iseng nyoba bikin kopi pake metode V60 yang lagi hype di kalangan anak anak kampus. beli alatnya lumayan mahal sih tapi hasilnya emang beda dari kopi sachet biasa. kopinya lebih smooth dan ga terlalu pahit. kayaknya gw bakal ketagihan nih bikin kopi sendiri tiap pagi sebelum ke kampus
681;856;11-50;3044190.0;text;;['🖕🏻'];False;False;6d67fceaabf2a799;[];gw kangen temen temen SMA
682;856;1-10;3044193.0;text;;[];False;False;9a7eb1acd749eb01;[];cape
683;856;1-10;3044198.0;text;;[];False;False;9a7eb1acd749eb01;[];gabut
684;856;11-50;3044204.0;text;;[];True;False;9a7eb1acd749eb01;[];kapan terakhir kali ketemu?
685;856;1-10;3044206.0;text;;[];False;False;9a7eb1acd749eb01;[];gabut
686;856;11-50;3044216.0;text;;[];False;False;9a7eb1acd749eb01;[];temenin gw dong besok
687;856;11-50;3044217.0;text;;[];False;False;6d67fceaabf2a799;[];gw kangen temen temen SMA
688;856;1-10;3044221.0;text;;['🤔'];True;False;6d67fceaabf2a799;[];sampe?
689;856;11-50;3044229.0;text;;[];False;False;9a7eb1acd749eb01;[];reuni kapan ya kita
690;856;51-100;3044235.0;text;;[];False;False;6d67fceaabf2a799;[];gw pengen banget liburan ke pantai tapi duit lagi tipis banget sekarang
691;856;101-500;3044262.0;text;;[];False;False;6d67fceaabf2a799;[];hari ini gw iseng nyoba bikin kopi pake metode V60 yang lagi hype di kalangan anak anak kampus. beli alatnya lumayan mahal sih tapi hasilnya emang beda dari kopi sachet biasa. kopinya lebih smooth dan ga terlalu pahit. kayaknya gw bakal ketagihan nih bikin kopi sendiri tiap pagi sebelum ke kampus
692;856;11-50;3044264.0;text;;[];False;False;6d67fceaabf2a799;[];gw kangen temen temen SMA
693;856;51-100;3044284.0;text;;[];False;False;6d67fceaabf2a799;[];lu harus coba kedai kopi baru di jalan belakang kampus, enak banget
694;856;51-100;3044300.0;text;;[];False;False;6d67fceaabf2a799;[];gw baru aja dapet kabar kalo temen kita diterima kerja di luar negeri
695;856;1-10;3044319.0;text;;[];False;False;4e7e80075ece205e;[];males
696;856;0;3044366.0;image/jpeg;;[];False;False;9a7eb1acd749eb01;[];[Foto]
697;856;1-10;3044408.0;text;;['🤔'];False;False;6d67fceaabf2a799;[];amin
698;856;11-50;3044414.0;text;;[];False;False;6d67fceaabf2a799;[];reuni kapan ya kita
699;856;0;3044447.0;image/jpeg;;[];False;False;9a7eb1acd749eb01;[];[Foto]
700;856;11-50;3044558.0;text;;[];False;False;6d67fceaabf2a799;[];gw ga percaya sih gosipnya
701;856;11-50;3044567.0;text;;['🤔'];False;False;6d67fceaabf2a799;[];diem diem ternyata jadian
702;856;51-100;3044581.0;text;;['🤣'];False;False;6d67fceaabf2a799;[];hari ini gw ada rapat organisasi sampe sore jadi ga bisa ikut nongkrong
703;856;1-10;3044590.0;text;;[];False;False;9a7eb1acd749eb01;[];hihi
704;856;51-100;3044619.0;text;;[];True;False;ce58621891f7e7f2;[];lu pernah coba belajar bareng di perpus kota ga, enak ga disana?
705;856;11-50;3044624.0;text;;[];False;False;9a7eb1acd749eb01;[];temen gw sakit masuk rs
706;856;11-50;3044624.0;text;;[];False;False;9a7eb1acd749eb01;[];angkot ke sana msh ad ga
707;856;11-50;3044768.0;text;;['🤷🏻\u200d♀️'];False;False;4e7e80075ece205e;[];reuni kapan ya kita
708;856;11-50;3044870.0;text;;[];False;False;ce58621891f7e7f2;[];jangan bilang siapa siapa ya
709;856;51-100;3045005.0;text;;[];False;False;6d67fceaabf2a799;[];wifi kosan gw lemot banget jadi gw ke perpus aja buat ngerjain tugas
710;856;51-100;3045015.0;text;;[];False;False;6d67fceaabf2a799;[];gw pengen banget liburan ke pantai tapi duit lagi tipis banget sekarang
711;856;1-10;3048271.0;text;;[];False;False;9a7eb1acd749eb01;[];wkwkw
712;856;11-50;3048368.0;text;;[];False;False;4e7e80075ece205e;[];temenin gw dong besok
713;856;101-500;3048411.0;text;;[];False;False;ce58621891f7e7f2;[];hari ini gw iseng nyoba bikin kopi pake metode v60 yang lagi hype di kalangan anak anak kampus. beli alatnya lumayan mahal sih tapi hasilnya emang beda dari kopi sachet biasa. kopinya lebih smooth dan ga terlalu pahit. kayaknya gw bakal ketagihan nih bikin kopi sendiri tiap pagi sebelum ke kampus
714;856;51-100;3051427.0;text;;[];False;True;6d67fceaabf2a799;[];seneng banget gw dapet tawaran magang di perusahaan impian gw!
715;856;51-100;3051430.0;text;;[];False;False;6d67fceaabf2a799;[];gw baru aja dapet kabar kalo temen kita diterima kerja di luar negeri
716;856;11-50;3051439.0;text;;[];False;False;6d67fceaabf2a799;[];gw ga percaya sih gosipnya
717;857;11-50;3082875.0;text;;['🤣'];False;False;b347157be063753f;[];KELUARGA NGUMPUL LEBARAN NANTI
718;857;11-50;3082913.0;text;;[];False;False;ce58621891f7e7f2;[];duit bulanan belum dikirim
719;857;1-10;3082915.0;text;;[];False;False;ce58621891f7e7f2;[];goks
720;857;1-10;3082932.0;text;;['🤣'];False;False;b347157be063753f;[];NICE
721;858;0;3269029.0;video/mp4;;[];False;False;838a3d0e7e7c7cae;[];[Video]
722;858;1-10;3269233.0;text;;[];False;False;9a7eb1acd749eb01;[];ih
723;858;1-10;3269338.0;text;;['🤣'];False;False;6d67fceaabf2a799;[];fyi
724;858;1-10;3269396.0;text;721.0;['🤣'];False;False;b347157be063753f;[];BTW
725;858;1-10;3270628.0;text;;['🤣'];False;False;4e7e80075ece205e;[];dih
726;859;11-50;3282185.0;text;;[];False;False;838a3d0e7e7c7cae;[];dompetttt gw ketinggalann di rumah
727;859;0;3282197.0;image/jpeg;;[];False;False;838a3d0e7e7c7cae;[];[Foto]
728;859;0;3282203.0;image/jpeg;;[];False;False;838a3d0e7e7c7cae;[];[Foto]
729;859;11-50;3282256.0;text;;[];True;False;022fd2d8eea8dfdc;[];mau nitip apa ga?
730;859;11-50;3282256.0;text;;[];False;False;838a3d0e7e7c7cae;[];capek bangett hari ini asli
731;859;0;3282260.0;video/mp4;;[];False;False;838a3d0e7e7c7cae;[];[Video]
732;859;1-10;3282293.0;text;;[];False;False;022fd2d8eea8dfdc;[];eh
733;859;101-500;3282384.0;text;;[];False;False;838a3d0e7e7c7cae;[];gw lagiii belajar coding otodidak dari youtube buat nambah skill. mulai dari html csss dulu baruuu pelan pelan ke javascript. lumayan susah sih awalnyaa tapii lama lama mulaii paham juga. siapaa tau nanti bisaaa bikinnn portfolioo sendiri dan dapet kerjaan freelance buat nambah uangg jajan selama kuliah
734;859;51-100;3282413.0;text;;[];False;False;838a3d0e7e7c7cae;[];gw seneng bangetttt akhirnya bisa ketemu temen temen lama setelahhhh lama ga
735;860;11-50;3285917.0;text;;[];False;False;9a7eb1acd749eb01;[];gw laper bgt nih
736;860;11-50;3287483.0;text;;[];False;False;6d67fceaabf2a799;[];gw baru aja dari kampus
737;860;11-50;3292334.0;text;;[];False;True;32f86839507ea657;[];keren abis presentasinya!...
738;861;11-50;3344157.0;text;;[];True;False;838a3d0e7e7c7cae;[];lu dimana sekarang?
739;861;1-10;3344457.0;text;;[];False;False;ce58621891f7e7f2;[];iya
740;861;1-10;3344458.0;text;;[];False;False;ce58621891f7e7f2;[];yuk
741;861;11-50;3344463.0;text;;[];False;False;ce58621891f7e7f2;[];dosen gw galak banget sih
742;861;1-10;3344469.0;text;;[];False;False;838a3d0e7e7c7cae;[];ok
743;861;1-10;3344475.0;text;;[];False;False;ce58621891f7e7f2;[];hehe
744;861;1-10;3344475.0;text;;[];True;False;ce58621891f7e7f2;[];siapa?
745;861;11-50;3344480.0;text;;[];False;False;ce58621891f7e7f2;[];ipk gw turun semester ini
746;861;51-100;3344483.0;text;;[];False;False;838a3d0e7e7c7cae;[];gw baru aja selesaiii ngerjain tugas sampeee jammm 3 pagi, mauuu matiii rasanya
747;861;11-50;3344586.0;text;;['😃'];False;False;838a3d0e7e7c7cae;[];gw skipppp kelas hariiii ini
748;861;11-50;3344759.0;text;;[];True;False;ce58621891f7e7f2;[];siapa yang mau ikut?
749;861;11-50;3344781.0;text;;[];False;False;838a3d0e7e7c7cae;[];ipk gw turun semester ini
750;861;1-10;3344783.0;text;;[];False;False;838a3d0e7e7c7cae;[];iya
751;861;11-50;3344793.0;text;;[];False;False;ce58621891f7e7f2;[];ipk gw turun semester ini
752;861;11-50;3344806.0;text;;[];False;False;838a3d0e7e7c7cae;[];gw skipp kelas hari inii
753;861;11-50;3344847.0;text;;[];True;False;ce58621891f7e7f2;[];jadi ketemuan ga hari ini?
754;861;1-10;3344853.0;text;;[];False;False;838a3d0e7e7c7cae;[];siapppp
755;861;11-50;3344861.0;text;;[];False;False;ce58621891f7e7f2;[];gw lg ngerjain tugas nih
756;861;11-50;3344866.0;text;;[];False;False;ce58621891f7e7f2;[];lab komputer penuh terus
757;861;11-50;3344882.0;text;;[];True;False;ce58621891f7e7f2;[];siapa yang mau ikut?
758;861;1-10;3344883.0;text;;[];False;False;838a3d0e7e7c7cae;[];heheeee
759;861;11-50;3344892.0;text;;[];False;False;838a3d0e7e7c7cae;[];matkul ini susah bangetttt
760;861;11-50;3344907.0;text;;[];False;False;838a3d0e7e7c7cae;[];perpussss tutuppp jamm berapa ya
761;861;11-50;3344930.0;text;;[];False;False;ce58621891f7e7f2;[];gw belom mulai tugas
762;862;51-100;3386953.0;text;;[];False;False;6d67fceaabf2a799;[];gw lagi nyoba masak rendang resep nyokap tapi kayaknya gagal total deh
763;862;1-10;3386956.0;text;;[];False;False;6d67fceaabf2a799;[];mah
764;862;51-100;3386970.0;text;;[];True;False;6d67fceaabf2a799;[];gimana caranya biar bisa fokus belajar tanpa main hp terus ya?
765;862;11-50;3386982.0;text;;[];False;False;6d67fceaabf2a799;[];rame banget disini cuy
766;862;11-50;3386988.0;text;;[];True;False;4037c32290ea62de;[];wifi password nya apa sih?
767;862;11-50;3386992.0;text;;[];False;False;6d67fceaabf2a799;[];gw ngga bisa ikut malem ini
768;862;51-100;3387006.0;text;;[];True;False;6d67fceaabf2a799;[];gimana caranya biar bisa fokus belajar tanpa main hp terus ya?
769;862;11-50;3387957.0;text;;[];False;False;838a3d0e7e7c7cae;[];rame banget disini cuyy
770;862;11-50;3387964.0;text;;[];False;False;838a3d0e7e7c7cae;[];gw naikk ojol ajaaaa deh
771;862;11-50;3387993.0;text;;[];False;False;6d67fceaabf2a799;[];gw ngga bisa ikut malem ini
772;862;1-10;3388077.0;text;;[];False;False;838a3d0e7e7c7cae;[];woi
773;862;11-50;3388665.0;text;;[];True;False;0a78978cffdec07a;[];makan apa ntar siang?
774;862;11-50;3388667.0;text;;[];False;False;0a78978cffdec07a;[];rame bgt disini cuy
775;862;11-50;3388758.0;text;;['😅'];False;False;6d67fceaabf2a799;[];jangan lupa bawa duit cash
776;862;11-50;3388767.0;text;;[];False;False;6d67fceaabf2a799;[];jangan lupa bawa duit cash
777;862;51-100;3388829.0;text;;[];False;False;0a78978cffdec07a;[];kemarin mlaem gw begadnag nonton bola sampe subhu teurs ketiduran
778;862;1-10;3388832.0;text;;[];False;False;0a78978cffdec07a;[];ahh
779;862;1-10;3388870.0;text;;[];False;False;9a7eb1acd749eb01;[];ooh
780;862;11-50;3388885.0;text;;[];False;False;9a7eb1acd749eb01;[];bsk sore ad waktu ga
781;862;11-50;3388892.0;text;;[];False;False;9a7eb1acd749eb01;[];gw ngga bs ikut malem ni
782;862;11-50;3388908.0;text;;[];False;False;0a78978cffdec07a;[];kita ketemuan dmn aja deh
783;862;1-10;3388909.0;text;;[];False;False;0a78978cffdec07a;[];mah
784;862;11-50;3388912.0;text;;[];False;False;0a78978cffdec07a;[];gw lg di warkop nih
785;862;51-100;3388935.0;text;;[];False;False;6d67fceaabf2a799;[];temen sekamar gw pindah kosan jadi sekarang gw sendirian di kamar
786;862;11-50;3388935.0;text;;[];False;False;6d67fceaabf2a799;[];gw nyari parkir dulu bentar
787;862;11-50;3388958.0;text;;[];False;False;6d67fceaabf2a799;[];gw udah di parkiran nih
788;862;51-100;3388974.0;text;;[];False;False;0a78978cffdec07a;[];kemarin maelm gw begadang nonton bola sampe subuh teurs ketidruan
789;862;11-50;3388978.0;text;;[];False;False;0a78978cffdec07a;[];bsk sore ad waktu ga
790;862;11-50;3388986.0;text;;[];False;False;6d67fceaabf2a799;[];gw nyari parkir dulu bentar
791;862;1-10;3388990.0;text;;[];False;False;0a78978cffdec07a;[];emm
792;862;11-50;3388997.0;text;;[];False;False;0a78978cffdec07a;[];raem bgt disnii cuy
793;862;1-10;3389006.0;text;;['🤣'];False;False;6d67fceaabf2a799;[];ooh
794;862;11-50;3389009.0;text;;[];False;False;0a78978cffdec07a;[];kita ketemuan dmn aja deh
795;862;11-50;3389011.0;text;;[];False;False;0a78978cffdec07a;[];lu dmn sih lama bgt
796;862;11-50;3389017.0;text;;[];False;False;0a78978cffdec07a;[];macet parah di jalan tol
797;862;11-50;3389017.0;text;;[];False;False;0a78978cffdec07a;[];gw naik ojlo aja deh
798;862;11-50;3389024.0;text;;[];False;False;6d67fceaabf2a799;[];ketemuan di mall jam 3 ya
799;862;11-50;3389027.0;text;;[];False;False;9a7eb1acd749eb01;[];kita ketemuan dmn aja deh
800;862;11-50;3389032.0;text;;[];False;False;6d67fceaabf2a799;[];jangan lupa bawa duit cash
801;862;11-50;3389046.0;text;;[];False;False;6d67fceaabf2a799;[];gw udah di parkiran nih
802;862;1-10;3389061.0;text;;['🥺'];False;False;9a7eb1acd749eb01;[];deh
803;862;11-50;3389063.0;text;;[];False;False;9a7eb1acd749eb01;[];bsk sore ad waktu ga
804;862;51-100;3389063.0;text;;['😪'];False;False;6d67fceaabf2a799;[];temen sekamar gw pindah kosan jadi sekarang gw sendirian di kamar
805;862;11-50;3389072.0;text;;[];False;False;9a7eb1acd749eb01;[];gw nyari parkir dulu bentar
806;862;11-50;3389153.0;text;;[];False;False;0a78978cffdec07a;[];ketemuan di mall jam 3 ya
807;862;11-50;3389156.0;text;;[];False;False;6d67fceaabf2a799;[];jangan lupa bawa duit cash
808;862;1-10;3389162.0;text;;[];False;False;0a78978cffdec07a;[];kan
809;862;11-50;3389166.0;text;;[];False;False;6d67fceaabf2a799;[];jangan lupa bawa duit cash
810;862;1-10;3389168.0;text;;[];False;False;0a78978cffdec07a;[];kok
811;862;11-50;3389170.0;text;;[];False;False;6d67fceaabf2a799;[];gw ngga bisa ikut malem ini
812;862;11-50;3389175.0;text;;[];False;False;0a78978cffdec07a;[];kita ketemuan dmn aja deh
813;862;11-50;3389176.0;text;;[];False;False;0a78978cffdec07a;[];kita ketemaun dmn aja deh
814;862;11-50;3389179.0;text;;[];False;False;6d67fceaabf2a799;[];kita ketemuan dimana aja deh
815;862;51-100;3389188.0;text;;[];False;False;0a78978cffdec07a;[];gw lg nyoba masak rendang resep nyokap tp kayaknya gagal total deh
816;862;11-50;3389199.0;text;;[];False;False;6d67fceaabf2a799;[];lu dimana sih lama banget
817;862;51-100;3389211.0;text;;[];False;False;838a3d0e7e7c7cae;[];temen sekamarrrr gw pindahhhh kosan jadi sekaranggg gw sendiriann di kamarr
818;862;1-10;3389212.0;text;;[];False;False;9a7eb1acd749eb01;[];emm
819;862;11-50;3389219.0;text;;[];True;False;9a7eb1acd749eb01;[];nilai keluar kapan ya?
820;862;1-10;3389230.0;text;;[];True;False;6d67fceaabf2a799;[];udah?
821;862;11-50;3389235.0;text;;[];False;False;6d67fceaabf2a799;[];jangan lupa bawa duit cash
822;862;11-50;3389235.0;text;;[];False;False;0a78978cffdec07a;[];bsk sore ad waktu ga
823;862;1-10;3389241.0;text;;[];False;False;0a78978cffdec07a;[];emm
824;862;11-50;3389242.0;text;;[];False;False;0a78978cffdec07a;[];rame bgt disini cuy
825;862;1-10;3389247.0;text;;[];False;False;0a78978cffdec07a;[];mah
826;862;11-50;3389249.0;text;;[];False;False;0a78978cffdec07a;[];jangan lupa baaw duit cash
827;862;1-10;3389249.0;text;;[];False;False;6d67fceaabf2a799;[];hoo
828;862;11-50;3389255.0;text;;[];False;False;0a78978cffdec07a;[];gw nyari parkir dulu bentar
829;862;11-50;3389261.0;text;;[];False;False;9a7eb1acd749eb01;[];gw udah di parkiran nih
830;862;1-10;3389270.0;text;;[];False;False;9a7eb1acd749eb01;[];wah
831;862;11-50;3389272.0;text;;[];False;False;6d67fceaabf2a799;[];rame banget disini cuy
832;862;11-50;3389280.0;text;;[];False;False;6d67fceaabf2a799;[];gw ngga bisa ikut malem ini
833;862;11-50;3389298.0;text;;[];False;False;6d67fceaabf2a799;[];gw ngga bisa ikut malem ini
834;862;11-50;3389299.0;text;;[];True;False;838a3d0e7e7c7cae;[];adaaaa yg mauuuu bareng?
835;862;1-10;3389302.0;text;;['🤷🏻\u200d♂️'];False;False;6d67fceaabf2a799;[];ooh
836;862;11-50;3389309.0;text;;[];False;False;6d67fceaabf2a799;[];rame banget disini cuy
837;862;11-50;3389310.0;text;;[];False;False;6d67fceaabf2a799;[];lu dimana sih lama banget
838;862;11-50;3389312.0;text;;[];False;False;838a3d0e7e7c7cae;[];gw lagi di warkop nih
839;862;11-50;3389322.0;text;;[];False;False;838a3d0e7e7c7cae;[];ketemuannn di mallll jammmm 3 ya
840;862;11-50;3389333.0;text;;[];False;False;838a3d0e7e7c7cae;[];ramee bangettt disinii cuyyy
841;862;51-100;3389356.0;text;;[];False;False;6d67fceaabf2a799;[];gw lagi nyoba masak rendang resep nyokap tapi kayaknya gagal total deh
842;862;11-50;3389369.0;text;;[];False;False;6d67fceaabf2a799;[];rame banget disini cuy
843;862;11-50;3389386.0;text;;[];False;False;6d67fceaabf2a799;[];bsk sore ada waktu ga
844;862;11-50;3389388.0;text;;[];False;False;6d67fceaabf2a799;[];kita ketemuan dimana aja deh
845;862;11-50;3389403.0;text;;[];False;False;838a3d0e7e7c7cae;[];gw udah di parkiran nihh
846;862;51-100;3389427.0;text;;[];False;False;838a3d0e7e7c7cae;[];temen sekamar gw pindahhh kosan jadi sekarangg gw sendirian di kamar
847;862;51-100;3389435.0;text;;[];False;False;6d67fceaabf2a799;[];gw harus nabung lebih banyak sih buat bayar uang semester yang naik
848;862;51-100;3389465.0;text;;[];True;False;6d67fceaabf2a799;[];gimana caranya biar bisa fokus belajar tanpa main hp terus ya?
849;862;51-100;3389478.0;text;;[];False;False;838a3d0e7e7c7cae;[];kemarin malemm gw begadangg nonton bola sampe subuh terusss ketiduran
850;862;11-50;3389488.0;text;;[];False;False;6d67fceaabf2a799;[];gw naik ojol aja deh
851;862;11-50;3389496.0;text;;[];False;False;6d67fceaabf2a799;[];kita ketemuan dimana aja deh
852;862;11-50;3389507.0;text;;[];False;False;6d67fceaabf2a799;[];ketemuan di mall jam 3 ya
853;863;51-100;3426136.0;text;;[];True;False;6d67fceaabf2a799;[];kenapa ya akhir akhir ini gw susah banget tidur padahal capek?
854;863;1-10;3426152.0;text;;[];False;False;838a3d0e7e7c7cae;[];seep
855;863;11-50;3426321.0;text;;[];False;False;9a7eb1acd749eb01;[];lu tim mana dukungnya
856;863;11-50;3426324.0;text;;[];True;False;9a7eb1acd749eb01;[];bs jemput gw ga?
857;863;11-50;3426329.0;text;;[];False;False;9a7eb1acd749eb01;[];internet mati lg di kosan
858;863;11-50;3426344.0;text;;[];False;False;9a7eb1acd749eb01;[];gw baru ganti nomor btw
859;863;11-50;3426459.0;text;;[];False;False;ce58621891f7e7f2;[];internet mati lagi di kosan
860;863;11-50;3426876.0;text;;[];True;False;03be63d69a706376;[];lu punya kontak dia ga?
861;863;1-10;3426894.0;text;;['😖'];False;False;838a3d0e7e7c7cae;[];seep
862;863;11-50;3426929.0;text;;[];False;False;03be63d69a706376;[];lu tim mana dukungnya
863;863;1-10;3426981.0;text;;[];True;False;03be63d69a706376;[];ada?
864;863;11-50;3427023.0;text;;[];False;False;838a3d0e7e7c7cae;[];gw baruuuu ganti nomorr btw
865;863;11-50;3427193.0;text;;[];False;False;9a7eb1acd749eb01;[];hp gw lowbat nih
866;863;51-100;3427196.0;text;;[];False;False;6d67fceaabf2a799;[];gw lagi dengerin podcast tentang psikologi, lumayan buat nambah wawasan
867;863;11-50;3427219.0;text;;[];True;False;6d67fceaabf2a799;[];lu punya kontak dia ga?
868;863;51-100;3427225.0;text;;[];False;False;9a7eb1acd749eb01;[];tadi gw antri di administrasi kampus 2 jam cuma buat ngurus surat
869;863;11-50;3427229.0;text;;[];False;False;9a7eb1acd749eb01;[];ntar gw kabarin lg deh
870;863;51-100;3427424.0;text;867.0;[];False;False;ce58621891f7e7f2;[];duit jajan gw abis padahal baru tanggal 15 harus ngirit banget nih
871;863;51-100;3427425.0;text;;[];False;False;6d67fceaabf2a799;[];laptop gw mulai lemot nih kayaknya harus install ulang atau ganti RAM
872;863;1-10;3427433.0;text;;[];False;False;6d67fceaabf2a799;[];okey
873;863;11-50;3427441.0;text;;[];True;False;6d67fceaabf2a799;[];mau nitip apa ga?
874;863;1-10;3427450.0;text;;[];False;False;ce58621891f7e7f2;[];okk
875;863;1-10;3427453.0;text;;[];False;False;ce58621891f7e7f2;[];yess
876;863;51-100;3427456.0;text;;[];False;False;6d67fceaabf2a799;[];duit jajan gw abis padahal baru tanggal 15 harus ngirit banget nih
877;863;11-50;3427462.0;text;;[];False;False;ce58621891f7e7f2;[];gw lg sibuk bgt minggu ini
878;863;11-50;3427472.0;text;;[];True;False;6d67fceaabf2a799;[];masih buka ga warungnya?
879;863;1-10;3427477.0;text;;[];False;False;ce58621891f7e7f2;[];eh
880;863;11-50;3427490.0;text;;[];False;False;6d67fceaabf2a799;[];gw lg sibuk bgt minggu ini
881;863;1-10;3427501.0;text;;[];False;False;838a3d0e7e7c7cae;[];hem
882;863;11-50;3427509.0;text;;[];True;False;ce58621891f7e7f2;[];lu punya kontak dia ga?
883;863;1-10;3427515.0;text;;[];False;False;6d67fceaabf2a799;[];hem
884;863;1-10;3427517.0;text;;[];False;False;ce58621891f7e7f2;[];ah
885;863;11-50;3427526.0;text;;[];False;False;ce58621891f7e7f2;[];lu tim mana dukungnya
886;863;11-50;3427534.0;text;;[];False;False;6d67fceaabf2a799;[];bentar ya gw lg di jalan
887;863;51-100;3427545.0;text;;[];False;False;6d67fceaabf2a799;[];gw lagi dengerin podcast tentang psikologi, lumayan buat nambah wawasan
888;863;1-10;3427737.0;text;;[];False;False;ce58621891f7e7f2;[];yess
889;863;51-100;3427761.0;text;;[];False;False;ce58621891f7e7f2;[];laptop gw mulai lemot nih kayaknya harus install ulang atau ganti ram
890;863;11-50;3427763.0;text;;[];False;False;ce58621891f7e7f2;[];gw lagi di atm sebentar
891;863;1-10;3427766.0;text;;[];False;False;ce58621891f7e7f2;[];okey
892;863;51-100;3427783.0;text;;[];False;False;ce58621891f7e7f2;[];gw seneng banget akhirnya bisa ketemu temen temen lama setelah lama ga
893;863;11-50;3427847.0;text;;[];False;False;9a7eb1acd749eb01;[];hp gw lowbat nih
894;864;11-50;3432509.0;text;;[];False;False;6d67fceaabf2a799;[];gw berantem sama si anu
895;864;1-10;3433572.0;text;;['😂'];False;False;ce58621891f7e7f2;[];dong
896;864;11-50;3434412.0;text;;[];False;False;4e7e80075ece205e;[];gw berantem sama si,,, anu
897;865;11-50;3439100.0;text;;[];False;False;6d67fceaabf2a799;[];jangan bilang siapa siapa ya
898;865;11-50;3439111.0;text;;[];False;False;6d67fceaabf2a799;[];reuni kapan ya kita
899;865;11-50;3439180.0;text;;[];False;False;9a7eb1acd749eb01;[];diem diem ternyata jadian
900;865;11-50;3439191.0;text;;[];False;False;9a7eb1acd749eb01;[];jangan bilang siapa siapa ya
901;865;11-50;3439195.0;text;;[];False;False;9a7eb1acd749eb01;[];gw ga percaya sih gosipnya
902;865;51-100;3440965.0;text;;[];False;False;6d67fceaabf2a799;[];wifi kosan gw lemot banget jadi gw ke perpus aja buat ngerjain tugas
903;865;11-50;3440977.0;text;;[];False;False;6d67fceaabf2a799;[];diem diem ternyata jadian
904;865;11-50;3440979.0;text;;[];True;False;6d67fceaabf2a799;[];jadwal sidang kapan bro?
905;865;1-10;3442288.0;text;;[];False;False;9a7eb1acd749eb01;[];sm
906;866;51-100;3445412.0;image/jpeg;;[];False;False;4e7e80075ece205e;[];[Foto]
907;866;11-50;3445738.0;text;;[];True;False;022fd2d8eea8dfdc;[];bawa motor apa naik apa?
908;866;1-10;3445791.0;text;;[];True;False;9a7eb1acd749eb01;[];masa?
909;866;51-100;3445808.0;text;;[];False;False;4e7e80075ece205e;[];gw lagi bingung milih,,, topik skripsi antara dua tema,,, yang,,, sama menariknya,,,
910;866;11-50;3445809.0;text;;[];False;False;4e7e80075ece205e;[];masak sendiri lebih hemat,,, sih
911;866;11-50;3445826.0;text;;[];True;False;022fd2d8eea8dfdc;[];itu beneran apa hoax?
912;866;1-10;3445834.0;text;;[];False;False;4e7e80075ece205e;[];sip
913;866;11-50;3445835.0;text;;[];True;False;022fd2d8eea8dfdc;[];itu beneran apa hoax?
914;866;11-50;3445842.0;text;;[];False;False;4e7e80075ece205e;[];sarapan dulu baru mikir
915;866;11-50;3445854.0;text;;[];False;True;4e7e80075ece205e;[];capek banget hari ini!,,,
916;866;51-100;3445925.0;text;;[];False;False;022fd2d8eea8dfdc;[];gw udah download semua materi kuliah tapi belum sempat baca sama sekali
917;866;1-10;3445935.0;text;;[];False;False;4e7e80075ece205e;[];bro
918;866;11-50;3445942.0;text;;[];False;False;4e7e80075ece205e;[];es teh manis,,, satu ya bang
919;866;11-50;3446004.0;text;;[];True;False;022fd2d8eea8dfdc;[];bayar berapa sih tadi?
920;866;11-50;3446014.0;text;;[];False;False;4e7e80075ece205e;[];kopi susu yg biasa ya
921;866;11-50;3446024.0;text;;[];False;False;4e7e80075ece205e;[];gw mau pesen gofood dulu
922;866;1-10;3446188.0;text;;[];False;False;9a7eb1acd749eb01;[];sip
923;866;11-50;3446273.0;text;;[];False;False;4e7e80075ece205e;[];gw mau nyoba restoran baru
924;866;1-10;3446295.0;text;;[];False;False;9a7eb1acd749eb01;[];bener
925;866;11-50;3446303.0;text;;[];False;False;9a7eb1acd749eb01;[];gw mau pesen gofood dulu
926;866;11-50;3446353.0;text;;[];True;False;4e7e80075ece205e;[];itu beneran apa hoax?,,,
927;866;11-50;3446481.0;text;;[];False;False;022fd2d8eea8dfdc;[];sarapan dulu baru mikir
928;866;11-50;3446513.0;text;;[];False;False;9a7eb1acd749eb01;[];gw mau pesen gofood dulu
929;866;51-100;3446527.0;text;;[];False;False;4e7e80075ece205e;[];gw udah download semua materi kuliah tapi belum sempat,,, baca sama sekali
930;866;11-50;3446561.0;text;;[];False;False;4e7e80075ece205e;[];tadi gw makan nasi padang
931;866;11-50;3446578.0;text;;[];False;False;9a7eb1acd749eb01;[];indomie telor udah cukup kok
932;866;0;3446661.0;image/jpeg;;[];False;False;4e7e80075ece205e;[];[Foto]
933;866;11-50;3446738.0;text;;[];False;False;4e7e80075ece205e;[];porsi makan gw,,, nambah terus
934;866;1-10;3446934.0;text;;[];False;False;6d67fceaabf2a799;[];bener
935;866;11-50;3447003.0;text;;[];False;False;4e7e80075ece205e;[];sarapan dulu baru mikir,,,
936;866;11-50;3447314.0;text;;[];False;False;9a7eb1acd749eb01;[];es teh manis satu ya bang
937;866;0;3447320.0;video/mp4;;[];False;False;6d67fceaabf2a799;[];[Video]
938;866;1-10;3447407.0;text;;[];False;False;9a7eb1acd749eb01;[];fix
939;866;11-50;3447418.0;text;;[];True;False;9a7eb1acd749eb01;[];tu beneran apa hoax?
940;866;11-50;3447486.0;text;;[];False;False;4e7e80075ece205e;[];gw mau nyoba restoran baru
941;866;51-100;3447521.0;image/jpeg;;[];False;False;4e7e80075ece205e;[];[Foto]
942;866;11-50;3447524.0;text;;[];False;False;9a7eb1acd749eb01;[];indomie telor udah cukup kok
943;866;11-50;3447540.0;text;;[];False;False;9a7eb1acd749eb01;[];masak sendiri lebih hemat sih
944;866;51-100;3447563.0;text;;[];False;True;4e7e80075ece205e;[];sumpah gw kaget banget pas tau nilai ujian gw ternyata bagus banget!,,,
945;866;11-50;3448690.0;text;;[];True;False;6d67fceaabf2a799;[];bayar berapa sih tadi?
946;866;11-50;3448696.0;text;;[];False;False;6d67fceaabf2a799;[];indomie telor udah cukup kok
947;866;1-10;3448720.0;text;;[];False;False;9a7eb1acd749eb01;[];lol
948;866;11-50;3448733.0;text;;[];False;False;9a7eb1acd749eb01;[];tadi gw makan nasi padang
949;866;11-50;3448740.0;text;;[];False;False;9a7eb1acd749eb01;[];indomie telor udah cukup kok
950;866;1-10;3448740.0;text;;[];False;False;9a7eb1acd749eb01;[];woy
951;866;11-50;3448758.0;text;;[];False;False;9a7eb1acd749eb01;[];tadi gw makan nasi padang
952;866;11-50;3448759.0;text;;[];False;False;9a7eb1acd749eb01;[];bakso malang tu buka ga ya
953;866;11-50;3448772.0;text;;[];False;False;9a7eb1acd749eb01;[];kopi susu yg biasa ya
954;866;11-50;3448775.0;text;;[];False;False;9a7eb1acd749eb01;[];tadi gw makan nasi padang
955;866;11-50;3448780.0;text;;[];False;False;9a7eb1acd749eb01;[];tadi gw makan nasi padang
956;866;1-10;3448820.0;text;;[];False;False;6d67fceaabf2a799;[];ngab
957;866;11-50;3448825.0;text;;[];True;False;6d67fceaabf2a799;[];itu beneran apa hoax?
958;866;0;3448826.0;image/jpeg;;[];False;False;9a7eb1acd749eb01;[];[Foto]
959;866;0;3448827.0;image/jpeg;;[];False;False;9a7eb1acd749eb01;[];[Foto]
960;866;0;3448828.0;image/jpeg;;[];False;False;9a7eb1acd749eb01;[];[Foto]
961;866;11-50;3448832.0;text;;[];True;False;6d67fceaabf2a799;[];bawa motor apa naik apa?
962;866;0;3448833.0;image/jpeg;;[];False;False;9a7eb1acd749eb01;[];[Foto]
963;866;0;3448833.0;image/jpeg;;[];False;False;9a7eb1acd749eb01;[];[Foto]
964;866;11-50;3448842.0;text;;[];False;False;9a7eb1acd749eb01;[];indomie telor udah cukup kok
965;866;11-50;3448852.0;text;;[];True;False;6d67fceaabf2a799;[];udah sampe belom?
966;866;11-50;3448853.0;text;;[];False;False;9a7eb1acd749eb01;[];masak sendiri lebih hemat sih
967;866;11-50;3448856.0;text;;[];False;False;9a7eb1acd749eb01;[];indomie telor udah cukup kok
968;866;11-50;3448875.0;text;;[];False;False;9a7eb1acd749eb01;[];gw mau pesen gofood dulu
969;866;11-50;3448884.0;text;;[];False;False;9a7eb1acd749eb01;[];bakso malang tu buka ga ya
970;866;1-10;3448885.0;text;;[];False;False;9a7eb1acd749eb01;[];lol
971;866;1-10;3448891.0;text;;[];False;False;9a7eb1acd749eb01;[];woy
972;866;11-50;3448914.0;text;;[];False;False;9a7eb1acd749eb01;[];es teh manis satu ya bang
973;866;11-50;3448918.0;text;;[];False;False;9a7eb1acd749eb01;[];bakso malang tu buka ga ya
974;866;51-100;3448944.0;text;;[];True;False;6d67fceaabf2a799;[];ada yang tau kenapa kantin kampus tutup lebih awal hari ini ga sih?
975;866;11-50;3448945.0;text;;[];True;False;6d67fceaabf2a799;[];bayar berapa sih tadi?
976;866;1-10;3449132.0;text;;[];False;False;9a7eb1acd749eb01;[];cuy
977;866;1-10;3449132.0;text;;[];False;False;9a7eb1acd749eb01;[];sip
978;866;11-50;3449143.0;text;;[];False;False;9a7eb1acd749eb01;[];sarapan dulu baru mikir
979;866;11-50;3449152.0;text;;[];False;False;9a7eb1acd749eb01;[];gw mau nyoba restoran baru
980;866;11-50;3449189.0;text;;[];True;False;6d67fceaabf2a799;[];bawa motor apa naik apa?
981;866;1-10;3449300.0;text;;[];False;False;9a7eb1acd749eb01;[];bener
982;866;11-50;3449315.0;text;;[];False;False;9a7eb1acd749eb01;[];kopi susu yg biasa ya
983;866;51-100;3449726.0;text;;[];False;False;4e7e80075ece205e;[];dompet gw ilang kemarin,,, di angkot tapi alhamdulillah ada,,, yang nemuin
984;866;11-50;3450308.0;text;;[];False;False;6d67fceaabf2a799;[];kopi susu yg biasa ya
985;866;11-50;3450320.0;text;;['😅'];False;False;6d67fceaabf2a799;[];indomie telor udah cukup kok
986;866;51-100;3450610.0;text;;[];False;False;4e7e80075ece205e;[];weekend ini gw mau staycation aja di kosan binge,,, watching series baru
987;866;1-10;3452165.0;text;;[];False;False;9a7eb1acd749eb01;[];sip
988;866;51-100;3453127.0;text;;[];False;False;4e7e80075ece205e;[];gw lagi bingung milih topik skripsi,,, antara dua tema yang sama menariknya
989;866;11-50;3453144.0;text;;['🤣'];False;False;4e7e80075ece205e;[];gw mau pesen gofood dulu
990;866;1-10;3453455.0;text;;[];False;False;9a7eb1acd749eb01;[];sis
991;866;51-100;3454184.0;text;;[];False;False;4e7e80075ece205e;[];tadi di kantin ketemu anak angkatan bawah yang kenal sama temen sma,,, gw
992;866;11-50;3454708.0;text;;[];True;False;9a7eb1acd749eb01;[];udah sampe belom?
993;866;11-50;3454711.0;text;;[];False;False;9a7eb1acd749eb01;[];es teh manis satu ya bang
994;866;11-50;3454724.0;text;;[];False;False;9a7eb1acd749eb01;[];indomie telor udah cukup kok
995;866;0;3454858.0;image/jpeg;;[];False;False;9a7eb1acd749eb01;[];[Foto]
996;866;11-50;3454867.0;text;;[];False;False;9a7eb1acd749eb01;[];bakso malang tu buka ga ya
997;866;51-100;3454890.0;text;;[];False;False;9a7eb1acd749eb01;[];gw udah download smua materi kuliah tp blm sempat baca sm sekali
998;866;1-10;3454892.0;text;;['🤢'];False;False;9a7eb1acd749eb01;[];cuy
999;866;11-50;3454896.0;text;;[];False;False;9a7eb1acd749eb01;[];es teh manis satu ya bang
1000;866;11-50;3454973.0;text;;[];False;False;4e7e80075ece205e;[];nongkrong yuk di kafe,,, biasa
1001;866;51-100;3455006.0;text;;[];False;False;4e7e80075ece205e;[];tadi di kantin ketemu anak angkatan bawah yang kenal,,, sama temen sma,,, gw
1002;866;1-10;3455655.0;text;;[];False;False;9a7eb1acd749eb01;[];lol
1003;866;11-50;3455658.0;text;;[];False;False;9a7eb1acd749eb01;[];kopi susu yg biasa ya
1004;866;1-10;3455675.0;text;;[];False;False;9a7eb1acd749eb01;[];bener
1005;866;51-100;3455678.0;text;;[];False;False;9a7eb1acd749eb01;[];dompet gw ilang kemarin di angkot tp alhamdulillah ad yg nemuin
1006;866;11-50;3455685.0;text;;[];False;False;9a7eb1acd749eb01;[];kopi susu yg biasa ya
1007;866;11-50;3455691.0;text;;[];False;False;9a7eb1acd749eb01;[];indomie telor udah cukup kok
1008;866;1-10;3455693.0;text;;['🤢', '😂'];False;False;9a7eb1acd749eb01;[];sis
1009;866;1-10;3455712.0;text;;['🤣'];False;False;4e7e80075ece205e;[];woy
1010;866;11-50;3455721.0;text;;[];True;False;4e7e80075ece205e;[];bayar berapa sih tadi?
1011;866;1-10;3455858.0;text;;[];False;False;9a7eb1acd749eb01;[];gass
1012;866;11-50;3455865.0;text;;[];False;False;9a7eb1acd749eb01;[];masak sendiri lebih hemat sih
1013;866;1-10;3455868.0;text;;['😂'];False;False;9a7eb1acd749eb01;[];sis
1014;866;11-50;3455883.0;text;;[];False;False;0a78978cffdec07a;[];prosi makan gw nambah terus
1015;866;11-50;3455884.0;text;;[];False;False;0a78978cffdec07a;[];kopi suus yg biasa ya
1016;866;1-10;3455887.0;text;;[];False;False;0a78978cffdec07a;[];yep
1017;866;11-50;3455894.0;text;;[];False;False;4e7e80075ece205e;[];gw lagi,,, diet tapi,,, gagal mulu
1018;866;11-50;3455901.0;text;;[];False;False;4e7e80075ece205e;[];masak sendiri lebih hemat,,, sih
1019;866;11-50;3455915.0;text;;[];False;False;9a7eb1acd749eb01;[];tadi gw makan nasi padang
1020;866;11-50;3455918.0;text;;[];False;False;9a7eb1acd749eb01;[];es teh manis satu ya bang
1021;866;1-10;3455919.0;text;;[];False;False;9a7eb1acd749eb01;[];lol
1022;866;51-100;3455943.0;text;;[];False;False;9a7eb1acd749eb01;[];gw lg bingung milih topik skripsi antara dua tema yg sm menariknya
1023;866;11-50;3455948.0;text;;[];False;False;9a7eb1acd749eb01;[];porsi makan gw nambah terus
1024;866;11-50;3455948.0;text;;[];False;False;9a7eb1acd749eb01;[];gw mau pesen gofood dulu
1025;866;51-100;3455998.0;text;;[];False;False;4e7e80075ece205e;[];weekend ini gw mau staycation aja di kosan binge watching series baru
1026;866;11-50;3456767.0;text;;[];False;False;9a7eb1acd749eb01;[];indomie telor udah cukup kok
1027;866;101-500;3457281.0;text;;[];False;False;4e7e80075ece205e;[];kemarin malem gw sama temen temen nongkrong di,,, warkop biasa sampe jam 12 malem. kita ngobrol banyak hal dari mulai tugas kuliah,,,, rencana liburan,,,, sampe masalah percintaan. seru sih walau,,, besoknya gw kesiangan masuk kelas pagi,,, dan dosen negur di depan semua orang. malu tapi ya gimana lagi
1028;866;11-50;3457696.0;text;;[];False;False;9a7eb1acd749eb01;[];gw lg diet tp gagal mulu
1029;866;11-50;3457700.0;text;;[];False;False;9a7eb1acd749eb01;[];es teh manis satu ya bang
1030;866;51-100;3458036.0;text;;[];False;False;4e7e80075ece205e;[];weekend ini gw mau staycation aja di kosan binge watching series baru,,,
1031;866;51-100;3458067.0;text;;[];False;False;4e7e80075ece205e;[];dompet gw ilang kemarin,,, di angkot tapi alhamdulillah,,, ada,,, yang nemuin
1032;866;11-50;3458081.0;text;;[];False;False;4e7e80075ece205e;[];tadi gw makan nasi,,, padang
1033;866;1-10;3458085.0;text;;[];False;False;4e7e80075ece205e;[];gass
1034;866;11-50;3458218.0;text;;[];False;False;9a7eb1acd749eb01;[];porsi makan gw nambah terus
1035;866;1-10;3458219.0;text;;[];False;False;9a7eb1acd749eb01;[];ayok
1036;866;11-50;3458254.0;text;;[];False;False;9a7eb1acd749eb01;[];nongkrong yuk di kafe biasa
1037;866;11-50;3458269.0;text;;[];False;False;9a7eb1acd749eb01;[];tadi gw makan nasi padang
1038;866;11-50;3458282.0;text;;[];False;False;9a7eb1acd749eb01;[];sarapan dulu baru mikir
1039;866;1-10;3458284.0;text;;[];False;False;9a7eb1acd749eb01;[];woy
1040;866;0;3458295.0;video/mp4;;[];False;False;9a7eb1acd749eb01;[];[Video]
1041;866;51-100;3458312.0;text;;[];False;False;4e7e80075ece205e;[];weekend ini,,, gw mau staycation aja di kosan binge,,, watching series baru
1042;866;11-50;3458376.0;text;;['🤣'];False;False;4e7e80075ece205e;[];gw mau,,, nyoba restoran baru
1043;866;11-50;3458444.0;text;;[];False;False;9a7eb1acd749eb01;[];kopi susu yg biasa ya
1044;866;11-50;3458539.0;text;;[];False;False;4e7e80075ece205e;[];gw mau pesen gofood dulu
1045;867;101-500;3464019.0;text;;[];False;False;838a3d0e7e7c7cae;[];kemarinnnn malemmm gw sama temen temennn nongkrong di warkop biasaa sampee jam 12 malem. kitaaaa ngobrol banyakk hal dariiii mulaiii tugas kuliah, rencana liburan, sampe masalah percintaan. seruuu sih walau besoknya gw kesiangannnn masukkk kelass pagii dan dosennnn negur di depan semuaa orang. maluuu tapiiii ya gimana lagi
1046;867;1-10;3464328.0;text;;[];False;False;4e7e80075ece205e;[];cuy
1047;867;11-50;3464374.0;text;;[];False;False;4e7e80075ece205e;[];gw mau pesen gofood dulu
1048;867;11-50;3466532.0;text;;['😜'];True;False;6d67fceaabf2a799;[];udah sampe belom?
1049;867;11-50;3466659.0;text;;[];False;False;6d67fceaabf2a799;[];indomie telor udah cukup kok
1050;867;11-50;3466668.0;text;;['🤦🏻\u200d♂️'];False;False;6d67fceaabf2a799;[];nongkrong yuk di kafe biasa
1051;867;11-50;3466748.0;text;;[];False;False;9a7eb1acd749eb01;[];masak sendiri lebih hemat sih
1052;867;101-500;3468140.0;text;;[];False;False;4e7e80075ece205e;[];kemarin malem gw sama temen temen nongkrong di warkop biasa,,, sampe jam,,, 12 malem. kita ngobrol banyak hal,,, dari mulai tugas kuliah, rencana liburan,,,, sampe masalah percintaan. seru sih walau besoknya gw kesiangan masuk kelas pagi dan dosen negur,,, di depan semua orang. malu tapi ya gimana lagi,,,
1053;867;101-500;3468194.0;text;;['🤣'];False;False;4e7e80075ece205e;[];kemarin malem,,, gw sama temen temen nongkrong di warkop,,, biasa sampe jam,,, 12 malem. kita ngobrol banyak hal dari mulai,,, tugas kuliah, rencana liburan, sampe masalah percintaan.,,, seru sih walau besoknya gw kesiangan,,, masuk kelas pagi,,, dan dosen negur di,,, depan semua orang. malu,,, tapi ya,,, gimana lagi
1054;867;11-50;3468281.0;text;;[];False;False;9a7eb1acd749eb01;[];bakso malang tu buka ga ya
1055;867;1-10;3468289.0;text;;[];False;False;9a7eb1acd749eb01;[];lol
1056;867;51-100;3468301.0;text;;[];False;False;9a7eb1acd749eb01;[];gw udah download smua materi kuliah tp blm sempat baca sm sekali
1057;867;11-50;3468328.0;text;;[];False;False;4e7e80075ece205e;[];bakso malang itu buka ga ya
1058;867;11-50;3468338.0;text;;[];False;False;4e7e80075ece205e;[];kopi susu,,, yg biasa ya
1059;867;11-50;3469595.0;text;;['🤢'];False;False;6d67fceaabf2a799;[];sarapan dulu baru mikir
1060;867;1-10;3469790.0;text;;[];False;False;9a7eb1acd749eb01;[];lol
1061;867;11-50;3469807.0;text;;[];False;False;9a7eb1acd749eb01;[];gw mau pesen gofood dulu
1062;868;11-50;3473797.0;text;;[];False;False;b347157be063753f;[];DUIT BULANAN BELUM DIKIRIM
1063;868;1-10;3473869.0;text;;['🤣'];False;False;b347157be063753f;[];NICE
1064;868;1-10;3474163.0;text;;['🤣'];False;False;6d67fceaabf2a799;[];gini
1065;869;11-50;3511094.0;text;;[];False;False;9a7eb1acd749eb01;[];macet parah di jalan tol
1066;869;11-50;3511098.0;text;;[];False;False;9a7eb1acd749eb01;[];gw naik ojol aja deh
1067;869;1-10;3511596.0;text;;[];False;False;838a3d0e7e7c7cae;[];oii
1068;870;11-50;3519922.0;text;;[];True;False;6d67fceaabf2a799;[];bayar berapa sih tadi?
1069;870;11-50;3519923.0;text;;[];False;False;6d67fceaabf2a799;[];es teh manis satu ya bang
1070;870;1-10;3519986.0;text;;[];False;False;9a7eb1acd749eb01;[];woy
1071;871;11-50;3521364.0;text;;[];True;False;9a7eb1acd749eb01;[];siapa yg mau ikut?
1072;871;1-10;3521452.0;text;;[];False;False;022fd2d8eea8dfdc;[];wkwk
1073;871;11-50;3521466.0;text;;[];False;False;9a7eb1acd749eb01;[];ipk gw turun semester ni
1074;871;11-50;3521474.0;text;;[];False;False;9a7eb1acd749eb01;[];deadline besok pagi bro
1075;871;1-10;3521474.0;text;;[];False;False;9a7eb1acd749eb01;[];gas
1076;871;11-50;3521474.0;text;;[];False;False;022fd2d8eea8dfdc;[];eh tadi kelas seru banget
1077;871;11-50;3521485.0;text;;[];False;False;022fd2d8eea8dfdc;[];matkul ini susah banget
1078;871;11-50;3521491.0;text;;[];True;False;022fd2d8eea8dfdc;[];lu dimana sekarang?
1079;871;11-50;3521496.0;text;;[];False;False;022fd2d8eea8dfdc;[];gw belom mulai tugas
1080;871;11-50;3521508.0;text;;[];False;False;838a3d0e7e7c7cae;[];presentasi gw amburadul
1081;871;11-50;3521519.0;text;;[];False;False;022fd2d8eea8dfdc;[];presentasi gw amburadul
1082;871;11-50;3521522.0;text;;[];False;False;022fd2d8eea8dfdc;[];lab komputer penuh terus
1083;871;51-100;3521538.0;text;;[];False;False;022fd2d8eea8dfdc;[];gw denger katanya semester depan ada mata kuliah baru yang wajib diambil
1084;871;11-50;3521552.0;text;;[];False;False;022fd2d8eea8dfdc;[];dosen gw galak banget sih
1085;871;11-50;3521561.0;text;;[];False;False;022fd2d8eea8dfdc;[];gw belom mulai tugas
1086;871;51-100;3521574.0;text;;[];True;False;03be63d69a706376;[];eh lu udah dapet info jadwal ujian akhir semester belum dari prodi?
1087;871;11-50;3521588.0;text;;[];False;False;03be63d69a706376;[];dosen gw galak banget sih
1088;871;1-10;3521590.0;text;;[];False;False;03be63d69a706376;[];ok
1089;871;11-50;3521605.0;text;;[];False;False;9a7eb1acd749eb01;[];matkul ni susah bgt
1090;871;51-100;3521610.0;text;;[];False;False;9a7eb1acd749eb01;[];eh besok kita jadi ketemuan di kafe deket stasiun kan ya jam 2 siang
1091;871;11-50;3521610.0;text;;[];False;False;022fd2d8eea8dfdc;[];dosen gw galak banget sih
1092;871;11-50;3521626.0;text;;[];False;False;9a7eb1acd749eb01;[];ipk gw turun semester ni
1093;871;11-50;3521628.0;text;;[];False;False;03be63d69a706376;[];gw belom mulai tugas
1094;871;11-50;3521628.0;text;;[];False;False;022fd2d8eea8dfdc;[];tadi absen ga sih kamu
1095;871;1-10;3521629.0;text;;[];False;False;03be63d69a706376;[];haha
1096;871;51-100;3521659.0;text;;[];False;False;03be63d69a706376;[];gw baru aja selesai ngerjain... tugas sampe jam 3 pagi, mau mati... rasanya
1097;871;11-50;3521667.0;text;;[];False;False;9a7eb1acd749eb01;[];gw lg ngerjain tugas nih
1098;871;1-10;3521682.0;text;;[];False;False;9a7eb1acd749eb01;[];wkwk
1099;871;11-50;3521696.0;text;;[];False;False;03be63d69a706376;[];gw lg ngerjain tugas nih
1100;871;11-50;3521708.0;text;;[];False;False;03be63d69a706376;[];presentasi gw amburadul
1101;871;1-10;3521713.0;text;;[];False;False;022fd2d8eea8dfdc;[];iya
1102;871;11-50;3521716.0;text;;[];False;False;022fd2d8eea8dfdc;[];eh tadi kelas seru banget
1103;871;1-10;3521731.0;text;;[];False;False;9a7eb1acd749eb01;[];wkwk
1104;872;0;3603243.0;image/jpeg;;[];False;False;b347157be063753f;[];[Foto]
1105;872;51-100;3603309.0;text;;[];False;False;ce58621891f7e7f2;[];gw nonton film dokumenter semalam tentang laut dan ikan, bagus banget
1106;872;51-100;3603316.0;text;;[];False;False;ce58621891f7e7f2;[];gw nonton film dokumenter semalam tentang laut dan ikan, bagus banget
1107;872;1-10;3603322.0;text;;['😂'];False;False;ce58621891f7e7f2;[];gini
1108;872;101-500;3603357.0;text;;[];False;False;838a3d0e7e7c7cae;[];gw pengenn curhat sedikitt nih. akhir akhir inii gw ngerasa burnoutttt bangett samaaa rutinitass kuliahhhh yangggg itu itu aja. bangunnn pagi, kuliah, tugas, tidur, repeat. kadangggg gw ngerasa kayak robot yang cuma jalan sesuaiiii program tanpaaaa tauu tujuan akhirnyaaa apa. mungkinn gw butuh liburan beneran buat refresh otak
1109;872;1-10;3603504.0;text;;[];False;False;03be63d69a706376;[];woles
1110;872;1-10;3603505.0;text;;[];False;False;9a7eb1acd749eb01;[];nice
1111;872;1-10;3603505.0;text;;['😂'];False;False;03be63d69a706376;[];anjay
1112;872;1-10;3603534.0;text;;[];False;False;b347157be063753f;[];NICE
1113;873;11-50;3608798.0;text;;[];False;True;6d67fceaabf2a799;[];gw kaget pas denger itu!
1114;873;51-100;3608828.0;text;;['😖'];False;False;838a3d0e7e7c7cae;[];lu harusss coba kedai kopi baru di jalann belakang kampus, enak bangettt
1115;873;1-10;3609028.0;text;;['🌝'];False;False;9a7eb1acd749eb01;[];hihi
1116;873;11-50;3609029.0;text;;[];True;False;9a7eb1acd749eb01;[];jadwal sidang kapan bro?
1117;873;0;3609584.0;image/jpeg;;[];False;False;838a3d0e7e7c7cae;[];[Foto]
1118;873;1-10;3609608.0;text;;[];False;False;9a7eb1acd749eb01;[];trus
1119;873;11-50;3609608.0;text;;[];False;False;9a7eb1acd749eb01;[];reuni kapan ya kita
1120;873;11-50;3609610.0;text;;[];False;False;9a7eb1acd749eb01;[];angkot ke sana msh ad ga
1121;873;1-10;3609630.0;text;;[];False;False;838a3d0e7e7c7cae;[];amin
1122;873;1-10;3609634.0;text;;['😂'];False;False;9a7eb1acd749eb01;[];trus
1123;873;0;3609664.0;image/jpeg;;[];False;False;838a3d0e7e7c7cae;[];[Foto]
1124;873;51-100;3609674.0;text;1117.0;[];False;True;6d67fceaabf2a799;[];seneng banget gw dapet tawaran magang di perusahaan impian gw!
1125;873;11-50;3609689.0;text;;[];False;True;838a3d0e7e7c7cae;[];sedihhh bangettt ceritanya!
1126;873;11-50;3609700.0;text;;[];False;False;838a3d0e7e7c7cae;[];temenin gw dong besok
1127;873;11-50;3609701.0;text;;['😉'];False;False;c09442bccf5fc4c4;[];reuni kapan ya kita!!
1128;873;11-50;3609704.0;text;;[];False;False;838a3d0e7e7c7cae;[];eh dengerrrr gosipp belummm
1129;873;1-10;3609716.0;text;1128.0;[];False;False;6d67fceaabf2a799;[];dong
1130;873;51-100;3609719.0;text;;[];False;False;838a3d0e7e7c7cae;[];gw pengen banget liburan ke pantai tapiii duittt lagi tipisss banget sekarang
1131;873;11-50;3610661.0;text;;[];False;False;9a7eb1acd749eb01;[];angkot ke sana msh ad ga
1132;874;1-10;3622904.0;text;;['🤣'];False;False;b347157be063753f;[];YAA
1133;874;11-50;3622932.0;text;;['🤣'];False;False;b347157be063753f;[];LU DIMANA SIH LAMA BANGET
1134;874;1-10;3622949.0;text;;['🤣'];False;False;b347157be063753f;[];KAN
1135;875;11-50;3638115.0;image/jpeg;;[];False;False;9a7eb1acd749eb01;['4e7e80075ece205e'];[Foto]
1136;875;11-50;3638132.0;text;;[];False;False;9a7eb1acd749eb01;[];gw mau ambil cuti semester
1137;875;11-50;3639020.0;text;;[];False;False;4e7e80075ece205e;[];kelas tambahan hari sabtu sih
1138;875;11-50;3639117.0;text;;[];False;False;4e7e80075ece205e;[];proposal skripsi gw ditolak
1139;875;11-50;3639182.0;text;;[];False;False;4e7e80075ece205e;[];dosen pembimbing,,, susah ditemui
1140;875;1-10;3639516.0;text;;[];False;False;9a7eb1acd749eb01;[];gaje
1141;875;11-50;3639879.0;text;;[];False;False;4e7e80075ece205e;[];mie ayam pak,,, kumis,,, juara sih
1142;875;11-50;3639922.0;text;;[];False;False;9a7eb1acd749eb01;[];warteg depan kampus enak
1143;875;11-50;3639929.0;text;;[];False;False;9a7eb1acd749eb01;[];lu udah makan blm
1144;875;11-50;3639936.0;text;;[];False;False;9a7eb1acd749eb01;[];seminar tadi lama bgt
1145;875;101-500;3641190.0;text;;['😍'];True;False;4e7e80075ece205e;[];menurut kalian kenapa,,, ya generasi kita tuh kayaknya lebih gampang stres dan burnout dibanding generasi orang tua kita dulu? apa karena,,, tekanan sosmed atau emang tuntutan hidup yang makin tinggi ya? gw penasaran aja,,, sih soalnya,,, temen temen gw banyak yang ngeluh hal yang sama,,,
1146;875;1-10;3641701.0;text;;[];False;False;9a7eb1acd749eb01;[];hmm
1147;875;11-50;3641708.0;text;;[];False;False;9a7eb1acd749eb01;[];dosen pembimbing susah ditemui
1148;875;11-50;3641710.0;text;;[];False;False;9a7eb1acd749eb01;[];tugas kelompok bikin pusing
1149;875;11-50;3641712.0;text;;[];False;False;9a7eb1acd749eb01;[];gw mau ambil cuti semester
1150;875;1-10;3641714.0;text;;['😂'];False;False;9a7eb1acd749eb01;[];bole
1151;875;51-100;3641958.0;text;;['🤣'];False;False;4e7e80075ece205e;[];gw udah bikin slides,,, presentasi tapi,,, kayaknya masih kurang bagus deh isinya,,,
1152;875;1-10;3642465.0;text;;[];False;False;9a7eb1acd749eb01;[];gaje
1153;875;1-10;3642470.0;text;;[];False;False;9a7eb1acd749eb01;[];asli
1154;875;11-50;3642472.0;text;;['😂'];False;False;9a7eb1acd749eb01;[];warteg depan kampus enak
1155;875;1-10;3643658.0;text;;['🤣'];False;False;4e7e80075ece205e;[];nih
1156;875;11-50;3643677.0;text;;[];False;False;4e7e80075ece205e;[];gw mau ambil cuti semester
1157;876;0;3653223.0;image/jpeg;;[];False;False;c09442bccf5fc4c4;[];[Foto]
1158;876;1-10;3653229.0;text;;['🤭'];False;False;c09442bccf5fc4c4;[];oke!!!
1159;876;1-10;3653239.0;text;;[];False;False;03be63d69a706376;[];siap
1160;876;1-10;3653241.0;text;;[];False;False;9a7eb1acd749eb01;[];yoi
1161;876;0;3653241.0;image/jpeg;;[];False;False;c09442bccf5fc4c4;[];[Foto]
1162;876;1-10;3653243.0;text;;[];True;False;9a7eb1acd749eb01;[];mana?
1163;876;0;3653294.0;image/jpeg;;[];False;False;c09442bccf5fc4c4;[];[Foto]
1164;876;11-50;3653302.0;text;;['🤯'];False;False;c09442bccf5fc4c4;[];gw belom mulai tugas!!
1165;876;51-100;3653327.0;text;;[];False;False;c09442bccf5fc4c4;[];nyokap gw nelfon tadi nanyain kapan pulang, gw bilang aja abis ujian!!
1166;876;1-10;3653463.0;text;;[];True;False;03be63d69a706376;[];apa?
1167;876;11-50;3653487.0;text;;[];False;False;03be63d69a706376;[];gw lg ngerjain tugas nih
1168;876;101-500;3653584.0;text;;[];True;False;c09442bccf5fc4c4;[];gw lagi bimbang nih antara mau ikut organisasi kampus atau fokus ke akademik aja. menurut kalian gimana sih, worth it ga sih ikut organisasi? soalnya gw denger banyak yang bilang bisa nambah soft skill tapi di sisi lain waktu buat belajar jadi berkurang kan, gimana pengalaman kalian!!!
1169;876;11-50;3653586.0;text;;[];False;False;9a7eb1acd749eb01;[];tadi absen ga sih km
1170;876;11-50;3653602.0;text;;[];False;False;9a7eb1acd749eb01;[];eh tadi kelas seru bgt
1171;876;11-50;3653609.0;text;;[];False;False;c09442bccf5fc4c4;[];tadi absen ga sih kamu!!!
1172;876;51-100;3653690.0;text;;[];False;False;c09442bccf5fc4c4;[];tadi gw ketemu dosen pembimbing dan dia minta revisi lagi untuk bab 3!!
1173;877;11-50;3680988.0;text;;[];False;False;6d67fceaabf2a799;[];tugas kelompok bikin pusing
1174;877;51-100;3681000.0;text;;[];False;False;6d67fceaabf2a799;[];gw lagi mikirin mau ambil magang di perusahaan mana buat semester depan
1175;878;11-50;3687988.0;text;;[];False;True;9a7eb1acd749eb01;['fec1eefe6295a7be'];akhirnya kelar jg nih!
1176;878;11-50;3688158.0;text;;['💪🏻', '🥳', '😊'];False;True;fec1eefe6295a7be;[];akhirnya kelar juga nih!
1177;878;51-100;3688191.0;text;;['🥳'];False;False;4e7e80075ece205e;[];semalam hujan gede banget sampe kosan gw mati,,, lampu semaleman gila
1178;878;1-10;3688251.0;text;;['😂'];False;False;fec1eefe6295a7be;[];Btw.
1179;878;11-50;3688455.0;text;;[];False;False;9a7eb1acd749eb01;[];game baru udah download blm
1180;878;11-50;3688665.0;text;;['🤣'];False;False;4e7e80075ece205e;[];badminton yuk sore ini
1181;878;1-10;3688730.0;text;;['😂'];False;False;9a7eb1acd749eb01;[];dih
1182;879;11-50;3694827.0;text;;[];True;False;022fd2d8eea8dfdc;[];siapa yang mau ikut?
1183;879;1-10;3695675.0;text;;[];False;False;fec1eefe6295a7be;[];Otw.
1184;879;1-10;3695716.0;text;;[];False;False;022fd2d8eea8dfdc;[];otw
1185;879;1-10;3695739.0;text;1183.0;['🎂', '🍾'];False;False;838a3d0e7e7c7cae;[];iya
1186;879;11-50;3695740.0;text;;[];True;False;022fd2d8eea8dfdc;[];jadi ketemuan ga hari ini?
1187;879;11-50;3695751.0;text;;[];False;True;022fd2d8eea8dfdc;[];gila sih lu bisa gitu!
1188;879;51-100;3695772.0;text;;[];False;False;fec1eefe6295a7be;[];Tadi gw ketemu dosen pembimbing dan dia minta revisi lagi untuk bab 3.
1189;879;1-10;3695775.0;text;;[];False;True;fec1eefe6295a7be;[];wah!
1190;879;11-50;3695953.0;text;;[];False;False;9a7eb1acd749eb01;[];presentasi gw amburadul
1191;880;0;3881967.0;image/jpeg;;[];False;False;9a7eb1acd749eb01;[];[Foto]
1192;880;0;3881968.0;image/jpeg;;[];False;False;9a7eb1acd749eb01;[];[Foto]
1193;880;0;3881968.0;image/jpeg;;[];False;False;9a7eb1acd749eb01;[];[Foto]
1194;880;0;3881968.0;image/jpeg;;[];False;False;9a7eb1acd749eb01;[];[Foto]
1195;880;0;3881970.0;image/jpeg;;[];False;False;9a7eb1acd749eb01;[];[Foto]
1196;880;0;3881971.0;image/jpeg;;[];False;False;9a7eb1acd749eb01;[];[Foto]
1197;880;0;3881972.0;image/jpeg;;[];False;False;9a7eb1acd749eb01;[];[Foto]
1198;880;0;3881973.0;image/jpeg;;[];False;False;9a7eb1acd749eb01;[];[Foto]
1199;880;11-50;3881975.0;text;;[];False;False;9a7eb1acd749eb01;[];gw ga percaya sih gosipnya
1200;880;11-50;3881982.0;text;;[];False;False;9a7eb1acd749eb01;[];si tu udah putus katanya
1201;880;11-50;3883412.0;text;;[];False;False;0a78978cffdec07a;[];jangan bilang siapa siapa ya
1202;880;11-50;3883414.0;text;;[];False;False;0a78978cffdec07a;[];jangan bilang siaap siapa ya
1203;880;11-50;3883431.0;text;;[];False;False;0a78978cffdec07a;[];diem diem ternyata jaidan
1204;880;11-50;3883534.0;text;;[];False;False;9a7eb1acd749eb01;[];gw ga percaya sih gosipnya
1205;880;1-10;3900713.0;text;1203.0;[];False;False;6d67fceaabf2a799;[];gabut
1206;881;0;3951080.0;video/mp4;;[];False;False;fec1eefe6295a7be;[];[Video]
1207;881;1-10;3951280.0;text;;[];False;False;0a78978cffdec07a;[];seep
1208;881;11-50;3951286.0;text;;[];False;False;0a78978cffdec07a;[];baru bangun nih msh ngantuk
1209;881;1-10;3951289.0;text;;[];False;False;0a78978cffdec07a;[];oh
1210;881;1-10;3951970.0;text;;['😂'];False;False;71ba6dde40f8d131;[];okk
1211;881;1-10;3952144.0;text;;[];False;False;9a7eb1acd749eb01;[];ah
1212;881;11-50;3952310.0;text;;['😂'];False;False;4e7e80075ece205e;[];gw lagi di atm,,, sebentar
1213;881;11-50;3952953.0;text;;[];False;False;9a7eb1acd749eb01;[];ntar gw kabarin lg deh
1214;881;1-10;3952955.0;text;;[];True;False;9a7eb1acd749eb01;[];gk?
1215;881;1-10;3956108.0;text;;[];False;False;4037c32290ea62de;[];yess
1216;881;1-10;3956165.0;text;;[];False;False;9a7eb1acd749eb01;[];yess
1217;881;1-10;3956167.0;text;;['😊'];False;False;9a7eb1acd749eb01;[];siapp
1218;882;51-100;3962401.0;text;;[];True;False;9a7eb1acd749eb01;[];ad yg tau knp kantin kampus tutup lebih awal hari ni ga sih?
1219;882;11-50;3962604.0;text;;[];True;False;0a78978cffdec07a;[];byaar berapa sih tadi?
1220;882;11-50;3962641.0;text;1218.0;[];True;False;838a3d0e7e7c7cae;[];bawa motorrr apaaa naik apa?
1221;882;1-10;3962970.0;text;1219.0;[];False;False;9a7eb1acd749eb01;[];bro
1222;882;11-50;3962977.0;text;;[];False;False;9a7eb1acd749eb01;[];gw mau nyoba restoran baru
1223;882;11-50;3962989.0;text;;[];False;False;9a7eb1acd749eb01;[];nongkrong yuk di kafe biasa
1224;882;11-50;3963235.0;text;;[];False;False;0a78978cffdec07a;[];es teh mnais saut ya bagn
1225;882;11-50;3963238.0;text;;[];True;False;0a78978cffdec07a;[];tu beneran apa hoax?
1226;882;11-50;3963262.0;text;;[];False;False;9a7eb1acd749eb01;[];kopi susu yg biasa ya
1227;882;11-50;3963264.0;text;;[];False;False;9a7eb1acd749eb01;[];bakso malang tu buka ga ya
1228;882;11-50;3963274.0;text;;[];False;False;0a78978cffdec07a;[];kopi susu yg biasa ya
1229;882;11-50;3963282.0;text;;[];False;False;0a78978cffdec07a;[];nongkrong yuk di kafe biasa
1230;882;11-50;3963292.0;text;;[];False;False;0a78978cffdec07a;[];masak sendiri lebih hemat sih
1231;882;1-10;3963293.0;text;;[];True;False;0a78978cffdec07a;[];yakin?
1232;882;11-50;3963309.0;text;;[];False;False;9a7eb1acd749eb01;[];masak sendiri lebih hemat sih
1233;882;51-100;3963325.0;text;;[];False;False;9a7eb1acd749eb01;[];dompet gw ilang kemarin di angkot tp alhamdulillah ad yg nemuin
1234;882;11-50;3963330.0;text;;[];False;False;9a7eb1acd749eb01;[];bakso malang tu buka ga ya
1235;882;11-50;3963340.0;text;;[];False;False;9a7eb1acd749eb01;[];tadi gw makan nasi padang
1236;882;11-50;3963375.0;text;;[];False;False;0a78978cffdec07a;[];nongkrong yuk di kafe biasa
1237;882;11-50;3963376.0;text;;[];False;False;0a78978cffdec07a;[];porsi makna gw nmabah terus
1238;882;11-50;3963382.0;text;;[];False;False;0a78978cffdec07a;[];gw lg deit tp gagal mulu
1239;882;1-10;3963383.0;text;;[];False;False;0a78978cffdec07a;[];gass
1240;882;11-50;3963390.0;text;;[];False;False;0a78978cffdec07a;[];nongkrong yuk di kafe biasa
1241;882;11-50;3963401.0;text;;[];False;False;0a78978cffdec07a;[];es teh manis stau ya bang
1242;882;11-50;3963411.0;text;;[];False;False;0a78978cffdec07a;[];porsi maakn gw nambah terus
1243;882;51-100;3963452.0;text;;[];False;False;9a7eb1acd749eb01;[];dompet gw ilang kemarin di angkot tp alhamdulillah ad yg nemuin
1244;882;51-100;3963473.0;text;;[];False;False;9a7eb1acd749eb01;[];gw lg bingung milih topik skripsi antara dua tema yg sm menariknya
1245;882;11-50;3963520.0;text;;[];False;False;0a78978cffdec07a;[];gw lg diet tp gagal mulu
1246;882;11-50;3963529.0;text;;[];True;False;0a78978cffdec07a;[];bayar berapa sih tadi?
1247;882;11-50;3963535.0;text;;[];False;False;0a78978cffdec07a;[];bakso malang tu buka ga ya
1248;882;11-50;3963537.0;text;;[];False;False;0a78978cffdec07a;[];masak sendiri lebih hemat sih
1249;882;51-100;3963557.0;text;;[];False;False;0a78978cffdec07a;[];dompet gw ilang kemarin di angokt tp alhamdulillah ad yg nemuin
1250;882;51-100;3963569.0;text;;[];False;False;9a7eb1acd749eb01;[];dompet gw ilang kemarin di angkot tp alhamdulillah ad yg nemuin
1251;882;11-50;3963592.0;text;;[];False;False;9a7eb1acd749eb01;[];sarapan dulu baru mikir
1252;882;11-50;3963605.0;text;;[];False;False;9a7eb1acd749eb01;[];bakso malang tu buka ga ya
1253;882;11-50;3963612.0;text;;[];False;False;9a7eb1acd749eb01;[];gw mau pesen gofood dulu
1254;882;0;3963620.0;image/jpeg;;[];False;False;9a7eb1acd749eb01;[];[Foto]
1255;882;11-50;3963624.0;text;;[];False;False;0a78978cffdec07a;[];tadi gw makan nasi padang
1256;882;51-100;3963631.0;text;;[];False;False;0a78978cffdec07a;[];tadi di kantin ketemu anak angkatan bawah yg kenla sm temen sma gw
1257;882;11-50;3963639.0;text;;[];False;False;9a7eb1acd749eb01;[];gw mau pesen gofood dulu
1258;882;11-50;3963647.0;text;;[];True;False;0a78978cffdec07a;[];udah sampe belom?
1259;882;51-100;3963674.0;text;;[];False;False;9a7eb1acd749eb01;[];gw udah download smua materi kuliah tp blm sempat baca sm sekali
1260;882;11-50;3963676.0;text;;[];False;False;838a3d0e7e7c7cae;[];tadii gw makann nasii padang
1261;882;51-100;3963700.0;text;;[];False;False;9a7eb1acd749eb01;[];dompet gw ilang kemarin di angkot tp alhamdulillah ad yg nemuin
1262;882;11-50;3963704.0;text;;[];False;False;9a7eb1acd749eb01;[];gw mau pesen gofood dulu
1263;882;51-100;3963710.0;text;;[];False;False;838a3d0e7e7c7cae;[];tadiii di kantin ketemuuuu anakkkk angkatannnn bawah yang kenalll samaa temen sma gw
1264;882;51-100;3963729.0;text;;[];False;False;9a7eb1acd749eb01;[];weekend ni gw mau staycation aja di kosan binge watching series baru
1265;882;11-50;3963730.0;text;;[];False;False;9a7eb1acd749eb01;[];indomie telor udah cukup kok
1266;882;51-100;3963731.0;text;;[];False;False;838a3d0e7e7c7cae;[];gw udahhh download semuaaa materi kuliah tapiiii belum sempat baca sama sekali
1267;882;51-100;3963748.0;text;;[];False;False;0a78978cffdec07a;[];gw lg bingung miilh topki skripsi antara dua team yg sm menariknya
1268;882;11-50;3963749.0;text;;[];False;False;0a78978cffdec07a;[];porsi makan gw nabmah terus
1269;882;11-50;3963755.0;text;;[];False;False;0a78978cffdec07a;[];gw mau nyboa restoran baru
1270;882;11-50;3963758.0;text;;[];False;False;0a78978cffdec07a;[];bakso malang tu bkua ga ya
1271;882;11-50;3963762.0;text;;[];False;False;0a78978cffdec07a;[];tadi gw makan nasi padang
1272;882;11-50;3963766.0;text;;[];False;False;0a78978cffdec07a;[];gw mau noyba restoran baru
1273;882;1-10;3963780.0;text;;[];False;False;9a7eb1acd749eb01;[];bro
1274;882;101-500;3963799.0;text;;[];False;False;838a3d0e7e7c7cae;[];kemarinn malemmmm gw sama temenn temennnn nongkrongggg di warkopppp biasaa sampeeee jammmm 12 malem. kita ngobroll banyak hal dari mulaiii tugas kuliah, rencana liburan, sampeee masalahhhh percintaan. seru sih walauuu besoknyaa gw kesiangan masuk kelass pagi dannnn dosen negurrrr di depann semua orang. maluuuu tapi ya gimana lagi
1275;882;101-500;3963820.0;text;;[];False;False;9a7eb1acd749eb01;[];kemarin malem gw sm temen temen nongkrong di warkop biasa sampe jam 12 malem. kita ngobrol banyak hal dr mulai tugas kuliah, rencana liburan, sampe masalah percintaan. seru sih walau besoknya gw kesiangan masuk kelas pagi dan dosen negur di depan smua orang. malu tp ya gmn lg
1276;882;11-50;3963825.0;text;;[];False;False;0a78978cffdec07a;[];nongkrnog yuk di kafe biasa
1277;882;11-50;3963827.0;text;;[];False;False;9a7eb1acd749eb01;[];masak sendiri lebih hemat sih
1278;882;11-50;3963841.0;text;;[];False;False;9a7eb1acd749eb01;[];gw mau pesen gofood dulu
1279;882;1-10;3963848.0;text;;[];True;False;0a78978cffdec07a;[];serius?
1280;882;11-50;3963850.0;text;;[];True;False;0a78978cffdec07a;[];tu beneran apa hoax?
1281;882;1-10;3963970.0;text;;[];False;False;9a7eb1acd749eb01;[];lol
1282;882;11-50;3964062.0;text;;[];False;False;838a3d0e7e7c7cae;[];nongkrongg yuk di kafe biasa
1283;882;0;3964079.0;image/jpeg;;[];False;False;838a3d0e7e7c7cae;[];[Foto]
1284;882;11-50;3964082.0;text;;[];False;False;838a3d0e7e7c7cae;[];indomieeee telor udah cukuppp kokk
1285;882;11-50;3964103.0;text;;[];False;False;838a3d0e7e7c7cae;[];gw mau pesennnn gofoodddd duluu
1286;882;11-50;3964276.0;text;;[];True;False;9a7eb1acd749eb01;[];bayar berapa sih tadi?
1287;882;0;3964289.0;unknown;;[];False;False;838a3d0e7e7c7cae;[];[Media tidak dikenal]
1288;882;11-50;3964303.0;text;;[];False;False;838a3d0e7e7c7cae;[];bakso malangggg ituu buka ga ya
1289;882;11-50;3964321.0;text;;[];False;False;6d67fceaabf2a799;[];tadi gw makan nasi padang
1290;882;1-10;3964322.0;text;;[];False;False;6d67fceaabf2a799;[];gass
1291;882;11-50;3964327.0;text;;[];False;False;6d67fceaabf2a799;[];kopi susu yg biasa ya
1292;882;0;3964335.0;image/jpeg;;[];False;False;838a3d0e7e7c7cae;[];[Foto]
1293;882;1-10;3964339.0;text;;[];False;False;9a7eb1acd749eb01;[];ngab
1294;882;11-50;3964345.0;text;;[];False;False;9a7eb1acd749eb01;[];tadi gw makan nasi padang
1295;882;0;3964347.0;image/jpeg;;[];False;False;838a3d0e7e7c7cae;[];[Foto]
1296;882;0;3964354.0;image/jpeg;;[];False;False;838a3d0e7e7c7cae;[];[Foto]
1297;882;11-50;3964421.0;text;;[];True;False;022fd2d8eea8dfdc;[];bawa motor apa naik apa?
1298;882;11-50;3964455.0;text;;[];False;False;838a3d0e7e7c7cae;[];gw lagi diet tapi gagal mulu
1299;882;11-50;3964457.0;text;;[];False;False;9a7eb1acd749eb01;[];indomie telor udah cukup kok
1300;882;11-50;3964463.0;text;;[];False;False;9a7eb1acd749eb01;[];gw mau nyoba restoran baru
1301;882;11-50;3964579.0;text;;[];False;False;838a3d0e7e7c7cae;[];gw lagi diet tapi gagallll mulu
1302;882;51-100;3964595.0;text;;[];False;False;838a3d0e7e7c7cae;[];weekend ini gw mau staycation aja di kosannnn binge watching series baruuuu
1303;882;11-50;3964760.0;text;;[];False;True;022fd2d8eea8dfdc;[];enak banget makanannya!
1304;882;1-10;3964788.0;text;;[];False;False;9a7eb1acd749eb01;[];sis
1305;882;11-50;3964843.0;text;;['😀'];False;False;838a3d0e7e7c7cae;[];gw mau nyoba restoran baru
1306;882;101-500;3964951.0;text;;[];False;False;c09442bccf5fc4c4;[];kemarin malem gw sama temen temen nongkrong di warkop biasa sampe jam 12 malem. kita ngobrol banyak hal dari mulai tugas kuliah, rencana liburan, sampe masalah percintaan. seru sih walau besoknya gw kesiangan masuk kelas pagi dan dosen negur di depan semua orang. malu tapi ya gimana lagi!!!
1307;882;51-100;3964973.0;text;;[];False;False;c09442bccf5fc4c4;[];dompet gw ilang kemarin di angkot tapi alhamdulillah ada yang nemuin!!
1308;882;11-50;3965012.0;text;;[];False;False;838a3d0e7e7c7cae;[];porsi makan gw nambah terussss
1309;882;101-500;3965014.0;text;;['🤣'];False;False;c09442bccf5fc4c4;[];kemarin malem gw sama temen temen nongkrong di warkop biasa sampe jam 12 malem. kita ngobrol banyak hal dari mulai tugas kuliah, rencana liburan, sampe masalah percintaan. seru sih walau besoknya gw kesiangan masuk kelas pagi dan dosen negur di depan semua orang. malu tapi ya gimana lagi!!
1310;882;1-10;3965033.0;text;;['😂'];False;False;9a7eb1acd749eb01;[];lol
1311;882;51-100;3965053.0;text;;[];False;False;c09442bccf5fc4c4;[];dompet gw ilang kemarin di angkot tapi alhamdulillah ada yang nemuin!!!
1312;882;51-100;3965068.0;text;;[];False;False;9a7eb1acd749eb01;[];tadi di kantin ketemu anak angkatan bawah yg kenal sm temen sma gw
1313;883;101-500;3969256.0;text;;[];False;False;6d67fceaabf2a799;[];kemarin malem gw sama temen temen nongkrong di warkop biasa sampe jam 12 malem. kita ngobrol banyak hal dari mulai tugas kuliah, rencana liburan, sampe masalah percintaan. seru sih walau besoknya gw kesiangan masuk kelas pagi dan dosen negur di depan semua orang. malu tapi ya gimana lagi
1314;883;51-100;3969263.0;text;;[];False;False;6d67fceaabf2a799;[];gw lagi bingung milih topik skripsi antara dua tema yang sama menariknya
1315;883;11-50;3969407.0;text;;[];False;False;03be63d69a706376;[];bakso malang itu buka... ga ya
1316;883;11-50;3969413.0;text;;[];False;False;03be63d69a706376;[];nongkrong yuk di kafe biasa
1317;883;11-50;3969415.0;text;;[];False;False;03be63d69a706376;[];es teh manis satu ya bang
1318;883;11-50;3969538.0;text;;[];False;False;9a7eb1acd749eb01;[];bakso malang tu buka ga ya
1319;883;1-10;3969687.0;text;;['😇', '😅', '😂'];False;False;03be63d69a706376;[];bro
1320;883;11-50;3969689.0;text;;[];False;False;03be63d69a706376;[];bakso malang itu buka ga ya
1321;883;1-10;3969694.0;text;;[];False;False;03be63d69a706376;[];sip
1322;883;11-50;3969701.0;text;;[];False;False;03be63d69a706376;[];sarapan dulu baru mikir
1323;883;1-10;3969708.0;text;;['😂'];False;False;03be63d69a706376;[];bener
1324;883;11-50;3969710.0;text;;[];False;False;03be63d69a706376;[];sarapan dulu baru mikir
1325;883;11-50;3969737.0;text;;[];False;False;03be63d69a706376;[];es teh manis satu ya... bang
1326;883;11-50;3969744.0;text;;[];False;False;03be63d69a706376;[];nongkrong yuk di... kafe biasa
1327;883;1-10;3969755.0;text;;[];False;False;9a7eb1acd749eb01;[];fix
1328;883;51-100;3969768.0;text;1326.0;[];False;False;9a7eb1acd749eb01;[];tadi di kantin ketemu anak angkatan bawah yg kenal sm temen sma gw
1329;883;11-50;3969806.0;text;;[];False;False;6d67fceaabf2a799;[];porsi makan gw nambah terus
1330;883;51-100;3969820.0;text;;[];False;False;6d67fceaabf2a799;[];gw lagi bingung milih topik skripsi antara dua tema yang sama menariknya
1331;883;11-50;3969822.0;text;;[];False;False;0a78978cffdec07a;[];gw mau nyoba restoran baru
1332;883;11-50;3969824.0;text;;[];False;False;0a78978cffdec07a;[];porsi makan gw nambah teurs
1333;883;1-10;3969830.0;text;;[];False;False;0a78978cffdec07a;[];aoyk
1334;883;11-50;3969837.0;text;;[];False;False;0a78978cffdec07a;[];idnomie telor udah cukup kok
1335;883;11-50;3969839.0;text;;[];False;False;6d67fceaabf2a799;[];gw mau nyoba restoran baru
1336;883;51-100;3969847.0;text;;[];False;False;0a78978cffdec07a;[];gw udah download smua mateir kuliah tp blm sempat baca sm sekali
1337;883;11-50;3969997.0;text;;[];False;False;9a7eb1acd749eb01;[];es teh manis satu ya bang
1338;883;11-50;3970013.0;text;;[];False;False;9a7eb1acd749eb01;[];gw mau nyoba restoran baru
1339;883;11-50;3970017.0;text;;[];False;False;9a7eb1acd749eb01;[];tadi gw makan nasi padang
1340;883;11-50;3970083.0;text;;[];False;False;0a78978cffdec07a;[];gw lg diet tp gagal mluu
1341;883;11-50;3970084.0;text;;[];False;False;0a78978cffdec07a;[];gw mau pesen goofod dulu
1342;883;11-50;3970093.0;text;;[];False;False;0a78978cffdec07a;[];es teh manis stau ya bang
1343;883;11-50;3970096.0;text;;[];False;False;0a78978cffdec07a;[];sarapan dulu brau mkiir
1344;883;11-50;3970100.0;text;;[];False;False;0a78978cffdec07a;[];nongkrong yuk di kafe biasa
1345;883;11-50;3970107.0;text;;[];False;False;0a78978cffdec07a;[];tadi gw makan nasi padang
1346;883;11-50;3970112.0;text;;[];False;False;0a78978cffdec07a;[];es teh manis satu ya bang
1347;883;11-50;3970112.0;text;;[];False;False;9a7eb1acd749eb01;[];gw mau pesen gofood dulu
1348;883;11-50;3970120.0;text;;[];False;False;9a7eb1acd749eb01;[];es teh manis satu ya bang
1349;884;51-100;4035468.0;text;;[];False;False;9a7eb1acd749eb01;[];lu hrs coba kedai kopi baru di jalan belakang kampus, enak bgt
1350;884;51-100;4035500.0;text;;[];False;False;9a7eb1acd749eb01;[];wifi kosan gw lemot bgt jadi gw ke perpus aja buat ngerjain tugas
1351;884;11-50;4036309.0;text;;['🤣'];False;False;4e7e80075ece205e;[];diem diem ternyata jadian
1352;884;51-100;4036324.0;text;;[];False;False;4e7e80075ece205e;[];gw pengen banget liburan ke pantai tapi duit lagi tipis,,, banget sekarang,,,
1353;884;11-50;4036355.0;text;;[];False;False;9a7eb1acd749eb01;[];si tu udah putus katanya
1354;884;11-50;4036363.0;text;;[];False;False;9a7eb1acd749eb01;[];temen gw sakit masuk rs
1355;884;11-50;4036369.0;text;;[];False;False;0a78978cffdec07a;[];temen gw sakti mausk rs
1356;884;1-10;4036369.0;text;;['😂'];False;False;9a7eb1acd749eb01;[];trus
1357;884;11-50;4036636.0;text;;['🤣'];False;False;4e7e80075ece205e;[];gw berantem sama si anu
1358;884;1-10;4036770.0;text;;[];False;False;9a7eb1acd749eb01;[];hihi
1359;884;11-50;4036782.0;text;;[];False;False;9a7eb1acd749eb01;[];gw berantem sm si anu
1360;884;11-50;4036791.0;text;;[];False;False;9a7eb1acd749eb01;[];angkot ke sana msh ad ga
1361;884;51-100;4036812.0;text;;[];False;False;9a7eb1acd749eb01;[];gw pengen bgt liburan ke pantai tp duit lg tipis bgt skrg
1362;884;11-50;4037233.0;image/jpeg;;[];False;False;4e7e80075ece205e;[];[Foto]
1363;884;1-10;4037354.0;text;;[];False;False;9a7eb1acd749eb01;[];ywd
1364;884;11-50;4037356.0;text;;[];False;False;9a7eb1acd749eb01;[];gw ga percaya sih gosipnya
1365;884;11-50;4037359.0;text;;[];False;False;9a7eb1acd749eb01;[];angkot ke sana msh ad ga
1366;884;11-50;4037414.0;text;;['😜'];False;False;4e7e80075ece205e;[];pacarnya baru siapa sih
1367;884;11-50;4037421.0;text;;[];False;False;4e7e80075ece205e;[];temen gw,,, sakit masuk,,, rs
1368;884;11-50;4037447.0;text;;[];False;False;9a7eb1acd749eb01;[];gw ga percaya sih gosipnya
1369;884;11-50;4037454.0;text;;[];False;False;9a7eb1acd749eb01;[];jangan bilang siapa siapa ya
1370;884;11-50;4037464.0;text;;[];False;False;9a7eb1acd749eb01;[];gw kangen temen temen sma
1371;884;11-50;4037545.0;text;;[];False;False;4e7e80075ece205e;[];pacarnya baru,,, siapa sih,,,
1372;884;11-50;4037645.0;text;;[];False;False;9a7eb1acd749eb01;[];angkot ke sana msh ad ga
1373;884;51-100;4037654.0;text;;[];False;False;9a7eb1acd749eb01;[];wifi kosan gw lemot bgt jadi gw ke perpus aja buat ngerjain tugas
1374;884;1-10;4037667.0;text;;[];True;False;4e7e80075ece205e;[];bisa?
1375;884;51-100;4037670.0;text;;[];False;False;9a7eb1acd749eb01;[];wifi kosan gw lemot bgt jadi gw ke perpus aja buat ngerjain tugas
1376;884;11-50;4037679.0;text;;[];True;False;4e7e80075ece205e;[];kapan terakhir kali ketemu?,,,
1377;884;11-50;4037696.0;text;;[];False;False;9a7eb1acd749eb01;[];gw berantem sm si anu
1378;884;11-50;4037701.0;text;;[];False;False;9a7eb1acd749eb01;[];jangan bilang siapa siapa ya
1379;884;101-500;4037708.0;text;;[];True;False;9a7eb1acd749eb01;[];menurut kalian knp ya generasi kita tuh kayaknya lebih gampang stres dan burnout dibanding generasi orang tua kita dulu? apa krn tekanan sosmed atau emang tuntutan hidup yg makin tinggi ya? gw penasaran aja sih soalnya temen temen gw banyak yg ngeluh hal yg sm
1380;884;11-50;4037770.0;text;;[];True;False;4e7e80075ece205e;[];kapan terakhir kali ketemu?,,,
1381;884;11-50;4037789.0;text;;[];False;False;9a7eb1acd749eb01;[];si tu udah putus katanya
1382;884;11-50;4037792.0;text;;[];False;False;9a7eb1acd749eb01;[];gw berantem sm si anu
1383;884;1-10;4037796.0;text;;[];False;False;9a7eb1acd749eb01;[];males
1384;884;11-50;4037800.0;text;;[];False;False;9a7eb1acd749eb01;[];eh denger gosip blm
1385;884;1-10;4037805.0;text;;[];False;False;9a7eb1acd749eb01;[];hihi
1386;884;11-50;4037814.0;text;;['🤣'];False;False;4e7e80075ece205e;[];si itu udah putus katanya
1387;884;101-500;4037821.0;text;;[];True;False;9a7eb1acd749eb01;[];menurut kalian knp ya generasi kita tuh kayaknya lebih gampang stres dan burnout dibanding generasi orang tua kita dulu? apa krn tekanan sosmed atau emang tuntutan hidup yg makin tinggi ya? gw penasaran aja sih soalnya temen temen gw banyak yg ngeluh hal yg sm
1388;884;11-50;4037824.0;text;;[];False;False;9a7eb1acd749eb01;[];jangan bilang siapa siapa ya
1389;884;1-10;4037844.0;text;;[];True;False;4e7e80075ece205e;[];boleh?
1390;884;11-50;4037943.0;text;;[];False;False;9a7eb1acd749eb01;[];jangan bilang siapa siapa ya
1391;884;1-10;4037943.0;text;;[];False;False;9a7eb1acd749eb01;[];dong
1392;884;0;4038027.0;image/jpeg;;[];False;False;9a7eb1acd749eb01;[];[Foto]
1393;884;0;4038043.0;image/jpeg;;[];False;False;9a7eb1acd749eb01;[];[Foto]
1394;884;11-50;4038054.0;text;;[];True;False;4e7e80075ece205e;[];kos lu dimana,,, sih tepatnya?
1395;884;1-10;4038067.0;text;;[];False;False;9a7eb1acd749eb01;[];dong
1396;884;51-100;4038117.0;text;;['🤣'];False;False;4e7e80075ece205e;[];wifi kosan gw lemot,,, banget jadi gw ke perpus aja buat ngerjain,,, tugas
1397;884;11-50;4038250.0;text;;[];False;False;9a7eb1acd749eb01;[];diem diem ternyata jadian
1398;884;11-50;4038254.0;text;;[];False;False;9a7eb1acd749eb01;[];eh denger gosip blm
1399;884;11-50;4038323.0;text;;[];True;False;4e7e80075ece205e;[];kapan terakhir kali,,, ketemu?
1400;884;1-10;4038376.0;text;;[];False;False;9a7eb1acd749eb01;[];dong
1401;884;11-50;4038380.0;text;;[];False;False;9a7eb1acd749eb01;[];reuni kapan ya kita
1402;884;11-50;4038399.0;text;;[];False;False;9a7eb1acd749eb01;[];reuni kapan ya kita
1403;884;1-10;4038399.0;text;;[];False;False;9a7eb1acd749eb01;[];ywd
1404;884;11-50;4038406.0;text;;[];False;False;4e7e80075ece205e;[];reuni kapan ya,,, kita
1405;884;11-50;4038407.0;text;;['🤣'];False;False;4e7e80075ece205e;[];pacarnya baru siapa,,, sih,,,
1406;884;1-10;4038433.0;text;;[];False;False;9a7eb1acd749eb01;[];wkwkw
1407;884;11-50;4038452.0;text;;[];False;False;9a7eb1acd749eb01;[];angkot ke sana msh ad ga
1408;884;11-50;4038766.0;text;;['🤣'];False;False;4e7e80075ece205e;[];gw kangen,,, temen temen sma
1409;884;11-50;4038783.0;text;;[];False;False;9a7eb1acd749eb01;[];reuni kapan ya kita
1410;884;11-50;4038785.0;text;;[];False;False;9a7eb1acd749eb01;[];angkot ke sana msh ad ga
1411;884;11-50;4038820.0;text;;[];False;False;4e7e80075ece205e;[];eh denger,,, gosip belum
1412;884;11-50;4041069.0;text;;[];False;False;6d67fceaabf2a799;[];diem diem ternyata jadian
1413;884;11-50;4041073.0;text;;[];True;False;6d67fceaabf2a799;[];pinjam catetan boleh ga?
1414;884;1-10;4041182.0;text;;[];False;False;9a7eb1acd749eb01;[];amin
1415;884;11-50;4041186.0;text;;[];False;False;9a7eb1acd749eb01;[];angkot ke sana msh ad ga
1416;884;11-50;4041197.0;text;;[];False;False;9a7eb1acd749eb01;[];temen gw sakit masuk rs
1417;884;11-50;4041199.0;text;;[];False;False;9a7eb1acd749eb01;[];si tu udah putus katanya
1418;884;0;4041214.0;image/jpeg;;[];False;False;9a7eb1acd749eb01;[];[Foto]
1419;884;11-50;4041221.0;text;;[];False;False;9a7eb1acd749eb01;[];gw ga percaya sih gosipnya
1420;884;11-50;4042218.0;text;;[];False;False;6d67fceaabf2a799;[];si itu udah putus katanya
1421;884;11-50;4042512.0;text;;[];False;False;9a7eb1acd749eb01;[];gw kangen temen temen sma
1422;884;1-10;4042513.0;text;;[];False;False;9a7eb1acd749eb01;[];setuju
1423;884;1-10;4042514.0;text;;[];False;False;9a7eb1acd749eb01;[];dong
1424;885;11-50;4126361.0;text;;[];True;False;9a7eb1acd749eb01;['4e7e80075ece205e'];lu lg ngapain sih?
1425;885;11-50;4126570.0;text;;[];False;False;6d67fceaabf2a799;[];film baru di bioskop bagus ga
1426;885;1-10;4126729.0;text;;[];False;False;9a7eb1acd749eb01;[];yess
1427;885;101-500;4126837.0;text;;[];False;False;c09442bccf5fc4c4;['9a7eb1acd749eb01'];gw pengen curhat sedikit nih. akhir akhir ini gw ngerasa burnout banget sama rutinitas kuliah yang itu itu aja. bangun pagi, kuliah, tugas, tidur, repeat. kadang gw ngerasa kayak robot yang cuma jalan sesuai program tanpa tau tujuan akhirnya apa. mungkin gw butuh liburan beneran buat refresh otak!!
1428;885;11-50;4127076.0;text;;[];False;False;9a7eb1acd749eb01;[];mama minta gw pulang weekend
1429;885;11-50;4127076.0;text;;[];False;False;9a7eb1acd749eb01;[];kakak gw baru aja nikah
1430;885;11-50;4127082.0;text;;[];False;False;9a7eb1acd749eb01;[];adek gw masuk sma tahun ni
1431;885;51-100;4127220.0;text;;['🤦🏼\u200d♂️'];False;False;c09442bccf5fc4c4;[];gw nonton film dokumenter semalam tentang laut dan ikan, bagus banget!!
1432;885;11-50;4127255.0;text;;[];False;False;c09442bccf5fc4c4;[];nyokap nanya kapan lulus!!!
1433;885;0;4127288.0;image/jpeg;;[];False;False;c09442bccf5fc4c4;[];[Foto]
1434;885;11-50;4127330.0;text;;[];False;False;9a7eb1acd749eb01;[];kakak gw baru aja nikah
1435;885;1-10;4127334.0;text;;[];False;False;9a7eb1acd749eb01;[];goks
1436;885;11-50;4127337.0;text;;[];False;False;9a7eb1acd749eb01;[];nyokap nanya kapan lulus
1437;885;11-50;4127337.0;text;;[];False;False;9a7eb1acd749eb01;[];gw lg marathon drakor nih
1438;885;11-50;4127343.0;text;;[];False;False;9a7eb1acd749eb01;[];adek gw masuk sma tahun ni
1439;885;11-50;4127345.0;text;;[];True;False;c09442bccf5fc4c4;[];kenapa ga bales chat gw!!!
1440;885;1-10;4127358.0;text;;[];False;False;9a7eb1acd749eb01;[];gini
1441;885;11-50;4127365.0;text;;[];False;False;9a7eb1acd749eb01;[];gw lg marathon drakor nih
1442;885;51-100;4127372.0;text;;[];False;False;c09442bccf5fc4c4;[];tadi pagi gw olahraga lari keliling kampus 5 putaran badan pegel semua!!!
1443;885;51-100;4127433.0;text;;['🤷🏼\u200d♂'];False;False;c09442bccf5fc4c4;[];gw nonton film dokumenter semalam tentang laut dan ikan, bagus banget!!!
1444;885;11-50;4127508.0;text;;[];False;False;9a7eb1acd749eb01;[];gw kangen masakan rumah
1445;885;11-50;4127521.0;text;;[];False;False;9a7eb1acd749eb01;[];film baru di bioskop bagus ga
1446;885;1-10;4127525.0;text;;[];False;False;9a7eb1acd749eb01;[];woles
1447;885;11-50;4127528.0;text;;[];False;False;9a7eb1acd749eb01;[];kakak gw baru aja nikah
1448;885;11-50;4127540.0;text;;[];False;False;9a7eb1acd749eb01;[];adek gw masuk sma tahun ni
1449;885;11-50;4127907.0;text;;[];True;False;022fd2d8eea8dfdc;[];siapa aja yg dateng?
1450;885;1-10;4128004.0;text;;[];False;False;9a7eb1acd749eb01;[];anjay
1451;885;1-10;4128021.0;text;;[];False;False;022fd2d8eea8dfdc;[];anjay
1452;885;11-50;4128031.0;text;;[];False;False;022fd2d8eea8dfdc;[];kakak gw baru aja nikah
1453;885;1-10;4128061.0;text;;[];False;False;9a7eb1acd749eb01;[];nice
1454;885;51-100;4129491.0;text;;[];False;False;4e7e80075ece205e;['9a7eb1acd749eb01', '6d67fceaabf2a799'];besok ada bazaar di,,, kampus katanya,,, banyak makanan murah, pada,,, ikut ga
1455;885;11-50;4129530.0;text;;[];True;False;9a7eb1acd749eb01;[];knp ga bales chat gw?
1456;885;11-50;4129549.0;text;;[];False;False;9a7eb1acd749eb01;[];adek gw masuk sma tahun ni
1457;885;11-50;4129571.0;text;;[];False;True;6d67fceaabf2a799;[];seru banget tadi malem!
1458;885;51-100;4129574.0;text;;[];False;False;4e7e80075ece205e;[];besok ada bazaar di,,, kampus katanya banyak makanan,,, murah,,,, pada ikut ga
1459;885;51-100;4129583.0;text;;[];False;False;6d67fceaabf2a799;[];adek gw mau masuk kuliah tahun depan gw harus bantu cariin info jurusan
1460;885;11-50;4129606.0;text;;[];False;False;4e7e80075ece205e;[];adek gw masuk sma tahun ini
1461;885;51-100;4129610.0;text;;[];True;False;6d67fceaabf2a799;['9a7eb1acd749eb01'];siapa sih yang spread gosip itu ke grup sebelah, tau ga orangnya?
1462;885;11-50;4129616.0;text;;[];True;False;6d67fceaabf2a799;[];kenapa ga bales chat gw?
1463;885;11-50;4129619.0;text;;[];False;False;9a7eb1acd749eb01;[];mama minta gw pulang weekend
1464;885;11-50;4129625.0;text;;[];False;False;4e7e80075ece205e;[];nyokap nanya kapan lulus
1465;885;11-50;4129630.0;text;;[];False;False;9a7eb1acd749eb01;[];kakak gw baru aja nikah
1466;885;11-50;4129642.0;text;;[];False;False;9a7eb1acd749eb01;[];gw baru aja ketemu mantan
1467;885;11-50;4129651.0;text;;[];False;False;6d67fceaabf2a799;[];keluarga ngumpul lebaran nanti
1468;885;1-10;4129653.0;text;;[];False;False;9a7eb1acd749eb01;[];woles
1469;885;11-50;4129665.0;text;;[];False;False;9a7eb1acd749eb01;[];film baru di bioskop bagus ga
1470;885;11-50;4129671.0;text;;['🤣'];False;False;4e7e80075ece205e;[];gw kangen masakan rumah
1471;885;51-100;4129680.0;text;;[];True;False;6d67fceaabf2a799;[];siapa sih yang spread gosip itu ke grup sebelah, tau ga orangnya?
1472;885;1-10;4129691.0;text;;[];False;False;9a7eb1acd749eb01;[];mager
1473;885;11-50;4129694.0;text;;[];True;False;6d67fceaabf2a799;[];lu lagi ngapain sih?
1474;885;11-50;4129703.0;text;;['🤣'];False;False;4e7e80075ece205e;[];film baru di bioskop bagus ga
1475;885;51-100;4129707.0;text;;[];False;False;6d67fceaabf2a799;[];besok ada bazaar di kampus katanya banyak makanan murah, pada ikut ga
1476;885;1-10;4129718.0;text;;[];False;False;9a7eb1acd749eb01;[];noted
1477;885;11-50;4129726.0;text;1474.0;['👑'];False;False;6d67fceaabf2a799;[];kakak gw baru aja nikah
1478;885;1-10;4129727.0;text;;['🤣'];False;False;4e7e80075ece205e;[];yess
1479;885;11-50;4129741.0;text;;[];False;True;4e7e80075ece205e;[];seru banget tadi malem!,,,
1480;885;11-50;4129753.0;text;;[];False;False;9a7eb1acd749eb01;[];adek gw masuk sma tahun ni
1481;885;101-500;4129777.0;text;;[];True;False;6d67fceaabf2a799;[];gw lagi bimbang nih antara mau ikut organisasi kampus atau fokus ke akademik aja. menurut kalian gimana sih, worth it ga sih ikut organisasi? soalnya gw denger banyak yang bilang bisa nambah soft skill tapi di sisi lain waktu buat belajar jadi berkurang kan, gimana pengalaman kalian?
1482;885;1-10;4129789.0;text;;[];False;False;9a7eb1acd749eb01;[];anjay
1483;885;51-100;4129815.0;text;;[];False;False;9a7eb1acd749eb01;[];gw nonton film dokumenter semalam tentang laut dan ikan, bagus bgt
1484;885;51-100;4129846.0;text;;[];False;False;9a7eb1acd749eb01;[];gw nonton film dokumenter semalam tentang laut dan ikan, bagus bgt
1485;885;1-10;4129852.0;text;;[];False;False;6d67fceaabf2a799;[];gila
1486;885;11-50;4129858.0;text;;[];False;False;6d67fceaabf2a799;[];keluarga ngumpul lebaran nanti
1487;885;11-50;4129873.0;text;;[];False;False;6d67fceaabf2a799;[];kakak gw baru aja nikah
1488;885;1-10;4129881.0;text;;[];False;False;9a7eb1acd749eb01;[];anjay
1489;885;1-10;4129911.0;text;;['😂'];False;False;9a7eb1acd749eb01;[];goks
1490;885;11-50;4129914.0;text;;[];False;False;9a7eb1acd749eb01;[];film baru di bioskop bagus ga
1491;885;1-10;4129984.0;text;;['🤣'];False;False;4e7e80075ece205e;[];pasti
1492;885;11-50;4130216.0;text;;[];True;False;6d67fceaabf2a799;[];lu lagi ngapain sih?
1493;885;1-10;4130218.0;text;;[];False;False;9a7eb1acd749eb01;[];woles
1494;885;11-50;4130228.0;text;;[];False;False;9a7eb1acd749eb01;[];nyokap nanya kapan lulus
1495;885;11-50;4130264.0;text;;[];False;False;6d67fceaabf2a799;[];bokap gw lagi di luar kota
1496;885;51-100;4130270.0;text;;[];True;False;6d67fceaabf2a799;[];siapa sih yang spread gosip itu ke grup sebelah, tau ga orangnya?
1497;885;1-10;4130274.0;text;;[];False;False;9a7eb1acd749eb01;[];gini
1498;885;11-50;4130286.0;text;;[];False;False;9a7eb1acd749eb01;[];nyokap nanya kapan lulus
1499;885;51-100;4130300.0;text;;[];False;False;9a7eb1acd749eb01;[];gw nonton film dokumenter semalam tentang laut dan ikan, bagus bgt
1500;885;11-50;4130319.0;text;;[];False;False;9a7eb1acd749eb01;[];kakak gw baru aja nikah
1501;885;11-50;4130333.0;text;;[];False;False;03be63d69a706376;[];gw lagi marathon drakor nih
1502;885;1-10;4130336.0;text;;[];False;False;03be63d69a706376;[];goks
1503;885;11-50;4130340.0;text;;[];False;False;03be63d69a706376;[];adek gw masuk SMA tahun ini
1504;885;1-10;4130342.0;text;;[];False;False;03be63d69a706376;[];yess
1505;885;11-50;4130349.0;text;;[];False;False;9a7eb1acd749eb01;[];bokap gw lg di luar kota
1506;885;1-10;4130357.0;text;;[];False;False;6d67fceaabf2a799;[];gila
1507;885;51-100;4130367.0;text;;[];False;False;6d67fceaabf2a799;[];adek gw mau masuk kuliah tahun depan gw harus bantu cariin info jurusan
1508;885;51-100;4130371.0;text;;[];False;False;9a7eb1acd749eb01;[];besok ad bazaar di kampus katanya banyak makanan murah, pada ikut ga
1509;885;11-50;4130397.0;text;;[];False;False;03be63d69a706376;[];film baru di bioskop bagus ga
1510;885;11-50;4130402.0;text;;[];False;False;03be63d69a706376;[];bokap gw lagi di luar kota
1511;885;11-50;4130409.0;text;;[];False;False;03be63d69a706376;[];kakak gw baru aja... nikah...
1512;885;11-50;4130414.0;text;;[];False;False;03be63d69a706376;[];mama minta gw pulang weekend
1513;885;11-50;4130418.0;text;;[];False;False;03be63d69a706376;[];gw baru aja... ketemu... mantan
1514;885;11-50;4130443.0;text;;[];False;False;6d67fceaabf2a799;[];mama minta gw pulang weekend
1515;885;101-500;4130604.0;text;;['🤣'];False;False;4e7e80075ece205e;[];gw pengen curhat sedikit,,, nih. akhir akhir ini gw ngerasa burnout banget sama rutinitas kuliah yang itu itu aja. bangun,,, pagi, kuliah, tugas, tidur,,,, repeat. kadang gw ngerasa kayak robot yang cuma,,, jalan,,, sesuai program tanpa,,, tau tujuan akhirnya apa.,,, mungkin gw butuh liburan beneran,,, buat,,, refresh otak,,,
1516;885;51-100;4130802.0;text;;[];False;False;9a7eb1acd749eb01;[];adek gw mau masuk kuliah tahun depan gw hrs bantu cariin info jurusan
1517;885;1-10;4130819.0;text;;[];False;False;9a7eb1acd749eb01;[];noted
1518;886;51-100;4140846.0;text;;[];True;False;b347157be063753f;['838a3d0e7e7c7cae'];MENURUT LU GW HARUS AMBIL MATA KULIAH PILIHAN YANG MANA SEMESTER DEPAN?
1519;886;11-50;4141386.0;text;;[];False;False;838a3d0e7e7c7cae;[];gw laper banget nih
1520;886;1-10;4141618.0;text;;['👌', '😘'];False;False;b347157be063753f;[];DONE
1521;886;11-50;4141632.0;text;;[];True;False;b347157be063753f;[];ADA YANG PUNYA CATETAN?
1522;886;1-10;4141636.0;text;;[];False;False;b347157be063753f;[];AMAN
1523;886;51-100;4141671.0;text;;[];False;False;b347157be063753f;[];JANGAN LUPA BESOK KUMPUL DI LOBBY KAMPUS JAM 8 PAGI BUAT BERANGKAT BARENG
1524;886;11-50;4141714.0;text;;[];True;False;9a7eb1acd749eb01;[];boleh gw ikut ga?
1525;887;51-100;4168122.0;text;;[];True;False;03be63d69a706376;[];kira kira kalo gw apply magang sekarang masih... keburu ga ya?
1526;887;11-50;4168129.0;text;;[];False;False;03be63d69a706376;[];gw lagi baca novel baru nih
1527;887;11-50;4171536.0;text;;['🤣'];False;False;4e7e80075ece205e;[];manga terbaru udah keluar loh
1528;888;11-50;4198464.0;text;;['🤣'];False;False;6d67fceaabf2a799;[];gw lagi diet tapi gagal mulu
1529;888;11-50;4208202.0;text;;[];True;False;9a7eb1acd749eb01;[];udah sampe belom?
1530;888;11-50;4208212.0;text;;[];False;False;9a7eb1acd749eb01;[];gw lg diet tp gagal mulu
1531;888;0;4208226.0;video/mp4;;[];False;False;9a7eb1acd749eb01;[];[Video]
1532;888;1-10;4208235.0;text;;[];False;False;9a7eb1acd749eb01;[];gass
1533;888;0;4208236.0;video/mp4;;[];False;False;9a7eb1acd749eb01;[];[Video]
1534;888;11-50;4208236.0;text;;[];False;False;9a7eb1acd749eb01;[];kopi susu yg biasa ya
1535;888;11-50;4208252.0;text;;[];False;False;0a78978cffdec07a;[];gw lg diet tp gagal mulu
1536;888;11-50;4208253.0;text;;[];False;False;0a78978cffdec07a;[];masak sendiri lebih hemat sih
1537;888;11-50;4208254.0;video/mp4;;[];False;False;9a7eb1acd749eb01;[];[Video]
1538;888;1-10;4208266.0;text;;[];False;False;9a7eb1acd749eb01;[];sis
1539;888;11-50;4208280.0;text;;[];False;False;9a7eb1acd749eb01;[];porsi makan gw nambah terus
1540;888;11-50;4208624.0;text;;[];True;False;4e7e80075ece205e;[];itu beneran apa hoax?
1541;888;51-100;4208663.0;text;;[];False;False;9a7eb1acd749eb01;[];dompet gw ilang kemarin di angkot tp alhamdulillah ad yg nemuin
1542;888;11-50;4208679.0;text;;[];True;False;9a7eb1acd749eb01;[];bawa motor apa naik apa?
1543;888;11-50;4208712.0;text;;[];False;False;b347157be063753f;[];SARAPAN DULU BARU MIKIR
1544;888;11-50;4208723.0;text;;[];False;False;4e7e80075ece205e;[];porsi makan gw nambah terus
1545;888;11-50;4208783.0;text;;[];False;False;b347157be063753f;[];NONGKRONG YUK DI KAFE BIASA
1546;888;11-50;4208799.0;text;;[];False;False;4e7e80075ece205e;[];es teh,,, manis satu,,, ya bang
1547;888;51-100;4208826.0;text;;[];False;False;4e7e80075ece205e;[];weekend ini gw,,, mau staycation aja di kosan binge watching series baru
1548;888;11-50;4208837.0;text;;['🤷🏻\u200d♀️'];False;False;4e7e80075ece205e;[];sarapan dulu baru,,, mikir,,,
1549;888;11-50;4208863.0;text;;[];False;False;9a7eb1acd749eb01;[];masak sendiri lebih hemat sih
1550;888;1-10;4208866.0;text;;[];False;False;9a7eb1acd749eb01;[];sip
1551;888;11-50;4208869.0;text;;[];False;False;9a7eb1acd749eb01;[];indomie telor udah cukup kok
1552;888;11-50;4208884.0;text;;['🤣'];False;False;4e7e80075ece205e;[];indomie telor udah cukup kok
1553;888;101-500;4208888.0;text;;[];False;False;c9a30d63a1ee9473;[];kemarinn malem gw sama temenn temen nongkrongg di warkop biasa sampe jammm 12 malem. kita ngobrol banyakkk hallll dari mulai tugas kuliah, rencana liburan, sampe masalahh percintaan. seru sihhhh walau besoknya gw kesiangannn masukk kelassss pagi dannn dosennn negurrr di depan semua orang. maluu tapi ya gimanaaa lagi
1554;888;11-50;4208907.0;text;;[];False;False;c9a30d63a1ee9473;[];gw mau pesen gofood duluuu
1555;888;11-50;4208933.0;text;;[];False;False;4e7e80075ece205e;[];gw mau nyoba restoran baru
1556;888;11-50;4208934.0;text;;[];False;False;6d67fceaabf2a799;[];tadi gw makan nasi padang
1557;888;11-50;4208934.0;text;;[];False;False;6d67fceaabf2a799;[];es teh manis satu ya bang
1558;888;1-10;4208940.0;text;;[];False;False;6d67fceaabf2a799;[];sip
1559;888;11-50;4208942.0;text;;[];False;False;4e7e80075ece205e;[];gw mau pesen gofood,,, dulu
1560;888;1-10;4208957.0;text;1556.0;[];False;False;9a7eb1acd749eb01;[];gass
1561;888;11-50;4208957.0;text;;[];False;False;4e7e80075ece205e;[];kopi susu yg biasa ya
1562;888;11-50;4208965.0;text;;[];False;False;9a7eb1acd749eb01;[];bakso malang tu buka ga ya
1563;888;1-10;4208966.0;text;;['😒'];False;False;4e7e80075ece205e;[];yep
1564;888;1-10;4208977.0;text;;[];False;False;9a7eb1acd749eb01;[];yep
1565;888;11-50;4208978.0;text;;[];False;False;9a7eb1acd749eb01;[];gw mau nyoba restoran baru
1566;888;1-10;4208980.0;text;;[];False;False;4e7e80075ece205e;[];ayok
1567;888;1-10;4208983.0;text;;['😜'];False;False;4e7e80075ece205e;[];sis
1568;888;11-50;4208997.0;text;;[];False;False;4e7e80075ece205e;[];masak sendiri,,, lebih hemat sih
1569;888;11-50;4208999.0;text;;[];False;False;9a7eb1acd749eb01;[];gw mau pesen gofood dulu
1570;888;1-10;4209068.0;text;;[];False;False;c9a30d63a1ee9473;[];ngabb
1571;888;51-100;4209146.0;text;;[];False;False;4e7e80075ece205e;[];tadi di kantin,,, ketemu anak angkatan bawah yang,,, kenal sama temen sma,,, gw
1572;888;11-50;4209149.0;text;;['🤷🏻\u200d♀️'];False;False;4e7e80075ece205e;[];masak sendiri lebih hemat sih
1573;888;11-50;4209247.0;text;;[];False;False;9a7eb1acd749eb01;[];es teh manis satu ya bang
1574;888;1-10;4209250.0;text;;[];False;False;9a7eb1acd749eb01;[];lol
1575;888;51-100;4209266.0;text;;[];False;False;9a7eb1acd749eb01;[];dompet gw ilang kemarin di angkot tp alhamdulillah ad yg nemuin
1576;888;51-100;4209273.0;text;;[];False;False;4e7e80075ece205e;[];gw lagi,,, bingung,,, milih topik skripsi,,, antara dua,,, tema yang sama menariknya,,,
1577;888;51-100;4209307.0;text;;['🤣'];False;False;4e7e80075ece205e;[];tadi di kantin ketemu anak angkatan,,, bawah yang,,, kenal sama temen sma,,, gw
1578;888;1-10;4209455.0;text;;[];False;False;9a7eb1acd749eb01;[];gass
1579;888;11-50;4209458.0;text;;[];False;False;9a7eb1acd749eb01;[];gw mau nyoba restoran baru
1580;888;11-50;4209468.0;text;;[];False;False;9a7eb1acd749eb01;[];tadi gw makan nasi padang
1581;888;11-50;4209473.0;text;;[];False;False;9a7eb1acd749eb01;[];gw lg diet tp gagal mulu
1582;888;51-100;4209487.0;text;;[];False;False;9a7eb1acd749eb01;[];dompet gw ilang kemarin di angkot tp alhamdulillah ad yg nemuin
1583;888;11-50;4209495.0;text;;[];True;False;9a7eb1acd749eb01;[];udah sampe belom?
1584;888;11-50;4209563.0;text;;[];False;False;4e7e80075ece205e;[];gw mau pesen gofood,,, dulu
1585;888;11-50;4209582.0;text;;['😒'];False;False;4e7e80075ece205e;[];nongkrong yuk di kafe biasa
1586;888;11-50;4209607.0;text;;[];False;False;4e7e80075ece205e;[];bakso malang,,, itu buka ga ya,,,
1587;888;1-10;4209694.0;text;;[];False;False;9a7eb1acd749eb01;[];sis
1588;888;51-100;4209709.0;text;;[];False;False;9a7eb1acd749eb01;[];gw lg bingung milih topik skripsi antara dua tema yg sm menariknya
1589;888;101-500;4210027.0;image/jpeg;;['😊'];False;True;32f86839507ea657;[];[Foto]
1590;888;1-10;4210105.0;text;;[];False;False;9a7eb1acd749eb01;[];ayok
1591;888;11-50;4210114.0;text;;[];False;False;9a7eb1acd749eb01;[];porsi makan gw nambah terus
1592;888;11-50;4210163.0;text;;[];False;False;4e7e80075ece205e;[];tadi gw makan nasi padang
1593;888;11-50;4210407.0;text;;[];False;True;6d67fceaabf2a799;[];capek banget hari ini!
1594;888;1-10;4210433.0;text;;[];False;False;6d67fceaabf2a799;[];woy
1595;888;11-50;4210477.0;text;;[];False;False;9a7eb1acd749eb01;[];gw mau nyoba restoran baru
1596;888;1-10;4210489.0;text;;['🤣'];False;False;4e7e80075ece205e;[];woy
1597;888;11-50;4210817.0;text;;[];True;False;6d67fceaabf2a799;[];bayar berapa sih tadi?
1598;888;11-50;4210824.0;text;;[];False;False;6d67fceaabf2a799;[];gw lagi diet tapi gagal mulu
1599;888;0;4210947.0;image/jpeg;;[];False;False;9a7eb1acd749eb01;[];[Foto]
1600;888;0;4210958.0;image/jpeg;;[];False;False;9a7eb1acd749eb01;[];[Foto]
1601;888;11-50;4210971.0;text;;[];False;False;9a7eb1acd749eb01;[];porsi makan gw nambah terus
1602;888;11-50;4210975.0;text;;[];False;False;9a7eb1acd749eb01;[];tadi gw makan nasi padang
1603;888;0;4210989.0;image/jpeg;;[];False;False;9a7eb1acd749eb01;[];[Foto]
1604;888;0;4210994.0;image/jpeg;;[];False;False;9a7eb1acd749eb01;[];[Foto]
1605;888;11-50;4210999.0;text;;[];False;False;9a7eb1acd749eb01;[];gw lg diet tp gagal mulu
1606;888;11-50;4211333.0;text;1604.0;[];True;False;6d67fceaabf2a799;[];itu beneran apa hoax?
1607;888;1-10;4211338.0;text;;[];False;False;9a7eb1acd749eb01;[];ngab
1608;888;0;4211367.0;image/jpeg;;[];False;False;9a7eb1acd749eb01;[];[Foto]
1609;888;101-500;4211457.0;text;;['😂'];False;False;32f86839507ea657;[];kemarin malem gw... sm... temen temen nongkrong di warkop biasa... sampe jam 12 malem. kita ngobrol banyak hal dr mulai... tugas... kuliah, rencana liburan,... sampe masalah percintaan.... seru sih walau besoknya gw kesiangan masuk kelas pagi dan dosen negur di depan smua... orang. malu tp... ya gmn lg
1610;888;1-10;4211532.0;text;;[];False;False;9a7eb1acd749eb01;[];bro
1611;888;11-50;4211613.0;text;1600.0;[];False;False;32f86839507ea657;[];gw mau nyoba restoran baru...
1612;888;1-10;4211624.0;text;;[];False;False;6d67fceaabf2a799;[];gass
1613;888;11-50;4211637.0;text;;[];False;False;6d67fceaabf2a799;[];kopi susu yg biasa ya
1614;888;11-50;4211645.0;text;;[];False;False;6d67fceaabf2a799;[];gw lagi diet tapi gagal mulu
1615;888;11-50;4211655.0;text;;[];False;False;6d67fceaabf2a799;[];indomie telor udah cukup kok
1616;888;11-50;4211668.0;text;;[];False;False;6d67fceaabf2a799;[];tadi gw makan nasi padang
1617;888;51-100;4211679.0;text;;[];False;False;4e7e80075ece205e;[];dompet gw ilang kemarin di angkot tapi alhamdulillah ada,,, yang nemuin
1618;888;1-10;4211691.0;text;;['😂'];False;False;32f86839507ea657;[];woy
1619;888;11-50;4211737.0;text;;[];False;False;4e7e80075ece205e;[];bakso malang itu buka ga ya
1620;888;1-10;4211777.0;text;;[];False;True;32f86839507ea657;[];keren!
1621;888;51-100;4211780.0;text;;['🤷🏻\u200d♀️'];False;False;4e7e80075ece205e;[];gw lagi bingung,,, milih,,, topik skripsi antara dua,,, tema yang sama menariknya,,,
1622;888;1-10;4211888.0;text;;[];True;False;9a7eb1acd749eb01;[];masa?
1623;888;1-10;4211908.0;text;;[];False;False;9a7eb1acd749eb01;[];cuy
1624;888;11-50;4211910.0;text;;[];True;False;9a7eb1acd749eb01;[];udah sampe belom?
1625;888;1-10;4211943.0;text;;['😊'];False;False;32f86839507ea657;[];woy
1626;888;11-50;4212136.0;text;;[];False;False;9a7eb1acd749eb01;[];es teh manis satu ya bang
1627;888;11-50;4213229.0;text;;[];False;False;6d67fceaabf2a799;[];tadi gw makan nasi padang
1628;888;11-50;4213230.0;text;;[];False;False;6d67fceaabf2a799;[];indomie telor udah cukup kok
1629;888;51-100;4213250.0;text;;[];False;False;6d67fceaabf2a799;[];gw lagi bingung milih topik skripsi antara dua tema yang sama menariknya
1630;888;1-10;4213272.0;text;;[];False;False;9a7eb1acd749eb01;[];cuy
1631;888;11-50;4213273.0;text;;[];False;False;9a7eb1acd749eb01;[];gw mau pesen gofood dulu
1632;888;1-10;4213283.0;text;;[];False;False;6d67fceaabf2a799;[];bener
1633;888;11-50;4213286.0;text;;[];False;False;6d67fceaabf2a799;[];tadi gw makan nasi padang
1634;888;11-50;4213288.0;text;;[];False;False;6d67fceaabf2a799;[];gw lagi diet tapi gagal mulu
1635;888;51-100;4213301.0;text;;['🙄'];False;False;6d67fceaabf2a799;[];tadi di kantin ketemu anak angkatan bawah yang kenal sama temen SMA gw
1636;888;1-10;4213451.0;text;;['🤣'];False;False;4e7e80075ece205e;[];sip
1637;888;0;4213644.0;image/jpeg;;[];False;False;9a7eb1acd749eb01;[];[Foto]
1638;888;1-10;4213645.0;text;;[];False;False;9a7eb1acd749eb01;[];gass
1639;888;11-50;4213654.0;text;;[];False;False;6d67fceaabf2a799;[];kopi susu yg biasa ya
1640;888;11-50;4213666.0;text;;['😪'];False;False;6d67fceaabf2a799;[];tadi gw makan nasi padang
1641;888;11-50;4213681.0;text;;[];False;False;9a7eb1acd749eb01;[];gw lg diet tp gagal mulu
1642;888;1-10;4213697.0;text;;[];False;False;9a7eb1acd749eb01;[];sis
1643;888;51-100;4213827.0;text;;['🤭'];False;False;c09442bccf5fc4c4;[];dompet gw ilang kemarin di angkot tapi alhamdulillah ada yang nemuin!!
1644;888;1-10;4213857.0;text;;[];False;False;9a7eb1acd749eb01;[];ngab
1645;888;11-50;4213864.0;text;;[];False;False;9a7eb1acd749eb01;[];indomie telor udah cukup kok
1646;888;1-10;4213888.0;text;;['🤔'];False;False;c09442bccf5fc4c4;[];cuy!!!
1647;888;1-10;4213889.0;text;;[];False;False;c09442bccf5fc4c4;[];cuy!!
1648;888;51-100;4213904.0;text;;[];False;False;c09442bccf5fc4c4;[];weekend ini gw mau staycation aja di kosan binge watching series baru!!
1649;888;101-500;4213961.0;text;;[];False;False;c09442bccf5fc4c4;[];kemarin malem gw sama temen temen nongkrong di warkop biasa sampe jam 12 malem. kita ngobrol banyak hal dari mulai tugas kuliah, rencana liburan, sampe masalah percintaan. seru sih walau besoknya gw kesiangan masuk kelas pagi dan dosen negur di depan semua orang. malu tapi ya gimana lagi!!!
1650;888;11-50;4214650.0;text;;[];False;False;0a78978cffdec07a;[];es teh manis satu ya bang
1651;888;11-50;4214661.0;text;;[];False;False;0a78978cffdec07a;[];porsi makan gw nambah terus
1652;888;11-50;4214666.0;text;;[];False;False;0a78978cffdec07a;[];es teh manis satu ya bang
1653;888;11-50;4214852.0;text;;[];False;False;9a7eb1acd749eb01;[];gw mau pesen gofood dulu
1654;888;11-50;4214865.0;text;;[];False;False;9a7eb1acd749eb01;[];sarapan dulu baru mikir
1655;888;1-10;4215526.0;text;;['🤣'];False;False;b347157be063753f;[];SIP
1656;888;101-500;4215890.0;text;;[];False;False;78b7421aa4387450;[];kemarin malem gw sama temen temen nongkrong di warkoppp biasa sampe jam 12 malem. kita ngobrol banyakkk hallll dari mulai tugas kuliah, rencanaaa liburan, sampe masalah percintaan. seruu sihhh walau besoknya gw kesiangan masukkkk kelassss pagiii dann dosen negur di depannnn semua orang. maluuu tapii ya gimana lagi
1657;888;11-50;4218787.0;text;;[];False;False;9a7eb1acd749eb01;[];masak sendiri lebih hemat sih
1658;888;51-100;4218844.0;text;1657.0;['😂'];False;False;78b7421aa4387450;[];dompet gw ilang kemarin di angkot tapi alhamdulillahh adaaaa yang nemuinn
1659;888;11-50;4218854.0;text;;['😂'];False;False;9a7eb1acd749eb01;[];indomie telor udah cukup kok
1660;888;11-50;4218868.0;text;;[];False;False;9a7eb1acd749eb01;[];gw mau pesen gofood dulu
1661;888;11-50;4218881.0;text;;[];False;False;9a7eb1acd749eb01;[];gw mau pesen gofood dulu
1662;888;1-10;4218886.0;text;;[];False;False;9a7eb1acd749eb01;[];bro
1663;888;11-50;4218895.0;text;;[];False;False;0a78978cffdec07a;[];indomie telor udah cukup kok
1664;888;11-50;4218909.0;text;;[];False;False;0a78978cffdec07a;[];gw mau nyoba restoran baru
1665;888;51-100;4218950.0;text;;['😂'];False;False;78b7421aa4387450;[];gw lagiii bingungggg milih topikkkk skripsi antara dua temaaaa yang sama menariknya
1666;888;11-50;4218972.0;text;;[];False;False;9a7eb1acd749eb01;[];gw lg diet tp gagal mulu
1667;888;11-50;4219009.0;text;;[];False;False;022fd2d8eea8dfdc;[];es teh manis satu ya bang
1668;888;11-50;4219018.0;text;;[];False;False;022fd2d8eea8dfdc;[];masak sendiri lebih hemat sih
1669;888;1-10;4219028.0;text;;[];False;False;9a7eb1acd749eb01;[];sip
1670;888;11-50;4219031.0;text;;[];False;False;022fd2d8eea8dfdc;[];nongkrong yuk di kafe biasa
1671;888;11-50;4219054.0;text;;[];False;False;022fd2d8eea8dfdc;[];sarapan dulu baru mikir
1672;888;11-50;4219066.0;text;1670.0;[];False;False;9a7eb1acd749eb01;[];gw mau nyoba restoran baru
1673;888;11-50;4219071.0;text;;[];True;False;9a7eb1acd749eb01;[];bayar berapa sih tadi?
1674;888;51-100;4219073.0;text;;[];False;False;022fd2d8eea8dfdc;[];gw lagi bingung milih topik skripsi antara dua tema yang sama menariknya
1675;888;11-50;4219089.0;text;;[];False;False;9a7eb1acd749eb01;[];porsi makan gw nambah terus
1676;888;1-10;4219089.0;text;;[];False;False;9a7eb1acd749eb01;[];gass
1677;888;11-50;4219102.0;text;;[];False;False;0a78978cffdec07a;[];gw mau nyoba restoran baru
1678;888;1-10;4219111.0;text;;['😂'];False;False;78b7421aa4387450;[];cuy
1679;888;51-100;4219113.0;text;;[];False;False;9a7eb1acd749eb01;[];gw lg bingung milih topik skripsi antara dua tema yg sm menariknya
1680;888;11-50;4219116.0;text;;[];False;False;0a78978cffdec07a;[];sarapan dulu baru mikir
1681;888;51-100;4219116.0;text;;[];False;False;022fd2d8eea8dfdc;[];tadi di kantin ketemu anak angkatan bawah yang kenal sama temen SMA gw
1682;888;11-50;4219137.0;text;;[];False;False;022fd2d8eea8dfdc;[];sarapan dulu baru mikir
1683;888;11-50;4219164.0;text;;[];False;False;9a7eb1acd749eb01;[];gw mau pesen gofood dulu
1684;888;51-100;4219308.0;text;;[];False;False;022fd2d8eea8dfdc;[];weekend ini gw mau staycation aja di kosan binge watching series baru
1685;888;11-50;4219319.0;text;;[];False;False;022fd2d8eea8dfdc;[];tadi gw makan nasi padang
1686;888;51-100;4219545.0;text;;[];False;False;022fd2d8eea8dfdc;[];dompet gw ilang kemarin di angkot tapi alhamdulillah ada yang nemuin
1687;888;11-50;4219561.0;text;;[];False;False;022fd2d8eea8dfdc;[];nongkrong yuk di kafe biasa
1688;888;51-100;4219562.0;text;;['🐀'];False;False;0a78978cffdec07a;[];dompet gw ialng kemarin di ankgot tp alhamdulillah ad yg nemuin
1689;888;1-10;4219564.0;text;;[];False;False;0a78978cffdec07a;[];ayok
1690;888;11-50;4219565.0;text;;[];False;False;0a78978cffdec07a;[];indomie telor udah ckuup kok
1691;888;11-50;4219627.0;text;;[];False;False;022fd2d8eea8dfdc;[];gw mau pesen gofood dulu
1692;888;0;4219643.0;image/jpeg;;[];False;False;022fd2d8eea8dfdc;[];[Foto]
1693;888;11-50;4219653.0;text;;[];False;False;022fd2d8eea8dfdc;[];masak sendiri lebih hemat sih
1694;888;11-50;4219687.0;text;;[];False;False;9a7eb1acd749eb01;[];indomie telor udah cukup kok
1695;888;11-50;4219694.0;text;;['😔'];False;False;c09442bccf5fc4c4;[];nongkrong yuk di kafe biasa!!
1696;888;1-10;4219697.0;text;;['🤣'];False;False;4e7e80075ece205e;[];woy
1697;888;11-50;4219710.0;text;;[];False;False;c09442bccf5fc4c4;[];sarapan dulu baru mikir!!
1698;888;11-50;4219713.0;text;;[];False;False;4e7e80075ece205e;[];porsi makan gw,,, nambah terus
1699;888;11-50;4219720.0;text;;['🤷🏼\u200d♂'];False;False;c09442bccf5fc4c4;[];gw mau nyoba restoran baru!!
1700;888;11-50;4219757.0;text;;[];False;False;0dae6c83cfb31784;[];gw mau pesen gofood dulu
1701;888;51-100;4219775.0;text;;[];False;False;0dae6c83cfb31784;[];tadi di kantin ketemu anak angkatan bawah yang kenal sama temen sma gw
1702;888;11-50;4219784.0;text;;['🥺'];False;False;9a7eb1acd749eb01;[];kopi susu yg biasa ya
1703;888;11-50;4219848.0;text;;[];False;False;c09442bccf5fc4c4;[];masak sendiri lebih hemat sih!!!
1704;888;11-50;4219861.0;text;;[];False;False;0a78978cffdec07a;[];porsi makan gw nambah terus
1705;888;1-10;4219864.0;text;;['🤣'];False;False;4e7e80075ece205e;[];sis
1706;888;11-50;4219873.0;text;;[];False;False;0a78978cffdec07a;[];nongkrong yuk di kafe biasa
1707;888;11-50;4219888.0;text;;[];False;False;4e7e80075ece205e;[];gw lagi,,, diet tapi gagal mulu
1708;888;51-100;4219911.0;text;;[];True;False;4e7e80075ece205e;[];ada yang,,, tau,,, kenapa kantin kampus tutup lebih awal hari ini ga,,, sih?
1709;888;11-50;4219996.0;text;;['🤷🏻\u200d♀️'];False;False;4e7e80075ece205e;[];indomie telor,,, udah cukup,,, kok
1710;888;11-50;4220006.0;text;;[];False;False;4e7e80075ece205e;[];kopi susu,,, yg biasa,,, ya
1711;888;1-10;4220391.0;text;;[];False;False;9a7eb1acd749eb01;[];sis
1712;888;11-50;4220396.0;text;;[];False;False;9a7eb1acd749eb01;[];gw mau nyoba restoran baru
1713;888;51-100;4220407.0;text;;[];False;False;9a7eb1acd749eb01;[];tadi di kantin ketemu anak angkatan bawah yg kenal sm temen sma gw
1714;888;11-50;4220421.0;text;;[];False;False;9a7eb1acd749eb01;[];masak sendiri lebih hemat sih
1715;888;11-50;4220437.0;text;;[];False;False;022fd2d8eea8dfdc;[];gw mau nyoba restoran baru
1716;888;11-50;4220447.0;text;;[];False;False;022fd2d8eea8dfdc;[];kopi susu yg biasa ya
1717;888;11-50;4220452.0;text;;[];False;False;022fd2d8eea8dfdc;[];tadi gw makan nasi padang
1718;888;11-50;4220523.0;text;;[];False;False;9a7eb1acd749eb01;[];porsi makan gw nambah terus
1719;888;11-50;4220535.0;text;;[];False;False;9a7eb1acd749eb01;[];gw mau nyoba restoran baru
1720;888;1-10;4220546.0;text;;[];False;False;9a7eb1acd749eb01;[];ngab
1721;888;51-100;4220547.0;text;;[];False;False;9a7eb1acd749eb01;[];gw udah download smua materi kuliah tp blm sempat baca sm sekali
1722;888;11-50;4220573.0;text;;[];False;False;9a7eb1acd749eb01;[];sarapan dulu baru mikir
1723;888;51-100;4220621.0;text;;['🤷🏻\u200d♀️'];False;False;4e7e80075ece205e;[];tadi di kantin ketemu anak angkatan bawah yang kenal sama temen sma,,, gw
1724;888;51-100;4220635.0;text;;['🤣'];False;False;4e7e80075ece205e;[];gw lagi bingung milih,,, topik skripsi antara dua tema yang sama menariknya,,,
1725;888;11-50;4220658.0;text;;[];False;False;9a7eb1acd749eb01;[];sarapan dulu baru mikir
1726;888;11-50;4220714.0;text;;['🤫'];False;False;4e7e80075ece205e;[];sarapan dulu baru,,, mikir,,,
1727;888;1-10;4220718.0;text;;['🤣'];False;False;4e7e80075ece205e;[];lol
1728;888;1-10;4220840.0;text;;['🌝'];False;False;9a7eb1acd749eb01;[];sis
1729;888;11-50;4221773.0;text;;[];True;False;022fd2d8eea8dfdc;[];udah sampe belom?
1730;888;11-50;4221808.0;text;;[];False;False;4e7e80075ece205e;[];es teh manis satu ya bang,,,
1731;888;11-50;4221831.0;text;;[];True;False;022fd2d8eea8dfdc;[];udah sampe belom?
1732;888;1-10;4222125.0;text;;['🤣'];False;False;6d67fceaabf2a799;[];yep
1733;888;11-50;4222214.0;image/jpeg;;[];False;False;6d67fceaabf2a799;[];[Foto]
1734;888;11-50;4222376.0;text;;[];False;False;9a7eb1acd749eb01;[];kopi susu yg biasa ya
1735;888;51-100;4222390.0;text;;[];False;False;9a7eb1acd749eb01;[];weekend ni gw mau staycation aja di kosan binge watching series baru
1736;889;101-500;4226346.0;text;;[];True;False;6d67fceaabf2a799;[];eh ada yang punya rekomendasi laptop budget 5 jutaan yang bagus buat kuliah dan ngoding ga? laptop gw yang sekarang udah mulai lemot dan sering ngehang kalo buka banyak tab. pengennya sih yang ringan buat dibawa ke kampus tapi tetep kenceng performanya, ada saran?
1737;889;11-50;4226384.0;text;;[];False;False;03be63d69a706376;[];kita ketemuan dimana aja... deh
1738;889;11-50;4226390.0;text;;[];False;False;03be63d69a706376;[];gw udah di parkiran nih
1739;889;11-50;4226882.0;text;;[];False;False;4e7e80075ece205e;[];gw nyari parkir dulu,,, bentar
1740;889;11-50;4227706.0;text;;[];False;False;9a7eb1acd749eb01;[];jangan lupa bawa duit cash
1741;889;11-50;4227711.0;text;;[];False;False;9a7eb1acd749eb01;[];gw udah di parkiran nih
1742;889;1-10;4227717.0;text;;['🤷🏻\u200d♂️'];False;False;9a7eb1acd749eb01;[];kok
1743;889;11-50;4227872.0;text;;[];True;False;4e7e80075ece205e;[];ada yg mau bareng?
1744;889;11-50;4227953.0;text;;[];False;False;9a7eb1acd749eb01;[];gw nyari parkir dulu bentar
1745;889;11-50;4227965.0;text;;[];False;False;9a7eb1acd749eb01;[];kita ketemuan dmn aja deh
1746;889;11-50;4227973.0;text;;[];False;False;9a7eb1acd749eb01;[];lu dmn sih lama bgt
1747;890;0;4234864.0;video/mp4;;[];False;False;71ba6dde40f8d131;[];[Video]
1748;890;11-50;4235186.0;text;;[];False;False;9a7eb1acd749eb01;[];gw baru ganti nomor btw
1749;890;1-10;4235195.0;text;;[];False;False;9a7eb1acd749eb01;[];ah
1750;890;1-10;4235230.0;text;;['😂'];False;False;71ba6dde40f8d131;[];eh
1751;890;11-50;4235240.0;text;;[];False;False;71ba6dde40f8d131;[];dompet gw ketinggalan di rumah
1752;890;11-50;4235259.0;text;;[];False;False;0a78978cffdec07a;[];hujan deres ga bawa payung
1753;890;1-10;4235263.0;text;;[];False;False;0a78978cffdec07a;[];gassss
1754;890;11-50;4235265.0;text;;[];False;False;0a78978cffdec07a;[];bentar ya gw lg di jalna
1755;890;1-10;4235281.0;text;;[];False;False;9a7eb1acd749eb01;[];oh
1756;890;1-10;4235286.0;text;;['😂'];False;False;9a7eb1acd749eb01;[];eh
1757;890;11-50;4235387.0;text;;[];False;False;022fd2d8eea8dfdc;[];ntar gw kabarin lagi deh
1758;890;1-10;4235841.0;text;;['😂'];False;False;03be63d69a706376;[];okey
1759;890;51-100;4237366.0;text;;[];False;False;4e7e80075ece205e;[];gw seneng,,, banget akhirnya bisa ketemu temen temen,,, lama setelah lama ga
1760;890;11-50;4237544.0;text;;[];True;False;ce58621891f7e7f2;[];besok libur bukan sih?
1761;890;11-50;4238318.0;text;;['🤣'];False;False;6d67fceaabf2a799;[];dompet gw ketinggalan di rumah
1762;890;11-50;4238337.0;text;;['🤣'];False;False;6d67fceaabf2a799;[];wifi kampus lemot parah
1763;890;1-10;4238349.0;text;;['😪'];False;False;6d67fceaabf2a799;[];yess
1764;891;11-50;4385121.0;text;;[];True;False;6d67fceaabf2a799;[];bawa motor apa naik apa?
1765;891;0;4385152.0;unknown;;[];False;False;b347157be063753f;[];[Media tidak dikenal]
1766;891;11-50;4385160.0;text;;[];True;False;b347157be063753f;[];UDAH SAMPE BELOM?
1767;891;0;4385171.0;unknown;;[];False;False;b347157be063753f;[];[Media tidak dikenal]
1768;891;11-50;4385180.0;text;;[];False;False;b347157be063753f;[];GW MAU NYOBA RESTORAN BARU
1769;891;11-50;4385510.0;text;;[];False;False;6d67fceaabf2a799;[];indomie telor udah cukup kok
1770;891;11-50;4385550.0;text;;['😅'];True;False;6d67fceaabf2a799;[];bayar berapa sih tadi?
1771;891;11-50;4385855.0;text;;['😤'];False;False;6d67fceaabf2a799;[];indomie telor udah cukup kok
1772;891;51-100;4386383.0;text;;[];False;False;b347157be063753f;[];DOMPET GW ILANG KEMARIN DI ANGKOT TAPI ALHAMDULILLAH ADA YANG NEMUIN
1773;891;0;4386407.0;video/mp4;;[];False;False;b347157be063753f;[];[Video]
1774;891;1-10;4386490.0;text;;[];False;False;6d67fceaabf2a799;[];sis
1775;891;11-50;4387154.0;text;;[];True;False;9a7eb1acd749eb01;[];bayar berapa sih tadi?
1776;891;11-50;4387185.0;text;;[];False;False;6d67fceaabf2a799;[];gw mau pesen gofood dulu
1777;891;11-50;4387190.0;text;;[];False;False;6d67fceaabf2a799;[];kopi susu yg biasa ya
1778;891;11-50;4387191.0;text;;[];False;False;6d67fceaabf2a799;[];gw lagi diet tapi gagal mulu
1779;891;11-50;4387208.0;text;;['👌'];False;False;6d67fceaabf2a799;[];porsi makan gw nambah terus
1780;891;0;4387231.0;image/jpeg;;[];False;False;6d67fceaabf2a799;[];[Foto]
1781;891;0;4388145.0;image/jpeg;;[];False;False;9a7eb1acd749eb01;[];[Foto]
1782;891;11-50;4388157.0;text;;[];False;False;9a7eb1acd749eb01;[];nongkrong yuk di kafe biasa
1783;891;11-50;4388166.0;text;;[];False;False;9a7eb1acd749eb01;[];gw mau nyoba restoran baru
1784;891;1-10;4388192.0;text;;[];True;False;6d67fceaabf2a799;[];masa?
1785;891;11-50;4388193.0;text;;[];False;False;6d67fceaabf2a799;[];masak sendiri lebih hemat sih
1786;891;1-10;4388354.0;text;;[];False;False;0a78978cffdec07a;[];lol
1787;891;1-10;4388356.0;text;;[];False;False;0a78978cffdec07a;[];ngba
1788;891;11-50;4388361.0;text;;[];False;False;0a78978cffdec07a;[];gw mau peesn gofood dulu
1789;891;11-50;4388365.0;text;;[];False;False;0a78978cffdec07a;[];gw lg diet tp gagal mulu
1790;891;11-50;4388370.0;text;;[];False;False;0a78978cffdec07a;[];gw mau pesen gofood dulu
1791;891;11-50;4391751.0;text;;[];False;True;6d67fceaabf2a799;[];capek banget hari ini!
1792;892;11-50;4395833.0;text;;[];False;False;9a7eb1acd749eb01;[];gw mau ambil cuti semester
1793;892;11-50;4395928.0;text;;[];True;False;022fd2d8eea8dfdc;[];boleh gw ikut ga?
1794;892;1-10;4396162.0;text;;['😆'];False;False;0a78978cffdec07a;[];hmm
1795;893;1-10;4468708.0;text;;[];False;False;9a7eb1acd749eb01;[];amin
1796;893;11-50;4468721.0;text;;[];True;False;9a7eb1acd749eb01;[];pinjam catetan boleh ga?
1797;893;1-10;4469912.0;text;;[];False;False;4037c32290ea62de;[];dong
1798;893;11-50;4469926.0;text;;[];False;False;4037c32290ea62de;[];reuni kapan ya kita
1799;893;51-100;4470165.0;text;;['🤭'];False;False;c09442bccf5fc4c4;[];gw baru aja dapet kabar kalo temen kita diterima kerja di luar negeri!!!
1800;893;11-50;4470211.0;text;;[];False;False;c09442bccf5fc4c4;[];gw kangen temen temen SMA!!!
1801;893;11-50;4470239.0;text;;[];True;False;c09442bccf5fc4c4;[];kos lu dimana sih tepatnya!!
1802;893;51-100;4470292.0;text;;[];False;False;c09442bccf5fc4c4;[];gw baru aja dapet kabar kalo temen kita diterima kerja di luar negeri!!!
1803;893;11-50;4470345.0;text;;[];False;False;c09442bccf5fc4c4;[];jangan bilang siapa siapa ya!!
1804;893;1-10;4470463.0;image/jpeg;;[];False;False;c09442bccf5fc4c4;[];[Foto]
1805;893;11-50;4470505.0;image/jpeg;;[];False;False;c09442bccf5fc4c4;[];[Foto]
1806;893;11-50;4470560.0;text;;[];False;False;c09442bccf5fc4c4;[];eh denger gosip belum!!
1807;893;11-50;4470587.0;text;;[];False;False;0a78978cffdec07a;[];temen gw skait mausk rs
1808;893;1-10;4470591.0;text;;[];False;False;0a78978cffdec07a;[];males
1809;893;11-50;4470596.0;text;;[];False;False;0a78978cffdec07a;[];eh degner gosip blm
1810;893;101-500;4470599.0;text;;['🤷🏼\u200d♂'];False;False;c09442bccf5fc4c4;[];hari ini gw iseng nyoba bikin kopi pake metode V60 yang lagi hype di kalangan anak anak kampus. beli alatnya lumayan mahal sih tapi hasilnya emang beda dari kopi sachet biasa. kopinya lebih smooth dan ga terlalu pahit. kayaknya gw bakal ketagihan nih bikin kopi sendiri tiap pagi sebelum ke kampus!!
1811;893;11-50;4470627.0;text;1808.0;[];False;False;c09442bccf5fc4c4;[];reuni kapan ya kita!!
1812;893;11-50;4470637.0;text;;[];False;False;0a78978cffdec07a;[];temnein gw dong besok
1813;893;11-50;4470642.0;text;;[];False;False;0a78978cffdec07a;[];temenin gw dong beosk
1814;893;11-50;4470645.0;text;;[];False;False;0a78978cffdec07a;[];jangan bilang siapa siapa ya
1815;893;11-50;4470653.0;text;;[];False;False;0a78978cffdec07a;[];angkot ke sana msh ad ga
1816;893;11-50;4470662.0;text;;[];False;False;0a78978cffdec07a;[];temen gw sakit masuk rs
1817;893;1-10;4470662.0;text;;[];False;False;0a78978cffdec07a;[];dogn
1818;893;101-500;4470680.0;text;;[];False;False;c09442bccf5fc4c4;[];hari ini gw iseng nyoba bikin kopi pake metode V60 yang lagi hype di kalangan anak anak kampus. beli alatnya lumayan mahal sih tapi hasilnya emang beda dari kopi sachet biasa. kopinya lebih smooth dan ga terlalu pahit. kayaknya gw bakal ketagihan nih bikin kopi sendiri tiap pagi sebelum ke kampus!!
1819;893;11-50;4470697.0;text;;['🤣'];False;False;c09442bccf5fc4c4;[];gw berantem sama si anu!!
1820;893;1-10;4470706.0;text;1808.0;[];False;False;6d67fceaabf2a799;[];sama
1821;893;1-10;4470715.0;text;;[];False;False;6d67fceaabf2a799;[];wkwkw
1822;893;51-100;4470719.0;text;;[];False;False;6d67fceaabf2a799;[];gw baru aja dapet kabar kalo temen kita diterima kerja di luar negeri
1823;893;11-50;4470745.0;text;;[];False;False;6d67fceaabf2a799;[];temen gw sakit masuk RS
1824;893;11-50;4470768.0;text;;[];False;False;0a78978cffdec07a;[];pacarnya baru siapa sih
1825;893;11-50;4470769.0;text;;[];False;False;0a78978cffdec07a;[];gw ga percaya sih gosipnya
1826;893;11-50;4470770.0;text;;[];False;False;0a78978cffdec07a;[];eh denger goisp blm
1827;893;51-100;4470867.0;text;;[];False;False;9a7eb1acd749eb01;[];gw pengen bgt liburan ke pantai tp duit lg tipis bgt skrg
1828;893;11-50;4470870.0;text;;[];False;False;9a7eb1acd749eb01;[];gw ga percaya sih gosipnya
1829;893;11-50;4470884.0;text;;[];False;False;9a7eb1acd749eb01;[];gw ga percaya sih gosipnya
1830;893;11-50;4470970.0;text;;[];False;False;4037c32290ea62de;[];gw ga percaya sih gosipnya
1831;893;101-500;4470995.0;text;;[];True;False;4037c32290ea62de;[];menurut kalian kenapa ya generasi kita tuh kayaknya lebih gampang stres dan burnout dibanding generasi orang tua kita dulu? apa karena tekanan sosmed atau emang tuntutan hidup yang makin tinggi ya? gw penasaran aja sih soalnya temen temen gw banyak yang ngeluh hal yang sama
1832;893;11-50;4471000.0;text;;[];False;False;4037c32290ea62de;[];eh denger gosip belum
1833;893;101-500;4471388.0;text;1826.0;[];False;False;c09442bccf5fc4c4;[];hari ini gw iseng nyoba bikin kopi pake metode V60 yang lagi hype di kalangan anak anak kampus. beli alatnya lumayan mahal sih tapi hasilnya emang beda dari kopi sachet biasa. kopinya lebih smooth dan ga terlalu pahit. kayaknya gw bakal ketagihan nih bikin kopi sendiri tiap pagi sebelum ke kampus!!
1834;893;101-500;4471449.0;text;;[];False;False;c09442bccf5fc4c4;[];hari ini gw iseng nyoba bikin kopi pake metode V60 yang lagi hype di kalangan anak anak kampus. beli alatnya lumayan mahal sih tapi hasilnya emang beda dari kopi sachet biasa. kopinya lebih smooth dan ga terlalu pahit. kayaknya gw bakal ketagihan nih bikin kopi sendiri tiap pagi sebelum ke kampus!!
1835;893;11-50;4471824.0;text;1826.0;[];False;False;6d67fceaabf2a799;[];gw ga percaya sih gosipnya
1836;893;101-500;4471854.0;text;;[];False;False;6d67fceaabf2a799;[];hari ini gw iseng nyoba bikin kopi pake metode V60 yang lagi hype di kalangan anak anak kampus. beli alatnya lumayan mahal sih tapi hasilnya emang beda dari kopi sachet biasa. kopinya lebih smooth dan ga terlalu pahit. kayaknya gw bakal ketagihan nih bikin kopi sendiri tiap pagi sebelum ke kampus
1837;893;11-50;4472073.0;text;;[];True;False;c09442bccf5fc4c4;[];jadwal sidang kapan bro!!!
1838;893;11-50;4472095.0;text;;['🙄'];False;False;6d67fceaabf2a799;[];temen gw sakit masuk RS
1839;893;51-100;4472108.0;text;;['😂'];False;False;c09442bccf5fc4c4;[];gw pengen banget liburan ke pantai tapi duit lagi tipis banget sekarang!!
1840;893;101-500;4472117.0;text;;[];False;False;6d67fceaabf2a799;[];hari ini gw iseng nyoba bikin kopi pake metode V60 yang lagi hype di kalangan anak anak kampus. beli alatnya lumayan mahal sih tapi hasilnya emang beda dari kopi sachet biasa. kopinya lebih smooth dan ga terlalu pahit. kayaknya gw bakal ketagihan nih bikin kopi sendiri tiap pagi sebelum ke kampus
1841;893;51-100;4472135.0;text;;[];False;False;6d67fceaabf2a799;[];gw pengen banget liburan ke pantai tapi duit lagi tipis banget sekarang
1842;893;11-50;4472140.0;text;;[];True;False;9a7eb1acd749eb01;[];kapan terakhir kali ketemu?
1843;893;101-500;4472161.0;text;;[];False;False;6d67fceaabf2a799;[];hari ini gw iseng nyoba bikin kopi pake metode V60 yang lagi hype di kalangan anak anak kampus. beli alatnya lumayan mahal sih tapi hasilnya emang beda dari kopi sachet biasa. kopinya lebih smooth dan ga terlalu pahit. kayaknya gw bakal ketagihan nih bikin kopi sendiri tiap pagi sebelum ke kampus
1844;893;51-100;4472176.0;text;;[];False;False;6d67fceaabf2a799;[];gw baru aja dapet kabar kalo temen kita diterima kerja di luar negeri
1845;893;51-100;4472195.0;text;;[];False;False;6d67fceaabf2a799;[];hari ini gw ada rapat organisasi sampe sore jadi ga bisa ikut nongkrong
1846;893;101-500;4472209.0;text;;[];False;False;6d67fceaabf2a799;[];hari ini gw iseng nyoba bikin kopi pake metode V60 yang lagi hype di kalangan anak anak kampus. beli alatnya lumayan mahal sih tapi hasilnya emang beda dari kopi sachet biasa. kopinya lebih smooth dan ga terlalu pahit. kayaknya gw bakal ketagihan nih bikin kopi sendiri tiap pagi sebelum ke kampus
1847;893;11-50;4472209.0;text;;[];False;False;6d67fceaabf2a799;[];si itu udah putus katanya
1848;893;11-50;4472397.0;text;;[];False;False;0a78978cffdec07a;[];eh degner goisp blm
1849;893;11-50;4472398.0;text;;[];False;False;0a78978cffdec07a;[];agnkot ke sana msh ad ga
1850;893;1-10;4472507.0;text;;[];False;False;9a7eb1acd749eb01;[];sm
1851;893;51-100;4473426.0;text;;[];True;False;6d67fceaabf2a799;[];lu pernah coba belajar bareng di perpus kota ga, enak ga disana?
1852;893;51-100;4473442.0;text;;[];False;False;6d67fceaabf2a799;[];wifi kosan gw lemot banget jadi gw ke perpus aja buat ngerjain tugas
1853;893;51-100;4473462.0;text;;[];False;False;6d67fceaabf2a799;[];wifi kosan gw lemot banget jadi gw ke perpus aja buat ngerjain tugas
1854;893;11-50;4473465.0;text;;[];False;False;6d67fceaabf2a799;[];eh denger gosip belum
1855;893;11-50;4473468.0;text;;[];False;False;6d67fceaabf2a799;[];eh denger gosip belum
1856;893;1-10;4473475.0;text;;[];False;False;0a78978cffdec07a;[];setuju
1857;893;11-50;4473482.0;text;;[];False;False;0a78978cffdec07a;[];pacarnay baru siapa sih
1858;893;11-50;4473488.0;text;;[];False;False;6d67fceaabf2a799;[];temen gw sakit masuk RS
1859;893;11-50;4473491.0;text;;[];False;False;0a78978cffdec07a;[];pacarnya baur siapa sih
1860;893;11-50;4473496.0;text;;[];False;False;6d67fceaabf2a799;[];si itu udah putus katanya
1861;893;11-50;4473502.0;text;;[];False;False;0a78978cffdec07a;[];temen gw sakit masuk rs
1862;893;11-50;4473511.0;image/jpeg;;[];False;False;c09442bccf5fc4c4;[];[Foto]
1863;893;51-100;4473511.0;text;;[];False;False;6d67fceaabf2a799;[];hari ini gw ada rapat organisasi sampe sore jadi ga bisa ikut nongkrong
1864;893;11-50;4473517.0;text;;[];False;False;0a78978cffdec07a;[];si tu udah putus katanya
1865;893;1-10;4473518.0;text;;[];False;False;0a78978cffdec07a;[];amin
1866;893;11-50;4473531.0;text;;[];False;False;0a78978cffdec07a;[];gw ga percaya sih gosipnya
1867;893;51-100;4473591.0;text;1866.0;['🤷🏼\u200d♂'];False;False;c09442bccf5fc4c4;[];lu harus coba kedai kopi baru di jalan belakang kampus, enak banget!!
1868;893;51-100;4473619.0;text;;['🤣'];True;False;c09442bccf5fc4c4;[];lu pernah coba belajar bareng di perpus kota ga, enak ga disana!!!
1869;893;1-10;4473627.0;text;;[];False;False;0a78978cffdec07a;[];trus
1870;893;11-50;4473731.0;text;;[];False;False;0a78978cffdec07a;[];diem diem ternyata jadian
1871;893;11-50;4473744.0;text;;[];False;False;0a78978cffdec07a;[];angokt ke sana msh ad ga
1872;893;11-50;4473983.0;text;;[];False;False;03be63d69a706376;[];eh denger gosip belum
1873;893;11-50;4473986.0;text;;['😂'];False;False;03be63d69a706376;[];reuni kapan ya... kita
1874;893;11-50;4474011.0;text;;[];False;False;0a78978cffdec07a;[];si tu uadh putus katanya
1875;893;1-10;4474018.0;text;;[];False;True;03be63d69a706376;[];sabi!
1876;893;1-10;4474023.0;text;;['🤦\u200d♂️', '😂'];False;False;03be63d69a706376;[];amin
1877;893;1-10;4474298.0;text;;[];False;False;0a78978cffdec07a;[];amin
1878;893;1-10;4474303.0;text;;[];False;False;0a78978cffdec07a;[];setuju
1879;893;11-50;4474303.0;text;;[];False;False;0a78978cffdec07a;[];temen gw sakit mausk rs
1880;893;51-100;4474329.0;text;;[];False;False;0a78978cffdec07a;[];hari ni gw ad rapat organisasi sampe sore jadi ga bs ikut nonkgrong
1881;893;11-50;4474330.0;text;;[];False;False;0a78978cffdec07a;[];reuni kapan ya kita
1882;893;1-10;4474340.0;text;;['😤'];False;False;0a78978cffdec07a;[];hihi
1883;893;51-100;4474372.0;text;;[];False;False;4037c32290ea62de;[];hari ini gw ada rapat organisasi sampe sore jadi ga bisa ikut nongkrong
1884;893;11-50;4474386.0;text;;[];False;False;4037c32290ea62de;[];gw kangen temen temen sma
1885;893;11-50;4474605.0;text;;[];False;False;6d67fceaabf2a799;[];temenin gw dong besok
1886;893;101-500;4474626.0;text;;[];False;False;6d67fceaabf2a799;[];hari ini gw iseng nyoba bikin kopi pake metode V60 yang lagi hype di kalangan anak anak kampus. beli alatnya lumayan mahal sih tapi hasilnya emang beda dari kopi sachet biasa. kopinya lebih smooth dan ga terlalu pahit. kayaknya gw bakal ketagihan nih bikin kopi sendiri tiap pagi sebelum ke kampus
1887;893;101-500;4474649.0;text;;[];False;False;6d67fceaabf2a799;[];hari ini gw iseng nyoba bikin kopi pake metode V60 yang lagi hype di kalangan anak anak kampus. beli alatnya lumayan mahal sih tapi hasilnya emang beda dari kopi sachet biasa. kopinya lebih smooth dan ga terlalu pahit. kayaknya gw bakal ketagihan nih bikin kopi sendiri tiap pagi sebelum ke kampus
1888;893;51-100;4474671.0;text;;[];False;False;6d67fceaabf2a799;[];wifi kosan gw lemot banget jadi gw ke perpus aja buat ngerjain tugas
1889;893;11-50;4474685.0;text;;[];False;False;6d67fceaabf2a799;[];temenin gw dong besok
1890;893;1-10;4474702.0;text;;[];False;False;6d67fceaabf2a799;[];udah
1891;893;101-500;4474704.0;text;;[];False;False;6d67fceaabf2a799;[];hari ini gw iseng nyoba bikin kopi pake metode V60 yang lagi hype di kalangan anak anak kampus. beli alatnya lumayan mahal sih tapi hasilnya emang beda dari kopi sachet biasa. kopinya lebih smooth dan ga terlalu pahit. kayaknya gw bakal ketagihan nih bikin kopi sendiri tiap pagi sebelum ke kampus
1892;894;0;4476202.0;image/jpeg;;[];False;False;6d67fceaabf2a799;[];[Foto]
1893;894;51-100;4476215.0;text;;['🤔'];False;False;6d67fceaabf2a799;[];adek gw mau masuk kuliah tahun depan gw harus bantu cariin info jurusan
1894;894;11-50;4476221.0;text;;[];False;False;6d67fceaabf2a799;[];film baru di bioskop bagus ga
1895;894;11-50;4476238.0;text;;[];False;False;6d67fceaabf2a799;[];gw lagi marathon drakor nih
1896;894;51-100;4476294.0;text;;[];False;False;6d67fceaabf2a799;[];adek gw mau masuk kuliah tahun depan gw harus bantu cariin info jurusan
1897;894;11-50;4476302.0;text;;[];False;False;6d67fceaabf2a799;[];film baru di bioskop bagus ga
1898;894;11-50;4476326.0;text;;[];False;False;9a7eb1acd749eb01;[];film baru di bioskop bagus ga
1899;894;11-50;4476338.0;text;;[];False;False;6d67fceaabf2a799;[];kakak gw baru aja nikah
1900;894;51-100;4476349.0;text;;[];False;False;6d67fceaabf2a799;[];adek gw mau masuk kuliah tahun depan gw harus bantu cariin info jurusan
1901;894;0;4476401.0;image/jpeg;1900.0;[];False;False;9a7eb1acd749eb01;[];[Foto]
1902;894;1-10;4476401.0;text;;[];False;False;9a7eb1acd749eb01;[];noted
1903;894;11-50;4476413.0;text;;[];False;False;9a7eb1acd749eb01;[];gw baru aja ketemu mantan
1904;894;11-50;4476420.0;text;;[];False;False;9a7eb1acd749eb01;[];duit bulanan blm dikirim
1905;894;51-100;4476424.0;text;;[];False;False;6d67fceaabf2a799;[];besok ada bazaar di kampus katanya banyak makanan murah, pada ikut ga
1906;894;11-50;4476451.0;text;;[];False;False;9a7eb1acd749eb01;[];playlist lo yg mana sih
1907;894;1-10;4477205.0;text;;['🤣'];False;False;4e7e80075ece205e;[];gitu
1908;895;0;4481874.0;image/jpeg;;[];False;False;78f9e551034cee58;[];[Foto]
1909;895;0;4482153.0;unknown;;[];False;False;9a7eb1acd749eb01;[];[Media tidak dikenal]
1910;895;11-50;4482173.0;text;;[];False;False;9a7eb1acd749eb01;[];si tu udah putus katanya
1911;896;11-50;4553375.0;text;;[];True;False;9a7eb1acd749eb01;[];udah sampe belom?
1912;896;51-100;4553395.0;text;;[];True;False;9a7eb1acd749eb01;[];ad yg tau knp kantin kampus tutup lebih awal hari ni ga sih?
1913;896;51-100;4553518.0;text;;[];False;False;4e7e80075ece205e;[];gw lagi bingung milih topik skripsi antara dua,,, tema yang,,, sama menariknya,,,
1914;896;1-10;4553656.0;text;;[];False;False;9a7eb1acd749eb01;[];sis
1915;896;11-50;4553657.0;text;;[];False;False;9a7eb1acd749eb01;[];porsi makan gw nambah terus
1916;896;51-100;4554463.0;text;1912.0;[];False;False;6d67fceaabf2a799;[];tadi di kantin ketemu anak angkatan bawah yang kenal sama temen SMA gw
1917;896;1-10;4554520.0;text;;[];False;False;9a7eb1acd749eb01;[];yep
1918;896;51-100;4554532.0;text;;[];False;False;9a7eb1acd749eb01;[];gw udah download smua materi kuliah tp blm sempat baca sm sekali
1919;896;51-100;4554753.0;text;;['🤣'];False;False;838a3d0e7e7c7cae;[];weekendd inii gw mau staycationnnn aja di kosannnn binge watchingg seriesss baru
1920;896;11-50;4554766.0;text;;[];False;False;838a3d0e7e7c7cae;[];porsiii makan gw nambah terussss
1921;896;1-10;4554773.0;text;;[];False;False;9a7eb1acd749eb01;[];ngab
1922;896;11-50;4554785.0;text;;[];False;False;9a7eb1acd749eb01;[];gw mau pesen gofood dulu
1923;896;51-100;4554792.0;text;;[];False;False;9a7eb1acd749eb01;[];weekend ni gw mau staycation aja di kosan binge watching series baru
1924;896;11-50;4554994.0;text;;[];False;False;838a3d0e7e7c7cae;[];masak sendiriii lebihhh hemat sihhhh
1925;896;11-50;4555592.0;text;;[];True;False;9a7eb1acd749eb01;[];tu beneran apa hoax?
1926;896;11-50;4557805.0;text;;[];False;False;6d67fceaabf2a799;[];nongkrong yuk di kafe biasa
1927;896;101-500;4557825.0;text;;[];False;False;6d67fceaabf2a799;[];kemarin malem gw sama temen temen nongkrong di warkop biasa sampe jam 12 malem. kita ngobrol banyak hal dari mulai tugas kuliah, rencana liburan, sampe masalah percintaan. seru sih walau besoknya gw kesiangan masuk kelas pagi dan dosen negur di depan semua orang. malu tapi ya gimana lagi
1928;897;1-10;4568074.0;text;;[];False;False;4037c32290ea62de;[];deh
1929;897;1-10;4568082.0;text;1912.0;[];False;False;4037c32290ea62de;[];emm
1930;897;1-10;4568116.0;text;;[];True;False;838a3d0e7e7c7cae;[];ikut?
1931;897;51-100;4568116.0;text;;[];False;False;4037c32290ea62de;[];gw lagi nyoba masak rendang resep nyokap tapi kayaknya gagal total deh
1932;897;1-10;4568126.0;text;;['🤣'];False;False;838a3d0e7e7c7cae;[];emm
1933;897;51-100;4568133.0;text;;[];False;False;4037c32290ea62de;[];kemarin malem gw begadang nonton bola sampe subuh terus ketiduran
1934;897;51-100;4568153.0;text;;[];False;False;4037c32290ea62de;[];motor gw mogok di tengah jalan tadi pagi jadi gw telat masuk kelas
1935;897;11-50;4570527.0;text;;[];True;False;9a7eb1acd749eb01;[];nilai keluar kapan ya?
1936;897;11-50;4570567.0;text;;[];False;False;4037c32290ea62de;[];gw nyari parkir dulu bentar
1937;897;1-10;4570617.0;text;;[];False;False;9a7eb1acd749eb01;[];hoo
1938;897;11-50;4570625.0;text;;[];True;False;9a7eb1acd749eb01;[];nilai keluar kapan ya?
1939;897;11-50;4570628.0;text;;[];False;False;9a7eb1acd749eb01;[];gw naik ojol aja deh
1940;897;1-10;4570862.0;text;;[];False;False;4037c32290ea62de;[];mah
1941;897;11-50;4570867.0;text;;[];False;False;4037c32290ea62de;[];kita ketemuan dimana aja deh
1942;897;1-10;4571462.0;text;;[];False;False;9a7eb1acd749eb01;[];hoo
1943;898;11-50;4752447.0;text;;['🤷🏼\u200d♂'];True;False;c09442bccf5fc4c4;[];tadi ngomong apa sih dosennya!!!
1944;898;0;4752452.0;image/jpeg;;[];False;False;c09442bccf5fc4c4;[];[Foto]
1945;898;1-10;4752471.0;text;;[];True;False;9a7eb1acd749eb01;[];jd?
1946;898;11-50;4752474.0;text;;[];True;False;9a7eb1acd749eb01;[];msh bangun ga lu jam segini?
1947;898;1-10;4752495.0;text;;[];False;False;838a3d0e7e7c7cae;[];fyi
1948;898;1-10;4755815.0;text;;['🤣'];False;False;6d67fceaabf2a799;[];fyi
1949;899;11-50;4817487.0;text;;[];False;False;c09442bccf5fc4c4;[];hp gw lowbat nih!!
1950;899;101-500;4817555.0;text;;['😂'];False;False;c09442bccf5fc4c4;[];gw baru selesai nonton dokumenter tentang kehidupan nelayan di pesisir utara Jawa. sedih banget liat perjuangan mereka yang harus melaut berhari hari cuma buat dapet ikan yang harganya ga seberapa di pasar. bikin gw makin bersyukur sih sama kehidupan gw sekarang walau kadang ngeluh juga!!!
1951;899;51-100;4817590.0;text;;[];True;False;c09442bccf5fc4c4;[];kapan ya terakhir kali kita semua ngumpul lengkap kayak dulu!!!
1952;899;101-500;4817634.0;text;;[];False;False;c09442bccf5fc4c4;[];gw baru selesai nonton dokumenter tentang kehidupan nelayan di pesisir utara Jawa. sedih banget liat perjuangan mereka yang harus melaut berhari hari cuma buat dapet ikan yang harganya ga seberapa di pasar. bikin gw makin bersyukur sih sama kehidupan gw sekarang walau kadang ngeluh juga!!!
1953;899;51-100;4817660.0;text;;['🤦🏼\u200d♂️'];False;False;c09442bccf5fc4c4;[];tadi gw antri di administrasi kampus 2 jam cuma buat ngurus surat!!
1954;899;11-50;4818217.0;text;;[];False;False;838a3d0e7e7c7cae;[];cuaca hari ini panas bangett
1955;899;51-100;4818220.0;text;;[];False;False;838a3d0e7e7c7cae;[];tadi gw antri di administrasi kampus 2 jamm cuma buatt ngurus surat
1956;899;101-500;4818220.0;text;;[];False;False;838a3d0e7e7c7cae;[];kemarin gw ikuttt kegiatan baktii sosiallll yang diadainnn samaa bem fakultas. kita ke panti asuhannn di pinggiran kota buat ngajarrr anakkkk anakkkk dannnn bagi bagi sembako. seru banget sihh dannn bikinnnn hati adem. anakk anaknya lucu lucu dan semangattt banget belajarrrr walau fasilitas merekaaa terbatas. jadi pengennnn rutinnnn kesanaa
1957;899;101-500;4818271.0;text;;[];False;False;838a3d0e7e7c7cae;[];gw baruuu selesai nonton dokumenter tentang kehidupan nelayannn di pesisir utaraaaa jawa. sedihhhh bangett liatttt perjuangan mereka yang harus melauttt berhari hariiii cuma buat dapet ikannnn yanggg harganyaaa ga seberapa di pasar. bikin gw makin bersyukurrr sih sama kehidupan gw sekaranggg walau kadang ngeluh juga
1958;899;11-50;4818479.0;text;1951.0;[];False;False;9a7eb1acd749eb01;[];ntar gw kabarin lg deh
1959;899;51-100;4818495.0;text;;[];False;False;9a7eb1acd749eb01;[];gw seneng bgt akhirnya bs ketemu temen temen lama setelah lama ga
1960;899;11-50;4818516.0;text;;[];False;False;9a7eb1acd749eb01;[];gw lg sibuk bgt minggu ni
1961;899;51-100;4818544.0;text;;[];False;False;c09442bccf5fc4c4;[];duit jajan gw abis padahal baru tanggal 15 harus ngirit banget nih!!!
1962;899;1-10;4818549.0;text;;[];False;False;c09442bccf5fc4c4;[];eh!!
1963;899;101-500;4818610.0;text;;[];False;False;c09442bccf5fc4c4;[];gw baru selesai nonton dokumenter tentang kehidupan nelayan di pesisir utara Jawa. sedih banget liat perjuangan mereka yang harus melaut berhari hari cuma buat dapet ikan yang harganya ga seberapa di pasar. bikin gw makin bersyukur sih sama kehidupan gw sekarang walau kadang ngeluh juga!!
1964;899;101-500;4818661.0;text;;[];False;False;c09442bccf5fc4c4;[];minggu lalu gw akhirnya beraniin diri buat ngomong sama dosen pembimbing soal progress skripsi yang mandek. ternyata beliau pengertian banget dan kasih banyak masukan yang berguna. gw nyesel ga ngomong dari awal soalnya selama ini gw cuma takut ditolak atau dimarahin padahal dosennya baik banget!!
1965;899;51-100;4818682.0;text;;['🤭'];False;False;c09442bccf5fc4c4;[];duit jajan gw abis padahal baru tanggal 15 harus ngirit banget nih!!
1966;899;51-100;4818712.0;text;;[];False;False;c09442bccf5fc4c4;[];tadi gw antri di administrasi kampus 2 jam cuma buat ngurus surat!!
1967;899;11-50;4818999.0;text;;[];False;False;9a7eb1acd749eb01;[];lu tim mana dukungnya
1968;899;11-50;4819018.0;text;;[];False;False;03be63d69a706376;[];gw lg sibuk... bgt minggu ini
1969;899;11-50;4819030.0;text;;[];True;False;03be63d69a706376;[];masih buka ga warungnya?
1970;899;11-50;4819042.0;text;;[];False;False;c09442bccf5fc4c4;[];gw mau tidur dulu ya!!
1971;899;101-500;4819110.0;text;1968.0;[];False;False;c09442bccf5fc4c4;[];gw lagi belajar coding otodidak dari YouTube buat nambah skill. mulai dari HTML CSS dulu baru pelan pelan ke JavaScript. lumayan susah sih awalnya tapi lama lama mulai paham juga. siapa tau nanti bisa bikin portfolio sendiri dan dapet kerjaan freelance buat nambah uang jajan selama kuliah!!!
1972;899;11-50;4819134.0;text;;['🤭'];False;False;c09442bccf5fc4c4;[];gw baru ganti nomor btw!!!
1973;899;11-50;4819159.0;text;;[];False;False;03be63d69a706376;[];hp gw lowbat nih
1974;899;1-10;4819170.0;text;;[];False;False;03be63d69a706376;[];okk
1975;899;11-50;4819175.0;text;;[];False;False;03be63d69a706376;[];dompet gw ketinggalan di rumah
1976;899;1-10;4819177.0;text;;[];False;False;03be63d69a706376;[];iyaa
1977;899;1-10;4819178.0;text;;['😂'];False;False;03be63d69a706376;[];siapp
1978;899;11-50;4819241.0;text;;['🤣'];False;False;c09442bccf5fc4c4;[];gw baru ganti nomor btw!!
1979;899;51-100;4819277.0;text;;[];False;False;c09442bccf5fc4c4;[];gw seneng banget akhirnya bisa ketemu temen temen lama setelah lama ga!!!
1980;899;11-50;4819293.0;text;;['😒'];False;False;c09442bccf5fc4c4;[];hp gw lowbat nih!!!
1981;899;1-10;4819298.0;text;;[];False;False;03be63d69a706376;[];eh
1982;899;11-50;4819314.0;text;;[];False;False;03be63d69a706376;[];gw lagi di atm sebentar
1983;899;1-10;4819325.0;text;;['😅', '😂'];False;False;03be63d69a706376;[];okk
1984;899;51-100;4819361.0;text;;['🤦🏼\u200d♂️'];False;False;c09442bccf5fc4c4;[];laptop gw mulai lemot nih kayaknya harus install ulang atau ganti RAM!!
1985;899;11-50;4819365.0;text;;[];True;False;03be63d69a706376;[];gw harus bawa apa aja?
1986;899;11-50;4819382.0;text;;[];False;False;03be63d69a706376;[];hp gw lowbat nih
1987;899;11-50;4819397.0;text;;[];False;False;03be63d69a706376;[];gw mau tidur dulu ya
1988;899;51-100;4819409.0;text;;[];False;False;03be63d69a706376;[];laptop gw mulai lemot nih kayaknya harus install ulang atau ganti RAM...
1989;899;51-100;4819430.0;text;;['🙈'];False;False;c09442bccf5fc4c4;[];gw lagi dengerin podcast tentang psikologi, lumayan buat nambah wawasan!!!
1990;899;1-10;4819445.0;text;;[];False;False;03be63d69a706376;[];okk
1991;899;11-50;4826939.0;text;;[];False;False;b347157be063753f;[];GW LG SIBUK BGT MINGGU INI
1992;900;51-100;4845489.0;text;;[];True;False;022fd2d8eea8dfdc;[];ada yang punya softcopy buku mata kuliah statistik semester ini ga?
1993;900;11-50;4845796.0;text;;[];False;False;fec1eefe6295a7be;[];Bentar ya gw lg di jalan.
1994;900;11-50;4845810.0;text;;[];False;False;fec1eefe6295a7be;[];Hujan deres ga bawa payung.
1995;900;1-10;4845903.0;text;;['🙈'];False;False;78b7421aa4387450;[];eh
1996;900;0;4846948.0;image/jpeg;;[];False;False;838a3d0e7e7c7cae;[];[Foto]
1997;900;1-10;4847018.0;text;1996.0;[];False;False;9a7eb1acd749eb01;[];hem
1998;900;11-50;4847302.0;text;;[];False;False;838a3d0e7e7c7cae;[];cuaca hari ini panassss banget
1999;900;0;4847311.0;unknown;;[];False;False;838a3d0e7e7c7cae;[];[Media tidak dikenal]
2000;900;1-10;4847485.0;text;;[];False;False;9a7eb1acd749eb01;[];yess
2001;900;1-10;4850796.0;text;;[];False;False;6d67fceaabf2a799;[];seep
2002;900;11-50;4853748.0;text;;[];False;False;b347157be063753f;[];HUJAN DERES GA BAWA PAYUNG
2003;900;1-10;4853755.0;text;;[];False;False;b347157be063753f;[];IYAA
2004;900;1-10;4855592.0;text;;[];False;False;9a7eb1acd749eb01;[];iyaa
2005;900;11-50;4856896.0;text;;[];False;False;4e7e80075ece205e;[];hujan deres ga bawa,,, payung
2006;900;11-50;4857302.0;text;;['😂'];False;False;0dae6c83cfb31784;[];capek banget,,, hari ini,,, asli
2007;900;0;4857324.0;unknown;;[];False;False;0dae6c83cfb31784;[];[Media tidak dikenal]
2008;900;1-10;4857356.0;text;;[];False;False;838a3d0e7e7c7cae;[];hem
2009;901;0;4915206.0;image/jpeg;;[];False;False;838a3d0e7e7c7cae;[];[Foto]
2010;901;1-10;4915283.0;text;;[];False;False;9a7eb1acd749eb01;[];oh
2011;901;1-10;4921655.0;text;;['🤣'];False;False;b347157be063753f;[];GASSSS
2012;902;1-10;4930412.0;text;;[];True;False;0a78978cffdec07a;[];kpaan?
2013;902;51-100;4930414.0;text;;[];False;False;0a78978cffdec07a;[];eh besok kita jadi ketemuan di kafe deket stsaiun kan ya jam 2 saing
2014;903;11-50;4937713.0;text;;['😪'];False;False;6d67fceaabf2a799;[];hp gw lowbat nih
2015;903;11-50;4937714.0;text;;[];False;False;6d67fceaabf2a799;[];gw mau tidur dulu ya
2016;903;11-50;4939356.0;image/jpeg;;[];True;False;c09442bccf5fc4c4;[];[Foto]
2017;903;101-500;4939505.0;text;;['😋'];False;False;c09442bccf5fc4c4;[];kemarin gw ikut kegiatan bakti sosial yang diadain sama BEM fakultas. kita ke panti asuhan di pinggiran kota buat ngajar anak anak dan bagi bagi sembako. seru banget sih dan bikin hati adem. anak anaknya lucu lucu dan semangat banget belajar walau fasilitas mereka terbatas. jadi pengen rutin kesana!!
2018;903;51-100;4939716.0;text;;[];False;False;6d67fceaabf2a799;[];tadi gw antri di administrasi kampus 2 jam cuma buat ngurus surat
2019;903;51-100;4939858.0;text;;[];False;False;c09442bccf5fc4c4;[];gw lagi dengerin podcast tentang psikologi, lumayan buat nambah wawasan!!!
2020;903;11-50;4939924.0;text;;[];False;False;0a78978cffdec07a;[];hujan deres ga bwaa payung
2021;903;11-50;4939924.0;text;;[];False;False;0a78978cffdec07a;[];hujan deres ga bawa payung
2022;903;11-50;4939952.0;text;;[];False;False;0a78978cffdec07a;[];ntar gw kabarin lg deh
2023;903;11-50;4939957.0;text;;[];False;False;0a78978cffdec07a;[];brau bangnu nih msh nagntuk
2024;903;51-100;4940884.0;text;;['😂'];True;False;c09442bccf5fc4c4;[];ada yang mau patungan buat beli kado ulang tahun si anu ga!!
2025;903;51-100;4940903.0;text;;[];False;False;c09442bccf5fc4c4;[];duit jajan gw abis padahal baru tanggal 15 harus ngirit banget nih!!!
2026;903;1-10;4941545.0;text;;[];False;False;0a78978cffdec07a;[];okey
2027;903;1-10;4941553.0;text;;[];False;False;0a78978cffdec07a;[];sepe
2028;903;11-50;4941556.0;text;;[];False;False;0a78978cffdec07a;[];gw lg sibuk bgt minggu ni
2029;903;11-50;4941682.0;text;;[];False;False;b347157be063753f;[];GW BARU GANTI NOMOR BTW
2030;903;11-50;4941693.0;text;;[];False;False;b347157be063753f;[];INTERNET MATI LAGI DI KOSAN
2031;903;11-50;4941699.0;text;;[];False;False;b347157be063753f;[];GW MAU TIDUR DULU YA
2032;903;1-10;4941741.0;text;;[];False;False;b347157be063753f;[];OKK
2033;903;11-50;4943384.0;text;;['😂'];False;False;c09442bccf5fc4c4;[];hujan deres ga bawa payung!!
2034;903;11-50;4943395.0;text;;[];False;False;c09442bccf5fc4c4;[];hujan deres ga bawa payung!!!
2035;903;11-50;4946498.0;text;;[];False;False;6d67fceaabf2a799;[];gw baru ganti nomor btw
2036;903;51-100;4947509.0;text;;['🤔', '👍🏼'];False;False;c09442bccf5fc4c4;[];tadi gw antri di administrasi kampus 2 jam cuma buat ngurus surat!!
2037;903;11-50;4948286.0;text;;[];False;False;6d67fceaabf2a799;[];ntar gw kabarin lagi deh
2038;903;0;4948363.0;image/jpeg;;[];False;False;6d67fceaabf2a799;[];[Foto]
2039;903;11-50;4948961.0;text;;[];True;False;0a78978cffdec07a;[];bs jemupt gw ga?
2040;903;0;4950068.0;image/jpeg;;[];False;False;9a7eb1acd749eb01;[];[Foto]
2041;903;11-50;4950077.0;text;;[];False;False;9a7eb1acd749eb01;[];lu tim mana dukungnya
2042;903;1-10;4950077.0;text;;[];False;False;9a7eb1acd749eb01;[];iyaa
2043;903;1-10;4950776.0;text;;['🤣'];False;False;71ba6dde40f8d131;[];oh
2044;903;11-50;4951056.0;text;2039.0;[];False;False;6d67fceaabf2a799;[];gw lg sibuk bgt minggu ini
2045;903;11-50;4951094.0;text;;[];False;False;0a78978cffdec07a;[];capek bgt hari ni asli
2046;903;11-50;4951102.0;text;;[];False;False;0a78978cffdec07a;[];charger hp gw ruska lg
2047;903;1-10;4951458.0;text;;[];False;False;9a7eb1acd749eb01;[];ah
2048;904;11-50;4983766.0;text;;[];False;False;838a3d0e7e7c7cae;[];temeninnn gw donggg besok
2049;904;1-10;4983796.0;text;;['😉'];False;False;838a3d0e7e7c7cae;[];udah
2050;904;11-50;4986600.0;text;;[];True;False;6d67fceaabf2a799;[];jadwal sidang kapan bro?
2051;904;11-50;4988656.0;text;;[];False;False;ce58621891f7e7f2;[];temenin gw dong besok
2052;905;101-500;5082345.0;text;;[];False;False;6d67fceaabf2a799;[];tadi siang gw makan di warung makan baru deket gerbang belakang kampus. nasi gorengnya lumayan enak dan harganya murah banget cuma 12 ribu udah sama es teh. kayaknya bakal jadi langganan baru deh soalnya warteg biasa gw udah mulai naik harga dan porsinya makin dikit aja
2053;905;51-100;5082354.0;text;;[];False;False;6d67fceaabf2a799;[];gw baru dapet info beasiswa buat semester depan mau coba daftar deh
2054;905;1-10;5082375.0;text;;['🤣'];False;False;4e7e80075ece205e;[];kuy
2055;906;51-100;5111442.0;text;;['😯'];False;False;32f86839507ea657;[];gw denger katanya semester depan ad... mata kuliah baru yg wajib diambil
2056;906;51-100;5111443.0;text;;['😂'];False;False;32f86839507ea657;[];gw baru aja selesai ngerjain tugas sampe jam 3 pagi, mau mati rasanya
2057;906;11-50;5111490.0;text;;[];False;False;32f86839507ea657;[];perpus tutup jam berapa ya
2058;907;101-500;5154208.0;text;;['❗', '🎁', '🌍', '🔹', '✨', '🔰', '🔥', '🍋'];False;False;838a3d0e7e7c7cae;[];harii iniii gw isenggg nyoba bikinnn kopi pake metodeee v60 yangg lagi hype di kalangannn anakkk anak kampus. beli alatnya lumayan mahal sihhh tapi hasilnya emang bedaaa dari kopi sachett biasa. kopinya lebihh smoothhhh dannnn ga terlalu pahit. kayaknyaaa gw bakallll ketagihan nihh bikinnn kopi sendiri tiap pagi sebelum ke kampus
2059;907;1-10;5154322.0;text;;[];False;False;9a7eb1acd749eb01;[];males
2060;907;11-50;5154343.0;text;;[];False;False;838a3d0e7e7c7cae;[];reuni kapannnn ya kita
2061;907;11-50;5156897.0;text;;[];False;False;6d67fceaabf2a799;[];pacarnya baru siapa sih
2062;907;1-10;5156925.0;text;;[];False;False;9a7eb1acd749eb01;[];gabut
2063;907;1-10;5156929.0;text;;[];False;False;9a7eb1acd749eb01;[];cape
2064;908;51-100;5160742.0;text;;['🤣'];True;False;4e7e80075ece205e;[];siapa sih yang spread gosip itu ke grup,,, sebelah, tau ga orangnya?
2065;908;11-50;5161007.0;text;;[];False;False;838a3d0e7e7c7cae;[];adek gw masuk smaaaa tahunnnn ini
2066;908;11-50;5162354.0;text;;[];False;False;4037c32290ea62de;[];gw baru aja ketemu mantan
2067;908;51-100;5162431.0;text;2066.0;['😅'];False;False;6d67fceaabf2a799;[];adek gw mau masuk kuliah tahun depan gw harus bantu cariin info jurusan
2068;908;1-10;5163651.0;text;;[];False;False;4037c32290ea62de;[];woles
2069;908;11-50;5163670.0;text;2066.0;[];False;False;838a3d0e7e7c7cae;[];gw baru aja ketemu mantan
2070;908;51-100;5165949.0;text;;[];True;False;32f86839507ea657;[];siapa sih yg spread gosip tu ke grup sebelah, tau ga orangnya?
2071;908;11-50;5166212.0;text;;[];False;False;022fd2d8eea8dfdc;[];kakak gw baru aja nikah
2072;908;1-10;5166251.0;text;;['😂'];False;False;32f86839507ea657;[];nice
2073;908;51-100;5167834.0;text;;[];False;False;71ba6dde40f8d131;[];gw lg belajar... masak sendiri biar ga jajan terus... lumayan hemat soalnya
2074;908;51-100;5168170.0;text;;[];False;False;6d67fceaabf2a799;[];gw lagi belajar masak sendiri biar ga jajan terus lumayan hemat soalnya
2075;908;11-50;5168178.0;text;;[];False;False;6d67fceaabf2a799;[];gw lagi marathon drakor nih
2076;908;11-50;5168188.0;text;;[];False;False;6d67fceaabf2a799;[];gw kangen masakan rumah
2077;908;51-100;5168216.0;text;;[];False;False;6d67fceaabf2a799;[];gw nonton film dokumenter semalam tentang laut dan ikan, bagus banget
2078;908;11-50;5168431.0;text;;[];False;False;32f86839507ea657;[];gw baru aja ketemu mantan
2079;908;11-50;5168438.0;text;;['😊', '👍🏻'];False;True;32f86839507ea657;[];seru bgt tadi malem!
2080;908;51-100;5169739.0;text;;[];False;False;6d67fceaabf2a799;[];adek gw mau masuk kuliah tahun depan gw harus bantu cariin info jurusan
2081;909;11-50;5275008.0;text;;[];False;False;0dae6c83cfb31784;[];tadi gw makan nasi padang
2082;909;101-500;5275045.0;text;;[];False;False;0dae6c83cfb31784;[];kemarin malem,,, gw sama temen temen nongkrong di,,, warkop biasa sampe jam 12 malem. kita ngobrol,,, banyak hal dari mulai tugas kuliah,,,, rencana liburan, sampe masalah percintaan. seru sih walau besoknya gw kesiangan masuk kelas pagi dan dosen negur di depan semua orang. malu tapi ya gimana lagi,,,
2083;909;1-10;5275046.0;text;;['👋🏻'];False;False;838a3d0e7e7c7cae;[];gass
2084;909;11-50;5275065.0;text;;[];True;False;0dae6c83cfb31784;[];itu beneran,,, apa hoax?
2085;909;11-50;5275080.0;text;;[];False;False;0dae6c83cfb31784;[];tadi gw makan nasi,,, padang
2086;909;1-10;5275084.0;text;;['😊'];False;False;0dae6c83cfb31784;[];cuy
2087;909;1-10;5275086.0;text;;[];False;False;838a3d0e7e7c7cae;[];fixxxx
2088;909;1-10;5275086.0;text;;[];False;False;0dae6c83cfb31784;[];bro
2089;909;11-50;5275106.0;text;;[];False;False;0dae6c83cfb31784;[];indomie telor,,, udah,,, cukup kok
2090;909;51-100;5275129.0;text;;[];False;False;0dae6c83cfb31784;[];dompet gw ilang kemarin di angkot tapi alhamdulillah ada yang nemuin
2091;909;51-100;5275323.0;text;;[];False;False;022fd2d8eea8dfdc;[];tadi di kantin ketemu anak angkatan bawah yang kenal sama temen SMA gw
2092;910;11-50;5280245.0;text;;[];False;False;0dae6c83cfb31784;[];album baru dia enak banget
2093;910;1-10;5280246.0;text;;[];False;True;0dae6c83cfb31784;[];serem!
2094;910;11-50;5280732.0;text;;[];True;False;ce58621891f7e7f2;[];booking duluan apa langsung aja?
2095;910;51-100;5280774.0;text;;[];False;False;0dae6c83cfb31784;[];gw baru dapet info,,, beasiswa buat,,, semester depan mau coba,,, daftar deh,,,
2096;910;11-50;5280780.0;text;;[];False;False;0dae6c83cfb31784;[];album baru dia enak,,, banget
2097;911;51-100;5291261.0;text;;['🤷🏻\u200d♀️'];True;False;4e7e80075ece205e;[];menurut lu gw harus ambil mata kuliah pilihan,,, yang mana semester depan?,,,
2098;911;1-10;5291262.0;text;;[];False;False;4e7e80075ece205e;[];aman
2099;912;11-50;5424920.0;text;;[];True;False;4e7e80075ece205e;['0dae6c83cfb31784'];tugas dikumpul kapan,,, sih?
2100;912;1-10;5426250.0;text;;[];False;False;0dae6c83cfb31784;[];wkwk
2101;912;11-50;5426408.0;text;;['🤷🏻\u200d♀️'];False;False;4e7e80075ece205e;[];gw lg ngerjain tugas nih
2102;912;11-50;5426414.0;text;;['🤣'];False;False;4e7e80075ece205e;[];gw belom mulai,,, tugas,,,
2103;913;51-100;5533722.0;text;;[];False;False;b347157be063753f;[];GW NONTON FILM DOKUMENTER SEMALAM TENTANG LAUT DAN IKAN, BAGUS BANGET
2104;913;11-50;5533871.0;text;;[];True;False;022fd2d8eea8dfdc;[];kenapa ga bales chat gw?
2105;913;1-10;5533986.0;text;;['🤣'];False;False;6d67fceaabf2a799;[];pasti
2106;913;11-50;5533996.0;text;;[];False;False;6d67fceaabf2a799;[];bokap gw lagi di luar kota
2107;913;1-10;5534135.0;text;;[];False;False;838a3d0e7e7c7cae;[];yess
2108;913;1-10;5534336.0;text;;['😂'];False;False;9a7eb1acd749eb01;[];nice
2109;914;11-50;5553155.0;text;;[];False;False;838a3d0e7e7c7cae;[];ipkk gw turunnn semester ini
2110;914;51-100;5553157.0;text;;[];False;False;838a3d0e7e7c7cae;[];eh besok kita jadi ketemuan di kafee dekettt stasiun kan ya jam 2 siangggg
2111;915;11-50;5589483.0;text;;[];True;False;03be63d69a706376;[];besok libur bukan sih?...
2112;915;11-50;5590987.0;text;;[];False;False;838a3d0e7e7c7cae;[];capekkk banget hari ini asliiii
2113;915;11-50;5592354.0;text;;[];False;False;03be63d69a706376;[];ntar gw kabarin lagi deh
2114;915;11-50;5592362.0;text;;[];False;False;03be63d69a706376;[];gw mau tidur... dulu ya
2115;915;51-100;5596970.0;text;;[];False;False;838a3d0e7e7c7cae;[];gw seneng bangett akhirnya bisa ketemuuu temen temen lama setelah lama ga
2116;916;0;5754904.0;image/jpeg;;[];False;False;838a3d0e7e7c7cae;[];[Foto]
2117;916;11-50;5755077.0;text;;[];False;False;0a78978cffdec07a;[];si tu udha putus katanya
2118;916;11-50;5755077.0;text;;[];True;False;0a78978cffdec07a;[];kaapn terakhir kali ketemu?
2119;916;51-100;5755105.0;text;;[];False;False;0a78978cffdec07a;[];hari ni gw ad rapat organissai sampe sore jadi ga bs ikut nongkrong
2120;916;1-10;5755106.0;text;;[];True;False;0a78978cffdec07a;[];ready?
2121;916;11-50;5755131.0;text;;[];False;False;838a3d0e7e7c7cae;[];angkottt ke sana masihhh ada ga
2122;916;11-50;5755133.0;text;;[];False;False;838a3d0e7e7c7cae;[];eh denger gosip belum
2123;916;11-50;5755597.0;text;;[];True;False;9a7eb1acd749eb01;[];jadwal sidang kapan bro?
2124;916;51-100;5755712.0;text;;[];False;False;838a3d0e7e7c7cae;[];gw baru aja dapet kabarrrr kalooo temennn kitaa diterima kerja di luar negeri
2125;916;11-50;5756176.0;text;;[];True;False;9a7eb1acd749eb01;[];kos lu dmn sih tepatnya?
2126;916;1-10;5756183.0;text;;[];False;False;9a7eb1acd749eb01;[];gabut
2127;916;11-50;5756198.0;text;;[];False;False;838a3d0e7e7c7cae;[];reuni kapann ya kitaa
2128;916;11-50;5756214.0;text;;[];False;False;838a3d0e7e7c7cae;[];diem diemm ternyataaaa jadian
2129;916;11-50;5756215.0;text;;[];False;False;0a78978cffdec07a;[];gw berantem sm si anu
2130;916;51-100;5756221.0;text;;[];False;False;838a3d0e7e7c7cae;[];gw pengen bangetttt liburannn ke pantai tapi duit lagi tipissss bangett sekarangggg
2131;916;51-100;5756298.0;text;;[];False;False;838a3d0e7e7c7cae;[];hari ini gw ada rapat organisasi sampe sore jadi ga bisa ikutt nongkrong
2132;916;11-50;5756304.0;text;;[];False;False;838a3d0e7e7c7cae;[];angkot ke sana masih ada ga
2133;917;51-100;5757104.0;text;;[];False;False;838a3d0e7e7c7cae;[];wifi kosann gw lemot banget jadiii gw ke perpuss aja buatt ngerjain tugas
2134;917;51-100;5757119.0;text;;[];False;False;838a3d0e7e7c7cae;[];hari ini gw adaaaa rapat organisasi sampe sore jadiii ga bisa ikut nongkrong
2135;917;11-50;5757515.0;text;;[];False;False;9a7eb1acd749eb01;[];gw berantem sm si anu
2136;917;1-10;5757616.0;text;;[];False;False;838a3d0e7e7c7cae;[];wkwkw
2137;918;11-50;5759465.0;text;;[];False;False;838a3d0e7e7c7cae;[];gw naik ojolll ajaa deh
2138;918;11-50;5759590.0;text;;[];True;False;0a78978cffdec07a;[];makna apa ntar siang?
2139;918;11-50;5759598.0;text;;[];True;False;0a78978cffdec07a;[];wifi password nya apa sih?
2140;918;11-50;5759610.0;text;;[];False;False;0a78978cffdec07a;[];rame bgt diisni cuy
2141;918;11-50;5759613.0;text;;[];False;False;838a3d0e7e7c7cae;[];lu dimana sihhhh lama banget
2142;918;11-50;5759619.0;text;;[];False;False;838a3d0e7e7c7cae;[];gw naikkkk ojol ajaaaa dehh
2143;918;11-50;5759630.0;text;;[];False;False;0a78978cffdec07a;[];gw lg di warkop nih
2144;918;1-10;5759631.0;text;;[];True;False;0a78978cffdec07a;[];udah?
2145;918;1-10;5759652.0;text;;[];False;False;838a3d0e7e7c7cae;[];deh
2146;918;11-50;5759667.0;text;;[];False;False;78f9e551034cee58;[];gw lg di warkop nih
2147;918;11-50;5759677.0;text;;[];False;False;78f9e551034cee58;[];rame bgt disini cuy
2148;918;11-50;5759682.0;text;;[];False;False;838a3d0e7e7c7cae;[];macet parahh di jalan tolll
2149;918;51-100;5759689.0;text;;[];False;False;78f9e551034cee58;[];gw lg nyoba masak rendang resep nyokap tp kayaknya gagal total deh
2150;918;11-50;5759690.0;text;;[];False;False;838a3d0e7e7c7cae;[];gw naik ojol ajaaaa deh
2151;918;1-10;5759695.0;text;;[];False;False;78f9e551034cee58;[];ahh
2152;918;0;5759708.0;video/mp4;;[];False;False;78f9e551034cee58;[];[Video]
2153;918;101-500;5759746.0;text;;[];False;False;838a3d0e7e7c7cae;[];gw baru ajaaa beresss beresin kosan dan nemuuu barang barang lama dari jamannn sma. ada fotoo kelas, surat dari mantan, sama buku diary yang isinya cringe banget kalo dibaca sekarang. jadii nostalgiaa sendiri inget masaaa masaaaa dulu yang lebih sederhana. kadang kangen juga sih jadi anak sma lagi tanpaaaa mikirin skripsii
2154;918;101-500;5759854.0;text;;[];False;False;838a3d0e7e7c7cae;[];gw baru aja beressss beresinnn kosan dannnn nemu barang baranggg lama dari jaman sma. ada fotoooo kelas, surat dari mantan, sama bukuu diary yang isinya cringe bangetttt kalo dibacaaaa sekarang. jadi nostalgia sendiriiii ingetttt masaaa masaa dulu yanggg lebih sederhana. kadang kangen jugaa sih jadi anakkk smaa lagi tanpa mikirin skripsi
2155;918;11-50;5759893.0;text;;[];False;False;0a78978cffdec07a;[];gw ngag bs ikut malme ni
2156;918;11-50;5759906.0;text;;[];False;False;9a7eb1acd749eb01;[];gw naik ojol aja deh
2157;918;11-50;5759916.0;text;;[];False;False;0a78978cffdec07a;[];bsk sore ad waktu ga
2158;918;11-50;5759937.0;text;;[];False;False;9a7eb1acd749eb01;[];gw naik ojol aja deh
2159;918;1-10;5759938.0;text;;[];False;False;9a7eb1acd749eb01;[];yaa
2160;918;11-50;5759950.0;text;;[];False;False;838a3d0e7e7c7cae;[];bsk sore ada waktu ga
2161;918;11-50;5760159.0;text;;[];False;False;6d67fceaabf2a799;[];jangan lupa bawa duit cash
2162;918;51-100;5760171.0;text;;[];False;True;6d67fceaabf2a799;[];parah banget macetnya tadi di jalan, gw sampe telat 1 jam ke kampus!
2163;918;11-50;5760187.0;text;;[];False;False;6d67fceaabf2a799;[];ketemuan di mall jam 3 ya
2164;918;1-10;5760194.0;text;;[];False;False;6d67fceaabf2a799;[];oii
2165;918;11-50;5760197.0;text;;[];False;False;6d67fceaabf2a799;[];jangan lupa bawa duit cash
2166;918;11-50;5760317.0;text;;[];False;False;838a3d0e7e7c7cae;[];gw nggaa bisa ikut malem inii
2167;918;11-50;5760396.0;text;;[];False;False;6d67fceaabf2a799;[];gw naik ojol aja deh
2168;918;51-100;5760404.0;text;;[];False;False;6d67fceaabf2a799;[];gw lagi nyoba masak rendang resep nyokap tapi kayaknya gagal total deh
2169;918;11-50;5760421.0;text;;['🙄'];False;False;6d67fceaabf2a799;[];lu dimana sih lama banget
2170;918;11-50;5760452.0;text;;[];False;False;6d67fceaabf2a799;[];gw lagi di warkop nih
2171;918;1-10;5760648.0;text;;[];False;False;838a3d0e7e7c7cae;[];hooooo
2172;919;0;5766540.0;unknown;;[];False;False;838a3d0e7e7c7cae;[];[Media tidak dikenal]
2173;919;11-50;5766568.0;text;;[];False;False;838a3d0e7e7c7cae;[];kitaaa ketemuan dimana aja deh
2174;919;1-10;5766582.0;text;;[];False;False;838a3d0e7e7c7cae;[];woiiii
2175;919;11-50;5766584.0;text;;[];False;False;838a3d0e7e7c7cae;[];kitaa ketemuan dimana ajaa dehhh
2176;919;1-10;5766608.0;text;;[];False;False;838a3d0e7e7c7cae;[];oohhh
2177;919;11-50;5767092.0;text;;[];False;False;9a7eb1acd749eb01;[];lu dmn sih lama bgt
2178;919;51-100;5767151.0;text;;[];True;False;838a3d0e7e7c7cae;[];gimana caranya biar bisa fokus belajar tanpa mainnn hp terus ya?
2179;919;11-50;5767306.0;text;;[];False;False;9a7eb1acd749eb01;[];gw naik ojol aja deh
2180;919;11-50;5767306.0;text;;[];False;False;9a7eb1acd749eb01;[];rame bgt disini cuy
2181;919;11-50;5767314.0;text;;[];False;False;9a7eb1acd749eb01;[];gw ngga bs ikut malem ni
2182;919;1-10;5767339.0;text;;[];False;False;838a3d0e7e7c7cae;[];kan
2183;919;11-50;5767346.0;text;;[];False;False;0a78978cffdec07a;[];gw nyari parkri dulu betnar
2184;919;11-50;5767349.0;text;;[];False;False;0a78978cffdec07a;[];gw lg di wrakop nih
2185;919;1-10;5767352.0;text;;[];False;False;0a78978cffdec07a;[];wah
2186;919;1-10;5767399.0;text;;[];False;False;9a7eb1acd749eb01;[];ooh
2187;919;51-100;5767405.0;text;;[];False;False;9a7eb1acd749eb01;[];temen sekamar gw pindah kosan jadi skrg gw sendirian di kamar
2188;919;1-10;5767675.0;text;;['🤣'];False;False;78f9e551034cee58;[];mah
2189;919;51-100;5767676.0;text;;[];False;True;78f9e551034cee58;[];parah bgt macetnya tadi di jalan, gw sampe telat 1 jam ke kampus!
2190;919;1-10;5767773.0;text;;[];False;False;0a78978cffdec07a;[];kok
2191;919;11-50;5767778.0;text;;[];False;False;0a78978cffdec07a;[];macet parha di jalan tol
2192;919;11-50;5767788.0;text;;[];False;False;0a78978cffdec07a;[];macet parah di jalan tol
2193;919;11-50;5767796.0;text;;[];True;False;0a78978cffdec07a;[];nilai kleuar kapan ya?
2194;919;51-100;5767840.0;text;;[];False;False;9a7eb1acd749eb01;[];kemarin malem gw begadang nonton bola sampe subuh terus ketiduran
2195;919;1-10;5767852.0;text;2193.0;[];False;False;9a7eb1acd749eb01;[];woi
2196;919;11-50;5768096.0;text;;[];False;False;0a78978cffdec07a;[];macet parah di jalan tol
2197;919;11-50;5768098.0;text;;[];False;False;0a78978cffdec07a;[];rame bgt disini cuy
2198;919;1-10;5768098.0;text;;[];False;False;0a78978cffdec07a;[];wah
2199;919;11-50;5768111.0;text;;[];False;False;0a78978cffdec07a;[];gw nyari parkri dulu bentar
2200;919;1-10;5768114.0;text;;[];False;False;0a78978cffdec07a;[];mah
2201;919;11-50;5768120.0;text;;[];False;False;0a78978cffdec07a;[];jangan lupa bawa duit cash
2202;919;1-10;5768136.0;text;;[];False;False;9a7eb1acd749eb01;[];deh
2203;919;51-100;5769197.0;text;;[];False;False;6d67fceaabf2a799;[];temen sekamar gw pindah kosan jadi sekarang gw sendirian di kamar
2204;919;11-50;5769207.0;text;;[];False;False;6d67fceaabf2a799;[];rame banget disini cuy
2205;919;101-500;5769226.0;text;;[];False;False;6d67fceaabf2a799;[];gw baru aja beres beresin kosan dan nemu barang barang lama dari jaman SMA. ada foto kelas, surat dari mantan, sama buku diary yang isinya cringe banget kalo dibaca sekarang. jadi nostalgia sendiri inget masa masa dulu yang lebih sederhana. kadang kangen juga sih jadi anak SMA lagi tanpa mikirin skripsi
2206;919;11-50;5769231.0;text;;[];False;False;6d67fceaabf2a799;[];gw nyari parkir dulu bentar
2207;919;11-50;5769308.0;text;;[];False;False;6d67fceaabf2a799;[];ketemuan di mall jam 3 ya
2208;919;51-100;5769318.0;text;;[];False;False;6d67fceaabf2a799;[];temen sekamar gw pindah kosan jadi sekarang gw sendirian di kamar
2209;919;1-10;5769808.0;text;;[];False;False;9a7eb1acd749eb01;[];kan
2210;919;11-50;5769808.0;text;;[];False;False;9a7eb1acd749eb01;[];gw naik ojol aja deh
2211;919;1-10;5769809.0;text;;[];False;False;9a7eb1acd749eb01;[];kan
2212;919;1-10;5769948.0;text;;[];False;False;838a3d0e7e7c7cae;[];yaa
2213;919;51-100;5770445.0;text;;[];True;False;6d67fceaabf2a799;[];gimana caranya biar bisa fokus belajar tanpa main hp terus ya?
2214;919;11-50;5770452.0;text;;[];False;False;6d67fceaabf2a799;[];rame banget disini cuy
2215;919;11-50;5770499.0;text;;[];False;False;9a7eb1acd749eb01;[];kita ketemuan dmn aja deh
2216;919;0;5770530.0;image/jpeg;;[];False;False;838a3d0e7e7c7cae;[];[Foto]
2217;919;11-50;5770558.0;text;;[];False;False;9a7eb1acd749eb01;[];bsk sore ad waktu ga
2218;919;11-50;5770566.0;text;;[];False;False;9a7eb1acd749eb01;[];kita ketemuan dmn aja deh
2219;919;11-50;5770573.0;text;;[];False;False;9a7eb1acd749eb01;[];macet parah di jalan tol
2220;919;51-100;5770598.0;text;;[];False;False;838a3d0e7e7c7cae;[];gw lagi nyoba masak rendang resep nyokap tapi kayaknya gagal total dehh
2221;919;51-100;5770646.0;text;;[];False;False;6d67fceaabf2a799;[];kemarin malem gw begadang nonton bola sampe subuh terus ketiduran
2222;919;11-50;5770665.0;text;;[];False;False;6d67fceaabf2a799;[];gw ngga bisa ikut malem ini
2223;919;51-100;5770678.0;text;;['🤔'];True;False;6d67fceaabf2a799;[];gimana caranya biar bisa fokus belajar tanpa main hp terus ya?
2224;919;51-100;5770699.0;text;;[];False;False;6d67fceaabf2a799;[];kemarin malem gw begadang nonton bola sampe subuh terus ketiduran
2225;919;11-50;5770711.0;text;;[];False;False;6d67fceaabf2a799;[];lu dimana sih lama banget
2226;919;11-50;5770713.0;text;;[];False;False;9a7eb1acd749eb01;[];gw ngga bs ikut malem ni
2227;919;11-50;5770729.0;text;;[];False;False;6d67fceaabf2a799;[];rame banget disini cuy
2228;919;1-10;5770738.0;text;;[];True;False;9a7eb1acd749eb01;[];jadi?
2229;919;0;5770756.0;image/jpeg;;[];False;False;9a7eb1acd749eb01;[];[Foto]
2230;919;1-10;5770756.0;text;;[];False;False;9a7eb1acd749eb01;[];hoo
2231;919;11-50;5773122.0;text;2229.0;[];False;False;6d67fceaabf2a799;[];bsk sore ada waktu ga
2232;919;1-10;5773155.0;text;;[];True;False;9a7eb1acd749eb01;[];jadi?
2233;919;0;5773162.0;unknown;;[];False;False;6d67fceaabf2a799;[];[Media tidak dikenal]
2234;919;0;5773211.0;image/jpeg;;[];False;False;6d67fceaabf2a799;[];[Foto]
2235;919;11-50;5773211.0;text;;[];False;False;9a7eb1acd749eb01;[];gw nyari parkir dulu bentar
2236;919;1-10;5773214.0;text;;[];False;False;9a7eb1acd749eb01;[];mah
2237;919;11-50;5773222.0;text;;[];False;False;6d67fceaabf2a799;[];gw ngga bisa ikut malem ini
2238;919;1-10;5773225.0;text;;[];False;False;6d67fceaabf2a799;[];woi
2239;919;11-50;5773231.0;text;;[];False;False;6d67fceaabf2a799;[];macet parah di jalan tol
2240;919;11-50;5773232.0;text;;[];False;False;6d67fceaabf2a799;[];macet parah di jalan tol
2241;919;1-10;5773242.0;text;;[];False;False;9a7eb1acd749eb01;[];wah
2242;919;11-50;5773249.0;text;;[];False;False;9a7eb1acd749eb01;[];ketemuan di mall jam 3 ya
2243;919;11-50;5773253.0;text;;[];False;False;9a7eb1acd749eb01;[];macet parah di jalan tol
2244;919;11-50;5773260.0;text;;[];False;False;9a7eb1acd749eb01;[];gw lg di warkop nih
2245;919;11-50;5773338.0;text;;[];False;False;0a78978cffdec07a;[];jnagan lupa baaw diut cahs
2246;919;11-50;5773342.0;text;;[];False;False;6d67fceaabf2a799;[];kita ketemuan dimana aja deh
2247;919;11-50;5773349.0;text;;[];False;False;0a78978cffdec07a;[];jangan lupa bawa duit cash
2248;919;11-50;5773351.0;text;;[];False;False;6d67fceaabf2a799;[];gw ngga bisa ikut malem ini
2249;920;51-100;5857131.0;text;;[];False;False;ce58621891f7e7f2;[];kosan gw bocor lagi pas hujan semalam, kasur gw basah semua parah banget
2250;920;1-10;5857419.0;text;;['🤣'];True;False;6d67fceaabf2a799;[];bener?
2251;920;1-10;5857441.0;text;;[];False;False;ce58621891f7e7f2;[];asli
2252;920;1-10;5857445.0;text;;[];False;False;ce58621891f7e7f2;[];hmm
2253;920;11-50;5857480.0;text;;[];False;False;6d67fceaabf2a799;[];sidang minggu depan doain ya
2254;920;11-50;5857783.0;text;;[];True;False;838a3d0e7e7c7cae;[];boleh gw ikutttt ga?
2255;920;11-50;5857834.0;text;;[];False;False;6d67fceaabf2a799;[];sidang minggu depan doain ya
2256;920;51-100;5857851.0;text;;[];False;True;6d67fceaabf2a799;[];akhirnya selesai juga skripsi gw setelah perjuangan berbulan bulan!
2257;920;11-50;5857854.0;text;;[];False;True;6d67fceaabf2a799;[];parah sih tadi kejadiannya!
2258;920;1-10;5857861.0;text;;[];False;False;838a3d0e7e7c7cae;[];sabi
2259;920;11-50;5857867.0;text;;[];False;False;838a3d0e7e7c7cae;[];kelas tambahan hariiii sabtu sih
2260;920;51-100;5857890.0;text;;[];False;False;838a3d0e7e7c7cae;[];kosan gw bocor lagi passs hujan semalam, kasur gw basah semua parahhh banget
2261;920;11-50;5857895.0;text;;[];False;False;838a3d0e7e7c7cae;[];gw laperr bangettt nih
2262;920;11-50;5857898.0;text;;[];False;False;838a3d0e7e7c7cae;[];gw baru aja dari kampus
2263;920;1-10;5858368.0;text;;[];False;False;ce58621891f7e7f2;[];done
2264;920;11-50;5859642.0;text;;[];False;False;838a3d0e7e7c7cae;[];gw baru ajaaaa dari kampus
2265;920;11-50;5861120.0;text;;[];False;False;ce58621891f7e7f2;[];dosen pembimbing susah ditemui
2266;920;1-10;5861194.0;text;;[];False;False;838a3d0e7e7c7cae;[];donee
2267;921;11-50;5866573.0;text;;[];False;False;838a3d0e7e7c7cae;[];mamaaa mintaaaa gw pulang weekend
2268;921;0;5866581.0;image/jpeg;;[];False;False;838a3d0e7e7c7cae;[];[Foto]
2269;921;51-100;5866591.0;text;;[];True;False;c9a30d63a1ee9473;[];siapa sih yang spread gosip itu ke grupp sebelah, tauu ga orangnya?
2270;921;51-100;5866595.0;text;;[];False;False;c9a30d63a1ee9473;[];gw lagii belajar masak sendirii biar ga jajannn teruss lumayan hematttt soalnyaaa
2271;921;11-50;5866610.0;text;;[];False;False;838a3d0e7e7c7cae;[];mama mintaaa gw pulang weekend
2272;921;11-50;5866621.0;text;;['🤣'];False;False;838a3d0e7e7c7cae;[];playlist lo yangg mana sihhh
2273;921;11-50;5866638.0;text;;[];False;False;c9a30d63a1ee9473;[];gw lagi marathon drakor nihhh
2274;921;1-10;5866648.0;text;;['🤣'];False;False;c9a30d63a1ee9473;[];goksss
2275;921;51-100;5867242.0;text;;[];False;False;6d67fceaabf2a799;[];gw lagi belajar masak sendiri biar ga jajan terus lumayan hemat soalnya
2276;921;11-50;5867266.0;text;;[];False;False;6d67fceaabf2a799;[];film baru di bioskop bagus ga
2277;921;11-50;5867285.0;text;;[];False;False;6d67fceaabf2a799;[];duit bulanan belum dikirim
2278;921;51-100;5867583.0;text;;[];False;False;838a3d0e7e7c7cae;[];gw nontonnn film dokumenterr semalam tentang laut dannn ikan, bagussss banget
2279;921;11-50;5867596.0;text;;[];False;False;838a3d0e7e7c7cae;[];playlist lo yangg mana sihhh
2280;921;11-50;5868014.0;text;;[];False;False;0a78978cffdec07a;[];adek gw masku sma tahnu ni
2281;921;0;5868493.0;image/jpeg;;[];False;False;5451ae365b61d998;[];[Foto]
2282;921;1-10;5868622.0;text;;[];False;False;838a3d0e7e7c7cae;[];pastiii
2283;921;11-50;5868624.0;text;;[];False;False;838a3d0e7e7c7cae;[];nyokap nanyaa kapan lulus
2284;921;1-10;5869126.0;text;;[];False;False;9a7eb1acd749eb01;[];nice
2285;921;51-100;5871871.0;text;;[];False;False;6d67fceaabf2a799;[];gw lagi belajar masak sendiri biar ga jajan terus lumayan hemat soalnya
2286;921;11-50;5874628.0;text;;[];False;False;03be63d69a706376;[];nyokap nanya kapan... lulus
2287;921;51-100;5874638.0;text;;[];False;False;03be63d69a706376;[];gw lagi belajar masak sendiri biar ga jajan terus lumayan hemat soalnya
2288;921;11-50;5874644.0;text;;[];True;False;03be63d69a706376;[];siapa aja yg dateng?
2289;921;11-50;5874987.0;text;;[];False;False;838a3d0e7e7c7cae;[];gw baru aja ketemuu mantann
2290;921;11-50;5874999.0;text;;[];False;False;838a3d0e7e7c7cae;[];duit bulanan belum dikirimm
2291;921;51-100;5875164.0;text;;[];False;False;0a78978cffdec07a;[];tadi pagi gw olahraga lari keliilng kampus 5 putaran badan pegel smua
2292;921;11-50;5875238.0;text;;[];False;False;4037c32290ea62de;[];keluarga ngumpul lebaran nanti
2293;921;11-50;5875548.0;text;;[];True;False;03be63d69a706376;[];siapa aja yg dateng?
2294;921;51-100;5875592.0;text;;[];False;False;838a3d0e7e7c7cae;[];gw nonton film dokumenter semalam tentang laut dan ikan, bagus bangetttt
2295;921;1-10;5875605.0;text;;[];False;False;03be63d69a706376;[];pasti
2296;921;11-50;5878951.0;text;;[];False;False;9a7eb1acd749eb01;[];playlist lo yg mana sih
2297;921;1-10;5878951.0;text;;[];False;False;9a7eb1acd749eb01;[];woles
2298;921;11-50;5878959.0;text;;[];False;False;9a7eb1acd749eb01;[];kakak gw baru aja nikah
2299;921;1-10;5879347.0;text;;['🤦\u200d♂️'];False;False;03be63d69a706376;[];pasti
2300;921;11-50;5879632.0;text;;[];False;False;6d67fceaabf2a799;[];nyokap nanya kapan lulus
2301;922;51-100;5899593.0;text;;[];True;False;b347157be063753f;[];MENURUT LU GW HARUS AMBIL MATA KULIAH PILIHAN YANG MANA SEMESTER DEPAN?
2302;922;0;5899697.0;video/mp4;;[];False;False;b347157be063753f;[];[Video]
2303;923;1-10;5927047.0;text;;[];False;False;9a7eb1acd749eb01;[];jir
2304;923;1-10;5930999.0;text;2301.0;[];False;False;0dae6c83cfb31784;[];hoki
2305;923;51-100;5932673.0;text;;[];False;False;ce58621891f7e7f2;[];semalam hujan gede banget sampe kosan gw mati lampu semaleman gila
2306;923;11-50;5932700.0;text;;[];False;False;ce58621891f7e7f2;[];badminton yuk sore ini
2307;923;11-50;5932714.0;text;;[];False;False;ce58621891f7e7f2;[];gym hari ini skip deh
2308;924;51-100;5955421.0;text;;[];False;False;e60ef424f9204530;[];gw baru dapet info beasiswa buat semester depan mau coba daftar deh!!!
2309;924;51-100;5968467.0;text;;[];True;False;6d67fceaabf2a799;[];kira kira kalo gw apply magang sekarang masih keburu ga ya?
2310;924;11-50;5968484.0;text;;[];True;True;6d67fceaabf2a799;[];ada sinyal ga disitu?
2311;924;11-50;5968521.0;text;;[];False;False;0a78978cffdec07a;[];pertandinagn bola tadi malam gila
2312;924;11-50;5968522.0;text;;[];False;False;0a78978cffdec07a;[];gw abis lari pagi tadi
2313;924;11-50;5968528.0;text;;[];False;False;0a78978cffdec07a;[];gw abis lari pagi tadi
2314;924;1-10;5968532.0;text;;[];False;False;0a78978cffdec07a;[];hoik
2315;924;51-100;5968544.0;text;;[];False;False;0a78978cffdec07a;[];dosen killer tu ternyata baik bgt oranngya klao diajak ngobrlo santai
2316;924;11-50;5968764.0;text;;[];False;False;9a7eb1acd749eb01;[];konser tu mahal bgt tiketnya
2317;924;11-50;5968768.0;text;;[];True;False;9a7eb1acd749eb01;[];ad sinyal ga disitu?
2318;924;51-100;5970085.0;text;;[];False;False;6d67fceaabf2a799;[];dosen killer itu ternyata baik banget orangnya kalo diajak ngobrol santai
2319;924;11-50;5970414.0;text;2317.0;[];False;False;0a78978cffdec07a;[];gw lg baca novel baru nih
2320;924;11-50;5970429.0;text;;[];False;False;0a78978cffdec07a;[];futsal besok jadi ga
2321;924;1-10;5971101.0;text;;[];False;False;9a7eb1acd749eb01;[];ih
2322;925;0;5976490.0;image/jpeg;;[];False;False;b347157be063753f;[];[Foto]
2323;925;51-100;5976508.0;text;;[];False;False;b347157be063753f;[];DOMPET GW ILANG KEMARIN DI ANGKOT TAPI ALHAMDULILLAH ADA YANG NEMUIN
2324;925;1-10;5976513.0;text;;['🤣'];False;False;b347157be063753f;[];SIP
2325;925;11-50;5976580.0;text;;[];False;False;9a7eb1acd749eb01;[];gw lg diet tp gagal mulu
2326;925;11-50;5976809.0;text;;[];False;False;838a3d0e7e7c7cae;[];es teh manis satuu ya bangg
2327;925;1-10;5977308.0;text;;['🤣'];False;False;b347157be063753f;[];WOY
2328;925;101-500;5984010.0;text;;[];False;False;b347157be063753f;[];KEMARIN MALEM GW SAMA TEMEN TEMEN NONGKRONG DI WARKOP BIASA SAMPE JAM 12 MALEM. KITA NGOBROL BANYAK HAL DARI MULAI TUGAS KULIAH, RENCANA LIBURAN, SAMPE MASALAH PERCINTAAN. SERU SIH WALAU BESOKNYA GW KESIANGAN MASUK KELAS PAGI DAN DOSEN NEGUR DI DEPAN SEMUA ORANG. MALU TAPI YA GIMANA LAGI
2329;926;51-100;6015296.0;text;;[];False;False;838a3d0e7e7c7cae;[];gw udahh bikin slides presentasiii tapi kayaknya masihhh kuranggg bagusss deh isinya
2330;926;101-500;6015299.0;text;;[];False;False;838a3d0e7e7c7cae;[];gw lagiiii galau banget nihh soal masaaaa depan. mau lanjut s2 tapi duit ga ada, mau langsung kerjaaa tapiii pengalaman masih minim. nyokapp bilang terserahhh gw aja tapiiii gw tauu diaaa pengennnn gw cepett kerja biarrrr bisaaa bantuuu ekonomii keluarga. bingung bangett sih, kayak semuaaa pilihan adaaa plus minusnya
2331;926;1-10;6015763.0;text;;[];False;False;03be63d69a706376;[];gpp
2332;926;11-50;6015764.0;text;;[];False;False;03be63d69a706376;[];dosen pembimbing susah ditemui
2333;926;11-50;6015807.0;text;;[];False;False;838a3d0e7e7c7cae;[];kelassss tambahann hari sabtu sihhh
2334;926;51-100;6015910.0;text;2330.0;[];True;False;9a7eb1acd749eb01;[];menurut lu gw hrs ambil mata kuliah pilihan yg mana semester depan?
2335;926;1-10;6015941.0;text;;[];False;False;838a3d0e7e7c7cae;[];bole
2336;926;51-100;6015951.0;text;;[];False;False;838a3d0e7e7c7cae;[];gw udah bikin slides presentasi tapiiii kayaknya masihhh kurang bagussss deh isinyaa
2337;926;1-10;6015993.0;text;;[];True;False;03be63d69a706376;[];gmn?
2338;926;11-50;6015994.0;text;;[];False;False;03be63d69a706376;[];sidang minggu depan... doain ya
2339;926;51-100;6015995.0;text;;[];False;False;838a3d0e7e7c7cae;[];kemarin gw ke toko buku beli novel baruuu samaaaa buku referensi buat skripsii
2340;926;11-50;6016065.0;text;;[];False;False;838a3d0e7e7c7cae;[];kelass tambahan hari sabtuuuu sih
2341;926;11-50;6016102.0;text;;[];False;False;9a7eb1acd749eb01;[];mie ayam pak kumis juara sih
2342;926;1-10;6016129.0;text;;['🤣'];False;False;838a3d0e7e7c7cae;[];nah
2343;926;101-500;6016730.0;text;;[];True;False;ce58621891f7e7f2;[];menurut kalian kenapa ya generasi kita tuh kayaknya lebih gampang stres dan burnout dibanding generasi orang tua kita dulu? apa karena tekanan sosmed atau emang tuntutan hidup yang makin tinggi ya? gw penasaran aja sih soalnya temen temen gw banyak yang ngeluh hal yang sama
2344;926;1-10;6016730.0;text;;[];False;False;ce58621891f7e7f2;[];gaje
2345;926;11-50;6016991.0;text;;[];True;False;9a7eb1acd749eb01;[];boleh gw ikut ga?
2346;926;11-50;6017011.0;text;;[];True;False;9a7eb1acd749eb01;[];ad yg pny catetan?
2347;926;11-50;6017041.0;text;;[];False;False;838a3d0e7e7c7cae;[];tugas kelompokkk bikin pusing
2348;926;1-10;6017068.0;text;;[];False;False;ce58621891f7e7f2;[];aman
2349;926;1-10;6017073.0;text;;[];False;False;ce58621891f7e7f2;[];asli
2350;926;51-100;6017156.0;text;;[];False;False;838a3d0e7e7c7cae;[];gw lagi mikirinnn mauu ambillll magangggg di perusahaannn mana buatt semester depan
2351;926;1-10;6017200.0;text;;[];False;False;ce58621891f7e7f2;[];hmm
2352;926;11-50;6017205.0;text;;[];False;False;ce58621891f7e7f2;[];gw laper banget nih
2353;926;0;6018327.0;image/jpeg;;[];False;False;9a7eb1acd749eb01;[];[Foto]
2354;926;51-100;6018334.0;text;;[];False;False;9a7eb1acd749eb01;[];jangan lupa besok kumpul di lobby kampus jam 8 pagi buat berangkat bareng
2355;926;0;6020151.0;image/jpeg;;[];False;False;78f9e551034cee58;[];[Foto]
2356;927;51-100;6025378.0;text;;['🎊', '😅'];False;False;c09442bccf5fc4c4;[];besok ada bazaar di kampus katanya banyak makanan murah, pada ikut ga!!
2357;927;51-100;6025442.0;text;;[];False;False;ce58621891f7e7f2;['838a3d0e7e7c7cae'];tadi pagi gw olahraga lari keliling kampus 5 putaran badan pegel semua
2358;927;51-100;6025469.0;text;;[];False;False;ce58621891f7e7f2;[];gw nonton film dokumenter semalam tentang laut dan ikan, bagus banget
2359;927;11-50;6025474.0;text;;[];False;False;ce58621891f7e7f2;[];gw baru aja ketemu mantan
2360;927;1-10;6025482.0;text;;[];False;False;ce58621891f7e7f2;[];pasti
2361;927;101-500;6025483.0;text;;['🤦🏼\u200d♂️'];False;False;c09442bccf5fc4c4;[];gw pengen curhat sedikit nih. akhir akhir ini gw ngerasa burnout banget sama rutinitas kuliah yang itu itu aja. bangun pagi, kuliah, tugas, tidur, repeat. kadang gw ngerasa kayak robot yang cuma jalan sesuai program tanpa tau tujuan akhirnya apa. mungkin gw butuh liburan beneran buat refresh otak!!
2362;927;11-50;6025503.0;text;2359.0;[];False;False;c09442bccf5fc4c4;[];mama minta gw pulang weekend!!
2363;927;51-100;6025526.0;text;;[];False;False;ce58621891f7e7f2;[];adek gw mau masuk kuliah tahun depan gw harus bantu cariin info jurusan
2364;927;51-100;6025556.0;text;;[];False;False;c09442bccf5fc4c4;[];tadi pagi gw olahraga lari keliling kampus 5 putaran badan pegel semua!!
2365;927;11-50;6025568.0;text;;[];True;False;9a7eb1acd749eb01;[];lu lg ngapain sih?
2366;927;11-50;6025583.0;text;;['🤣'];False;False;c09442bccf5fc4c4;[];mama minta gw pulang weekend!!!
2367;927;11-50;6025590.0;text;;[];False;False;ce58621891f7e7f2;[];film baru di bioskop bagus ga
2368;927;11-50;6025604.0;text;;['🙈'];False;False;c09442bccf5fc4c4;[];nyokap nanya kapan lulus!!!
2369;927;11-50;6025716.0;text;;['😂'];False;False;c09442bccf5fc4c4;[];gw lagi marathon drakor nih!!
2370;927;11-50;6025731.0;text;;[];False;False;9a7eb1acd749eb01;[];keluarga ngumpul lebaran ntr
2371;927;11-50;6025733.0;text;;[];True;False;9a7eb1acd749eb01;[];tu tempatnya jauh ga?
2372;927;51-100;6025740.0;text;;[];False;False;ce58621891f7e7f2;[];gw nonton film dokumenter semalam tentang laut dan ikan, bagus banget
2373;927;11-50;6025742.0;text;;[];False;False;9a7eb1acd749eb01;[];gw baru aja ketemu mantan
2374;927;1-10;6025742.0;text;;[];False;False;ce58621891f7e7f2;[];pasti
2375;927;1-10;6025756.0;text;;[];False;False;9a7eb1acd749eb01;[];gitu
2376;927;51-100;6025775.0;text;;['💪🏼'];False;False;c09442bccf5fc4c4;[];besok ada bazaar di kampus katanya banyak makanan murah, pada ikut ga!!
2377;927;11-50;6025859.0;text;;[];False;False;838a3d0e7e7c7cae;[];duit bulanan belum dikirim
2378;927;51-100;6025862.0;text;;['🙈'];False;False;c09442bccf5fc4c4;[];besok ada bazaar di kampus katanya banyak makanan murah, pada ikut ga!!!
2379;927;11-50;6025873.0;text;;[];False;False;838a3d0e7e7c7cae;[];gw lagi marathonnnn drakorrrr nih
2380;927;11-50;6025937.0;text;2378.0;[];False;False;ce58621891f7e7f2;[];playlist lo yang mana sih
2381;927;1-10;6025938.0;text;;[];False;False;ce58621891f7e7f2;[];yess
2382;927;11-50;6025939.0;text;;[];False;False;ce58621891f7e7f2;[];adek gw masuk sma tahun ini
2383;927;11-50;6025959.0;text;;['😵'];False;True;c09442bccf5fc4c4;[];seru banget tadi malem!!!
2384;927;1-10;6025983.0;text;;[];False;False;838a3d0e7e7c7cae;[];gokss
2385;927;11-50;6026033.0;text;2378.0;[];True;False;9a7eb1acd749eb01;[];tu tempatnya jauh ga?
2386;927;1-10;6026095.0;text;;['🙈'];False;False;c09442bccf5fc4c4;[];gila!!!
2387;927;101-500;6026989.0;text;;[];False;False;6d67fceaabf2a799;[];gw pengen curhat sedikit nih. akhir akhir ini gw ngerasa burnout banget sama rutinitas kuliah yang itu itu aja. bangun pagi, kuliah, tugas, tidur, repeat. kadang gw ngerasa kayak robot yang cuma jalan sesuai program tanpa tau tujuan akhirnya apa. mungkin gw butuh liburan beneran buat refresh otak
2388;927;11-50;6027001.0;text;;[];False;True;6d67fceaabf2a799;[];seru banget tadi malem!
2389;927;51-100;6027081.0;text;;[];True;False;838a3d0e7e7c7cae;[];siapa sih yang spreadddd gosipppp itu ke grup sebelah, tau ga orangnya?
2390;927;11-50;6027136.0;text;;['😜'];False;False;e60ef424f9204530;[];nyokap nanya kapan lulus!!
2391;927;51-100;6027138.0;text;;[];False;True;6d67fceaabf2a799;[];ngakak parah tadi di kelas ada yang ketiduran pas dosen nerangin!
2392;927;51-100;6027203.0;text;;[];False;False;ce58621891f7e7f2;[];tadi pagi gw olahraga lari keliling kampus 5 putaran badan pegel semua
2393;927;11-50;6027296.0;text;;[];False;False;e60ef424f9204530;[];adek gw masuk SMA tahun ini!!
2394;927;11-50;6027354.0;text;;[];True;False;6d67fceaabf2a799;[];lu lagi ngapain sih?
2395;927;11-50;6027354.0;text;;[];True;False;ce58621891f7e7f2;[];kenapa ga bales chat gw?
2396;927;11-50;6027366.0;text;;[];True;False;ce58621891f7e7f2;[];itu tempatnya jauh ga?
2397;927;11-50;6027367.0;text;;[];False;False;838a3d0e7e7c7cae;[];duitt bulanannn belummmm dikirimmmm
2398;927;11-50;6027368.0;text;;['🤣'];False;False;6d67fceaabf2a799;[];film baru di bioskop bagus ga
2399;927;11-50;6027382.0;text;;[];False;False;838a3d0e7e7c7cae;[];gw lagi marathon drakorrrr nih
2400;927;51-100;6027396.0;text;;[];False;False;ce58621891f7e7f2;[];tadi pagi gw olahraga lari keliling kampus 5 putaran badan pegel semua
2401;927;1-10;6027443.0;text;;[];False;False;e60ef424f9204530;[];nice!!!
2402;927;1-10;6027471.0;text;;[];False;False;e60ef424f9204530;[];noted!!!
2403;927;1-10;6027481.0;text;;[];False;False;ce58621891f7e7f2;[];gini
2404;927;51-100;6027507.0;text;;[];False;False;ce58621891f7e7f2;[];besok ada bazaar di kampus katanya banyak makanan murah, pada ikut ga
2405;927;11-50;6027529.0;text;;[];False;False;e60ef424f9204530;[];bokap gw lagi di luar kota!!!
2406;927;11-50;6027747.0;text;;[];False;False;ce58621891f7e7f2;[];nyokap nanya kapan lulus
2407;927;11-50;6027764.0;text;;[];False;False;838a3d0e7e7c7cae;[];bokap gw lagi di luarr kotaaa
2408;927;11-50;6027775.0;text;;[];False;False;e60ef424f9204530;[];playlist lo yang mana sih!!
2409;927;11-50;6027778.0;text;;[];False;False;838a3d0e7e7c7cae;[];gw lagi marathonn drakor nih
2410;927;51-100;6027788.0;text;;[];False;False;838a3d0e7e7c7cae;[];gw lagii belajar masakkk sendiri biar ga jajann terus lumayan hemat soalnya
2411;927;11-50;6027814.0;text;;['🤣'];False;False;e60ef424f9204530;[];adek gw masuk SMA tahun ini!!
2412;927;11-50;6027825.0;text;;[];True;False;ce58621891f7e7f2;[];lu lagi ngapain sih?
2413;927;11-50;6027881.0;text;;[];False;False;e60ef424f9204530;[];nyokap nanya kapan lulus!!!
2414;927;11-50;6027960.0;text;;[];False;False;e60ef424f9204530;[];kakak gw baru aja nikah!!!
2415;927;1-10;6029086.0;text;;['🤣'];False;False;b347157be063753f;[];PASTI
2416;927;11-50;6030553.0;text;;[];True;False;9a7eb1acd749eb01;[];tu tempatnya jauh ga?
2417;927;11-50;6031801.0;text;;[];False;False;ce58621891f7e7f2;[];bokap gw lagi di luar kota
2418;927;11-50;6032163.0;text;2416.0;['😂'];False;False;e60ef424f9204530;[];duit bulanan belum dikirim!!
2419;927;11-50;6032192.0;text;;['😂'];False;False;e60ef424f9204530;[];duit bulanan belum dikirim!!
2420;927;1-10;6032275.0;text;;[];False;False;9a7eb1acd749eb01;[];gini
2421;927;11-50;6032287.0;text;;[];False;False;9a7eb1acd749eb01;[];keluarga ngumpul lebaran ntr
2422;927;11-50;6032289.0;text;;[];True;False;9a7eb1acd749eb01;[];knp ga bales chat gw?
2423;927;11-50;6032701.0;text;2421.0;[];False;False;6d67fceaabf2a799;[];gw lagi marathon drakor nih
2424;927;11-50;6032739.0;text;;[];False;False;e60ef424f9204530;[];film baru di bioskop bagus ga!!
2425;927;11-50;6032813.0;text;;[];True;False;9a7eb1acd749eb01;[];lu lg ngapain sih?
2426;927;51-100;6032815.0;text;;[];False;False;9a7eb1acd749eb01;[];besok ad bazaar di kampus katanya banyak makanan murah, pada ikut ga
2427;927;51-100;6032833.0;text;;[];False;False;e60ef424f9204530;[];gw lagi belajar masak sendiri biar ga jajan terus lumayan hemat soalnya!!!
2428;927;11-50;6032861.0;text;;[];False;False;03be63d69a706376;[];nyokap nanya kapan lulus
2429;927;51-100;6032863.0;text;;[];False;False;838a3d0e7e7c7cae;[];besok ada bazaar di kampus katanya banyak makanann murah, pada ikut ga
2430;927;1-10;6032872.0;text;;[];False;False;03be63d69a706376;[];anjay
2431;927;1-10;6032890.0;text;;['😂'];False;False;03be63d69a706376;[];yess
2432;927;11-50;6032892.0;text;;[];False;False;03be63d69a706376;[];film baru di bioskop bagus ga...
2433;927;11-50;6032900.0;text;;[];False;False;e60ef424f9204530;[];mama minta gw pulang weekend!!!
2434;927;11-50;6032922.0;text;;[];True;False;838a3d0e7e7c7cae;[];lu lagi ngapain sih?
2435;927;11-50;6032934.0;text;;[];False;False;e60ef424f9204530;[];playlist lo yang mana sih!!
2436;927;51-100;6032940.0;text;;[];False;False;838a3d0e7e7c7cae;[];gw lagi belajarr masak sendiri biarrrr ga jajan terus lumayan hemat soalnya
2437;927;11-50;6032943.0;text;;[];False;False;03be63d69a706376;[];mama minta gw pulang weekend...
2438;927;1-10;6032945.0;text;;[];False;False;03be63d69a706376;[];goks
2439;927;1-10;6032951.0;text;;[];False;False;03be63d69a706376;[];gila
2440;927;51-100;6032981.0;text;;[];False;False;03be63d69a706376;[];besok ada bazaar... di kampus... katanya banyak makanan... murah, pada ikut ga
2441;927;1-10;6032983.0;text;;[];False;False;03be63d69a706376;[];gitu
2442;927;11-50;6033041.0;text;;[];False;False;03be63d69a706376;[];gw baru aja ketemu mantan
2443;927;11-50;6033096.0;text;;[];False;False;e60ef424f9204530;[];mama minta gw pulang weekend!!
2444;927;51-100;6033098.0;text;;['🤣'];False;False;838a3d0e7e7c7cae;[];tadiii pagi gw olahraga lariiii keliling kampus 5 putaran badan pegel semuaaaa
2445;927;11-50;6033122.0;text;;['😂'];False;False;e60ef424f9204530;[];duit bulanan belum dikirim!!
2446;927;1-10;6033129.0;text;;[];False;False;9a7eb1acd749eb01;[];pasti
2447;927;11-50;6033143.0;text;;[];True;False;9a7eb1acd749eb01;[];knp ga bales chat gw?
2448;927;11-50;6033163.0;text;;[];False;False;838a3d0e7e7c7cae;[];keluargaa ngumpul lebaran nanti
2449;927;11-50;6033178.0;text;;[];True;False;03be63d69a706376;[];kenapa ga bales chat gw?
2450;927;51-100;6033180.0;text;;[];False;False;838a3d0e7e7c7cae;[];gw nontonnnn film dokumenterr semalammm tentang laut dannn ikan, bagus bangett
2451;927;11-50;6033182.0;text;;[];True;False;03be63d69a706376;[];siapa aja yg dateng?
2452;927;51-100;6033207.0;text;;[];False;False;838a3d0e7e7c7cae;[];gw lagi belajarrrr masakk sendiriii biar ga jajann terussss lumayan hematt soalnya
2453;927;11-50;6033209.0;text;;[];False;False;838a3d0e7e7c7cae;[];mama minta gw pulanggg weekend
2454;927;51-100;6033913.0;text;;[];False;False;9a7eb1acd749eb01;[];adek gw mau masuk kuliah tahun depan gw hrs bantu cariin info jurusan
2455;927;1-10;6035254.0;text;;['🤣'];False;False;b347157be063753f;[];MAGER
2456;927;1-10;6035278.0;text;;[];False;False;b347157be063753f;[];GILA
2457;927;51-100;6035326.0;text;;['🤣'];False;False;b347157be063753f;[];BESOK ADA BAZAAR DI KAMPUS KATANYA BANYAK MAKANAN MURAH, PADA IKUT GA
2458;927;1-10;6035339.0;text;;[];False;False;b347157be063753f;[];PASTI
2459;927;11-50;6035340.0;text;;[];False;False;b347157be063753f;[];MAMA MINTA GW PULANG WEEKEND
2460;927;101-500;6035414.0;text;;[];False;False;b347157be063753f;[];GW PENGEN CURHAT SEDIKIT NIH. AKHIR AKHIR INI GW NGERASA BURNOUT BANGET SAMA RUTINITAS KULIAH YANG ITU ITU AJA. BANGUN PAGI, KULIAH, TUGAS, TIDUR, REPEAT. KADANG GW NGERASA KAYAK ROBOT YANG CUMA JALAN SESUAI PROGRAM TANPA TAU TUJUAN AKHIRNYA APA. MUNGKIN GW BUTUH LIBURAN BENERAN BUAT REFRESH OTAK
2461;927;51-100;6035438.0;text;;[];False;False;b347157be063753f;[];GW NONTON FILM DOKUMENTER SEMALAM TENTANG LAUT DAN IKAN, BAGUS BANGET
2462;927;11-50;6035580.0;text;;[];False;False;b347157be063753f;[];PLAYLIST LO YANG MANA SIH
2463;927;11-50;6035596.0;text;;[];False;False;b347157be063753f;[];BOKAP GW LAGI DI LUAR KOTA
2464;927;51-100;6035615.0;text;;[];False;False;b347157be063753f;[];ADEK GW MAU MASUK KULIAH TAHUN DEPAN GW HARUS BANTU CARIIN INFO JURUSAN
2465;927;11-50;6035639.0;text;;[];False;False;b347157be063753f;[];BOKAP GW LAGI DI LUAR KOTA
2466;928;0;6056338.0;image/jpeg;;[];False;False;9a7eb1acd749eb01;[];[Foto]
2467;928;1-10;6057364.0;text;;[];False;False;0dae6c83cfb31784;[];iyaa
2468;928;1-10;6057446.0;text;;[];False;False;838a3d0e7e7c7cae;[];ah
2469;928;11-50;6057491.0;text;;[];False;False;9a7eb1acd749eb01;[];gw baru ganti nomor btw
2470;928;1-10;6057499.0;text;;['🤣'];False;False;b347157be063753f;[];YOII
2471;928;1-10;6057699.0;text;;['🤣'];False;False;c09442bccf5fc4c4;[];okk!!!
2472;928;1-10;6060129.0;text;;['🤣'];False;False;6d67fceaabf2a799;[];ah
2473;928;101-500;6060925.0;text;;[];True;False;03be63d69a706376;[];gw lagi bimbang nih antara mau ikut organisasi kampus atau fokus ke... akademik aja. menurut kalian gimana sih, worth it ga sih ikut organisasi?... soalnya gw denger banyak yang bilang bisa nambah soft skill tapi di sisi lain waktu buat belajar jadi berkurang kan, gimana... pengalaman kalian?
2474;928;11-50;6060952.0;text;;[];False;False;838a3d0e7e7c7cae;[];wifii kampus lemott parahh
2475;928;101-500;6061627.0;text;;[];True;False;4e7e80075ece205e;[];menurut kalian kenapa ya generasi kita,,, tuh kayaknya,,, lebih gampang stres dan burnout dibanding generasi orang tua kita dulu? apa karena,,, tekanan sosmed atau emang tuntutan hidup,,, yang makin tinggi ya? gw penasaran aja sih soalnya,,, temen temen gw,,, banyak yang ngeluh hal yang sama
2476;928;1-10;6061672.0;text;;[];False;False;03be63d69a706376;[];okey
2477;928;11-50;6061684.0;text;;[];False;False;03be63d69a706376;[];hujan deres ga bawa... payung
2478;928;11-50;6061694.0;text;;['😂'];False;False;03be63d69a706376;[];bentar ya gw lg di... jalan
2479;928;11-50;6061695.0;text;;[];False;False;03be63d69a706376;[];cuaca hari ini panas banget
2480;928;11-50;6061709.0;text;;['🤦\u200d♂️', '😂'];False;False;03be63d69a706376;[];hujan deres ga bawa payung
2481;928;1-10;6061711.0;text;;['😂'];False;False;03be63d69a706376;[];hem
2482;928;11-50;6061711.0;text;;[];False;False;03be63d69a706376;[];ntar gw kabarin lagi deh
2483;928;51-100;6061809.0;text;;[];False;False;4e7e80075ece205e;[];gw lagi,,, dengerin podcast tentang psikologi, lumayan buat nambah,,, wawasan,,,
2484;928;1-10;6062937.0;text;;[];False;False;03be63d69a706376;[];gassss
2485;928;11-50;6062944.0;text;;['😂'];False;False;03be63d69a706376;[];gw lagi di atm sebentar
2486;928;11-50;6062981.0;text;;[];False;False;4e7e80075ece205e;[];dompet gw ketinggalan di,,, rumah
2487;928;1-10;6063013.0;text;;['😂'];False;False;03be63d69a706376;[];seep
2488;928;11-50;6063050.0;text;;['🤣'];False;False;4e7e80075ece205e;[];internet mati,,, lagi di kosan
2489;928;1-10;6063077.0;text;;['😂'];False;False;03be63d69a706376;[];iyaa
2490;928;101-500;6063257.0;text;;[];True;False;838a3d0e7e7c7cae;[];eh ada yangg punyaa rekomendasiiii laptoppp budgettt 5 jutaan yang bagus buat kuliah dan ngoding ga? laptop gw yang sekarangg udahhhh mulai lemot dannn sering ngehang kaloo buka banyakkkk tab. pengennya sih yanggg ringannnn buat dibawa ke kampus tapi tetep kenceng performanya, adaaa saran?
2491;928;11-50;6063262.0;text;;[];False;False;838a3d0e7e7c7cae;[];dompet gw ketinggalann di rumah
2492;928;1-10;6063321.0;text;;['😂'];False;False;03be63d69a706376;[];siapp
2493;928;11-50;6063328.0;text;;[];False;False;03be63d69a706376;[];gw baru ganti nomor btw...
2494;928;11-50;6063334.0;text;;[];False;False;03be63d69a706376;[];gw baru ganti nomor btw...
2495;928;11-50;6063339.0;text;;[];False;False;03be63d69a706376;[];dompet gw ketinggalan di... rumah
2496;928;11-50;6063341.0;text;;[];False;False;03be63d69a706376;[];dompet gw ketinggalan di rumah
2497;928;1-10;6063825.0;text;;[];False;False;b347157be063753f;[];SEEP
2498;928;0;6064044.0;image/jpeg;;[];False;False;b347157be063753f;[];[Foto]
2499;928;11-50;6064125.0;text;2498.0;[];False;False;b347157be063753f;[];GW MAU TIDUR DULU YA
2500;929;11-50;6075604.0;text;;[];False;False;9a7eb1acd749eb01;[];gym hari ni skip deh
2501;929;101-500;6075761.0;text;;[];False;False;022fd2d8eea8dfdc;[];tadi siang gw makan di warung makan baru deket gerbang belakang kampus. nasi gorengnya lumayan enak dan harganya murah banget cuma 12 ribu udah sama es teh. kayaknya bakal jadi langganan baru deh soalnya warteg biasa gw udah mulai naik harga dan porsinya makin dikit aja
2502;930;1-10;6113380.0;text;;['😂'];False;False;32f86839507ea657;[];gassss
2503;930;101-500;6114120.0;text;;[];False;True;c09442bccf5fc4c4;[];gila sih guys tadi pas gw lagi di jalan tiba tiba motor gw diserempet sama mobil yang belok tanpa sein! untung gw ga jatoh tapi spion gw patah dan baret di bodi motor. orangnya langsung kabur lagi ga tanggung jawab! sumpah kesel banget gw sampe sekarang masih gemetaran!!
2504;930;51-100;6114153.0;text;;['☺️'];False;False;c09442bccf5fc4c4;[];duit jajan gw abis padahal baru tanggal 15 harus ngirit banget nih!!
2505;931;11-50;6130229.0;text;2504.0;[];False;False;6d67fceaabf2a799;[];bokap gw lagi di luar kota
2506;931;51-100;6130559.0;text;;[];False;False;4e7e80075ece205e;[];besok ada bazaar,,, di kampus katanya banyak makanan murah, pada ikut ga
2507;932;11-50;6154872.0;video/mp4;;['😂'];False;False;e60ef424f9204530;[];[Video]
2508;932;1-10;6160141.0;text;;['😂'];False;False;9a7eb1acd749eb01;[];bener
2509;933;51-100;6357390.0;text;;[];False;False;ce58621891f7e7f2;[];gw seneng banget akhirnya bisa ketemu temen temen lama setelah lama ga
2510;933;11-50;6357391.0;text;;[];False;False;ce58621891f7e7f2;[];lu tim mana dukungnya
2511;934;51-100;6371317.0;text;;[];True;False;6d67fceaabf2a799;[];ada yang tau kenapa kantin kampus tutup lebih awal hari ini ga sih?
2512;934;51-100;6371327.0;text;;[];False;False;6d67fceaabf2a799;[];weekend ini gw mau staycation aja di kosan binge watching series baru
2513;934;11-50;6371343.0;text;;['😅'];False;False;6d67fceaabf2a799;[];gw mau pesen gofood dulu
2514;934;1-10;6371539.0;text;;[];False;False;9a7eb1acd749eb01;[];ayok
2515;934;11-50;6371550.0;text;;[];True;False;9a7eb1acd749eb01;[];udah sampe belom?
2516;934;11-50;6372080.0;text;;[];False;False;ce58621891f7e7f2;[];sarapan dulu baru mikir
2517;934;1-10;6372081.0;text;;[];False;False;ce58621891f7e7f2;[];bro
2518;934;51-100;6372453.0;text;;[];False;False;6d67fceaabf2a799;[];weekend ini gw mau staycation aja di kosan binge watching series baru
2519;934;11-50;6372460.0;text;;[];True;False;6d67fceaabf2a799;[];bawa motor apa naik apa?
2520;934;11-50;6372470.0;text;;['🤦🏻\u200d♂️'];False;False;6d67fceaabf2a799;[];sarapan dulu baru mikir
2521;934;1-10;6372496.0;text;;[];False;False;9a7eb1acd749eb01;[];bro
2522;934;11-50;6372505.0;text;;[];True;False;9a7eb1acd749eb01;[];tu beneran apa hoax?
2523;934;11-50;6372627.0;text;;[];False;False;6d67fceaabf2a799;[];gw lagi diet tapi gagal mulu
2524;934;1-10;6372668.0;text;;[];False;False;9a7eb1acd749eb01;[];woy
2525;934;11-50;6372672.0;text;;[];False;False;9a7eb1acd749eb01;[];es teh manis satu ya bang
2526;934;1-10;6372675.0;text;;[];False;False;022fd2d8eea8dfdc;[];fix
2527;934;11-50;6372677.0;text;;[];False;False;022fd2d8eea8dfdc;[];gw mau nyoba restoran baru
2528;934;51-100;6372705.0;text;;[];False;False;ce58621891f7e7f2;[];gw udah download semua materi kuliah tapi belum sempat baca sama sekali
2529;934;11-50;6372766.0;text;;[];False;False;9a7eb1acd749eb01;[];gw mau pesen gofood dulu
2530;934;11-50;6372792.0;text;;[];False;False;022fd2d8eea8dfdc;[];gw mau nyoba restoran baru
2531;934;11-50;6372915.0;text;;[];False;False;6d67fceaabf2a799;[];sarapan dulu baru mikir
2532;934;11-50;6372955.0;text;;[];False;True;838a3d0e7e7c7cae;[];enak banget makanannya!
2533;934;51-100;6372962.0;text;;[];False;False;6d67fceaabf2a799;[];gw lagi bingung milih topik skripsi antara dua tema yang sama menariknya
2534;934;1-10;6372964.0;text;;[];True;False;838a3d0e7e7c7cae;[];serius?
2535;934;11-50;6372985.0;text;;[];False;False;9a7eb1acd749eb01;[];gw mau nyoba restoran baru
2536;934;51-100;6372986.0;text;;['😪'];False;False;6d67fceaabf2a799;[];gw udah download semua materi kuliah tapi belum sempat baca sama sekali
2537;934;11-50;6372989.0;text;;[];False;False;6d67fceaabf2a799;[];sarapan dulu baru mikir
2538;934;1-10;6372997.0;text;;[];False;False;9a7eb1acd749eb01;[];ngab
2539;934;11-50;6373007.0;text;;[];False;False;9a7eb1acd749eb01;[];gw lg diet tp gagal mulu
2540;934;11-50;6373012.0;text;;[];True;False;6d67fceaabf2a799;[];udah sampe belom?
2541;934;0;6373017.0;unknown;;[];False;False;9a7eb1acd749eb01;[];[Media tidak dikenal]
2542;934;11-50;6373022.0;text;;[];False;False;6d67fceaabf2a799;[];nongkrong yuk di kafe biasa
2543;934;1-10;6373028.0;text;;[];False;False;9a7eb1acd749eb01;[];sis
2544;934;1-10;6373030.0;text;;[];False;False;9a7eb1acd749eb01;[];yep
2545;934;11-50;6373031.0;text;;[];False;False;9a7eb1acd749eb01;[];tadi gw makan nasi padang
2546;934;1-10;6373034.0;text;;['🤣'];False;False;b347157be063753f;[];NGAB
2547;934;1-10;6373039.0;text;;[];False;False;6d67fceaabf2a799;[];bro
2548;934;11-50;6373046.0;text;;[];False;False;6d67fceaabf2a799;[];bakso malang itu buka ga ya
2549;934;11-50;6373050.0;text;;[];False;False;6d67fceaabf2a799;[];kopi susu yg biasa ya
2550;934;0;6373064.0;video/mp4;;[];False;False;6d67fceaabf2a799;[];[Video]
2551;934;11-50;6373065.0;text;;[];False;False;9a7eb1acd749eb01;[];gw mau pesen gofood dulu
2552;934;11-50;6373079.0;text;;[];False;False;9a7eb1acd749eb01;[];bakso malang tu buka ga ya
2553;934;11-50;6373086.0;text;;[];True;False;9a7eb1acd749eb01;[];tu beneran apa hoax?
2554;934;101-500;6373129.0;text;;[];False;False;838a3d0e7e7c7cae;[];kemarin malemmmm gw samaa temennn temen nongkrong di warkop biasaaaa sampe jam 12 malem. kita ngobrollll banyakkkk hal dari mulaii tugas kuliah, rencana liburan, sampe masalah percintaan. seru sih walau besoknyaaa gw kesiangannn masukk kelas pagiiii dannn dosen negurrrr di depan semuaaa orang. maluuu tapi ya gimanaa lagii
2555;934;51-100;6373146.0;text;;[];False;False;838a3d0e7e7c7cae;[];tadi di kantinnn ketemu anak angkatan bawah yanggg kenal sama temen smaaa gw
2556;934;11-50;6373152.0;text;;[];False;False;838a3d0e7e7c7cae;[];tadi gw makan nasi padangg
2557;934;1-10;6373159.0;text;;[];False;False;6d67fceaabf2a799;[];fix
2558;934;51-100;6373177.0;text;;[];False;False;6d67fceaabf2a799;[];weekend ini gw mau staycation aja di kosan binge watching series baru
2559;934;11-50;6373184.0;text;;[];False;False;6d67fceaabf2a799;[];masak sendiri lebih hemat sih
2560;934;11-50;6373184.0;text;;[];False;False;6d67fceaabf2a799;[];bakso malang itu buka ga ya
2561;934;11-50;6373186.0;text;;[];False;False;838a3d0e7e7c7cae;[];nongkrongggg yuk di kafe biasaaa
2562;934;11-50;6373197.0;text;;[];False;False;6d67fceaabf2a799;[];gw mau nyoba restoran baru
2563;934;11-50;6373199.0;text;;[];False;False;838a3d0e7e7c7cae;[];sarapan duluuu baru mikir
2564;934;11-50;6373210.0;text;;[];True;False;838a3d0e7e7c7cae;[];udah sampe belom?
2565;934;11-50;6373214.0;text;;[];False;False;6d67fceaabf2a799;[];gw mau pesen gofood dulu
2566;934;1-10;6373215.0;text;;[];False;False;6d67fceaabf2a799;[];bro
2567;934;11-50;6373216.0;text;;[];False;False;6d67fceaabf2a799;[];porsi makan gw nambah terus
2568;934;11-50;6373257.0;text;;[];False;False;838a3d0e7e7c7cae;[];nongkrongg yukkkk di kafee biasa
2569;934;11-50;6373342.0;text;;[];False;False;6d67fceaabf2a799;[];bakso malang itu buka ga ya
2570;934;11-50;6373346.0;text;;[];False;False;6d67fceaabf2a799;[];sarapan dulu baru mikir
2571;934;11-50;6373939.0;text;;[];False;True;f39e438457643ac3;[];enak banget makanannya!
2572;934;11-50;6374184.0;text;;[];False;False;022fd2d8eea8dfdc;[];gw mau pesen gofood dulu
2573;934;11-50;6374343.0;text;;['😅'];True;False;6d67fceaabf2a799;[];udah sampe belom?
2574;934;1-10;6374365.0;text;;[];False;False;f39e438457643ac3;[];Sip.
2575;934;11-50;6374371.0;text;;[];False;False;f39e438457643ac3;[];Tadi gw makan nasi padang.
2576;934;11-50;6374833.0;text;;['😪'];False;False;6d67fceaabf2a799;[];sarapan dulu baru mikir
2577;934;11-50;6374913.0;text;;[];False;False;022fd2d8eea8dfdc;[];gw mau nyoba restoran baru
2578;934;11-50;6375181.0;text;;[];False;False;ce58621891f7e7f2;[];kopi susu yg biasa ya
2579;934;11-50;6375188.0;text;;[];False;False;ce58621891f7e7f2;[];sarapan dulu baru mikir
2580;934;51-100;6375328.0;text;;[];False;False;022fd2d8eea8dfdc;[];tadi di kantin ketemu anak angkatan bawah yang kenal sama temen SMA gw
2581;934;51-100;6375387.0;text;;[];False;False;6d67fceaabf2a799;[];gw lagi bingung milih topik skripsi antara dua tema yang sama menariknya
2582;934;11-50;6375392.0;text;;[];False;False;6d67fceaabf2a799;[];sarapan dulu baru mikir
2583;934;11-50;6375436.0;text;;[];False;False;ce58621891f7e7f2;[];tadi gw makan nasi padang
2584;934;1-10;6375441.0;text;;['😂'];False;False;ce58621891f7e7f2;[];fix
2585;934;51-100;6375785.0;text;;['🙈'];False;False;c09442bccf5fc4c4;[];tadi di kantin ketemu anak angkatan bawah yang kenal sama temen SMA gw!!
2586;934;11-50;6375798.0;text;;['🤣'];False;False;c09442bccf5fc4c4;[];nongkrong yuk di kafe biasa!!
2587;934;1-10;6375803.0;text;;['🤣'];False;False;6d67fceaabf2a799;[];sis
2588;934;11-50;6375813.0;text;;[];False;False;6d67fceaabf2a799;[];nongkrong yuk di kafe biasa
2589;934;11-50;6375850.0;text;;[];False;False;ce58621891f7e7f2;[];gw lagi diet tapi gagal mulu
2590;934;11-50;6375892.0;text;;[];False;False;838a3d0e7e7c7cae;[];kopi susu yg biasa ya
2591;934;11-50;6375904.0;text;;[];False;False;838a3d0e7e7c7cae;[];gw mau nyoba restorannn baruuu
2592;934;11-50;6375906.0;text;;[];False;False;838a3d0e7e7c7cae;[];gw lagiiii diet tapi gagall muluu
2593;934;11-50;6375915.0;text;;[];False;False;838a3d0e7e7c7cae;[];gw mauuuu nyoba restoran baru
2594;934;11-50;6375929.0;text;;[];False;False;ce58621891f7e7f2;[];es teh manis satu ya bang
2595;934;1-10;6375931.0;text;;[];False;False;ce58621891f7e7f2;[];sis
2596;934;1-10;6375960.0;text;;['👍🏻'];False;False;838a3d0e7e7c7cae;[];woy
2597;934;1-10;6375979.0;text;;[];False;True;ce58621891f7e7f2;[];keren!
2598;934;1-10;6375980.0;text;;['😂'];False;False;ce58621891f7e7f2;[];fix
2599;934;51-100;6376019.0;text;;[];False;False;ce58621891f7e7f2;[];gw udah download semua materi kuliah tapi belum sempat baca sama sekali
2600;934;11-50;6376024.0;text;;[];False;False;ce58621891f7e7f2;[];sarapan dulu baru mikir
2601;934;1-10;6376029.0;text;;[];False;False;838a3d0e7e7c7cae;[];sissss
2602;934;11-50;6376238.0;text;;[];False;False;f39e438457643ac3;[];Indomie telor udah cukup kok.
2603;934;11-50;6376238.0;text;;[];False;False;f39e438457643ac3;[];Es teh manis satu ya bang.
2604;934;11-50;6376269.0;text;;[];False;False;f39e438457643ac3;[];Indomie telor udah cukup kok.
2605;934;11-50;6376277.0;text;;[];False;False;f39e438457643ac3;[];Bakso malang itu buka ga ya.
2606;934;1-10;6376280.0;text;;['😄'];False;False;f39e438457643ac3;[];Ngab.
2607;934;1-10;6376283.0;text;;[];False;False;f39e438457643ac3;[];Cuy.
2608;934;51-100;6376352.0;text;;[];False;False;838a3d0e7e7c7cae;[];gw udah downloadd semuaaaa materi kuliah tapi belum sempat baca sama sekaliiii
2609;934;11-50;6376371.0;text;;[];False;True;022fd2d8eea8dfdc;[];enak banget makanannya!
2610;934;51-100;6376404.0;text;;[];False;False;ce58621891f7e7f2;[];weekend ini gw mau staycation aja di kosan binge watching series baru
2611;934;51-100;6376431.0;text;;[];True;False;ce58621891f7e7f2;['6d67fceaabf2a799'];ada yang tau kenapa kantin kampus tutup lebih awal hari ini ga sih?
2612;934;51-100;6376810.0;text;2594.0;['🤣'];False;False;c09442bccf5fc4c4;[];tadi di kantin ketemu anak angkatan bawah yang kenal sama temen SMA gw!!
2613;934;51-100;6376887.0;text;;[];False;False;6d67fceaabf2a799;[];dompet gw ilang kemarin di angkot tapi alhamdulillah ada yang nemuin
2614;934;101-500;6376909.0;text;;[];False;False;6d67fceaabf2a799;[];kemarin malem gw sama temen temen nongkrong di warkop biasa sampe jam 12 malem. kita ngobrol banyak hal dari mulai tugas kuliah, rencana liburan, sampe masalah percintaan. seru sih walau besoknya gw kesiangan masuk kelas pagi dan dosen negur di depan semua orang. malu tapi ya gimana lagi
2615;934;11-50;6376932.0;text;;[];True;False;ce58621891f7e7f2;[];bayar berapa sih tadi?
2616;934;101-500;6380044.0;text;;[];False;False;6d67fceaabf2a799;[];kemarin malem gw sama temen temen nongkrong di warkop biasa sampe jam 12 malem. kita ngobrol banyak hal dari mulai tugas kuliah, rencana liburan, sampe masalah percintaan. seru sih walau besoknya gw kesiangan masuk kelas pagi dan dosen negur di depan semua orang. malu tapi ya gimana lagi
2617;934;11-50;6380052.0;text;;[];False;False;6d67fceaabf2a799;[];gw mau nyoba restoran baru
2618;935;51-100;6380682.0;text;;[];False;False;6d67fceaabf2a799;[];gw pengen banget liburan ke pantai tapi duit lagi tipis banget sekarang
2619;935;11-50;6381459.0;text;;[];False;False;838a3d0e7e7c7cae;[];gw kangen temen temen sma
2620;935;51-100;6381515.0;text;;[];False;False;b347157be063753f;[];GW PENGEN BANGET LIBURAN KE PANTAI TAPI DUIT LAGI TIPIS BANGET SEKARANG
2621;935;11-50;6381583.0;text;;[];False;False;b347157be063753f;[];TEMEN GW SAKIT MASUK RS
2622;935;11-50;6382065.0;text;;[];False;False;6d67fceaabf2a799;[];eh denger gosip belum
2623;935;51-100;6382090.0;text;;[];False;False;838a3d0e7e7c7cae;[];gw baru aja dapetttt kabar kalo temennnn kitaaa diterimaaa kerja di luarr negeriii
2624;935;11-50;6382243.0;text;;[];False;False;6d67fceaabf2a799;[];gw ga percaya sih gosipnya
2625;935;11-50;6382250.0;text;;['😅'];False;False;6d67fceaabf2a799;[];gw berantem sama si anu
2626;935;1-10;6382473.0;text;;['🤣'];False;False;838a3d0e7e7c7cae;[];udah
2627;935;1-10;6382531.0;text;;[];False;False;03be63d69a706376;[];setuju
2628;935;51-100;6382540.0;text;;[];False;False;03be63d69a706376;[];lu harus coba kedai kopi baru di jalan belakang kampus, enak banget
2629;935;1-10;6382548.0;text;;['😂'];False;False;03be63d69a706376;[];wkwkw
2630;935;11-50;6382550.0;text;;[];False;True;03be63d69a706376;[];gw kaget pas denger itu!
2631;935;11-50;6382559.0;text;;[];True;False;838a3d0e7e7c7cae;[];kos lu dimana sih tepatnya?
2632;935;51-100;6382564.0;text;;[];False;False;838a3d0e7e7c7cae;[];hari ini gw ada rapat organisasi sampeee sore jadi ga bisa ikut nongkrong
2633;935;11-50;6382587.0;text;;[];False;False;9a7eb1acd749eb01;[];angkot ke sana msh ad ga
2634;935;11-50;6382592.0;text;;[];False;False;9a7eb1acd749eb01;[];gw kangen temen temen sma
2635;935;1-10;6382597.0;text;;[];True;False;838a3d0e7e7c7cae;[];ready?
2636;935;11-50;6382697.0;text;;[];False;False;9a7eb1acd749eb01;[];temenin gw dong besok
2637;935;11-50;6382708.0;text;;[];False;False;9a7eb1acd749eb01;[];diem diem ternyata jadian
2638;935;11-50;6382727.0;text;;[];False;False;9a7eb1acd749eb01;['022fd2d8eea8dfdc'];eh denger gosip blm
2639;935;51-100;6382733.0;text;2623.0;[];False;False;c09442bccf5fc4c4;[];gw baru aja dapet kabar kalo temen kita diterima kerja di luar negeri!!!
2640;935;11-50;6382762.0;text;;[];False;False;838a3d0e7e7c7cae;[];eh dengerrr gosippp belum
2641;935;1-10;6383000.0;text;;[];False;False;022fd2d8eea8dfdc;[];setuju
2642;935;0;6383009.0;unknown;;[];False;False;022fd2d8eea8dfdc;[];[Media tidak dikenal]
2643;935;11-50;6383023.0;text;;[];False;False;022fd2d8eea8dfdc;[];gw berantem sama si anu
2644;936;11-50;6384964.0;text;;[];True;False;022fd2d8eea8dfdc;[];ada sinyal ga disitu?
2645;936;11-50;6386260.0;text;;['😂'];True;False;9a7eb1acd749eb01;[];msh bangun ga lu jam segini?
2646;937;101-500;6392235.0;text;2623.0;[];True;False;c09442bccf5fc4c4;[];guys ada yang tau ga sih kenapa sistem registrasi online kampus sering banget error pas masa pengisian KRS? tiap semester selalu gitu bikin stres, mana harus rebutan mata kuliah yang kuotanya dikit banget lagi. apa emang servernya ga kuat ya nampung banyak mahasiswa sekaligus!!
2647;937;11-50;6392258.0;text;;[];False;False;838a3d0e7e7c7cae;[];lu dimanaaa sih lama bangett
2648;937;101-500;6392260.0;text;;[];True;False;c09442bccf5fc4c4;[];menurut kalian kenapa ya generasi kita tuh kayaknya lebih gampang stres dan burnout dibanding generasi orang tua kita dulu? apa karena tekanan sosmed atau emang tuntutan hidup yang makin tinggi ya? gw penasaran aja sih soalnya temen temen gw banyak yang ngeluh hal yang sama!!!
2649;937;11-50;6392268.0;text;;[];False;False;838a3d0e7e7c7cae;[];lu dimana sihh lama banget
2650;937;11-50;6392288.0;text;;[];False;False;838a3d0e7e7c7cae;[];gw lagii di warkop nihhhh
2651;937;11-50;6392296.0;text;;[];False;False;022fd2d8eea8dfdc;[];gw udah di parkiran nih
2652;937;11-50;6392314.0;text;;[];True;False;022fd2d8eea8dfdc;[];wifi password nya apa sih?
2653;937;11-50;6392359.0;text;;[];False;False;838a3d0e7e7c7cae;[];macet parahhhh di jalan tol
2654;937;11-50;6392830.0;text;;[];False;False;9a7eb1acd749eb01;[];gw nyari parkir dulu bentar
2655;937;101-500;6393237.0;text;;[];False;False;0dae6c83cfb31784;[];gw baru,,, aja beres beresin kosan dan nemu barang barang lama dari,,, jaman sma. ada foto,,, kelas, surat,,, dari mantan,,,, sama,,, buku diary yang,,, isinya cringe banget kalo dibaca sekarang. jadi nostalgia,,, sendiri inget,,, masa masa dulu yang lebih sederhana. kadang kangen juga sih jadi anak sma lagi tanpa mikirin skripsi
2656;938;0;6459005.0;image/jpeg;;[];False;False;838a3d0e7e7c7cae;[];[Foto]
2657;938;1-10;6459022.0;text;;[];False;False;022fd2d8eea8dfdc;[];hihi
2658;938;0;6459484.0;video/mp4;;[];False;False;9a7eb1acd749eb01;[];[Video]
2659;938;1-10;6460813.0;text;;['😂'];False;False;78b7421aa4387450;[];ywd
2660;938;51-100;6461059.0;text;;[];False;False;022fd2d8eea8dfdc;[];lu harus coba kedai kopi baru di jalan belakang kampus, enak banget
2661;938;11-50;6463258.0;text;;[];False;False;51674259943ef97a;[];gw kangen temen temen SMA
2662;938;51-100;6464689.0;text;;[];True;False;03be63d69a706376;['838a3d0e7e7c7cae'];lu pernah coba belajar bareng di perpus kota ga, enak... ga disana?
2663;938;11-50;6464704.0;text;;['😂'];False;False;03be63d69a706376;[];diem diem ternyata jadian
2664;938;11-50;6464741.0;text;;[];False;False;838a3d0e7e7c7cae;[];gw ga percayaaa sih gosipnya
2665;939;1-10;6489612.0;text;;['🤣'];False;False;b347157be063753f;[];PASTI
2666;939;1-10;6489639.0;text;;['🤣'];False;False;b347157be063753f;[];WOLES
2667;940;11-50;6498175.0;text;;[];False;False;6d67fceaabf2a799;[];lu dimana sih lama banget
2668;940;11-50;6498182.0;text;;[];False;False;6d67fceaabf2a799;[];rame banget disini cuy
2669;940;11-50;6498185.0;text;;[];True;False;6d67fceaabf2a799;[];nilai keluar kapan ya?
2670;940;1-10;6498269.0;text;;[];False;False;0a78978cffdec07a;[];kok
2671;940;11-50;6498274.0;text;;[];False;False;0a78978cffdec07a;[];jangan lupa bawa diut cash
2672;940;11-50;6498276.0;text;;[];False;False;0a78978cffdec07a;[];lu dmn sih lama bgt
2673;940;11-50;6498288.0;text;;[];False;False;0a78978cffdec07a;[];gw nyari parkir dluu bentar
2674;940;11-50;6498302.0;text;;[];False;False;0a78978cffdec07a;[];jangan lupa bawa duit cash
2675;940;11-50;6498315.0;text;;[];False;False;6d67fceaabf2a799;[];gw nyari parkir dulu bentar
2676;940;11-50;6498319.0;text;;[];False;False;6d67fceaabf2a799;[];gw lagi di warkop nih
2677;940;51-100;6498337.0;text;;[];False;False;6d67fceaabf2a799;[];temen sekamar gw pindah kosan jadi sekarang gw sendirian di kamar
2678;940;11-50;6498402.0;text;;[];False;False;6d67fceaabf2a799;[];gw ngga bisa ikut malem ini
2679;940;11-50;6498435.0;text;;[];True;False;6d67fceaabf2a799;[];wifi password nya apa sih?
2680;940;11-50;6498447.0;text;;[];False;False;0a78978cffdec07a;[];rame bgt disini cuy
2681;940;1-10;6498451.0;text;;[];False;False;0a78978cffdec07a;[];hoo
2682;940;1-10;6498455.0;text;;[];False;False;0a78978cffdec07a;[];hoo
2683;940;11-50;6498468.0;text;;[];False;False;0a78978cffdec07a;[];gw naki ojol aja deh
2684;940;11-50;6498469.0;text;;[];False;False;6d67fceaabf2a799;[];gw nyari parkir dulu bentar
2685;940;11-50;6498471.0;text;;[];False;False;0a78978cffdec07a;[];rame bgt disiin cuy
2686;940;11-50;6498477.0;text;;[];False;False;0a78978cffdec07a;[];gw nyari parikr dulu bentar
2687;940;1-10;6498477.0;text;;[];False;False;6d67fceaabf2a799;[];mah
2688;940;11-50;6498485.0;text;;[];False;False;0a78978cffdec07a;[];kita ketemuan dmn aja deh
2689;940;11-50;6498486.0;text;;[];False;False;0a78978cffdec07a;[];macet parah di jalan tol
2690;940;1-10;6498488.0;text;;[];False;False;0a78978cffdec07a;[];mah
2691;940;11-50;6498491.0;text;;[];False;False;6d67fceaabf2a799;[];gw nyari parkir dulu bentar
2692;940;51-100;6498498.0;text;;[];False;False;0a78978cffdec07a;[];gw lg nyoba msaak rendang resep nyokap tp kayaknya gagal total deh
2693;940;11-50;6498507.0;text;;['😂'];False;False;0a78978cffdec07a;[];gw ngga bs ikut malem ni
2694;940;1-10;6498511.0;text;2692.0;[];False;False;6d67fceaabf2a799;[];wah
2695;940;11-50;6498972.0;text;;[];False;False;0a78978cffdec07a;[];gw nyari parkir dulu bentar
2696;940;11-50;6498988.0;text;;[];False;False;0a78978cffdec07a;[];gw udha di parkiran nih
2697;940;1-10;6499032.0;text;;[];True;False;6d67fceaabf2a799;[];udah?
2698;940;11-50;6499043.0;text;;[];False;False;6d67fceaabf2a799;[];jangan lupa bawa duit cash
2699;940;51-100;6499049.0;text;;[];False;False;6d67fceaabf2a799;[];kemarin malem gw begadang nonton bola sampe subuh terus ketiduran
2700;940;11-50;6499192.0;text;;[];False;False;0a78978cffdec07a;[];kita ketmeuan dmn aja deh
2701;940;51-100;6499207.0;text;;[];False;False;0a78978cffdec07a;[];gw lg nyoba masak rendang resep nyokap tp kayaknya gagal total deh
2702;940;11-50;6499210.0;text;;[];False;False;0a78978cffdec07a;[];gw naik ojol aja deh
2703;940;11-50;6499219.0;text;;[];False;False;0a78978cffdec07a;[];gw ngga bs ikut malem ni
2704;940;11-50;6499304.0;text;;[];False;False;6d67fceaabf2a799;[];gw udah di parkiran nih
2705;940;11-50;6499314.0;text;;[];False;False;6d67fceaabf2a799;[];gw nyari parkir dulu bentar
2706;940;51-100;6499363.0;text;;[];True;False;6d67fceaabf2a799;[];gimana caranya biar bisa fokus belajar tanpa main hp terus ya?
2707;940;11-50;6500299.0;text;;[];False;False;0a78978cffdec07a;[];bsk sore ad wakut ga
2708;940;11-50;6500313.0;text;;[];False;False;0a78978cffdec07a;[];janagn lupa bawa duit cash
2709;940;11-50;6500320.0;text;;[];False;False;0a78978cffdec07a;[];gw nyari parkir dulu bentar
2710;941;51-100;6532526.0;text;;[];False;False;6d67fceaabf2a799;[];gw lagi nyoba masak rendang resep nyokap tapi kayaknya gagal total deh
2711;941;51-100;6532549.0;text;;['🤣'];False;False;6d67fceaabf2a799;[];motor gw mogok di tengah jalan tadi pagi jadi gw telat masuk kelas
2712;941;51-100;6533632.0;text;;[];False;False;838a3d0e7e7c7cae;[];motorrr gw mogok di tengahhhh jalan tadi pagi jadii gw telat masukkkk kelasss
2713;941;51-100;6534141.0;text;;[];False;False;9a7eb1acd749eb01;[];kemarin malem gw begadang nonton bola sampe subuh terus ketiduran
2714;941;11-50;6534156.0;text;;[];False;False;6d67fceaabf2a799;[];gw udah di parkiran nih
2715;941;11-50;6534164.0;text;;[];False;False;6d67fceaabf2a799;[];gw ngga bisa ikut malem ini
2716;941;11-50;6534176.0;text;2712.0;[];False;False;6d67fceaabf2a799;[];lu dimana sih lama banget
2717;941;11-50;6534198.0;text;2715.0;[];False;False;9a7eb1acd749eb01;[];lu dmn sih lama bgt
2718;941;1-10;6534208.0;text;;['🤣'];False;False;6d67fceaabf2a799;[];mah
2719;941;1-10;6534208.0;text;;[];False;False;6d67fceaabf2a799;[];emm
2720;941;11-50;6534212.0;text;;[];False;False;6d67fceaabf2a799;[];gw nyari parkir dulu bentar
2721;941;51-100;6534232.0;text;;[];False;False;6d67fceaabf2a799;[];motor gw mogok di tengah jalan tadi pagi jadi gw telat masuk kelas
2722;941;11-50;6534233.0;text;;[];False;False;6d67fceaabf2a799;[];gw lagi di warkop nih
2723;941;11-50;6534245.0;text;;[];False;False;6d67fceaabf2a799;[];gw lagi di warkop nih
2724;941;101-500;6534327.0;text;;[];False;False;838a3d0e7e7c7cae;[];gw baru ajaaaa beres beresin kosan dannnn nemuuuu barangggg barang lama dari jaman sma. adaaa foto kelas, surat dari mantan, sama bukuuuu diary yang isinya cringe bangetttt kalo dibacaaaa sekarang. jadiii nostalgiaaaa sendiri inget masaaaa masa dulu yangggg lebih sederhana. kadanggg kangen juga sih jadi anakkk sma lagi tanpa mikirin skripsi
2725;941;11-50;6534354.0;text;;[];True;False;6d67fceaabf2a799;[];ada yg mau bareng?
2726;941;11-50;6534359.0;text;;[];False;False;6d67fceaabf2a799;[];gw lagi di warkop nih
2727;941;11-50;6534359.0;text;;[];False;False;6d67fceaabf2a799;[];gw lagi di warkop nih
2728;941;51-100;6534365.0;text;;[];False;False;9a7eb1acd749eb01;[];temen sekamar gw pindah kosan jadi skrg gw sendirian di kamar
2729;941;11-50;6534373.0;text;;[];False;False;9a7eb1acd749eb01;[];gw lg di warkop nih
2730;941;11-50;6534377.0;text;;[];False;False;6d67fceaabf2a799;[];ketemuan di mall jam 3 ya
2731;941;11-50;6534378.0;text;;[];False;False;6d67fceaabf2a799;[];ketemuan di mall jam 3 ya
2732;941;1-10;6534425.0;text;;[];False;False;9a7eb1acd749eb01;[];hoo
2733;941;11-50;6534450.0;text;;[];False;False;9a7eb1acd749eb01;[];macet parah di jalan tol
2734;941;11-50;6534460.0;text;;[];False;False;9a7eb1acd749eb01;[];ketemuan di mall jam 3 ya
2735;941;1-10;6534482.0;text;;['🤷🏻\u200d♂️'];False;False;9a7eb1acd749eb01;[];oii
2736;941;1-10;6534594.0;text;;[];False;False;6d67fceaabf2a799;[];wah
2737;941;11-50;6534603.0;text;;[];False;False;6d67fceaabf2a799;[];gw nyari parkir dulu bentar
2738;941;11-50;6534614.0;text;;[];False;False;6d67fceaabf2a799;[];rame banget disini cuy
2739;941;1-10;6534985.0;text;;[];True;False;838a3d0e7e7c7cae;[];udah?
2740;941;11-50;6535031.0;text;;[];False;False;9a7eb1acd749eb01;[];gw ngga bs ikut malem ni
2741;941;11-50;6535037.0;text;;['😅'];False;False;6d67fceaabf2a799;[];gw naik ojol aja deh
2742;941;51-100;6535044.0;text;;[];False;False;6d67fceaabf2a799;[];motor gw mogok di tengah jalan tadi pagi jadi gw telat masuk kelas
2743;941;11-50;6535056.0;text;2740.0;[];False;False;6d67fceaabf2a799;[];bsk sore ada waktu ga
2744;941;1-10;6535079.0;text;;[];False;False;9a7eb1acd749eb01;[];deh
2745;941;11-50;6535083.0;text;;[];False;False;9a7eb1acd749eb01;[];macet parah di jalan tol
2746;941;11-50;6535251.0;text;;[];False;False;6d67fceaabf2a799;[];jangan lupa bawa duit cash
2747;941;1-10;6535257.0;text;;[];False;False;6d67fceaabf2a799;[];yaa
2748;941;11-50;6535261.0;text;;[];False;False;6d67fceaabf2a799;[];gw lagi di warkop nih
2749;941;11-50;6535269.0;text;;[];False;False;6d67fceaabf2a799;[];gw ngga bisa ikut malem ini
2750;941;11-50;6535283.0;text;;[];False;False;9a7eb1acd749eb01;[];lu dmn sih lama bgt
2751;941;11-50;6535316.0;text;;[];False;False;9a7eb1acd749eb01;[];lu dmn sih lama bgt
2752;941;1-10;6535318.0;text;;[];False;False;9a7eb1acd749eb01;[];deh
2753;942;0;6563380.0;image/jpeg;;[];False;False;9a7eb1acd749eb01;[];[Foto]
2754;942;1-10;6563384.0;text;;[];False;False;9a7eb1acd749eb01;[];cuy
2755;942;0;6563435.0;image/jpeg;;[];False;False;9a7eb1acd749eb01;[];[Foto]
2756;942;11-50;6563498.0;text;;[];False;False;0a78978cffdec07a;[];masak sendiri lebih hemat sih
2757;942;11-50;6563503.0;text;;[];False;False;0a78978cffdec07a;[];gw lg dite tp gagal muul
2758;942;1-10;6563503.0;text;;[];False;False;0a78978cffdec07a;[];ayok
2759;942;1-10;6563775.0;text;;[];False;False;9a7eb1acd749eb01;[];sip
2760;942;51-100;6564034.0;text;;['🤣'];False;False;4e7e80075ece205e;[];tadi di kantin ketemu anak angkatan bawah yang kenal sama,,, temen sma,,, gw
2761;942;11-50;6565871.0;text;2757.0;[];False;False;6d67fceaabf2a799;[];gw mau pesen gofood dulu
2762;942;11-50;6565877.0;text;;[];False;False;6d67fceaabf2a799;[];masak sendiri lebih hemat sih
2763;942;11-50;6646012.0;text;2760.0;['😂'];False;False;32f86839507ea657;[];nongkrong yuk di... kafe biasa
2764;943;51-100;6804437.0;text;;[];False;False;9a7eb1acd749eb01;[];kosan gw bocor lg pas hujan semalam, kasur gw basah smua parah bgt
2765;943;101-500;6809072.0;text;;['❗', '🔥', '🔹', '🔰', '🗣'];False;False;6d67fceaabf2a799;[];gw lagi galau banget nih soal masa depan. mau lanjut S2 tapi duit ga ada, mau langsung kerja tapi pengalaman masih minim. nyokap bilang terserah gw aja tapi gw tau dia pengen gw cepet kerja biar bisa bantu ekonomi keluarga. bingung banget sih, kayak semua pilihan ada plus minusnya
2766;944;51-100;6891284.0;text;;[];True;False;32f86839507ea657;[];lu prnh coba belajar... bareng di... perpus kota... ga, enak ga disana?
2767;944;1-10;6891360.0;text;;[];False;False;9a7eb1acd749eb01;[];dong
2768;945;51-100;6903627.0;text;;[];False;False;9a7eb1acd749eb01;[];gw nonton film dokumenter semalam tentang laut dan ikan, bagus bgt
2769;945;11-50;6903632.0;text;;[];False;False;9a7eb1acd749eb01;[];mama minta gw pulang weekend
2770;945;1-10;6903793.0;text;;[];False;True;838a3d0e7e7c7cae;[];duh!
2771;946;101-500;6904471.0;text;;[];False;False;838a3d0e7e7c7cae;[];kemarin malem gw samaa temen temen nongkrong di warkop biasa sampe jam 12 malem. kita ngobrolll banyak hal dari mulai tugasss kuliah, rencana liburan, sampe masalah percintaan. seru sihhh walau besoknyaaa gw kesiangan masuk kelas pagi dan dosenn negur di depan semuaaaa orang. malu tapi ya gimanaa lagi
2772;946;1-10;6904472.0;text;;[];False;False;838a3d0e7e7c7cae;[];broooo
2773;946;11-50;6904550.0;text;;[];False;False;9a7eb1acd749eb01;[];gw mau nyoba restoran baru
2774;946;1-10;6904551.0;text;;[];False;False;9a7eb1acd749eb01;[];woy
2775;946;11-50;6904559.0;text;;[];False;False;9a7eb1acd749eb01;[];gw mau nyoba restoran baru
2776;946;11-50;6904768.0;text;;[];False;False;6d67fceaabf2a799;[];sarapan dulu baru mikir
2777;946;11-50;6904794.0;text;;[];False;False;6d67fceaabf2a799;[];bakso malang itu buka ga ya
2778;946;101-500;6904813.0;text;;[];False;False;6d67fceaabf2a799;[];kemarin malem gw sama temen temen nongkrong di warkop biasa sampe jam 12 malem. kita ngobrol banyak hal dari mulai tugas kuliah, rencana liburan, sampe masalah percintaan. seru sih walau besoknya gw kesiangan masuk kelas pagi dan dosen negur di depan semua orang. malu tapi ya gimana lagi
2779;946;11-50;6904960.0;text;;[];False;False;838a3d0e7e7c7cae;[];indomie telor udah cukup kok
2780;946;11-50;6904971.0;text;;[];False;False;838a3d0e7e7c7cae;[];bakso malang itu buka ga ya
2781;946;11-50;6904981.0;text;;[];False;False;838a3d0e7e7c7cae;[];es teh manissss satu ya bang
2782;946;11-50;6904985.0;text;;[];False;False;6d67fceaabf2a799;[];porsi makan gw nambah terus
2783;946;1-10;6904996.0;text;;[];False;False;9a7eb1acd749eb01;[];sis
2784;946;11-50;6904999.0;text;;[];False;False;6d67fceaabf2a799;[];sarapan dulu baru mikir
2785;946;11-50;6905002.0;text;;[];False;False;9a7eb1acd749eb01;[];gw lg diet tp gagal mulu
2786;946;51-100;6905017.0;text;;[];False;False;838a3d0e7e7c7cae;[];dompett gw ilang kemarin di angkottt tapii alhamdulillahh ada yang nemuinnnn
2787;946;51-100;6905023.0;text;;[];False;False;6d67fceaabf2a799;[];weekend ini gw mau staycation aja di kosan binge watching series baru
2788;946;51-100;6905042.0;text;;[];False;False;838a3d0e7e7c7cae;[];gw lagiii bingung milihhh topik skripsiii antaraaaa dua temaaaa yangg sama menariknya
2789;946;51-100;6905076.0;text;;[];False;False;838a3d0e7e7c7cae;[];gw udahh download semua materi kuliah tapi belummmm sempatttt bacaaaa samaaa sekalii
2790;946;11-50;6905086.0;text;;[];False;False;9a7eb1acd749eb01;[];es teh manis satu ya bang
2791;947;11-50;6913216.0;text;;[];True;False;838a3d0e7e7c7cae;[];adaa yg mau bareng?
2792;947;101-500;6913217.0;text;;[];False;False;838a3d0e7e7c7cae;[];gw baruuuu ajaaa beres beresin kosannn dannn nemu barang barang lama dari jamannn sma. adaa foto kelas, surat dari mantan, samaa bukuuuu diaryyy yangg isinya cringe bangettt kaloooo dibacaa sekarang. jadi nostalgiaaaa sendiri inget masaa masa duluu yang lebih sederhana. kadang kangen juga sih jadi anakkkk sma lagi tanpa mikirin skripsiii
2793;947;11-50;6913295.0;text;;[];True;False;0a78978cffdec07a;[];ad yg mau bareng?
2794;947;1-10;6913296.0;text;;[];False;False;838a3d0e7e7c7cae;[];kokkk
2795;947;1-10;6913654.0;text;;['😇', '😂'];False;False;03be63d69a706376;[];wah
2796;947;11-50;6913656.0;text;;[];False;False;03be63d69a706376;[];gw nyari parkir dulu bentar
2797;947;1-10;6913663.0;text;;[];False;False;03be63d69a706376;[];deh
2798;947;11-50;6913668.0;text;;['🤦\u200d♂️'];False;False;03be63d69a706376;[];kita ketemuan dimana... aja deh
2799;947;1-10;6913675.0;text;;[];False;False;838a3d0e7e7c7cae;[];yaa
2800;947;1-10;6913678.0;text;;[];False;False;03be63d69a706376;[];emm
2801;947;11-50;6913681.0;text;;[];False;False;03be63d69a706376;[];lu dimana sih lama banget
2802;947;11-50;6913775.0;text;;[];False;False;022fd2d8eea8dfdc;[];kita ketemuan dimana aja deh
2803;948;11-50;6971072.0;text;;[];False;False;838a3d0e7e7c7cae;[];baru bangunnnn nihhh masih ngantukkk
2804;948;1-10;6971147.0;text;;[];True;False;9a7eb1acd749eb01;[];ad?
2805;948;1-10;6971156.0;text;;['🤣'];False;False;b347157be063753f;[];SEEP
2806;948;1-10;6971165.0;text;;[];False;False;838a3d0e7e7c7cae;[];oh
2807;948;1-10;6971711.0;text;;[];False;False;9a7eb1acd749eb01;[];oh
2808;948;11-50;6973797.0;text;;[];False;False;6d67fceaabf2a799;[];wifi kampus lemot parah
2809;948;11-50;6973808.0;text;;[];False;True;6d67fceaabf2a799;[];sakit hati gw dengernya!
2810;948;1-10;6975537.0;text;;['😂'];False;False;32f86839507ea657;[];ah
2811;948;11-50;6975568.0;text;;['😁'];False;False;838a3d0e7e7c7cae;[];gw mau tidur dulu ya
2812;949;11-50;6982244.0;text;;[];False;False;838a3d0e7e7c7cae;[];kopi susu yg biasa ya
2813;949;101-500;6982244.0;text;;[];True;False;838a3d0e7e7c7cae;[];gw lagi bimbangg nih antara mau ikut organisasi kampus atauuu fokus ke akademik aja. menurutt kalian gimana sih, worth it ga sih ikutttt organisasi? soalnya gw denger banyak yang bilang bisaaaa nambah soft skill tapi di sisi lain waktu buatt belajarrrr jadi berkurangggg kan, gimana pengalaman kalian?
2814;949;0;6982250.0;unknown;;[];False;False;838a3d0e7e7c7cae;[];[Media tidak dikenal]
2815;949;11-50;6982259.0;text;;[];False;False;838a3d0e7e7c7cae;[];kopi susu yg biasa ya
2816;949;0;6982498.0;image/jpeg;;[];False;False;838a3d0e7e7c7cae;[];[Foto]
2817;949;1-10;6982519.0;text;;['😂'];False;False;9a7eb1acd749eb01;[];woy
2818;950;11-50;6987864.0;text;;[];True;False;838a3d0e7e7c7cae;[];ntar malemmmm ngapain?
2819;950;11-50;6988960.0;text;;[];False;False;6d67fceaabf2a799;[];gw baru aja dari kampus
2820;950;11-50;6988964.0;text;;[];False;False;6d67fceaabf2a799;[];gw mau ambil cuti semester
2821;950;51-100;6988971.0;text;;[];False;False;6d67fceaabf2a799;[];jangan lupa besok kumpul di lobby kampus jam 8 pagi buat berangkat bareng
2822;950;51-100;6989079.0;text;;[];False;False;838a3d0e7e7c7cae;[];jangannnn lupa besok kumpul di lobby kampusss jammm 8 pagiii buatt berangkat bareng
2823;950;51-100;6989115.0;text;;[];False;False;838a3d0e7e7c7cae;[];kemarin gw ke toko buku beli novel baruuu sama buku referensi buat skripsi
2824;950;51-100;6989249.0;text;;[];False;False;838a3d0e7e7c7cae;[];jangan lupa besok kumpul di lobby kampus jam 8 pagi buat berangkat bareng
2825;950;11-50;6989253.0;text;;[];False;False;838a3d0e7e7c7cae;[];tugas kelompok bikin pusingggg
2826;950;11-50;6989574.0;text;;[];False;False;022fd2d8eea8dfdc;[];gw baru aja dari kampus
2827;950;11-50;6989599.0;text;;[];False;False;838a3d0e7e7c7cae;[];tugas kelompok bikinnn pusingggg
2828;950;11-50;6989606.0;text;;[];False;False;838a3d0e7e7c7cae;[];proposal skripsi gw ditolak
2829;950;51-100;6989724.0;text;;[];False;False;022fd2d8eea8dfdc;[];gw lagi mikirin mau ambil magang di perusahaan mana buat semester depan
2830;951;11-50;6996955.0;text;;[];True;False;b347157be063753f;[];ADA YANG PUNYA CATETAN?
2831;951;11-50;6996966.0;text;;[];False;False;b347157be063753f;[];TUGAS KELOMPOK BIKIN PUSING
2832;951;1-10;6996974.0;text;;[];False;False;b347157be063753f;[];GPP
2833;951;11-50;6997266.0;text;;[];True;False;ce58621891f7e7f2;[];boleh gw ikut ga?
2834;951;11-50;6997272.0;text;;[];False;False;ce58621891f7e7f2;[];sidang minggu depan doain ya
2835;951;1-10;6997778.0;text;;[];False;False;b347157be063753f;[];GAJE
2836;951;11-50;6997787.0;text;;[];False;False;b347157be063753f;[];LU UDAH MAKAN BELUM
2837;951;11-50;6997790.0;text;;[];False;False;b347157be063753f;[];SEMINAR TADI LAMA BANGET
2838;951;11-50;6997793.0;text;;[];False;False;ce58621891f7e7f2;[];warteg depan kampus enak
2839;951;1-10;6997806.0;text;;[];False;False;b347157be063753f;[];GAJE
2840;951;51-100;6997840.0;text;;[];False;False;ce58621891f7e7f2;[];jangan lupa besok kumpul di lobby kampus jam 8 pagi buat berangkat bareng
2841;951;11-50;6997854.0;text;;[];False;False;ce58621891f7e7f2;[];dosen pembimbing susah ditemui
2842;951;11-50;6997864.0;text;;[];False;False;b347157be063753f;[];GW MAU AMBIL CUTI SEMESTER
2843;951;11-50;6997867.0;text;;[];False;False;ce58621891f7e7f2;[];kelas tambahan hari sabtu sih
2844;951;11-50;6997867.0;text;;[];False;False;b347157be063753f;[];GW MAU AMBIL CUTI SEMESTER
2845;951;11-50;6997878.0;text;;[];False;False;ce58621891f7e7f2;[];gw laper banget nih
2846;951;1-10;6997883.0;text;;[];False;False;b347157be063753f;[];BOLE
2847;951;1-10;6997897.0;text;2845.0;[];False;False;9a7eb1acd749eb01;[];gpp
2848;951;51-100;6997912.0;text;;[];False;False;9a7eb1acd749eb01;[];gw udah bikin slides presentasi tp kayaknya msh kurang bagus deh isinya
2849;951;11-50;6997915.0;text;;[];False;False;9a7eb1acd749eb01;[];gw laper bgt nih
2850;951;1-10;6998091.0;text;;['🤣'];False;False;b347157be063753f;[];TUH
2851;951;11-50;6998096.0;text;;[];True;False;b347157be063753f;[];GIMANA KABAR LU SEKARANG?
2852;952;11-50;7002819.0;text;;[];False;False;9a7eb1acd749eb01;[];futsal besok jadi ga
2853;952;1-10;7002824.0;text;;['😂'];False;False;9a7eb1acd749eb01;[];njir
2854;952;11-50;7002825.0;text;;[];False;False;9a7eb1acd749eb01;[];album baru dia enak bgt
2855;952;1-10;7006485.0;text;;['🤣'];False;False;b347157be063753f;[];BTW
2856;953;101-500;7143091.0;text;;[];False;False;9a7eb1acd749eb01;['6d67fceaabf2a799'];hari ni gw iseng nyoba bikin kopi pake metode v60 yg lg hype di kalangan anak anak kampus. beli alatnya lumayan mahal sih tp hasilnya emang beda dr kopi sachet biasa. kopinya lebih smooth dan ga terlalu pahit. kayaknya gw bakal ketagihan nih bikin kopi sendiri tiap pagi sebelum ke kampus
2857;953;11-50;7144800.0;text;;[];False;False;6d67fceaabf2a799;[];temenin gw dong besok
2858;953;11-50;7144804.0;text;;['🤣'];False;False;6d67fceaabf2a799;[];si itu udah putus katanya
2859;953;11-50;7144814.0;text;;[];False;False;6d67fceaabf2a799;[];temen gw sakit masuk RS
2860;953;11-50;7144821.0;text;;[];False;False;6d67fceaabf2a799;[];eh denger gosip belum
2861;953;11-50;7144836.0;text;;['😭'];False;False;6d67fceaabf2a799;[];reuni kapan ya kita
2862;953;11-50;7144836.0;text;;[];False;False;6d67fceaabf2a799;[];reuni kapan ya kita
2863;953;1-10;7144897.0;text;;['🤦\u200d♂️'];False;False;9a7eb1acd749eb01;[];males
2864;953;11-50;7145082.0;text;;[];False;False;838a3d0e7e7c7cae;[];pacarnyaa baruuuu siapa sihh
2865;953;51-100;7145096.0;text;;[];False;False;6d67fceaabf2a799;[];wifi kosan gw lemot banget jadi gw ke perpus aja buat ngerjain tugas
2866;953;11-50;7145103.0;text;;[];False;False;6d67fceaabf2a799;[];pacarnya baru siapa sih
2867;953;51-100;7145213.0;text;;[];False;False;838a3d0e7e7c7cae;[];gw pengen banget liburan ke pantai tapi duit lagiii tipis banget sekarang
2868;953;11-50;7145215.0;text;;[];False;False;838a3d0e7e7c7cae;[];angkottt ke sanaaaa masih ada ga
2869;954;101-500;7153556.0;text;;['🎮', '➡️'];False;False;6d67fceaabf2a799;[];kemarin malem gw sama temen temen nongkrong di warkop biasa sampe jam 12 malem. kita ngobrol banyak hal dari mulai tugas kuliah, rencana liburan, sampe masalah percintaan. seru sih walau besoknya gw kesiangan masuk kelas pagi dan dosen negur di depan semua orang. malu tapi ya gimana lagi
2870;954;11-50;7153565.0;text;;[];False;False;6d67fceaabf2a799;[];nongkrong yuk di kafe biasa
2871;954;11-50;7153760.0;text;;[];False;False;0a78978cffdec07a;[];masak sendiri lebih hemat sih
2872;954;51-100;7153783.0;text;;[];False;False;0a78978cffdec07a;[];tadi di kantin ketemu anak angaktan bawah yg kenal sm temen sma gw
2873;954;11-50;7154163.0;text;;[];False;False;9a7eb1acd749eb01;[];indomie telor udah cukup kok
2874;954;1-10;7154165.0;text;;[];False;False;9a7eb1acd749eb01;[];sis
2875;954;11-50;7154183.0;text;;[];False;False;9a7eb1acd749eb01;[];sarapan dulu baru mikir
2876;954;11-50;7155373.0;text;;[];False;False;78f9e551034cee58;[];nongkrong yuk di kafe biasa
2877;954;11-50;7155381.0;text;;[];False;False;78f9e551034cee58;[];es teh manis satu ya bang
2878;954;51-100;7155601.0;text;2875.0;[];False;False;6d67fceaabf2a799;[];gw udah download semua materi kuliah tapi belum sempat baca sama sekali
2879;954;11-50;7155608.0;text;;[];False;False;6d67fceaabf2a799;[];nongkrong yuk di kafe biasa
2880;954;11-50;7156471.0;text;;[];False;False;0a78978cffdec07a;[];bakso malang tu buka ga ya
2881;954;11-50;7156473.0;text;;[];False;False;0a78978cffdec07a;[];es teh manis satu ya bnag
2882;954;11-50;7156481.0;text;;[];False;False;0a78978cffdec07a;[];bakso malang tu buka ga ya
2883;954;11-50;7156617.0;text;;[];False;False;6d67fceaabf2a799;[];masak sendiri lebih hemat sih
2884;954;11-50;7156626.0;text;;[];False;False;6d67fceaabf2a799;[];gw mau pesen gofood dulu
2885;954;11-50;7156635.0;text;;[];False;False;6d67fceaabf2a799;[];nongkrong yuk di kafe biasa
2886;954;51-100;7156645.0;text;;[];False;False;6d67fceaabf2a799;[];weekend ini gw mau staycation aja di kosan binge watching series baru
2887;954;11-50;7156654.0;text;;[];False;False;6d67fceaabf2a799;[];masak sendiri lebih hemat sih
2888;954;11-50;7156663.0;text;;[];False;False;6d67fceaabf2a799;[];bakso malang itu buka ga ya
2889;954;51-100;7156676.0;text;;[];False;False;6d67fceaabf2a799;[];dompet gw ilang kemarin di angkot tapi alhamdulillah ada yang nemuin
2890;954;51-100;7157964.0;text;;[];False;False;9a7eb1acd749eb01;[];tadi di kantin ketemu anak angkatan bawah yg kenal sm temen sma gw
2891;954;11-50;7157978.0;text;;[];False;False;9a7eb1acd749eb01;[];indomie telor udah cukup kok
2892;954;11-50;7157990.0;text;;[];False;False;9a7eb1acd749eb01;[];gw mau nyoba restoran baru
2893;954;11-50;7161090.0;text;;[];True;False;ce58621891f7e7f2;[];udah sampe belom?
2894;954;11-50;7161109.0;text;;[];False;False;ce58621891f7e7f2;[];bakso malang itu buka ga ya
2895;954;11-50;7161336.0;text;;[];False;False;6d67fceaabf2a799;[];masak sendiri lebih hemat sih
2896;954;51-100;7161343.0;text;;[];False;False;6d67fceaabf2a799;[];tadi di kantin ketemu anak angkatan bawah yang kenal sama temen SMA gw
2897;954;11-50;7161355.0;text;;[];False;False;6d67fceaabf2a799;[];gw mau nyoba restoran baru
2898;954;1-10;7161365.0;text;;[];False;False;ce58621891f7e7f2;[];sis
2899;954;101-500;7161418.0;text;;[];False;False;6d67fceaabf2a799;[];kemarin malem gw sama temen temen nongkrong di warkop biasa sampe jam 12 malem. kita ngobrol banyak hal dari mulai tugas kuliah, rencana liburan, sampe masalah percintaan. seru sih walau besoknya gw kesiangan masuk kelas pagi dan dosen negur di depan semua orang. malu tapi ya gimana lagi
2900;954;51-100;7161430.0;text;;[];False;False;6d67fceaabf2a799;[];tadi di kantin ketemu anak angkatan bawah yang kenal sama temen SMA gw
2901;954;11-50;7162018.0;text;;[];False;False;0a78978cffdec07a;[];bakso malang tu buka ga ya
2902;954;11-50;7162021.0;text;;[];False;False;0a78978cffdec07a;[];nnogkrong yuk di kafe biasa
2903;954;1-10;7162068.0;text;;[];False;False;838a3d0e7e7c7cae;[];cuyy
2904;954;11-50;7162394.0;text;;[];False;False;6d67fceaabf2a799;[];gw lagi diet tapi gagal mulu
2905;954;11-50;7162800.0;text;;[];False;False;9a7eb1acd749eb01;[];gw mau nyoba restoran baru
2906;954;11-50;7162841.0;text;;[];False;False;6d67fceaabf2a799;[];sarapan dulu baru mikir
2907;954;11-50;7162856.0;text;;['😭'];False;False;6d67fceaabf2a799;[];gw mau pesen gofood dulu
2908;954;1-10;7162958.0;text;;[];True;False;838a3d0e7e7c7cae;[];yakin?
2909;954;1-10;7162987.0;text;;['🤣'];False;False;4e7e80075ece205e;[];lol
2910;954;11-50;7162993.0;text;;['🤣'];False;False;6d67fceaabf2a799;[];porsi makan gw nambah terus
2911;954;51-100;7163011.0;text;;['🙄'];False;False;6d67fceaabf2a799;[];gw udah download semua materi kuliah tapi belum sempat baca sama sekali
2912;954;11-50;7163014.0;text;;[];False;False;6d67fceaabf2a799;[];gw mau nyoba restoran baru
2913;954;11-50;7163105.0;text;;[];False;False;9a7eb1acd749eb01;[];indomie telor udah cukup kok
2914;954;11-50;7163124.0;text;;[];True;False;9a7eb1acd749eb01;[];tu beneran apa hoax?
2915;954;1-10;7163139.0;text;;[];False;False;6d67fceaabf2a799;[];yep
2916;954;1-10;7163148.0;text;;[];False;False;6d67fceaabf2a799;[];yep
2917;954;11-50;7163151.0;text;;[];True;False;9a7eb1acd749eb01;[];tu beneran apa hoax?
2918;954;11-50;7163152.0;text;;[];False;False;9a7eb1acd749eb01;[];gw mau pesen gofood dulu
2919;954;1-10;7163154.0;text;;['🤣'];False;False;6d67fceaabf2a799;[];yep
2920;954;11-50;7163158.0;text;;[];False;False;6d67fceaabf2a799;[];porsi makan gw nambah terus
2921;954;11-50;7163172.0;text;;[];False;False;6d67fceaabf2a799;[];masak sendiri lebih hemat sih
2922;954;11-50;7163185.0;text;;[];False;False;6d67fceaabf2a799;[];gw mau nyoba restoran baru
2923;954;1-10;7163200.0;text;;[];False;False;9a7eb1acd749eb01;[];yep
2924;954;0;7163218.0;image/jpeg;;[];False;False;9a7eb1acd749eb01;[];[Foto]
2925;954;11-50;7163218.0;text;;[];False;False;9a7eb1acd749eb01;[];tadi gw makan nasi padang
2926;954;11-50;7163225.0;text;;[];False;False;9a7eb1acd749eb01;[];indomie telor udah cukup kok
2927;954;11-50;7163498.0;text;;[];False;False;0a78978cffdec07a;[];porsi makan gw nambah terus
2928;954;11-50;7163689.0;text;;[];False;False;9a7eb1acd749eb01;[];sarapan dulu baru mikir
2929;954;11-50;7163694.0;text;;[];False;False;9a7eb1acd749eb01;[];gw mau nyoba restoran baru
2930;954;0;7163848.0;image/jpeg;;[];False;False;9a7eb1acd749eb01;[];[Foto]
2931;954;51-100;7165455.0;text;;[];False;False;ce58621891f7e7f2;[];gw udah download semua materi kuliah tapi belum sempat baca sama sekali
2932;954;51-100;7166758.0;text;;[];False;False;6d67fceaabf2a799;[];tadi di kantin ketemu anak angkatan bawah yang kenal sama temen SMA gw
2933;954;51-100;7166774.0;text;;[];False;False;6d67fceaabf2a799;[];tadi di kantin ketemu anak angkatan bawah yang kenal sama temen SMA gw
2934;954;51-100;7166785.0;text;;[];False;False;6d67fceaabf2a799;[];gw udah download semua materi kuliah tapi belum sempat baca sama sekali
2935;954;101-500;7166858.0;text;;[];False;False;6d67fceaabf2a799;[];kemarin malem gw sama temen temen nongkrong di warkop biasa sampe jam 12 malem. kita ngobrol banyak hal dari mulai tugas kuliah, rencana liburan, sampe masalah percintaan. seru sih walau besoknya gw kesiangan masuk kelas pagi dan dosen negur di depan semua orang. malu tapi ya gimana lagi
2936;954;11-50;7166865.0;text;;[];False;False;6d67fceaabf2a799;[];gw lagi diet tapi gagal mulu
2937;954;11-50;7166867.0;text;;[];False;False;6d67fceaabf2a799;[];sarapan dulu baru mikir
2938;954;11-50;7166877.0;text;;[];False;False;ce58621891f7e7f2;[];gw mau pesen gofood dulu
2939;954;1-10;7167031.0;text;;['🤣'];False;False;6d67fceaabf2a799;[];yep
2940;954;11-50;7167050.0;text;;[];False;False;6d67fceaabf2a799;[];sarapan dulu baru mikir
2941;954;101-500;7167069.0;text;;[];False;False;ce58621891f7e7f2;[];kemarin malem gw sama temen temen nongkrong di warkop biasa sampe jam 12 malem. kita ngobrol banyak hal dari mulai tugas kuliah, rencana liburan, sampe masalah percintaan. seru sih walau besoknya gw kesiangan masuk kelas pagi dan dosen negur di depan semua orang. malu tapi ya gimana lagi
2942;954;11-50;7167087.0;text;;[];False;False;ce58621891f7e7f2;[];gw mau pesen gofood dulu
2943;954;51-100;7167093.0;text;;[];False;False;6d67fceaabf2a799;[];weekend ini gw mau staycation aja di kosan binge watching series baru
2944;954;11-50;7167130.0;text;;[];True;False;ce58621891f7e7f2;[];udah sampe belom?
2945;954;11-50;7167446.0;text;;[];False;False;0a78978cffdec07a;[];kopi susu yg biasa ya
2946;954;11-50;7167461.0;text;;[];False;False;0a78978cffdec07a;[];porsi makan gw nambah terus
2947;954;11-50;7167470.0;text;;[];False;False;0a78978cffdec07a;[];masak sendiri lebih hemat sih
2948;954;11-50;7167488.0;text;;[];False;False;0a78978cffdec07a;[];nonkgrong yuk di kfae biasa
2949;954;11-50;7167488.0;text;;[];False;False;0a78978cffdec07a;[];nongrkong yuk di kafe biasa
2950;954;11-50;7167494.0;text;;[];False;False;0a78978cffdec07a;[];tadi gw makan nasi padang
2951;955;101-500;7180560.0;text;;[];True;False;838a3d0e7e7c7cae;[];gw lagii bimbang nih antara mau ikut organisasi kampus atau fokus ke akademikkkk aja. menurut kalian gimanaaa sih, worth it ga sihh ikut organisasi? soalnya gw dengerr banyak yang bilang bisaaa nambah soft skilll tapi di sisi lain waktu buat belajar jadi berkuranggg kan, gimana pengalaman kalian?
2952;955;1-10;7181001.0;text;;[];False;False;9a7eb1acd749eb01;[];njir
2953;955;1-10;7181170.0;text;;[];False;False;03be63d69a706376;[];fyi
2954;955;11-50;7181184.0;text;;[];False;False;03be63d69a706376;[];futsal besok jadi ga...
2955;955;11-50;7181196.0;text;;[];False;False;03be63d69a706376;[];badminton yuk sore ini
2956;955;1-10;7181204.0;text;;[];False;False;03be63d69a706376;[];jir
2957;956;0;7188014.0;image/jpeg;2930.0;[];False;False;4037c32290ea62de;[];[Foto]
2958;956;11-50;7188028.0;text;;[];False;False;4037c32290ea62de;[];pertandingan bola tadi malam gila
2959;956;1-10;7188029.0;text;;[];False;False;4037c32290ea62de;[];njir
2960;956;11-50;7191437.0;text;2958.0;['😂'];False;False;9a7eb1acd749eb01;[];pertandingan bola tadi malam gila
2961;956;51-100;7191473.0;text;;[];False;False;9a7eb1acd749eb01;[];dosen killer tu ternyata baik bgt orangnya kalo diajak ngobrol santai
2962;957;51-100;7231672.0;text;;[];False;False;9a7eb1acd749eb01;[];tadi gw ketemu dosen pembimbing dan dia minta revisi lg utk bab 3
2963;957;11-50;7244049.0;text;;[];False;True;32f86839507ea657;[];mantap bgt hasilnya!
2964;958;101-500;7328414.0;text;;[];False;False;022fd2d8eea8dfdc;[];gw baru selesai nonton dokumenter tentang kehidupan nelayan di pesisir utara Jawa. sedih banget liat perjuangan mereka yang harus melaut berhari hari cuma buat dapet ikan yang harganya ga seberapa di pasar. bikin gw makin bersyukur sih sama kehidupan gw sekarang walau kadang ngeluh juga
2965;958;1-10;7328503.0;text;;[];False;False;9a7eb1acd749eb01;[];oh
2966;958;11-50;7328506.0;text;;[];False;False;9a7eb1acd749eb01;[];baru bangun nih msh ngantuk
2967;959;51-100;7532370.0;text;;[];False;False;b347157be063753f;[];GW UDAH BIKIN SLIDES PRESENTASI TAPI KAYAKNYA MASIH KURANG BAGUS DEH ISINYA
2968;959;11-50;7533471.0;text;;[];False;False;838a3d0e7e7c7cae;[];proposal skripsi gw ditolak
2969;959;11-50;7534508.0;text;;[];False;False;022fd2d8eea8dfdc;[];gw laper banget nih
2970;959;1-10;7535445.0;text;;['🤦🏻\u200d♂️'];False;False;6d67fceaabf2a799;[];sabi
2971;959;11-50;7535820.0;text;;[];False;False;b347157be063753f;[];SIDANG MINGGU DEPAN DOAIN YA
2972;959;11-50;7535823.0;text;;[];False;False;b347157be063753f;[];GW LAPER BANGET NIH
2973;959;1-10;7535829.0;text;;[];False;False;b347157be063753f;[];GAJE
2974;959;51-100;7535860.0;text;;[];False;False;b347157be063753f;[];KOSAN GW BOCOR LAGI PAS HUJAN SEMALAM, KASUR GW BASAH SEMUA PARAH BANGET
2975;959;1-10;7535868.0;text;;[];False;False;b347157be063753f;[];GPP
2976;959;11-50;7536077.0;text;;[];False;False;022fd2d8eea8dfdc;[];dosen pembimbing susah ditemui
2977;959;51-100;7536109.0;text;;[];False;False;022fd2d8eea8dfdc;[];kosan gw bocor lagi pas hujan semalam, kasur gw basah semua parah banget
2978;959;11-50;7536525.0;text;;[];False;False;0dae6c83cfb31784;[];kelas tambahan,,, hari sabtu sih
2979;959;11-50;7537046.0;text;;[];False;False;022fd2d8eea8dfdc;[];gw mau ambil cuti semester
2980;960;101-500;7567849.0;text;;[];True;False;b347157be063753f;[];MENURUT KALIAN KENAPA YA GENERASI KITA TUH KAYAKNYA LEBIH GAMPANG STRES DAN BURNOUT DIBANDING GENERASI ORANG TUA KITA DULU? APA KARENA TEKANAN SOSMED ATAU EMANG TUNTUTAN HIDUP YANG MAKIN TINGGI YA? GW PENASARAN AJA SIH SOALNYA TEMEN TEMEN GW BANYAK YANG NGELUH HAL YANG SAMA
2981;960;1-10;7571928.0;text;;[];False;False;9a7eb1acd749eb01;[];setuju
2982;961;51-100;7587339.0;text;;[];False;False;03be63d69a706376;[];kemarin malem gw begadang nonton bola... sampe subuh terus ketiduran...
2983;961;51-100;7587410.0;text;;[];False;False;03be63d69a706376;[];temen sekamar gw pindah kosan jadi sekarang gw sendirian di kamar
2984;961;11-50;7587455.0;text;;[];False;False;838a3d0e7e7c7cae;[];bsk sore ada waktu ga
2985;961;11-50;7587713.0;text;;['😂'];False;False;03be63d69a706376;[];rame banget disini... cuy
2986;961;11-50;7587737.0;text;;[];False;False;03be63d69a706376;[];lu dimana sih lama banget
2987;961;11-50;7588035.0;text;;[];False;False;022fd2d8eea8dfdc;[];gw ngga bisa ikut malem ini
2988;962;0;7789565.0;image/jpeg;;[];False;False;838a3d0e7e7c7cae;[];[Foto]
2989;962;101-500;7789861.0;text;;['🤭'];False;False;c09442bccf5fc4c4;[];gw lagi galau banget nih soal masa depan. mau lanjut S2 tapi duit ga ada, mau langsung kerja tapi pengalaman masih minim. nyokap bilang terserah gw aja tapi gw tau dia pengen gw cepet kerja biar bisa bantu ekonomi keluarga. bingung banget sih, kayak semua pilihan ada plus minusnya!!
2990;962;11-50;7789879.0;text;;[];False;False;838a3d0e7e7c7cae;[];sidang minggu depan doainn ya
2991;962;11-50;7789891.0;text;;['🤦🏼\u200d♂️'];False;False;c09442bccf5fc4c4;[];sidang minggu depan doain ya!!
2992;962;51-100;7789902.0;text;;[];False;False;c09442bccf5fc4c4;[];kosan gw bocor lagi pas hujan semalam, kasur gw basah semua parah banget!!
2993;962;1-10;7789937.0;text;;[];False;False;9a7eb1acd749eb01;[];asli
2994;962;11-50;7790172.0;text;;[];False;False;838a3d0e7e7c7cae;[];kelas tambahan hariii sabtu sih
2995;962;11-50;7790182.0;text;;[];False;False;838a3d0e7e7c7cae;[];lu udah makan belum
2996;962;1-10;7793037.0;text;;['🤣'];False;False;b347157be063753f;[];TUH
2997;962;11-50;7793520.0;text;;['🤦🏼\u200d♂️'];False;False;c09442bccf5fc4c4;[];dosen pembimbing susah ditemui!!!
2998;963;0;7847833.0;image/jpeg;;[];False;False;b347157be063753f;[];[Foto]
2999;963;11-50;7847847.0;text;;['🤣'];False;False;b347157be063753f;[];JANGAN BILANG SIAPA SIAPA YA
3000;963;1-10;7848131.0;text;;['😂'];False;False;9a7eb1acd749eb01;[];udah
