id;conversation_id;num_characters;relative_time_seconds;message_type;responds_to_id;array_emojis;interrogative;exclamatory;sender_hash;mentioned_phones_hash;message_content
1;1;11-50;0.0;text;;[];False;False;79f1679e48f8423e;[];sidang minggu depan doain ya
2;1;0;5949.0;system;;[];False;False;79f1679e48f8423e;[];[Pesan sistem]
3;2;0;130304.0;system;;[];False;False;87e8a81d77a2613c;[];[Pesan sistem]
4;2;0;148090.0;system;;[];False;False;ac4607085ba516fd;[];[Pesan sistem]
5;2;51-100;148124.0;text;;[];False;True;ac4607085ba516fd;[];SUMPAH GW KAGET BANGET PAS TAU NILAI UJIAN GW TERNYATA BAGUS BANGET!
6;2;11-50;148133.0;text;;['😊'];False;False;ac4607085ba516fd;[];NONGKRONG YUK DI KAFE BIASA
7;2;11-50;149534.0;text;;[];False;True;e18e17680181d232;[];capek bgt hari ni!
8;2;11-50;150775.0;text;;[];False;False;79f1679e48f8423e;[];tadi gw makan nasi padang
9;3;51-100;260376.0;text;;[];True;True;79f1679e48f8423e;[];siapa sih yang spread gosip itu ke grup sebelah, tau ga orangnya?
10;3;11-50;260388.0;text;;[];False;False;79f1679e48f8423e;[];bokap gw lagi di luar kota
11;3;11-50;260632.0;text;;['🙋🏻\u200d♀️'];False;True;ac4607085ba516fd;[];SERU BANGET TADI MALEM!
12;3;11-50;260643.0;text;;[];False;False;ac4607085ba516fd;[];PLAYLIST LO YANG MANA SIH
13;3;51-100;260673.0;text;;['☺️'];False;False;ac4607085ba516fd;[];BESOK ADA BAZAAR DI KAMPUS KATANYA BANYAK MAKANAN MURAH, PADA IKUT GA
14;3;51-100;260913.0;text;;['🙂'];False;False;db7e7840806b8873;[];gw nonton,,, film dokumenter,,, semalam tentang laut dan ikan, bagus banget
15;3;0;260939.0;system;;[];False;False;db7e7840806b8873;[];[Pesan sistem]
16;3;11-50;265353.0;text;;[];False;True;721f4b478bcb55fc;[];ngakak gw liat video... itu!
17;3;11-50;265420.0;text;;['😝'];False;False;7397f95ddabec5cf;[];film baru di bioskopp bagus ga
18;3;1-10;265539.0;text;;[];False;False;093afc7b396c4aa4;[];pasti!!!
19;3;0;265637.0;system;;[];False;False;ac4607085ba516fd;[];[Pesan sistem]
20;3;51-100;265649.0;text;;['☺️'];False;False;ac4607085ba516fd;[];BESOK ADA BAZAAR DI KAMPUS KATANYA BANYAK MAKANAN MURAH, PADA IKUT GA
21;3;51-100;266082.0;text;;[];False;False;79f1679e48f8423e;[];besok ada bazaar di kampus katanya banyak makanan murah, pada ikut ga
22;3;51-100;266297.0;text;;[];False;False;ac4607085ba516fd;[];TADI PAGI GW OLAHRAGA LARI KELILING KAMPUS 5 PUTARAN BADAN PEGEL SEMUA
23;3;11-50;269401.0;text;;['😊'];False;True;c5fc02de438efb25;[];seru banget tadi malem!
24;3;0;273550.0;system;;[];False;False;7397f95ddabec5cf;[];[Pesan sistem]
25;3;101-500;274499.0;text;;[];False;False;c1222dade0e51982;[];gw pengne cruhat sedikit nih. akhri akhir ni gw ngerasa burnout bgt sm rutinitas kuliah yg tu tu aja. bangun paig, kuliah, tugsa, tidur, repeat. kadagn gw ngerasa kyk robot yg cuam jlaan sesuai program tanpa tau tjuuan akhirnya apa. mgkn gw butuh libuarn beneran buat refresh otak
26;3;101-500;277293.0;text;;[];False;False;f8e26c8525ed76f0;[];gw pengen curhat sedikit... nih. akhir... akhir ni... gw ngerasa... burnout bgt sm rutinitas kuliah... yg tu tu aja. bangun... pagi, kuliah, tugas, tidur, repeat. kadang gw ngerasa kyk robot yg cuma jalan sesuai program tanpa tau tujuan akhirnya apa. mgkn gw butuh liburan beneran buat refresh otak...
27;3;101-500;277570.0;text;;[];False;False;032029f68042bfa5;[];gw pengennnn curhatttt sedikitttt nih. akhirrr akhir ini gw ngerasa burnout banget samaaaa rutinitas kuliah yang itu ituuuu aja. bangun pagi, kuliah, tugas, tidur, repeat. kadang gw ngerasa kayakkkk robot yang cumaaa jalan sesuai program tanpa tau tujuan akhirnya apa. mungkin gw butuhhh liburannn benerannn buat refresh otak
28;3;51-100;283446.0;text;;[];False;True;f4064e0c91edb2af;[];ngakak parah tadi di kelas ada yang ketiduran pas dosen nerangin!
29;3;11-50;283567.0;text;;[];False;True;f70f652d483c4675;[];seru banget tadi malem!
30;3;51-100;284141.0;text;;[];False;True;9058b803e330475a;[];NGAKAK PARAH TADI DI KELAS ADA YANG KETIDURAN PAS DOSEN NERANGIN!
31;3;51-100;284214.0;text;;[];False;False;f1559a66844db6cf;[];gw nonton film dokumenter semalam tentang laut dan ikan, bagus bgt
32;3;1-10;284215.0;text;;['🙂'];False;False;f1559a66844db6cf;[];gila
33;3;11-50;284494.0;text;;['😊'];False;False;ac4607085ba516fd;[];MAMA MINTA GW PULANG WEEKEND
34;3;101-500;286657.0;text;;[];False;False;fbff62b93c1ddab9;[];gw pengen curhat sedikit,,, nih. akhir akhir ini gw ngerasa burnout banget,,, sama rutinitas kuliah yang itu itu,,, aja. bangun,,, pagi,,,, kuliah, tugas, tidur,,,, repeat. kadang gw ngerasa kayak robot yang cuma jalan sesuai program tanpa tau tujuan akhirnya apa.,,, mungkin gw,,, butuh liburan beneran buat refresh otak,,,
35;3;101-500;286935.0;text;;[];False;False;8ca79bd486c44d4b;[];gw pengen curhat... sedikit nih.... akhir... akhir ini gw ngerasa... burnout banget... sama rutinitas kuliah yang itu itu aja. bangun... pagi, kuliah, tugas, tidur, repeat. kadang gw ngerasa kayak robot yang cuma jalan sesuai program tanpa tau tujuan akhirnya... apa. mungkin gw butuh liburan beneran buat refresh otak
36;3;101-500;288442.0;text;;[];False;False;0b56961e0cc0a81b;[];gw pengen curhat sedikittt nih. akhir akhir ini gw ngerasa burnoutttt bangetttt sama rutinitas kuliah yang ituu itu aja. bangunn pagi, kuliah, tugas, tidur, repeat. kadang gw ngerasa kayak robott yang cumaaa jalan sesuai program tanpaa tau tujuan akhirnya apa. mungkin gw butuh liburan beneran buatt refresh otakk
37;3;51-100;299054.0;text;;['☺️'];False;True;2a6d5f2541be27cc;[];ngakak parah tadi di kelas ada yang ketiduran pas dosen nerangin!!!
38;3;11-50;299299.0;text;;['🥳'];False;False;ac4607085ba516fd;[];FILM BARU DI BIOSKOP BAGUS GA
39;3;11-50;299746.0;text;;[];False;True;f4064e0c91edb2af;[];ngakak gw liat video itu!
40;3;51-100;300425.0;text;;['☺️'];False;True;377c66064142ea5e;[];ngakak parah tadi di kelas ada yang ketiduran pas dosen nerangin!
41;3;11-50;300516.0;text;;[];False;True;58ae85b7e2ff8ac9;[];ngakak gw lait video tu!
42;3;11-50;300750.0;text;;['🤗'];False;True;6f4c4e22b17b0ac1;[];seru bgt tadi malem!
43;4;101-500;351047.0;text;;[];False;False;79f1679e48f8423e;[];jadi ceritanya kemarin gw ke perpustakaan pusat buat nyari bahan referensi skripsi, ternyata bukunya udah dipinjem semua sama anak angkatan sebelah. akhirnya gw cuma bisa fotokopi dari temen yang kebetulan punya. lumayan lah daripada ga dapet sama sekali, tinggal di rangkum aja sisanya
44;4;11-50;351047.0;text;;[];False;False;79f1679e48f8423e;[];gw belom mulai tugas
45;4;11-50;351053.0;text;;[];False;False;79f1679e48f8423e;[];eh tadi kelas seru banget
46;4;101-500;351099.0;text;;[];False;False;79f1679e48f8423e;[];jadi ceritanya kemarin gw ke perpustakaan pusat buat nyari bahan referensi skripsi, ternyata bukunya udah dipinjem semua sama anak angkatan sebelah. akhirnya gw cuma bisa fotokopi dari temen yang kebetulan punya. lumayan lah daripada ga dapet sama sekali, tinggal di rangkum aja sisanya
47;4;11-50;351100.0;text;;[];False;False;79f1679e48f8423e;[];IPK gw turun semester ini
48;4;51-100;351111.0;text;;[];False;False;79f1679e48f8423e;[];eh besok kita jadi ketemuan di kafe deket stasiun kan ya jam 2 siang
49;4;11-50;351618.0;text;;[];False;False;6f4c4e22b17b0ac1;[];tadi absen ga sih km
50;4;101-500;351626.0;text;;[];False;False;6f4c4e22b17b0ac1;[];jadi ceritanya kemarin gw... ke... perpustakaan pusat buat nyari bahan referensi skripsi, ternyata bukunya udah... dipinjem smua sm anak angkatan sebelah. akhirnya gw cuma... bs fotokopi dr temen yg kebetulan... pny. lumayan lah daripada ga dapet... sm sekali, tinggal... di rangkum aja sisanya
51;4;11-50;351670.0;text;;[];False;False;4f90da503e776553;[];ipk gw turunnnn semester iniiii
52;4;101-500;351705.0;text;;[];False;False;4f90da503e776553;[];jadi ceritanya kemarin gw ke perpustakaann pusat buatttt nyariii bahan referensi skripsi, ternyataaaa bukunya udahhh dipinjem semua samaaaa anak angkatan sebelah. akhirnya gw cuma bisaa fotokopi dari temen yang kebetulan punya. lumayan lahhhh daripada ga dapettt samaa sekali, tinggall di rangkum aja sisanyaa
53;4;101-500;352267.0;text;;[];False;False;f1559a66844db6cf;[];jadi ceritanya kemarin gw ke perpustakaan pusat buat nyari bahan referensi skripsi, ternyata bukunya udah dipinjem smua sm anak angkatan sebelah. akhirnya gw cuma bs fotokopi dr temen yg kebetulan pny. lumayan lah daripada ga dapet sm sekali, tinggal di rangkum aja sisanya
54;4;11-50;352277.0;text;;[];False;False;f1559a66844db6cf;[];perpus tutup jam berapa ya
55;4;11-50;353674.0;text;;[];False;False;f70f652d483c4675;[];perpus tutup jam berapa ya
56;4;101-500;353721.0;text;;[];False;False;f70f652d483c4675;[];jadi ceritanya kemarin gw ke perpustakaan pusat buat nyari bahan referensi skripsi, ternyata bukunya udah dipinjem semua sama anak angkatan sebelah. akhirnya gw cuma bisa fotokopi dari temen yang kebetulan punya. lumayan lah daripada ga dapet sama sekali, tinggal di rangkum aja sisanya
57;4;1-10;355157.0;text;;[];False;False;917ffdf452fec813;[];gas
58;4;11-50;355218.0;text;;[];False;False;e18e17680181d232;[];lab komputer penuh terus
59;4;11-50;355439.0;text;;[];True;False;f1559a66844db6cf;[];jadi ketemuan ga hari ni?
60;4;1-10;355488.0;text;;[];False;False;e18e17680181d232;[];wkwk
61;4;101-500;355566.0;text;;[];True;False;f1559a66844db6cf;[];eh ad yg pny rekomendasi laptop budget 5 jutaan yg bagus buat kuliah dan ngoding ga? laptop gw yg skrg udah mulai lemot dan sering ngehang kalo buka banyak tab. pengennya sih yg ringan buat dibawa ke kampus tp tetep kenceng performanya, ad saran?
62;4;101-500;355733.0;text;;['😅', '😊'];False;False;c5fc02de438efb25;[];Jadi ceritanya kemarin gw ke perpustakaan pusat buat nyari bahan referensi skripsi, ternyata bukunya udah dipinjem semua sama anak angkatan sebelah. akhirnya gw cuma bisa fotokopi dari temen yang kebetulan punya. lumayan lah daripada ga dapet sama sekali, tinggal di rangkum aja sisanya.
63;4;101-500;356496.0;text;;[];False;False;7d3641406f8a3606;[];jadi ceritanya kemarin gw ke perpustakaan pusat buat nyari bahan referensi skripsi, ternyata bukunya udah dipinjem semua sama anak angkatan sebelah. akhirnya gw cuma bisa fotokopi dari temen yang kebetulan punya. lumayan lah daripada ga dapet sama sekali, tinggal di rangkum aja sisanya
64;4;1-10;356511.0;text;;[];False;False;7d3641406f8a3606;[];ok
65;4;101-500;357039.0;text;;[];False;True;79f1679e48f8423e;[];YESSS gw akhirnya dapet nilai A di mata kuliah yang paling gw takutin selama ini! padahal gw udah pasrah banget pas ujian soalnya soalnya susah parah. ternyata tugas dan presentasi gw nilainya bagus jadi bisa nutupin nilai ujian. alhamdulillah banget perjuangan ga sia sia!
66;4;11-50;357055.0;text;;[];False;False;79f1679e48f8423e;[];dosen gw galak banget sih
67;4;101-500;357071.0;text;;[];False;False;79f1679e48f8423e;[];jadi ceritanya kemarin gw ke perpustakaan pusat buat nyari bahan referensi skripsi, ternyata bukunya udah dipinjem semua sama anak angkatan sebelah. akhirnya gw cuma bisa fotokopi dari temen yang kebetulan punya. lumayan lah daripada ga dapet sama sekali, tinggal di rangkum aja sisanya
68;4;51-100;357071.0;text;;[];False;False;79f1679e48f8423e;[];gw denger katanya semester depan ada mata kuliah baru yang wajib diambil
69;4;51-100;357084.0;text;;[];False;False;79f1679e48f8423e;[];gw denger katanya semester depan ada mata kuliah baru yang wajib diambil
70;4;1-10;357144.0;text;;[];False;False;79f1679e48f8423e;[];dah
71;5;101-500;357952.0;text;;[];False;False;79f1679e48f8423e;[];gw pengen curhat sedikit nih. akhir akhir ini gw ngerasa burnout banget sama rutinitas kuliah yang itu itu aja. bangun pagi, kuliah, tugas, tidur, repeat. kadang gw ngerasa kayak robot yang cuma jalan sesuai program tanpa tau tujuan akhirnya apa. mungkin gw butuh liburan beneran buat refresh otak
72;5;1-10;357958.0;text;;[];False;False;79f1679e48f8423e;[];noted
73;5;51-100;357976.0;text;;[];False;False;f1559a66844db6cf;[];tadi pagi gw olahraga lari keliling kampus 5 putaran badan pegel smua
74;5;101-500;359400.0;text;;[];False;False;79f1679e48f8423e;[];gw pengen curhat sedikit nih. akhir akhir ini gw ngerasa burnout banget sama rutinitas kuliah yang itu itu aja. bangun pagi, kuliah, tugas, tidur, repeat. kadang gw ngerasa kayak robot yang cuma jalan sesuai program tanpa tau tujuan akhirnya apa. mungkin gw butuh liburan beneran buat refresh otak
75;5;51-100;359434.0;text;;[];False;False;79f1679e48f8423e;[];tadi pagi gw olahraga lari keliling kampus 5 putaran badan pegel semua
76;5;51-100;359463.0;text;;[];False;False;79f1679e48f8423e;[];tadi pagi gw olahraga lari keliling kampus 5 putaran badan pegel semua
77;5;51-100;359535.0;text;;[];False;False;79f1679e48f8423e;[];gw lagi belajar masak sendiri biar ga jajan terus lumayan hemat soalnya
78;5;51-100;359609.0;text;;[];False;False;79f1679e48f8423e;[];gw lagi belajar masak sendiri biar ga jajan terus lumayan hemat soalnya
79;5;51-100;367805.0;text;;['😄'];False;True;5172c240e19d3566;[];NGAKAK PARAH TADI DI KELAS ADA YANG KETIDURAN PAS DOSEN NERANGIN!
80;5;11-50;367903.0;text;;['😊'];False;False;ac4607085ba516fd;[];GW KANGEN MASAKAN RUMAH
81;5;0;368479.0;system;;[];False;False;9058b803e330475a;[];[Pesan sistem]
82;5;101-500;372998.0;text;;[];False;False;d3c37841e2089cb6;[];gw pengen curhat sedikit nih. akhir akhir ni gw ngerasa burnout bgt sm rutinitas kuliah yg tu tu aja. bangun pagi, kuliah, tugas, tidur, repeat. kadang gw ngerasa kyk robot yg cuma jalan sesuai program tanpa tau tujuan akhirnya apa. mgkn gw butuh liburan beneran buat refresh otak
83;5;1-10;373096.0;text;;[];False;False;f8e26c8525ed76f0;[];woles
84;6;51-100;388850.0;text;;[];True;True;abec316405b84971;[];lu pernah coba,,, belajar bareng di,,, perpus kota ga, enak,,, ga disana?,,,
85;6;11-50;388958.0;text;;[];False;False;abec316405b84971;[];si itu,,, udah putus katanya
86;6;101-500;389010.0;text;;[];False;False;abec316405b84971;[];hari ini gw iseng nyoba bikin kopi pake metode,,, v60 yang lagi,,, hype di kalangan anak anak kampus. beli alatnya lumayan mahal sih tapi hasilnya emang beda dari,,, kopi sachet biasa. kopinya lebih smooth dan ga terlalu pahit. kayaknya,,, gw bakal ketagihan nih bikin kopi sendiri tiap pagi,,, sebelum ke kampus,,,
87;7;51-100;434159.0;text;;[];False;False;3937cb7a5a08899b;[];tadi gw antri di... administrasi... kampus 2 jam cuma buat ngurus surat
88;7;11-50;434161.0;text;;['😊'];False;True;3937cb7a5a08899b;[];gokil abis pertandingannya!
89;7;11-50;434255.0;text;;[];False;True;79f1679e48f8423e;[];gw bangga sama lu bro!
90;7;11-50;434511.0;text;;[];False;True;f8e26c8525ed76f0;[];bahaya bgt jalanannya!
91;7;0;436927.0;system;;[];False;False;093afc7b396c4aa4;[];[Pesan sistem]
92;7;11-50;436943.0;text;;[];False;False;093afc7b396c4aa4;[];internet mati lagi di kosan!!
93;7;0;437717.0;system;;[];False;False;be9a96e24a9ca1b9;[];[Pesan sistem]
94;7;101-500;448322.0;text;;[];False;False;79f1679e48f8423e;[];gw lagi belajar coding otodidak dari YouTube buat nambah skill. mulai dari HTML CSS dulu baru pelan pelan ke JavaScript. lumayan susah sih awalnya tapi lama lama mulai paham juga. siapa tau nanti bisa bikin portfolio sendiri dan dapet kerjaan freelance buat nambah uang jajan selama kuliah
95;7;51-100;448363.0;text;;['😃'];False;False;79f1679e48f8423e;[];duit jajan gw abis padahal baru tanggal 15 harus ngirit banget nih
96;7;51-100;448379.0;text;;[];False;False;79f1679e48f8423e;[];tadi gw antri di administrasi kampus 2 jam cuma buat ngurus surat
97;7;101-500;449158.0;text;;[];False;False;032029f68042bfa5;[];gw baru selesaiii nonton dokumenter tentang kehidupan nelayan di pesisirr utara jawa. sedih banget liatt perjuangannn merekaa yang harusss melautttt berhari hari cuma buat dapet ikan yanggg harganyaaaa ga seberapaaa di pasar. bikin gw makin bersyukur sihhhh samaa kehidupannnn gw sekarang walau kadang ngeluh juga
98;7;11-50;449177.0;text;;[];False;False;032029f68042bfa5;[];gw lg sibukkk bgt minggu iniii
99;7;101-500;449613.0;text;;[];False;False;6f4c4e22b17b0ac1;[];minggu lalu gw akhirnya beraniin diri buat ngomong sm dosen... pembimbing soal progress skripsi yg... mandek. ternyata beliau pengertian bgt dan kasih banyak masukan yg berguna. gw nyesel ga ngomong dr awal soalnya selama ni gw cuma takut ditolak atau dimarahin padahal... dosennya baik bgt
100;8;0;469632.0;image/jpeg;;[];False;False;7d3641406f8a3606;[];[Foto]
101;8;11-50;470290.0;text;;['😊'];False;False;ac4607085ba516fd;[];GW LAGI DIET TAPI GAGAL MULU
102;8;101-500;470345.0;text;;['🙃'];False;False;ac4607085ba516fd;[];KEMARIN MALEM GW SAMA TEMEN TEMEN NONGKRONG DI WARKOP BIASA SAMPE JAM 12 MALEM. KITA NGOBROL BANYAK HAL DARI MULAI TUGAS KULIAH, RENCANA LIBURAN, SAMPE MASALAH PERCINTAAN. SERU SIH WALAU BESOKNYA GW KESIANGAN MASUK KELAS PAGI DAN DOSEN NEGUR DI DEPAN SEMUA ORANG. MALU TAPI YA GIMANA LAGI
103;8;11-50;470463.0;text;;['😊'];False;True;58ae85b7e2ff8ac9;[];capek bgt hari ni!
104;8;0;477209.0;system;;[];False;False;3937cb7a5a08899b;[];[Pesan sistem]
105;9;0;518401.0;system;;[];False;False;58ae85b7e2ff8ac9;[];[Pesan sistem]
106;9;0;518441.0;system;;[];False;False;58ae85b7e2ff8ac9;[];[Pesan sistem]
107;9;0;518622.0;system;;[];False;False;8ca79bd486c44d4b;[];[Pesan sistem]
108;9;0;518732.0;system;;[];False;False;c5fc02de438efb25;[];[Pesan sistem]
109;9;101-500;519516.0;text;;['🙋🏾\u200d♀️', '🤗', '👍🏽', '🥰', '😘'];False;True;d2e8be8c0c888b0a;[];gila sih guys tadi pas gw lagi di jalan tiba tiba motor gw diserempet sama mobil yang belok tanpa sein! untung gw ga jatoh tapi spion gw patah dan baret di bodi motor. orangnya langsung kabur lagi ga tanggung jawab! sumpah kesel banget gw sampe sekarang masih gemetaran!!
110;9;0;521096.0;system;;[];False;False;c5fc02de438efb25;[];[Pesan sistem]
111;9;0;528817.0;system;;[];False;False;c1222dade0e51982;[];[Pesan sistem]
112;9;11-50;528834.0;text;;[];False;False;c1222dade0e51982;[];angkot ke sana msh ad ga
113;9;0;535111.0;system;;[];False;False;c5fc02de438efb25;[];[Pesan sistem]
114;9;101-500;536177.0;text;;[];True;True;3937cb7a5a08899b;[];gw lagi bimbang nih antara mau ikut organisasi kampus atau fokus ke akademik aja. menurut... kalian... gimana sih, worth it ga sih ikut organisasi? soalnya gw denger... banyak yang bilang... bisa nambah soft skill tapi di... sisi lain waktu... buat... belajar jadi berkurang kan, gimana pengalaman kalian?
115;9;0;536242.0;audio;;[];False;False;abec316405b84971;[];[Voice Note]
116;9;51-100;536245.0;text;;[];False;False;d3c37841e2089cb6;[];gw pengen bgt liburan ke pantai tp duit lg tipis bgt skrg
117;9;101-500;536261.0;text;;[];False;False;032029f68042bfa5;[];hari ini gw iseng nyoba bikinn kopi pake metode v60 yang lagi hypee di kalangan anakkk anakkkk kampus. beli alatnya lumayan mahallll sihh tapi hasilnya emang beda dari kopii sachet biasa. kopinyaaaa lebih smooth dan ga terlalu pahit. kayaknya gw bakallll ketagihann nihhhh bikin kopi sendiriiii tiap pagi sebelum ke kampussss
118;9;101-500;536348.0;text;115.0;[];False;False;3937cb7a5a08899b;[];hari ini gw iseng nyoba bikin kopi pake... metode... V60 yang lagi hype di kalangan anak... anak kampus. beli alatnya lumayan mahal sih tapi hasilnya emang beda dari kopi sachet biasa. kopinya lebih smooth dan ga terlalu pahit. kayaknya... gw... bakal ketagihan... nih bikin kopi sendiri tiap pagi sebelum ke kampus
119;9;1-10;536387.0;text;;['😊'];False;False;3937cb7a5a08899b;[];setuju
120;9;51-100;536402.0;text;;['🤷🏻\u200d♂'];False;False;d3c37841e2089cb6;[];hari ni gw ad rapat organisasi sampe sore jadi ga bs ikut nongkrong
121;9;11-50;536487.0;text;;[];False;False;3937cb7a5a08899b;[];angkot ke sana masih ada ga...
122;9;11-50;536526.0;text;;['🥴'];False;False;d3c37841e2089cb6;[];gw kangen temen temen sma
123;9;11-50;538380.0;text;;['👆'];False;False;c1222dade0e51982;[];temenin gw dong besok
124;9;0;538447.0;audio;;[];False;False;abec316405b84971;[];[Voice Note]
125;9;11-50;542458.0;text;;['☺️'];False;False;d3c37841e2089cb6;[];temen gw sakit masuk rs
126;10;0;555750.0;system;;[];False;False;f1559a66844db6cf;[];[Pesan sistem]
127;10;101-500;559868.0;text;;['😅'];False;False;88237a346c5b0d60;[];Gw pengen curhat sedikit nih. akhir akhir ini gw ngerasa burnout banget sama rutinitas kuliah yang itu itu aja. bangun pagi, kuliah, tugas, tidur, repeat. kadang gw ngerasa kayak robot yang cuma jalan sesuai program tanpa tau tujuan akhirnya apa. mungkin gw butuh liburan beneran buat refresh otak.
128;10;1-10;560192.0;text;;['☺️'];False;False;3937cb7a5a08899b;[];gini
129;11;11-50;604632.0;application/pdf;;[];False;False;79f1679e48f8423e;[];[Dokumen PDF]
130;11;101-500;604687.0;text;;[];False;False;79f1679e48f8423e;[];kemarin malem gw sama temen temen nongkrong di warkop biasa sampe jam 12 malem. kita ngobrol banyak hal dari mulai tugas kuliah, rencana liburan, sampe masalah percintaan. seru sih walau besoknya gw kesiangan masuk kelas pagi dan dosen negur di depan semua orang. malu tapi ya gimana lagi
131;11;0;608606.0;system;;[];False;False;f4064e0c91edb2af;[];[Pesan sistem]
132;12;51-100;633726.0;text;;[];True;False;e18e17680181d232;[];ad yg tau knp kantin kampus tutup lebih awal hari ni ga sih?
133;12;11-50;633736.0;text;;['🤣'];False;False;e18e17680181d232;[];gw mau nyoba restoran baru
134;12;51-100;635208.0;text;;[];False;False;5172c240e19d3566;[];GW UDAH DOWNLOAD SEMUA MATERI KULIAH TAPI BELUM SEMPAT BACA SAMA SEKALI
135;12;51-100;635240.0;text;;[];False;False;5172c240e19d3566;[];TADI DI KANTIN KETEMU ANAK ANGKATAN BAWAH YANG KENAL SAMA TEMEN SMA GW
136;12;51-100;642602.0;text;;[];False;False;79f1679e48f8423e;[];gw lagi bingung milih topik skripsi antara dua tema yang sama menariknya
137;12;101-500;642626.0;text;;[];False;False;79f1679e48f8423e;[];kemarin malem gw sama temen temen nongkrong di warkop biasa sampe jam 12 malem. kita ngobrol banyak hal dari mulai tugas kuliah, rencana liburan, sampe masalah percintaan. seru sih walau besoknya gw kesiangan masuk kelas pagi dan dosen negur di depan semua orang. malu tapi ya gimana lagi
138;12;11-50;642630.0;text;;[];False;False;79f1679e48f8423e;[];sarapan dulu baru mikir
139;12;51-100;642648.0;text;;[];False;False;79f1679e48f8423e;['f8e26c8525ed76f0'];dompet gw ilang kemarin di angkot tapi alhamdulillah ada yang nemuin
140;12;51-100;642649.0;text;;[];False;False;79f1679e48f8423e;['f8e26c8525ed76f0'];gw lagi bingung milih topik skripsi antara dua tema yang sama menariknya
141;12;1-10;644186.0;text;139.0;['🤣'];False;False;917ffdf452fec813;[];ngab
142;12;11-50;648565.0;text;;[];False;False;f8e26c8525ed76f0;[];masak sendiri lebih hemat sih
143;12;1-10;648574.0;text;;['🤣'];False;False;f8e26c8525ed76f0;[];fix
144;12;0;652923.0;system;;[];False;False;d638538a47dec45d;[];[Pesan sistem]
145;13;0;704376.0;image/jpeg;;[];False;False;0c13b967cd2c4542;[];[Foto]
146;13;0;704379.0;image/jpeg;;[];False;False;0c13b967cd2c4542;[];[Foto]
147;13;11-50;704399.0;text;;['🥳'];False;False;0c13b967cd2c4542;[];gw mau ambil cuti semester
148;13;11-50;704483.0;text;;['👏🏻'];False;False;ac4607085ba516fd;[];TUGAS KELOMPOK BIKIN PUSING
149;14;0;814310.0;image/jpeg;;[];False;False;721f4b478bcb55fc;[];[Foto]
150;14;101-500;814342.0;text;;['😊', '😉'];False;True;721f4b478bcb55fc;[];YESSS gw akhirnya dapet nilai A di mata... kuliah yang paling gw takutin selama ini!... padahal gw udah... pasrah banget pas ujian soalnya soalnya susah parah. ternyata tugas... dan presentasi gw nilainya bagus jadi bisa nutupin nilai ujian. alhamdulillah banget... perjuangan ga sia sia!
151;14;11-50;814636.0;text;;[];True;False;6f4c4e22b17b0ac1;[];makan apa ntar siang?
152;14;11-50;814655.0;text;;['😓'];False;False;79f1679e48f8423e;[];ketemuan di mall jam 3 ya
153;14;11-50;814659.0;text;;[];False;False;79f1679e48f8423e;[];bsk sore ada waktu ga
154;14;11-50;815954.0;text;;[];True;False;d211a139639d1905;[];makan apaaa ntarrrr siang?
155;14;11-50;817636.0;text;;[];False;False;79f1679e48f8423e;[];ketemuan di mall jam 3 ya
156;14;51-100;817800.0;text;;['😁'];False;False;d211a139639d1905;[];motor gw mogok di tengah jalan tadi pagi jadi gw telat masukkkk kelass
157;14;101-500;818242.0;text;;['😅'];True;False;6f4c4e22b17b0ac1;[];gw lg bimbang nih antara mau ikut organisasi kampus... atau fokus ke... akademik aja. menurut... kalian... gmn sih,... worth it... ga sih ikut organisasi? soalnya gw denger banyak yg bilang bs nambah... soft skill tp... di sisi lain waktu buat belajar jadi berkurang kan,... gmn pengalaman kalian?
158;14;11-50;819855.0;text;;[];True;False;093afc7b396c4aa4;[];ada yg mau bareng!!!
159;14;1-10;821015.0;text;;[];False;False;ac4607085ba516fd;[];AHH
160;14;51-100;821043.0;text;;[];False;False;ac4607085ba516fd;[];KEMARIN MALEM GW BEGADANG NONTON BOLA SAMPE SUBUH TERUS KETIDURAN
161;14;11-50;821082.0;text;;[];False;False;ac4607085ba516fd;[];GW NYARI PARKIR DULU BENTAR
162;14;11-50;821497.0;text;;['😊'];False;True;6153f115fddc65cd;[];gw seneng banget dapet A!
163;15;0;853530.0;system;;[];False;False;9437719b3f43f8bc;[];[Pesan sistem]
164;15;101-500;859107.0;text;;[];True;True;d2e8be8c0c888b0a;[];menurut kalian kenapa ya generasi kita tuh kayaknya lebih gampang stres dan burnout dibanding generasi orang tua kita dulu? apa karena tekanan sosmed atau emang tuntutan hidup yang makin tinggi ya? gw penasaran aja sih soalnya temen temen gw banyak yang ngeluh hal yang sama!!
165;15;101-500;859542.0;text;;[];False;False;f8e26c8525ed76f0;[];gw baru aja beres... beresin... kosan dan nemu barang... barang... lama dr jaman sma. ad... foto kelas, surat dr mantan, sm buku diary yg isinya cringe bgt kalo dibaca skrg. jadi nostalgia sendiri inget masa masa... dulu yg lebih sederhana. kadang kangen jg sih jadi... anak sma lg tanpa mikirin skripsi
166;15;11-50;859582.0;text;;[];True;False;f8e26c8525ed76f0;[];nilai keluar kapan ya?
167;15;51-100;859605.0;text;;[];False;False;f8e26c8525ed76f0;[];kemarin malem gw begadang nonton bola... sampe subuh terus ketiduran
168;15;0;860940.0;system;;[];False;False;4f90da503e776553;[];[Pesan sistem]
169;15;51-100;862205.0;text;;[];False;False;abec316405b84971;[];gw lagi nyoba,,, masak rendang resep nyokap tapi kayaknya gagal total deh,,,
170;15;0;862332.0;system;;[];False;False;f8e26c8525ed76f0;[];[Pesan sistem]
171;15;51-100;862387.0;text;;[];False;False;8163fea00d39a2d0;[];MOTOR GW MOGOK DI TENGAH JALAN TADI PAGI JADI GW TELAT MASUK KELAS
172;15;51-100;862489.0;text;;[];False;False;abec316405b84971;[];temen sekamar gw pindah,,, kosan jadi,,, sekarang gw sendirian di kamar
173;15;11-50;862502.0;text;;[];True;False;abec316405b84971;[];nilai keluar kapan ya?
174;15;1-10;862754.0;text;;[];False;False;8163fea00d39a2d0;[];KAN
175;15;1-10;862775.0;text;;[];False;False;abec316405b84971;[];hoo
176;15;11-50;862867.0;text;;[];False;False;abec316405b84971;[];gw nyari parkir,,, dulu,,, bentar
177;15;51-100;862870.0;text;;[];False;False;abec316405b84971;[];temen sekamar gw pindah kosan jadi sekarang gw sendirian di kamar
178;15;101-500;865213.0;text;;[];False;True;cda0bf94c88274dd;[];parah bgt banjir di daerah kosan gw semalam smp air masuk ke kamar setinggi betis! barang barang gw banyak yg kerendem termasuk buku kuliah dan sepatu. gw hrs ngungsi ke kosan temen dan skrg lg bersihin smua barang. semoga ga ad yg rusak parah sih!
179;15;51-100;865599.0;text;;[];False;False;d2e8be8c0c888b0a;[];motor gw mogok di tengah jalan tadi pagi jadi gw telat masuk kelas!!!
180;15;11-50;865627.0;text;;[];False;False;f4064e0c91edb2af;[];bsk sore ada waktu ga
181;15;51-100;866238.0;text;;['😅'];False;False;cda0bf94c88274dd;[];gw lg nyoba masak rendang resep nyokap tp kayaknya gagal total deh
182;15;0;866354.0;system;;[];False;False;6153f115fddc65cd;[];[Pesan sistem]
183;15;11-50;867154.0;text;;[];False;False;79f1679e48f8423e;[];ketemuan di mall jam 3 ya
184;15;101-500;867550.0;text;;[];False;False;d2e8be8c0c888b0a;[];gw baru aja beres beresin kosan dan nemu barang barang lama dari jaman SMA. ada foto kelas, surat dari mantan, sama buku diary yang isinya cringe banget kalo dibaca sekarang. jadi nostalgia sendiri inget masa masa dulu yang lebih sederhana. kadang kangen juga sih jadi anak SMA lagi tanpa mikirin skripsi!!
185;15;11-50;867565.0;text;;['👍🏽', '🥰'];False;False;d2e8be8c0c888b0a;[];gw nyari parkir dulu bentar!!!
186;15;51-100;867702.0;text;;[];False;False;79f1679e48f8423e;[];motor gw mogok di tengah jalan tadi pagi jadi gw telat masuk kelas
187;15;101-500;867896.0;text;;[];False;False;8163fea00d39a2d0;[];GW BARU AJA BERES BERESIN KOSAN DAN NEMU BARANG BARANG LAMA DARI JAMAN SMA. ADA FOTO KELAS, SURAT DARI MANTAN, SAMA BUKU DIARY YANG ISINYA CRINGE BANGET KALO DIBACA SEKARANG. JADI NOSTALGIA SENDIRI INGET MASA MASA DULU YANG LEBIH SEDERHANA. KADANG KANGEN JUGA SIH JADI ANAK SMA LAGI TANPA MIKIRIN SKRIPSI
188;15;51-100;868267.0;text;;[];False;False;f70f652d483c4675;[];motor gw mogok di tengah jalan tadi pagi jadi gw telat masuk kelas
189;15;11-50;868529.0;text;;[];False;False;0c13b967cd2c4542;[];gw ngga bs... ikut malem ni
190;15;51-100;868565.0;text;;[];False;False;f1559a66844db6cf;[];kemarin malem gw begadang nonton bola sampe subuh terus ketiduran
191;15;51-100;868861.0;text;;[];True;False;abec316405b84971;[];gimana caranya,,, biar bisa fokus belajar tanpa main,,, hp terus ya?
192;15;51-100;869163.0;text;;[];False;False;032029f68042bfa5;[];kemarinnn malem gw begadang nonton bolaaaa sampee subuh terus ketidurannnn
193;15;1-10;869444.0;text;;[];False;False;abec316405b84971;[];deh
194;15;51-100;869669.0;text;;[];True;False;032029f68042bfa5;[];gimanaaaa caranya biar bisa fokus belajar tanpa main hp terusss ya?
195;15;51-100;869766.0;text;;[];True;False;79f1679e48f8423e;[];gimana caranya biar bisa fokus belajar tanpa main hp terus ya?
196;15;101-500;869793.0;text;;[];False;False;fbff62b93c1ddab9;[];gw baru aja beres beresin kosan dan nemu barang barang lama dari,,, jaman sma. ada foto kelas, surat dari mantan, sama buku diary yang isinya cringe banget kalo dibaca sekarang. jadi nostalgia,,, sendiri inget masa masa dulu yang lebih,,, sederhana. kadang kangen juga sih jadi anak sma lagi tanpa mikirin,,, skripsi
197;15;11-50;869918.0;text;;[];False;False;79f1679e48f8423e;[];gw lagi di warkop nih
198;15;1-10;870000.0;text;;[];False;False;917ffdf452fec813;[];woi
199;15;11-50;871478.0;text;;[];False;False;6f4c4e22b17b0ac1;[];bsk sore ad waktu... ga...
200;15;11-50;872749.0;text;;[];True;False;79f1679e48f8423e;[];ada yg mau bareng?
201;15;11-50;872763.0;text;;[];False;False;917ffdf452fec813;[];gw ngga bisa ikut malem ini
202;15;11-50;873838.0;text;;['😬'];False;False;6f4c4e22b17b0ac1;[];gw nyari parkir dulu... bentar
203;15;51-100;873840.0;text;;[];False;False;f70f652d483c4675;[];motor gw mogok di tengah jalan tadi pagi jadi gw telat masuk kelas
204;15;101-500;874334.0;text;;[];False;False;f70f652d483c4675;[];gw baru aja beres beresin kosan dan nemu barang barang lama dari jaman sma. ada foto kelas, surat dari mantan, sama buku diary yang isinya cringe banget kalo dibaca sekarang. jadi nostalgia sendiri inget masa masa dulu yang lebih sederhana. kadang kangen juga sih jadi anak sma lagi tanpa mikirin skripsi
205;15;101-500;874434.0;text;;['😊'];False;False;79f1679e48f8423e;[];gw baru aja beres beresin kosan dan nemu barang barang lama dari jaman SMA. ada foto kelas, surat dari mantan, sama buku diary yang isinya cringe banget kalo dibaca sekarang. jadi nostalgia sendiri inget masa masa dulu yang lebih sederhana. kadang kangen juga sih jadi anak SMA lagi tanpa mikirin skripsi
206;15;101-500;874546.0;text;;[];False;False;7397f95ddabec5cf;[];gw baruu aja beres beresin kosan dan nemuuu barang barangggg lama dari jaman sma. adaa foto kelas, surat dari mantan, samaaa buku diary yangg isinya cringe banget kaloo dibaca sekarang. jadi nostalgia sendiriii ingettt masa masaa dulu yangggg lebih sederhana. kadang kangen juga sih jadi anak sma lagi tanpa mikirin skripsiiii
207;15;101-500;874584.0;text;;[];False;False;79f1679e48f8423e;[];gw baru aja beres beresin kosan dan nemu barang barang lama dari jaman SMA. ada foto kelas, surat dari mantan, sama buku diary yang isinya cringe banget kalo dibaca sekarang. jadi nostalgia sendiri inget masa masa dulu yang lebih sederhana. kadang kangen juga sih jadi anak SMA lagi tanpa mikirin skripsi
208;15;11-50;874602.0;text;;['😳'];False;False;79f1679e48f8423e;[];gw ngga bisa ikut malem ini
209;15;101-500;874623.0;text;;[];False;False;c1222dade0e51982;[];gw baur aja berse beresin kosan dan nemu barang barang lama dr jaman sma. ad foot kelas, surat dr mantan, sm buku diary yg isinya cringe bgt kalo dbiaca skrg. jadi nostalgia sendiri inget masa masa dulu yg lebih sederhana. kadang kangen jg sih jaid anak sma lg tanpa mikirin skripsi
210;15;51-100;874647.0;text;208.0;[];False;False;c1222dade0e51982;[];temen sekamar gw pindah kosan jaid skrg gw sendirian di kamar
211;15;101-500;874730.0;text;;[];False;False;f8e26c8525ed76f0;[];gw baru aja beres... beresin kosan dan nemu barang barang lama dr... jaman sma. ad... foto kelas, surat dr mantan, sm... buku diary yg isinya cringe bgt kalo dibaca skrg. jadi nostalgia sendiri inget masa masa... dulu yg lebih sederhana. kadang kangen jg sih jadi anak sma lg tanpa mikirin skripsi
212;15;101-500;874825.0;text;;[];False;False;fbff62b93c1ddab9;[];gw baru aja beres,,, beresin kosan dan nemu,,, barang barang lama dari jaman sma. ada foto,,, kelas, surat,,, dari mantan,,,, sama buku diary yang isinya cringe banget,,, kalo dibaca sekarang. jadi nostalgia sendiri inget masa masa,,, dulu yang lebih sederhana.,,, kadang kangen,,, juga sih,,, jadi anak sma lagi,,, tanpa mikirin skripsi,,,
213;15;101-500;875918.0;text;;[];False;False;d2e8be8c0c888b0a;[];gw baru aja beres beresin kosan dan nemu barang barang lama dari jaman SMA. ada foto kelas, surat dari mantan, sama buku diary yang isinya cringe banget kalo dibaca sekarang. jadi nostalgia sendiri inget masa masa dulu yang lebih sederhana. kadang kangen juga sih jadi anak SMA lagi tanpa mikirin skripsi!!!
214;15;101-500;877254.0;text;;[];False;False;ac4607085ba516fd;[];GW BARU AJA BERES BERESIN KOSAN DAN NEMU BARANG BARANG LAMA DARI JAMAN SMA. ADA FOTO KELAS, SURAT DARI MANTAN, SAMA BUKU DIARY YANG ISINYA CRINGE BANGET KALO DIBACA SEKARANG. JADI NOSTALGIA SENDIRI INGET MASA MASA DULU YANG LEBIH SEDERHANA. KADANG KANGEN JUGA SIH JADI ANAK SMA LAGI TANPA MIKIRIN SKRIPSI
215;15;101-500;878097.0;text;;[];False;False;2a6d5f2541be27cc;[];gw baru aja beres beresin kosan dan nemu barang barang lama dari jaman SMA. ada foto kelas, surat dari mantan, sama buku diary yang isinya cringe banget kalo dibaca sekarang. jadi nostalgia sendiri inget masa masa dulu yang lebih sederhana. kadang kangen juga sih jadi anak SMA lagi tanpa mikirin skripsi!!
216;15;101-500;879123.0;text;;[];False;False;721f4b478bcb55fc;[];gw baru aja beres beresin kosan... dan nemu barang barang lama dari... jaman SMA. ada foto kelas, surat... dari mantan,... sama buku diary yang... isinya cringe banget kalo dibaca sekarang. jadi nostalgia sendiri inget masa masa dulu yang lebih... sederhana.... kadang kangen juga sih jadi anak SMA lagi tanpa mikirin skripsi
217;15;0;879537.0;system;;[];False;False;7397f95ddabec5cf;[];[Pesan sistem]
218;15;101-500;879787.0;text;;[];False;False;0c13b967cd2c4542;[];gw baru aja beres... beresin... kosan dan nemu barang barang lama dr... jaman sma. ad foto kelas, surat dr mantan, sm buku diary yg isinya cringe bgt kalo dibaca skrg. jadi nostalgia sendiri... inget masa masa dulu yg lebih sederhana.... kadang kangen... jg sih jadi anak sma lg... tanpa mikirin skripsi
219;15;101-500;879790.0;text;;[];False;False;0c13b967cd2c4542;[];gw baru aja... beres beresin kosan dan nemu... barang barang lama dr jaman sma. ad... foto kelas, surat dr mantan, sm buku diary yg isinya cringe bgt kalo dibaca skrg. jadi nostalgia sendiri inget masa masa dulu yg lebih sederhana.... kadang kangen... jg sih jadi anak sma lg... tanpa mikirin skripsi...
220;15;101-500;879793.0;text;;[];False;False;0c13b967cd2c4542;[];gw baru aja beres beresin kosan dan nemu... barang barang lama dr jaman sma. ad... foto kelas, surat dr mantan,... sm buku diary yg isinya cringe bgt kalo dibaca skrg.... jadi nostalgia sendiri inget masa masa dulu yg lebih sederhana. kadang kangen jg sih jadi anak sma lg tanpa mikirin skripsi
221;15;51-100;879829.0;text;;[];False;False;79f1679e48f8423e;[];gw lagi nyoba masak rendang resep nyokap tapi kayaknya gagal total deh
222;15;1-10;879938.0;text;;[];False;True;fbff62b93c1ddab9;[];nice!
223;15;11-50;880162.0;text;;[];True;False;cda0bf94c88274dd;[];wifi password nya apa sih?
224;15;11-50;880183.0;text;;[];False;False;cda0bf94c88274dd;[];rame bgt disini cuy
225;15;11-50;880196.0;text;;[];False;False;79f1679e48f8423e;[];macet parah di jalan tol
226;15;11-50;880219.0;text;;[];False;False;79f1679e48f8423e;[];bsk sore ada waktu ga
227;15;11-50;880343.0;text;;[];False;False;dc93c22939b11818;[];kita ketemuan dimana aja deh
228;15;1-10;880655.0;text;;[];False;True;c1222dade0e51982;[];yay!
229;15;51-100;880668.0;text;;[];False;False;c1222dade0e51982;[];gw lg nyoba masak rendang resep nyokap tp kayaknya gagal total deh
230;15;11-50;880676.0;text;;[];False;False;0c13b967cd2c4542;[];gw ngga bs ikut malem... ni
231;15;11-50;880690.0;text;;[];False;False;0c13b967cd2c4542;[];kita ketemuan dmn aja deh
232;15;11-50;880719.0;text;;[];False;False;0c13b967cd2c4542;[];gw udah di... parkiran... nih
233;15;0;881023.0;system;;[];False;False;4f90da503e776553;[];[Pesan sistem]
234;15;101-500;888518.0;text;;[];False;False;093afc7b396c4aa4;[];gw baru aja beres beresin kosan dan nemu barang barang lama dari jaman SMA. ada foto kelas, surat dari mantan, sama buku diary yang isinya cringe banget kalo dibaca sekarang. jadi nostalgia sendiri inget masa masa dulu yang lebih sederhana. kadang kangen juga sih jadi anak SMA lagi tanpa mikirin skripsi!!!
235;16;101-500;901717.0;text;;[];False;False;fbff62b93c1ddab9;[];gw lagi,,, belajar coding,,, otodidak dari youtube buat nambah skill. mulai dari html css dulu baru pelan pelan ke javascript. lumayan susah sih awalnya tapi lama lama mulai paham juga. siapa tau nanti bisa bikin portfolio,,, sendiri dan,,, dapet kerjaan,,, freelance buat nambah uang jajan selama kuliah
236;16;51-100;903773.0;text;;[];False;False;0c13b967cd2c4542;[];tadi gw antri di administrasi kampus... 2 jam cuma buat ngurus surat...
237;16;51-100;903775.0;text;;[];False;False;0c13b967cd2c4542;[];duit jajan gw abis padahal baru... tanggal 15... hrs ngirit bgt nih
238;16;11-50;903795.0;text;;[];False;False;79f1679e48f8423e;[];gw lg sibuk bgt minggu ini
239;16;11-50;903806.0;text;;['😘'];False;True;fbff62b93c1ddab9;[];bahaya banget,,, jalanannya!,,,
240;16;101-500;903960.0;text;;[];False;False;0c13b967cd2c4542;[];minggu lalu gw akhirnya... beraniin diri buat ngomong sm dosen pembimbing soal progress skripsi yg... mandek. ternyata beliau pengertian bgt dan kasih banyak masukan yg berguna. gw nyesel ga ngomong dr awal... soalnya selama ni gw cuma takut ditolak atau dimarahin padahal dosennya baik bgt...
241;16;101-500;903980.0;text;;['🚗'];False;False;0c13b967cd2c4542;[];minggu lalu gw akhirnya beraniin diri buat ngomong sm dosen pembimbing soal progress skripsi yg mandek. ternyata beliau pengertian bgt dan... kasih banyak masukan yg berguna. gw nyesel ga ngomong... dr awal soalnya selama ni gw cuma takut ditolak atau dimarahin padahal dosennya baik... bgt
242;16;51-100;904181.0;text;;[];False;False;fbff62b93c1ddab9;[];laptop gw mulai lemot,,, nih kayaknya harus install,,, ulang atau ganti ram
243;16;51-100;904345.0;text;;[];False;False;559d0ee52d04602a;[];laptop gw mulai lemot nih... kayaknya harus install ulang atau ganti RAM
244;16;0;904882.0;system;;[];False;False;441f0114d410f8b0;[];[Pesan sistem]
245;16;101-500;905260.0;text;;[];False;False;093afc7b396c4aa4;[];rencana liburan semester ini gw mau road trip sama temen temen ke Jogja. kita udah patungan buat sewa mobil dan booking penginapan murah di daerah Malioboro. itinerary nya udah gw bikin detail dari hari pertama sampe hari ketiga. tinggal eksekusi aja nih semoga cuaca mendukung dan ga ada halangan!!
246;16;101-500;905683.0;text;;['🚗'];False;False;ac4607085ba516fd;[];GW LAGI BELAJAR CODING OTODIDAK DARI YOUTUBE BUAT NAMBAH SKILL. MULAI DARI HTML CSS DULU BARU PELAN PELAN KE JAVASCRIPT. LUMAYAN SUSAH SIH AWALNYA TAPI LAMA LAMA MULAI PAHAM JUGA. SIAPA TAU NANTI BISA BIKIN PORTFOLIO SENDIRI DAN DAPET KERJAAN FREELANCE BUAT NAMBAH UANG JAJAN SELAMA KULIAH
247;16;51-100;906141.0;text;243.0;[];False;False;d2e8be8c0c888b0a;[];gw lagi dengerin podcast tentang psikologi, lumayan buat nambah wawasan!!
248;16;101-500;909148.0;text;;['🚗'];False;False;721f4b478bcb55fc;[];kemarin gw ikut kegiatan bakti sosial yang diadain sama BEM... fakultas. kita ke panti asuhan di... pinggiran kota buat ngajar anak... anak dan bagi bagi... sembako. seru banget sih dan... bikin hati... adem. anak anaknya lucu lucu dan semangat banget... belajar walau... fasilitas mereka terbatas. jadi pengen rutin kesana
249;17;0;944610.0;system;;[];False;False;79f1679e48f8423e;[];[Pesan sistem]
250;17;0;944801.0;system;;[];False;False;fbff62b93c1ddab9;[];[Pesan sistem]
251;17;101-500;945140.0;text;;[];False;False;0c13b967cd2c4542;[];gw baru aja beres beresin kosan dan nemu barang barang lama dr jaman sma. ad... foto kelas, surat dr mantan, sm buku diary yg... isinya cringe bgt kalo dibaca skrg.... jadi nostalgia sendiri inget masa masa... dulu yg lebih sederhana. kadang kangen jg sih jadi anak sma lg tanpa mikirin skripsi
252;17;11-50;945442.0;text;;[];True;False;79f1679e48f8423e;[];nilai keluar kapan ya?
253;17;1-10;945510.0;text;;[];False;False;0c13b967cd2c4542;[];yaa
254;17;101-500;945556.0;text;;['🚗'];False;False;79f1679e48f8423e;[];gw baru aja beres beresin kosan dan nemu barang barang lama dari jaman SMA. ada foto kelas, surat dari mantan, sama buku diary yang isinya cringe banget kalo dibaca sekarang. jadi nostalgia sendiri inget masa masa dulu yang lebih sederhana. kadang kangen juga sih jadi anak SMA lagi tanpa mikirin skripsi
255;17;101-500;945682.0;text;;['🚗'];False;False;0c13b967cd2c4542;[];gw baru aja beres... beresin kosan dan nemu barang barang lama dr jaman sma. ad foto kelas, surat dr mantan,... sm buku diary yg isinya cringe bgt kalo dibaca skrg. jadi nostalgia sendiri inget masa masa... dulu yg lebih sederhana.... kadang kangen jg sih jadi anak sma lg tanpa mikirin skripsi
256;17;101-500;945831.0;text;;['🚗'];False;False;559d0ee52d04602a;[];gw baru aja beres beresin kosan... dan nemu... barang barang lama dari jaman SMA. ada... foto kelas, surat... dari mantan, sama buku diary yang isinya cringe banget kalo dibaca sekarang.... jadi nostalgia sendiri inget masa masa dulu yang lebih sederhana. kadang kangen juga sih jadi anak SMA lagi tanpa mikirin... skripsi
257;17;101-500;945995.0;text;;['🚗'];False;False;0c13b967cd2c4542;[];gw baru aja beres... beresin kosan dan nemu barang barang lama dr jaman sma. ad... foto kelas, surat dr mantan, sm buku diary yg isinya... cringe bgt kalo dibaca skrg. jadi nostalgia sendiri inget masa... masa... dulu yg lebih sederhana. kadang kangen jg sih... jadi anak sma lg... tanpa mikirin... skripsi...
258;17;101-500;948733.0;text;;['🚗'];False;False;fbff62b93c1ddab9;[];gw baru,,, aja,,, beres beresin kosan,,, dan nemu barang barang lama dari,,, jaman sma. ada foto kelas, surat dari mantan, sama buku,,, diary yang isinya cringe banget kalo dibaca sekarang. jadi nostalgia sendiri,,, inget masa masa dulu yang,,, lebih sederhana. kadang kangen juga sih jadi anak,,, sma lagi tanpa mikirin skripsi
259;17;101-500;949552.0;text;;['🚗'];False;False;d2e8be8c0c888b0a;[];gw baru aja beres beresin kosan dan nemu barang barang lama dari jaman SMA. ada foto kelas, surat dari mantan, sama buku diary yang isinya cringe banget kalo dibaca sekarang. jadi nostalgia sendiri inget masa masa dulu yang lebih sederhana. kadang kangen juga sih jadi anak SMA lagi tanpa mikirin skripsi!!
260;17;101-500;951478.0;text;;['🚗'];False;False;8ca79bd486c44d4b;[];gw baru aja beres beresin... kosan dan nemu barang barang lama dari jaman SMA. ada foto kelas, surat... dari mantan, sama... buku diary yang isinya cringe banget kalo dibaca sekarang. jadi nostalgia sendiri inget masa... masa dulu yang lebih... sederhana. kadang kangen juga sih jadi anak SMA lagi... tanpa mikirin skripsi
261;17;101-500;952764.0;text;;['🚗'];False;False;c1222dade0e51982;[];gw baur aja beres beresin kosan dan neum barang baragn laam dr jaman sma. ad foto kelas, surat dr mantan, sm buku diary yg iisnya cringe bgt kalo dibaca skr.g jadi nostalgia sendiri inget masa masa dulu yg lebih sederhana. kadang kangen jg sih jadi anak sma lg tanpa mikirin skripsi
262;17;101-500;952845.0;text;;['🚗'];False;False;f70f652d483c4675;[];gw baru aja beres beresin kosan dan nemu barang barang lama dari jaman sma. ada foto kelas, surat dari mantan, sama buku diary yang isinya cringe banget kalo dibaca sekarang. jadi nostalgia sendiri inget masa masa dulu yang lebih sederhana. kadang kangen juga sih jadi anak sma lagi tanpa mikirin skripsi
263;17;101-500;954364.0;text;;['🚗'];False;False;de034364b8eb3dd0;[];gw baru aja beres beresin kosan dan nemu barang barang lama dari jaman SMA. ada foto kelas, surat dari mantan, sama buku diary yang isinya cringe banget kalo dibaca sekarang. jadi nostalgia sendiri inget masa masa dulu yang lebih sederhana. kadang kangen juga sih jadi anak SMA lagi tanpa mikirin skripsi!!!
264;17;101-500;954636.0;text;;['🚗'];False;False;cda0bf94c88274dd;[];gw baru aja beres beresin kosan dan nemu barang barang lama dr jaman sma. ad foto kelas, surat dr mantan, sm buku diary yg isinya cringe bgt kalo dibaca skrg. jadi nostalgia sendiri inget masa masa dulu yg lebih sederhana. kadang kangen jg sih jadi anak sma lg tanpa mikirin skripsi
265;17;0;954707.0;system;;[];False;False;093afc7b396c4aa4;[];[Pesan sistem]
266;17;0;954736.0;system;;[];False;False;f8e26c8525ed76f0;[];[Pesan sistem]
267;17;500+;955133.0;text;;['🚗'];False;False;ac4607085ba516fd;[];GW NGGA BISA IKUT MALEM INI
268;17;0;955418.0;system;;[];False;False;7397f95ddabec5cf;[];[Pesan sistem]
269;17;0;956315.0;system;;[];False;False;2a6d5f2541be27cc;[];[Pesan sistem]
270;17;101-500;956344.0;text;;[];False;False;0b56961e0cc0a81b;[];gw baru ajaaa beres beresinn kosan dan nemuuuu barang barang lama dari jaman sma. ada foto kelas, suratttt dari mantan, sama buku diary yangggg isinya cringe banget kalo dibacaaaa sekarang. jadi nostalgia sendiriii ingett masa masa dulu yangggg lebih sederhana. kadang kangen juga sih jadii anak sma lagiiii tanpa mikirinnnn skripsi
271;17;11-50;956362.0;text;;[];False;False;0b56961e0cc0a81b;[];ketemuan di mall jammm 3 ya
272;17;11-50;956528.0;text;;[];True;False;0b56961e0cc0a81b;[];wifi password nya apa sih?
273;17;1-10;956761.0;text;;[];False;False;0c13b967cd2c4542;[];ooh
274;17;11-50;956781.0;text;;[];False;False;0c13b967cd2c4542;[];gw udah di parkiran nih
275;17;500+;956958.0;text;;['🚗'];False;False;dc93c22939b11818;[];gw nyari parkir,,, dulu bentar
276;17;500+;957183.0;text;;['🚗'];False;False;0b56961e0cc0a81b;[];gw naik ojol aja deh
277;17;500+;957225.0;text;;['🚗'];False;False;2a6d5f2541be27cc;[];jangan lupa bawa duit cash!!!
278;17;11-50;957292.0;text;;[];True;False;0b56961e0cc0a81b;[];ada yg mau bareng?
279;17;500+;957423.0;text;;['🚗'];False;False;f8e26c8525ed76f0;[];jangan lupa bawa duit cash
280;17;51-100;957530.0;text;;['☺️'];False;False;093afc7b396c4aa4;[];motor gw mogok di tengah jalan tadi pagi jadi gw telat masuk kelas!!!
281;17;500+;957545.0;text;;['🚗'];False;False;093afc7b396c4aa4;[];lu dimana sih lama banget!!
282;17;500+;958357.0;text;;['🚗'];False;False;0c13b967cd2c4542;[];macet parah di jalan tol
283;17;500+;959365.0;text;;['🚗'];False;False;8c4583f47f91d072;[];Macet parah di jalan tol.
284;17;500+;959428.0;text;;['🚗'];False;False;917ffdf452fec813;[];lu dimana sih lama banget
285;17;11-50;959706.0;text;;[];True;False;d2e8be8c0c888b0a;[];ada yg mau bareng!!
286;17;1-10;961380.0;text;;[];False;False;0c13b967cd2c4542;[];emm
287;17;500+;961542.0;text;;['🚗'];False;False;721f4b478bcb55fc;[];gw ngga bisa ikut malem ini
288;17;500+;963056.0;text;;['🚗', '🏎️'];False;False;79f1679e48f8423e;[];jangan lupa bawa duit cash
289;17;500+;964261.0;text;;['🚗'];False;False;7397f95ddabec5cf;[];bsk sore adaaa waktu ga
290;17;11-50;964290.0;text;;[];False;True;79f1679e48f8423e;[];asik besok libur guys!
291;17;500+;964311.0;text;;['🚗', '🏎️'];False;False;79f1679e48f8423e;[];gw nyari parkir dulu bentar
292;17;11-50;964360.0;text;;[];False;False;0c13b967cd2c4542;['79f1679e48f8423e'];gw naik ojol aja... deh
293;17;0;969310.0;image/jpeg;;[];False;False;d2e8be8c0c888b0a;[];[Foto]
294;17;0;969312.0;image/jpeg;;[];False;False;d2e8be8c0c888b0a;[];[Foto]
295;17;0;969317.0;image/jpeg;;[];False;False;d2e8be8c0c888b0a;[];[Foto]
296;17;0;969319.0;image/jpeg;;[];False;False;d2e8be8c0c888b0a;[];[Foto]
297;17;0;969319.0;image/jpeg;;[];False;False;d2e8be8c0c888b0a;[];[Foto]
298;17;0;969320.0;image/jpeg;;[];False;False;d2e8be8c0c888b0a;[];[Foto]
299;17;0;969349.0;image/jpeg;;[];False;False;d2e8be8c0c888b0a;[];[Foto]
300;17;0;969351.0;image/jpeg;;[];False;False;d2e8be8c0c888b0a;[];[Foto]
301;17;11-50;977027.0;text;;[];True;False;917ffdf452fec813;[];nilai keluar kapan ya?
302;17;11-50;977172.0;text;;[];False;False;0b56961e0cc0a81b;[];gw udah di parkiran nihhh
303;17;1-10;977209.0;text;;[];False;False;917ffdf452fec813;[];mah
304;17;51-100;987329.0;text;;[];True;False;abec316405b84971;[];gimana caranya biar bisa fokus belajar tanpa main hp terus ya?
305;17;1-10;987948.0;text;;[];False;False;917ffdf452fec813;[];kan
306;17;1-10;988147.0;text;;[];False;False;7397f95ddabec5cf;[];kannnn
307;17;101-500;988365.0;text;;[];False;True;721f4b478bcb55fc;[];temen temen gw baru aja ngasih surprise ulang tahun yang paling berkesan dalam hidup gw!... mereka diem diem booking tempat... makan favorit gw dan undang semua temen deket. ada kue tart dan hadiah yang gw pengen... dari lama. gw sampe nangis terharu sumpah ga nyangka mereka sebaik itu!
308;17;0;996370.0;system;;[];False;False;79f1679e48f8423e;[];[Pesan sistem]
309;17;11-50;996377.0;text;;[];False;False;79f1679e48f8423e;[];gw naik ojol aja deh
310;17;11-50;996488.0;text;;['😜'];False;False;d135dc5156f3938f;[];gw ngga bs ikut mlaem ni
311;17;11-50;996630.0;text;;[];False;False;79f1679e48f8423e;['26a750cee28c8c71'];kita ketemuan dimana aja deh
312;17;1-10;996677.0;text;;['👏🏻'];False;False;d135dc5156f3938f;[];yaa
313;17;11-50;996735.0;text;;['😊'];False;True;26a750cee28c8c71;[];asik besok libur guys!
314;17;51-100;996757.0;text;;[];False;True;26a750cee28c8c71;[];parah bgt macetnya tadi di jalan, gw sampe... telat 1 jam ke... kampus!
315;17;11-50;996791.0;text;;[];False;False;d135dc5156f3938f;[];ketemuan di mall jam 3 ya
316;17;51-100;996836.0;text;;[];False;False;d135dc5156f3938f;[];kemarin malem gw begadang nonton bola sampe subuh terus ketiduran
317;18;51-100;1031583.0;text;;[];False;True;ac4607085ba516fd;[];NGAKAK PARAH TADI DI KELAS ADA YANG KETIDURAN PAS DOSEN NERANGIN!
318;18;51-100;1031594.0;text;;[];False;False;ac4607085ba516fd;[];TADI PAGI GW OLAHRAGA LARI KELILING KAMPUS 5 PUTARAN BADAN PEGEL SEMUA
319;19;11-50;1053424.0;text;;[];False;True;e57d19579b01adcc;[];ngakak gw liat videooo itu!
320;19;1-10;1053443.0;text;;[];False;False;ac4607085ba516fd;[];YESS
321;19;1-10;1053449.0;text;;['😊'];False;False;ac4607085ba516fd;[];GOKS
322;19;11-50;1053463.0;text;;['😅'];False;False;c906ef93c5237463;[];gw lagi marathon drakor nih
323;19;11-50;1053500.0;text;;['😂'];False;True;abec316405b84971;[];ngakak gw liat video,,, itu!
324;19;51-100;1053503.0;text;;[];True;False;ac4607085ba516fd;[];SIAPA SIH YANG SPREAD GOSIP ITU KE GRUP SEBELAH, TAU GA ORANGNYA?
325;19;11-50;1053568.0;text;;[];False;False;c906ef93c5237463;[];keluarga ngumpul lebaran nanti
326;19;11-50;1053610.0;text;;[];False;False;abec316405b84971;[];gw kangen masakan rumah,,,
327;19;11-50;1053648.0;text;;[];False;False;f4064e0c91edb2af;[];gw baru aja ketemu mantan
328;19;51-100;1054276.0;text;;[];False;False;26a750cee28c8c71;[];tadi pagi gw... olahraga lari keliling kampus 5... putaran badan pegel smua...
329;19;11-50;1055553.0;text;;[];False;False;f1559a66844db6cf;[];nyokap nanya kapan lulus
330;19;11-50;1060802.0;text;;[];False;False;e57d19579b01adcc;[];gw baru aja ketemu mantan
331;20;0;1120697.0;unknown;;[];False;False;c89e26acfe93ea36;[];[Media tidak dikenal]
332;20;101-500;1120758.0;text;;[];True;False;c89e26acfe93ea36;[];guys ada yang tau ga sih kenapa sistem registrasi online kampus sering banget error pas masa pengisian krs? tiap semester selalu gitu bikin stres, mana harus rebutan mata kuliah yang kuotanya dikit banget lagi. apa emang servernya ga kuat ya nampung banyak mahasiswa sekaligus?
333;20;0;1122773.0;image/jpeg;;[];False;False;db7e7840806b8873;[];[Foto]
334;20;0;1122776.0;image/jpeg;;[];False;False;db7e7840806b8873;[];[Foto]
335;20;0;1122776.0;image/jpeg;;[];False;False;db7e7840806b8873;[];[Foto]
336;20;0;1122777.0;image/jpeg;;[];False;False;db7e7840806b8873;[];[Foto]
337;20;0;1122778.0;image/jpeg;;[];False;False;db7e7840806b8873;[];[Foto]
338;20;101-500;1123519.0;text;;['😊'];False;False;ac4607085ba516fd;[];GW LAGI GALAU BANGET NIH SOAL MASA DEPAN. MAU LANJUT S2 TAPI DUIT GA ADA, MAU LANGSUNG KERJA TAPI PENGALAMAN MASIH MINIM. NYOKAP BILANG TERSERAH GW AJA TAPI GW TAU DIA PENGEN GW CEPET KERJA BIAR BISA BANTU EKONOMI KELUARGA. BINGUNG BANGET SIH, KAYAK SEMUA PILIHAN ADA PLUS MINUSNYA
339;20;101-500;1123522.0;text;;['😊'];False;False;ac4607085ba516fd;[];GW LAGI GALAU BANGET NIH SOAL MASA DEPAN. MAU LANJUT S2 TAPI DUIT GA ADA, MAU LANGSUNG KERJA TAPI PENGALAMAN MASIH MINIM. NYOKAP BILANG TERSERAH GW AJA TAPI GW TAU DIA PENGEN GW CEPET KERJA BIAR BISA BANTU EKONOMI KELUARGA. BINGUNG BANGET SIH, KAYAK SEMUA PILIHAN ADA PLUS MINUSNYA
340;20;11-50;1125875.0;text;;[];False;False;917ffdf452fec813;[];proposal skripsi gw ditolak
341;20;11-50;1126226.0;text;;[];False;True;0c13b967cd2c4542;[];parah sih tadi kejadiannya!
342;20;11-50;1128436.0;text;;['💃🏻'];False;False;917ffdf452fec813;[];gw mau ambil cuti semester
343;20;1-10;1128839.0;text;;['👏🏻', '🙂'];False;False;db7e7840806b8873;[];nih
344;20;51-100;1128953.0;text;;['😉'];False;False;79f1679e48f8423e;[];gw udah bikin slides presentasi tapi kayaknya masih kurang bagus deh isinya
345;20;51-100;1129365.0;text;;[];False;False;6f4c4e22b17b0ac1;[];gw lg mikirin mau ambil magang di perusahaan mana... buat semester depan...
346;21;0;1163284.0;system;;[];False;False;26a750cee28c8c71;[];[Pesan sistem]
347;21;51-100;1163303.0;text;;[];False;False;26a750cee28c8c71;[];gw denger katanya... semester depan ad mata kuliah baru yg wajib diambil
348;21;11-50;1164337.0;text;;[];False;False;3751fa98ec8acbb5;[];MATKUL INI SUSAH BANGET
349;21;11-50;1164408.0;text;;[];False;True;de034364b8eb3dd0;[];gila sih lu bisa gitu!!
350;21;1-10;1164442.0;text;;[];False;False;79f1679e48f8423e;[];oke
351;21;101-500;1202909.0;text;;['☺️'];False;True;c906ef93c5237463;[];parah banget banjir di daerah kosan gw semalam sampai air masuk ke kamar setinggi betis! barang barang gw banyak yang kerendem termasuk buku kuliah dan sepatu. gw harus ngungsi ke kosan temen dan sekarang lagi bersihin semua barang. semoga ga ada yang rusak parah sih!
352;21;0;1247568.0;image/jpeg;;[];False;False;55afc0bc61329865;[];[Foto]
353;22;51-100;1477214.0;text;;[];True;False;093afc7b396c4aa4;[];lu pernah coba belajar bareng di perpus kota ga, enak ga disana!!!
354;22;51-100;1478457.0;text;;['😩'];False;True;ac4607085ba516fd;[];SENENG BANGET GW DAPET TAWARAN MAGANG DI PERUSAHAAN IMPIAN GW!
355;22;11-50;1478464.0;text;;[];False;False;2a6d5f2541be27cc;[];gw kangen temen temen SMA!!
356;22;11-50;1478801.0;text;353.0;[];False;False;f4064e0c91edb2af;[];gw berantem sama si anu
357;22;0;1479396.0;system;;[];False;False;db7e7840806b8873;[];[Pesan sistem]
358;22;1-10;1479562.0;text;;[];False;False;093afc7b396c4aa4;[];dong!!
359;22;1-10;1479642.0;text;353.0;[];False;False;917ffdf452fec813;[];udah
360;22;51-100;1492050.0;text;;[];False;False;f8e26c8525ed76f0;[];lu hrs coba kedai... kopi... baru di jalan belakang kampus, enak bgt...
361;22;11-50;1492069.0;text;;[];False;False;f8e26c8525ed76f0;[];temen gw sakit masuk rs
362;22;51-100;1496213.0;text;;[];False;False;ee52c2ffae190dbc;[];wifi kosan gw,,, lemot banget jadi gw ke perpus aja,,, buat ngerjain tugas
363;22;51-100;1496272.0;text;;[];False;False;abec316405b84971;[];gw baru aja dapet kabar kalo temen kita,,, diterima kerja di luar,,, negeri
364;22;11-50;1496505.0;text;362.0;[];False;False;093afc7b396c4aa4;[];pacarnya baru siapa sih!!!
365;22;11-50;1497441.0;text;;[];False;False;a28321aa7fc7bc32;[];gw kangen temen temen... SMA
366;22;11-50;1497801.0;text;;[];False;False;f4064e0c91edb2af;[];gw berantem sama si anu
367;22;51-100;1500949.0;text;;[];True;True;58ae85b7e2ff8ac9;[];lu prnh coab bleajar bareng di perpus kota ga, enak ga disana?
368;22;11-50;1501005.0;text;;[];False;False;d211a139639d1905;[];jangannnn bilangg siapaa siapa ya
369;22;51-100;1501651.0;text;;[];False;True;ac4607085ba516fd;[];SENENG BANGET GW DAPET TAWARAN MAGANG DI PERUSAHAAN IMPIAN GW!
370;22;11-50;1501673.0;text;;[];False;True;58ae85b7e2ff8ac9;[];sedih bgt ceritanya!
371;22;101-500;1501946.0;text;;[];False;False;79f1679e48f8423e;[];hari ini gw iseng nyoba bikin kopi pake metode V60 yang lagi hype di kalangan anak anak kampus. beli alatnya lumayan mahal sih tapi hasilnya emang beda dari kopi sachet biasa. kopinya lebih smooth dan ga terlalu pahit. kayaknya gw bakal ketagihan nih bikin kopi sendiri tiap pagi sebelum ke kampus
372;22;51-100;1502009.0;text;;['😬'];True;True;8c4583f47f91d072;[];lu pernah coba belajar bareng di perpus kota ga, enak ga disana?
373;22;11-50;1502059.0;text;;[];False;False;79f1679e48f8423e;[];angkot ke sana masih ada ga
374;22;11-50;1502077.0;text;;['☺️'];False;False;8c4583f47f91d072;[];Si itu udah putus katanya.
375;22;1-10;1502104.0;text;;['😉'];False;False;79f1679e48f8423e;[];ywd
376;22;0;1503819.0;unknown;;[];False;False;0c13b967cd2c4542;[];[Media tidak dikenal]
377;23;0;1563568.0;system;;[];False;False;8163fea00d39a2d0;[];[Pesan sistem]
378;23;101-500;1585894.0;text;;[];False;False;79f1679e48f8423e;[];jadi ceritanya kemarin gw ke perpustakaan pusat buat nyari bahan referensi skripsi, ternyata bukunya udah dipinjem semua sama anak angkatan sebelah. akhirnya gw cuma bisa fotokopi dari temen yang kebetulan punya. lumayan lah daripada ga dapet sama sekali, tinggal di rangkum aja sisanya
379;24;0;1640616.0;system;;[];False;False;c1222dade0e51982;[];[Pesan sistem]
380;24;0;1640973.0;system;;[];False;False;0c13b967cd2c4542;[];[Pesan sistem]
381;24;51-100;1640993.0;text;;[];False;True;0c13b967cd2c4542;[];akhirnya selesai jg skripsi gw setelah... perjuangan berbulan bulan!
382;24;51-100;1641044.0;text;;['👍'];False;False;3ba602286f4df36e;[];gw udahhhh bikin slidessss presentasi tapii kayaknya masih kurangg bagusss dehhh isinya
383;24;101-500;1644238.0;text;;[];False;False;f8e26c8525ed76f0;[];gw lg galau bgt nih soal masa depan. mau lanjut s2 tp... duit ga ad, mau langsung kerja tp pengalaman msh... minim. nyokap bilang... terserah gw aja tp gw tau dia pengen gw cepet kerja biar... bs bantu ekonomi keluarga. bingung bgt sih, kyk smua... pilihan ad plus... minusnya
384;24;101-500;1644268.0;text;;[];False;False;c1222dade0e51982;[];gw lg galau bgt nih soal masa depan. mau lnajut s2 tp duti ga ad, mau langsung kerja tp pengalaman msh minim. nyokap bliang terserah gw aja tp gw tau dia pnegen gw cepet kreja biar bs bantu ekonomi keluarag. bingung bgt sih, kyk suma piliahn ad plus minusnya
385;24;0;1644538.0;system;;[];False;False;d2e8be8c0c888b0a;[];[Pesan sistem]
386;24;101-500;1645272.0;text;;[];False;False;ac4607085ba516fd;[];GW LAGI GALAU BANGET NIH SOAL MASA DEPAN. MAU LANJUT S2 TAPI DUIT GA ADA, MAU LANGSUNG KERJA TAPI PENGALAMAN MASIH MINIM. NYOKAP BILANG TERSERAH GW AJA TAPI GW TAU DIA PENGEN GW CEPET KERJA BIAR BISA BANTU EKONOMI KELUARGA. BINGUNG BANGET SIH, KAYAK SEMUA PILIHAN ADA PLUS MINUSNYA
387;24;11-50;1645317.0;text;;[];True;False;f1559a66844db6cf;[];ad yg pny catetan?
388;24;101-500;1645713.0;text;;[];False;False;ac4607085ba516fd;[];GW LAGI GALAU BANGET NIH SOAL MASA DEPAN. MAU LANJUT S2 TAPI DUIT GA ADA, MAU LANGSUNG KERJA TAPI PENGALAMAN MASIH MINIM. NYOKAP BILANG TERSERAH GW AJA TAPI GW TAU DIA PENGEN GW CEPET KERJA BIAR BISA BANTU EKONOMI KELUARGA. BINGUNG BANGET SIH, KAYAK SEMUA PILIHAN ADA PLUS MINUSNYA
389;24;101-500;1645761.0;text;;[];False;False;ac4607085ba516fd;[];GW LAGI GALAU BANGET NIH SOAL MASA DEPAN. MAU LANJUT S2 TAPI DUIT GA ADA, MAU LANGSUNG KERJA TAPI PENGALAMAN MASIH MINIM. NYOKAP BILANG TERSERAH GW AJA TAPI GW TAU DIA PENGEN GW CEPET KERJA BIAR BISA BANTU EKONOMI KELUARGA. BINGUNG BANGET SIH, KAYAK SEMUA PILIHAN ADA PLUS MINUSNYA
390;24;51-100;1645775.0;text;;[];False;False;ac4607085ba516fd;[];GW LAGI MIKIRIN MAU AMBIL MAGANG DI PERUSAHAAN MANA BUAT SEMESTER DEPAN
391;24;1-10;1645830.0;text;;['🥳'];False;False;ac4607085ba516fd;[];NAH
392;24;101-500;1646027.0;text;;[];False;False;032029f68042bfa5;[];gw lagiiii galau banget nihhhh soalll masa depan. mauuuu lanjut s2 tapii duit ga ada, mauuu langsunggg kerja tapi pengalaman masih minim. nyokap bilang terserahhhh gw aja tapi gw tau dia pengennnn gw cepet kerja biarrr bisa bantu ekonomi keluarga. bingung bangett sih, kayak semua pilihannnn ada plus minusnya
393;24;101-500;1646283.0;text;;[];False;False;f1559a66844db6cf;[];gw lg galau bgt nih soal masa depan. mau lanjut s2 tp duit ga ad, mau langsung kerja tp pengalaman msh minim. nyokap bilang terserah gw aja tp gw tau dia pengen gw cepet kerja biar bs bantu ekonomi keluarga. bingung bgt sih, kyk smua pilihan ad plus minusnya
394;24;0;1648833.0;system;;[];False;False;f70f652d483c4675;[];[Pesan sistem]
395;24;0;1650123.0;system;;[];False;False;0b56961e0cc0a81b;[];[Pesan sistem]
396;24;0;1653581.0;system;;[];False;False;e18e17680181d232;[];[Pesan sistem]
397;24;0;1654366.0;system;;[];False;False;ea7b24de5ff7fd3f;[];[Pesan sistem]
398;24;11-50;1654378.0;text;;[];False;False;eab9c5046b166684;[];Sidang minggu depan doain ya.
399;24;101-500;1656324.0;text;;[];False;False;58ae85b7e2ff8ac9;[];gw lg galau bgt nih soal maas depan. mau lanujt s2 tp duit ga ad, mau langsung keraj tp pengalaman msh minim. nyokap bilang tersreah gw aja tp gw tau dia pengen gw cepte kerja biar bs bantu ekonomi keluarga. bingung bgt si,h kyk smua pilihan ad plus minusnya
400;24;101-500;1656430.0;text;;[];False;False;d50d687e12b76bf0;[];gw lg galau bgt nih sola masa depna. mau lanjut s2 tp duti ga ad, mau langsung kejra tp pegnalaman msh minim. nyokap bilnag terserah gw aja tp gw tau dia pengne gw cepet kerja biar bs bantu ekonomi keluarga. bingung bgt sih, kyk smua pilihan ad plsu minusnya
401;24;51-100;1656493.0;text;;['🤟'];False;False;87fe972586c55829;[];gw udah bikin slides presentasi tp kayaknya msh kurang bagus deh isinya
402;24;101-500;1656554.0;text;;[];True;False;d3c37841e2089cb6;[];eh ad yg pny rekomendasi laptop budget 5 jutaan yg bagus buat kuliah dan ngoding ga? laptop gw yg skrg udah mulai lemot dan sering ngehang kalo buka banyak tab. pengennya sih yg ringan buat dibawa ke kampus tp tetep kenceng performanya, ad saran?
403;24;51-100;1656589.0;text;;[];False;True;61d77eb9f6fcf403;[];akhirnyaaa selesaiii juga skripsii gw setelahhh perjuangann berbulan bulan!
404;24;11-50;1656901.0;text;;[];False;False;79f1679e48f8423e;[];gw laper banget nih
405;24;101-500;1656911.0;text;;[];True;False;79f1679e48f8423e;[];guys ada yang tau ga sih kenapa sistem registrasi online kampus sering banget error pas masa pengisian KRS? tiap semester selalu gitu bikin stres, mana harus rebutan mata kuliah yang kuotanya dikit banget lagi. apa emang servernya ga kuat ya nampung banyak mahasiswa sekaligus?
406;24;101-500;1656939.0;text;;[];True;False;093afc7b396c4aa4;[];eh ada yang punya rekomendasi laptop budget 5 jutaan yang bagus buat kuliah dan ngoding ga? laptop gw yang sekarang udah mulai lemot dan sering ngehang kalo buka banyak tab. pengennya sih yang ringan buat dibawa ke kampus tapi tetep kenceng performanya, ada saran!!!
407;24;101-500;1657236.0;text;;[];True;False;e18e17680181d232;[];gw lg bimbang nih antara mau ikut organisasi kampus atau fokus ke akademik aja. menurut kalian gmn sih, worth it ga sih ikut organisasi? soalnya gw denger banyak yg bilang bs nambah soft skill tp di sisi lain waktu buat belajar jadi berkurang kan, gmn pengalaman kalian?
408;24;101-500;1657656.0;text;;[];True;False;3937cb7a5a08899b;[];menurut kalian kenapa ya generasi kita tuh kayaknya lebih gampang stres dan burnout dibanding generasi... orang tua kita dulu? apa karena tekanan sosmed atau emang tuntutan hidup yang makin tinggi ya? gw penasaran... aja sih soalnya temen temen gw banyak... yang ngeluh hal yang sama...
409;24;101-500;1657669.0;text;;[];True;False;59e18de0ab19dba6;[];guys ada yang tau ga sih kenapa sistem registrasi online kampus sering banget error pas masa pengisian KRS? tiap semester selalu gitu bikin stres, mana harus rebutan mata kuliah yang kuotanya dikit banget lagi. apa emang servernya ga kuat ya nampung banyak mahasiswa sekaligus?
410;24;51-100;1658083.0;text;;[];False;True;abec316405b84971;[];akhirnya selesai juga skripsi,,, gw setelah,,, perjuangan berbulan bulan!,,,
411;24;101-500;1660471.0;text;;[];True;False;2a6d5f2541be27cc;[];menurut kalian kenapa ya generasi kita tuh kayaknya lebih gampang stres dan burnout dibanding generasi orang tua kita dulu? apa karena tekanan sosmed atau emang tuntutan hidup yang makin tinggi ya? gw penasaran aja sih soalnya temen temen gw banyak yang ngeluh hal yang sama!!
412;24;101-500;1660749.0;text;;[];True;False;f8e26c8525ed76f0;[];gw lg bimbang nih antara mau ikut organisasi kampus atau fokus ke akademik aja. menurut kalian gmn sih, worth it ga sih ikut organisasi? soalnya gw denger banyak yg bilang... bs nambah soft skill tp di... sisi lain waktu buat... belajar jadi berkurang kan, gmn pengalaman kalian?
413;24;101-500;1661130.0;text;;[];True;False;f1559a66844db6cf;[];guys ad yg tau ga sih knp sistem registrasi online kampus sering bgt error pas masa pengisian krs? tiap semester selalu gitu bikin stres, mana hrs rebutan mata kuliah yg kuotanya dikit bgt lg. apa emang servernya ga kuat ya nampung banyak mahasiswa sekaligus?
414;24;11-50;1661135.0;text;;[];False;False;f1559a66844db6cf;[];seminar tadi lama bgt
415;24;101-500;1661213.0;text;;[];True;False;0b56961e0cc0a81b;[];menurut kalian kenapa ya generasi kita tuh kayaknya lebihhhh gampang stresss dan burnout dibandinggg generasiii orang tuaaaa kita dulu? apa karena tekanannnn sosmed atau emang tuntutannnn hidup yanggg makin tinggi ya? gw penasarannnn aja sihhh soalnya temenn temen gw banyak yang ngeluhh hal yanggg samaaa
416;24;101-500;1661451.0;text;;[];True;False;eab9c5046b166684;[];eh ada yang punya rekomendasi laptop budget 5 jutaan yang bagus buat kuliah dan ngoding ga? laptop gw yang sekarang udah mulai lemot dan sering ngehang kalo buka banyak tab. pengennya sih yang ringan buat dibawa ke kampus tapi tetep kenceng performanya, ada saran?
417;24;101-500;1664161.0;text;;[];True;False;f4064e0c91edb2af;[];menurut kalian kenapa ya generasi kita tuh kayaknya lebih gampang stres dan burnout dibanding generasi orang tua kita dulu? apa karena tekanan sosmed atau emang tuntutan hidup yang makin tinggi ya? gw penasaran aja sih soalnya temen temen gw banyak yang ngeluh hal yang sama
418;24;101-500;1664181.0;text;;[];True;False;e17092221f4d7414;[];menurut kalian kenapa ya generasi kita tuh kayaknya lebih gampang stres dan burnout dibanding generasi orang tua kita dulu? apa karena tekanan sosmed atau emang tuntutan hidup yang makin tinggi ya? gw penasaran aja sih soalnya temen temen gw banyak yang ngeluh hal yang sama
419;24;11-50;1664253.0;text;;[];False;False;79f1679e48f8423e;[];dosen pembimbing susah ditemui
420;24;101-500;1664308.0;text;418.0;[];False;False;c1222dade0e51982;[];gw lg galau bgt nih sola masa depan. mau lanjut s2 tp duit ga ad, mau langsung kerja tp pengalaman msh minim. nyokap bilnag terserah gw aja tp gw tau dia pengen gw cepet kerja biar bs bantu ekonomi keluarga. bingung bgt sih, kyk smua pilihan ad plsu mniusnya
421;24;51-100;1664340.0;text;;[];False;False;c1222dade0e51982;[];kemarin gw ke toko bkuu beil novel baru sm buku referensi buat skripsi
422;24;51-100;1664414.0;text;;[];False;True;79f1679e48f8423e;[];akhirnya selesai juga skripsi gw setelah perjuangan berbulan bulan!
423;24;11-50;1664429.0;text;;[];False;False;79f1679e48f8423e;[];warteg depan kampus enak
424;24;51-100;1664515.0;text;422.0;['👍'];False;False;c1222dade0e51982;[];kemarin gw ke toko buuk beli novel baru sm buku referensi buat skripis
425;24;101-500;1666132.0;text;;[];False;False;eab9c5046b166684;[];Gw lagi galau banget nih soal masa depan. mau lanjut S2 tapi duit ga ada, mau langsung kerja tapi pengalaman masih minim. nyokap bilang terserah gw aja tapi gw tau dia pengen gw cepet kerja biar bisa bantu ekonomi keluarga. bingung banget sih, kayak semua pilihan ada plus minusnya.
426;24;51-100;1667610.0;text;;['🙃'];False;False;8c4583f47f91d072;[];Kemarin gw ke toko buku beli novel baru sama buku referensi buat skripsi.
427;24;11-50;1668198.0;text;;[];True;True;f9ff57a00b8a65ca;[];ADA YANG PUNYA CATETAN?
428;24;11-50;1669955.0;text;;[];False;False;26a750cee28c8c71;[];tugas kelompok bikin pusing
429;24;11-50;1669973.0;text;;[];False;False;917ffdf452fec813;[];proposal skripsi gw ditolak
430;24;11-50;1670049.0;text;;[];False;False;ac4607085ba516fd;[];KELAS TAMBAHAN HARI SABTU SIH
431;24;51-100;1670655.0;text;;[];False;False;79f1679e48f8423e;[];kemarin gw ke toko buku beli novel baru sama buku referensi buat skripsi
432;24;51-100;1671247.0;text;;['😅'];True;False;ac4607085ba516fd;[];MENURUT LU GW HARUS AMBIL MATA KULIAH PILIHAN YANG MANA SEMESTER DEPAN?
433;24;51-100;1671267.0;text;;[];True;False;ac4607085ba516fd;[];MENURUT LU GW HARUS AMBIL MATA KULIAH PILIHAN YANG MANA SEMESTER DEPAN?
434;24;11-50;1671278.0;text;;['😊'];False;False;ac4607085ba516fd;[];TUGAS KELOMPOK BIKIN PUSING
435;24;101-500;1672514.0;text;;[];True;False;6f4c4e22b17b0ac1;[];gw lg bimbang nih antara mau ikut organisasi kampus atau fokus ke... akademik aja. menurut kalian... gmn sih, worth it ga sih ikut organisasi? soalnya gw denger... banyak yg bilang... bs nambah soft skill tp di... sisi lain waktu... buat belajar jadi berkurang kan, gmn pengalaman kalian?
436;24;101-500;1674262.0;text;;[];True;False;de034364b8eb3dd0;[];guys ada yang tau ga sih kenapa sistem registrasi online kampus sering banget error pas masa pengisian KRS? tiap semester selalu gitu bikin stres, mana harus rebutan mata kuliah yang kuotanya dikit banget lagi. apa emang servernya ga kuat ya nampung banyak mahasiswa sekaligus!!!
437;24;0;1676999.0;image/jpeg;;[];False;False;721f4b478bcb55fc;[];[Foto]
438;25;101-500;1745003.0;text;;[];False;True;79f1679e48f8423e;[];YESSS gw akhirnya dapet nilai A di mata kuliah yang paling gw takutin selama ini! padahal gw udah pasrah banget pas ujian soalnya soalnya susah parah. ternyata tugas dan presentasi gw nilainya bagus jadi bisa nutupin nilai ujian. alhamdulillah banget perjuangan ga sia sia!
439;25;101-500;1745035.0;text;;[];False;True;79f1679e48f8423e;[];YESSS gw akhirnya dapet nilai A di mata kuliah yang paling gw takutin selama ini! padahal gw udah pasrah banget pas ujian soalnya soalnya susah parah. ternyata tugas dan presentasi gw nilainya bagus jadi bisa nutupin nilai ujian. alhamdulillah banget perjuangan ga sia sia!
440;25;51-100;1745035.0;text;;['😉'];False;True;fbff62b93c1ddab9;[];gila sih dosen gw tiba tiba,,, kasih tugas tambahan padahal besok uas!
441;25;101-500;1745105.0;text;;[];True;False;721f4b478bcb55fc;[];gw lagi bimbang nih antara mau ikut organisasi kampus atau fokus ke akademik aja. menurut kalian gimana sih, worth it ga sih ikut organisasi? soalnya gw denger banyak... yang bilang... bisa nambah soft skill tapi... di sisi lain waktu buat... belajar jadi berkurang kan, gimana pengalaman kalian?
442;25;101-500;1745182.0;text;;[];True;False;8ca79bd486c44d4b;[];gw lagi bimbang nih antara mau ikut organisasi kampus atau fokus ke akademik aja. menurut... kalian gimana sih, worth it ga... sih ikut organisasi? soalnya gw denger banyak yang bilang bisa nambah soft skill tapi di sisi lain waktu buat belajar jadi berkurang kan, gimana pengalaman kalian?
443;25;51-100;1756074.0;text;;[];False;False;e17092221f4d7414;[];gw denger katanya semester depan ada mata kuliah baru yang wajib diambil
444;25;51-100;1756096.0;text;;[];False;False;e17092221f4d7414;[];eh besok kita jadi ketemuan di kafe deket stasiun kan ya jam 2 siang
445;25;11-50;1756112.0;text;;[];False;False;e17092221f4d7414;[];tadi absen ga sih kamu
446;25;11-50;1756119.0;text;;[];False;False;e17092221f4d7414;[];deadline besok pagi bro
447;25;51-100;1756137.0;text;;[];False;False;e17092221f4d7414;[];gw baru aja selesai ngerjain tugas sampe jam 3 pagi, mau mati rasanya
448;25;11-50;1757732.0;text;;['☺️'];False;True;ac4607085ba516fd;[];MANTAP BANGET HASILNYA!
449;25;11-50;1757915.0;text;;[];False;False;093afc7b396c4aa4;[];tadi absen ga sih kamu!!!
450;25;11-50;1758335.0;text;;[];False;False;ac4607085ba516fd;[];LAB KOMPUTER PENUH TERUS
451;25;1-10;1758340.0;text;;[];False;False;ac4607085ba516fd;[];IYA
452;25;1-10;1758357.0;text;;[];False;False;093afc7b396c4aa4;[];ok!!!
453;25;51-100;1759405.0;text;;[];True;False;eab9c5046b166684;[];eh lu udah dapet info jadwal ujian akhir semester belum dari prodi?
454;25;11-50;1761142.0;text;;[];False;True;79f1679e48f8423e;[];gila sih lu bisa gitu!
455;25;11-50;1761586.0;text;;['😅'];False;False;79f1679e48f8423e;[];tadi absen ga sih kamu
456;25;11-50;1761875.0;text;;[];False;False;fe6ecd86b1e5536b;[];lab komputer penuh terus
457;25;11-50;1762004.0;text;;[];False;False;721f4b478bcb55fc;[];gw lg ngerjain tugas nih...
458;25;0;1762019.0;system;;[];False;False;721f4b478bcb55fc;[];[Pesan sistem]
459;25;11-50;1762050.0;text;;['😬'];False;False;d3c37841e2089cb6;[];gw belom mulai tugas
460;26;51-100;1763107.0;text;;[];False;False;d3c37841e2089cb6;[];gw lg mikirin mau ambil magang di perusahaan mana buat semester depan
461;26;11-50;1763113.0;text;;[];False;False;3937cb7a5a08899b;[];warteg depan kampus enak...
462;26;11-50;1775121.0;text;;[];False;False;917ffdf452fec813;[];warteg depan kampus enak
463;26;11-50;1775893.0;text;;[];False;False;f4064e0c91edb2af;[];sidang minggu depan doain ya
464;27;0;1807870.0;system;;[];False;False;79f1679e48f8423e;[];[Pesan sistem]
465;27;11-50;1807884.0;text;;[];False;False;79f1679e48f8423e;[];capek banget hari ini asli
466;27;51-100;1817802.0;text;;['👋🏼'];False;True;6153f115fddc65cd;[];stress level gw udah maximum nih sama tugas yang numpuk kemana mana!
467;27;0;1817817.0;system;;[];False;False;6153f115fddc65cd;[];[Pesan sistem]
468;27;11-50;1827353.0;text;;[];False;False;7b173f576bc7b513;[];baru bangun nih masih ngantuk
469;27;1-10;1827388.0;text;;[];False;True;7b173f576bc7b513;[];luar biasa!,,,
470;27;101-500;1829754.0;text;;[];False;False;7397f95ddabec5cf;[];gw lagi belajar codingg otodidak dari youtubeeee buattt nambahhhh skill. mulai dari html css dulu baru pelan pelann ke javascript. lumayan susah sih awalnya tapi lamaa lama mulaiii pahammmm juga. siapa tau nanti bisa bikin portfolio sendirii dannnn dapett kerjaan freelanceee buatt nambahhh uangggg jajan selama kuliah
471;27;1-10;1829768.0;text;;[];False;False;7397f95ddabec5cf;[];seeppp
472;28;11-50;1843192.0;text;;[];False;False;d135dc5156f3938f;[];presentasi gw amburadul
473;28;1-10;1843208.0;text;;[];True;False;d135dc5156f3938f;[];apa?
474;28;11-50;1843286.0;text;;[];False;False;7397f95ddabec5cf;[];deadline besokkk pagi bro
475;28;11-50;1843323.0;text;;[];False;True;d135dc5156f3938f;[];manatp bgt hasilnya!
476;29;500+;1994489.0;text;;[];False;False;79f1679e48f8423e;[];podcast yg lu rekomen mana
477;29;0;1994511.0;unknown;;[];False;False;79f1679e48f8423e;[];[Media tidak dikenal]
478;29;11-50;1994527.0;text;;[];False;False;79f1679e48f8423e;[];futsal besok jadi ga
479;29;11-50;1994635.0;text;;[];False;False;7397f95ddabec5cf;[];badminton yuk sore ini
480;29;51-100;1994655.0;text;;['🏎'];False;False;de034364b8eb3dd0;[];gw baru dapet info beasiswa buat semester depan mau coba daftar deh!!!
481;29;51-100;1994680.0;text;;['🏎'];False;False;ac4607085ba516fd;[];GW BARU DAPET INFO BEASISWA BUAT SEMESTER DEPAN MAU COBA DAFTAR DEH
482;29;0;1994701.0;unknown;;[];False;False;ac4607085ba516fd;[];[Media tidak dikenal]
483;29;51-100;1994704.0;text;;['🏎'];False;False;0c13b967cd2c4542;[];gw hrs ganti strategi belajar sih soalnya nilai uts kemarin... jelek bgt
484;29;1-10;1994716.0;text;;[];False;False;0c13b967cd2c4542;[];dih
485;29;51-100;1994722.0;text;;['🏎'];False;False;ac4607085ba516fd;[];GW BARU DAPET INFO BEASISWA BUAT SEMESTER DEPAN MAU COBA DAFTAR DEH
486;29;11-50;1994746.0;text;;[];False;False;0c13b967cd2c4542;['ac4607085ba516fd'];gw abis lari pagi tadi...
487;29;101-500;1994772.0;text;;['🏎'];False;False;59e18de0ab19dba6;[];tadi siang gw makan di warung makan baru deket gerbang belakang kampus. nasi gorengnya lumayan enak dan harganya murah banget cuma 12 ribu udah sama es teh. kayaknya bakal jadi langganan baru deh soalnya warteg biasa gw udah mulai naik harga dan porsinya makin dikit aja
488;29;11-50;1994843.0;text;;['🥰'];False;False;ac4607085ba516fd;[];ALBUM BARU DIA ENAK BANGET
489;29;101-500;1995191.0;text;;['🏎'];False;False;e18e17680181d232;[];tadi siang gw makan di warung makan baru deket gerbang belakang kampus. nasi gorengnya lumayan enak dan harganya murah bgt cuma 12 ribu udah sm es teh. kayaknya bakal jadi langganan baru deh soalnya warteg biasa gw udah mulai naik harga dan porsinya makin dikit aja
490;29;101-500;1995231.0;text;;['🏎'];False;False;721f4b478bcb55fc;[];tadi siang gw makan di warung makan baru deket gerbang belakang kampus. nasi gorengnya lumayan enak dan harganya murah banget... cuma... 12 ribu udah sama es teh. kayaknya bakal jadi... langganan baru deh soalnya warteg biasa gw udah mulai naik harga dan... porsinya makin... dikit aja
491;29;101-500;1995262.0;text;;['🏎', '🎸'];False;False;79f1679e48f8423e;[];tadi siang gw makan di warung makan baru deket gerbang belakang kampus. nasi gorengnya lumayan enak dan harganya murah banget cuma 12 ribu udah sama es teh. kayaknya bakal jadi langganan baru deh soalnya warteg biasa gw udah mulai naik harga dan porsinya makin dikit aja
492;29;101-500;1995468.0;text;;['🏎', '🎸'];False;False;032029f68042bfa5;[];tadii sianggg gw makan di warungg makan baru dekett gerbanggg belakang kampus. nasi gorengnya lumayan enakkkk dan harganyaaaa murah banget cuma 12 ribu udah sama es teh. kayaknya bakall jadi langganannnn baru deh soalnya warteg biasaa gw udahhh mulai naikkkk hargaaaa dan porsinya makinnn dikit ajaaa
493;29;0;1995496.0;system;;[];False;False;377c66064142ea5e;[];[Pesan sistem]
494;29;0;1995577.0;system;;[];False;False;c5fc02de438efb25;[];[Pesan sistem]
495;29;0;1995639.0;system;;[];False;False;7c8bd85daf6ffbee;[];[Pesan sistem]
496;29;101-500;1996631.0;text;;['🏎', '🎸'];False;False;8ca79bd486c44d4b;[];tadi siang gw makan di warung makan baru deket gerbang belakang kampus. nasi gorengnya lumayan... enak dan harganya murah banget... cuma 12 ribu udah sama es teh. kayaknya... bakal jadi langganan baru deh soalnya warteg biasa gw udah mulai naik harga dan porsinya makin dikit aja
497;29;101-500;1997477.0;text;;['🏎', '🎸'];False;False;f8e26c8525ed76f0;[];tadi siang gw makan di warung makan baru deket gerbang belakang kampus. nasi gorengnya lumayan enak dan harganya murah bgt cuma 12 ribu udah... sm es teh.... kayaknya bakal jadi langganan baru deh soalnya warteg biasa gw udah mulai naik harga dan... porsinya makin dikit... aja
498;29;101-500;1999857.0;text;;['🏎', '🎸'];False;False;d3c37841e2089cb6;[];tadi siang gw makan di warung makan baru deket gerbang belakang kampus. nasi gorengnya lumayan enak dan harganya murah bgt cuma 12 ribu udah sm es teh. kayaknya bakal jadi langganan baru deh soalnya warteg biasa gw udah mulai naik harga dan porsinya makin dikit aja
499;29;11-50;2000557.0;text;;[];True;False;87fe972586c55829;[];msh bangun ga... lu jam segini?
500;29;101-500;2001047.0;text;;['🏎', '🎸'];False;False;0b56961e0cc0a81b;[];tadi sianggg gw makannnn di warungggg makan baru deket gerbang belakang kampus. nasiii gorengnyaaa lumayan enak dann harganya murahhhh bangett cuma 12 ribuuu udah samaaa es teh. kayaknya bakal jadi langganann baru deh soalnya warteggg biasa gw udah mulaii naik hargaa dan porsinya makin dikit aja
501;29;101-500;2002201.0;text;;['🏎', '🎸'];False;False;fbff62b93c1ddab9;[];tadi siang,,, gw makan di warung makan baru,,, deket gerbang belakang kampus. nasi gorengnya lumayan enak,,, dan harganya,,, murah banget cuma 12 ribu udah,,, sama es teh. kayaknya bakal jadi,,, langganan baru deh soalnya warteg biasa gw udah mulai,,, naik,,, harga dan porsinya makin dikit aja
502;29;101-500;2002738.0;text;;['🏎', '🎸'];False;False;fe6ecd86b1e5536b;[];tadi siang gw makan di warung makan baru deket gerbang belakang kampus. nasi gorengnya lumayan enak dan harganya murah bgt cuma 12 ribu udah sm es teh. kayaknya bakal jadi langganan baru deh soalnya warteg biasa gw udah mulai naik harga dan porsinya makin dikit aja
503;29;0;2003030.0;system;;[];False;False;3cfeb0be1971637f;[];[Pesan sistem]
504;30;101-500;2017126.0;text;;['🏎', '🎸'];False;False;ac4607085ba516fd;[];GW LAGI BELAJAR CODING OTODIDAK DARI YOUTUBE BUAT NAMBAH SKILL. MULAI DARI HTML CSS DULU BARU PELAN PELAN KE JAVASCRIPT. LUMAYAN SUSAH SIH AWALNYA TAPI LAMA LAMA MULAI PAHAM JUGA. SIAPA TAU NANTI BISA BIKIN PORTFOLIO SENDIRI DAN DAPET KERJAAN FREELANCE BUAT NAMBAH UANG JAJAN SELAMA KULIAH
505;30;101-500;2017262.0;text;;['🏎', '🎸'];False;False;8c4583f47f91d072;[];Minggu lalu gw akhirnya beraniin diri buat ngomong sama dosen pembimbing soal progress skripsi yang mandek. ternyata beliau pengertian banget dan kasih banyak masukan yang berguna. gw nyesel ga ngomong dari awal soalnya selama ini gw cuma takut ditolak atau dimarahin padahal dosennya baik banget.
506;30;101-500;2017694.0;text;;['🏎', '🎸'];False;False;093afc7b396c4aa4;[];kemarin gw ikut kegiatan bakti sosial yang diadain sama BEM fakultas. kita ke panti asuhan di pinggiran kota buat ngajar anak anak dan bagi bagi sembako. seru banget sih dan bikin hati adem. anak anaknya lucu lucu dan semangat banget belajar walau fasilitas mereka terbatas. jadi pengen rutin kesana!!!
507;30;101-500;2017816.0;text;;['🏎', '🎸'];False;False;58ae85b7e2ff8ac9;[];gw baru selesai nnoton dokumenter tentang kehidupan nelayan di pesisir utara jawa. sedih bgt liat perujangan mrk yg hrs melaut berhrai hari cuma baut dapet ikan yg harganya ga seberapa di psaar. bikin gw makin bersyukur sih sm kehidupan gw skrg walau kadang ngelhu jg
508;30;101-500;2018681.0;text;;['🏎', '🎸'];False;False;abec316405b84971;[];gw lagi belajar coding,,, otodidak dari youtube buat nambah skill. mulai dari html css,,, dulu baru pelan pelan,,, ke javascript.,,, lumayan,,, susah sih awalnya,,, tapi lama lama mulai,,, paham juga. siapa tau nanti bisa bikin portfolio,,, sendiri dan dapet kerjaan,,, freelance buat,,, nambah uang jajan selama kuliah
509;30;11-50;2018720.0;text;;[];False;False;abec316405b84971;[];gw baru ganti nomor btw
510;30;101-500;2018975.0;text;;['🏎', '🎸'];False;False;eab9c5046b166684;[];Gw lagi belajar coding otodidak dari YouTube buat nambah skill. mulai dari HTML CSS dulu baru pelan pelan ke JavaScript. lumayan susah sih awalnya tapi lama lama mulai paham juga. siapa tau nanti bisa bikin portfolio sendiri dan dapet kerjaan freelance buat nambah uang jajan selama kuliah.
511;30;101-500;2019556.0;text;;['🏎', '🎸'];False;False;2a6d5f2541be27cc;[];kemarin gw ikut kegiatan bakti sosial yang diadain sama BEM fakultas. kita ke panti asuhan di pinggiran kota buat ngajar anak anak dan bagi bagi sembako. seru banget sih dan bikin hati adem. anak anaknya lucu lucu dan semangat banget belajar walau fasilitas mereka terbatas. jadi pengen rutin kesana!!!
512;30;101-500;2022577.0;text;;['🏎', '🎸'];False;False;c1222dade0e51982;[];kemarin gw ikut kegiatan bakti sosial yg diadain sm bem fakultas. kita ke panti asuhan di pinggiran kota buat ngajar anak anak dan bagi bagi sembak.o seru bgt sih dan bkiin hati adme. anak anaknya lucu lucu dan semangat bgt belajar walau fasilitas mrk terbatas. jdai penegn rutin kseana
513;30;51-100;2025260.0;text;;[];True;False;79f1679e48f8423e;[];ada yang mau patungan buat beli kado ulang tahun si anu ga?
514;30;101-500;2025274.0;text;;['🏎', '🎸'];False;False;f4064e0c91edb2af;[];kemarin gw ikut kegiatan bakti sosial yang diadain sama BEM fakultas. kita ke panti asuhan di pinggiran kota buat ngajar anak anak dan bagi bagi sembako. seru banget sih dan bikin hati adem. anak anaknya lucu lucu dan semangat banget belajar walau fasilitas mereka terbatas. jadi pengen rutin kesana
515;30;11-50;2025279.0;text;;[];False;False;79f1679e48f8423e;[];wifi kampus lemot parah
516;30;101-500;2025408.0;text;;[];False;True;f8e26c8525ed76f0;[];yesss gw akhirnya dapet... nilai a di mata kuliah yg paling gw takutin selama ni! padahal gw udah pasrah bgt pas... ujian soalnya soalnya susah parah. ternyata... tugas dan presentasi... gw nilainya bagus... jadi bs nutupin... nilai ujian. alhamdulillah bgt perjuangan ga sia sia!
517;30;101-500;2025409.0;text;;[];False;True;f8e26c8525ed76f0;[];gila sih guys tadi... pas gw lg di jalan tiba tiba motor gw diserempet sm mobil... yg belok tanpa sein! untung gw ga jatoh tp spion gw patah dan baret di bodi motor.... orangnya langsung kabur lg ga tanggung jawab!... sumpah kesel bgt gw sampe skrg msh gemetaran!
518;30;101-500;2025410.0;text;;[];False;True;f8e26c8525ed76f0;[];parah bgt banjir di daerah... kosan gw semalam smp air masuk ke kamar setinggi betis!... barang... barang gw banyak yg kerendem termasuk buku kuliah dan sepatu. gw hrs ngungsi ke... kosan temen... dan skrg lg bersihin smua barang. semoga ga ad yg rusak parah sih!
519;30;101-500;2025413.0;text;;[];False;True;f8e26c8525ed76f0;[];yesss gw akhirnya dapet nilai a di mata kuliah yg paling gw... takutin selama ni! padahal gw udah pasrah bgt pas ujian soalnya soalnya susah parah. ternyata tugas dan presentasi gw nilainya... bagus... jadi bs nutupin nilai ujian. alhamdulillah bgt perjuangan ga sia sia!
520;30;101-500;2025414.0;text;;[];False;True;f8e26c8525ed76f0;[];temen temen gw baru aja ngasih surprise ulang tahun... yg paling berkesan... dalam hidup gw!... mrk diem diem booking tempat makan favorit gw dan undang smua temen deket. ad kue tart dan hadiah yg gw... pengen dr lama. gw sampe nangis terharu sumpah ga nyangka mrk sebaik tu!
521;30;101-500;2025415.0;text;;[];False;True;f8e26c8525ed76f0;[];temen temen gw baru aja ngasih surprise ulang... tahun yg... paling berkesan dalam hidup gw! mrk diem diem booking tempat makan favorit gw dan undang smua temen deket.... ad kue... tart dan hadiah... yg gw pengen dr lama. gw sampe nangis terharu sumpah ga nyangka mrk sebaik tu!
522;30;1-10;2025445.0;text;;[];False;False;79f1679e48f8423e;[];hem
523;30;1-10;2025453.0;text;;[];False;False;79f1679e48f8423e;[];oh
524;30;51-100;2025483.0;text;;[];False;False;79f1679e48f8423e;[];gw seneng banget akhirnya bisa ketemu temen temen lama setelah lama ga
525;30;51-100;2025483.0;text;;[];False;False;79f1679e48f8423e;[];gw lagi dengerin podcast tentang psikologi, lumayan buat nambah wawasan
526;30;51-100;2025484.0;text;;[];False;False;79f1679e48f8423e;[];gw lagi dengerin podcast tentang psikologi, lumayan buat nambah wawasan
527;30;51-100;2025488.0;text;;[];False;False;79f1679e48f8423e;[];laptop gw mulai lemot nih kayaknya harus install ulang atau ganti RAM
528;30;51-100;2025489.0;text;;[];False;False;79f1679e48f8423e;[];gw seneng banget akhirnya bisa ketemu temen temen lama setelah lama ga
529;30;51-100;2025490.0;text;;[];False;False;79f1679e48f8423e;[];duit jajan gw abis padahal baru tanggal 15 harus ngirit banget nih
530;30;51-100;2025491.0;text;;[];False;False;79f1679e48f8423e;[];tadi gw antri di administrasi kampus 2 jam cuma buat ngurus surat
531;30;11-50;2025495.0;text;;['🤣'];False;False;093afc7b396c4aa4;[];gw baru ganti nomor btw!!
532;30;11-50;2025495.0;text;;['🤣'];False;False;093afc7b396c4aa4;[];charger hp gw rusak lagi!!!
533;30;51-100;2026085.0;text;;[];False;True;721f4b478bcb55fc;[];gokil sih makanan... di... tempat baru itu enak banget harganya murah lagi!
534;30;11-50;2026124.0;text;;[];True;False;093afc7b396c4aa4;[];gw harus bawa apa aja!!
535;30;51-100;2026256.0;text;;[];False;False;79f1679e48f8423e;[];duit jajan gw abis padahal baru tanggal 15 harus ngirit banget nih
536;30;1-10;2026259.0;text;;[];False;False;79f1679e48f8423e;[];iyaa
537;30;0;2026274.0;image/jpeg;;[];False;False;79f1679e48f8423e;[];[Foto]
538;30;51-100;2026315.0;text;537.0;[];False;False;79f1679e48f8423e;[];duit jajan gw abis padahal baru tanggal 15 harus ngirit banget nih
539;30;11-50;2026335.0;text;;[];False;False;093afc7b396c4aa4;[];bentar ya gw lg di jalan!!!
540;30;101-500;2026337.0;text;;['🏎', '🎸'];False;False;3937cb7a5a08899b;[];rencana liburan semester ini... gw mau road trip sama... temen temen ke Jogja. kita udah patungan buat sewa mobil dan... booking... penginapan murah di... daerah Malioboro. itinerary nya... udah gw bikin detail dari hari pertama sampe hari ketiga. tinggal eksekusi aja nih semoga cuaca... mendukung dan ga ada halangan
541;30;11-50;2026346.0;text;;[];False;False;79f1679e48f8423e;[];gw lagi di atm sebentar
542;30;0;2026364.0;image/jpeg;;[];False;False;79f1679e48f8423e;[];[Foto]
543;30;51-100;2026388.0;text;;[];False;False;79f1679e48f8423e;[];duit jajan gw abis padahal baru tanggal 15 harus ngirit banget nih
544;30;51-100;2026398.0;text;;[];False;False;0c13b967cd2c4542;[];duit jajan gw abis... padahal baru tanggal 15 hrs ngirit bgt nih
545;30;11-50;2026404.0;text;;[];False;False;79f1679e48f8423e;[];gw lagi di atm sebentar
546;30;51-100;2026424.0;text;;[];False;False;79f1679e48f8423e;[];gw seneng banget akhirnya bisa ketemu temen temen lama setelah lama ga
547;30;51-100;2026442.0;text;;['😂'];False;False;0c13b967cd2c4542;[];tadi gw antri di administrasi kampus 2 jam cuma buat ngurus surat
548;30;51-100;2026450.0;text;;[];False;False;093afc7b396c4aa4;[];tadi gw antri di administrasi kampus 2 jam cuma buat ngurus surat!!!
549;30;51-100;2026462.0;text;;[];False;True;de034364b8eb3dd0;[];stress level gw udah maximum nih sama tugas yang numpuk kemana mana!!
550;30;11-50;2026494.0;text;;[];False;False;0c13b967cd2c4542;[];cuaca hari ni panas bgt
551;30;11-50;2026500.0;text;;[];False;True;8ca79bd486c44d4b;[];sakit hati gw dengernya!
552;30;11-50;2026518.0;text;;[];False;False;79f1679e48f8423e;[];bentar ya gw lg di jalan
553;30;0;2026550.0;image/jpeg;;[];False;False;79f1679e48f8423e;[];[Foto]
554;30;51-100;2026633.0;text;;[];True;False;79f1679e48f8423e;[];ada yang mau patungan buat beli kado ulang tahun si anu ga?
555;30;11-50;2027628.0;text;;[];False;False;032029f68042bfa5;[];capek bangetttt hari ini asliiii
556;30;1-10;2027640.0;text;537.0;[];False;False;032029f68042bfa5;[];siappppp
557;30;101-500;2029253.0;text;;['🙂'];False;True;721f4b478bcb55fc;[];YESSS gw akhirnya... dapet nilai A di mata... kuliah yang... paling gw... takutin selama ini! padahal gw udah pasrah banget pas ujian soalnya soalnya... susah parah. ternyata tugas dan presentasi... gw nilainya bagus... jadi bisa nutupin... nilai ujian. alhamdulillah banget... perjuangan ga sia sia!
558;30;101-500;2031372.0;text;;['🏎', '🎸'];False;False;240250ced91769e5;[];gw baru selesai nonton dokumenter tentang kehidupan nelayan di pesisir utara Jawa. sedih banget liat perjuangan mereka yang harus melaut berhari hari cuma buat dapet ikan yang harganya ga seberapa di pasar. bikin gw makin bersyukur sih sama kehidupan gw sekarang walau kadang ngeluh juga!!!
559;30;101-500;2031420.0;text;;['🏎', '🎸'];False;False;4f90da503e776553;[];minggu laluuuu gw akhirnya beraniinnnn diri buatttt ngomong sama dosennnn pembimbing soal progress skripsi yang mandek. ternyataaa beliau pengertian banget dann kasih banyak masukan yang berguna. gw nyesel ga ngomong dari awal soalnyaaaa selama inii gw cuma takutt ditolak atau dimarahin padahallll dosennya baikkkk banget
560;30;500+;2031542.0;text;;['🏎', '🎸'];False;False;db7e7840806b8873;[];capek banget hari,,, ini asli
561;30;500+;2034124.0;text;;['🏎', '🎸'];False;False;e17092221f4d7414;[];ntar gw kabarin lagi deh
562;30;11-50;2034162.0;text;;[];False;False;e17092221f4d7414;[];gw lagi di atm sebentar
563;31;500+;2063426.0;text;;['🏎', '🎸'];False;False;d2e8be8c0c888b0a;[];gw baru aja ketemu mantan!!
564;31;500+;2063844.0;text;;['🏎', '🎸'];False;False;3ba602286f4df36e;[];bokap gw lagiii di luarr kota
565;31;500+;2063909.0;text;;['🏎', '🎸'];False;False;ba547429c2480818;[];Duit bulanan belum dikirim.
566;31;500+;2072441.0;text;;['🏎', '🎸'];False;False;7827349a58fdc6b4;[];keluarga ngumpul lebaran ntr
567;31;500+;2079155.0;text;;['🏎', '🎸'];False;False;88237a346c5b0d60;[];Keluarga ngumpul lebaran nanti.
568;31;500+;2081037.0;text;;['🏎', '🎸'];False;False;87fe972586c55829;[];nyokap nanya kapan lulus
569;31;101-500;2089107.0;text;;[];False;True;721f4b478bcb55fc;[];YESSS gw akhirnya dapet nilai A di mata kuliah yang paling gw takutin selama ini! padahal gw udah... pasrah banget pas ujian soalnya soalnya susah... parah. ternyata... tugas dan presentasi gw nilainya bagus jadi bisa nutupin... nilai ujian. alhamdulillah banget perjuangan ga sia sia!
570;31;101-500;2089131.0;text;;[];False;True;721f4b478bcb55fc;[];gila sih guys tadi pas... gw lagi di jalan tiba tiba motor gw diserempet sama mobil yang belok tanpa sein! untung gw ga jatoh... tapi spion gw patah dan baret... di bodi motor. orangnya langsung kabur... lagi ga tanggung jawab! sumpah kesel banget gw sampe... sekarang masih gemetaran!
571;31;51-100;2089153.0;text;;[];False;False;721f4b478bcb55fc;[];tadi pagi gw olahraga lari keliling kampus 5 putaran... badan pegel semua
572;31;11-50;2089503.0;text;;[];True;False;79f1679e48f8423e;[];itu tempatnya jauh ga?
573;31;1-10;2089868.0;text;;['😞'];False;False;ac4607085ba516fd;[];YESS
574;31;11-50;2090038.0;text;;[];False;True;79f1679e48f8423e;[];ngakak gw liat video itu!
575;31;11-50;2090102.0;text;;[];False;False;79f1679e48f8423e;[];nyokap nanya kapan lulus
576;31;51-100;2090161.0;text;;[];False;False;721f4b478bcb55fc;[];gw nonton film... dokumenter semalam tentang laut dan ikan, bagus banget
577;31;101-500;2090191.0;text;;[];True;False;721f4b478bcb55fc;[];guys ada yang tau ga sih... kenapa sistem registrasi... online kampus sering banget error pas masa pengisian KRS? tiap semester selalu gitu bikin stres, mana harus rebutan mata kuliah yang... kuotanya dikit banget lagi. apa... emang servernya ga kuat ya nampung banyak... mahasiswa sekaligus?
578;31;11-50;2090388.0;text;;[];False;False;ac4607085ba516fd;[];BOKAP GW LAGI DI LUAR KOTA
579;31;11-50;2090389.0;text;;[];False;False;ac4607085ba516fd;[];MAMA MINTA GW PULANG WEEKEND
580;31;101-500;2090895.0;text;;[];False;True;240250ced91769e5;[];parah banget banjir di daerah kosan gw semalam sampai air masuk ke kamar setinggi betis! barang barang gw banyak yang kerendem termasuk buku kuliah dan sepatu. gw harus ngungsi ke kosan temen dan sekarang lagi bersihin semua barang. semoga ga ada yang rusak parah sih!!
581;31;0;2090896.0;image/jpeg;;[];False;False;240250ced91769e5;[];[Foto]
582;31;51-100;2090944.0;text;;[];False;False;240250ced91769e5;[];besok ada bazaar di kampus katanya banyak makanan murah, pada ikut ga!!!
583;31;11-50;2090949.0;text;;['🤩'];False;False;58ae85b7e2ff8ac9;[];keluarga ngupmul lebaran ntr
584;31;11-50;2090962.0;text;;[];False;False;240250ced91769e5;[];mama minta gw pulang weekend!!!
585;31;1-10;2090990.0;text;;['😅'];False;False;240250ced91769e5;[];pasti!!
586;31;51-100;2093387.0;text;;[];False;False;721f4b478bcb55fc;[];gw lagi belajar masak sendiri biar ga jajan terus lumayan hemat soalnya...
587;31;11-50;2093399.0;text;;['😊'];False;True;721f4b478bcb55fc;[];ngakak gw liat video itu!
588;31;11-50;2093822.0;text;;['🙃'];False;False;8c4583f47f91d072;[];Film baru di bioskop bagus ga.
589;31;101-500;2096803.0;text;;[];False;False;eab9c5046b166684;[];Gw pengen curhat sedikit nih. akhir akhir ini gw ngerasa burnout banget sama rutinitas kuliah yang itu itu aja. bangun pagi, kuliah, tugas, tidur, repeat. kadang gw ngerasa kayak robot yang cuma jalan sesuai program tanpa tau tujuan akhirnya apa. mungkin gw butuh liburan beneran buat refresh otak.
590;31;0;2096858.0;image/jpeg;;[];False;False;abec316405b84971;[];[Foto]
591;31;101-500;2096916.0;text;;['🙈'];False;True;abec316405b84971;[];temen temen gw,,, baru aja ngasih,,, surprise ulang,,, tahun yang paling berkesan,,, dalam hidup gw! mereka diem diem,,, booking tempat makan favorit,,, gw dan,,, undang semua temen,,, deket.,,, ada kue,,, tart dan,,, hadiah yang,,, gw pengen dari lama. gw sampe nangis terharu,,, sumpah ga nyangka,,, mereka sebaik itu!
592;31;101-500;2097086.0;text;;['😊'];False;False;ac4607085ba516fd;[];GW PENGEN CURHAT SEDIKIT NIH. AKHIR AKHIR INI GW NGERASA BURNOUT BANGET SAMA RUTINITAS KULIAH YANG ITU ITU AJA. BANGUN PAGI, KULIAH, TUGAS, TIDUR, REPEAT. KADANG GW NGERASA KAYAK ROBOT YANG CUMA JALAN SESUAI PROGRAM TANPA TAU TUJUAN AKHIRNYA APA. MUNGKIN GW BUTUH LIBURAN BENERAN BUAT REFRESH OTAK
593;31;101-500;2097181.0;text;589.0;['😬'];False;True;8c4583f47f91d072;[];YESSS gw akhirnya dapet nilai A di mata kuliah yang paling gw takutin selama ini! padahal gw udah pasrah banget pas ujian soalnya soalnya susah parah. ternyata tugas dan presentasi gw nilainya bagus jadi bisa nutupin nilai ujian. alhamdulillah banget perjuangan ga sia sia!
594;31;51-100;2097951.0;text;;[];False;False;f1559a66844db6cf;[];tadi pagi gw olahraga lari keliling kampus 5 putaran badan pegel smua
595;31;11-50;2097954.0;text;;[];False;False;f1559a66844db6cf;[];bokap gw lg di luar kota
596;31;11-50;2098190.0;text;;['☺️'];False;True;ac4607085ba516fd;[];SERU BANGET TADI MALEM!
597;31;11-50;2098588.0;text;;['☺️'];False;False;59e18de0ab19dba6;[];adek gw masuk SMA tahun ini
598;31;51-100;2098867.0;text;;['🙌🏻'];False;True;6153f115fddc65cd;[];ngakak parah tadi di kelas ada yang ketiduran pas dosen nerangin!
599;31;11-50;2098941.0;text;;[];False;True;ac4607085ba516fd;[];NGAKAK GW LIAT VIDEO ITU!
600;31;11-50;2098963.0;text;;['👏🏻'];False;False;ac4607085ba516fd;[];PLAYLIST LO YANG MANA SIH
601;31;51-100;2098980.0;text;;[];False;False;5172c240e19d3566;[];BESOK ADA BAZAAR DI KAMPUS KATANYA BANYAK MAKANAN MURAH, PADA IKUT GA
602;31;11-50;2099028.0;text;;[];False;False;e17092221f4d7414;[];gw kangen masakan rumah
603;31;51-100;2099050.0;text;;[];False;False;e17092221f4d7414;[];adek gw mau masuk kuliah tahun depan gw harus bantu cariin info jurusan
604;31;11-50;2099110.0;text;;[];False;False;ac4607085ba516fd;[];DUIT BULANAN BELUM DIKIRIM
605;31;51-100;2099186.0;text;;[];False;False;5172c240e19d3566;[];GW LAGI BELAJAR MASAK SENDIRI BIAR GA JAJAN TERUS LUMAYAN HEMAT SOALNYA
606;31;1-10;2099224.0;text;;[];False;False;e17092221f4d7414;[];pasti
607;31;51-100;2099237.0;text;;[];True;False;e17092221f4d7414;[];siapa sih yang spread gosip itu ke grup sebelah, tau ga orangnya?
608;32;11-50;2099838.0;text;;[];False;False;e17092221f4d7414;[];si itu udah putus katanya
609;32;11-50;2099968.0;text;;[];False;False;5172c240e19d3566;[];DIEM DIEM TERNYATA JADIAN
610;32;11-50;2107829.0;text;;[];True;False;f8e26c8525ed76f0;[];pinjam catetan boleh ga?
611;32;11-50;2108463.0;text;;[];False;False;ac4607085ba516fd;[];JANGAN BILANG SIAPA SIAPA YA
612;32;0;2113936.0;image/jpeg;;[];False;False;79f1679e48f8423e;[];[Foto]
613;32;11-50;2113948.0;text;;[];False;False;79f1679e48f8423e;[];gw kangen temen temen SMA
614;32;51-100;2113984.0;text;;[];False;False;79f1679e48f8423e;[];wifi kosan gw lemot banget jadi gw ke perpus aja buat ngerjain tugas
615;32;11-50;2113999.0;text;;[];False;False;0c13b967cd2c4542;[];pacarnya baru siapa sih
616;32;11-50;2114014.0;text;;[];False;False;79f1679e48f8423e;[];gw kangen temen temen SMA
617;32;0;2114062.0;image/jpeg;;[];False;False;79f1679e48f8423e;[];[Foto]
618;32;11-50;2114081.0;image/jpeg;;[];False;False;79f1679e48f8423e;[];[Foto]
619;32;1-10;2114301.0;text;;[];False;False;721f4b478bcb55fc;[];trus
620;32;101-500;2114347.0;text;;[];False;False;721f4b478bcb55fc;[];hari ini gw iseng nyoba... bikin kopi pake metode V60... yang lagi hype di kalangan anak anak kampus. beli alatnya... lumayan mahal sih tapi... hasilnya emang beda dari kopi sachet biasa. kopinya lebih smooth dan ga terlalu pahit. kayaknya gw bakal ketagihan nih bikin... kopi sendiri tiap pagi sebelum ke kampus
621;32;101-500;2114407.0;text;;[];True;False;721f4b478bcb55fc;[];guys ada yang tau ga sih kenapa sistem registrasi online kampus sering banget error pas... masa pengisian KRS?... tiap semester... selalu gitu bikin stres, mana harus rebutan mata kuliah yang kuotanya dikit banget lagi. apa emang... servernya ga kuat ya nampung banyak mahasiswa sekaligus?
622;32;0;2114670.0;unknown;;[];False;False;ac4607085ba516fd;[];[Media tidak dikenal]
623;32;1-10;2114676.0;text;;[];False;False;ac4607085ba516fd;[];CAPE
624;32;11-50;2114866.0;image/jpeg;;[];False;False;ac4607085ba516fd;[];[Foto]
625;32;11-50;2114951.0;text;;['🤣'];False;False;d3c37841e2089cb6;[];pacarnya baru siapa sih
626;32;11-50;2115014.0;text;;['☺️'];False;False;8ca79bd486c44d4b;[];jangan bilang siapa siapa ya
627;32;11-50;2115086.0;text;;[];False;False;ac4607085ba516fd;[];DIEM DIEM TERNYATA JADIAN
628;32;11-50;2115099.0;image/jpeg;;[];False;False;ac4607085ba516fd;[];[Foto]
629;32;11-50;2115100.0;image/jpeg;;[];False;False;ac4607085ba516fd;[];[Foto]
630;32;1-10;2115103.0;text;;[];False;False;ac4607085ba516fd;[];TRUS
631;32;11-50;2115106.0;image/jpeg;;[];False;False;ac4607085ba516fd;[];[Foto]
632;32;11-50;2115112.0;text;;[];False;False;ac4607085ba516fd;[];DIEM DIEM TERNYATA JADIAN
633;32;11-50;2115118.0;text;;[];False;False;ac4607085ba516fd;[];PACARNYA BARU SIAPA SIH
634;32;11-50;2115124.0;text;;[];False;False;ac4607085ba516fd;[];TEMENIN GW DONG BESOK
635;33;11-50;2170670.0;text;630.0;[];True;False;79f1679e48f8423e;[];ada sinyal ga disitu?
636;33;11-50;2170677.0;text;;[];False;False;79f1679e48f8423e;[];futsal besok jadi ga
637;33;11-50;2170892.0;text;;['🤷🏻\u200d♀️'];False;False;ac4607085ba516fd;[];FUTSAL BESOK JADI GA
638;33;11-50;2171493.0;text;;[];False;False;240250ced91769e5;[];gw abis lari pagi tadi!!!
639;33;51-100;2183938.0;text;;['🙂'];True;False;8c4583f47f91d072;[];kira kira kalo gw apply magang sekarang masih keburu ga ya?
640;33;51-100;2184119.0;text;;[];False;True;abec316405b84971;[];sedih banget gw harus pisah sama,,, temen kos gw yang udah pindah!,,,
641;33;11-50;2184197.0;text;;[];False;False;3ba602286f4df36e;[];gymm hari iniii skip deh
642;33;11-50;2184273.0;text;;[];False;False;8c4583f47f91d072;[];Gym hari ini skip deh.
643;33;1-10;2184282.0;text;;[];False;False;3ba602286f4df36e;[];njir
644;33;11-50;2184283.0;text;;[];True;False;3ba602286f4df36e;[];tadiii ngomonggg apaa sihhh dosennya?
645;33;11-50;2188911.0;text;;[];False;False;8c4583f47f91d072;[];Gw lagi baca novel baru nih.
646;33;500+;2190417.0;text;;['😉'];False;True;721f4b478bcb55fc;[];stress berat gw sama tugas!
647;33;51-100;2190481.0;text;;[];True;False;abec316405b84971;[];kira kira,,, kalo gw apply magang,,, sekarang masih,,, keburu ga ya?
648;33;11-50;2190546.0;text;;[];False;False;721f4b478bcb55fc;[];konser itu mahal banget... tiketnya
649;33;11-50;2190579.0;text;;['🙈'];False;True;abec316405b84971;[];stress berat gw sama,,, tugas!
650;33;11-50;2190624.0;text;;[];False;False;721f4b478bcb55fc;[];manga terbaru udah keluar loh...
651;33;1-10;2190635.0;text;;[];False;False;87fe972586c55829;[];njir
652;33;11-50;2190639.0;text;;[];False;False;87fe972586c55829;[];gym hari ni skip deh
653;33;11-50;2191463.0;text;;[];True;False;240250ced91769e5;[];tadi ngomong apa sih dosennya!!!
654;33;11-50;2191545.0;text;;[];False;False;ac4607085ba516fd;[];KONSER ITU MAHAL BANGET TIKETNYA
655;33;11-50;2191546.0;text;;[];False;False;ac4607085ba516fd;[];MANGA TERBARU UDAH KELUAR LOH
656;33;11-50;2191569.0;text;;[];False;True;ac4607085ba516fd;[];AKHIRNYA KELAR JUGA NIH!
657;33;11-50;2192201.0;text;;[];True;False;a2eb57ed92709c75;[];msh bangun ga lu jam... segini?
658;33;11-50;2192258.0;text;;[];False;False;ac4607085ba516fd;[];FUTSAL BESOK JADI GA
659;33;11-50;2193070.0;text;;[];True;False;87fe972586c55829;[];tadi ngomong apa sih dosennya?...
660;33;101-500;2198174.0;text;;[];False;False;79f1679e48f8423e;[];tadi siang gw makan di warung makan baru deket gerbang belakang kampus. nasi gorengnya lumayan enak dan harganya murah banget cuma 12 ribu udah sama es teh. kayaknya bakal jadi langganan baru deh soalnya warteg biasa gw udah mulai naik harga dan porsinya makin dikit aja
661;33;11-50;2198185.0;text;;[];False;False;79f1679e48f8423e;[];series itu endingnya zonk bgt
662;33;11-50;2198206.0;text;;[];False;False;79f1679e48f8423e;[];pertandingan bola tadi malam gila
663;33;101-500;2198675.0;text;;[];False;False;79f1679e48f8423e;[];tadi siang gw makan di warung makan baru deket gerbang belakang kampus. nasi gorengnya lumayan enak dan harganya murah banget cuma 12 ribu udah sama es teh. kayaknya bakal jadi langganan baru deh soalnya warteg biasa gw udah mulai naik harga dan porsinya makin dikit aja
664;33;51-100;2198757.0;text;;['😉'];False;False;fbff62b93c1ddab9;[];semalam hujan gede banget sampe kosan gw mati lampu,,, semaleman gila
665;33;1-10;2198783.0;text;663.0;[];False;False;79f1679e48f8423e;[];ih
666;33;11-50;2199551.0;text;;[];False;False;032029f68042bfa5;[];gymmmm hari inii skipppp deh
667;33;500+;2201856.0;text;;['🏎', '🎸'];False;False;79f1679e48f8423e;[];badminton yuk sore ini
668;34;0;2240250.0;video/mp4;;[];False;False;f4064e0c91edb2af;[];[Video]
669;34;1-10;2242292.0;text;;[];False;False;093afc7b396c4aa4;[];gaje!!
670;34;1-10;2242304.0;text;;[];False;False;093afc7b396c4aa4;[];hmm!!
671;34;0;2243251.0;unknown;;[];False;False;79f1679e48f8423e;[];[Media tidak dikenal]
672;34;0;2243284.0;image/jpeg;;[];False;False;79f1679e48f8423e;[];[Foto]
673;34;51-100;2243329.0;text;;[];False;False;79f1679e48f8423e;[];gw udah bikin slides presentasi tapi kayaknya masih kurang bagus deh isinya
674;35;101-500;2246187.0;text;;[];False;False;79f1679e48f8423e;[];gw lagi galau banget nih soal masa depan. mau lanjut S2 tapi duit ga ada, mau langsung kerja tapi pengalaman masih minim. nyokap bilang terserah gw aja tapi gw tau dia pengen gw cepet kerja biar bisa bantu ekonomi keluarga. bingung banget sih, kayak semua pilihan ada plus minusnya
675;35;1-10;2246811.0;text;;['😉'];False;False;032029f68042bfa5;[];asli
676;35;500+;2247371.0;text;;['🏎', '🎸'];False;False;21266f12e2c7823a;[];gw laper bangettt nihh
677;35;1-10;2248747.0;text;;['✔️'];False;False;ac4607085ba516fd;[];SABI
678;35;1-10;2249030.0;text;;['✅'];False;False;c1222dade0e51982;[];bet
679;35;1-10;2249099.0;text;;[];False;True;db7e7840806b8873;[];mantap!
680;35;11-50;2249125.0;text;;['😊'];False;False;3937cb7a5a08899b;[];gw baru aja dari kampus
681;35;1-10;2251536.0;text;;[];False;False;f4064e0c91edb2af;[];nah
682;35;11-50;2253832.0;text;;[];False;True;ba547429c2480818;[];keren abis presentasinya!
683;35;1-10;2255732.0;text;;[];False;True;f8e26c8525ed76f0;[];parah!
684;35;1-10;2255875.0;text;;['😉'];False;False;093afc7b396c4aa4;[];nah!!
685;35;1-10;2256072.0;text;;[];False;True;8c4583f47f91d072;[];mantap!
686;35;11-50;2256228.0;text;;[];False;True;2a6d5f2541be27cc;[];parah sih tadi kejadiannya!!!
687;35;1-10;2256641.0;text;;[];False;True;721f4b478bcb55fc;[];anjir!
688;35;1-10;2256704.0;text;;[];False;True;240250ced91769e5;[];parah!!
689;35;1-10;2256799.0;text;;['✅'];False;False;4f90da503e776553;[];tuh
690;35;0;2257223.0;system;;[];False;False;39b36ae2c5995a58;[];[Pesan sistem]
691;35;101-500;2258360.0;text;;[];False;False;7d3641406f8a3606;[];gw lagi galau banget nih soal masa depan. mau lanjut s2 tapi duit ga ada, mau langsung kerja tapi pengalaman masih minim. nyokap bilang terserah gw aja tapi gw tau dia pengen gw cepet kerja biar bisa bantu ekonomi keluarga. bingung banget sih, kayak semua pilihan ada plus minusnya
692;35;11-50;2258383.0;text;;[];False;False;7d3641406f8a3606;[];sidang minggu depan doain ya
693;35;11-50;2258412.0;text;;[];False;False;87fe972586c55829;[];sidang minggu depan doain ya
694;35;101-500;2258790.0;text;;[];False;False;e17092221f4d7414;[];gw lagi galau banget nih soal masa depan. mau lanjut s2 tapi duit ga ada, mau langsung kerja tapi pengalaman masih minim. nyokap bilang terserah gw aja tapi gw tau dia pengen gw cepet kerja biar bisa bantu ekonomi keluarga. bingung banget sih, kayak semua pilihan ada plus minusnya
695;35;11-50;2258985.0;text;;['👍🏼'];False;False;d3c37841e2089cb6;[];sidang minggu depan doain ya
696;35;1-10;2258988.0;text;;[];False;False;d3c37841e2089cb6;[];nih
697;35;1-10;2260102.0;text;;['✅'];False;True;8ca79bd486c44d4b;[];anjir!
698;35;1-10;2260199.0;text;;[];False;False;e17092221f4d7414;[];gpp
699;35;1-10;2260262.0;text;;['😉'];False;False;fbff62b93c1ddab9;[];bet
700;35;1-10;2261265.0;text;;['✅'];False;True;7827349a58fdc6b4;[];parha!
701;35;11-50;2262050.0;text;;[];False;False;eab9c5046b166684;[];Seminar tadi lama banget.
702;35;101-500;2262089.0;text;;['😂'];False;False;0c13b967cd2c4542;[];gw lg galau bgt nih... soal masa depan. mau lanjut s2 tp duit ga ad, mau langsung kerja... tp pengalaman... msh... minim. nyokap bilang... terserah gw aja... tp gw tau dia pengen gw cepet kerja biar bs bantu ekonomi keluarga. bingung bgt sih, kyk smua pilihan ad plus minusnya
703;35;500+;2262698.0;text;;['🏎', '🎸'];False;False;a2eb57ed92709c75;[];lu udah makan blm
704;35;11-50;2263277.0;text;;[];False;False;e17092221f4d7414;[];seminar tadi lama banget
705;35;1-10;2263679.0;text;;[];False;False;0c13b967cd2c4542;[];hmm
706;35;11-50;2263683.0;text;;[];False;False;0c13b967cd2c4542;[];dosen pembimbing susah ditemui...
707;35;11-50;2263694.0;text;;[];False;False;0c13b967cd2c4542;[];proposal skripsi gw ditolak
708;35;1-10;2263694.0;text;;[];False;False;87fe972586c55829;[];nah
709;35;51-100;2263713.0;text;;[];False;False;0c13b967cd2c4542;[];kemarin gw ke... toko buku beli... novel baru... sm buku referensi buat skripsi
710;35;11-50;2263774.0;text;;['💜'];False;False;0c13b967cd2c4542;[];lu udah makan blm
711;35;11-50;2263783.0;text;;[];False;False;0c13b967cd2c4542;['79f1679e48f8423e'];lu udah makan blm
712;35;101-500;2263971.0;text;;[];False;False;79f1679e48f8423e;[];gw lagi galau banget nih soal masa depan. mau lanjut S2 tapi duit ga ada, mau langsung kerja tapi pengalaman masih minim. nyokap bilang terserah gw aja tapi gw tau dia pengen gw cepet kerja biar bisa bantu ekonomi keluarga. bingung banget sih, kayak semua pilihan ada plus minusnya
713;35;1-10;2264115.0;text;;[];False;False;87fe972586c55829;[];aman
714;35;11-50;2264136.0;text;;[];False;False;87fe972586c55829;[];mie ayam pak kumis juara sih
715;35;11-50;2264140.0;text;;[];False;False;87fe972586c55829;[];kelas tambahan hari sabtu sih
716;35;11-50;2264154.0;text;;[];False;False;87fe972586c55829;[];gw baru aja dr... kampus
717;35;51-100;2264158.0;text;;[];False;False;79f1679e48f8423e;[];jangan lupa besok kumpul di lobby kampus jam 8 pagi buat berangkat bareng
718;35;51-100;2264226.0;text;;[];False;False;0c13b967cd2c4542;['79f1679e48f8423e'];jangan lupa besok... kumpul di lobby kampus jam 8 pagi buat berangkat... bareng
719;35;1-10;2264233.0;text;;[];False;False;87fe972586c55829;[];done
720;35;11-50;2264252.0;text;;[];True;False;87fe972586c55829;[];gmn kabar lu... skrg?
721;35;500+;2264253.0;text;;['🏎', '🎸'];False;False;d135dc5156f3938f;[];gw baru aja dr kampus
722;35;500+;2264828.0;text;;['🏎', '🎸'];False;False;aae840a3158358d0;[];sidang minggu depan doain ya
723;35;11-50;2264865.0;text;;['😅'];False;False;d135dc5156f3938f;[];mie ayam pak kuims juara sih
724;35;11-50;2264929.0;text;;[];False;True;aae840a3158358d0;[];parah sih tadi kejadiannya!
725;35;500+;2264969.0;text;;['🏎', '🎸'];False;False;aae840a3158358d0;[];gw laper banget nih
726;35;11-50;2264997.0;text;;[];False;False;f4064e0c91edb2af;[];proposal skripsi gw ditolak
727;35;500+;2265005.0;text;;['🏎', '🎸'];False;False;aa19d206f25d6baa;[];WARTEG DEPAN KAMPUS ENAK
728;35;11-50;2265102.0;text;;[];False;True;d135dc5156f3938f;[];keren abis presentasinya!
729;35;51-100;2266014.0;text;;['😆'];False;False;a2eb57ed92709c75;[];kosan gw bocor lg pas hujan semalam, kasur gw basah smua parah... bgt
730;35;500+;2267137.0;text;;['🏎', '🎸'];False;False;0c13b967cd2c4542;[];gw baru aja dr kampus
731;35;500+;2267420.0;text;;['🏎', '🎸'];False;False;c1084b7e5fa3ce87;[];gw baru aja dr kampus
732;35;1-10;2267719.0;text;;[];False;False;c1084b7e5fa3ce87;[];aman
733;35;11-50;2268522.0;text;;[];False;False;79f1679e48f8423e;[];tugas kelompok bikin pusing
734;35;1-10;2268564.0;text;;[];False;False;d3c37841e2089cb6;[];hmm
735;35;1-10;2268882.0;text;;[];False;False;f8e26c8525ed76f0;[];gpp
736;35;1-10;2269138.0;text;;[];False;False;7827349a58fdc6b4;[];alsi
737;35;500+;2269157.0;text;;['🏎', '🎸'];False;False;26a750cee28c8c71;[];dosen pembimbing susah... ditemui...
738;35;1-10;2269240.0;text;;[];False;False;093afc7b396c4aa4;[];gaje!!!
739;35;1-10;2269519.0;text;;[];False;True;2a6d5f2541be27cc;[];mantap!!!
740;35;0;2270433.0;unknown;;[];False;False;f1559a66844db6cf;[];[Media tidak dikenal]
741;35;101-500;2272589.0;image/jpeg;;[];False;False;79f1679e48f8423e;[];[Foto]
742;35;1-10;2272959.0;text;;[];False;False;f4064e0c91edb2af;[];hmm
743;35;11-50;2273005.0;text;;[];False;True;240250ced91769e5;[];keren abis presentasinya!!!
744;35;11-50;2273125.0;text;;[];False;True;f4064e0c91edb2af;[];keren abis presentasinya!
745;35;1-10;2273144.0;text;;[];False;False;abec316405b84971;[];aman
746;35;1-10;2273219.0;text;;[];False;False;093afc7b396c4aa4;[];hmm!!!
747;35;11-50;2273491.0;text;;[];False;True;2a6d5f2541be27cc;[];keren abis presentasinya!!!
748;35;11-50;2273500.0;text;;['👏🏻'];False;True;0b56961e0cc0a81b;[];keren abisss presentasinya!
749;35;11-50;2273701.0;text;;[];False;True;8ca79bd486c44d4b;[];keren abis presentasinya!
750;35;1-10;2274021.0;text;;['😊'];False;True;ba547429c2480818;[];anjir!
751;35;11-50;2274051.0;text;;[];False;False;e17092221f4d7414;[];proposal skripsi gw ditolak
752;35;51-100;2274070.0;text;;[];False;False;e17092221f4d7414;[];gw udah bikin slides presentasi tapi kayaknya masih kurang bagus deh isinya
753;35;11-50;2274239.0;text;;[];False;False;eab9c5046b166684;[];Seminar tadi lama banget.
754;35;1-10;2274795.0;text;;[];False;False;f8e26c8525ed76f0;[];nih
755;35;11-50;2277857.0;text;;[];False;False;79f1679e48f8423e;[];lu udah makan belum
756;35;0;2278049.0;sticker/webp;;[];False;False;d3c37841e2089cb6;[];[Stiker]
757;35;0;2278115.0;unknown;;[];False;False;79f1679e48f8423e;[];[Media tidak dikenal]
758;35;500+;2278165.0;text;;['😅', '🏎', '🎸'];False;False;79f1679e48f8423e;[];gw laper banget nih
759;35;500+;2278166.0;text;;['😅', '🏎', '🎸'];False;False;79f1679e48f8423e;[];tugas kelompok bikin pusing
760;35;500+;2278167.0;text;;['😅', '🏎', '🎸'];False;False;79f1679e48f8423e;[];gw laper banget nih
761;35;500+;2278167.0;text;;['😅', '🏎', '🎸'];False;False;79f1679e48f8423e;[];mie ayam pak kumis juara sih
762;35;500+;2278171.0;text;;['😅', '🏎', '🎸'];False;False;79f1679e48f8423e;[];tugas kelompok bikin pusing
763;35;500+;2278171.0;text;;['😅', '🏎', '🎸'];False;False;79f1679e48f8423e;[];gw mau ambil cuti semester
764;35;500+;2278171.0;text;;['😅', '🏎', '🎸'];False;False;79f1679e48f8423e;[];proposal skripsi gw ditolak
765;36;101-500;2285892.0;image/jpeg;;[];False;False;79f1679e48f8423e;[];[Foto]
766;36;101-500;2286338.0;text;;['😅'];False;False;79f1679e48f8423e;[];gw lagi belajar coding otodidak dari YouTube buat nambah skill. mulai dari HTML CSS dulu baru pelan pelan ke JavaScript. lumayan susah sih awalnya tapi lama lama mulai paham juga. siapa tau nanti bisa bikin portfolio sendiri dan dapet kerjaan freelance buat nambah uang jajan selama kuliah
767;36;500+;2286364.0;text;;[];False;False;79f1679e48f8423e;[];gw lagi di atm sebentar
768;36;500+;2286417.0;text;;['🎸'];False;False;79f1679e48f8423e;[];gw mau tidur dulu ya
769;36;101-500;2286420.0;text;;[];False;False;79f1679e48f8423e;[];kemarin gw ikut kegiatan bakti sosial yang diadain sama BEM fakultas. kita ke panti asuhan di pinggiran kota buat ngajar anak anak dan bagi bagi sembako. seru banget sih dan bikin hati adem. anak anaknya lucu lucu dan semangat banget belajar walau fasilitas mereka terbatas. jadi pengen rutin kesana
770;36;101-500;2286450.0;text;;[];False;False;79f1679e48f8423e;[];minggu lalu gw akhirnya beraniin diri buat ngomong sama dosen pembimbing soal progress skripsi yang mandek. ternyata beliau pengertian banget dan kasih banyak masukan yang berguna. gw nyesel ga ngomong dari awal soalnya selama ini gw cuma takut ditolak atau dimarahin padahal dosennya baik banget
771;36;101-500;2286489.0;text;;['😄'];False;False;79f1679e48f8423e;[];minggu lalu gw akhirnya beraniin diri buat ngomong sama dosen pembimbing soal progress skripsi yang mandek. ternyata beliau pengertian banget dan kasih banyak masukan yang berguna. gw nyesel ga ngomong dari awal soalnya selama ini gw cuma takut ditolak atau dimarahin padahal dosennya baik banget
772;36;101-500;2286492.0;text;;['😄'];False;False;79f1679e48f8423e;[];kemarin gw ikut kegiatan bakti sosial yang diadain sama BEM fakultas. kita ke panti asuhan di pinggiran kota buat ngajar anak anak dan bagi bagi sembako. seru banget sih dan bikin hati adem. anak anaknya lucu lucu dan semangat banget belajar walau fasilitas mereka terbatas. jadi pengen rutin kesana
773;36;101-500;2286493.0;text;;['😄'];False;False;79f1679e48f8423e;[];gw baru selesai nonton dokumenter tentang kehidupan nelayan di pesisir utara Jawa. sedih banget liat perjuangan mereka yang harus melaut berhari hari cuma buat dapet ikan yang harganya ga seberapa di pasar. bikin gw makin bersyukur sih sama kehidupan gw sekarang walau kadang ngeluh juga
774;36;101-500;2286493.0;text;;['😄'];False;False;79f1679e48f8423e;[];gw lagi belajar coding otodidak dari YouTube buat nambah skill. mulai dari HTML CSS dulu baru pelan pelan ke JavaScript. lumayan susah sih awalnya tapi lama lama mulai paham juga. siapa tau nanti bisa bikin portfolio sendiri dan dapet kerjaan freelance buat nambah uang jajan selama kuliah
775;36;101-500;2286494.0;text;;['😄'];False;False;79f1679e48f8423e;[];rencana liburan semester ini gw mau road trip sama temen temen ke Jogja. kita udah patungan buat sewa mobil dan booking penginapan murah di daerah Malioboro. itinerary nya udah gw bikin detail dari hari pertama sampe hari ketiga. tinggal eksekusi aja nih semoga cuaca mendukung dan ga ada halangan
776;36;101-500;2286495.0;text;;['😄'];False;False;79f1679e48f8423e;[];kemarin gw ikut kegiatan bakti sosial yang diadain sama BEM fakultas. kita ke panti asuhan di pinggiran kota buat ngajar anak anak dan bagi bagi sembako. seru banget sih dan bikin hati adem. anak anaknya lucu lucu dan semangat banget belajar walau fasilitas mereka terbatas. jadi pengen rutin kesana
777;36;11-50;2286716.0;text;;['😘'];False;False;79f1679e48f8423e;[];ntar gw kabarin lagi deh
778;36;11-50;2287768.0;text;;[];False;False;093afc7b396c4aa4;[];gw baru ganti nomor btw!!
779;36;11-50;2287839.0;text;;[];False;False;d3c37841e2089cb6;[];lu tim mana dukungnya
780;36;11-50;2287852.0;text;;[];False;False;093afc7b396c4aa4;[];lu tim mana dukungnya!!
781;36;11-50;2287853.0;text;;[];False;False;093afc7b396c4aa4;[];hujan deres ga bawa payung!!!
782;36;101-500;2287889.0;text;;['😉'];False;False;721f4b478bcb55fc;[];kemarin gw ikut kegiatan... bakti sosial yang diadain sama BEM fakultas. kita ke panti asuhan di pinggiran kota buat ngajar... anak anak dan bagi bagi sembako. seru... banget sih dan bikin hati adem. anak anaknya lucu lucu dan semangat banget belajar walau fasilitas mereka terbatas.... jadi pengen rutin kesana
783;36;101-500;2287889.0;text;;['😉'];False;False;721f4b478bcb55fc;[];kemarin gw ikut kegiatan bakti sosial yang diadain... sama BEM fakultas. kita ke panti asuhan di pinggiran kota buat ngajar anak anak dan bagi bagi sembako. seru banget sih dan bikin hati adem. anak anaknya... lucu lucu dan semangat banget belajar walau... fasilitas mereka terbatas.... jadi pengen rutin... kesana
784;36;101-500;2287894.0;text;;['😉'];False;False;721f4b478bcb55fc;[];rencana liburan semester ini gw... mau road trip sama temen temen ke... Jogja. kita udah... patungan buat sewa... mobil dan booking... penginapan murah di daerah Malioboro. itinerary nya udah gw bikin detail dari hari pertama sampe hari ketiga. tinggal... eksekusi... aja nih semoga cuaca mendukung... dan ga ada halangan
785;36;101-500;2287895.0;text;;['😉'];False;False;721f4b478bcb55fc;[];minggu lalu gw akhirnya beraniin diri buat ngomong sama dosen pembimbing soal progress skripsi yang mandek. ternyata beliau pengertian banget dan... kasih banyak masukan yang berguna. gw nyesel ga ngomong dari awal soalnya selama ini gw cuma takut ditolak atau... dimarahin padahal... dosennya baik banget...
786;36;101-500;2287895.0;text;;['😉'];False;False;721f4b478bcb55fc;[];gw baru selesai nonton dokumenter tentang kehidupan nelayan di pesisir... utara Jawa. sedih banget liat... perjuangan mereka yang harus melaut berhari hari cuma buat dapet ikan yang harganya ga seberapa di pasar. bikin gw makin bersyukur... sih sama kehidupan gw sekarang walau kadang ngeluh juga
787;36;11-50;2290144.0;text;;[];False;True;abec316405b84971;[];sumpah itu lucu parah!
788;36;11-50;2290331.0;text;;[];True;False;79f1679e48f8423e;[];gw harus bawa apa aja?
789;37;1-10;2313944.0;text;;[];False;False;abec316405b84971;[];gila
790;37;51-100;2320102.0;text;;[];True;False;7397f95ddabec5cf;[];siapa sih yanggg spreaddd gosippp itu ke grup sebelah, tau ga orangnya?
791;37;11-50;2320125.0;text;;[];False;False;abec316405b84971;[];gw lagi marathon drakor,,, nih
792;37;1-10;2320377.0;text;;[];False;True;7397f95ddabec5cf;[];astaga!
793;37;0;2328594.0;system;;[];False;False;8c4583f47f91d072;[];[Pesan sistem]
794;37;51-100;2328899.0;text;;['👋🏼', '😄'];False;True;b96c35176bdca401;[];ngakak parah tadi di kelas ada yang ketiduran pas,,, dosen nerangin!
795;37;0;2331266.0;system;;[];False;False;f4064e0c91edb2af;[];[Pesan sistem]
796;37;11-50;2331276.0;text;;[];False;False;f4064e0c91edb2af;[];playlist lo yang mana sih
797;37;0;2331284.0;system;;[];False;False;f4064e0c91edb2af;[];[Pesan sistem]
798;37;11-50;2331301.0;text;;[];False;False;f4064e0c91edb2af;[];adek gw masuk SMA tahun ini
799;37;1-10;2332382.0;text;;['💖'];False;False;81af09304d01d08e;[];noted
800;37;11-50;2338485.0;text;;[];False;True;5f63e1330cbc5049;[];seru banget tadi malem!
801;37;11-50;2340275.0;application/pdf;;[];False;False;79f1679e48f8423e;[];[Dokumen PDF]
802;37;11-50;2342225.0;text;;[];True;True;240250ced91769e5;[];siapa aja yg dateng!!
803;37;11-50;2343640.0;text;802.0;[];False;False;79f1679e48f8423e;[];gw lagi marathon drakor nih
804;37;101-500;2343710.0;text;;[];False;False;ac4607085ba516fd;[];GW PENGEN CURHAT SEDIKIT NIH. AKHIR AKHIR INI GW NGERASA BURNOUT BANGET SAMA RUTINITAS KULIAH YANG ITU ITU AJA. BANGUN PAGI, KULIAH, TUGAS, TIDUR, REPEAT. KADANG GW NGERASA KAYAK ROBOT YANG CUMA JALAN SESUAI PROGRAM TANPA TAU TUJUAN AKHIRNYA APA. MUNGKIN GW BUTUH LIBURAN BENERAN BUAT REFRESH OTAK
805;37;11-50;2343751.0;text;;['😬'];False;True;b96c35176bdca401;[];seru banget tadi,,, malem!
806;37;51-100;2343760.0;text;;[];False;True;ac4607085ba516fd;[];NGAKAK PARAH TADI DI KELAS ADA YANG KETIDURAN PAS DOSEN NERANGIN!
807;37;1-10;2343781.0;text;;[];False;False;58ae85b7e2ff8ac9;[];gini
808;37;51-100;2345055.0;text;768.0;[];False;True;79f1679e48f8423e;[];ngakak parah tadi di kelas ada yang ketiduran pas dosen nerangin!
809;37;11-50;2345100.0;text;;[];False;False;79f1679e48f8423e;[];mama minta gw pulang weekend
810;37;11-50;2345103.0;text;;[];False;False;79f1679e48f8423e;[];playlist lo yang mana sih
811;37;0;2345816.0;sticker/webp;;[];False;False;f4064e0c91edb2af;[];[Stiker]
812;37;101-500;2347769.0;text;;[];False;False;d3c37841e2089cb6;[];gw pengen curhat sedikit nih. akhir akhir ni gw ngerasa burnout bgt sm rutinitas kuliah yg tu tu aja. bangun pagi, kuliah, tugas, tidur, repeat. kadang gw ngerasa kyk robot yg cuma jalan sesuai program tanpa tau tujuan akhirnya apa. mgkn gw butuh liburan beneran buat refresh otak
813;37;11-50;2350136.0;text;;['👏'];False;False;79f1679e48f8423e;[];playlist lo yang mana sih
814;37;51-100;2350162.0;text;;[];False;False;79f1679e48f8423e;[];adek gw mau masuk kuliah tahun depan gw harus bantu cariin info jurusan
815;38;101-500;2350854.0;image/jpeg;;[];False;False;79f1679e48f8423e;[];[Foto]
816;38;0;2350903.0;unknown;;[];False;False;79f1679e48f8423e;[];[Media tidak dikenal]
817;38;0;2350936.0;unknown;;[];False;False;79f1679e48f8423e;[];[Media tidak dikenal]
818;38;51-100;2350949.0;text;;[];False;False;79f1679e48f8423e;[];gw gagal diet lagi soalnya tadi sore diajak makan bakso sama temen
819;38;1-10;2350960.0;text;;['😄'];False;False;79f1679e48f8423e;[];fyi
820;38;101-500;2350986.0;text;;['😆'];False;False;a2eb57ed92709c75;[];tadi siang gw makan di warung makan baru deket gerbang belakang kampus. nasi gorengnya lumayan... enak dan harganya murah bgt cuma 12 ribu udah sm es teh. kayaknya bakal jadi... langganan baru deh... soalnya warteg... biasa gw udah mulai naik harga dan... porsinya makin dikit aja
821;38;1-10;2351040.0;text;;[];False;False;79f1679e48f8423e;[];ih
822;38;0;2351044.0;image/jpeg;;[];False;False;79f1679e48f8423e;[];[Foto]
823;38;500+;2352813.0;text;;['🥳', '😉'];False;True;721f4b478bcb55fc;[];stress berat gw sama... tugas!...
824;38;0;2352831.0;image/jpeg;;[];False;False;721f4b478bcb55fc;[];[Foto]
825;38;0;2352831.0;image/jpeg;;[];False;False;721f4b478bcb55fc;[];[Foto]
826;38;0;2352832.0;image/jpeg;;[];False;False;721f4b478bcb55fc;[];[Foto]
827;38;0;2352832.0;image/jpeg;;[];False;False;721f4b478bcb55fc;[];[Foto]
828;38;0;2352833.0;image/jpeg;;[];False;False;721f4b478bcb55fc;[];[Foto]
829;38;0;2352833.0;image/jpeg;;[];False;False;721f4b478bcb55fc;[];[Foto]
830;38;0;2352833.0;image/jpeg;;[];False;False;721f4b478bcb55fc;[];[Foto]
831;38;0;2352833.0;image/jpeg;;[];False;False;721f4b478bcb55fc;[];[Foto]
832;38;0;2352834.0;image/jpeg;;[];False;False;721f4b478bcb55fc;[];[Foto]
833;38;0;2352834.0;image/jpeg;;[];False;False;721f4b478bcb55fc;[];[Foto]
834;38;0;2352834.0;image/jpeg;;[];False;False;721f4b478bcb55fc;[];[Foto]
835;38;0;2352834.0;image/jpeg;;[];False;False;721f4b478bcb55fc;[];[Foto]
836;38;0;2352835.0;image/jpeg;;[];False;False;721f4b478bcb55fc;[];[Foto]
837;38;0;2352835.0;image/jpeg;;[];False;False;721f4b478bcb55fc;[];[Foto]
838;38;0;2352835.0;image/jpeg;;[];False;False;721f4b478bcb55fc;[];[Foto]
839;38;0;2352835.0;image/jpeg;;[];False;False;721f4b478bcb55fc;[];[Foto]
840;38;0;2352835.0;image/jpeg;;[];False;False;721f4b478bcb55fc;[];[Foto]
841;38;0;2352835.0;image/jpeg;;[];False;False;721f4b478bcb55fc;[];[Foto]
842;38;0;2352835.0;image/jpeg;;[];False;False;721f4b478bcb55fc;[];[Foto]
843;38;0;2352835.0;image/jpeg;;[];False;False;721f4b478bcb55fc;[];[Foto]
844;38;0;2352835.0;image/jpeg;;[];False;False;721f4b478bcb55fc;[];[Foto]
845;38;0;2352836.0;image/jpeg;;[];False;False;721f4b478bcb55fc;[];[Foto]
846;38;0;2352836.0;image/jpeg;;[];False;False;721f4b478bcb55fc;[];[Foto]
847;38;0;2352836.0;image/jpeg;;[];False;False;721f4b478bcb55fc;[];[Foto]
848;38;0;2352836.0;image/jpeg;;[];False;False;721f4b478bcb55fc;[];[Foto]
849;38;0;2352837.0;image/jpeg;;[];False;False;721f4b478bcb55fc;[];[Foto]
850;38;0;2352837.0;image/jpeg;;[];False;False;721f4b478bcb55fc;[];[Foto]
851;38;0;2352837.0;image/jpeg;;[];False;False;721f4b478bcb55fc;[];[Foto]
852;38;0;2352837.0;image/jpeg;;[];False;False;721f4b478bcb55fc;[];[Foto]
853;38;0;2352837.0;image/jpeg;;[];False;False;721f4b478bcb55fc;[];[Foto]
854;38;0;2352837.0;image/jpeg;;[];False;False;721f4b478bcb55fc;[];[Foto]
855;38;0;2352837.0;image/jpeg;;[];False;False;721f4b478bcb55fc;[];[Foto]
856;38;0;2352837.0;image/jpeg;;[];False;False;721f4b478bcb55fc;[];[Foto]
857;38;0;2352837.0;image/jpeg;;[];False;False;721f4b478bcb55fc;[];[Foto]
858;38;0;2352838.0;image/jpeg;;[];False;False;721f4b478bcb55fc;[];[Foto]
859;38;0;2352838.0;image/jpeg;;[];False;False;721f4b478bcb55fc;[];[Foto]
860;38;0;2352838.0;image/jpeg;;[];False;False;721f4b478bcb55fc;[];[Foto]
861;38;0;2352838.0;image/jpeg;;[];False;False;721f4b478bcb55fc;[];[Foto]
862;38;0;2352838.0;image/jpeg;;[];False;False;721f4b478bcb55fc;[];[Foto]
863;38;0;2352839.0;image/jpeg;;[];False;False;721f4b478bcb55fc;[];[Foto]
864;38;0;2352839.0;image/jpeg;;[];False;False;721f4b478bcb55fc;[];[Foto]
865;38;0;2352839.0;image/jpeg;;[];False;False;721f4b478bcb55fc;[];[Foto]
866;38;0;2352839.0;image/jpeg;;[];False;False;721f4b478bcb55fc;[];[Foto]
867;38;0;2352839.0;image/jpeg;;[];False;False;721f4b478bcb55fc;[];[Foto]
868;38;0;2352839.0;image/jpeg;;[];False;False;721f4b478bcb55fc;[];[Foto]
869;38;0;2352839.0;image/jpeg;;[];False;False;721f4b478bcb55fc;[];[Foto]
870;38;0;2352839.0;image/jpeg;;[];False;False;721f4b478bcb55fc;[];[Foto]
871;38;0;2352839.0;image/jpeg;;[];False;False;721f4b478bcb55fc;[];[Foto]
872;38;0;2352840.0;image/jpeg;;[];False;False;721f4b478bcb55fc;[];[Foto]
873;38;0;2352840.0;image/jpeg;;[];False;False;721f4b478bcb55fc;[];[Foto]
874;38;0;2352840.0;image/jpeg;;[];False;False;721f4b478bcb55fc;[];[Foto]
875;38;0;2352840.0;image/jpeg;;[];False;False;721f4b478bcb55fc;[];[Foto]
876;38;0;2352840.0;image/jpeg;;[];False;False;721f4b478bcb55fc;[];[Foto]
877;38;0;2352840.0;image/jpeg;;[];False;False;721f4b478bcb55fc;[];[Foto]
878;38;0;2352840.0;image/jpeg;;[];False;False;721f4b478bcb55fc;[];[Foto]
879;38;0;2352840.0;image/jpeg;;[];False;False;721f4b478bcb55fc;[];[Foto]
880;38;0;2352840.0;image/jpeg;;[];False;False;721f4b478bcb55fc;[];[Foto]
881;38;0;2352840.0;image/jpeg;;[];False;False;721f4b478bcb55fc;[];[Foto]
882;38;0;2352840.0;image/jpeg;;[];False;False;721f4b478bcb55fc;[];[Foto]
883;38;0;2352841.0;image/jpeg;;[];False;False;721f4b478bcb55fc;[];[Foto]
884;38;0;2352841.0;image/jpeg;;[];False;False;721f4b478bcb55fc;[];[Foto]
885;38;0;2352841.0;image/jpeg;;[];False;False;721f4b478bcb55fc;[];[Foto]
886;38;0;2352841.0;image/jpeg;;[];False;False;721f4b478bcb55fc;[];[Foto]
887;38;0;2352842.0;image/jpeg;;[];False;False;721f4b478bcb55fc;[];[Foto]
888;38;0;2352894.0;unknown;;[];False;False;093afc7b396c4aa4;[];[Media tidak dikenal]
889;38;0;2352900.0;unknown;;[];False;False;093afc7b396c4aa4;[];[Media tidak dikenal]
890;38;51-100;2353204.0;text;;['🤣'];False;True;c906ef93c5237463;[];sedih banget gw harus pisah sama temen kos gw yang udah pindah!
891;38;11-50;2353384.0;text;;[];False;False;79f1679e48f8423e;[];game baru udah download belum
892;38;51-100;2353579.0;text;;[];False;False;abec316405b84971;[];gw gagal,,, diet lagi soalnya tadi sore diajak makan bakso sama temen
893;38;11-50;2353599.0;text;;['😉'];False;False;79f1679e48f8423e;[];badminton yuk sore ini
894;38;51-100;2353663.0;text;;['🙏', '😀'];False;False;abec316405b84971;[];semalam hujan gede banget,,, sampe kosan gw mati,,, lampu semaleman,,, gila
895;38;51-100;2356672.0;text;;['🚗'];False;False;ac4607085ba516fd;[];GW HARUS GANTI STRATEGI BELAJAR SIH SOALNYA NILAI UTS KEMARIN JELEK BGT
896;38;101-500;2356712.0;text;;[];False;False;ac4607085ba516fd;[];TADI SIANG GW MAKAN DI WARUNG MAKAN BARU DEKET GERBANG BELAKANG KAMPUS. NASI GORENGNYA LUMAYAN ENAK DAN HARGANYA MURAH BANGET CUMA 12 RIBU UDAH SAMA ES TEH. KAYAKNYA BAKAL JADI LANGGANAN BARU DEH SOALNYA WARTEG BIASA GW UDAH MULAI NAIK HARGA DAN PORSINYA MAKIN DIKIT AJA
897;38;51-100;2356732.0;text;;['🚗'];False;False;032029f68042bfa5;[];gw gagal diet lagi soalnya tadii sore diajak makannnn bakso samaaa temen
898;38;101-500;2356891.0;text;;['🚗'];False;False;8ca79bd486c44d4b;[];tadi siang gw makan di warung makan baru deket gerbang belakang kampus.... nasi gorengnya lumayan... enak dan harganya murah banget... cuma 12 ribu udah sama es teh. kayaknya bakal jadi... langganan baru deh... soalnya warteg biasa gw udah mulai naik... harga dan porsinya makin dikit aja
899;38;51-100;2356895.0;text;;['🤣'];True;False;e17092221f4d7414;[];kira kira kalo gw apply magang sekarang masih keburu ga ya?
900;38;101-500;2356940.0;text;;[];False;False;ac4607085ba516fd;[];TADI SIANG GW MAKAN DI WARUNG MAKAN BARU DEKET GERBANG BELAKANG KAMPUS. NASI GORENGNYA LUMAYAN ENAK DAN HARGANYA MURAH BANGET CUMA 12 RIBU UDAH SAMA ES TEH. KAYAKNYA BAKAL JADI LANGGANAN BARU DEH SOALNYA WARTEG BIASA GW UDAH MULAI NAIK HARGA DAN PORSINYA MAKIN DIKIT AJA
901;38;51-100;2356960.0;text;;[];False;False;ac4607085ba516fd;[];SEMALAM HUJAN GEDE BANGET SAMPE KOSAN GW MATI LAMPU SEMALEMAN GILA
902;38;11-50;2356961.0;text;;[];False;False;d3c37841e2089cb6;[];futsal besok jadi ga
903;38;11-50;2356968.0;text;;[];False;False;ac4607085ba516fd;[];GAME BARU UDAH DOWNLOAD BELUM
904;38;11-50;2356973.0;text;;[];False;True;ac4607085ba516fd;[];AKHIRNYA KELAR JUGA NIH!
905;38;101-500;2356998.0;text;;['🚗'];False;False;ac4607085ba516fd;[];TADI SIANG GW MAKAN DI WARUNG MAKAN BARU DEKET GERBANG BELAKANG KAMPUS. NASI GORENGNYA LUMAYAN ENAK DAN HARGANYA MURAH BANGET CUMA 12 RIBU UDAH SAMA ES TEH. KAYAKNYA BAKAL JADI LANGGANAN BARU DEH SOALNYA WARTEG BIASA GW UDAH MULAI NAIK HARGA DAN PORSINYA MAKIN DIKIT AJA
906;38;101-500;2357018.0;text;;['🚗'];False;False;0b56961e0cc0a81b;[];tadi siangggg gw makannnn di warung makannn baru deket gerbang belakangg kampus. nasi gorengnya lumayan enakkk dann harganya murah bangett cuma 12 ribuuu udahh samaa es teh. kayaknya bakal jadii langganannnn baru deh soalnya warteggg biasa gw udah mulai naik harga dannn porsinyaaaa makin dikit aja
907;38;51-100;2357018.0;text;;[];True;False;e17092221f4d7414;[];kira kira kalo gw apply magang sekarang masih keburu ga ya?
908;38;101-500;2357037.0;text;;['🚗'];False;False;c1222dade0e51982;[];tadi siang gw makan di warung makan baur dekte gerbang belakang kampus. nasi gorengnya lumayan enak dan harganya murah bgt cuma 12 ribu udah sm es teh. kayaknya bakal jadi langganan baru deh soalnya wrateg baisa gw udah mluai naki harga dan porsinya makin dikit aja
909;38;11-50;2357044.0;text;;[];False;False;c1222dade0e51982;[];album baru dia enka bgt
910;38;11-50;2357054.0;text;;[];False;False;c1222dade0e51982;[];gw abis lari pagi tdai
911;38;51-100;2357057.0;text;;[];False;False;ac4607085ba516fd;[];GW HARUS GANTI STRATEGI BELAJAR SIH SOALNYA NILAI UTS KEMARIN JELEK BGT
912;38;11-50;2357065.0;text;;[];False;False;c1222dade0e51982;[];podcast yg lu rekomen mana
913;38;101-500;2357110.0;text;;['🚗'];False;False;240250ced91769e5;[];tadi siang gw makan di warung makan baru deket gerbang belakang kampus. nasi gorengnya lumayan enak dan harganya murah banget cuma 12 ribu udah sama es teh. kayaknya bakal jadi langganan baru deh soalnya warteg biasa gw udah mulai naik harga dan porsinya makin dikit aja!!!
914;38;51-100;2357159.0;text;;[];True;False;240250ced91769e5;[];kira kira kalo gw apply magang sekarang masih keburu ga ya!!
915;38;101-500;2357196.0;text;;['🚗'];False;False;58ae85b7e2ff8ac9;[];tadi siang gw makan di warung mkaan baru deket gerbang belakang kampus. nsai gorengnya lumayan enak dan harganya murah bgt cuma 12 riub udah sm es teh. kayaknya bakal jadi langagnan baru deh soalnya wrateg biasa gw udah mulai niak harga dan porsniya makin dikti aja
916;38;1-10;2357198.0;text;;[];False;False;ac4607085ba516fd;[];FYI
917;38;11-50;2357203.0;text;;[];False;False;ac4607085ba516fd;[];ALBUM BARU DIA ENAK BANGET
918;38;51-100;2357234.0;text;;[];False;False;ac4607085ba516fd;[];GW GAGAL DIET LAGI SOALNYA TADI SORE DIAJAK MAKAN BAKSO SAMA TEMEN
919;38;101-500;2357344.0;text;;['🚗'];False;False;032029f68042bfa5;[];tadiiii sianggg gw makan di warunggg makan baru dekettt gerbang belakang kampus. nasi gorengnyaaaa lumayann enakk dan harganya murah bangett cuma 12 ribu udah samaaa es teh. kayaknya bakal jadiii langganan baru deh soalnya wartegg biasa gw udahhh mulai naik hargaaaa dan porsinya makin dikittt ajaaa
920;38;101-500;2357406.0;text;;['🚗'];False;False;79f1679e48f8423e;[];tadi siang gw makan di warung makan baru deket gerbang belakang kampus. nasi gorengnya lumayan enak dan harganya murah banget cuma 12 ribu udah sama es teh. kayaknya bakal jadi langganan baru deh soalnya warteg biasa gw udah mulai naik harga dan porsinya makin dikit aja
921;38;0;2357780.0;unknown;;[];False;False;de034364b8eb3dd0;[];[Media tidak dikenal]
922;38;101-500;2357814.0;text;;['🚗'];False;False;c1222dade0e51982;[];tadi siagn gw maakn di warung makan baru deket gerbang belakagn kampus. nsai gorengnay lumayan enak dan harganya mruah bgt cuma 12 rbiu udah sm es teh. kyaaknya bakal jadi langganan baru deh soalnya warteg bisaa gw udah mulai naik harga dan porsinya makin dikit aja
923;38;101-500;2357817.0;text;;['🚗', '🏎'];False;False;de034364b8eb3dd0;[];tadi siang gw makan di warung makan baru deket gerbang belakang kampus. nasi gorengnya lumayan enak dan harganya murah banget cuma 12 ribu udah sama es teh. kayaknya bakal jadi langganan baru deh soalnya warteg biasa gw udah mulai naik harga dan porsinya makin dikit aja!!!
924;38;101-500;2357837.0;text;;['🚗', '🏎'];False;False;c1222dade0e51982;[];taid siang gw makan di warung mkaan baru deket gerbang belakagn kampu.s nasi gornegnya lumayan enak dan harganya murah bgt cuma 12 ribu udah sm es teh. kayaknya bakla jadi langgaann baru deh soalyna warteg biaas gw udah mulai naik harga dan porsinya mkain dikti aja
925;38;51-100;2358435.0;text;;[];False;False;e17092221f4d7414;[];gw baru dapet info beasiswa buat semester depan mau coba daftar deh
926;38;51-100;2358461.0;text;;[];False;False;e17092221f4d7414;[];gw harus ganti strategi belajar sih soalnya nilai uts kemarin jelek bgt
927;38;101-500;2359106.0;text;;['🚗', '🏎'];False;False;e18e17680181d232;[];tadi siang gw makan di warung makan baru deket gerbang belakang kampus. nasi gorengnya lumayan enak dan harganya murah bgt cuma 12 ribu udah sm es teh. kayaknya bakal jadi langganan baru deh soalnya warteg biasa gw udah mulai naik harga dan porsinya makin dikit aja
928;38;101-500;2359795.0;text;;[];True;False;721f4b478bcb55fc;[];eh ada yang punya rekomendasi laptop budget 5... jutaan yang bagus buat kuliah dan ngoding... ga? laptop gw yang sekarang udah mulai lemot dan sering ngehang kalo buka banyak tab. pengennya sih yang ringan buat dibawa... ke kampus tapi tetep kenceng performanya, ada saran?
929;38;11-50;2359814.0;text;836.0;[];False;False;721f4b478bcb55fc;[];pertandingan bola tadi malam gila
930;38;0;2359828.0;image/jpeg;;[];False;False;79f1679e48f8423e;[];[Foto]
931;38;0;2359830.0;image/jpeg;;[];False;False;79f1679e48f8423e;[];[Foto]
932;38;51-100;2359847.0;text;;[];False;False;79f1679e48f8423e;[];gw baru dapet info beasiswa buat semester depan mau coba daftar deh
933;38;51-100;2360077.0;text;;['🙃'];False;False;8c4583f47f91d072;[];Gw harus ganti strategi belajar sih soalnya nilai UTS kemarin jelek bgt.
934;38;101-500;2360250.0;text;;[];False;False;79f1679e48f8423e;[];tadi siang gw makan di warung makan baru deket gerbang belakang kampus. nasi gorengnya lumayan enak dan harganya murah banget cuma 12 ribu udah sama es teh. kayaknya bakal jadi langganan baru deh soalnya warteg biasa gw udah mulai naik harga dan porsinya makin dikit aja
935;38;11-50;2360329.0;text;;[];False;False;a2eb57ed92709c75;[];manga terbaru udah keluar... loh
936;38;11-50;2360448.0;text;836.0;[];False;False;79f1679e48f8423e;[];gw lagi baca novel baru nih
937;38;0;2360460.0;unknown;;[];False;False;79f1679e48f8423e;[];[Media tidak dikenal]
938;38;0;2360471.0;unknown;;[];False;False;79f1679e48f8423e;[];[Media tidak dikenal]
939;38;0;2360479.0;unknown;;[];False;False;79f1679e48f8423e;[];[Media tidak dikenal]
940;38;0;2360503.0;unknown;;[];False;False;79f1679e48f8423e;[];[Media tidak dikenal]
941;38;51-100;2360552.0;image/jpeg;;[];False;False;79f1679e48f8423e;[];[Foto]
942;38;101-500;2361288.0;text;;['🚗', '🏎'];False;False;8ca79bd486c44d4b;[];tadi siang gw makan di warung makan baru deket gerbang belakang kampus. nasi gorengnya lumayan enak dan harganya murah banget cuma 12 ribu udah sama es teh. kayaknya... bakal jadi langganan baru deh soalnya warteg... biasa gw udah mulai naik harga dan... porsinya makin dikit aja
943;38;101-500;2361319.0;text;;['😂', '😅', '🤔'];False;True;721f4b478bcb55fc;[];gila sih guys tadi... pas gw... lagi di jalan... tiba tiba motor gw diserempet sama mobil yang belok... tanpa sein! untung gw ga jatoh tapi spion gw patah... dan baret di bodi motor.... orangnya langsung kabur lagi ga tanggung jawab! sumpah kesel banget gw sampe... sekarang masih gemetaran!
944;38;11-50;2361524.0;text;;[];True;False;ac4607085ba516fd;[];BOOKING DULUAN APA LANGSUNG AJA?
945;38;11-50;2361531.0;text;;[];False;False;ac4607085ba516fd;[];SERIES ITU ENDINGNYA ZONK BGT
946;38;11-50;2361541.0;text;;[];False;False;ac4607085ba516fd;[];FUTSAL BESOK JADI GA
947;38;11-50;2361549.0;text;;[];False;False;ac4607085ba516fd;[];MANGA TERBARU UDAH KELUAR LOH
948;38;51-100;2361566.0;text;;[];False;False;79f1679e48f8423e;[];dosen killer itu ternyata baik banget orangnya kalo diajak ngobrol santai
949;38;51-100;2361598.0;text;;[];False;False;79f1679e48f8423e;[];gw gagal diet lagi soalnya tadi sore diajak makan bakso sama temen
950;38;1-10;2361602.0;text;;[];False;False;ac4607085ba516fd;[];JIR
951;38;11-50;2361625.0;text;;[];False;False;ac4607085ba516fd;[];PERTANDINGAN BOLA TADI MALAM GILA
952;38;101-500;2361670.0;text;;['🚗', '🏎'];False;False;f8e26c8525ed76f0;[];tadi siang gw makan di warung... makan baru deket gerbang belakang kampus. nasi gorengnya lumayan enak... dan harganya murah bgt... cuma 12 ribu udah sm es teh. kayaknya... bakal jadi... langganan baru deh soalnya warteg biasa gw udah mulai naik... harga dan porsinya makin dikit aja
953;38;1-10;2361701.0;text;;['👑'];False;False;ac4607085ba516fd;[];BTW
954;38;11-50;2361708.0;text;;[];False;False;ac4607085ba516fd;[];GW LAGI BACA NOVEL BARU NIH
955;38;11-50;2361732.0;text;;[];False;False;ac4607085ba516fd;[];FUTSAL BESOK JADI GA
956;38;11-50;2361855.0;text;;[];False;False;e17092221f4d7414;[];badminton yuk sore ini
957;38;101-500;2361933.0;text;;['🚗', '🏎'];False;False;e17092221f4d7414;[];tadi siang gw makan di warung makan baru deket gerbang belakang kampus. nasi gorengnya lumayan enak dan harganya murah banget cuma 12 ribu udah sama es teh. kayaknya bakal jadi langganan baru deh soalnya warteg biasa gw udah mulai naik harga dan porsinya makin dikit aja
958;38;101-500;2362496.0;text;;['🚗', '🏎'];False;False;0b56961e0cc0a81b;[];tadi siang gw makann di warung makan baru dekett gerbang belakang kampus. nasi gorengnyaaaa lumayan enak dannn harganya murahhh banget cuma 12 ribu udah sama es teh. kayaknyaaaa bakal jadi langganan baru deh soalnya wartegg biasa gw udah mulai naik harga dan porsinyaa makinn dikit aja
959;38;101-500;2362680.0;image/jpeg;;['😉'];False;True;721f4b478bcb55fc;[];[Foto]
960;38;101-500;2362683.0;image/jpeg;;['😉'];False;True;721f4b478bcb55fc;[];[Foto]
961;38;11-50;2362739.0;text;;['🥰'];False;False;ac4607085ba516fd;[];MANGA TERBARU UDAH KELUAR LOH
962;38;11-50;2362744.0;text;;['🥰'];False;False;ac4607085ba516fd;[];GAME BARU UDAH DOWNLOAD BELUM
963;38;11-50;2362763.0;text;;['🥰'];False;False;ac4607085ba516fd;[];KONSER ITU MAHAL BANGET TIKETNYA
964;38;11-50;2362763.0;text;;['🥰'];False;False;ac4607085ba516fd;[];SERIES ITU ENDINGNYA ZONK BGT
965;38;11-50;2363343.0;application/pdf;;[];False;False;721f4b478bcb55fc;[];[Dokumen PDF]
966;38;11-50;2363357.0;text;;[];True;False;ac4607085ba516fd;[];BOOKING DULUAN APA LANGSUNG AJA?
967;38;1-10;2363357.0;application/pdf;;[];False;False;721f4b478bcb55fc;[];[Dokumen PDF]
968;38;11-50;2363366.0;text;;[];False;False;79f1679e48f8423e;[];manga terbaru udah keluar loh
969;38;51-100;2363379.0;text;;[];False;False;721f4b478bcb55fc;[];gw baru dapet info beasiswa buat... semester depan mau coba daftar deh
970;38;51-100;2363381.0;text;;[];False;False;721f4b478bcb55fc;[];dosen killer itu ternyata baik banget orangnya kalo diajak ngobrol santai
971;38;1-10;2363399.0;text;;['👏🏻'];False;False;ac4607085ba516fd;[];NJIR
972;38;1-10;2363659.0;text;;[];False;False;093afc7b396c4aa4;[];fyi!!!
973;38;101-500;2363699.0;text;;['🚗', '🏎'];False;False;c1084b7e5fa3ce87;[];tadi siang gw makan di warung makan baru deket gerbang belakang kampus. nasi gorengnya lumayan enak dan harganya murah bgt cuma 12 ribu udah sm es teh. kayaknya bakal jadi langganan baru deh soalnya warteg biasa gw udah mulai naik harga dan porsinya makin dikit aja
974;38;101-500;2364170.0;text;;[];False;False;d3c37841e2089cb6;[];tadi siang gw makan di warung makan baru deket gerbang belakang kampus. nasi gorengnya lumayan enak dan harganya murah bgt cuma 12 ribu udah sm es teh. kayaknya bakal jadi langganan baru deh soalnya warteg biasa gw udah mulai naik harga dan porsinya makin dikit aja
975;38;11-50;2364216.0;text;;[];False;False;240250ced91769e5;[];game baru udah download belum!!!
976;38;11-50;2364223.0;text;;[];False;False;240250ced91769e5;[];konser itu mahal banget tiketnya!!
977;38;101-500;2365413.0;text;;['🤷🏻\u200d♂'];False;False;d3c37841e2089cb6;[];tadi siang gw makan di warung makan baru deket gerbang belakang kampus. nasi gorengnya lumayan enak dan harganya murah bgt cuma 12 ribu udah sm es teh. kayaknya bakal jadi langganan baru deh soalnya warteg biasa gw udah mulai naik harga dan porsinya makin dikit aja
978;38;1-10;2365794.0;text;;[];False;False;240250ced91769e5;[];fyi!!
979;38;1-10;2365914.0;text;;[];False;False;e18e17680181d232;[];zonk
980;38;11-50;2366502.0;text;;[];True;True;8c4583f47f91d072;[];ada sinyal ga disitu?
981;38;11-50;2366536.0;text;;[];False;False;e17092221f4d7414;[];pertandingan bola tadi malam gila
982;38;11-50;2366711.0;text;;[];False;False;fe6ecd86b1e5536b;[];gw abis lari pagi tadi
983;38;11-50;2366764.0;text;;[];False;False;f1559a66844db6cf;[];pertandingan bola tadi malam gila
984;38;11-50;2366789.0;text;;[];False;False;eab9c5046b166684;[];Gw lagi baca novel baru nih.
985;38;11-50;2366940.0;text;;[];False;True;240250ced91769e5;[];akhirnya kelar juga nih!!!
986;38;11-50;2366948.0;text;;[];True;False;240250ced91769e5;[];booking duluan apa langsung aja!!!
987;38;1-10;2367188.0;text;;[];False;False;8c4583f47f91d072;[];Dih.
988;38;11-50;2367477.0;text;;[];False;False;b96c35176bdca401;[];pertandingan bola,,, tadi malam gila
989;38;11-50;2367726.0;text;;[];True;False;240250ced91769e5;[];ada sinyal ga disitu!!
990;38;11-50;2367755.0;text;;[];False;False;f1559a66844db6cf;[];konser tu mahal bgt tiketnya
991;39;0;2411996.0;system;;[];False;False;79f1679e48f8423e;[];[Pesan sistem]
992;39;11-50;2412017.0;text;;[];False;False;79f1679e48f8423e;[];album baru dia enak banget
993;39;11-50;2413986.0;text;;[];False;True;b1c1f6736e2a8edc;[];akhirnya kelar juga nih!!
994;39;11-50;2422186.0;text;;['😊'];False;True;7b173f576bc7b513;[];akhirnya kelar juga nih!
995;39;1-10;2422924.0;text;;[];False;True;b96c35176bdca401;[];edan!
996;39;101-500;2423840.0;text;;['😁'];False;True;b96c35176bdca401;[];gila sih guys tadi pas gw lagi di jalan tiba,,, tiba motor gw diserempet sama mobil yang belok,,, tanpa sein!,,, untung,,, gw,,, ga jatoh,,, tapi spion gw patah,,, dan baret,,, di bodi motor. orangnya langsung kabur lagi ga tanggung jawab!,,, sumpah kesel banget gw sampe sekarang,,, masih gemetaran!,,,
997;40;11-50;2436865.0;text;996.0;[];False;False;79f1679e48f8423e;[];nongkrong yuk di kafe biasa
998;40;11-50;2437263.0;text;996.0;[];True;False;f4064e0c91edb2af;[];bawa motor apa naik apa?
999;40;101-500;2439501.0;text;;['😃'];False;False;79f1679e48f8423e;[];kemarin malem gw sama temen temen nongkrong di warkop biasa sampe jam 12 malem. kita ngobrol banyak hal dari mulai tugas kuliah, rencana liburan, sampe masalah percintaan. seru sih walau besoknya gw kesiangan masuk kelas pagi dan dosen negur di depan semua orang. malu tapi ya gimana lagi
1000;40;11-50;2439889.0;text;;[];False;False;b96c35176bdca401;[];porsi makan gw nambah terus
1001;40;101-500;2439922.0;text;;[];False;False;b96c35176bdca401;[];kemarin malem gw sama,,, temen temen nongkrong di warkop biasa sampe jam 12 malem. kita ngobrol banyak hal dari mulai tugas,,, kuliah,,,, rencana liburan, sampe masalah percintaan. seru sih walau besoknya gw kesiangan masuk kelas pagi dan dosen negur di depan semua,,, orang. malu,,, tapi ya gimana lagi,,,
1002;40;101-500;2439952.0;text;;[];False;False;b96c35176bdca401;[];kemarin malem gw sama temen temen nongkrong di warkop biasa sampe jam,,, 12 malem. kita ngobrol banyak hal dari mulai tugas,,, kuliah, rencana liburan,,,, sampe masalah percintaan. seru sih walau besoknya gw,,, kesiangan masuk kelas pagi dan dosen,,, negur di depan semua orang. malu,,, tapi ya gimana lagi,,,
1003;40;101-500;2440305.0;text;;[];False;False;79f1679e48f8423e;[];kemarin malem gw sama temen temen nongkrong di warkop biasa sampe jam 12 malem. kita ngobrol banyak hal dari mulai tugas kuliah, rencana liburan, sampe masalah percintaan. seru sih walau besoknya gw kesiangan masuk kelas pagi dan dosen negur di depan semua orang. malu tapi ya gimana lagi
1004;40;11-50;2440367.0;text;;[];False;False;b96c35176bdca401;[];kopi susu yg biasa ya
1005;40;11-50;2440374.0;text;;['👍🏼'];False;False;b96c35176bdca401;[];nongkrong yuk di,,, kafe biasa
1006;40;11-50;2441388.0;text;;['😊'];False;False;7827349a58fdc6b4;[];indoime tleor udah cukpu kok
1007;40;51-100;2441560.0;text;;[];False;True;5f63e1330cbc5049;[];sumpahhh gw kaget banget pass tau nilai ujian gw ternyataaaa baguss banget!
1008;40;1-10;2441564.0;text;;[];False;True;5f63e1330cbc5049;[];wow!
1009;40;1-10;2441614.0;text;;[];False;True;58ae85b7e2ff8ac9;[];yes!
1010;40;51-100;2442093.0;text;;[];False;False;87fe972586c55829;[];weekend ni gw mau... staycation aja di kosan binge watching series baru
1011;40;11-50;2442705.0;text;;[];False;False;917ffdf452fec813;[];masak sendiri lebih hemat sih
1012;40;51-100;2442736.0;text;;[];False;False;79f1679e48f8423e;[];weekend ini gw mau staycation aja di kosan binge watching series baru
1013;40;11-50;2442791.0;text;;[];False;False;917ffdf452fec813;[];indomie telor udah cukup kok
1014;40;101-500;2443029.0;text;;['😣'];False;False;88237a346c5b0d60;[];Kemarin malem gw sama temen temen nongkrong di warkop biasa sampe jam 12 malem. kita ngobrol banyak hal dari mulai tugas kuliah, rencana liburan, sampe masalah percintaan. seru sih walau besoknya gw kesiangan masuk kelas pagi dan dosen negur di depan semua orang. malu tapi ya gimana lagi.
1015;40;51-100;2443627.0;text;;[];True;False;e17092221f4d7414;[];ada yang tau kenapa kantin kampus tutup lebih awal hari ini ga sih?
1016;40;11-50;2443692.0;text;;[];False;False;79f1679e48f8423e;[];es teh manis satu ya bang
1017;40;0;2444374.0;system;;[];False;False;dc27eb3f3c616e2c;[];[Pesan sistem]
1018;40;51-100;2446604.0;text;;[];False;False;d3c37841e2089cb6;[];dompet gw ilang kemarin di angkot tp alhamdulillah ad yg nemuin
1019;40;51-100;2446724.0;text;;[];False;False;eab9c5046b166684;[];Weekend ini gw mau staycation aja di kosan binge watching series baru.
1020;40;11-50;2446797.0;text;;[];False;False;c1222dade0e51982;[];gw mau pesen gofood dluu
1021;40;11-50;2447233.0;text;;[];False;False;fbff62b93c1ddab9;[];es teh manis satu ya bang,,,
1022;40;51-100;2448687.0;text;;[];True;True;c1084b7e5fa3ce87;[];ad yg tau knp kantin kampus tutup lebih awal hari ni ga sih?
1023;40;51-100;2449136.0;text;;[];False;False;c1222dade0e51982;[];tadi di kantin ketemu anak angkatan bawah yg kenal sm temen sma gw
1024;40;11-50;2449834.0;text;;[];True;False;79f1679e48f8423e;[];bayar berapa sih tadi?
1025;40;51-100;2450433.0;text;;[];False;False;88237a346c5b0d60;[];Weekend ini gw mau staycation aja di kosan binge watching series baru.
1026;40;51-100;2451133.0;text;;[];False;False;e17092221f4d7414;[];dompet gw ilang kemarin di angkot tapi alhamdulillah ada yang nemuin
1027;40;1-10;2452201.0;text;;[];False;False;c1084b7e5fa3ce87;[];bener
1028;40;51-100;2452244.0;text;;[];True;False;79f1679e48f8423e;[];ada yang tau kenapa kantin kampus tutup lebih awal hari ini ga sih?
1029;40;51-100;2452246.0;text;;[];True;False;79f1679e48f8423e;[];ada yang tau kenapa kantin kampus tutup lebih awal hari ini ga sih?
1030;40;51-100;2452246.0;text;;[];True;False;79f1679e48f8423e;[];ada yang tau kenapa kantin kampus tutup lebih awal hari ini ga sih?
1031;40;11-50;2452501.0;text;;[];False;False;88237a346c5b0d60;[];Porsi makan gw nambah terus.
1032;40;51-100;2455218.0;text;;[];True;False;c1084b7e5fa3ce87;[];ad yg tau knp kantin kampus tutup lebih awal hari ni ga sih?
1033;40;51-100;2455786.0;text;;[];False;False;e17092221f4d7414;[];dompet gw ilang kemarin di angkot tapi alhamdulillah ada yang nemuin
1034;40;101-500;2455810.0;text;;[];False;False;e17092221f4d7414;[];kemarin malem gw sama temen temen nongkrong di warkop biasa sampe jam 12 malem. kita ngobrol banyak hal dari mulai tugas kuliah, rencana liburan, sampe masalah percintaan. seru sih walau besoknya gw kesiangan masuk kelas pagi dan dosen negur di depan semua orang. malu tapi ya gimana lagi
1035;40;51-100;2455828.0;text;;[];True;False;e17092221f4d7414;[];ada yang tau kenapa kantin kampus tutup lebih awal hari ini ga sih?
1036;40;11-50;2456010.0;text;;[];False;False;917ffdf452fec813;[];es teh manis satu ya bang
1037;40;11-50;2456058.0;text;;[];False;True;917ffdf452fec813;[];capek banget hari ini!
1038;40;11-50;2456230.0;text;;[];False;False;f4064e0c91edb2af;[];tadi gw makan nasi padang
1039;40;101-500;2456424.0;text;;[];False;False;79f1679e48f8423e;[];kemarin malem gw sama temen temen nongkrong di warkop biasa sampe jam 12 malem. kita ngobrol banyak hal dari mulai tugas kuliah, rencana liburan, sampe masalah percintaan. seru sih walau besoknya gw kesiangan masuk kelas pagi dan dosen negur di depan semua orang. malu tapi ya gimana lagi
1040;40;11-50;2456834.0;text;;[];False;False;79f1679e48f8423e;[];es teh manis satu ya bang
1041;40;11-50;2457810.0;text;;[];False;True;c1222dade0e51982;[];enka bgt makanannya!
1042;40;51-100;2458127.0;text;;[];False;False;58ae85b7e2ff8ac9;[];gw lg bingung milih topik skripsi antara dua tema yg sm menariknya
1043;40;51-100;2458470.0;text;;[];False;False;e17092221f4d7414;[];gw udah download semua materi kuliah tapi belum sempat baca sama sekali
1044;40;101-500;2458760.0;text;;[];False;False;eab9c5046b166684;[];Kemarin malem gw sama temen temen nongkrong di warkop biasa sampe jam 12 malem. kita ngobrol banyak hal dari mulai tugas kuliah, rencana liburan, sampe masalah percintaan. seru sih walau besoknya gw kesiangan masuk kelas pagi dan dosen negur di depan semua orang. malu tapi ya gimana lagi.
1045;40;51-100;2458994.0;text;;[];True;False;eab9c5046b166684;[];ada yang tau kenapa kantin kampus tutup lebih awal hari ini ga sih?
1046;40;11-50;2463517.0;text;;[];False;False;de034364b8eb3dd0;[];masak sendiri lebih hemat sih!!!
1047;41;0;2492950.0;system;;[];False;False;dc27eb3f3c616e2c;[];[Pesan sistem]
1048;41;51-100;2500411.0;text;;[];True;True;88237a346c5b0d60;[];ada yang tau kenapa kantin kampus tutup lebih awal hari ini ga sih?
1049;41;0;2500710.0;image/jpeg;;[];False;False;f4064e0c91edb2af;[];[Foto]
1050;41;51-100;2500929.0;image/jpeg;;[];False;False;c1084b7e5fa3ce87;[];[Foto]
1051;41;0;2501010.0;image/jpeg;;[];False;False;917ffdf452fec813;[];[Foto]
1052;41;51-100;2501022.0;text;;[];False;False;c1222dade0e51982;[];dompet gw ilang kemarin di angkot tp alhamdulillah ad yg nemuin
1053;41;11-50;2501032.0;text;;[];False;False;c1222dade0e51982;[];kopi susu yg biaas ya
1054;41;1-10;2501085.0;text;;[];False;False;58ae85b7e2ff8ac9;[];woy
1055;41;11-50;2501125.0;text;;[];False;False;79f1679e48f8423e;[];gw mau nyoba restoran baru
1056;41;11-50;2501134.0;text;;[];False;False;c1084b7e5fa3ce87;[];porsi makan gw nambah terus
1057;41;11-50;2501590.0;text;;[];False;False;88237a346c5b0d60;[];Kopi susu yg biasa ya.
1058;41;11-50;2502231.0;text;;[];False;False;e17092221f4d7414;[];masak sendiri lebih hemat sih
1059;41;11-50;2502233.0;text;;[];False;False;e17092221f4d7414;[];nongkrong yuk di kafe biasa
1060;41;51-100;2502243.0;text;;[];False;False;917ffdf452fec813;[];dompet gw ilang kemarin di angkot tapi alhamdulillah ada yang nemuin
1061;41;11-50;2502603.0;text;;['🙏🏻'];False;False;88237a346c5b0d60;[];Indomie telor udah cukup kok.
1062;41;101-500;2503269.0;text;;[];False;False;79f1679e48f8423e;[];kemarin malem gw sama temen temen nongkrong di warkop biasa sampe jam 12 malem. kita ngobrol banyak hal dari mulai tugas kuliah, rencana liburan, sampe masalah percintaan. seru sih walau besoknya gw kesiangan masuk kelas pagi dan dosen negur di depan semua orang. malu tapi ya gimana lagi
1063;41;11-50;2503775.0;text;;[];False;False;79f1679e48f8423e;[];sarapan dulu baru mikir
1064;41;0;2505283.0;system;;[];False;False;abec316405b84971;[];[Pesan sistem]
1065;41;0;2508169.0;system;;[];False;False;dc27eb3f3c616e2c;[];[Pesan sistem]
1066;41;101-500;2508960.0;text;;[];True;True;240250ced91769e5;[];menurut kalian kenapa ya generasi kita tuh kayaknya lebih gampang stres dan burnout dibanding generasi orang tua kita dulu? apa karena tekanan sosmed atau emang tuntutan hidup yang makin tinggi ya? gw penasaran aja sih soalnya temen temen gw banyak yang ngeluh hal yang sama!!
1067;41;51-100;2509242.0;text;;[];False;False;f1559a66844db6cf;[];gw lg bingung milih topik skripsi antara dua tema yg sm menariknya
1068;41;51-100;2509266.0;text;;['🤚🏻', '☺️'];False;True;dc27eb3f3c616e2c;[];sumpah gw kaget banget pas tau nilai ujian gw ternyata bagus banget!
1069;41;51-100;2509694.0;text;;['👋🏼'];False;True;b96c35176bdca401;[];sumpah gw,,, kaget banget,,, pas tau,,, nilai ujian gw ternyata bagus banget!,,,
1070;41;11-50;2510529.0;text;;['🎨', '🖌️'];False;False;5f63e1330cbc5049;[];es teh manis satuuuu ya banggg
1071;41;1-10;2510530.0;text;;[];False;True;240250ced91769e5;[];yes!!!
1072;41;0;2510622.0;unknown;;[];False;False;240250ced91769e5;[];[Media tidak dikenal]
1073;41;51-100;2510750.0;text;;['😅'];False;False;240250ced91769e5;[];weekend ini gw mau staycation aja di kosan binge watching series baru!!!
1074;41;51-100;2510769.0;text;;[];False;False;240250ced91769e5;[];gw lagi bingung milih topik skripsi antara dua tema yang sama menariknya!!!
1075;41;101-500;2511103.0;text;;[];True;False;f4064e0c91edb2af;[];eh ada yang punya rekomendasi laptop budget 5 jutaan yang bagus buat kuliah dan ngoding ga? laptop gw yang sekarang udah mulai lemot dan sering ngehang kalo buka banyak tab. pengennya sih yang ringan buat dibawa ke kampus tapi tetep kenceng performanya, ada saran?
1076;41;11-50;2511127.0;text;;[];False;True;240250ced91769e5;[];enak banget makanannya!!!
1077;41;11-50;2511154.0;text;;[];False;False;f4064e0c91edb2af;[];gw mau nyoba restoran baru
1078;41;11-50;2511819.0;text;;[];False;False;917ffdf452fec813;[];porsi makan gw nambah terus
1079;41;51-100;2511850.0;text;;[];False;False;79f1679e48f8423e;[];tadi di kantin ketemu anak angkatan bawah yang kenal sama temen SMA gw
1080;41;51-100;2511877.0;text;;[];False;False;8c4583f47f91d072;[];Dompet gw ilang kemarin di angkot tapi alhamdulillah ada yang nemuin.
1081;41;11-50;2511907.0;text;;[];False;False;7827349a58fdc6b4;[];poris makan gw nambha tersu
1082;41;11-50;2512091.0;text;;[];False;False;c1222dade0e51982;[];porsi maakn gw nambah terus
1083;41;11-50;2512155.0;text;;[];False;False;fbff62b93c1ddab9;[];kopi susu yg biasa,,, ya
1084;41;11-50;2512178.0;text;;[];False;False;88237a346c5b0d60;[];Porsi makan gw nambah terus.
1085;41;11-50;2512406.0;text;;[];False;False;58ae85b7e2ff8ac9;[];sarapan dulu baur mikir
1086;41;51-100;2512832.0;text;;[];False;False;de034364b8eb3dd0;[];gw lagi bingung milih topik skripsi antara dua tema yang sama menariknya!!!
1087;41;11-50;2512881.0;text;;[];False;False;87fe972586c55829;[];gw mau pesen gofood dulu
1088;41;11-50;2512995.0;text;;['⚽', '🏀', '🏓', '🏸', '🏃\u200d♂️'];False;False;d3c37841e2089cb6;[];gw mau nyoba restoran baru
1089;41;11-50;2513163.0;text;;[];False;True;2a6d5f2541be27cc;[];capek banget hari ini!!
1090;41;51-100;2513267.0;text;;[];False;False;d4439be6f372a563;[];gw lg bingung miilh topik skripsi anatra dua tema yg sm menariknya
1091;41;51-100;2513272.0;text;;['🙋🏻\u200d♀️', '😅'];False;False;093afc7b396c4aa4;[];tadi di kantin ketemu anak angkatan bawah yang kenal sama temen SMA gw!!
1092;41;11-50;2513688.0;text;;['🙆🏻\u200d♀️'];False;False;6f4c4e22b17b0ac1;[];porsi makan gw nambah terus
1093;41;11-50;2513790.0;text;;[];False;False;ac4607085ba516fd;[];KOPI SUSU YG BIASA YA
1094;41;11-50;2513993.0;text;;['🙋🏼\u200d♀️'];False;False;6153f115fddc65cd;[];bakso malang itu buka ga ya
1095;41;11-50;2514904.0;text;;[];False;False;721f4b478bcb55fc;[];sarapan dulu baru mikir
1096;41;11-50;2514984.0;text;;[];False;False;032029f68042bfa5;[];kopiiii susuu yg biasaa ya
1097;41;11-50;2514986.0;text;;[];False;False;fe6ecd86b1e5536b;[];kopi susu yg biasa ya
1098;41;11-50;2515322.0;text;;[];False;False;abec316405b84971;[];kopi susu yg biasa,,, ya
1099;41;51-100;2518146.0;text;;[];False;False;79f1679e48f8423e;[];gw lagi bingung milih topik skripsi antara dua tema yang sama menariknya
1100;41;11-50;2518711.0;text;;[];False;False;7397f95ddabec5cf;[];porsiiii makannnn gw nambah terus
1101;41;11-50;2518774.0;text;;[];False;False;b96c35176bdca401;[];sarapan dulu baru mikir,,,
1102;41;11-50;2518782.0;text;;[];True;False;b96c35176bdca401;[];bayar berapa sih tadi?
1103;41;51-100;2518892.0;text;;[];False;False;79f1679e48f8423e;[];gw lagi bingung milih topik skripsi antara dua tema yang sama menariknya
1104;41;11-50;2518964.0;text;;[];False;False;b96c35176bdca401;[];kopi susu yg biasa ya
1105;41;11-50;2518979.0;text;;['😂'];False;False;b96c35176bdca401;[];bakso malang itu buka ga ya
1106;41;11-50;2518993.0;text;;[];False;False;79f1679e48f8423e;[];indomie telor udah cukup kok
1107;41;11-50;2518996.0;text;;[];False;False;79f1679e48f8423e;[];gw mau pesen gofood dulu
1108;41;11-50;2519014.0;text;;[];False;False;b96c35176bdca401;[];indomie telor udah cukup kok
1109;41;11-50;2519017.0;text;;[];False;False;b96c35176bdca401;[];tadi gw,,, makan nasi padang
1110;41;11-50;2519250.0;text;;[];False;False;917ffdf452fec813;[];gw lagi diet tapi gagal mulu
1111;41;11-50;2519314.0;text;;[];False;False;f4064e0c91edb2af;[];gw lagi diet tapi gagal mulu
1112;41;11-50;2519364.0;text;;[];False;False;b96c35176bdca401;[];masak sendiri lebih hemat,,, sih
1113;41;11-50;2519377.0;text;;[];False;False;b96c35176bdca401;[];masak sendiri lebih hemat sih
1114;41;1-10;2519378.0;text;1111.0;[];False;False;b96c35176bdca401;[];sis
1115;41;11-50;2519427.0;text;;[];False;False;f8e26c8525ed76f0;[];bakso malang tu buka ga ya
1116;41;11-50;2519819.0;text;1111.0;[];False;False;79f1679e48f8423e;[];kopi susu yg biasa ya
1117;41;51-100;2529529.0;text;;[];False;False;e17092221f4d7414;[];dompet gw ilang kemarin di angkot tapi alhamdulillah ada yang nemuin
1118;41;51-100;2529641.0;text;;[];False;False;c906ef93c5237463;[];dompet gw ilang kemarin di angkot tapi alhamdulillah ada yang nemuin
1119;41;11-50;2531673.0;text;;[];False;False;3ba602286f4df36e;[];gw lagii diet tapi gagal mulu
1120;41;11-50;2536988.0;text;;[];False;False;d50d687e12b76bf0;[];nongkrong yuk di kafe bisaa
1121;41;51-100;2537804.0;text;;[];False;False;f4064e0c91edb2af;[];weekend ini gw mau staycation aja di kosan binge watching series baru
1122;41;11-50;2537866.0;text;;['👌🏼'];False;False;b96c35176bdca401;[];tadi gw makan,,, nasi padang
1123;41;11-50;2539124.0;text;;[];False;False;79f1679e48f8423e;[];bakso malang itu buka ga ya
1124;41;11-50;2539140.0;text;;[];False;False;79f1679e48f8423e;[];gw mau pesen gofood dulu
1125;41;11-50;2539147.0;text;;[];False;False;79f1679e48f8423e;[];indomie telor udah cukup kok
1126;41;0;2540489.0;image/jpeg;;[];False;False;c1222dade0e51982;[];[Foto]
1127;41;0;2540489.0;image/jpeg;;[];False;False;c1222dade0e51982;[];[Foto]
1128;41;0;2540489.0;image/jpeg;;[];False;False;c1222dade0e51982;[];[Foto]
1129;41;0;2540489.0;image/jpeg;;[];False;False;c1222dade0e51982;[];[Foto]
1130;41;0;2540489.0;image/jpeg;;[];False;False;c1222dade0e51982;[];[Foto]
1131;41;0;2540490.0;image/jpeg;;[];False;False;c1222dade0e51982;[];[Foto]
1132;41;0;2540491.0;image/jpeg;;[];False;False;c1222dade0e51982;[];[Foto]
1133;41;0;2540491.0;image/jpeg;;[];False;False;c1222dade0e51982;[];[Foto]
1134;41;0;2540494.0;image/jpeg;;[];False;False;c1222dade0e51982;[];[Foto]
1135;41;0;2540495.0;image/jpeg;;[];False;False;c1222dade0e51982;[];[Foto]
1136;41;0;2540496.0;image/jpeg;;[];False;False;c1222dade0e51982;[];[Foto]
1137;41;0;2540497.0;image/jpeg;;[];False;False;c1222dade0e51982;[];[Foto]
1138;41;11-50;2540526.0;text;;[];False;False;87fe972586c55829;[];gw lg diet tp gagal mulu
1139;41;1-10;2540615.0;text;;['👏🏽'];False;False;fbff62b93c1ddab9;[];yep
1140;41;51-100;2544988.0;text;;[];False;False;c1084b7e5fa3ce87;[];weekend ni gw mau staycation aja di kosan binge watching series baru
1141;42;0;2588431.0;image/jpeg;;[];False;False;79f1679e48f8423e;[];[Foto]
1142;42;51-100;2600377.0;text;;[];True;False;e17092221f4d7414;[];eh lu udah dapet info jadwal ujian akhir semester belum dari prodi?
1143;42;11-50;2600981.0;text;;[];False;False;b96c35176bdca401;[];dosen gw galak banget sih
1144;42;11-50;2602763.0;text;;[];False;False;e17092221f4d7414;[];deadline besok pagi bro
1145;42;51-100;2604284.0;text;;[];False;False;c1222dade0e51982;[];eh besok kita jadi ketmeuan di kafe deket stasiun kan ya jam 2 siang
1146;42;0;2604851.0;image/jpeg;;[];False;False;81af09304d01d08e;[];[Foto]
1147;42;0;2604856.0;image/jpeg;;[];False;False;81af09304d01d08e;[];[Foto]
1148;42;101-500;2604906.0;text;;[];False;False;81af09304d01d08e;[];jadi ceritanya kemarin gw ke perpustakaan pusat buat nyari bahan referensi skripsi, ternyata bukunya udah dipinjem semua sama anak angkatan sebelah. akhirnya gw cuma... bisa fotokopi dari temen... yang kebetulan punya. lumayan... lah... daripada ga dapet... sama sekali, tinggal di... rangkum aja... sisanya
1149;42;101-500;2604981.0;text;;[];False;False;81af09304d01d08e;[];jadi ceritanya kemarin gw... ke perpustakaan pusat buat nyari bahan referensi skripsi,... ternyata bukunya udah dipinjem semua sama anak angkatan sebelah.... akhirnya gw cuma bisa fotokopi dari... temen yang kebetulan punya. lumayan lah daripada ga dapet sama sekali, tinggal di rangkum aja sisanya
1150;42;51-100;2605023.0;text;;['❤️'];False;True;81af09304d01d08e;[];gila sih dosen gw... tiba tiba kasih tugas tambahan padahal... besok UAS!
1151;42;1-10;2605252.0;text;;[];False;False;917ffdf452fec813;[];dah
1152;42;51-100;2605758.0;text;;[];False;False;d2e8be8c0c888b0a;[];tadi gw ketemu dosen pembimbing dan dia minta revisi lagi untuk bab 3!!
1153;42;11-50;2606051.0;text;;['😊'];False;False;721f4b478bcb55fc;[];presentasi gw amburadul
1154;42;51-100;2607026.0;text;;[];False;False;7d3641406f8a3606;[];eh besok kita jadi ketemuan di kafe deket stasiun kan ya jam 2 siang
1155;42;11-50;2607525.0;text;;[];False;True;559d0ee52d04602a;[];gila sih lu bisa gitu!
1156;42;11-50;2609213.0;text;;[];False;False;e17092221f4d7414;[];presentasi gw amburadul
1157;42;51-100;2620430.0;text;;[];False;False;c1222dade0e51982;[];nyokap gw nelfon tadi nanyain kapan pulagn, gw bliang aja abis ujian
1158;42;51-100;2622904.0;text;;[];False;False;f8e26c8525ed76f0;[];tadi gw ketemu dosen pembimbing dan dia minta revisi lg utk bab 3
1159;43;101-500;2688053.0;text;;[];True;False;c1222dade0e51982;[];gw lg bimbang nih antara mau ikut organisasi kampus atau fouks ke akademik aja. menurut kalian gmn si,h worth it ga sih ikut organisasi? soalnya gw dneger banyak yg bilang bs nambah sfot skill tp di sisi lain waktu buat belajar jadi berkruang kan, gmn pengalaman kalian?
1160;43;11-50;2688058.0;text;;[];False;False;c1222dade0e51982;[];proopsal skripsi gw ditolak
1161;43;51-100;2695134.0;text;;['😅'];False;True;c1084b7e5fa3ce87;[];akhirnya selesai jg skripsi gw setelah perjuangan berbulan bulan!
1162;43;500+;2697282.0;text;;[];True;True;f8e26c8525ed76f0;[];ad yg pny catetan?
1163;43;500+;2697282.0;text;;[];True;True;f8e26c8525ed76f0;[];ntar malem ngapain?
1164;43;500+;2697283.0;text;;[];True;True;f8e26c8525ed76f0;[];gmn kabar lu skrg?...
1165;43;11-50;2697320.0;text;;[];False;False;87fe972586c55829;[];lu udah makan blm...
1166;43;101-500;2698574.0;text;;[];False;False;eab9c5046b166684;[];Gw lagi galau banget nih soal masa depan. mau lanjut S2 tapi duit ga ada, mau langsung kerja tapi pengalaman masih minim. nyokap bilang terserah gw aja tapi gw tau dia pengen gw cepet kerja biar bisa bantu ekonomi keluarga. bingung banget sih, kayak semua pilihan ada plus minusnya.
1167;44;0;2768121.0;system;;[];False;False;c1084b7e5fa3ce87;[];[Pesan sistem]
1168;44;0;2774476.0;image/jpeg;;[];False;False;21266f12e2c7823a;[];[Foto]
1169;44;51-100;2775371.0;text;;[];False;False;917ffdf452fec813;[];temen sekamar gw pindah kosan jadi sekarang gw sendirian di kamar
1170;44;1-10;2775393.0;text;;[];False;False;917ffdf452fec813;[];wah
1171;44;1-10;2775522.0;text;;['👏🏼'];False;False;7d3641406f8a3606;[];hoo
1172;45;0;2851816.0;system;;[];False;False;e17092221f4d7414;[];[Pesan sistem]
1173;45;11-50;2851841.0;text;;[];False;False;e17092221f4d7414;[];tadi gw makan nasi padang
1174;46;51-100;2889442.0;text;;[];True;True;032029f68042bfa5;[];siapa sihh yangggg spread gosip itu ke grup sebelah, tauuuu ga orangnya?
1175;46;51-100;2889636.0;text;;[];False;False;79f1679e48f8423e;[];gw lagi belajar masak sendiri biar ga jajan terus lumayan hemat soalnya
1176;46;101-500;2889698.0;text;;[];True;False;032029f68042bfa5;[];eh ada yangg punya rekomendasi laptoppp budget 5 jutaann yang bagus buat kuliah dann ngodingg ga? laptop gw yang sekarang udahh mulai lemotttt dannn sering ngehang kalooo bukaaa banyakkk tab. pengennyaaaa sih yang ringan buat dibawaaaa ke kampus tapi teteppp kenceng performanya, adaaa saran?
1177;46;11-50;2889732.0;text;;[];False;False;58ae85b7e2ff8ac9;[];film baru di bioskop bagus ga
1178;46;51-100;2889760.0;text;;['😝'];False;False;b96c35176bdca401;[];gw lagi belajar masak sendiri biar ga jajan terus lumayan,,, hemat soalnya
1179;46;101-500;2889798.0;text;;['☺️'];False;False;ac4607085ba516fd;[];GW PENGEN CURHAT SEDIKIT NIH. AKHIR AKHIR INI GW NGERASA BURNOUT BANGET SAMA RUTINITAS KULIAH YANG ITU ITU AJA. BANGUN PAGI, KULIAH, TUGAS, TIDUR, REPEAT. KADANG GW NGERASA KAYAK ROBOT YANG CUMA JALAN SESUAI PROGRAM TANPA TAU TUJUAN AKHIRNYA APA. MUNGKIN GW BUTUH LIBURAN BENERAN BUAT REFRESH OTAK
1180;46;51-100;2889909.0;text;;[];False;False;f1559a66844db6cf;[];adek gw mau masuk kuliah tahun depan gw hrs bantu cariin info jurusan
1181;46;51-100;2890033.0;text;;[];True;False;032029f68042bfa5;[];siapa sihh yangggg spread gosip ituuu ke grup sebelah, tauu ga orangnya?
1182;46;51-100;2890051.0;text;;[];False;False;032029f68042bfa5;[];gw nonton filmmmm dokumenterrr semalam tentang lauttt dannn ikan, bagusss banget
1183;46;11-50;2890254.0;text;;[];False;False;032029f68042bfa5;[];nyokappp nanyaaa kapan lulusss
1184;46;51-100;2890520.0;text;;['🤦🏻\u200d♂'];False;False;d3c37841e2089cb6;[];gw lg belajar masak sendiri biar ga jajan terus lumayan hemat soalnya
1185;46;11-50;2890637.0;text;;[];False;False;3937cb7a5a08899b;[];gw kangen masakan rumah
1186;46;11-50;2890695.0;text;;[];False;False;58ae85b7e2ff8ac9;[];kleuarga ngumpul leabran ntr
1187;46;51-100;2890745.0;text;;[];False;False;b96c35176bdca401;[];gw nonton film dokumenter semalam tentang laut dan ikan, bagus banget
1188;46;51-100;2890757.0;text;;[];False;False;b96c35176bdca401;[];gw nonton film dokumenter semalam tentang laut dan ikan,,,, bagus banget
1189;46;51-100;2894465.0;text;;[];False;False;c1222dade0e51982;[];besok ad bazaar di kampus katanya banyka makanna murah, pada ikut ga
1190;46;51-100;2894916.0;text;;[];False;False;240250ced91769e5;[];besok ada bazaar di kampus katanya banyak makanan murah, pada ikut ga!!!
1191;46;51-100;2895050.0;text;;[];False;False;c1084b7e5fa3ce87;[];gw nonton film dokumenter semalam tentang laut dan ikan, bagus bgt
1192;46;11-50;2895134.0;text;;[];False;False;6f4c4e22b17b0ac1;[];kakak gw baru aja... nikah...
1193;46;51-100;2895278.0;text;;[];False;False;6153f115fddc65cd;[];gw nonton film dokumenter semalam tentang laut dan ikan, bagus banget
1194;46;0;2899378.0;image/jpeg;;[];False;False;917ffdf452fec813;[];[Foto]
1195;47;51-100;2940577.0;text;;[];False;False;e18e17680181d232;[];kemarin gw ke toko buku beli novel baru sm buku referensi buat skripsi
1196;47;0;2950571.0;image/jpeg;;[];False;False;79f1679e48f8423e;[];[Foto]
1197;47;0;2950614.0;image/jpeg;;[];False;False;79f1679e48f8423e;[];[Foto]
1198;47;0;2950616.0;image/jpeg;;[];False;False;79f1679e48f8423e;[];[Foto]
1199;47;0;2950616.0;image/jpeg;;[];False;False;79f1679e48f8423e;[];[Foto]
1200;47;0;2950616.0;image/jpeg;;[];False;False;79f1679e48f8423e;[];[Foto]
1201;47;0;2950616.0;image/jpeg;;[];False;False;79f1679e48f8423e;[];[Foto]
1202;47;0;2950617.0;image/jpeg;;[];False;False;79f1679e48f8423e;[];[Foto]
1203;47;0;2950619.0;image/jpeg;;[];False;False;79f1679e48f8423e;[];[Foto]
1204;47;0;2950620.0;image/jpeg;;[];False;False;79f1679e48f8423e;[];[Foto]
1205;47;0;2950622.0;image/jpeg;;[];False;False;79f1679e48f8423e;[];[Foto]
1206;47;101-500;2951885.0;text;;['👏🏼'];False;False;032029f68042bfa5;[];gw lagi galau banget nih soal masa depan. mau lanjutttt s2 tapiiii duit ga ada, mauuuu langsungggg kerjaaa tapi pengalaman masih minim. nyokap bilang terserah gw aja tapi gw tau dia pengennnn gw cepet kerjaaaa biarr bisa bantu ekonomii keluarga. bingung bangett sih, kayakk semua pilihan adaa plusss minusnya
1207;47;101-500;2951892.0;text;;['👏🏼'];False;False;032029f68042bfa5;[];gw lagi galau banget nih soal masa depan. mau lanjutttt s2 tapi duitttt ga ada, mauuu langsungggg kerjaaaa tapi pengalaman masih minim. nyokappp bilang terserahhh gw aja tapi gw tauuu diaaaa pengen gw cepet kerjaaa biar bisa bantu ekonomii keluarga. bingung banget sih, kayak semua pilihannnn adaaaa plus minusnyaaaa
1208;47;51-100;2951940.0;text;;[];False;False;79f1679e48f8423e;[];kemarin gw ke toko buku beli novel baru sama buku referensi buat skripsi
1209;47;1-10;2951945.0;text;;['😉'];False;False;032029f68042bfa5;[];nih
1210;47;101-500;2951985.0;text;;[];False;False;032029f68042bfa5;[];gw lagi galauuuu banget nih soal masaaaa depan. mau lanjut s2 tapiii duit ga ada, mau langsung kerjaa tapi pengalamann masih minim. nyokap bilangg terserah gw aja tapi gw tauu dia pengen gw cepet kerja biarrr bisaaaa bantuuu ekonomi keluarga. bingung bangetttt sih, kayakkkk semua pilihannn ada plus minusnyaaaa
1211;47;51-100;2952007.0;text;;['💃🏽'];False;False;032029f68042bfa5;[];kemarin gw ke toko buku belii novel baru samaa buku referensi buat skripsi
1212;47;11-50;2952050.0;text;;[];False;True;6153f115fddc65cd;[];parah sih tadi kejadiannya!
1213;47;11-50;2959466.0;text;;[];True;False;b96c35176bdca401;[];gimana kabar lu sekarang?
1214;47;101-500;2959499.0;text;;[];False;False;b96c35176bdca401;[];gw lagi galau banget nih soal masa depan.,,, mau lanjut s2 tapi,,, duit ga ada, mau langsung kerja tapi pengalaman masih minim. nyokap bilang,,, terserah gw aja tapi gw tau dia pengen gw cepet kerja biar bisa bantu ekonomi keluarga. bingung banget sih, kayak,,, semua,,, pilihan,,, ada plus,,, minusnya
1215;47;11-50;2959688.0;text;;[];False;False;abec316405b84971;[];gw baru aja dari kampus
1216;47;11-50;2963929.0;text;;[];False;False;240250ced91769e5;[];kelas tambahan hari sabtu sih!!
1217;47;51-100;2964031.0;text;;[];False;False;032029f68042bfa5;[];gw udah bikin slidessss presentasi tapiiii kayaknyaa masih kuranggg bagus dehh isinyaa
1218;47;51-100;2964036.0;text;;[];False;False;032029f68042bfa5;[];gw lagi mikirin mau ambil magang di perusahaan mana buattt semester depan
1219;47;51-100;2965097.0;text;;['☺️'];False;True;5f63e1330cbc5049;[];akhirnya selesaii juga skripsi gw setelah perjuangannn berbulan bulan!
1220;47;11-50;2969788.0;text;;[];False;True;fe6ecd86b1e5536b;[];parah sih tadi kejadiannya!
1221;47;101-500;2970657.0;text;;['😉'];True;False;79f1679e48f8423e;[];guys ada yang tau ga sih kenapa sistem registrasi online kampus sering banget error pas masa pengisian KRS? tiap semester selalu gitu bikin stres, mana harus rebutan mata kuliah yang kuotanya dikit banget lagi. apa emang servernya ga kuat ya nampung banyak mahasiswa sekaligus?
1222;47;51-100;2970700.0;text;;[];False;False;79f1679e48f8423e;[];kemarin gw ke toko buku beli novel baru sama buku referensi buat skripsi
1223;47;101-500;2971069.0;text;;[];False;False;b96c35176bdca401;[];gw lagi galau banget,,, nih soal masa depan.,,, mau lanjut s2 tapi,,, duit ga ada, mau langsung kerja tapi pengalaman masih minim. nyokap bilang terserah gw aja tapi gw tau dia pengen,,, gw cepet kerja biar bisa bantu,,, ekonomi keluarga. bingung banget sih, kayak,,, semua pilihan,,, ada plus,,, minusnya
1224;47;51-100;2971138.0;text;;['😅'];False;False;79f1679e48f8423e;[];gw udah bikin slides presentasi tapi kayaknya masih kurang bagus deh isinya
1225;47;51-100;2971353.0;text;;['🙈'];False;False;b96c35176bdca401;[];gw udah,,, bikin slides presentasi tapi kayaknya masih kurang bagus,,, deh isinya
1226;47;51-100;2971353.0;text;;[];False;False;8c4583f47f91d072;[];Gw udah bikin slides presentasi tapi kayaknya masih kurang bagus deh isinya.
1227;47;11-50;2972710.0;text;;[];True;False;b96c35176bdca401;[];boleh gw ikut ga?,,,
1228;47;51-100;2972916.0;text;;[];False;False;6153f115fddc65cd;[];kemarin gw ke toko buku beli novel baru sama buku referensi buat skripsi
1229;47;11-50;2973017.0;text;;[];False;False;79f1679e48f8423e;[];warteg depan kampus enak
1230;47;51-100;2973033.0;text;;[];False;False;79f1679e48f8423e;[];gw udah bikin slides presentasi tapi kayaknya masih kurang bagus deh isinya
1231;47;0;2973048.0;image/jpeg;;[];False;False;7d3641406f8a3606;[];[Foto]
1232;47;0;2973048.0;image/jpeg;;[];False;False;7d3641406f8a3606;[];[Foto]
1233;47;0;2973049.0;image/jpeg;;[];False;False;7d3641406f8a3606;[];[Foto]
1234;47;1-10;2973052.0;text;;[];False;True;b96c35176bdca401;[];parah!
1235;47;51-100;2973061.0;text;;[];False;False;79f1679e48f8423e;[];gw lagi mikirin mau ambil magang di perusahaan mana buat semester depan
1236;47;11-50;2973074.0;text;;[];False;False;032029f68042bfa5;[];wartegggg depan kampus enak
1237;47;11-50;2973076.0;text;;[];False;False;032029f68042bfa5;[];kelas tambahan hari sabtu sih
1238;47;51-100;2973123.0;text;1231.0;[];False;False;7d3641406f8a3606;[];kosan gw bocor lagi pas hujan semalam, kasur gw basah semua parah banget
1239;47;11-50;2973139.0;text;;[];False;False;240250ced91769e5;[];mie ayam pak kumis juara sih!!
1240;47;11-50;2973201.0;text;;[];False;False;e18e17680181d232;[];proposal skripsi gw ditolak
1241;47;11-50;2973309.0;text;;[];False;True;559d0ee52d04602a;[];keren abis presentasinya!
1242;47;11-50;2973346.0;text;;[];False;False;b96c35176bdca401;[];gw baru aja dari,,, kampus
1243;47;11-50;2973542.0;text;;['☺️'];False;False;6153f115fddc65cd;[];sidang minggu depan doain ya
1244;47;11-50;2974766.0;text;;[];False;False;032029f68042bfa5;[];proposal skripsi gw ditolak
1245;47;11-50;2975184.0;application/pdf;;[];False;False;e18e17680181d232;[];[Dokumen PDF]
1246;47;11-50;2976911.0;text;;[];True;False;f4064e0c91edb2af;[];ntar malem ngapain?
1247;48;0;3024484.0;system;;[];False;False;fbff62b93c1ddab9;[];[Pesan sistem]
1248;48;51-100;3024507.0;text;;['😉'];False;False;fbff62b93c1ddab9;[];semalam hujan gede banget sampe kosan gw mati lampu semaleman gila
1249;48;11-50;3030109.0;text;;['🙂'];False;True;539af9901e277a0d;[];akhirnya kelar jg nih!...
1250;48;11-50;3030310.0;text;;['👋🏼'];False;True;b96c35176bdca401;[];akhirnya kelar juga nih!,,,
1251;48;11-50;3032393.0;text;;[];False;True;f8e26c8525ed76f0;[];akhirnya kelar jg... nih!
1252;48;101-500;3035927.0;image/jpeg;;[];False;False;79f1679e48f8423e;[];[Foto]
1253;48;101-500;3035985.0;text;;[];False;False;79f1679e48f8423e;[];tadi siang gw makan di warung makan baru deket gerbang belakang kampus. nasi gorengnya lumayan enak dan harganya murah banget cuma 12 ribu udah sama es teh. kayaknya bakal jadi langganan baru deh soalnya warteg biasa gw udah mulai naik harga dan porsinya makin dikit aja
1254;48;0;3036207.0;image/jpeg;;[];False;False;240250ced91769e5;[];[Foto]
1255;48;0;3036219.0;image/jpeg;;[];False;False;240250ced91769e5;[];[Foto]
1256;48;101-500;3036311.0;text;;[];False;False;240250ced91769e5;[];tadi siang gw makan di warung makan baru deket gerbang belakang kampus. nasi gorengnya lumayan enak dan harganya murah banget cuma 12 ribu udah sama es teh. kayaknya bakal jadi langganan baru deh soalnya warteg biasa gw udah mulai naik harga dan porsinya makin dikit aja!!!
1257;48;51-100;3036413.0;text;;[];False;False;240250ced91769e5;[];gw baru dapet info beasiswa buat semester depan mau coba daftar deh!!!
1258;48;51-100;3039268.0;text;;[];False;False;79f1679e48f8423e;[];gw harus ganti strategi belajar sih soalnya nilai UTS kemarin jelek bgt
1259;48;11-50;3039441.0;text;;[];False;False;f1559a66844db6cf;[];podcast yg lu rekomen mana
1260;48;51-100;3039469.0;text;;[];False;False;f1559a66844db6cf;[];semalam hujan gede bgt sampe kosan gw mati lampu semaleman gila
1261;48;11-50;3040032.0;text;;['🤙🏽'];False;False;e18e17680181d232;[];konser tu mahal bgt tiketnya
1262;48;11-50;3040968.0;text;;['🤣'];False;False;032029f68042bfa5;[];gym hariiii ini skip deh
1263;48;1-10;3040984.0;text;;['😂'];False;False;79f1679e48f8423e;[];sans
1264;48;11-50;3040990.0;text;;[];False;False;e18e17680181d232;[];gw lg baca novel baru nih
1265;48;11-50;3041139.0;text;;['🤪'];False;False;032029f68042bfa5;[];gw lagi bacaaaa novellll baru nihhhh
1266;48;0;3043230.0;unknown;;[];False;False;ac4607085ba516fd;[];[Media tidak dikenal]
1267;48;101-500;3043301.0;text;;[];False;True;ac4607085ba516fd;[];YESSS GW AKHIRNYA DAPET NILAI A DI MATA KULIAH YANG PALING GW TAKUTIN SELAMA INI! PADAHAL GW UDAH PASRAH BANGET PAS UJIAN SOALNYA SOALNYA SUSAH PARAH. TERNYATA TUGAS DAN PRESENTASI GW NILAINYA BAGUS JADI BISA NUTUPIN NILAI UJIAN. ALHAMDULILLAH BANGET PERJUANGAN GA SIA SIA!
1268;48;101-500;3043301.0;text;;[];False;True;ac4607085ba516fd;[];GILA SIH GUYS TADI PAS GW LAGI DI JALAN TIBA TIBA MOTOR GW DISEREMPET SAMA MOBIL YANG BELOK TANPA SEIN! UNTUNG GW GA JATOH TAPI SPION GW PATAH DAN BARET DI BODI MOTOR. ORANGNYA LANGSUNG KABUR LAGI GA TANGGUNG JAWAB! SUMPAH KESEL BANGET GW SAMPE SEKARANG MASIH GEMETARAN!
1269;48;101-500;3043303.0;text;;[];False;True;ac4607085ba516fd;[];PARAH BANGET BANJIR DI DAERAH KOSAN GW SEMALAM SAMPAI AIR MASUK KE KAMAR SETINGGI BETIS! BARANG BARANG GW BANYAK YANG KERENDEM TERMASUK BUKU KULIAH DAN SEPATU. GW HARUS NGUNGSI KE KOSAN TEMEN DAN SEKARANG LAGI BERSIHIN SEMUA BARANG. SEMOGA GA ADA YANG RUSAK PARAH SIH!
1270;48;101-500;3043305.0;text;;[];False;True;ac4607085ba516fd;[];TEMEN TEMEN GW BARU AJA NGASIH SURPRISE ULANG TAHUN YANG PALING BERKESAN DALAM HIDUP GW! MEREKA DIEM DIEM BOOKING TEMPAT MAKAN FAVORIT GW DAN UNDANG SEMUA TEMEN DEKET. ADA KUE TART DAN HADIAH YANG GW PENGEN DARI LAMA. GW SAMPE NANGIS TERHARU SUMPAH GA NYANGKA MEREKA SEBAIK ITU!
1271;48;101-500;3043341.0;text;;['💚'];False;False;ac4607085ba516fd;[];TADI SIANG GW MAKAN DI WARUNG MAKAN BARU DEKET GERBANG BELAKANG KAMPUS. NASI GORENGNYA LUMAYAN ENAK DAN HARGANYA MURAH BANGET CUMA 12 RIBU UDAH SAMA ES TEH. KAYAKNYA BAKAL JADI LANGGANAN BARU DEH SOALNYA WARTEG BIASA GW UDAH MULAI NAIK HARGA DAN PORSINYA MAKIN DIKIT AJA
1272;48;51-100;3043694.0;text;;[];True;True;240250ced91769e5;[];kira kira kalo gw apply magang sekarang masih keburu ga ya!!!
1273;48;11-50;3043712.0;text;;[];False;False;0c13b967cd2c4542;[];pertandingan bola tadi malam gila
1274;48;51-100;3043726.0;text;;[];False;False;79f1679e48f8423e;[];gw baru dapet info beasiswa buat semester depan mau coba daftar deh
1275;48;101-500;3043843.0;text;;['😅'];False;True;bf82c9c517fdc67a;[];yesss gw akhirnyaa dapet nilaii a di mataaa kuliah yang paling gw takutinnn selama ini! padahalll gw udahhh pasrah banget pas ujiann soalnyaa soalnyaa susah parah. ternyata tugas dan presentasi gw nilainya bagus jadii bisa nutupin nilai ujian. alhamdulillah banget perjuangan ga sia sia!
1276;48;101-500;3043845.0;text;;['😅'];False;True;bf82c9c517fdc67a;[];parah bangetttt banjir di daerah kosan gw semalam sampaii air masukk ke kamarrr setinggiii betis! barangg barang gw banyak yang kerendemmmm termasuk buku kuliah dan sepatu. gw harus ngungsi ke kosan temennnn dannn sekarang lagi bersihin semua barang. semogaaa ga ada yang rusak parah sih!
1277;48;11-50;3043911.0;text;;['😊'];False;True;ac4607085ba516fd;[];STRESS BERAT GW SAMA TUGAS!
1278;48;11-50;3043918.0;text;;['🥳'];False;False;ac4607085ba516fd;[];FUTSAL BESOK JADI GA
1279;48;0;3043960.0;image/jpeg;;[];False;False;79f1679e48f8423e;[];[Foto]
1280;48;11-50;3044555.0;text;;['👍🏽'];False;False;d2e8be8c0c888b0a;[];konser itu mahal banget tiketnya!!!
1281;48;51-100;3045904.0;text;;[];False;False;d3c37841e2089cb6;[];semalam hujan gede bgt sampe kosan gw mati lampu semaleman gila
1282;48;11-50;3046668.0;text;;['😂'];False;False;b96c35176bdca401;[];gw lagi baca novel baru nih,,,
1283;48;51-100;3046693.0;text;;[];False;True;b96c35176bdca401;[];sedih banget gw harus,,, pisah sama temen kos gw,,, yang udah pindah!,,,
1284;48;0;3051269.0;image/jpeg;;[];False;False;917ffdf452fec813;[];[Foto]
1285;48;0;3051269.0;image/jpeg;;[];False;False;917ffdf452fec813;[];[Foto]
1286;48;11-50;3051501.0;text;;[];False;False;87fe972586c55829;[];gw lg baca novel baru... nih
1287;48;51-100;3051960.0;text;;[];True;False;240250ced91769e5;[];kira kira kalo gw apply magang sekarang masih keburu ga ya!!!
1288;48;11-50;3052312.0;text;;[];False;False;917ffdf452fec813;[];series itu endingnya zonk bgt
1289;48;11-50;3052327.0;text;;[];False;False;917ffdf452fec813;[];futsal besok jadi ga
1290;48;101-500;3053272.0;text;;[];False;False;79f1679e48f8423e;[];tadi siang gw makan di warung makan baru deket gerbang belakang kampus. nasi gorengnya lumayan enak dan harganya murah banget cuma 12 ribu udah sama es teh. kayaknya bakal jadi langganan baru deh soalnya warteg biasa gw udah mulai naik harga dan porsinya makin dikit aja
1291;48;11-50;3053318.0;text;;[];False;False;87fe972586c55829;[];badminton yuk sore ni...
1292;48;11-50;3055277.0;text;;[];False;False;79f1679e48f8423e;[];futsal besok jadi ga
1293;48;11-50;3055486.0;text;;['💃🏼', '😊'];False;True;7827349a58fdc6b4;[];stress berat gw sm tugas!
1294;48;11-50;3055488.0;text;;['💃🏼', '😊'];False;True;7827349a58fdc6b4;[];srtess berat gw sm tugas!
1295;48;11-50;3055489.0;text;;['💃🏼', '😊'];False;True;7827349a58fdc6b4;[];akhirnya kelar jg nih!
1296;48;101-500;3063057.0;text;;[];True;True;6f4c4e22b17b0ac1;[];eh ad yg... pny... rekomendasi laptop budget 5... jutaan yg bagus buat... kuliah dan ngoding... ga? laptop gw yg skrg... udah... mulai lemot dan sering ngehang kalo buka banyak tab.... pengennya sih yg ringan buat dibawa ke kampus tp tetep kenceng performanya, ad saran?...
1297;48;11-50;3063960.0;text;;[];False;False;58ae85b7e2ff8ac9;[];gym hari ni skip deh
1298;48;11-50;3065217.0;text;;[];False;False;6153f115fddc65cd;[];manga terbaru udah keluar loh
1299;48;11-50;3065690.0;text;;[];False;False;79f1679e48f8423e;[];futsal besok jadi ga
1300;48;11-50;3066619.0;text;;[];True;False;093afc7b396c4aa4;[];booking duluan apa langsung aja!!
1301;48;11-50;3066724.0;text;;[];False;False;6f4c4e22b17b0ac1;[];pertandingan bola tadi... malam... gila
1302;48;11-50;3070412.0;text;;[];False;False;6153f115fddc65cd;[];manga terbaru udah keluar loh
1303;48;11-50;3071409.0;text;;[];False;False;093afc7b396c4aa4;[];gw lagi baca novel baru nih!!
1304;49;1-10;3086815.0;text;;[];False;False;ac4607085ba516fd;[];TUH
1305;49;11-50;3086819.0;text;;[];False;False;ac4607085ba516fd;[];SEMINAR TADI LAMA BANGET
1306;49;11-50;3086834.0;text;;[];False;False;ac4607085ba516fd;[];MIE AYAM PAK KUMIS JUARA SIH
1307;49;11-50;3086848.0;text;;[];False;False;093afc7b396c4aa4;[];dosen pembimbing susah ditemui!!
1308;50;11-50;3123401.0;image/jpeg;;[];False;False;917ffdf452fec813;[];[Foto]
1309;50;51-100;3123781.0;text;;[];False;False;0b56961e0cc0a81b;[];gw lagi belajarrrr masak sendiri biarrrr ga jajann terus lumayan hemat soalnyaaaa
1310;50;0;3124800.0;image/jpeg;;[];False;False;87fe972586c55829;[];[Foto]
1311;50;0;3124801.0;image/jpeg;;[];False;False;87fe972586c55829;[];[Foto]
1312;50;11-50;3124815.0;text;;[];False;False;87fe972586c55829;[];gw lg marathon drakor nih
1313;50;11-50;3124837.0;text;;[];False;False;79f1679e48f8423e;[];adek gw masuk SMA tahun ini
1314;50;11-50;3125938.0;text;1308.0;[];True;False;f1559a66844db6cf;[];tu tempatnya jauh ga?
1315;50;11-50;3125961.0;text;;['😋'];True;False;f1559a66844db6cf;[];knp ga bales chat gw?
1316;50;101-500;3126085.0;text;;['😂'];False;False;7d3641406f8a3606;[];gw pengen curhat sedikit nih. akhir akhir ini gw ngerasa burnout banget sama rutinitas kuliah yang itu itu aja. bangun pagi, kuliah, tugas, tidur, repeat. kadang gw ngerasa kayak robot yang cuma jalan sesuai program tanpa tau tujuan akhirnya apa. mungkin gw butuh liburan beneran buat refresh otak
1317;50;11-50;3126146.0;text;;[];False;False;87fe972586c55829;[];gw lg marathon drakor... nih
1318;50;11-50;3126261.0;text;;[];False;False;79f1679e48f8423e;[];playlist lo yang mana sih
1319;50;11-50;3126265.0;text;;[];False;False;87fe972586c55829;[];kakak gw baru... aja nikah
1320;50;1-10;3126380.0;text;;[];False;False;f1559a66844db6cf;[];noted
1321;50;11-50;3127767.0;text;;['🤔'];True;False;240250ced91769e5;[];itu tempatnya jauh ga!!!
1322;51;51-100;3131115.0;image/jpeg;;['😃'];False;False;240250ced91769e5;[];[Foto]
1323;51;11-50;3131272.0;text;;[];False;False;79f1679e48f8423e;[];sidang minggu depan doain ya
1324;51;51-100;3131298.0;text;;[];False;False;79f1679e48f8423e;[];jangan lupa besok kumpul di lobby kampus jam 8 pagi buat berangkat bareng
1325;51;51-100;3131301.0;text;;[];False;False;79f1679e48f8423e;[];jangan lupa besok kumpul di lobby kampus jam 8 pagi buat berangkat bareng
1326;51;11-50;3131523.0;text;1324.0;['🙋🏻\u200d♀️'];False;False;6f4c4e22b17b0ac1;[];dosen pembimbing susah... ditemui
1327;51;101-500;3131704.0;text;;[];False;False;f8e26c8525ed76f0;['240250ced91769e5', '79f1679e48f8423e'];gw lg galau bgt nih... soal masa depan. mau lanjut s2 tp duit ga ad, mau langsung kerja tp pengalaman... msh... minim. nyokap bilang... terserah... gw aja tp gw tau... dia pengen gw cepet kerja biar bs bantu ekonomi keluarga. bingung bgt sih, kyk smua pilihan ad plus... minusnya
1328;51;1-10;3131995.0;text;1324.0;[];False;False;917ffdf452fec813;[];nih
1329;51;0;3132450.0;sticker/webp;;[];False;False;79f1679e48f8423e;[];[Stiker]
1330;51;11-50;3133018.0;text;;[];True;False;79f1679e48f8423e;[];boleh gw ikut ga?
1331;51;11-50;3134619.0;text;1324.0;['😅'];False;False;240250ced91769e5;[];mie ayam pak kumis juara sih!!!
1332;51;1-10;3135150.0;text;;[];False;False;87fe972586c55829;[];aman
1333;51;1-10;3135208.0;text;;[];False;False;87fe972586c55829;[];bet
1334;52;101-500;3136064.0;text;;[];True;False;87fe972586c55829;[];menurut kalian knp ya generasi... kita tuh kayaknya lebih gampang stres dan burnout dibanding generasi... orang... tua kita dulu? apa... krn tekanan sosmed atau emang... tuntutan hidup... yg makin tinggi ya? gw penasaran aja sih soalnya... temen temen gw banyak... yg ngeluh hal yg sm
1335;52;11-50;3136138.0;text;;[];False;False;79f1679e48f8423e;[];pacarnya baru siapa sih
1336;52;0;3136152.0;sticker/webp;;[];False;False;87fe972586c55829;[];[Stiker]
1337;53;0;3143255.0;image/jpeg;;[];False;False;79f1679e48f8423e;[];[Foto]
1338;53;51-100;3143273.0;text;;[];True;False;79f1679e48f8423e;[];eh lu udah dapet info jadwal ujian akhir semester belum dari prodi?
1339;53;51-100;3143277.0;text;;[];True;False;79f1679e48f8423e;[];eh lu udah dapet info jadwal ujian akhir semester belum dari prodi?
1340;53;51-100;3143311.0;text;;['😂', '🙈'];False;True;abec316405b84971;[];gila sih dosen,,, gw tiba tiba,,, kasih tugas tambahan,,, padahal besok uas!
1341;53;11-50;3143461.0;text;;['🥳'];False;False;ac4607085ba516fd;[];DEADLINE BESOK PAGI BRO
1342;53;1-10;3145745.0;text;;['🙌🏻'];False;False;6153f115fddc65cd;[];otw
1343;53;11-50;3157992.0;text;;['😅'];True;False;58ae85b7e2ff8ac9;[];siaap yg mau ikut?
1344;53;0;3158016.0;image/jpeg;;[];False;False;f4064e0c91edb2af;[];[Foto]
1345;53;11-50;3158025.0;text;;[];False;False;f4064e0c91edb2af;[];presentasi gw amburadul
1346;53;0;3160960.0;image/jpeg;;[];False;False;ac4607085ba516fd;[];[Foto]
1347;53;0;3160963.0;image/jpeg;;[];False;False;ac4607085ba516fd;[];[Foto]
1348;53;0;3160964.0;image/jpeg;;[];False;False;ac4607085ba516fd;[];[Foto]
1349;53;0;3160965.0;image/jpeg;;[];False;False;ac4607085ba516fd;[];[Foto]
1350;53;0;3160966.0;image/jpeg;;[];False;False;ac4607085ba516fd;[];[Foto]
1351;53;51-100;3162906.0;text;;[];True;True;6f4c4e22b17b0ac1;[];eh lu udah dapet info jadwal ujian akhir semester... blm dr prodi?...
1352;53;0;3168822.0;image/jpeg;;[];False;False;ac4607085ba516fd;[];[Foto]
1353;53;11-50;3168825.0;text;;['💃🏻'];False;False;ac4607085ba516fd;[];EH TADI KELAS SERU BANGET
1354;54;11-50;3203502.0;text;;[];True;True;58ae85b7e2ff8ac9;[];booking duluan apa langsung aja?
1355;54;51-100;3203542.0;text;;[];True;True;abec316405b84971;[];kira kira kalo gw apply magang sekarang masih keburu ga,,, ya?
1356;54;51-100;3203577.0;text;;['🤣'];False;False;58ae85b7e2ff8ac9;[];semalam hujan gede bgt sampe kosan gw mati lmapu semaleman gila
1357;54;11-50;3203873.0;text;;['👌🏻'];False;False;79f1679e48f8423e;[];gym hari ini skip deh
1358;54;1-10;3203903.0;text;;[];False;False;917ffdf452fec813;[];kuy
1359;54;11-50;3204597.0;text;;[];True;False;abec316405b84971;[];masih bangun,,, ga lu jam segini?,,,
1360;54;11-50;3204688.0;image/jpeg;;[];False;False;79f1679e48f8423e;[];[Foto]
1361;54;11-50;3204720.0;text;;[];False;False;abec316405b84971;[];gw lagi baca novel,,, baru nih
1362;54;101-500;3205670.0;text;;['😅'];False;True;bf82c9c517fdc67a;[];parah bangett banjir di daerah kosan gw semalammmm sampaiii air masuk ke kamar setinggi betis! barangggg barangg gw banyak yangggg kerendemm termasuk buku kuliahhh dan sepatu. gw harus ngungsiiii ke kosan temenn dan sekarangggg lagiii bersihin semua barang. semogaaaa ga ada yang rusak parah sih!
1363;54;51-100;3205926.0;text;;[];False;False;79f1679e48f8423e;[];semalam hujan gede banget sampe kosan gw mati lampu semaleman gila
1364;54;11-50;3205944.0;text;;[];True;False;917ffdf452fec813;[];tadi ngomong apa sih dosennya?
1365;54;1-10;3205954.0;text;;[];False;False;58ae85b7e2ff8ac9;[];kuy
1366;54;11-50;3205959.0;text;;[];False;False;79f1679e48f8423e;[];series itu endingnya zonk bgt
1367;54;11-50;3205974.0;text;;['😃'];False;True;bf82c9c517fdc67a;[];stresssss berat gw samaaa tugas!
1368;54;11-50;3205974.0;text;;[];False;False;79f1679e48f8423e;[];futsal besok jadi ga
1369;54;1-10;3205980.0;text;;[];False;False;917ffdf452fec813;[];btw
1370;54;1-10;3205991.0;text;;[];False;False;917ffdf452fec813;[];oot
1371;54;51-100;3205999.0;text;;['🤣'];False;True;bf82c9c517fdc67a;[];sedih bangett gw harus pisahh sama temen kossss gw yang udahhhh pindah!
1372;54;11-50;3206030.0;text;;[];False;False;79f1679e48f8423e;[];podcast yg lu rekomen mana
1373;54;11-50;3206732.0;text;;['🤣'];True;False;bf82c9c517fdc67a;[];bookinggg duluan apaaaa langsung aja?
1374;54;11-50;3206898.0;text;;[];False;False;79f1679e48f8423e;[];gw abis lari pagi tadi
1375;54;11-50;3206928.0;text;;[];False;False;bf82c9c517fdc67a;[];gw abis lariiii pagiiii tadii
1376;54;11-50;3207466.0;text;;[];False;False;917ffdf452fec813;[];gw lagi baca novel baru nih
1377;54;11-50;3208371.0;text;;[];True;False;093afc7b396c4aa4;[];masih bangun ga lu jam segini!!!
1378;54;11-50;3208380.0;text;;[];False;False;79f1679e48f8423e;[];gw abis lari pagi tadi
1379;54;51-100;3217410.0;text;;[];True;False;bf82c9c517fdc67a;[];kiraaaa kira kalo gw apply magang sekarang masihh keburu ga ya?
1380;54;1-10;3217508.0;text;;[];False;False;79f1679e48f8423e;[];btw
1381;54;11-50;3217529.0;text;;[];False;False;87fe972586c55829;[];gym hari ni... skip deh
1382;54;11-50;3218675.0;text;;[];True;False;58ae85b7e2ff8ac9;[];msh bangun ga lu jam segin?i
1383;54;1-10;3218701.0;text;;[];False;False;bf82c9c517fdc67a;[];zonk
1384;54;11-50;3218709.0;text;;[];False;False;bf82c9c517fdc67a;[];futsallll besok jadiii ga
1385;54;0;3218719.0;image/jpeg;;[];False;False;bf82c9c517fdc67a;[];[Foto]
1386;54;11-50;3218728.0;text;;[];False;False;bf82c9c517fdc67a;[];album baru dia enak bangett
1387;54;11-50;3218753.0;text;;[];False;True;58ae85b7e2ff8ac9;[];stress berat gw sm tugas!
1388;54;11-50;3218761.0;text;;[];False;False;bf82c9c517fdc67a;[];pertandingannn bola tadi malam gila
1389;54;1-10;3218777.0;text;;[];False;False;58ae85b7e2ff8ac9;[];jir
1390;54;11-50;3223324.0;text;;[];True;False;de034364b8eb3dd0;[];tadi ngomong apa sih dosennya!!
1391;54;0;3227651.0;image/jpeg;;[];False;False;ac4607085ba516fd;[];[Foto]
1392;54;0;3227655.0;image/jpeg;;[];False;False;ac4607085ba516fd;[];[Foto]
1393;54;0;3227656.0;image/jpeg;;[];False;False;ac4607085ba516fd;[];[Foto]
1394;54;0;3227657.0;image/jpeg;;[];False;False;ac4607085ba516fd;[];[Foto]
1395;54;0;3227657.0;image/jpeg;;[];False;False;ac4607085ba516fd;[];[Foto]
1396;54;0;3227660.0;image/jpeg;;[];False;False;ac4607085ba516fd;[];[Foto]
1397;54;0;3227661.0;image/jpeg;;[];False;False;ac4607085ba516fd;[];[Foto]
1398;54;11-50;3229418.0;text;;['💚'];False;True;240250ced91769e5;[];stress berat gw sama tugas!!!
1399;54;11-50;3229483.0;text;;[];False;False;d3c37841e2089cb6;[];series tu endingnya zonk bgt
1400;54;0;3229521.0;video/mp4;;[];False;False;79f1679e48f8423e;[];[Video]
1401;54;51-100;3229927.0;text;;['🎉', '😂'];False;False;26a750cee28c8c71;[];semalam hujan gede bgt sampe kosan gw mati... lampu semaleman gila
1402;54;11-50;3229971.0;text;;[];False;False;d3c37841e2089cb6;[];futsal besok jadi ga
1403;54;1-10;3231407.0;text;;[];True;False;ac4607085ba516fd;[];YA?
1404;54;1-10;3231408.0;text;;[];False;False;ac4607085ba516fd;[];JIR
1405;54;51-100;3232357.0;text;;[];False;False;032029f68042bfa5;[];dosennn killerrr itu ternyata baikkk bangettt orangnya kalo diajak ngobrol santaii
1406;54;11-50;3241659.0;text;;[];False;False;917ffdf452fec813;[];gym hari ini skip deh
1407;54;11-50;3241758.0;text;;[];False;False;58ae85b7e2ff8ac9;[];konser tu mahal bgt tiketnya
1408;54;11-50;3242548.0;text;;[];False;False;ac4607085ba516fd;[];BADMINTON YUK SORE INI
1409;54;1-10;3242551.0;text;;[];False;False;ac4607085ba516fd;[];ZONK
1410;54;51-100;3273148.0;text;;[];True;False;87fe972586c55829;[];kira kira kalo gw apply magang... skrg msh keburu ga ya?
1411;55;51-100;3310638.0;text;;[];False;False;ac4607085ba516fd;[];TADI DI KANTIN KETEMU ANAK ANGKATAN BAWAH YANG KENAL SAMA TEMEN SMA GW
1412;55;51-100;3313543.0;text;;[];False;False;79f1679e48f8423e;[];gw lagi bingung milih topik skripsi antara dua tema yang sama menariknya
1413;55;1-10;3313611.0;text;;[];False;False;f8e26c8525ed76f0;[];ayok
1414;55;11-50;3313789.0;text;;['😊'];False;True;721f4b478bcb55fc;[];capek banget hari ini!
1415;55;11-50;3314059.0;text;;[];False;False;58ae85b7e2ff8ac9;[];nnogkrong yuk di kafe biasa
1416;55;11-50;3314114.0;text;;[];True;False;240250ced91769e5;[];bayar berapa sih tadi!!
1417;55;11-50;3316052.0;text;;[];True;False;6f4c4e22b17b0ac1;[];bawa motor apa naik apa?
1418;55;51-100;3316218.0;text;;[];False;False;032029f68042bfa5;[];dompet gw ilang kemarinnnn di angkot tapi alhamdulillah adaaaa yanggg nemuinnn
1419;55;51-100;3317491.0;text;;[];False;True;240250ced91769e5;[];sumpah gw kaget banget pas tau nilai ujian gw ternyata bagus banget!!!
1420;55;51-100;3317524.0;text;;[];True;False;240250ced91769e5;[];ada yang tau kenapa kantin kampus tutup lebih awal hari ini ga sih!!
1421;55;11-50;3321587.0;text;;[];False;False;79f1679e48f8423e;[];porsi makan gw nambah terus
1422;56;11-50;3324541.0;text;;[];False;True;79f1679e48f8423e;[];capek banget hari ini!
1423;56;11-50;3329394.0;text;;[];False;True;58ae85b7e2ff8ac9;[];enak bgt makanannya!
1424;56;101-500;3329770.0;text;;[];False;False;6f4c4e22b17b0ac1;[];kemarin malem gw sm temen temen nongkrong di warkop biasa sampe jam... 12 malem. kita ngobrol banyak hal dr mulai... tugas kuliah, rencana liburan, sampe masalah percintaan. seru sih walau besoknya gw kesiangan... masuk kelas pagi... dan dosen negur... di... depan smua orang. malu... tp ya gmn lg
1425;56;11-50;3329821.0;text;;[];False;False;58ae85b7e2ff8ac9;[];masak sendiri lebhi hemat sih
1426;57;51-100;3363873.0;text;;[];True;False;e57d19579b01adcc;[];gimanaaaa caranya biarrrr bisa fokus belajar tanpaaaa main hp terusss ya?
1427;57;51-100;3382110.0;image/jpeg;;[];True;False;79f1679e48f8423e;[];[Foto]
1428;57;51-100;3382113.0;image/jpeg;;[];True;False;79f1679e48f8423e;[];[Foto]
1429;57;101-500;3382358.0;text;;[];False;False;b96c35176bdca401;[];gw baru aja beres,,, beresin kosan dan nemu,,, barang barang,,, lama dari,,, jaman sma.,,, ada,,, foto,,, kelas, surat,,, dari mantan, sama buku diary yang isinya cringe banget kalo dibaca sekarang. jadi nostalgia,,, sendiri inget masa masa,,, dulu yang lebih sederhana. kadang kangen juga sih,,, jadi anak,,, sma lagi tanpa mikirin skripsi,,,
1430;57;11-50;3382521.0;text;;[];False;True;240250ced91769e5;[];asik besok libur guys!!!
1431;57;11-50;3382523.0;text;;[];True;False;240250ced91769e5;[];ada yg mau bareng!!!
1432;57;0;3382611.0;unknown;;[];False;False;79f1679e48f8423e;[];[Media tidak dikenal]
1433;57;11-50;3382628.0;text;;[];True;False;79f1679e48f8423e;[];ada yg mau bareng?
1434;57;1-10;3382647.0;text;;[];False;True;240250ced91769e5;[];yay!!!
1435;57;1-10;3382649.0;text;;[];False;False;58ae85b7e2ff8ac9;[];yaa
1436;57;51-100;3390226.0;text;;[];True;False;240250ced91769e5;[];gimana caranya biar bisa fokus belajar tanpa main hp terus ya!!
1437;57;11-50;3390599.0;text;;[];True;False;58ae85b7e2ff8ac9;[];mkaan apa ntra sinag?
1438;57;1-10;3390783.0;text;;[];False;False;240250ced91769e5;[];ahh!!!
1439;57;11-50;3390798.0;text;;[];False;False;79f1679e48f8423e;[];bsk sore ada waktu ga
1440;57;11-50;3390995.0;text;;[];False;False;d3c37841e2089cb6;[];rame bgt disini cuy
1441;57;101-500;3391407.0;text;;[];False;False;26a750cee28c8c71;[];gw baru aja beres beresin kosan dan nemu barang... barang lama dr jaman sma. ad foto kelas, surat dr mantan,... sm buku diary yg isinya cringe bgt kalo... dibaca skrg. jadi nostalgia sendiri inget masa masa... dulu yg lebih sederhana. kadang kangen jg sih jadi anak sma lg... tanpa mikirin skripsi
1442;57;51-100;3391448.0;text;;[];False;False;26a750cee28c8c71;[];gw lg nyoba... masak rendang resep nyokap tp kayaknya gagal total deh...
1443;57;11-50;3391619.0;text;;[];False;False;26a750cee28c8c71;[];kita ketemuan dmn aja deh
1444;57;51-100;3391927.0;text;;[];True;False;b96c35176bdca401;[];gimana caranya biar bisa,,, fokus belajar,,, tanpa main,,, hp terus ya?
1445;57;11-50;3392038.0;text;;[];False;False;26a750cee28c8c71;[];gw lg di warkop nih
1446;57;11-50;3392091.0;text;;[];False;False;b96c35176bdca401;[];jangan lupa bawa duit,,, cash
1447;57;51-100;3392140.0;text;;[];True;False;b96c35176bdca401;[];gimana caranya biar bisa fokus belajar tanpa main hp,,, terus ya?
1448;57;101-500;3392173.0;text;;[];False;False;240250ced91769e5;[];gw baru aja beres beresin kosan dan nemu barang barang lama dari jaman SMA. ada foto kelas, surat dari mantan, sama buku diary yang isinya cringe banget kalo dibaca sekarang. jadi nostalgia sendiri inget masa masa dulu yang lebih sederhana. kadang kangen juga sih jadi anak SMA lagi tanpa mikirin skripsi!!!
1449;57;11-50;3392232.0;text;;[];False;False;79f1679e48f8423e;[];gw lagi di warkop nih
1450;57;51-100;3392310.0;text;;[];False;False;eab9c5046b166684;[];Temen sekamar gw pindah kosan jadi sekarang gw sendirian di kamar.
1451;57;51-100;3392349.0;text;;[];False;False;26a750cee28c8c71;[];gw hrs nabung lebih banyak sih buat bayar uang semester yg naik
1452;57;51-100;3392908.0;image/jpeg;;[];False;False;240250ced91769e5;[];[Foto]
1453;57;11-50;3393182.0;text;;[];False;True;ac4607085ba516fd;[];GW SENENG BANGET DAPET A!
1454;57;0;3393216.0;video/mp4;;[];False;False;ac4607085ba516fd;[];[Video]
1455;57;51-100;3393245.0;image/jpeg;;[];False;False;79f1679e48f8423e;[];[Foto]
1456;57;101-500;3394175.0;text;;[];False;False;b96c35176bdca401;[];gw baru aja beres beresin kosan,,, dan nemu,,, barang barang lama dari jaman sma. ada foto,,, kelas, surat dari mantan, sama buku,,, diary yang isinya cringe banget kalo dibaca sekarang. jadi nostalgia sendiri inget masa masa,,, dulu yang lebih sederhana. kadang kangen juga sih jadi anak sma lagi tanpa mikirin skripsi,,,
1457;57;51-100;3394207.0;text;;[];False;False;b96c35176bdca401;[];gw lagi nyoba masak rendang resep nyokap tapi kayaknya gagal total deh,,,
1458;57;11-50;3394456.0;text;;[];False;False;26a750cee28c8c71;[];gw naik ojol aja deh
1459;57;11-50;3394558.0;text;;[];False;False;b96c35176bdca401;[];ketemuan di mall jam,,, 3 ya,,,
1460;57;101-500;3394588.0;text;;['🤣'];False;False;d135dc5156f3938f;[];gw baru aja beres beresin kosan dan nemu barang barang lama dr jaman sma. ad foto kelas, surat dr mantna, sm buku diary yg isinya cringe bgt klao dibaca skrg. jadi nostalgia sendiri inget masa masa dulu yg lebhi sederhana. kadang kangen jg sih jadi anak sma lg tanpa mikirin skripsi
1461;57;1-10;3394613.0;text;;[];False;False;26a750cee28c8c71;[];hoo
1462;57;1-10;3394692.0;text;;[];False;False;b96c35176bdca401;[];emm
1463;57;0;3394857.0;system;;[];False;False;8ca79bd486c44d4b;[];[Pesan sistem]
1464;57;11-50;3394860.0;text;;['🤗'];False;False;8ca79bd486c44d4b;[];bsk sore ada waktu ga
1465;57;11-50;3394892.0;text;;['😍'];False;False;ed15eaa8de474ecd;[];lu dimana sih lama banget
1466;57;11-50;3394905.0;text;;[];False;False;ed15eaa8de474ecd;[];jangan lupa bawa duit cash
1467;57;11-50;3394909.0;text;;[];True;False;c1222dade0e51982;[];ad yg mau bareng?
1468;57;11-50;3394914.0;text;;[];False;False;ed15eaa8de474ecd;[];lu dimana sih lama banget
1469;57;1-10;3394916.0;text;;[];False;False;ed15eaa8de474ecd;[];kok
1470;57;1-10;3394917.0;text;;['🦠'];True;False;79f1679e48f8423e;[];mau?
1471;57;1-10;3394924.0;text;;['💪'];False;True;c1222dade0e51982;[];aduh!
1472;57;11-50;3394940.0;text;;[];False;False;ed15eaa8de474ecd;[];gw nyari parkir dulu bentar
1473;57;11-50;3394946.0;text;;['🤣'];False;False;ed15eaa8de474ecd;[];jangan lupa bawa duit cash
1474;57;11-50;3394961.0;text;;['🥺'];False;False;ed15eaa8de474ecd;[];bsk sore ada waktu ga
1475;57;101-500;3395011.0;text;;[];False;False;ed15eaa8de474ecd;[];gw baru aja beres beresin kosan dan nemu barang barang lama dari jaman SMA. ada foto kelas, surat dari mantan, sama buku diary yang isinya cringe banget kalo dibaca sekarang. jadi nostalgia sendiri inget masa masa dulu yang lebih sederhana. kadang kangen juga sih jadi anak SMA lagi tanpa mikirin skripsi
1476;57;11-50;3395117.0;text;;[];True;False;917ffdf452fec813;[];wifi password nya apa sih?
1477;57;1-10;3395152.0;text;;[];False;False;ed15eaa8de474ecd;[];hoo
1478;57;1-10;3395161.0;text;;[];False;False;ed15eaa8de474ecd;[];emm
1479;57;11-50;3395264.0;text;;['😊'];False;True;ac4607085ba516fd;[];ASIK BESOK LIBUR GUYS!
1480;57;51-100;3395272.0;text;;[];True;False;ed15eaa8de474ecd;[];gimana caranya biar bisa fokus belajar tanpa main hp terus ya?
1481;57;11-50;3395280.0;text;;[];False;False;ed15eaa8de474ecd;[];gw lagi di warkop nih
1482;57;11-50;3395295.0;text;;['😊'];False;True;ac4607085ba516fd;[];GW SENENG BANGET DAPET A!
1483;57;51-100;3396363.0;text;;[];False;False;eab9c5046b166684;[];Temen sekamar gw pindah kosan jadi sekarang gw sendirian di kamar.
1484;57;11-50;3396706.0;text;;['😘'];False;False;7397f95ddabec5cf;[];bsk sore ada waktu ga
1485;57;11-50;3396832.0;text;;['🥺'];False;False;ed15eaa8de474ecd;[];gw ngga bisa ikut malem ini
1486;57;11-50;3397122.0;text;;[];False;False;26a750cee28c8c71;[];ketemuan di mall jam 3 ya
1487;57;51-100;3397504.0;text;;[];False;False;7827349a58fdc6b4;[];gw hrs nabung lebih banyak sih baut bayar uang semester yg naik
1488;57;0;3397523.0;system;;[];False;False;136031845f401512;[];[Pesan sistem]
1489;57;51-100;3397871.0;text;;[];False;False;b96c35176bdca401;[];gw harus nabung lebih banyak sih buat bayar uang semester yang naik,,,
1490;57;11-50;3398070.0;text;;[];False;False;e18e17680181d232;[];rame bgt disini cuy
1491;57;11-50;3398114.0;text;;['✌🏼'];False;False;093afc7b396c4aa4;[];gw ngga bisa ikut malem ini!!
1492;57;1-10;3398831.0;text;;['👌🏼'];False;False;b96c35176bdca401;[];ahh
1493;57;51-100;3398908.0;text;;[];False;False;d50d687e12b76bf0;[];gw hrs nabung lebih banyak sih buat bayar uang semseter yg naik
1494;57;11-50;3400743.0;text;;[];True;False;093afc7b396c4aa4;[];ada yg mau bareng!!!
1495;57;101-500;3402446.0;text;;[];False;False;539af9901e277a0d;[];gw baru aja... beres beresin kosan dan nemu... barang barang lama dr jaman sma. ad foto kelas, surat... dr mantan, sm buku diary yg isinya cringe bgt kalo... dibaca skrg. jadi nostalgia sendiri inget masa masa dulu yg lebih sederhana.... kadang kangen jg sih... jadi anak sma lg... tanpa mikirin skripsi
1496;57;0;3402720.0;image/jpeg;;[];False;False;26a750cee28c8c71;[];[Foto]
1497;57;11-50;3403117.0;text;;[];False;False;79f1679e48f8423e;[];gw lagi di warkop nih
1498;57;11-50;3413872.0;text;;[];True;False;de034364b8eb3dd0;[];makan apa ntar siang!!
1499;58;11-50;3451708.0;image/jpeg;;['💪🏼'];False;False;d3c37841e2089cb6;[];[Foto]
1500;58;11-50;3451710.0;image/jpeg;;['💪🏼'];False;False;d3c37841e2089cb6;[];[Foto]
1501;58;11-50;3451711.0;image/jpeg;;['💪🏼'];False;False;d3c37841e2089cb6;[];[Foto]
1502;58;0;3451734.0;sticker/webp;;[];False;False;d3c37841e2089cb6;[];[Stiker]
1503;59;0;3465838.0;image/jpeg;;[];False;False;0c13b967cd2c4542;[];[Foto]
1504;59;0;3465839.0;image/jpeg;;[];False;False;0c13b967cd2c4542;[];[Foto]
1505;59;0;3465840.0;image/jpeg;;[];False;False;0c13b967cd2c4542;[];[Foto]
1506;59;0;3465841.0;image/jpeg;;[];False;False;0c13b967cd2c4542;[];[Foto]
1507;59;0;3465842.0;image/jpeg;;[];False;False;0c13b967cd2c4542;[];[Foto]
1508;59;51-100;3466555.0;text;1507.0;['🙌🏼', '👏🏼'];False;False;6f4c4e22b17b0ac1;[];gw lg nyoba masak rendang resep nyokap tp kayaknya gagal... total deh...
1509;60;11-50;3571211.0;text;;[];True;False;0c13b967cd2c4542;[];lu pny kontak dia ga?...
1510;60;11-50;3571212.0;text;;[];True;False;0c13b967cd2c4542;[];besok libur bukan sih?...
1511;60;11-50;3571214.0;text;;[];True;False;0c13b967cd2c4542;[];lu pny kontak dia ga?
1512;60;1-10;3571236.0;text;;['🙋🏻\u200d♀️'];False;False;fe6ecd86b1e5536b;[];seep
1513;60;11-50;3571282.0;text;;[];True;False;0c13b967cd2c4542;[];msh buka ga warungnya?
1514;60;51-100;3571312.0;text;;['💃🏽'];False;False;032029f68042bfa5;[];gw seneng banget akhirnyaaaa bisa ketemuuuu temennn temenn lamaa setelah lamaa ga
1515;60;11-50;3571331.0;text;1510.0;[];False;True;fbff62b93c1ddab9;[];sumpah itu lucu parah!
1516;60;11-50;3571345.0;text;;['😜'];False;False;0c13b967cd2c4542;['032029f68042bfa5'];dompet gw ketinggalan di rumah
1517;60;11-50;3571381.0;text;;['😝'];False;True;b96c35176bdca401;[];makasih banget ya semuanya!
1518;60;11-50;3571414.0;text;;[];True;False;240250ced91769e5;[];bisa jemput gw ga!!!
1519;60;1-10;3571425.0;text;;[];False;False;b96c35176bdca401;[];yess
1520;60;11-50;3571444.0;text;;[];True;False;240250ced91769e5;[];masih buka ga warungnya!!!
1521;60;51-100;3571568.0;text;;['😉'];True;False;fbff62b93c1ddab9;[];lu percaya ga,,, sih,,, sama berita,,, yang lagi viral di twitter itu?
1522;60;11-50;3571581.0;text;;[];False;False;c1222dade0e51982;[];lu tim mana dukungnya
1523;60;11-50;3571626.0;text;;[];False;False;f1559a66844db6cf;[];gw lg sibuk bgt minggu ni
1524;60;11-50;3571787.0;text;;[];False;False;ac4607085ba516fd;[];NTAR GW KABARIN LAGI DEH
1525;60;11-50;3572021.0;text;;[];False;False;240250ced91769e5;[];hujan deres ga bawa payung!!
1526;61;11-50;3572862.0;text;;[];False;False;240250ced91769e5;[];badminton yuk sore ini!!!
1527;61;11-50;3572872.0;text;;[];False;False;240250ced91769e5;[];series itu endingnya zonk bgt!!
1528;61;11-50;3572883.0;text;;[];False;False;8ca79bd486c44d4b;[];gw lagi baca novel baru nih...
1529;61;11-50;3573025.0;text;;[];False;False;ed15eaa8de474ecd;[];gw abis lari pagi tadi
1530;61;11-50;3573213.0;text;;[];True;False;ed15eaa8de474ecd;[];ada sinyal ga disitu?
1531;61;11-50;3573613.0;text;;[];False;False;58ae85b7e2ff8ac9;[];podcast yg lu rekomen mana
1532;61;11-50;3573694.0;text;;[];True;False;240250ced91769e5;[];ada sinyal ga disitu!!!
1533;61;11-50;3573854.0;text;;[];False;False;fbff62b93c1ddab9;[];pertandingan bola tadi malam gila
1534;61;1-10;3574049.0;text;;[];False;False;240250ced91769e5;[];jir!!!
1535;61;11-50;3574092.0;text;;[];False;False;8ca79bd486c44d4b;[];pertandingan bola tadi malam gila
1536;61;11-50;3574111.0;text;;[];True;False;240250ced91769e5;[];booking duluan apa langsung aja!!!
1537;61;11-50;3574315.0;text;;[];False;False;fbff62b93c1ddab9;[];podcast yg lu rekomen mana
1538;61;11-50;3574332.0;text;;['🚗'];False;False;fbff62b93c1ddab9;[];game baru udah download belum
1539;61;11-50;3577406.0;text;;[];True;False;ed15eaa8de474ecd;[];masih bangun ga lu jam segini?
1540;61;1-10;3577821.0;text;;[];False;False;240250ced91769e5;[];kuy!!!
1541;61;1-10;3577823.0;text;;[];False;False;240250ced91769e5;[];zonk!!!
1542;61;11-50;3578234.0;text;;[];False;False;ed15eaa8de474ecd;[];podcast yg lu rekomen mana
1543;61;1-10;3578250.0;text;;[];False;False;fbff62b93c1ddab9;[];btw
1544;61;1-10;3578557.0;text;;[];False;False;240250ced91769e5;[];jir!!
1545;61;1-10;3578560.0;text;;[];True;False;240250ced91769e5;[];gitu!!!
1546;61;11-50;3578576.0;text;;[];False;False;fbff62b93c1ddab9;[];konser itu mahal banget tiketnya
1547;62;101-500;3585269.0;image/jpeg;;[];False;True;81af09304d01d08e;[];[Foto]
1548;62;0;3587494.0;system;;[];False;False;4f90da503e776553;[];[Pesan sistem]
1549;63;11-50;3613870.0;text;;[];False;False;abec316405b84971;[];lu tim mana dukungnya
1550;63;51-100;3618271.0;text;;['❤️'];False;False;81af09304d01d08e;[];laptop gw mulai lemot nih... kayaknya harus install... ulang atau... ganti RAM
1551;64;0;3629737.0;image/jpeg;;[];False;False;79f1679e48f8423e;[];[Foto]
1552;64;0;3629739.0;image/jpeg;;[];False;False;79f1679e48f8423e;[];[Foto]
1553;64;101-500;3630036.0;text;;[];True;False;26a750cee28c8c71;[];menurut kalian knp ya generasi kita tuh kayaknya lebih gampang... stres dan burnout dibanding generasi orang tua kita dulu? apa... krn tekanan sosmed atau emang tuntutan hidup yg makin tinggi... ya? gw penasaran aja sih soalnya temen temen gw banyak yg ngeluh hal yg... sm
1554;64;101-500;3630371.0;text;;[];True;False;8c4583f47f91d072;[];eh ada yang punya rekomendasi laptop budget 5 jutaan yang bagus buat kuliah dan ngoding ga? laptop gw yang sekarang udah mulai lemot dan sering ngehang kalo buka banyak tab. pengennya sih yang ringan buat dibawa ke kampus tapi tetep kenceng performanya, ada saran?
1555;64;11-50;3630414.0;text;;[];False;False;8c4583f47f91d072;[];Nongkrong yuk di kafe biasa.
1556;64;11-50;3632987.0;text;;[];False;False;f1559a66844db6cf;[];es teh manis satu ya bang
1557;64;51-100;3633043.0;text;;[];False;False;f1559a66844db6cf;[];gw udah download smua materi kuliah tp blm sempat baca sm sekali
1558;64;11-50;3633135.0;text;;[];False;False;8c4583f47f91d072;[];Masak sendiri lebih hemat sih.
1559;64;101-500;3634895.0;text;;['🙈'];False;False;fbff62b93c1ddab9;[];kemarin malem gw sama temen temen nongkrong di warkop biasa sampe jam 12 malem. kita,,, ngobrol banyak hal,,, dari mulai tugas kuliah, rencana liburan, sampe masalah percintaan. seru,,, sih walau besoknya gw kesiangan masuk kelas pagi dan dosen negur di depan semua orang. malu,,, tapi ya gimana lagi,,,
1560;64;51-100;3635526.0;text;1559.0;['😢'];False;False;8c4583f47f91d072;[];Gw udah download semua materi kuliah tapi belum sempat baca sama sekali.
1561;64;51-100;3638951.0;text;;[];False;False;abec316405b84971;[];gw lagi bingung milih,,, topik skripsi antara dua,,, tema yang sama menariknya,,,
1562;64;51-100;3639087.0;text;;[];False;False;ed15eaa8de474ecd;[];dompet gw ilang kemarin di angkot tapi alhamdulillah ada yang nemuin
1563;64;51-100;3639524.0;text;;[];True;False;8c4583f47f91d072;[];ada yang tau kenapa kantin kampus tutup lebih awal hari ini ga sih?
1564;64;11-50;3639606.0;text;;[];False;False;abec316405b84971;[];indomie telor udah cukup kok
1565;64;51-100;3639641.0;text;;[];False;False;abec316405b84971;[];gw udah download semua,,, materi kuliah tapi belum sempat baca sama sekali
1566;64;1-10;3639641.0;text;;['👍🏻'];False;False;8c4583f47f91d072;[];Woy.
1567;65;1-10;3643039.0;text;;[];True;False;8c4583f47f91d072;[];serius?
1568;65;51-100;3643073.0;text;;[];False;False;8c4583f47f91d072;[];Weekend ini gw mau staycation aja di kosan binge watching series baru.
1569;65;0;3643100.0;audio;;[];False;False;3751fa98ec8acbb5;[];[Voice Note]
1570;65;51-100;3643410.0;text;;[];False;False;3ba602286f4df36e;[];weekend ini gw mauuuu staycationnnn aja di kosan binge watching series baruuuu
1571;65;51-100;3643622.0;text;;[];False;False;c1084b7e5fa3ce87;[];weekend ni gw mau staycation aja di kosan binge watching series baru
1572;65;51-100;3643677.0;text;;[];False;False;8c4583f47f91d072;[];Gw udah download semua materi kuliah tapi belum sempat baca sama sekali.
1573;65;11-50;3650640.0;text;;[];False;False;d135dc5156f3938f;[];gw mau nyoba rsetoran baru
1574;65;11-50;3653601.0;text;;[];False;False;8c4583f47f91d072;[];Indomie telor udah cukup kok.
1575;65;51-100;3659025.0;text;;[];True;False;26a750cee28c8c71;[];ad yg tau knp kantin kampus tutup lebih awal hari ni ga... sih?
1576;65;51-100;3659487.0;text;;[];False;False;032029f68042bfa5;[];tadi di kantinnnn ketemu anak angkatan bawah yang kenal sama temennnn sma gw
1577;65;11-50;3660560.0;text;;[];True;False;539af9901e277a0d;[];bawa motor apa... naik apa?
1578;65;11-50;3660609.0;text;;[];True;False;539af9901e277a0d;[];bayar berapa sih tadi?
1579;65;51-100;3660615.0;text;;[];False;False;032029f68042bfa5;[];tadi di kantin ketemu anak angkatan bawahh yangg kenallll sama temen sma gw
1580;65;11-50;3660616.0;text;;[];False;False;539af9901e277a0d;[];indomie telor udah... cukup kok...
1581;65;1-10;3660628.0;text;;[];False;False;539af9901e277a0d;[];sis
1582;65;11-50;3660639.0;text;;[];False;False;032029f68042bfa5;[];bakso malangg itu bukaaa ga ya
1583;65;11-50;3660668.0;text;;[];False;False;04501b242a4ce89a;[];KOPI SUSU YG BIASA YA
1584;65;11-50;3661323.0;text;;[];False;False;d3c37841e2089cb6;[];porsi makan gw nambah terus
1585;65;11-50;3661341.0;text;;['👌🏻'];False;False;79f1679e48f8423e;[];gw mau pesen gofood dulu
1586;65;11-50;3661426.0;text;;[];False;False;f8e26c8525ed76f0;[];masak sendiri lebih hemat sih
1587;65;51-100;3661428.0;text;;[];False;True;bf82c9c517fdc67a;[];sumpah gw kaget bangettt pas tauu nilai ujian gw ternyata baguss banget!
1588;65;11-50;3661442.0;text;;[];False;False;d3c37841e2089cb6;[];masak sendiri lebih hemat sih
1589;65;11-50;3661447.0;text;;['🤟🏻'];False;True;bf82c9c517fdc67a;[];enak bangett makanannya!
1590;65;11-50;3661451.0;text;;['🤟🏻'];False;True;bf82c9c517fdc67a;[];capek banget harii ini!
1591;65;11-50;3661475.0;text;;['💪🏼'];False;False;d3c37841e2089cb6;[];gw mau pesen gofood dulu
1592;65;101-500;3661487.0;text;;['😊'];False;False;ac4607085ba516fd;[];KEMARIN MALEM GW SAMA TEMEN TEMEN NONGKRONG DI WARKOP BIASA SAMPE JAM 12 MALEM. KITA NGOBROL BANYAK HAL DARI MULAI TUGAS KULIAH, RENCANA LIBURAN, SAMPE MASALAH PERCINTAAN. SERU SIH WALAU BESOKNYA GW KESIANGAN MASUK KELAS PAGI DAN DOSEN NEGUR DI DEPAN SEMUA ORANG. MALU TAPI YA GIMANA LAGI
1593;65;51-100;3663197.0;text;;['🦄'];False;False;81af09304d01d08e;[];weekend ini gw mau staycation aja di kosan binge watching... series baru
1594;65;11-50;3663702.0;text;;['☺️'];False;False;59e18de0ab19dba6;[];porsi makan gw nambah terus
1595;65;11-50;3664952.0;text;;[];False;False;79f1679e48f8423e;[];masak sendiri lebih hemat sih
1596;65;101-500;3665276.0;text;;['🥳', '😃'];False;False;bf82c9c517fdc67a;[];kemarin malemmmm gw sama temenn temenn nongkrongg di warkoppp biasa sampee jam 12 malem. kita ngobrol banyakk hallll dari mulai tugas kuliah, rencana liburan, sampeee masalahhh percintaan. seru sihhh walauu besoknyaaa gw kesiangann masuk kelasss pagi dan dosenn negurr di depann semuaaa orang. malu tapi ya gimana lagi
1597;65;51-100;3667466.0;text;;['🥳'];False;True;721f4b478bcb55fc;[];sumpah gw kaget banget pas tau... nilai ujian gw ternyata... bagus banget!
1598;65;101-500;3672058.0;text;;['🤟🏻'];False;True;bf82c9c517fdc67a;[];gilaaaa sihh guyss tadi pas gw lagiiii di jalann tibaaaa tiba motorrr gw diserempet sama mobil yang belok tanpaaa sein! untungggg gw ga jatoh tapiii spion gw patah dan baretttt di bodii motor. orangnyaaaa langsung kabur lagiiii ga tanggung jawab! sumpah keselll bangettt gw sampe sekarang masihh gemetaran!
1599;65;11-50;3675828.0;text;;[];False;False;ac4607085ba516fd;[];MASAK SENDIRI LEBIH HEMAT SIH
1600;65;11-50;3675831.0;text;;[];True;False;ac4607085ba516fd;[];UDAH SAMPE BELOM?
1601;66;11-50;3690399.0;text;;[];True;False;b96c35176bdca401;[];gimana kabar lu,,, sekarang?
1602;66;11-50;3690441.0;text;;[];False;False;0c13b967cd2c4542;[];proposal skripsi gw ditolak
1603;66;11-50;3690471.0;text;;['😅'];True;False;b96c35176bdca401;[];ada yang punya catetan?
1604;66;0;3717699.0;image/jpeg;;[];False;False;79f1679e48f8423e;[];[Foto]
1605;67;51-100;3747481.0;text;;[];False;True;ac4607085ba516fd;[];SENENG BANGET GW DAPET TAWARAN MAGANG DI PERUSAHAAN IMPIAN GW!
1606;67;101-500;3747528.0;text;;['🙈'];False;True;abec316405b84971;[];temen temen gw,,, baru aja ngasih,,, surprise ulang,,, tahun yang paling berkesan dalam hidup gw! mereka diem diem booking tempat,,, makan favorit,,, gw dan,,, undang semua temen deket.,,, ada kue tart dan hadiah,,, yang gw pengen dari lama. gw,,, sampe nangis terharu sumpah ga nyangka mereka sebaik itu!
1607;67;11-50;3747567.0;text;;[];True;False;f8e26c8525ed76f0;[];kos lu dmn... sih tepatnya?
1608;67;11-50;3747616.0;text;;[];False;False;abec316405b84971;[];temenin gw dong besok
1609;67;101-500;3748288.0;text;;[];False;False;d3c37841e2089cb6;[];hari ni gw iseng nyoba bikin kopi pake metode v60 yg lg hype di kalangan anak anak kampus. beli alatnya lumayan mahal sih tp hasilnya emang beda dr kopi sachet biasa. kopinya lebih smooth dan ga terlalu pahit. kayaknya gw bakal ketagihan nih bikin kopi sendiri tiap pagi sebelum ke kampus
1610;67;51-100;3749258.0;text;;[];True;False;c1084b7e5fa3ce87;[];lu prnh coba belajar bareng di perpus kota ga, enak ga disana?
1611;67;11-50;3749377.0;text;;[];False;False;ac4607085ba516fd;[];GW GA PERCAYA SIH GOSIPNYA
1612;67;11-50;3749393.0;text;;[];False;False;ac4607085ba516fd;[];SI ITU UDAH PUTUS KATANYA
1613;67;11-50;3757120.0;text;;['💃🏻', '🕺🏻'];False;False;d3c37841e2089cb6;[];temenin gw dong besok
1614;67;11-50;3757681.0;text;;[];False;False;ac4607085ba516fd;[];EH DENGER GOSIP BELUM
1615;67;11-50;3757719.0;text;;[];False;False;d3c37841e2089cb6;[];temen gw sakit masuk rs
1616;67;11-50;3757750.0;text;;[];False;False;ac4607085ba516fd;[];TEMEN GW SAKIT MASUK RS
1617;67;11-50;3757756.0;text;;[];False;False;ac4607085ba516fd;[];GW KANGEN TEMEN TEMEN SMA
1618;67;11-50;3757775.0;text;;[];False;False;d3c37841e2089cb6;[];reuni kapan ya kita
1619;67;0;3757805.0;unknown;;[];False;False;d3c37841e2089cb6;[];[Media tidak dikenal]
1620;67;0;3757923.0;unknown;;[];False;False;d3c37841e2089cb6;[];[Media tidak dikenal]
1621;68;0;3758916.0;video/mp4;;[];False;False;d3c37841e2089cb6;[];[Video]
1622;68;11-50;3759076.0;text;;[];True;False;26a750cee28c8c71;[];bayar berapa sih tadi?...
1623;68;11-50;3760888.0;video/mp4;;[];False;False;7827349a58fdc6b4;[];[Video]
1624;68;11-50;3760893.0;video/mp4;;[];False;False;7827349a58fdc6b4;[];[Video]
1625;68;11-50;3760896.0;video/mp4;;[];False;False;7827349a58fdc6b4;[];[Video]
1626;68;0;3766144.0;unknown;;[];False;False;0b56961e0cc0a81b;[];[Media tidak dikenal]
1627;68;1-10;3766371.0;text;;[];False;False;ac4607085ba516fd;[];BENER
1628;68;11-50;3766379.0;text;;[];False;False;ac4607085ba516fd;[];INDOMIE TELOR UDAH CUKUP KOK
1629;68;11-50;3766394.0;text;;[];False;False;ac4607085ba516fd;[];GW LAGI DIET TAPI GAGAL MULU
1630;68;11-50;3766402.0;text;;[];False;False;ac4607085ba516fd;[];INDOMIE TELOR UDAH CUKUP KOK
1631;68;11-50;3766403.0;text;;[];False;False;ac4607085ba516fd;[];KOPI SUSU YG BIASA YA
1632;68;11-50;3766417.0;text;;[];False;False;ac4607085ba516fd;[];SARAPAN DULU BARU MIKIR
1633;68;0;3767300.0;image/jpeg;;[];False;False;f4064e0c91edb2af;[];[Foto]
1634;68;0;3767306.0;image/jpeg;;[];False;False;f4064e0c91edb2af;[];[Foto]
1635;68;0;3767344.0;image/jpeg;;[];False;False;7827349a58fdc6b4;[];[Foto]
1636;68;0;3767360.0;image/jpeg;;[];False;False;0b56961e0cc0a81b;[];[Foto]
1637;68;11-50;3776213.0;text;;[];False;True;721f4b478bcb55fc;[];enak banget makanannya!
1638;69;0;3788380.0;image/jpeg;;[];False;False;ac4607085ba516fd;[];[Foto]
1639;69;0;3788385.0;image/jpeg;;[];False;False;ac4607085ba516fd;[];[Foto]
1640;69;11-50;3788640.0;text;;[];False;True;87fe972586c55829;[];sumpah tu lucu parah!
1641;69;51-100;3788690.0;text;;['🙈'];False;True;abec316405b84971;[];stress level gw udah maximum nih sama tugas yang,,, numpuk kemana mana!,,,
1642;69;11-50;3789318.0;text;;[];False;True;0c13b967cd2c4542;['abec316405b84971'];makasih bgt ya semuanya!...
1643;69;101-500;3789451.0;text;;[];False;True;abec316405b84971;[];yesss gw akhirnya dapet nilai a di mata kuliah,,, yang paling gw takutin selama ini! padahal gw udah pasrah banget pas ujian,,, soalnya soalnya susah parah. ternyata tugas dan presentasi gw nilainya bagus jadi bisa nutupin,,, nilai ujian. alhamdulillah banget perjuangan ga,,, sia sia!
1644;69;101-500;3789502.0;text;;[];False;False;abec316405b84971;[];kemarin gw ikut kegiatan,,, bakti sosial yang diadain,,, sama bem fakultas. kita ke panti asuhan di pinggiran kota buat ngajar anak,,, anak dan bagi bagi sembako. seru banget sih dan bikin hati adem. anak anaknya lucu,,, lucu dan semangat banget belajar walau,,, fasilitas mereka terbatas. jadi pengen rutin kesana
1645;70;1-10;3810068.0;image/jpeg;;[];False;False;79f1679e48f8423e;[];[Foto]
1646;70;101-500;3810525.0;text;;[];True;False;79f1679e48f8423e;[];eh ada yang punya rekomendasi laptop budget 5 jutaan yang bagus buat kuliah dan ngoding ga? laptop gw yang sekarang udah mulai lemot dan sering ngehang kalo buka banyak tab. pengennya sih yang ringan buat dibawa ke kampus tapi tetep kenceng performanya, ada saran?
1647;70;101-500;3810531.0;text;;[];True;False;79f1679e48f8423e;[];menurut kalian kenapa ya generasi kita tuh kayaknya lebih gampang stres dan burnout dibanding generasi orang tua kita dulu? apa karena tekanan sosmed atau emang tuntutan hidup yang makin tinggi ya? gw penasaran aja sih soalnya temen temen gw banyak yang ngeluh hal yang sama
1648;70;11-50;3811336.0;text;;[];True;False;d3c37841e2089cb6;[];ad sinyal ga disitu?
1649;70;11-50;3812111.0;text;;[];False;False;0c13b967cd2c4542;[];album baru dia enak bgt
1650;70;11-50;3812202.0;text;;[];False;False;d3c37841e2089cb6;[];series tu endingnya zonk bgt
1651;70;11-50;3812421.0;text;;[];False;False;79f1679e48f8423e;[];series itu endingnya zonk bgt
1652;70;51-100;3821802.0;text;;['😊', '😉'];False;True;721f4b478bcb55fc;[];sedih banget gw harus... pisah sama temen kos gw yang udah pindah!
1653;70;51-100;3821833.0;text;;[];False;False;79f1679e48f8423e;[];dosen killer itu ternyata baik banget orangnya kalo diajak ngobrol santai
1654;70;11-50;3823858.0;text;;[];False;False;f8e26c8525ed76f0;[];album baru dia enak bgt
1655;70;51-100;3824265.0;text;;['🤣'];True;False;bf82c9c517fdc67a;[];kiraaaa kira kalo gw apply maganggg sekarang masih keburu ga ya?
1656;70;11-50;3824683.0;text;;[];False;False;79f1679e48f8423e;[];pertandingan bola tadi malam gila
1657;70;1-10;3824759.0;text;;['👍🏻'];False;False;bf82c9c517fdc67a;[];sans
1658;70;11-50;3824778.0;text;;[];True;False;bf82c9c517fdc67a;[];masihh bangun ga lu jammmm segini?
1659;70;11-50;3826347.0;text;;[];False;False;79f1679e48f8423e;[];gw lagi baca novel baru nih
1660;70;101-500;3826378.0;text;;[];False;False;79f1679e48f8423e;[];tadi siang gw makan di warung makan baru deket gerbang belakang kampus. nasi gorengnya lumayan enak dan harganya murah banget cuma 12 ribu udah sama es teh. kayaknya bakal jadi langganan baru deh soalnya warteg biasa gw udah mulai naik harga dan porsinya makin dikit aja
1661;70;11-50;3826433.0;text;;[];False;False;d3c37841e2089cb6;[];futsal besok jadi ga
1662;70;11-50;3826838.0;text;;[];False;True;721f4b478bcb55fc;[];stress berat gw... sama tugas!
1663;70;51-100;3827843.0;text;;[];False;False;f8e26c8525ed76f0;[];dosen killer tu... ternyata baik... bgt orangnya kalo diajak ngobrol... santai
1664;70;51-100;3828962.0;text;;[];False;True;721f4b478bcb55fc;[];sedih banget gw harus pisah sama temen kos... gw... yang udah pindah!
1665;70;0;3829095.0;image/jpeg;;[];False;False;d3c37841e2089cb6;[];[Foto]
1666;70;11-50;3831004.0;text;;[];False;False;0c13b967cd2c4542;[];manga terbaru udah keluar loh
1667;70;101-500;3831357.0;text;;['😉', '🙈'];True;False;721f4b478bcb55fc;[];guys ada yang tau ga sih kenapa sistem registrasi online kampus sering... banget error pas masa pengisian KRS? tiap semester... selalu... gitu bikin stres, mana harus rebutan mata kuliah yang kuotanya dikit banget lagi. apa emang servernya ga kuat ya... nampung banyak mahasiswa sekaligus?
1668;70;11-50;3831445.0;text;;['😂'];False;False;0c13b967cd2c4542;[];futsal besok jadi ga
1669;70;51-100;3839987.0;text;;[];False;False;79f1679e48f8423e;[];gw baru dapet info beasiswa buat semester depan mau coba daftar deh
1670;70;51-100;3839989.0;text;;[];False;False;79f1679e48f8423e;[];gw baru dapet info beasiswa buat semester depan mau coba daftar deh
1671;70;51-100;3839989.0;text;;[];False;False;79f1679e48f8423e;[];dosen killer itu ternyata baik banget orangnya kalo diajak ngobrol santai
1672;70;51-100;3839994.0;text;;[];False;False;79f1679e48f8423e;[];gw harus ganti strategi belajar sih soalnya nilai UTS kemarin jelek bgt
1673;70;51-100;3839994.0;text;;[];False;False;79f1679e48f8423e;[];gw harus ganti strategi belajar sih soalnya nilai UTS kemarin jelek bgt
1674;70;51-100;3839995.0;text;;[];False;False;79f1679e48f8423e;[];semalam hujan gede banget sampe kosan gw mati lampu semaleman gila
1675;70;11-50;3841168.0;text;;[];False;False;87fe972586c55829;[];manga terbaru udah keluar loh
1676;71;51-100;3895927.0;text;;[];True;True;f4064e0c91edb2af;[];eh lu udah dapet info jadwal ujian akhir semester belum dari prodi?
1677;71;11-50;3896398.0;text;;[];False;False;f1559a66844db6cf;[];perpus tutup jam berapa ya
1678;71;51-100;3896523.0;text;;[];False;False;f4064e0c91edb2af;[];gw denger katanya semester depan ada mata kuliah baru yang wajib diambil
1679;72;101-500;3926968.0;text;;['🤗'];False;True;6f4c4e22b17b0ac1;[];yesss gw akhirnya dapet nilai a di mata kuliah yg paling gw takutin selama ni!... padahal gw udah pasrah bgt... pas ujian soalnya soalnya... susah parah. ternyata... tugas dan presentasi gw nilainya... bagus jadi bs nutupin... nilai ujian. alhamdulillah... bgt perjuangan ga sia sia!
1680;72;51-100;3928188.0;text;;[];True;False;79f1679e48f8423e;[];menurut lu gw harus ambil mata kuliah pilihan yang mana semester depan?
1681;72;11-50;3928197.0;text;;[];False;False;79f1679e48f8423e;[];gw laper banget nih
1682;72;11-50;3928204.0;text;;[];False;False;79f1679e48f8423e;[];gw baru aja dari kampus
1683;72;11-50;3928561.0;text;;[];False;False;e18e17680181d232;[];warteg depan kampus enak
1684;72;11-50;3930739.0;text;;[];False;False;c1222dade0e51982;[];kleas tambahan hari satbu sih
1685;72;51-100;3932798.0;text;;[];False;False;ac4607085ba516fd;[];KOSAN GW BOCOR LAGI PAS HUJAN SEMALAM, KASUR GW BASAH SEMUA PARAH BANGET
1686;72;51-100;3932852.0;text;;[];False;False;093afc7b396c4aa4;[];gw lagi mikirin mau ambil magang di perusahaan mana buat semester depan!!
1687;72;51-100;3932978.0;text;;[];False;False;f4064e0c91edb2af;[];jangan lupa besok kumpul di lobby kampus jam 8 pagi buat berangkat bareng
1688;72;51-100;3932991.0;text;;[];False;False;f8e26c8525ed76f0;[];jangan lupa besok kumpul di lobby kampus jam 8 pagi buat berangkat bareng
1689;72;11-50;3932995.0;text;;['🤣'];False;False;093afc7b396c4aa4;[];mie ayam pak kumis juara sih!!
1690;72;0;3933145.0;sticker/webp;;[];False;False;f4064e0c91edb2af;[];[Stiker]
1691;72;51-100;3933146.0;text;;[];False;False;7827349a58fdc6b4;[];kemarin gw ke toko buku beli novel baru sm buku refreensi buat skirpsi
1692;72;0;3933196.0;sticker/webp;;[];False;False;093afc7b396c4aa4;[];[Stiker]
1693;72;101-500;3934129.0;text;;[];False;False;2a6d5f2541be27cc;[];gw lagi galau banget nih soal masa depan. mau lanjut S2 tapi duit ga ada, mau langsung kerja tapi pengalaman masih minim. nyokap bilang terserah gw aja tapi gw tau dia pengen gw cepet kerja biar bisa bantu ekonomi keluarga. bingung banget sih, kayak semua pilihan ada plus minusnya!!
1694;73;101-500;3965382.0;text;;[];False;False;721f4b478bcb55fc;[];rencana liburan semester ini gw mau road trip sama temen... temen ke... Jogja. kita udah patungan buat sewa mobil dan booking penginapan murah di daerah Malioboro. itinerary nya udah gw bikin detail dari... hari pertama sampe... hari ketiga. tinggal eksekusi... aja nih... semoga cuaca mendukung dan ga ada... halangan
1695;73;0;3967101.0;unknown;;[];False;False;032029f68042bfa5;[];[Media tidak dikenal]
1696;73;0;3970804.0;sticker/webp;;[];False;False;de034364b8eb3dd0;[];[Stiker]
1697;73;1-10;3972972.0;text;;['🤣'];False;False;032029f68042bfa5;[];gassss
1698;73;101-500;3972989.0;text;;[];False;False;79f1679e48f8423e;[];minggu lalu gw akhirnya beraniin diri buat ngomong sama dosen pembimbing soal progress skripsi yang mandek. ternyata beliau pengertian banget dan kasih banyak masukan yang berguna. gw nyesel ga ngomong dari awal soalnya selama ini gw cuma takut ditolak atau dimarahin padahal dosennya baik banget
1699;73;101-500;3973061.0;text;;['😅'];False;False;032029f68042bfa5;[];gw baruu selesaiiii nonton dokumenter tentanggg kehidupan nelayan di pesisirrr utara jawa. sedih banget liat perjuangan mereka yang harus melaut berharii harii cuma buat dapett ikan yang harganya ga seberapaaa di pasar. bikin gw makin bersyukurr sih sama kehidupann gw sekarang walau kadang ngeluh jugaa
1700;73;51-100;3973143.0;text;;[];False;False;79f1679e48f8423e;[];gw lagi dengerin podcast tentang psikologi, lumayan buat nambah wawasan
1701;73;51-100;3973230.0;text;;[];False;False;79f1679e48f8423e;[];laptop gw mulai lemot nih kayaknya harus install ulang atau ganti RAM
1702;74;101-500;3986387.0;text;;[];False;False;bf82c9c517fdc67a;[];hari ini gw iseng nyobaaaa bikin kopiiii pakeee metode v60 yanggg lagii hype di kalangan anak anak kampus. beliiii alatnyaa lumayan mahal sihhh tapiiii hasilnyaaaa emang beda dariii kopiiii sachett biasa. kopinya lebihh smooth dan ga terlaluu pahit. kayaknyaa gw bakalll ketagihannnn nih bikinnnn kopi sendiri tiap pagi sebelum ke kampus
1703;74;101-500;3987422.0;text;;[];False;False;fe6ecd86b1e5536b;[];hari ni gw iseng nyoba bikin kopi pake metode v60 yg lg hype di kalangan anak anak kampus. beli alatnya lumayan mahal sih tp hasilnya emang beda dr kopi sachet biasa. kopinya lebih smooth dan ga terlalu pahit. kayaknya gw bakal ketagihan nih bikin kopi sendiri tiap pagi sebelum ke kampus
1704;74;101-500;3988588.0;text;;[];False;False;fbff62b93c1ddab9;[];hari ini gw,,, iseng nyoba bikin kopi pake metode v60 yang lagi,,, hype di kalangan anak,,, anak kampus. beli alatnya lumayan mahal sih tapi,,, hasilnya emang beda dari kopi sachet biasa. kopinya lebih smooth dan ga,,, terlalu pahit. kayaknya gw,,, bakal ketagihan nih bikin kopi sendiri tiap pagi sebelum ke kampus
1705;74;101-500;3988611.0;text;;[];False;False;0b56961e0cc0a81b;[];hariiii ini gw iseng nyobaaa bikin kopiiii pake metode v60 yang lagi hypeeee di kalangan anak anak kampus. beliiii alatnyaaa lumayannn mahal sih tapi hasilnya emangggg beda dari kopi sachet biasa. kopinya lebih smooth dannn ga terlaluuuu pahit. kayaknyaa gw bakal ketagihan nih bikin kopi sendiri tiap pagi sebelum ke kampusss
1706;74;101-500;3988802.0;text;;[];False;False;8ca79bd486c44d4b;[];hari ini gw iseng... nyoba... bikin... kopi pake metode V60 yang lagi... hype di kalangan... anak anak kampus.... beli alatnya lumayan mahal sih tapi... hasilnya emang beda dari kopi sachet biasa. kopinya lebih smooth dan ga terlalu pahit. kayaknya... gw bakal ketagihan... nih bikin kopi... sendiri tiap pagi... sebelum ke kampus
1707;74;101-500;3989230.0;text;;['😋'];False;False;b96c35176bdca401;[];hari ini gw iseng,,, nyoba bikin kopi pake,,, metode v60 yang lagi,,, hype di kalangan anak anak kampus. beli alatnya lumayan mahal,,, sih tapi,,, hasilnya emang beda dari kopi sachet biasa. kopinya,,, lebih smooth dan ga,,, terlalu pahit. kayaknya gw bakal ketagihan nih bikin kopi sendiri,,, tiap pagi sebelum ke kampus
1708;74;101-500;3990167.0;text;;['🍻', '🍺'];False;False;d3c37841e2089cb6;[];hari ni gw iseng nyoba bikin kopi pake metode v60 yg lg hype di kalangan anak anak kampus. beli alatnya lumayan mahal sih tp hasilnya emang beda dr kopi sachet biasa. kopinya lebih smooth dan ga terlalu pahit. kayaknya gw bakal ketagihan nih bikin kopi sendiri tiap pagi sebelum ke kampus
1709;74;101-500;3990357.0;text;;['😅', '🫣'];True;False;c1084b7e5fa3ce87;[];eh ad yg pny rekomendasi laptop budget 5 jutaan yg bagus buat kuliah dan ngoding ga? laptop gw yg skrg udah mulai lemot dan sering ngehang kalo buka banyak tab. pengennya sih yg ringan buat dibawa ke kampus tp tetep kenceng performanya, ad saran?
1710;74;101-500;3990363.0;text;1708.0;[];False;False;79f1679e48f8423e;[];hari ini gw iseng nyoba bikin kopi pake metode V60 yang lagi hype di kalangan anak anak kampus. beli alatnya lumayan mahal sih tapi hasilnya emang beda dari kopi sachet biasa. kopinya lebih smooth dan ga terlalu pahit. kayaknya gw bakal ketagihan nih bikin kopi sendiri tiap pagi sebelum ke kampus
1711;74;11-50;3990391.0;text;;[];False;False;d3c37841e2089cb6;[];jangan bilang siapa siapa ya
1712;74;11-50;3990396.0;text;;[];False;False;d3c37841e2089cb6;[];gw ga percaya sih gosipnya
1713;74;101-500;3990522.0;text;;[];False;False;79f1679e48f8423e;[];hari ini gw iseng nyoba bikin kopi pake metode V60 yang lagi hype di kalangan anak anak kampus. beli alatnya lumayan mahal sih tapi hasilnya emang beda dari kopi sachet biasa. kopinya lebih smooth dan ga terlalu pahit. kayaknya gw bakal ketagihan nih bikin kopi sendiri tiap pagi sebelum ke kampus
1714;74;101-500;3990524.0;text;;[];False;False;79f1679e48f8423e;[];hari ini gw iseng nyoba bikin kopi pake metode V60 yang lagi hype di kalangan anak anak kampus. beli alatnya lumayan mahal sih tapi hasilnya emang beda dari kopi sachet biasa. kopinya lebih smooth dan ga terlalu pahit. kayaknya gw bakal ketagihan nih bikin kopi sendiri tiap pagi sebelum ke kampus
1715;74;11-50;3990710.0;text;;['😉'];False;False;093afc7b396c4aa4;[];diem diem ternyata jadian!!
1716;74;101-500;3991132.0;text;;['😋'];False;False;e17092221f4d7414;[];hari ini gw iseng nyoba bikin kopi pake metode v60 yang lagi hype di kalangan anak anak kampus. beli alatnya lumayan mahal sih tapi hasilnya emang beda dari kopi sachet biasa. kopinya lebih smooth dan ga terlalu pahit. kayaknya gw bakal ketagihan nih bikin kopi sendiri tiap pagi sebelum ke kampus
1717;74;51-100;3991147.0;text;;['🤦🏻\u200d♂'];False;False;d3c37841e2089cb6;[];gw baru aja dapet kabar kalo temen kita diterima kerja di luar negeri
1718;74;11-50;3991163.0;text;;[];False;False;79f1679e48f8423e;[];temen gw sakit masuk RS
1719;74;11-50;3991188.0;text;;[];False;False;d3c37841e2089cb6;[];gw ga percaya sih gosipnya
1720;74;11-50;3991213.0;text;;['🚶🏻\u200d♀️'];False;True;bf82c9c517fdc67a;[];sedih banget ceritanya!
1721;74;11-50;3991247.0;text;;[];False;False;79f1679e48f8423e;[];temen gw sakit masuk RS
1722;74;51-100;3991250.0;text;;[];False;False;7827349a58fdc6b4;[];wifi kosan gw lemto bgt jdai gw ke perpus aja buta ngerjain tugsa
1723;74;51-100;3991251.0;text;;[];False;False;7827349a58fdc6b4;[];hari ni gw ad rapat organisasi sampe sore jadi ga bs ikut nongkrong
1724;74;51-100;3991251.0;text;;[];False;False;7827349a58fdc6b4;[];hari ni gw ad rapat organisasi sampe sore jaid ga bs ikut nongkrong
1725;74;51-100;3991252.0;text;;[];False;False;7827349a58fdc6b4;[];lu hrs coba kedai kpoi brau di jlaan belakang kampus, eank bgt
1726;74;1-10;3991280.0;text;;[];False;False;87fe972586c55829;[];setuju
1727;74;1-10;3991282.0;text;1725.0;[];False;False;093afc7b396c4aa4;[];wkwkw!!
1728;74;11-50;3991306.0;text;1725.0;[];False;False;f4064e0c91edb2af;[];gw kangen temen temen SMA
1729;74;11-50;3991309.0;text;1725.0;[];False;False;f4064e0c91edb2af;[];eh denger gosip belum
1730;74;11-50;3991311.0;text;1725.0;[];False;False;f4064e0c91edb2af;[];si itu udah putus katanya
1731;74;11-50;3991321.0;text;;['😍'];False;False;0c13b967cd2c4542;[];gw kangen temen temen sma
1732;74;101-500;3991918.0;text;;[];False;False;0b56961e0cc0a81b;[];hari inii gw isengggg nyoba bikinnnn kopi pakeeee metodee v60 yang lagi hypee di kalangan anak anak kampus. beli alatnya lumayan mahal sih tapii hasilnyaaaa emang bedaa dari kopii sachet biasa. kopinyaaa lebih smooth dan ga terlalu pahit. kayaknya gw bakal ketagihan nih bikin kopi sendirii tiapp pagi sebelum ke kampusss
1733;74;101-500;3991919.0;text;;[];False;False;0b56961e0cc0a81b;[];hari ini gw iseng nyoba bikin kopiii pake metode v60 yang lagi hypeee di kalangan anak anak kampus. beliiii alatnyaaaa lumayannnn mahal sih tapi hasilnya emang beda dari kopi sachet biasa. kopinya lebih smoothh dan ga terlalu pahit. kayaknyaaa gw bakallll ketagihan nihh bikinn kopi sendiriii tiappp pagi sebelummmm ke kampuss
1734;74;101-500;3991922.0;text;;[];False;False;0b56961e0cc0a81b;[];hari ini gw iseng nyoba bikin kopi pake metodeee v60 yang lagiiii hype di kalangan anak anakkk kampus. beliii alatnya lumayan mahall sih tapiii hasilnya emang beda dari kopiii sachet biasa. kopinya lebih smooth dan ga terlalu pahit. kayaknya gw bakalll ketagihan nihh bikin kopi sendiri tiap pagi sebelum ke kampus
1735;74;51-100;3991999.0;text;;['👌🏻'];False;False;79f1679e48f8423e;['f8e26c8525ed76f0'];gw baru aja dapet kabar kalo temen kita diterima kerja di luar negeri
1736;74;11-50;3992009.0;text;;[];False;False;79f1679e48f8423e;[];gw berantem sama si anu
1737;74;11-50;3992045.0;text;;[];False;True;917ffdf452fec813;[];sedih banget ceritanya!
1738;74;101-500;3994472.0;text;;['🥰', '🤗', '😉'];False;True;721f4b478bcb55fc;[];YESSS gw akhirnya dapet nilai A di mata kuliah yang paling gw takutin selama ini! padahal gw udah pasrah banget pas... ujian soalnya soalnya... susah... parah. ternyata tugas... dan presentasi gw nilainya bagus jadi bisa... nutupin nilai ujian. alhamdulillah banget... perjuangan ga sia sia!
1739;74;11-50;3996000.0;text;1732.0;[];True;False;240250ced91769e5;[];kapan terakhir kali ketemu!!!
1740;74;51-100;3996104.0;text;;[];False;False;8c4583f47f91d072;[];Gw baru aja dapet kabar kalo temen kita diterima kerja di luar negeri.
1741;74;11-50;3996407.0;text;;[];True;False;79f1679e48f8423e;[];kapan terakhir kali ketemu?
1742;74;11-50;3996488.0;text;;[];False;False;8c4583f47f91d072;[];Angkot ke sana masih ada ga.
1743;74;1-10;3996759.0;text;;[];False;False;e18e17680181d232;[];dong
1744;74;51-100;3997149.0;text;;[];False;True;ac4607085ba516fd;[];SENENG BANGET GW DAPET TAWARAN MAGANG DI PERUSAHAAN IMPIAN GW!
1745;74;11-50;3997321.0;text;1732.0;[];False;False;ed15eaa8de474ecd;[];eh denger gosip belum
1746;74;51-100;3997718.0;text;;[];False;False;87fe972586c55829;[];hari ni gw... ad rapat... organisasi sampe sore... jadi ga bs ikut nongkrong
1747;74;1-10;3997724.0;text;;[];False;False;87fe972586c55829;[];dong
1748;74;11-50;3997844.0;text;1746.0;[];False;False;f4064e0c91edb2af;[];eh denger gosip belum
1749;74;11-50;3999904.0;text;;[];False;False;87fe972586c55829;[];angkot ke sana msh... ad ga
1750;74;1-10;3999909.0;text;;[];False;False;87fe972586c55829;[];hihi
1751;74;0;4000217.0;system;;[];False;False;b5eb11d3699c8a3d;[];[Pesan sistem]
1752;74;51-100;4000367.0;text;;[];False;True;8ca79bd486c44d4b;[];seneng banget gw dapet tawaran magang di perusahaan impian gw!
1753;74;51-100;4005821.0;text;;[];False;False;c1084b7e5fa3ce87;[];gw pengen bgt liburan ke pantai tp duit lg tipis bgt skrg
1754;74;101-500;4006182.0;text;;['😋'];False;False;dc93c22939b11818;[];hari ini gw iseng nyoba bikin,,, kopi pake,,, metode v60 yang lagi hype di kalangan anak anak kampus. beli alatnya lumayan mahal sih tapi hasilnya emang,,, beda dari kopi sachet,,, biasa. kopinya,,, lebih smooth dan ga,,, terlalu pahit. kayaknya gw,,, bakal ketagihan nih bikin kopi sendiri tiap pagi,,, sebelum ke kampus
1755;74;101-500;4007634.0;text;;['👍🏻'];True;False;0b56961e0cc0a81b;[];guyss adaaaa yang tauu ga sih kenapa sistem registrasii onlinee kampus sering bangetttt error pas masa pengisian krs? tiappp semester selalu gitu bikin stres, mana harus rebutann mataa kuliah yang kuotanyaaaa dikit bangetttt lagi. apa emang servernya ga kuatttt ya nampunggg banyakk mahasiswaa sekaligus?
1756;74;101-500;4007634.0;text;;['👍🏻'];True;False;0b56961e0cc0a81b;[];eh adaaaa yang punyaaa rekomendasi laptoppp budget 5 jutaan yang bagus buat kuliahh dan ngoding ga? laptop gw yang sekarang udahhh mulai lemot dannn seringg ngehang kalo buka banyakkkk tab. pengennya sih yanggg ringan buat dibawa ke kampus tapiiii tetep kenceng performanya, ada saran?
1757;74;101-500;4007634.0;text;;['👍🏻'];True;False;0b56961e0cc0a81b;[];guyssss adaaaa yang tauu ga sih kenapa sistem registrasii online kampus seringgg banget error pas masa pengisiann krs? tiap semester selalu gituuu bikinnn stres, manaaaa harus rebutannnn mataaaa kuliah yang kuotanya dikit bangetttt lagi. apa emang servernya ga kuat ya nampungggg banyak mahasiswa sekaligus?
1758;74;101-500;4007636.0;text;;['👍🏻'];True;False;0b56961e0cc0a81b;[];eh ada yangg punya rekomendasi laptop budget 5 jutaannnn yang bagus buat kuliah dan ngoding ga? laptoppp gw yang sekarang udah mulai lemot dannnn seringgg ngehang kalo bukaaaa banyakk tab. pengennya sih yang ringan buat dibawa ke kampus tapiiii tetep kencengg performanya, ada saran?
1759;74;101-500;4007637.0;text;;['👍🏻'];True;False;0b56961e0cc0a81b;[];eh ada yang punya rekomendasi laptop budget 5 jutaan yang bagus buat kuliahhhh dan ngoding ga? laptopp gw yang sekarang udah mulai lemot dan seringgg ngehangg kalo bukaa banyakk tab. pengennyaaaa sihhh yang ringannn buat dibawaaaa ke kampusss tapi tetepppp kenceng performanya, ada saran?
1760;74;101-500;4007637.0;text;;['👍🏻'];True;False;0b56961e0cc0a81b;[];menurut kalian kenapa ya generasiii kita tuh kayaknya lebihhhh gampang stres dan burnout dibanding generasi orang tua kitaaa dulu? apaaaa karena tekanan sosmeddd atau emanggg tuntutannn hidup yang makin tinggi ya? gw penasaran aja sih soalnyaaaa temen temen gw banyak yang ngeluh hal yang samaaaa
1761;74;11-50;4007693.0;text;;[];True;False;0b56961e0cc0a81b;[];kos lu dimana sih tepatnya?
1762;74;11-50;4007693.0;text;;[];True;False;0b56961e0cc0a81b;[];pinjammmm catetann boleh ga?
1763;74;11-50;4007694.0;text;;[];True;False;0b56961e0cc0a81b;[];kosss lu dimanaaa sih tepatnya?
1764;74;11-50;4007695.0;text;;[];True;False;0b56961e0cc0a81b;[];pinjam catetann bolehhhh ga?
1765;74;11-50;4007696.0;text;;[];True;False;0b56961e0cc0a81b;[];jadwalll sidang kapan bro?
1766;74;11-50;4007699.0;text;;[];True;False;0b56961e0cc0a81b;[];pinjammmm catetan boleh ga?
1767;74;11-50;4007700.0;text;;[];True;False;0b56961e0cc0a81b;[];jadwal sidang kapannnn bro?
1768;74;51-100;4010902.0;text;;[];False;False;f8e26c8525ed76f0;[];hari ni gw ad rapat organisasi sampe sore... jadi ga bs ikut... nongkrong
1769;74;11-50;4010904.0;text;;[];False;False;f8e26c8525ed76f0;[];diem diem ternyata jadian
1770;74;51-100;4011092.0;text;;[];True;False;ac4607085ba516fd;[];LU PERNAH COBA BELAJAR BARENG DI PERPUS KOTA GA, ENAK GA DISANA?
1771;74;1-10;4011094.0;text;;['🤧'];False;False;ac4607085ba516fd;[];UDAH
1772;74;11-50;4011300.0;text;;['☝🏻'];False;False;bf82c9c517fdc67a;[];eh dengerr gosip belum
1773;74;0;4014143.0;image/jpeg;;[];False;False;79f1679e48f8423e;[];[Foto]
1774;74;11-50;4014145.0;text;;[];False;False;79f1679e48f8423e;[];gw berantem sama si anu
1775;74;11-50;4014150.0;text;;[];False;False;79f1679e48f8423e;[];reuni kapan ya kita
1776;74;11-50;4014967.0;text;;['🥺'];False;False;ed15eaa8de474ecd;[];jangan bilang siapa siapa ya
1777;74;11-50;4015586.0;text;;[];False;True;0b56961e0cc0a81b;[];sedih banget ceritanya!
1778;74;11-50;4015591.0;text;1759.0;['😬'];False;False;6f4c4e22b17b0ac1;[];reuni kapan ya kita...
1779;74;0;4015593.0;unknown;;[];False;False;79f1679e48f8423e;[];[Media tidak dikenal]
1780;74;11-50;4015616.0;text;;[];False;True;ed15eaa8de474ecd;[];gw kaget pas denger itu!
1781;74;51-100;4018946.0;text;1759.0;[];False;False;0b56961e0cc0a81b;[];gw baruuu ajaaaa dapet kabar kalo temennnn kita diterima kerjaa di luarr negeri
1782;74;51-100;4019005.0;text;;[];False;False;0b56961e0cc0a81b;['8ca79bd486c44d4b', 'c1084b7e5fa3ce87'];gw baruuu aja dapett kabar kalo temen kita diterimaa kerja di luarr negeri
1783;74;11-50;4019039.0;text;;[];False;False;7827349a58fdc6b4;[];eh denger gosip blm
1784;74;11-50;4019059.0;text;;[];False;False;7827349a58fdc6b4;[];temenin gw dong besok
1785;74;51-100;4019144.0;text;;[];False;False;0b56961e0cc0a81b;[];hari ini gw adaaa rapat organisasiiii sampe sore jadi ga bisa ikutt nongkrong
1786;74;11-50;4019550.0;text;1782.0;[];False;False;ed15eaa8de474ecd;[];jangan bilang siapa siapa ya
1787;74;11-50;4020523.0;text;1782.0;[];True;False;6f4c4e22b17b0ac1;[];jadwal sidang kapan bro?
1788;75;11-50;4055074.0;text;;[];False;False;87fe972586c55829;[];kita ketemuan dmn aja deh
1789;75;11-50;4055078.0;text;;[];True;False;87fe972586c55829;[];nilai keluar kapan ya?
1790;75;11-50;4055485.0;text;1789.0;[];False;False;8c4583f47f91d072;[];Macet parah di jalan tol.
1791;75;51-100;4055569.0;text;;[];False;False;87fe972586c55829;[];gw hrs nabung lebih... banyak sih buat bayar uang semester yg naik
1792;75;11-50;4056102.0;text;;[];True;False;de034364b8eb3dd0;[];makan apa ntar siang!!
1793;75;11-50;4056107.0;text;;[];False;False;de034364b8eb3dd0;[];gw nyari parkir dulu bentar!!
1794;75;1-10;4056113.0;text;;[];False;False;de034364b8eb3dd0;[];deh!!
1795;75;51-100;4056344.0;text;;[];False;True;8ca79bd486c44d4b;[];parah banget macetnya tadi di... jalan, gw sampe telat 1... jam ke kampus!
1796;75;101-500;4056548.0;text;;[];False;False;8c4583f47f91d072;[];Gw baru aja beres beresin kosan dan nemu barang barang lama dari jaman SMA. ada foto kelas, surat dari mantan, sama buku diary yang isinya cringe banget kalo dibaca sekarang. jadi nostalgia sendiri inget masa masa dulu yang lebih sederhana. kadang kangen juga sih jadi anak SMA lagi tanpa mikirin skripsi.
1797;75;1-10;4056572.0;text;;[];False;False;87fe972586c55829;[];ahh
1798;75;1-10;4056933.0;text;;[];False;True;de034364b8eb3dd0;[];yay!!
1799;75;51-100;4057912.0;text;;[];False;False;eab9c5046b166684;[];Kemarin malem gw begadang nonton bola sampe subuh terus ketiduran.
1800;75;11-50;4058086.0;text;;['👌🏻'];False;False;0b56961e0cc0a81b;[];gw naikkk ojolll aja deh
1801;75;11-50;4058118.0;text;;[];False;False;0b56961e0cc0a81b;[];ketemuan di mall jammmm 3 ya
1802;75;11-50;4058135.0;text;;[];True;False;0b56961e0cc0a81b;[];ada yg mau bareng?
1803;75;51-100;4058165.0;text;;[];False;False;87fe972586c55829;[];temen sekamar gw pindah kosan jadi skrg gw sendirian... di kamar
1804;75;11-50;4058183.0;text;;[];False;False;87fe972586c55829;[];gw naik ojol aja deh
1805;75;101-500;4058456.0;text;;['🙂'];True;False;8c4583f47f91d072;[];gw lagi bimbang nih antara mau ikut organisasi kampus atau fokus ke akademik aja. menurut kalian gimana sih, worth it ga sih ikut organisasi? soalnya gw denger banyak yang bilang bisa nambah soft skill tapi di sisi lain waktu buat belajar jadi berkurang kan, gimana pengalaman kalian?
1806;75;11-50;4059936.0;text;1801.0;['😅'];False;False;6f4c4e22b17b0ac1;[];rame bgt disini cuy
1807;75;101-500;4060301.0;text;;[];True;False;87fe972586c55829;[];menurut kalian knp ya generasi kita tuh kayaknya lebih gampang... stres dan burnout dibanding generasi... orang tua kita dulu? apa krn tekanan sosmed atau emang tuntutan hidup... yg... makin tinggi... ya? gw penasaran... aja sih... soalnya temen temen gw... banyak yg ngeluh... hal yg sm
1808;75;11-50;4060337.0;text;;[];False;True;0b56961e0cc0a81b;[];asik besokkkk libur guys!
1809;75;11-50;4060811.0;text;;[];False;False;79f1679e48f8423e;[];bsk sore ada waktu ga
1810;75;11-50;4060816.0;text;;[];False;False;79f1679e48f8423e;[];gw lagi di warkop nih
1811;75;11-50;4060834.0;text;;[];False;False;87fe972586c55829;[];gw naik ojol aja deh
1812;75;11-50;4060844.0;text;;[];False;False;87fe972586c55829;[];jangan lupa bawa duit cash
1813;75;51-100;4060897.0;text;;[];False;False;79f1679e48f8423e;[];motor gw mogok di tengah jalan tadi pagi jadi gw telat masuk kelas
1814;75;1-10;4060897.0;text;;[];False;False;093afc7b396c4aa4;[];woi!!
1815;75;11-50;4060898.0;text;;[];False;False;79f1679e48f8423e;[];kita ketemuan dimana aja deh
1816;75;11-50;4060906.0;text;;[];False;False;87fe972586c55829;[];ketemuan di mall... jam... 3 ya
1817;75;11-50;4060952.0;text;;[];False;False;8c4583f47f91d072;[];Macet parah di jalan tol.
1818;75;11-50;4061000.0;text;;[];False;False;093afc7b396c4aa4;[];macet parah di jalan tol!!
1819;75;0;4061023.0;unknown;;[];False;False;79f1679e48f8423e;[];[Media tidak dikenal]
1820;75;0;4061024.0;unknown;;[];False;False;8c4583f47f91d072;[];[Media tidak dikenal]
1821;75;11-50;4061385.0;text;;[];False;False;79f1679e48f8423e;[];ketemuan di mall jam 3 ya
1822;75;11-50;4061400.0;text;;[];False;False;87fe972586c55829;[];lu dmn sih lama bgt
1823;75;11-50;4061405.0;text;;[];False;False;87fe972586c55829;[];gw ngga bs... ikut malem ni
1824;75;11-50;4061752.0;text;;[];False;False;79f1679e48f8423e;[];gw ngga bisa ikut malem ini
1825;75;11-50;4061790.0;text;;[];False;False;79f1679e48f8423e;[];gw ngga bisa ikut malem ini
1826;75;1-10;4061849.0;text;;[];False;False;87fe972586c55829;[];yaa
1827;75;51-100;4062936.0;text;;[];False;True;240250ced91769e5;[];parah banget macetnya tadi di jalan, gw sampe telat 1 jam ke kampus!!
1828;76;0;4078028.0;image/jpeg;;[];False;False;0b56961e0cc0a81b;[];[Foto]
1829;76;0;4078029.0;image/jpeg;;[];False;False;0b56961e0cc0a81b;[];[Foto]
1830;76;0;4078032.0;image/jpeg;;[];False;False;0b56961e0cc0a81b;[];[Foto]
1831;76;0;4078033.0;image/jpeg;;[];False;False;0b56961e0cc0a81b;[];[Foto]
1832;76;0;4078692.0;image/jpeg;;[];False;False;8ca79bd486c44d4b;[];[Foto]
1833;76;0;4078698.0;image/jpeg;;[];False;False;8ca79bd486c44d4b;[];[Foto]
1834;76;0;4078699.0;image/jpeg;;[];False;False;8ca79bd486c44d4b;[];[Foto]
1835;76;0;4078845.0;image/jpeg;;[];False;False;8ca79bd486c44d4b;[];[Foto]
1836;76;1-10;4079718.0;text;;['👏🏽'];False;False;fbff62b93c1ddab9;[];oot
1837;76;101-500;4080513.0;text;;[];False;True;8c4583f47f91d072;[];temen temen gw baru aja ngasih surprise ulang tahun yang paling berkesan dalam hidup gw! mereka diem diem booking tempat makan favorit gw dan undang semua temen deket. ada kue tart dan hadiah yang gw pengen dari lama. gw sampe nangis terharu sumpah ga nyangka mereka sebaik itu!
1838;76;1-10;4082534.0;text;;['💚'];False;False;240250ced91769e5;[];kuy!!
1839;76;11-50;4085204.0;image/jpeg;;[];False;False;eab9c5046b166684;[];[Foto]
1840;76;11-50;4085206.0;image/jpeg;;[];False;False;eab9c5046b166684;[];[Foto]
1841;76;11-50;4085206.0;image/jpeg;;[];False;False;eab9c5046b166684;[];[Foto]
1842;76;11-50;4085207.0;image/jpeg;;[];False;False;eab9c5046b166684;[];[Foto]
1843;76;11-50;4085208.0;image/jpeg;;[];False;False;eab9c5046b166684;[];[Foto]
1844;76;11-50;4085208.0;image/jpeg;;[];False;False;eab9c5046b166684;[];[Foto]
1845;76;11-50;4085279.0;text;;['❤️'];False;True;7d3641406f8a3606;[];akhirnya kelar juga nih!
1846;76;11-50;4085311.0;text;;[];False;False;f4064e0c91edb2af;[];album baru dia enak banget
1847;76;1-10;4085312.0;text;;[];False;False;f4064e0c91edb2af;[];jir
1848;76;11-50;4085313.0;text;;[];False;False;f4064e0c91edb2af;[];series itu endingnya zonk bgt
1849;76;11-50;4085319.0;text;;[];False;False;f4064e0c91edb2af;[];series itu endingnya zonk bgt
1850;76;11-50;4085319.0;text;;[];False;False;f4064e0c91edb2af;[];konser itu mahal banget tiketnya
1851;76;1-10;4086774.0;text;1843.0;[];False;False;87fe972586c55829;[];zonk
1852;76;51-100;4089684.0;image/jpeg;;['🤔'];False;False;b96c35176bdca401;[];[Foto]
1853;76;51-100;4089686.0;image/jpeg;;['🤔'];False;False;b96c35176bdca401;[];[Foto]
1854;76;51-100;4089687.0;image/jpeg;;['🤔'];False;False;b96c35176bdca401;[];[Foto]
1855;76;51-100;4089690.0;image/jpeg;;['🤔'];False;False;b96c35176bdca401;[];[Foto]
1856;76;0;4089794.0;unknown;;[];False;False;f4064e0c91edb2af;[];[Media tidak dikenal]
1857;76;1-10;4089811.0;text;;['😱'];False;False;f4064e0c91edb2af;[];jir
1858;76;1-10;4089811.0;text;;[];False;False;f4064e0c91edb2af;[];njir
1859;76;11-50;4091341.0;application/pdf;;[];False;False;79f1679e48f8423e;[];[Dokumen PDF]
1860;76;11-50;4091342.0;application/pdf;;[];False;False;79f1679e48f8423e;[];[Dokumen PDF]
1861;76;11-50;4091343.0;application/pdf;;[];False;False;79f1679e48f8423e;[];[Dokumen PDF]
1862;76;11-50;4091475.0;text;;['😯'];False;True;b96c35176bdca401;[];akhirnya kelar juga nih!,,,
1863;76;11-50;4091501.0;text;;[];False;False;87fe972586c55829;[];pertandingan bola tadi malam gila...
1864;76;11-50;4091551.0;text;;[];False;False;d3c37841e2089cb6;[];album baru dia enak bgt
1865;76;11-50;4091596.0;text;;['🤣'];False;False;55afc0bc61329865;[];podcast yg lu rekomen mana
1866;76;11-50;4092229.0;text;;[];False;False;ed15eaa8de474ecd;[];podcast yg lu rekomen mana
1867;76;11-50;4092233.0;text;;[];False;False;ed15eaa8de474ecd;[];series itu endingnya zonk bgt
1868;76;1-10;4092270.0;text;;[];False;False;79f1679e48f8423e;[];hoki
1869;76;11-50;4092271.0;text;;[];False;True;bf82c9c517fdc67a;[];akhirnyaaaa kelarr juga nih!
1870;76;51-100;4092272.0;text;;[];False;False;79f1679e48f8423e;['ed15eaa8de474ecd'];gw gagal diet lagi soalnya tadi sore diajak makan bakso sama temen
1871;76;51-100;4092301.0;text;1868.0;['🤣'];False;False;ed15eaa8de474ecd;[];gw harus ganti strategi belajar sih soalnya nilai UTS kemarin jelek bgt
1872;76;51-100;4092306.0;text;1868.0;['🤣'];False;False;ed15eaa8de474ecd;[];dosen killer itu ternyata baik banget orangnya kalo diajak ngobrol santai
1873;76;0;4092311.0;video/mp4;;[];False;False;79f1679e48f8423e;[];[Video]
1874;76;11-50;4092318.0;text;;[];False;False;ed15eaa8de474ecd;[];badminton yuk sore ini
1875;76;11-50;4092320.0;text;;[];False;False;ed15eaa8de474ecd;[];pertandingan bola tadi malam gila
1876;76;101-500;4099666.0;text;;[];False;False;79f1679e48f8423e;[];tadi siang gw makan di warung makan baru deket gerbang belakang kampus. nasi gorengnya lumayan enak dan harganya murah banget cuma 12 ribu udah sama es teh. kayaknya bakal jadi langganan baru deh soalnya warteg biasa gw udah mulai naik harga dan porsinya makin dikit aja
1877;76;101-500;4099668.0;text;;[];False;False;79f1679e48f8423e;[];tadi siang gw makan di warung makan baru deket gerbang belakang kampus. nasi gorengnya lumayan enak dan harganya murah banget cuma 12 ribu udah sama es teh. kayaknya bakal jadi langganan baru deh soalnya warteg biasa gw udah mulai naik harga dan porsinya makin dikit aja
1878;76;101-500;4099668.0;text;;[];False;False;79f1679e48f8423e;[];tadi siang gw makan di warung makan baru deket gerbang belakang kampus. nasi gorengnya lumayan enak dan harganya murah banget cuma 12 ribu udah sama es teh. kayaknya bakal jadi langganan baru deh soalnya warteg biasa gw udah mulai naik harga dan porsinya makin dikit aja
1879;76;101-500;4099668.0;text;;[];False;False;79f1679e48f8423e;[];tadi siang gw makan di warung makan baru deket gerbang belakang kampus. nasi gorengnya lumayan enak dan harganya murah banget cuma 12 ribu udah sama es teh. kayaknya bakal jadi langganan baru deh soalnya warteg biasa gw udah mulai naik harga dan porsinya makin dikit aja
1880;76;101-500;4099670.0;text;;[];False;False;79f1679e48f8423e;[];tadi siang gw makan di warung makan baru deket gerbang belakang kampus. nasi gorengnya lumayan enak dan harganya murah banget cuma 12 ribu udah sama es teh. kayaknya bakal jadi langganan baru deh soalnya warteg biasa gw udah mulai naik harga dan porsinya makin dikit aja
1881;76;101-500;4099671.0;text;;[];False;False;79f1679e48f8423e;[];tadi siang gw makan di warung makan baru deket gerbang belakang kampus. nasi gorengnya lumayan enak dan harganya murah banget cuma 12 ribu udah sama es teh. kayaknya bakal jadi langganan baru deh soalnya warteg biasa gw udah mulai naik harga dan porsinya makin dikit aja
1882;77;0;4264862.0;system;;[];False;False;a2eb57ed92709c75;[];[Pesan sistem]
1883;77;11-50;4271268.0;text;;[];False;False;87fe972586c55829;[];konser tu mahal bgt tiketnya
1884;77;1-10;4271269.0;text;;[];True;False;87fe972586c55829;[];gitu?
1885;77;11-50;4273329.0;text;;[];False;False;b96c35176bdca401;[];game baru udah,,, download belum
1886;77;101-500;4273356.0;text;;[];False;False;b96c35176bdca401;[];tadi siang gw makan,,, di warung makan baru deket gerbang belakang kampus. nasi gorengnya lumayan enak dan harganya,,, murah banget cuma,,, 12 ribu udah,,, sama es teh. kayaknya bakal jadi langganan baru,,, deh soalnya,,, warteg biasa gw udah,,, mulai naik,,, harga dan porsinya makin,,, dikit aja,,,
1887;78;51-100;4326772.0;text;;[];False;False;87fe972586c55829;[];gw denger katanya semester depan ad mata kuliah baru yg wajib diambil...
1888;78;11-50;4326787.0;text;;[];False;False;87fe972586c55829;[];dosen gw galak bgt sih
1889;78;1-10;4326809.0;text;;[];False;False;87fe972586c55829;[];wkwk
1890;78;11-50;4326809.0;text;;[];True;False;abec316405b84971;[];jadi ketemuan ga hari,,, ini?
1891;78;11-50;4326827.0;text;;[];True;False;abec316405b84971;[];jadi ketemuan ga hari,,, ini?
1892;78;11-50;4326845.0;text;;[];False;False;87fe972586c55829;[];dosen gw galak bgt sih
1893;78;11-50;4328102.0;text;;[];False;False;abec316405b84971;[];lab komputer penuh terus
1894;78;11-50;4328298.0;text;;[];False;False;87fe972586c55829;[];gw skip kelas hari ni
1895;78;11-50;4328309.0;text;;[];False;False;87fe972586c55829;[];ipk gw turun semester ni
1896;78;11-50;4328347.0;text;;[];False;False;abec316405b84971;[];gw belom mulai,,, tugas
1897;78;1-10;4328431.0;text;;[];False;False;87fe972586c55829;[];iya
1898;78;11-50;4328438.0;text;;['🤣'];False;False;87fe972586c55829;[];gw lg ngerjain tugas nih
1899;78;11-50;4328445.0;text;;['🤣'];False;False;87fe972586c55829;[];ipk gw turun semester... ni
1900;78;11-50;4328539.0;text;;[];False;True;abec316405b84971;[];mantap banget hasilnya!
1901;78;11-50;4330134.0;text;;[];True;False;ed15eaa8de474ecd;[];lu dimana sekarang?
1902;78;11-50;4330141.0;text;;[];True;False;ed15eaa8de474ecd;[];jadi ketemuan ga hari ini?
1903;78;11-50;4330162.0;text;;[];False;False;87fe972586c55829;[];matkul ni susah... bgt
1904;78;11-50;4332404.0;text;;[];True;False;b96c35176bdca401;[];jadi ketemuan ga,,, hari,,, ini?
1905;78;1-10;4332429.0;text;;[];False;False;87fe972586c55829;[];wkwk
1906;78;1-10;4332434.0;text;;[];False;False;87fe972586c55829;[];gas
1907;78;11-50;4332437.0;text;;[];False;False;87fe972586c55829;[];tadi absen ga sih km
1908;78;1-10;4332547.0;text;;['👌🏼'];False;False;b96c35176bdca401;[];siap
1909;79;11-50;4347557.0;image/jpeg;;['🤤'];False;False;b96c35176bdca401;[];[Foto]
1910;79;51-100;4347955.0;text;;[];False;False;79f1679e48f8423e;[];gw lagi nyoba masak rendang resep nyokap tapi kayaknya gagal total deh
1911;79;11-50;4348382.0;text;;['🥴'];False;False;b96c35176bdca401;[];macet parah di jalan tol
1912;79;0;4348444.0;image/jpeg;;[];False;False;b96c35176bdca401;[];[Foto]
1913;79;1-10;4348468.0;text;;[];False;False;917ffdf452fec813;[];woi
1914;79;11-50;4349952.0;text;;[];False;False;f4064e0c91edb2af;[];ketemuan di mall jam 3 ya
1915;79;101-500;4351140.0;text;;[];False;False;abec316405b84971;[];gw baru,,, aja beres beresin kosan dan nemu barang barang lama dari jaman sma.,,, ada foto kelas, surat,,, dari mantan, sama buku diary yang isinya cringe banget,,, kalo dibaca sekarang. jadi nostalgia sendiri inget masa masa,,, dulu yang lebih sederhana. kadang kangen juga sih jadi anak sma lagi,,, tanpa mikirin skripsi
1916;79;101-500;4351737.0;text;;[];False;True;abec316405b84971;[];parah banget banjir di,,, daerah kosan,,, gw semalam sampai,,, air,,, masuk ke,,, kamar setinggi betis! barang barang gw banyak yang,,, kerendem termasuk buku kuliah dan sepatu. gw harus ngungsi ke kosan temen dan sekarang lagi bersihin semua barang. semoga ga ada yang rusak parah,,, sih!
1917;80;101-500;4408830.0;text;;[];False;False;87fe972586c55829;[];hari ni gw... iseng... nyoba... bikin kopi pake metode v60 yg lg hype di kalangan anak anak kampus. beli alatnya lumayan mahal sih tp hasilnya emang beda... dr kopi sachet biasa. kopinya... lebih smooth dan ga terlalu pahit. kayaknya... gw bakal ketagihan nih bikin kopi sendiri tiap pagi... sebelum ke kampus
1918;80;11-50;4408832.0;text;;[];False;False;87fe972586c55829;[];gw kangen temen... temen sma...
1919;80;0;4408889.0;unknown;;[];False;False;abec316405b84971;[];[Media tidak dikenal]
1920;80;11-50;4408908.0;text;;[];False;False;87fe972586c55829;[];jangan bilang siapa siapa ya
1921;80;11-50;4408914.0;text;;[];False;False;87fe972586c55829;[];angkot ke sana msh ad ga...
1922;80;0;4409002.0;unknown;;[];False;False;abec316405b84971;[];[Media tidak dikenal]
1923;80;11-50;4409062.0;text;;[];False;False;87fe972586c55829;[];diem diem ternyata jadian
1924;80;0;4409068.0;sticker/webp;;[];False;False;87fe972586c55829;[];[Stiker]
1925;80;0;4409164.0;unknown;;[];False;False;abec316405b84971;[];[Media tidak dikenal]
1926;81;101-500;4505878.0;text;;[];True;False;79f1679e48f8423e;[];guys ada yang tau ga sih kenapa sistem registrasi online kampus sering banget error pas masa pengisian KRS? tiap semester selalu gitu bikin stres, mana harus rebutan mata kuliah yang kuotanya dikit banget lagi. apa emang servernya ga kuat ya nampung banyak mahasiswa sekaligus?
1927;81;11-50;4505895.0;text;;[];False;False;79f1679e48f8423e;[];gw baru aja ketemu mantan
1928;81;101-500;4506232.0;text;;['😅'];False;True;240250ced91769e5;[];gila sih guys tadi pas gw lagi di jalan tiba tiba motor gw diserempet sama mobil yang belok tanpa sein! untung gw ga jatoh tapi spion gw patah dan baret di bodi motor. orangnya langsung kabur lagi ga tanggung jawab! sumpah kesel banget gw sampe sekarang masih gemetaran!!
1929;81;51-100;4506275.0;text;;[];False;False;79f1679e48f8423e;[];besok ada bazaar di kampus katanya banyak makanan murah, pada ikut ga
1930;81;0;4506440.0;unknown;;[];False;False;240250ced91769e5;[];[Media tidak dikenal]
1931;81;101-500;4506482.0;text;;[];False;True;240250ced91769e5;[];YESSS gw akhirnya dapet nilai A di mata kuliah yang paling gw takutin selama ini! padahal gw udah pasrah banget pas ujian soalnya soalnya susah parah. ternyata tugas dan presentasi gw nilainya bagus jadi bisa nutupin nilai ujian. alhamdulillah banget perjuangan ga sia sia!!!
1932;81;51-100;4507528.0;text;;['😅'];False;True;2a6d5f2541be27cc;[];ngakak parah tadi di kelas ada yang ketiduran pas dosen nerangin!!
1933;81;11-50;4507694.0;text;;[];False;True;58ae85b7e2ff8ac9;[];seru bgt tdai malem!
1934;81;51-100;4507742.0;text;;[];False;False;c1222dade0e51982;[];gw nonotn film dokumenter semalam tentang latu dan ika,n bagus bgt
1935;81;51-100;4508455.0;text;;[];False;False;e17092221f4d7414;[];gw nonton film dokumenter semalam tentang laut dan ikan, bagus banget
1936;81;11-50;4508600.0;text;;['🙋🏻\u200d♀️'];False;False;ac4607085ba516fd;[];FILM BARU DI BIOSKOP BAGUS GA
1937;81;11-50;4508972.0;text;;[];False;False;ac4607085ba516fd;[];ADEK GW MASUK SMA TAHUN INI
1938;81;11-50;4508975.0;text;;[];False;False;ac4607085ba516fd;[];PLAYLIST LO YANG MANA SIH
1939;81;51-100;4508990.0;text;;[];False;False;ac4607085ba516fd;[];BESOK ADA BAZAAR DI KAMPUS KATANYA BANYAK MAKANAN MURAH, PADA IKUT GA
1940;81;11-50;4508998.0;text;;[];False;False;ac4607085ba516fd;[];GW BARU AJA KETEMU MANTAN
1941;81;51-100;4509043.0;text;;[];False;False;ac4607085ba516fd;[];GW NONTON FILM DOKUMENTER SEMALAM TENTANG LAUT DAN IKAN, BAGUS BANGET
1942;81;11-50;4509054.0;text;;[];True;False;ac4607085ba516fd;[];SIAPA AJA YG DATENG?
1943;81;11-50;4509133.0;text;;[];False;True;de034364b8eb3dd0;[];seru banget tadi malem!!
1944;81;1-10;4509168.0;text;;[];False;False;e18e17680181d232;[];gitu
1945;81;1-10;4509180.0;text;;[];False;False;ac4607085ba516fd;[];GILA
1946;81;11-50;4509187.0;text;;[];False;False;ac4607085ba516fd;[];KELUARGA NGUMPUL LEBARAN NANTI
1947;81;51-100;4509238.0;text;;[];False;False;ac4607085ba516fd;[];BESOK ADA BAZAAR DI KAMPUS KATANYA BANYAK MAKANAN MURAH, PADA IKUT GA
1948;81;51-100;4509555.0;text;;[];False;False;eab9c5046b166684;[];Besok ada bazaar di kampus katanya banyak makanan murah, pada ikut ga.
1949;81;11-50;4514077.0;text;;[];False;True;0b56961e0cc0a81b;[];ngakak gw liat video itu!
1950;82;51-100;4595051.0;text;;['😊'];False;False;ac4607085ba516fd;[];GW LAGI BELAJAR MASAK SENDIRI BIAR GA JAJAN TERUS LUMAYAN HEMAT SOALNYA
1951;83;0;4666637.0;system;;[];False;False;f8e26c8525ed76f0;[];[Pesan sistem]
1952;83;0;4684542.0;system;;[];False;False;0c13b967cd2c4542;[];[Pesan sistem]
1953;83;11-50;4684564.0;text;;[];False;False;0c13b967cd2c4542;[];gw ngga bs ikut malem ni...
1954;83;0;4684598.0;image/jpeg;;[];False;False;0c13b967cd2c4542;[];[Foto]
1955;83;0;4684598.0;image/jpeg;;[];False;False;0c13b967cd2c4542;[];[Foto]
1956;83;11-50;4684609.0;text;;[];False;True;0c13b967cd2c4542;[];gw seneng bgt dapet a!
1957;83;101-500;4684725.0;text;;[];False;False;79f1679e48f8423e;[];gw baru aja beres beresin kosan dan nemu barang barang lama dari jaman SMA. ada foto kelas, surat dari mantan, sama buku diary yang isinya cringe banget kalo dibaca sekarang. jadi nostalgia sendiri inget masa masa dulu yang lebih sederhana. kadang kangen juga sih jadi anak SMA lagi tanpa mikirin skripsi
1958;83;51-100;4684766.0;text;;[];False;False;79f1679e48f8423e;[];temen sekamar gw pindah kosan jadi sekarang gw sendirian di kamar
1959;83;51-100;4684768.0;text;;[];False;False;79f1679e48f8423e;[];temen sekamar gw pindah kosan jadi sekarang gw sendirian di kamar
1960;83;11-50;4685901.0;text;;[];False;True;de034364b8eb3dd0;[];asik besok libur guys!!
1961;83;11-50;4686991.0;text;;[];False;True;ac4607085ba516fd;[];ASIK BESOK LIBUR GUYS!
1962;83;11-50;4687004.0;text;;[];False;False;ac4607085ba516fd;[];JANGAN LUPA BAWA DUIT CASH
1963;83;11-50;4687007.0;text;;['😊'];False;False;ac4607085ba516fd;[];JANGAN LUPA BAWA DUIT CASH
1964;83;11-50;4687010.0;text;;[];False;False;ac4607085ba516fd;[];LU DIMANA SIH LAMA BANGET
1965;83;11-50;4687017.0;text;;[];False;False;87fe972586c55829;[];rame bgt disini cuy
1966;84;51-100;4702101.0;text;;['🎤'];False;True;721f4b478bcb55fc;[];seneng banget gw dapet tawaran magang... di perusahaan impian... gw!
1967;84;101-500;4706904.0;text;;[];False;False;79f1679e48f8423e;[];hari ini gw iseng nyoba bikin kopi pake metode V60 yang lagi hype di kalangan anak anak kampus. beli alatnya lumayan mahal sih tapi hasilnya emang beda dari kopi sachet biasa. kopinya lebih smooth dan ga terlalu pahit. kayaknya gw bakal ketagihan nih bikin kopi sendiri tiap pagi sebelum ke kampus
1968;84;51-100;4706915.0;text;;[];False;False;79f1679e48f8423e;[];gw baru aja dapet kabar kalo temen kita diterima kerja di luar negeri
1969;84;101-500;4707134.0;text;;['😭', '🥺'];False;False;ed15eaa8de474ecd;[];hari ini gw iseng nyoba bikin kopi pake metode V60 yang lagi hype di kalangan anak anak kampus. beli alatnya lumayan mahal sih tapi hasilnya emang beda dari kopi sachet biasa. kopinya lebih smooth dan ga terlalu pahit. kayaknya gw bakal ketagihan nih bikin kopi sendiri tiap pagi sebelum ke kampus
1970;84;101-500;4708684.0;text;;[];False;False;f8e26c8525ed76f0;[];hari ni gw iseng nyoba bikin kopi pake metode v60 yg lg hype di kalangan... anak anak kampus. beli alatnya lumayan mahal sih tp... hasilnya... emang beda dr... kopi sachet... biasa. kopinya lebih smooth dan ga... terlalu pahit. kayaknya... gw bakal ketagihan nih bikin kopi sendiri tiap pagi... sebelum ke kampus
1971;84;101-500;4708829.0;text;;[];False;False;58ae85b7e2ff8ac9;[];hari ni gw iseng nyboa bikni kopi pake metode v60 yg lg hype di kalangan anak anak kampus. beli alatnya lumayan mahal sih tp hasilnya eamng beda dr kopi sachet bisaa. kopiyna lebih somoth dan ga terlalu pahit. kayaknya gw bakal ketagihan nih bikin kopi sendiri tiap pagi sebelum ke kampus
1972;84;101-500;4714717.0;text;;[];False;False;7827349a58fdc6b4;[];hari ni gw iseng nyoba bikin kopi pake metode v60 yg lg hype di kalangan aank anka kapmus. beli altanya lumayan mahal sih tp haslinya emang beda dr kopi sachet baisa. kopinya lebih smooth dan ga terlalu pahit. kaayknya gw bakal ketagihan nih bkiin koip sendiri tipa pagi sebelum ke kampus
1973;85;101-500;4753586.0;text;;[];False;False;dc93c22939b11818;[];minggu lalu gw akhirnya beraniin diri buat ngomong,,, sama dosen pembimbing soal,,, progress skripsi yang mandek.,,, ternyata beliau pengertian banget dan kasih banyak masukan yang berguna. gw,,, nyesel ga ngomong dari awal,,, soalnya selama ini gw cuma takut ditolak atau dimarahin padahal,,, dosennya baik banget
1974;85;51-100;4764504.0;text;;[];True;True;240250ced91769e5;[];mendingan naik kereta apa bus sih kalo mau ke bandung dari sini!!
1975;85;11-50;4764597.0;text;;[];False;False;ac4607085ba516fd;[];CHARGER HP GW RUSAK LAGI
1976;85;11-50;4764611.0;text;;[];False;False;ac4607085ba516fd;[];LU TIM MANA DUKUNGNYA
1977;85;101-500;4764628.0;text;;['🚗'];False;False;ac4607085ba516fd;[];GW LAGI BELAJAR CODING OTODIDAK DARI YOUTUBE BUAT NAMBAH SKILL. MULAI DARI HTML CSS DULU BARU PELAN PELAN KE JAVASCRIPT. LUMAYAN SUSAH SIH AWALNYA TAPI LAMA LAMA MULAI PAHAM JUGA. SIAPA TAU NANTI BISA BIKIN PORTFOLIO SENDIRI DAN DAPET KERJAAN FREELANCE BUAT NAMBAH UANG JAJAN SELAMA KULIAH
1978;85;101-500;4764671.0;text;;['🚗'];False;False;032029f68042bfa5;[];kemarinn gw ikut kegiatan baktii sosial yang diadain sama bemm fakultas. kita ke pantiiii asuhan di pinggirann kotaaa buat ngajar anak anak dan bagiii bagi sembako. seru banget sih dan bikinnn hatiiii adem. anakkkk anaknya lucu lucu dannn semangat bangett belajarr walau fasilitass merekaaaa terbatas. jadi pengennnn rutin kesana
1979;85;11-50;4764678.0;text;;['☺️'];False;False;032029f68042bfa5;[];gw mau tidur duluuu ya
1980;85;11-50;4764719.0;text;;[];False;False;032029f68042bfa5;[];cuacaaa hariii inii panass banget
1981;85;101-500;4764725.0;text;;[];False;False;58ae85b7e2ff8ac9;[];mingug laul gw akhirnya bearniin diri buat ngomong sm dsoen pebmimbing soal prgoress skripsi yg mande.k ternyata beliau pengertian bgt dan kasih banyak masukan yg berguna. gw nyesel ga ngomong dr awal soalnya selama ni gw cuma takut ditolka atau dimarahin padahal dosennya baik bgt
1982;85;51-100;4764975.0;text;;[];False;False;032029f68042bfa5;[];duitttt jajan gw abis padahal baruuu tanggal 15 harus ngirit banget nih
1983;85;101-500;4764990.0;text;;[];False;False;e17092221f4d7414;[];rencana liburan semester ini gw mau road trip sama temen temen ke jogja. kita udah patungan buat sewa mobil dan booking penginapan murah di daerah malioboro. itinerary nya udah gw bikin detail dari hari pertama sampe hari ketiga. tinggal eksekusi aja nih semoga cuaca mendukung dan ga ada halangan
1984;85;11-50;4764999.0;text;;[];True;False;e17092221f4d7414;[];besok libur bukan sih?
1985;85;11-50;4766074.0;text;;[];False;False;79f1679e48f8423e;[];cuaca hari ini panas banget
1986;85;11-50;4766093.0;text;;[];False;False;79f1679e48f8423e;[];gw lg sibuk bgt minggu ini
1987;85;101-500;4766451.0;text;;['😁'];False;True;bf82c9c517fdc67a;[];gila sih guys tadii pass gw lagi di jalan tiba tiba motorr gw diserempettt samaaaa mobil yanggg belokkk tanpa sein! untungggg gw ga jatohhhh tapiii spion gw patah dan baret di bodi motor. orangnya langsunggg kabur lagii ga tanggung jawab! sumpahh kesel bangettt gw sampee sekarang masih gemetaran!
1988;85;101-500;4766535.0;text;;[];False;False;e17092221f4d7414;[];kemarin gw ikut kegiatan bakti sosial yang diadain sama bem fakultas. kita ke panti asuhan di pinggiran kota buat ngajar anak anak dan bagi bagi sembako. seru banget sih dan bikin hati adem. anak anaknya lucu lucu dan semangat banget belajar walau fasilitas mereka terbatas. jadi pengen rutin kesana
1989;85;11-50;4766549.0;text;;[];False;False;bf82c9c517fdc67a;[];hujann deres ga bawa payunggg
1990;85;11-50;4766556.0;text;;[];False;False;79f1679e48f8423e;[];dompet gw ketinggalan di rumah
1991;85;51-100;4766575.0;text;;[];False;False;79f1679e48f8423e;[];gw seneng banget akhirnya bisa ketemu temen temen lama setelah lama ga
1992;85;11-50;4766692.0;text;;[];True;False;ac4607085ba516fd;[];BESOK LIBUR BUKAN SIH?
1993;85;1-10;4766697.0;text;;['👌🏻'];False;False;79f1679e48f8423e;[];yess
1994;85;1-10;4766877.0;text;;[];False;False;58ae85b7e2ff8ac9;[];hem
1995;85;11-50;4766982.0;text;;[];True;False;dc93c22939b11818;[];gw harus,,, bawa apa aja?
1996;85;1-10;4766982.0;text;;['😊'];False;False;dc93c22939b11818;[];yoii
1997;85;1-10;4767131.0;text;;['👍🏼'];False;False;032029f68042bfa5;[];yoii
1998;85;11-50;4767198.0;text;;[];False;False;721f4b478bcb55fc;[];gw baru ganti nomor btw
1999;85;101-500;4767310.0;text;;['🚗'];False;False;79f1679e48f8423e;[];minggu lalu gw akhirnya beraniin diri buat ngomong sama dosen pembimbing soal progress skripsi yang mandek. ternyata beliau pengertian banget dan kasih banyak masukan yang berguna. gw nyesel ga ngomong dari awal soalnya selama ini gw cuma takut ditolak atau dimarahin padahal dosennya baik banget
2000;85;101-500;4767640.0;text;;['🚗'];False;False;093afc7b396c4aa4;[];gw lagi belajar coding otodidak dari YouTube buat nambah skill. mulai dari HTML CSS dulu baru pelan pelan ke JavaScript. lumayan susah sih awalnya tapi lama lama mulai paham juga. siapa tau nanti bisa bikin portfolio sendiri dan dapet kerjaan freelance buat nambah uang jajan selama kuliah!!
2001;85;51-100;4767725.0;text;;[];False;False;7827349a58fdc6b4;[];gw seneng bgt akhirnya bs ketemu temen tmeen lama setelah lama ga
2002;85;101-500;4768066.0;text;;['🚗'];False;False;58ae85b7e2ff8ac9;[];minggu lalu gw akhirnya beraniin diri buat nogmong sm dosen pembimbing soal progress skirpsi yg manedk. ternyata beliau pengertian bgt dan kasih banyka masukan yg berguna. gw nyesel ga ngomong dr awal soalnya selama ni gw cuma takut ditolak atau dimarahin padahal dosennya baik bgt
2003;85;101-500;4768237.0;text;;['🏎', '🚗'];False;False;0c13b967cd2c4542;[];gw baru selesai nonton dokumenter tentang kehidupan nelayan di pesisir utara jawa. sedih bgt liat perjuangan mrk yg hrs melaut berhari hari cuma buat... dapet ikan yg harganya... ga seberapa di pasar. bikin... gw makin... bersyukur sih sm kehidupan gw skrg walau kadang ngeluh jg
2004;85;101-500;4768254.0;text;;['🏎', '🚗'];False;False;0c13b967cd2c4542;[];gw baru selesai nonton... dokumenter tentang kehidupan nelayan di pesisir... utara jawa. sedih bgt liat... perjuangan mrk yg hrs melaut berhari... hari cuma buat... dapet ikan yg... harganya ga seberapa di pasar. bikin... gw makin... bersyukur sih sm kehidupan gw skrg walau kadang ngeluh... jg...
2005;85;101-500;4772978.0;text;;['🏎', '🚗'];False;False;fe6ecd86b1e5536b;[];minggu lalu gw akhirnya beraniin diri buat ngomong sm dosen pembimbing soal progress skripsi yg mandek. ternyata beliau pengertian bgt dan kasih banyak masukan yg berguna. gw nyesel ga ngomong dr awal soalnya selama ni gw cuma takut ditolak atau dimarahin padahal dosennya baik bgt
2006;85;51-100;4774022.0;text;;[];False;False;79f1679e48f8423e;[];laptop gw mulai lemot nih kayaknya harus install ulang atau ganti RAM
2007;85;101-500;4774810.0;text;;['🏎', '🚗'];False;False;58ae85b7e2ff8ac9;[];keamrin gw ikut kgeiatan bakti sosial yg diadani sm bem fakultas. kita ke panti asuhan di pinggiran kota buat ngajar anak anak dan bagi bagi sembako. seru bgt sih dan biikn hati adem. anak anaknya lucu luuc dan semangat bgt belajar walau fasiltias mrk terbatsa. jdai pengen rutin kesana
2008;85;101-500;4777251.0;text;;['🏎', '🚗'];False;False;e18e17680181d232;[];gw baru selesai nonton dokumenter tentang kehidupan nelayan di pesisir utara jawa. sedih bgt liat perjuangan mrk yg hrs melaut berhari hari cuma buat dapet ikan yg harganya ga seberapa di pasar. bikin gw makin bersyukur sih sm kehidupan gw skrg walau kadang ngeluh jg
2009;85;101-500;4777649.0;text;;['🏎', '🚗'];False;False;b96c35176bdca401;[];minggu lalu gw akhirnya beraniin diri buat ngomong sama dosen pembimbing soal progress skripsi yang mandek.,,, ternyata beliau,,, pengertian banget,,, dan kasih,,, banyak masukan yang berguna. gw nyesel ga ngomong,,, dari awal soalnya selama ini gw cuma takut,,, ditolak atau dimarahin padahal dosennya baik,,, banget
2010;85;11-50;4777777.0;text;;[];True;False;79f1679e48f8423e;[];masih buka ga warungnya?
2011;85;51-100;4777796.0;text;;[];False;False;0c13b967cd2c4542;[];gw lg dengerin podcast tentang psikologi, lumayan buat nambah wawasan
2012;85;51-100;4777797.0;text;;[];False;False;0c13b967cd2c4542;[];gw lg dengerin podcast tentang psikologi, lumayan buat nambah wawasan
2013;85;51-100;4777799.0;text;;[];False;False;0c13b967cd2c4542;[];gw seneng bgt... akhirnya bs ketemu temen temen... lama... setelah lama ga
2014;85;51-100;4777800.0;text;;[];False;False;0c13b967cd2c4542;[];tadi gw antri di... administrasi kampus 2 jam cuma buat ngurus surat
2015;85;51-100;4777803.0;text;;[];False;False;0c13b967cd2c4542;[];gw seneng bgt akhirnya bs ketemu temen temen lama setelah... lama ga
2016;85;11-50;4777817.0;text;;[];False;False;87fe972586c55829;[];wifi kampus lemot parah
2017;85;11-50;4777875.0;text;;[];False;True;abec316405b84971;[];sumpah itu lucu parah!
2018;85;11-50;4777879.0;text;;[];True;False;ac4607085ba516fd;[];LU PUNYA KONTAK DIA GA?
2019;85;11-50;4777882.0;text;;[];True;False;ac4607085ba516fd;[];MASIH BUKA GA WARUNGNYA?
2020;85;11-50;4777885.0;text;;[];True;False;ac4607085ba516fd;[];MAU NITIP APA GA?
2021;85;11-50;4777886.0;text;;[];False;False;ac4607085ba516fd;[];HUJAN DERES GA BAWA PAYUNG
2022;85;11-50;4777887.0;text;;[];True;False;ac4607085ba516fd;[];LU PUNYA KONTAK DIA GA?
2023;85;11-50;4777887.0;text;;[];False;False;ac4607085ba516fd;[];BENTAR YA GW LG DI JALAN
2024;85;1-10;4777891.0;text;;['😐'];False;False;79f1679e48f8423e;[];siapp
2025;85;51-100;4777917.0;text;;[];False;False;79f1679e48f8423e;[];duit jajan gw abis padahal baru tanggal 15 harus ngirit banget nih
2026;85;0;4777918.0;sticker/webp;;[];False;False;87fe972586c55829;[];[Stiker]
2027;85;51-100;4778020.0;text;;[];False;False;abec316405b84971;[];tadi gw antri di administrasi kampus,,, 2 jam cuma buat ngurus surat
2028;85;11-50;4778122.0;text;;[];False;False;79f1679e48f8423e;[];lu tim mana dukungnya
2029;85;11-50;4778170.0;text;2025.0;['😏'];False;False;0c13b967cd2c4542;[];bentar ya gw... lg di jalan
2030;85;11-50;4778179.0;text;;[];False;False;79f1679e48f8423e;[];capek banget hari ini asli
2031;85;11-50;4778184.0;text;;[];False;False;abec316405b84971;[];wifi kampus lemot parah,,,
2032;85;11-50;4778240.0;text;;[];False;False;87fe972586c55829;[];capek bgt hari ni... asli
2033;85;11-50;4778264.0;text;;[];False;False;abec316405b84971;[];ntar gw kabarin lagi deh
2034;85;11-50;4778281.0;text;;[];False;False;87fe972586c55829;[];dompet gw ketinggalan... di rumah
2035;85;11-50;4778287.0;text;;[];False;False;87fe972586c55829;[];dompet gw ketinggalan di rumah
2036;85;1-10;4778293.0;text;;[];False;False;abec316405b84971;[];gassss
2037;85;1-10;4778313.0;text;;[];False;False;87fe972586c55829;[];gassss
2038;85;11-50;4778491.0;text;;[];False;False;abec316405b84971;[];gw mau tidur,,, dulu ya
2039;86;11-50;4780590.0;text;;[];False;False;abec316405b84971;[];es teh manis satu,,, ya bang
2040;86;11-50;4780613.0;text;;[];False;False;abec316405b84971;[];gw lagi diet tapi gagal mulu
2041;86;1-10;4781314.0;text;;['😘'];False;False;87fe972586c55829;[];ayok
2042;86;1-10;4781560.0;text;;[];False;False;abec316405b84971;[];cuy
2043;86;11-50;4781599.0;image/jpeg;;[];False;False;87fe972586c55829;[];[Foto]
2044;86;0;4781785.0;audio;;[];False;False;87fe972586c55829;[];[Voice Note]
2045;86;0;4781789.0;audio;;[];False;False;87fe972586c55829;[];[Voice Note]
2046;86;0;4781877.0;audio;;[];False;False;abec316405b84971;[];[Voice Note]
2047;86;1-10;4781887.0;text;;['🤣'];False;False;87fe972586c55829;[];yep
2048;86;0;4781960.0;sticker/webp;;[];False;False;d3c37841e2089cb6;[];[Stiker]
2049;86;51-100;4783798.0;text;;[];False;False;e17092221f4d7414;[];gw udah download semua materi kuliah tapi belum sempat baca sama sekali
2050;86;11-50;4783808.0;text;;[];False;False;e17092221f4d7414;[];gw lagi diet tapi gagal mulu
2051;86;1-10;4783810.0;text;;[];False;False;e17092221f4d7414;[];woy
2052;86;51-100;4784394.0;text;;[];True;False;58ae85b7e2ff8ac9;[];ad yg tau knp kantin kampus tutup lebih awal hari ni ga sih?
2053;86;11-50;4784421.0;text;;[];False;False;032029f68042bfa5;[];nongkrongg yuk di kafeee biasa
2054;86;11-50;4784448.0;text;;['😅'];False;False;032029f68042bfa5;[];indomie telor udah cukup kok
2055;86;101-500;4784612.0;text;;[];False;False;e17092221f4d7414;[];kemarin malem gw sama temen temen nongkrong di warkop biasa sampe jam 12 malem. kita ngobrol banyak hal dari mulai tugas kuliah, rencana liburan, sampe masalah percintaan. seru sih walau besoknya gw kesiangan masuk kelas pagi dan dosen negur di depan semua orang. malu tapi ya gimana lagi
2056;86;11-50;4784646.0;text;;[];False;False;032029f68042bfa5;[];es tehhhh manis satuuu ya bangg
2057;86;51-100;4785426.0;text;;['😊'];False;False;ac4607085ba516fd;[];WEEKEND INI GW MAU STAYCATION AJA DI KOSAN BINGE WATCHING SERIES BARU
2058;86;11-50;4785439.0;text;;[];False;False;e17092221f4d7414;[];gw mau nyoba restoran baru
2059;86;1-10;4785461.0;text;;[];False;True;ac4607085ba516fd;[];YES!
2060;86;51-100;4785482.0;text;;[];False;False;e17092221f4d7414;[];gw lagi bingung milih topik skripsi antara dua tema yang sama menariknya
2061;86;11-50;4785586.0;text;;[];True;False;093afc7b396c4aa4;[];itu beneran apa hoax!!!
2062;86;11-50;4785590.0;text;;[];False;False;093afc7b396c4aa4;[];sarapan dulu baru mikir!!
2063;86;11-50;4785716.0;text;;[];False;True;58ae85b7e2ff8ac9;[];enak bgt makanannya!
2064;86;1-10;4785728.0;text;;[];False;False;093afc7b396c4aa4;[];bro!!
2065;86;11-50;4786030.0;text;;['😂'];False;False;b96c35176bdca401;[];es teh manis satu,,, ya bang
2066;86;0;4786998.0;unknown;;[];False;False;79f1679e48f8423e;[];[Media tidak dikenal]
2067;86;51-100;4787022.0;text;;[];False;False;79f1679e48f8423e;[];gw lagi bingung milih topik skripsi antara dua tema yang sama menariknya
2068;86;11-50;4787026.0;text;;[];False;False;79f1679e48f8423e;[];kopi susu yg biasa ya
2069;86;51-100;4788181.0;text;;[];False;False;e17092221f4d7414;[];gw lagi bingung milih topik skripsi antara dua tema yang sama menariknya
2070;86;101-500;4789787.0;text;;[];False;True;559d0ee52d04602a;[];parah banget banjir di daerah kosan gw semalam sampai... air masuk ke kamar setinggi betis!... barang barang gw... banyak yang kerendem termasuk buku kuliah dan... sepatu. gw harus ngungsi ke kosan temen dan sekarang lagi bersihin... semua barang. semoga ga ada yang rusak parah sih!
2071;86;11-50;4789852.0;image/jpeg;;['🤣'];False;False;e18e17680181d232;[];[Foto]
2072;86;11-50;4789982.0;image/jpeg;;[];False;False;0c13b967cd2c4542;[];[Foto]
2073;86;1-10;4790054.0;image/jpeg;;[];False;False;e18e17680181d232;[];[Foto]
2074;86;11-50;4790089.0;text;;[];False;False;79f1679e48f8423e;[];indomie telor udah cukup kok
2075;86;1-10;4790091.0;text;;[];True;False;79f1679e48f8423e;[];serius?
2076;86;1-10;4790189.0;text;;['😂'];False;False;79f1679e48f8423e;[];bro
2077;86;1-10;4790209.0;text;2075.0;[];False;False;7827349a58fdc6b4;[];gass
2078;86;11-50;4790385.0;text;;[];False;False;093afc7b396c4aa4;[];masak sendiri lebih hemat sih!!
2079;86;51-100;4790449.0;text;;[];False;False;b96c35176bdca401;[];weekend ini gw mau staycation aja di kosan binge watching,,, series baru,,,
2080;86;1-10;4790479.0;text;;[];False;False;093afc7b396c4aa4;[];woy!!!
2081;86;11-50;4790568.0;text;;[];True;False;f4064e0c91edb2af;[];bawa motor apa naik apa?
2082;86;1-10;4790575.0;text;;[];False;False;b96c35176bdca401;[];bener
2083;86;11-50;4797180.0;video/mp4;;[];False;False;79f1679e48f8423e;[];[Video]
2084;86;11-50;4797181.0;video/mp4;;[];False;False;79f1679e48f8423e;[];[Video]
2085;86;0;4797194.0;video/mp4;;[];False;False;79f1679e48f8423e;[];[Video]
2086;86;0;4799976.0;video/mp4;;[];False;False;7827349a58fdc6b4;[];[Video]
2087;86;0;4800319.0;system;;[];False;False;f4064e0c91edb2af;[];[Pesan sistem]
2088;87;0;4801587.0;audio;;[];False;False;f4064e0c91edb2af;[];[Voice Note]
2089;87;11-50;4801632.0;text;;['😂', '💃🏽'];False;False;3751fa98ec8acbb5;[];EH DENGER GOSIP BELUM
2090;87;0;4801635.0;audio;;[];False;False;f4064e0c91edb2af;[];[Voice Note]
2091;87;11-50;4801640.0;text;;[];False;False;f4064e0c91edb2af;[];jangan bilang siapa siapa ya
2092;87;1-10;4801652.0;text;;['😂'];False;False;3751fa98ec8acbb5;[];AMIN
2093;87;11-50;4801899.0;text;2083.0;['👏🏼'];False;True;6f4c4e22b17b0ac1;[];gw kaget pas denger tu!
2094;87;1-10;4802993.0;text;;['😂'];False;False;b96c35176bdca401;[];wkwkw
2095;87;11-50;4803024.0;text;;['🚂'];True;False;b96c35176bdca401;[];kos lu dimana sih tepatnya?
2096;87;0;4803458.0;image/jpeg;;[];False;False;093afc7b396c4aa4;[];[Foto]
2097;87;0;4803459.0;image/jpeg;;[];False;False;093afc7b396c4aa4;[];[Foto]
2098;87;51-100;4803723.0;text;;['❤️', '😂'];False;False;b96c35176bdca401;[];gw baru aja dapet kabar kalo,,, temen kita diterima,,, kerja,,, di luar negeri
2099;87;51-100;4803723.0;text;;['❤️', '😂'];False;False;b96c35176bdca401;[];hari ini gw ada rapat organisasi sampe sore jadi,,, ga bisa ikut nongkrong
2100;87;51-100;4803724.0;text;;['❤️', '😂'];False;False;b96c35176bdca401;[];gw baru aja dapet kabar kalo temen kita diterima,,, kerja di luar,,, negeri
2101;87;51-100;4803725.0;text;;['❤️', '😂'];False;False;b96c35176bdca401;[];wifi kosan,,, gw lemot,,, banget jadi,,, gw ke perpus aja buat ngerjain,,, tugas
2102;87;51-100;4803728.0;text;;['❤️', '😂'];False;False;b96c35176bdca401;[];lu harus coba kedai kopi baru di jalan belakang kampus, enak banget
2103;87;51-100;4803729.0;text;;['❤️', '😂'];False;False;b96c35176bdca401;[];lu harus,,, coba kedai kopi baru,,, di jalan belakang kampus, enak banget,,,
2104;87;51-100;4803729.0;text;;['❤️', '😂'];False;False;b96c35176bdca401;[];lu harus,,, coba kedai,,, kopi baru di jalan belakang kampus, enak banget
2105;87;51-100;4803729.0;text;;['❤️', '😂'];False;False;b96c35176bdca401;[];lu harus coba kedai kopi baru di jalan belakang kampus, enak banget
2106;87;11-50;4804159.0;text;;['🤣'];False;False;ac4607085ba516fd;[];TEMENIN GW DONG BESOK
2107;87;101-500;4804200.0;text;;['😂'];False;False;0c13b967cd2c4542;[];hari ni gw iseng nyoba bikin kopi pake metode v60 yg lg hype di kalangan anak anak kampus. beli alatnya lumayan... mahal sih tp hasilnya emang beda dr kopi sachet... biasa. kopinya lebih smooth dan ga... terlalu pahit. kayaknya gw... bakal ketagihan... nih bikin kopi... sendiri tiap pagi sebelum ke kampus
2108;87;101-500;4804202.0;text;;['😂'];False;False;0c13b967cd2c4542;[];hari ni gw iseng nyoba bikin kopi pake metode v60 yg lg hype di kalangan anak anak kampus. beli alatnya... lumayan... mahal sih tp hasilnya emang beda dr... kopi sachet biasa. kopinya... lebih smooth dan ga terlalu pahit. kayaknya gw bakal ketagihan nih bikin kopi sendiri tiap pagi sebelum ke... kampus
2109;87;101-500;4804205.0;text;;['😂'];False;False;0c13b967cd2c4542;[];hari ni gw iseng nyoba bikin kopi pake metode... v60... yg lg... hype di kalangan anak anak kampus.... beli alatnya... lumayan... mahal sih tp hasilnya emang beda dr... kopi sachet... biasa. kopinya... lebih smooth dan ga terlalu pahit. kayaknya gw... bakal ketagihan nih bikin kopi sendiri tiap pagi... sebelum ke kampus
2110;87;0;4804313.0;image/jpeg;;[];False;False;7827349a58fdc6b4;[];[Foto]
2111;87;0;4804315.0;image/jpeg;;[];False;False;7827349a58fdc6b4;[];[Foto]
2112;87;0;4804345.0;video/mp4;;[];False;False;7827349a58fdc6b4;[];[Video]
2113;87;0;4804347.0;video/mp4;;[];False;False;7827349a58fdc6b4;[];[Video]
2114;87;0;4804352.0;video/mp4;;[];False;False;7827349a58fdc6b4;[];[Video]
2115;87;0;4804352.0;video/mp4;;[];False;False;7827349a58fdc6b4;[];[Video]
2116;87;0;4804355.0;video/mp4;;[];False;False;7827349a58fdc6b4;[];[Video]
2117;88;101-500;4837675.0;image/jpeg;;[];False;True;79f1679e48f8423e;['7d3641406f8a3606'];[Foto]
2118;88;11-50;4837693.0;text;;[];False;False;79f1679e48f8423e;[];gw mau pesen gofood dulu
2119;88;11-50;4839678.0;text;;['👍🏼'];False;False;7d3641406f8a3606;[];nongkrong yuk di kafe biasa
2120;88;11-50;4847262.0;text;;[];False;True;5172c240e19d3566;[];ENAK BANGET MAKANANNYA!
2121;88;101-500;4855629.0;text;;[];True;True;0b56961e0cc0a81b;[];gw lagi bimbang nih antaraa mauuuu ikut organisasi kampus atau fokus ke akademik aja. menurutttt kalian gimanaaa sih, worth it ga sih ikutt organisasi? soalnya gw dengerr banyak yangggg bilang bisaaa nambahhhh soft skill tapii di sisi lainn waktuu buattt belajarrrr jadi berkuranggg kan, gimana pengalamann kalian?
2122;88;101-500;4855733.0;text;;[];True;True;7827349a58fdc6b4;[];menurtu kalian knp ya generasi ktia tuh kayaknya lebih gampnag stres dan brunout dibanding generasi ornag tua kita dulu? apa krn tekaann sosmed atau emang tuntutan hidup yg makin tinggi ya? gw penasarna aja sih saolnya temen temen gw banyak yg ngeluh hal yg sm
2123;88;101-500;4855873.0;text;;[];True;True;f4064e0c91edb2af;[];guys ada yang tau ga sih kenapa sistem registrasi online kampus sering banget error pas masa pengisian KRS? tiap semester selalu gitu bikin stres, mana harus rebutan mata kuliah yang kuotanya dikit banget lagi. apa emang servernya ga kuat ya nampung banyak mahasiswa sekaligus?
2124;88;51-100;4855909.0;text;;[];False;False;87fe972586c55829;[];tadi di kantin ketemu... anak... angkatan bawah yg kenal sm temen sma gw
2125;88;101-500;4856831.0;text;;[];True;True;c1222dade0e51982;[];gw lg bimbang nih antara mau iktu organisasi kampus atau fokus ke akademik aja. menurut kalian gmn sih, worth it ga sih ikut organisais? soalnya gw denger banyak yg bilang bs nambah soft sikll tp di sisi lian wkatu buta belajar jaid berkurang kan, gmn pengalmaan kalian?
2126;88;101-500;4856923.0;text;;[];True;True;2a6d5f2541be27cc;[];menurut kalian kenapa ya generasi kita tuh kayaknya lebih gampang stres dan burnout dibanding generasi orang tua kita dulu? apa karena tekanan sosmed atau emang tuntutan hidup yang makin tinggi ya? gw penasaran aja sih soalnya temen temen gw banyak yang ngeluh hal yang sama!!
2127;88;101-500;4857365.0;text;;[];True;True;ed15eaa8de474ecd;[];eh ada yang punya rekomendasi laptop budget 5 jutaan yang bagus buat kuliah dan ngoding ga? laptop gw yang sekarang udah mulai lemot dan sering ngehang kalo buka banyak tab. pengennya sih yang ringan buat dibawa ke kampus tapi tetep kenceng performanya, ada saran?
2128;88;101-500;4859685.0;text;;[];True;True;8ca79bd486c44d4b;[];menurut kalian kenapa ya generasi kita... tuh kayaknya lebih gampang... stres dan burnout dibanding generasi orang tua kita... dulu? apa... karena tekanan sosmed atau emang tuntutan hidup yang makin tinggi ya? gw penasaran aja sih... soalnya temen temen gw banyak yang ngeluh hal yang sama...
2129;88;101-500;4860918.0;text;;[];True;True;b5eb11d3699c8a3d;[];menurut kalian knp ya generasi kita tuh kayaknya lebih gampang stres dan burnout dibanding generasi orang tua kita dulu? apa krn tekanan sosmed atau emang tuntutan hidup yg makin tinggi ya? gw penasaran aja sih soalnya temen temen gw banyak yg ngeluh hal yg sm
2130;88;101-500;4868686.0;text;;[];True;True;fbff62b93c1ddab9;[];menurut kalian kenapa,,, ya,,, generasi kita,,, tuh kayaknya lebih gampang,,, stres dan,,, burnout dibanding generasi orang tua kita dulu? apa karena tekanan sosmed atau emang tuntutan hidup yang makin tinggi ya? gw penasaran aja sih soalnya temen temen gw banyak yang ngeluh,,, hal yang sama
2131;88;51-100;4868720.0;text;;[];False;False;79f1679e48f8423e;[];weekend ini gw mau staycation aja di kosan binge watching series baru
2132;88;51-100;4868724.0;text;;[];False;False;79f1679e48f8423e;[];weekend ini gw mau staycation aja di kosan binge watching series baru
2133;88;101-500;4871216.0;text;;[];True;True;e17092221f4d7414;[];eh ada yang punya rekomendasi laptop budget 5 jutaan yang bagus buat kuliah dan ngoding ga? laptop gw yang sekarang udah mulai lemot dan sering ngehang kalo buka banyak tab. pengennya sih yang ringan buat dibawa ke kampus tapi tetep kenceng performanya, ada saran?
2134;88;101-500;4876021.0;text;;[];False;True;0b56961e0cc0a81b;[];parah bangett banjirrrr di daerahhhh kosannn gw semalamm sampai air masuk ke kamarrr setinggi betis! barangg barang gw banyakkkk yang kerendem termasuk buku kuliahh dan sepatu. gw harus ngungsiii ke kosann temen dan sekaranggg lagi bersihin semuaaa barang. semoga ga adaaaa yangggg rusakkkk parah sih!
2135;88;101-500;4876022.0;text;;[];False;True;0b56961e0cc0a81b;[];yessssss gw akhirnyaaaa dapet nilai a di mata kuliah yanggg paling gw takutin selamaaa ini! padahal gw udahhh pasrahh bangetttt passss ujian soalnya soalnyaa susah parah. ternyataa tugas dan presentasi gw nilainyaa bagusss jadiii bisaaa nutupin nilaiii ujian. alhamdulillahh banget perjuangan ga sia sia!
2136;88;101-500;4876023.0;text;;[];False;True;0b56961e0cc0a81b;[];yesssss gw akhirnya dapett nilai a di mataa kuliah yang palingg gw takutinnn selamaaa ini! padahal gw udahhhh pasrah banget pas ujian soalnya soalnyaaa susahhhh parah. ternyata tugass dan presentasi gw nilainya bagus jadi bisa nutupin nilai ujian. alhamdulillah banget perjuangan ga siaa sia!
2137;88;101-500;4876027.0;text;;[];False;True;0b56961e0cc0a81b;[];temen temen gw baru ajaaaa ngasihhhh surprise ulang tahun yang paling berkesannnn dalammmm hidup gw! mereka diem diemm booking tempatt makannn favorit gw dannnn undang semuaa temenn deket. ada kuee tarttt dann hadiah yang gw pengen dari lama. gw sampeeee nangis terharu sumpah ga nyangka mereka sebaik itu!
2138;89;101-500;4941346.0;image/jpeg;;[];False;False;b96c35176bdca401;[];[Foto]
2139;89;51-100;4943046.0;text;;[];False;False;abec316405b84971;[];gw lagi nyoba masak rendang resep nyokap tapi,,, kayaknya gagal total deh
2140;89;51-100;4943080.0;text;;[];False;False;87fe972586c55829;[];temen sekamar gw pindah kosan jadi skrg gw sendirian... di kamar
2141;89;51-100;4943138.0;text;;[];False;False;abec316405b84971;[];gw harus nabung lebih,,, banyak sih buat bayar uang,,, semester yang naik,,,
2142;89;11-50;4943225.0;text;;[];False;False;87fe972586c55829;[];bsk sore ad waktu ga
2143;89;11-50;4943236.0;text;;[];False;False;87fe972586c55829;[];rame bgt disini cuy...
2144;89;0;4943243.0;sticker/webp;;[];False;False;87fe972586c55829;[];[Stiker]
2145;89;51-100;4943310.0;image/jpeg;;['😅'];False;False;87fe972586c55829;[];[Foto]
2146;89;11-50;4947054.0;text;;[];False;True;b96c35176bdca401;[];asik besok libur guys!
2147;89;1-10;4947242.0;text;;[];False;False;87fe972586c55829;[];deh
2148;89;11-50;4955925.0;text;;[];True;False;ed15eaa8de474ecd;[];wifi password nya apa sih?
2149;89;11-50;4956032.0;text;;[];False;True;0b56961e0cc0a81b;[];asikk besok libur guys!
2150;89;51-100;4956046.0;text;;[];False;False;0b56961e0cc0a81b;[];kemarinnnn malem gw begadang nonton bolaa sampe subuh terusss ketiduran
2151;89;1-10;4956328.0;text;;[];False;False;ed15eaa8de474ecd;[];kan
2152;89;11-50;4956338.0;text;;[];True;False;ed15eaa8de474ecd;[];makan apa ntar siang?
2153;89;11-50;4960194.0;text;;[];False;False;e17092221f4d7414;[];macet parah di jalan tol
2154;89;0;4960854.0;video/mp4;;[];False;False;d3c37841e2089cb6;[];[Video]
2155;89;0;4960856.0;video/mp4;;[];False;False;d3c37841e2089cb6;[];[Video]
2156;89;0;4960858.0;video/mp4;;[];False;False;d3c37841e2089cb6;[];[Video]
2157;89;0;4960858.0;video/mp4;;[];False;False;d3c37841e2089cb6;[];[Video]
2158;89;1-10;4960920.0;text;;['🙈'];False;False;abec316405b84971;[];woi
2159;89;11-50;4961638.0;text;;[];False;False;2a6d5f2541be27cc;[];gw ngga bisa ikut malem ini!!
2160;90;0;5009634.0;audio;;[];False;False;ac4607085ba516fd;[];[Voice Note]
2161;90;0;5009635.0;audio;;[];False;False;ac4607085ba516fd;[];[Voice Note]
2162;90;0;5009637.0;audio;;[];False;False;ac4607085ba516fd;[];[Voice Note]
2163;90;0;5009638.0;audio;;[];False;False;ac4607085ba516fd;[];[Voice Note]
2164;90;51-100;5019667.0;text;;[];True;False;79f1679e48f8423e;[];gimana caranya biar bisa fokus belajar tanpa main hp terus ya?
2165;90;11-50;5019693.0;text;;[];False;False;032029f68042bfa5;[];gw nyari parkir dulu bentar
2166;90;51-100;5019702.0;text;;['🙈'];False;False;fbff62b93c1ddab9;[];gw harus nabung lebih,,, banyak sih buat bayar,,, uang semester yang naik
2167;90;1-10;5019713.0;text;;['😂'];False;False;79f1679e48f8423e;[];woi
2168;90;51-100;5020854.0;text;;[];False;False;e17092221f4d7414;[];temen sekamar gw pindah kosan jadi sekarang gw sendirian di kamar
2169;90;11-50;5024046.0;text;;[];False;False;87fe972586c55829;[];gw naik ojol aja deh
2170;90;11-50;5024054.0;text;;[];False;False;87fe972586c55829;[];macet parah di jalan tol
2171;90;51-100;5027396.0;text;;['🤷🏻\u200d♀️'];False;False;7d3641406f8a3606;[];kemarin malem gw begadang nonton bola sampe subuh terus ketiduran
2172;90;0;5027432.0;sticker/webp;;[];False;False;87fe972586c55829;[];[Stiker]
2173;90;11-50;5034065.0;text;;[];False;False;abec316405b84971;[];bsk sore,,, ada,,, waktu ga
2174;91;51-100;5048648.0;text;;[];True;False;79f1679e48f8423e;[];lu percaya ga sih sama berita yang lagi viral di twitter itu?
2175;91;1-10;5048724.0;text;;[];False;False;917ffdf452fec813;[];hem
2176;92;101-500;5283428.0;text;;['😊', '🛼'];False;True;0c13b967cd2c4542;[];parah bgt banjir di daerah kosan gw semalam smp air masuk ke kamar setinggi betis! barang barang gw banyak yg... kerendem... termasuk buku kuliah dan sepatu. gw... hrs ngungsi ke kosan temen dan... skrg lg bersihin... smua barang. semoga ga ad yg... rusak parah sih!
2177;92;51-100;5284002.0;text;;[];False;False;b96c35176bdca401;[];dompet gw ilang kemarin di angkot tapi alhamdulillah ada yang nemuin
2178;92;11-50;5284020.0;text;;['😅'];False;False;b96c35176bdca401;[];tadi gw makan nasi padang
2179;92;51-100;5285458.0;text;;[];False;True;721f4b478bcb55fc;[];sumpah gw kaget... banget... pas tau nilai ujian gw ternyata bagus banget!...
2180;92;11-50;5285520.0;text;;['😋'];False;True;0c13b967cd2c4542;[];capek bgt hari ni!
2181;92;11-50;5285684.0;text;;['😉'];False;False;721f4b478bcb55fc;[];kopi susu yg biasa ya
2182;92;11-50;5285712.0;text;;[];True;False;3751fa98ec8acbb5;[];ITU BENERAN APA HOAX?
2183;92;500+;5287787.0;text;;['🌐', '🔊', '🗓', '✅', '🏫', '➡️', '📚', '✳️', '🔸', '‼️', '⬇️', '📲'];False;False;79f1679e48f8423e;[];sarapan dulu baru mikir
2184;92;500+;5287791.0;text;;['🌐', '🔊', '🗓', '✅', '🏫', '➡️', '📚', '✳️', '🔸', '‼️', '⬇️', '📲'];False;False;79f1679e48f8423e;[];gw mau pesen gofood dulu
2185;92;500+;5287793.0;text;;['🌐', '🔊', '🗓', '✅', '🏫', '➡️', '📚', '✳️', '🔸', '‼️', '⬇️', '📲'];False;False;79f1679e48f8423e;[];kopi susu yg biasa ya
2186;92;1-10;5288333.0;text;;[];False;False;917ffdf452fec813;[];sis
2187;92;11-50;5288457.0;text;;[];False;False;f4064e0c91edb2af;[];tadi gw makan nasi padang
2188;92;11-50;5288463.0;text;;[];False;False;87fe972586c55829;[];masak sendiri lebih hemat sih...
2189;92;51-100;5288513.0;text;;[];True;False;87fe972586c55829;[];ad yg tau knp kantin kampus tutup lebih awal hari ni ga... sih?
2190;93;0;5298500.0;image/jpeg;;[];False;False;d2e8be8c0c888b0a;[];[Foto]
2191;93;0;5299758.0;image/jpeg;;[];False;False;d2e8be8c0c888b0a;[];[Foto]
2192;93;101-500;5304950.0;text;;[];False;False;917ffdf452fec813;[];kemarin malem gw sama temen temen nongkrong di warkop biasa sampe jam 12 malem. kita ngobrol banyak hal dari mulai tugas kuliah, rencana liburan, sampe masalah percintaan. seru sih walau besoknya gw kesiangan masuk kelas pagi dan dosen negur di depan semua orang. malu tapi ya gimana lagi
2193;93;11-50;5304958.0;text;;[];False;False;917ffdf452fec813;[];tadi gw makan nasi padang
2194;93;0;5305716.0;image/jpeg;;[];False;False;96b3e643d75185ec;[];[Foto]
2195;94;51-100;5369975.0;text;;[];False;False;ed15eaa8de474ecd;[];gw lagi bingung milih topik skripsi antara dua tema yang sama menariknya
2196;94;11-50;5370387.0;text;;[];False;False;79f1679e48f8423e;[];sarapan dulu baru mikir
2197;94;0;5372606.0;image/jpeg;;[];False;False;093afc7b396c4aa4;[];[Foto]
2198;95;51-100;5398215.0;text;;[];True;False;d50d687e12b76bf0;[];kapan ya terakhir klai kiat smua ngmupul lengkpa kyk dulu?
2199;95;51-100;5398568.0;text;;[];False;False;eab9c5046b166684;[];Duit jajan gw abis padahal baru tanggal 15 harus ngirit banget nih.
2200;95;51-100;5398693.0;text;;['🥰'];True;False;d50d687e12b76bf0;[];lu tau ga tempat print yg murah deket kampus baut tugsa akhi?r
2201;95;11-50;5399150.0;text;;[];False;False;79f1679e48f8423e;[];baru bangun nih masih ngantuk
2202;95;51-100;5399526.0;text;2200.0;[];False;False;eab9c5046b166684;[];Laptop gw mulai lemot nih kayaknya harus install ulang atau ganti RAM.
2203;95;0;5432699.0;system;;[];False;False;fbff62b93c1ddab9;[];[Pesan sistem]
2204;96;0;5805339.0;system;;[];False;False;fbff62b93c1ddab9;[];[Pesan sistem]
2205;97;0;5806302.0;system;;[];False;False;fbff62b93c1ddab9;[];[Pesan sistem]
2206;97;0;5807045.0;system;;[];False;False;fbff62b93c1ddab9;[];[Pesan sistem]
2207;97;0;5834278.0;system;;[];False;False;5172c240e19d3566;[];[Pesan sistem]
2208;98;101-500;5875566.0;text;;[];False;False;917ffdf452fec813;[];gw lagi belajar coding otodidak dari YouTube buat nambah skill. mulai dari HTML CSS dulu baru pelan pelan ke JavaScript. lumayan susah sih awalnya tapi lama lama mulai paham juga. siapa tau nanti bisa bikin portfolio sendiri dan dapet kerjaan freelance buat nambah uang jajan selama kuliah
2209;98;11-50;5875668.0;text;;[];False;False;79f1679e48f8423e;[];wifi kampus lemot parah
2210;99;51-100;5879907.0;text;;[];False;False;79f1679e48f8423e;[];gw udah download semua materi kuliah tapi belum sempat baca sama sekali
2211;99;101-500;5879936.0;text;;[];False;False;87fe972586c55829;[];kemarin malem gw... sm temen... temen nongkrong di warkop biasa... sampe jam 12 malem. kita ngobrol banyak hal dr mulai tugas kuliah, rencana liburan, sampe masalah percintaan. seru sih walau besoknya gw kesiangan masuk kelas pagi... dan dosen negur... di depan smua orang. malu... tp... ya gmn lg
2212;99;101-500;5880721.0;text;;[];False;False;7827349a58fdc6b4;[];kemairn malem gw sm temen temen nognkrong di warkop biasa samep jam 12 mlaem. kita ngobrol baynak hal dr muali tugas kuliah, renacna liburan, sampe masalah percintaan. seru sih walau besoknya gw kesiangan masuk kelsa pagi dan dosen negur di depan smua orang. malu tp ya gmn lg
2213;99;101-500;5880981.0;text;;[];False;False;ac4607085ba516fd;[];KEMARIN MALEM GW SAMA TEMEN TEMEN NONGKRONG DI WARKOP BIASA SAMPE JAM 12 MALEM. KITA NGOBROL BANYAK HAL DARI MULAI TUGAS KULIAH, RENCANA LIBURAN, SAMPE MASALAH PERCINTAAN. SERU SIH WALAU BESOKNYA GW KESIANGAN MASUK KELAS PAGI DAN DOSEN NEGUR DI DEPAN SEMUA ORANG. MALU TAPI YA GIMANA LAGI
2214;99;101-500;5882639.0;text;;[];False;False;240250ced91769e5;[];kemarin malem gw sama temen temen nongkrong di warkop biasa sampe jam 12 malem. kita ngobrol banyak hal dari mulai tugas kuliah, rencana liburan, sampe masalah percintaan. seru sih walau besoknya gw kesiangan masuk kelas pagi dan dosen negur di depan semua orang. malu tapi ya gimana lagi!!!
2215;99;101-500;5882932.0;text;;[];False;False;e18e17680181d232;[];kemarin malem gw sm temen temen nongkrong di warkop biasa sampe jam 12 malem. kita ngobrol banyak hal dr mulai tugas kuliah, rencana liburan, sampe masalah percintaan. seru sih walau besoknya gw kesiangan masuk kelas pagi dan dosen negur di depan smua orang. malu tp ya gmn lg
2216;99;101-500;5882954.0;text;;[];False;False;c1222dade0e51982;[];kemarin malem gw sm temen temen nongkrong di warokp biasa smape jam 12 malem. kita ngobrol banyak hal dr mluai tugas kuliah, rencana liburan, sampe masalah percintaan. seru sih walau bseoknya gw kesiangan masuk kelas pagi dan dsoen negur di deapn smua orang. mlau tp ya gmn lg
2217;99;101-500;5883051.0;text;;[];False;False;58ae85b7e2ff8ac9;[];kemarin malem gw sm temen temen nnogkrong di warkop biasa sampe jam 12 malem. kita ngoborl baynak hal dr mulia tugas kuliah, rencana liburan, sampe masalah percintaan. seru sih walau besoknya gw kesiangan masuk kelas pagi dan dosen neugr di depan smua orang. malu tp ya gmn lg
2218;99;101-500;5883853.0;text;;[];False;False;f8e26c8525ed76f0;[];kemarin malem gw sm temen temen nongkrong di warkop biasa sampe jam... 12 malem. kita ngobrol... banyak hal dr mulai tugas kuliah, rencana liburan, sampe masalah percintaan. seru sih walau... besoknya gw kesiangan masuk kelas pagi dan dosen negur di depan smua... orang. malu tp... ya gmn lg
2219;99;101-500;5887189.0;text;;[];False;False;e17092221f4d7414;[];kemarin malem gw sama temen temen nongkrong di warkop biasa sampe jam 12 malem. kita ngobrol banyak hal dari mulai tugas kuliah, rencana liburan, sampe masalah percintaan. seru sih walau besoknya gw kesiangan masuk kelas pagi dan dosen negur di depan semua orang. malu tapi ya gimana lagi
2220;99;101-500;5887359.0;text;;[];False;False;b96c35176bdca401;[];kemarin malem gw sama temen temen nongkrong di warkop biasa sampe jam 12 malem. kita ngobrol,,, banyak hal dari mulai tugas kuliah, rencana liburan,,,, sampe masalah percintaan.,,, seru sih walau besoknya gw,,, kesiangan masuk kelas pagi,,, dan dosen negur di,,, depan semua orang. malu,,, tapi,,, ya gimana lagi
2221;99;101-500;5888703.0;text;;[];False;False;0b56961e0cc0a81b;[];kemarinnnn malem gw sama temennnn temen nongkrong di warkop biasa sampe jam 12 malem. kita ngobrolll banyak hal dari mulai tugas kuliah, rencana liburan, sampe masalah percintaan. seru sihh walauu besoknya gw kesiangan masuk kelas pagi dan dosen negur di depan semuaa orang. maluuuu tapiii ya gimanaaaa lagii
2222;99;0;5891616.0;unknown;;[];False;False;fe6ecd86b1e5536b;[];[Media tidak dikenal]
2223;99;101-500;5891616.0;text;;[];False;False;3751fa98ec8acbb5;[];KEMARIN MALEM GW SAMA TEMEN TEMEN NONGKRONG DI WARKOP BIASA SAMPE JAM 12 MALEM. KITA NGOBROL BANYAK HAL DARI MULAI TUGAS KULIAH, RENCANA LIBURAN, SAMPE MASALAH PERCINTAAN. SERU SIH WALAU BESOKNYA GW KESIANGAN MASUK KELAS PAGI DAN DOSEN NEGUR DI DEPAN SEMUA ORANG. MALU TAPI YA GIMANA LAGI
2224;99;1-10;5891627.0;text;;[];False;False;3751fa98ec8acbb5;[];AYOK
2225;99;101-500;5891680.0;text;;[];False;False;fe6ecd86b1e5536b;[];kemarin malem gw sm temen temen nongkrong di warkop biasa sampe jam 12 malem. kita ngobrol banyak hal dr mulai tugas kuliah, rencana liburan, sampe masalah percintaan. seru sih walau besoknya gw kesiangan masuk kelas pagi dan dosen negur di depan smua orang. malu tp ya gmn lg
2226;99;101-500;5891761.0;text;;[];False;False;ed15eaa8de474ecd;[];kemarin malem gw sama temen temen nongkrong di warkop biasa sampe jam 12 malem. kita ngobrol banyak hal dari mulai tugas kuliah, rencana liburan, sampe masalah percintaan. seru sih walau besoknya gw kesiangan masuk kelas pagi dan dosen negur di depan semua orang. malu tapi ya gimana lagi
2227;99;101-500;5892064.0;text;;[];False;False;539af9901e277a0d;[];kemarin malem gw sm temen temen nongkrong di warkop biasa sampe jam 12 malem. kita ngobrol banyak hal dr mulai tugas kuliah, rencana liburan, sampe masalah percintaan. seru sih walau... besoknya gw kesiangan masuk kelas pagi... dan dosen negur... di depan smua orang. malu tp ya gmn lg...
2228;99;101-500;5892187.0;text;;[];False;False;8ca79bd486c44d4b;[];kemarin malem gw sama temen... temen nongkrong di warkop biasa sampe jam 12 malem. kita ngobrol banyak hal dari mulai... tugas kuliah, rencana liburan,... sampe masalah percintaan. seru... sih walau besoknya gw kesiangan masuk kelas pagi dan dosen negur di depan semua orang. malu tapi... ya gimana lagi
2229;99;101-500;5892299.0;text;;[];False;False;26a750cee28c8c71;[];kemarin malem gw sm temen temen nongkrong di warkop biasa sampe jam... 12 malem. kita ngobrol banyak hal dr mulai tugas kuliah, rencana liburan,... sampe masalah percintaan. seru sih walau besoknya gw... kesiangan masuk kelas pagi dan dosen negur... di depan smua... orang. malu tp ya gmn lg
2230;99;101-500;5894446.0;text;;[];False;False;eab9c5046b166684;[];Kemarin malem gw sama temen temen nongkrong di warkop biasa sampe jam 12 malem. kita ngobrol banyak hal dari mulai tugas kuliah, rencana liburan, sampe masalah percintaan. seru sih walau besoknya gw kesiangan masuk kelas pagi dan dosen negur di depan semua orang. malu tapi ya gimana lagi.
2231;99;0;5895871.0;system;;[];False;False;fbff62b93c1ddab9;[];[Pesan sistem]
2232;99;101-500;5899463.0;text;;[];False;False;87fe972586c55829;[];kemarin malem gw sm... temen temen nongkrong di warkop biasa sampe jam 12 malem. kita ngobrol banyak hal dr mulai... tugas kuliah, rencana liburan,... sampe masalah percintaan. seru sih walau besoknya gw kesiangan masuk kelas pagi dan dosen negur di depan smua orang. malu tp... ya gmn lg
2233;99;51-100;5899630.0;text;;[];False;False;87fe972586c55829;[];gw udah download... smua materi kuliah tp blm sempat... baca sm sekali
2234;99;51-100;5899631.0;text;;[];False;False;87fe972586c55829;[];tadi di kantin ketemu anak angkatan bawah yg kenal... sm temen sma... gw
2235;99;51-100;5902094.0;text;;['😉'];False;False;79f1679e48f8423e;[];gw lagi bingung milih topik skripsi antara dua tema yang sama menariknya
2236;99;51-100;5902100.0;text;;['😉'];False;False;79f1679e48f8423e;[];tadi di kantin ketemu anak angkatan bawah yang kenal sama temen SMA gw
2237;99;101-500;5903867.0;text;;[];False;False;032029f68042bfa5;[];kemarinnn malemmmm gw sama temennnn temennn nongkrong di warkop biasaa sampe jam 12 malem. kitaaaa ngobrol banyakk halll dari mulai tugassss kuliah, rencana liburan, sampe masalahhh percintaan. seruuu sihhh walau besoknya gw kesiangan masukkk kelas pagiii dan dosennnn negur di depann semuaaa orang. malu tapi ya gimanaaaa lagiii
2238;99;101-500;5903918.0;text;;[];False;False;fbff62b93c1ddab9;[];kemarin malem gw,,, sama temen temen nongkrong di warkop biasa sampe jam,,, 12 malem.,,, kita,,, ngobrol banyak hal dari mulai tugas,,, kuliah, rencana liburan,,,, sampe masalah,,, percintaan. seru,,, sih walau besoknya gw,,, kesiangan masuk kelas pagi,,, dan dosen negur di depan semua,,, orang. malu tapi,,, ya gimana lagi,,,
2239;99;0;5904203.0;system;;[];False;False;fbff62b93c1ddab9;[];[Pesan sistem]
2240;99;101-500;5904601.0;text;;[];False;False;c1084b7e5fa3ce87;[];kemarin malem gw sm temen temen nongkrong di warkop biasa sampe jam 12 malem. kita ngobrol banyak hal dr mulai tugas kuliah, rencana liburan, sampe masalah percintaan. seru sih walau besoknya gw kesiangan masuk kelas pagi dan dosen negur di depan smua orang. malu tp ya gmn lg
2241;99;101-500;5904698.0;text;;[];False;False;61d77eb9f6fcf403;[];kemarin malem gw sama temenn temen nongkrongggg di warkopppp biasa sampe jammm 12 malem. kita ngobrol banyak hal dari mulai tugasss kuliah, rencanaa liburan, sampe masalah percintaan. seru sih walau besoknya gw kesiangannnn masuk kelassss pagi dan dosenn negur di depan semuaa orang. maluuuu tapi ya gimanaaaa lagi
2242;99;11-50;5906803.0;text;;[];False;False;721f4b478bcb55fc;[];nongkrong yuk di kafe biasa
2243;99;0;5906809.0;system;;[];False;False;fbff62b93c1ddab9;[];[Pesan sistem]
2244;99;51-100;5908484.0;text;;[];False;True;032029f68042bfa5;[];sumpah gw kaget banget passss tauuuu nilai ujiann gw ternyataaaa bagus banget!
2245;99;51-100;5908578.0;text;;[];False;False;917ffdf452fec813;[];gw lagi bingung milih topik skripsi antara dua tema yang sama menariknya
2246;99;11-50;5911317.0;text;;[];False;False;79f1679e48f8423e;[];masak sendiri lebih hemat sih
2247;99;11-50;5911331.0;text;;[];False;False;79f1679e48f8423e;[];es teh manis satu ya bang
2248;99;11-50;5911336.0;text;;[];False;False;79f1679e48f8423e;[];nongkrong yuk di kafe biasa
2249;99;11-50;5911347.0;text;;[];False;False;79f1679e48f8423e;[];gw mau pesen gofood dulu
2250;99;101-500;5912366.0;text;;[];False;False;7397f95ddabec5cf;[];kemarin malemmm gw sama temen temennnn nongkrong di warkopppp biasa sampe jammmm 12 malem. kitaaaa ngobrol banyakk hal dariiii mulai tugas kuliah, rencana liburan, sampe masalahh percintaan. seruu sihhh walau besoknya gw kesiangannn masukkkk kelassss pagi dan dosen negur di depan semua orang. malu tapi ya gimana lagi
2251;99;11-50;5912834.0;text;;[];False;False;79f1679e48f8423e;[];es teh manis satu ya bang
2252;99;11-50;5912837.0;text;;[];False;False;79f1679e48f8423e;[];tadi gw makan nasi padang
2253;99;51-100;5912849.0;text;;[];False;False;79f1679e48f8423e;[];dompet gw ilang kemarin di angkot tapi alhamdulillah ada yang nemuin
2254;100;51-100;5914684.0;text;;[];False;False;79f1679e48f8423e;[];kemarin gw ke toko buku beli novel baru sama buku referensi buat skripsi
2255;100;51-100;5914697.0;text;;[];True;False;79f1679e48f8423e;[];menurut lu gw harus ambil mata kuliah pilihan yang mana semester depan?
2256;100;11-50;5914725.0;text;;[];False;True;79f1679e48f8423e;[];keren abis presentasinya!
2257;100;51-100;5915175.0;text;;[];False;False;539af9901e277a0d;[];jangan lupa besok kumpul di lobby kampus jam 8 pagi buat berangkat... bareng
2258;100;11-50;5915198.0;text;;[];False;False;539af9901e277a0d;[];tugas kelompok bikin... pusing
2259;100;11-50;5915220.0;text;;[];False;False;539af9901e277a0d;[];gw mau ambil... cuti semester
2260;100;1-10;5915242.0;text;;['😣'];False;False;79f1679e48f8423e;[];sabi
2261;100;11-50;5915244.0;text;;[];False;False;79f1679e48f8423e;[];mie ayam pak kumis juara sih
2262;100;11-50;5915244.0;text;;[];False;False;79f1679e48f8423e;[];proposal skripsi gw ditolak
2263;100;11-50;5915436.0;text;;[];False;False;032029f68042bfa5;[];mieee ayamm pak kumis juara sihh
2264;100;11-50;5915444.0;text;;[];False;False;032029f68042bfa5;[];dosen pembimbingg susah ditemui
2265;101;51-100;5971770.0;text;;[];False;False;79f1679e48f8423e;[];tadi gw antri di administrasi kampus 2 jam cuma buat ngurus surat
2266;101;51-100;5971771.0;text;;[];False;False;79f1679e48f8423e;[];duit jajan gw abis padahal baru tanggal 15 harus ngirit banget nih
2267;101;51-100;5971775.0;text;;[];False;False;79f1679e48f8423e;[];laptop gw mulai lemot nih kayaknya harus install ulang atau ganti RAM
2268;101;51-100;5971776.0;text;;[];False;False;79f1679e48f8423e;[];gw lagi dengerin podcast tentang psikologi, lumayan buat nambah wawasan
2269;101;51-100;5971777.0;text;;[];False;False;79f1679e48f8423e;[];laptop gw mulai lemot nih kayaknya harus install ulang atau ganti RAM
2270;101;51-100;5971856.0;text;;[];False;False;79f1679e48f8423e;[];laptop gw mulai lemot nih kayaknya harus install ulang atau ganti RAM
2271;101;51-100;5972173.0;text;;[];False;False;79f1679e48f8423e;[];gw lagi dengerin podcast tentang psikologi, lumayan buat nambah wawasan
2272;101;101-500;5972215.0;text;;[];False;False;79f1679e48f8423e;[];minggu lalu gw akhirnya beraniin diri buat ngomong sama dosen pembimbing soal progress skripsi yang mandek. ternyata beliau pengertian banget dan kasih banyak masukan yang berguna. gw nyesel ga ngomong dari awal soalnya selama ini gw cuma takut ditolak atau dimarahin padahal dosennya baik banget
2273;101;11-50;5972809.0;text;;[];False;False;ac4607085ba516fd;[];CUACA HARI INI PANAS BANGET
2274;101;1-10;5973586.0;text;;[];False;False;093afc7b396c4aa4;[];iyaa!!
2275;101;1-10;5973640.0;text;;['🙂'];False;False;539af9901e277a0d;[];hem
2276;101;11-50;5974135.0;text;;[];False;False;f4064e0c91edb2af;[];bentar ya gw lg di jalan
2277;101;11-50;5975091.0;text;;[];False;True;b96c35176bdca401;[];bahaya banget,,, jalanannya!
2278;101;101-500;5975128.0;text;;['😏', '😊', '😉'];False;False;79f1679e48f8423e;[];gw baru selesai nonton dokumenter tentang kehidupan nelayan di pesisir utara Jawa. sedih banget liat perjuangan mereka yang harus melaut berhari hari cuma buat dapet ikan yang harganya ga seberapa di pasar. bikin gw makin bersyukur sih sama kehidupan gw sekarang walau kadang ngeluh juga
2279;101;11-50;5975366.0;text;;['🤣'];False;False;87fe972586c55829;[];bentar ya gw lg di jalan
2280;101;101-500;5975381.0;text;;['🏎'];False;False;de034364b8eb3dd0;[];minggu lalu gw akhirnya beraniin diri buat ngomong sama dosen pembimbing soal progress skripsi yang mandek. ternyata beliau pengertian banget dan kasih banyak masukan yang berguna. gw nyesel ga ngomong dari awal soalnya selama ini gw cuma takut ditolak atau dimarahin padahal dosennya baik banget!!!
2281;101;11-50;5977102.0;text;;[];False;True;58ae85b7e2ff8ac9;[];gokil aibs pertandingannya!
2282;101;101-500;5978395.0;text;;['🏎'];False;False;032029f68042bfa5;[];minggu lalu gw akhirnya beraniin diri buatt ngomong samaaa dosen pembimbingggg soallll progressss skripsi yang mandek. ternyata beliauuu pengertiannnn banget dannn kasih banyak masukannnn yang berguna. gw nyesell ga ngomong dari awal soalnyaaa selama ini gw cuma takut ditolakk atau dimarahinnn padahal dosennya baik bangett
2283;102;101-500;5995902.0;text;;[];False;False;b96c35176bdca401;[];tadi siang gw makan,,, di warung,,, makan baru,,, deket gerbang belakang kampus. nasi gorengnya lumayan enak dan harganya,,, murah banget,,, cuma 12 ribu udah sama es teh. kayaknya bakal jadi langganan baru deh soalnya warteg biasa gw udah mulai naik harga dan,,, porsinya makin,,, dikit aja
2284;102;11-50;5996958.0;text;;[];False;False;26a750cee28c8c71;[];album baru dia enak bgt
2285;102;101-500;6002966.0;text;;['🏎'];False;False;79f1679e48f8423e;[];tadi siang gw makan di warung makan baru deket gerbang belakang kampus. nasi gorengnya lumayan enak dan harganya murah banget cuma 12 ribu udah sama es teh. kayaknya bakal jadi langganan baru deh soalnya warteg biasa gw udah mulai naik harga dan porsinya makin dikit aja
2286;102;11-50;6002966.0;text;;[];False;False;79f1679e48f8423e;[];konser itu mahal banget tiketnya
2287;103;11-50;6012625.0;image/jpeg;;[];True;False;7827349a58fdc6b4;[];[Foto]
2288;103;1-10;6012676.0;text;;[];False;False;3751fa98ec8acbb5;[];GPP
2289;103;11-50;6012706.0;text;;[];False;False;3751fa98ec8acbb5;[];PROPOSAL SKRIPSI GW DITOLAK
2290;103;11-50;6012717.0;text;;[];False;False;3751fa98ec8acbb5;[];MIE AYAM PAK KUMIS JUARA SIH
2291;103;11-50;6012795.0;text;;[];False;False;f4064e0c91edb2af;[];kelas tambahan hari sabtu sih
2292;103;1-10;6012814.0;text;;[];False;False;3751fa98ec8acbb5;[];DONE
2293;103;11-50;6012848.0;text;;[];False;False;f4064e0c91edb2af;[];warteg depan kampus enak
2294;103;11-50;6012877.0;text;;[];False;False;3751fa98ec8acbb5;[];GW LAPER BANGET NIH
2295;104;0;6061311.0;system;;[];False;False;79f1679e48f8423e;[];[Pesan sistem]
2296;104;51-100;6061341.0;text;;[];False;False;79f1679e48f8423e;[];weekend ini gw mau staycation aja di kosan binge watching series baru
2297;104;101-500;6064324.0;text;;['😅'];False;True;b96c35176bdca401;[];yesss gw akhirnya dapet nilai a di mata kuliah,,, yang paling gw takutin selama ini! padahal gw udah,,, pasrah banget,,, pas ujian soalnya soalnya,,, susah parah. ternyata tugas dan presentasi,,, gw nilainya bagus,,, jadi bisa nutupin,,, nilai ujian. alhamdulillah banget,,, perjuangan ga sia sia!,,,
2298;104;51-100;6064356.0;text;;[];False;False;b96c35176bdca401;[];weekend ini,,, gw mau,,, staycation aja,,, di kosan binge watching series baru
2299;104;0;6064569.0;image/jpeg;;[];False;False;d3c37841e2089cb6;[];[Foto]
2300;104;51-100;6065524.0;text;;[];False;False;917ffdf452fec813;[];gw lagi bingung milih topik skripsi antara dua tema yang sama menariknya
2301;104;101-500;6066099.0;text;;['😂'];False;True;6fea6a8c9a6b9ad5;[];YESSS gw akhirnya dapet nilai A di mata kuliah yang paling gw... takutin selama ini!... padahal gw udah pasrah banget... pas... ujian soalnya soalnya... susah parah. ternyata tugas dan presentasi gw nilainya bagus jadi bisa nutupin... nilai ujian. alhamdulillah banget perjuangan ga... sia sia!
2302;104;51-100;6067160.0;text;;[];False;False;b96c35176bdca401;[];dompet gw ilang kemarin,,, di angkot,,, tapi alhamdulillah,,, ada,,, yang nemuin
2303;104;51-100;6068117.0;text;;[];False;False;eab9c5046b166684;[];Tadi di kantin ketemu anak angkatan bawah yang kenal sama temen SMA gw.
2304;104;51-100;6069219.0;text;;[];False;False;5f63e1330cbc5049;[];gw lagii bingung milih topik skripsiii antaraaaa dua tema yang sama menariknyaaaa
2305;104;51-100;6069389.0;text;;[];False;False;7397f95ddabec5cf;[];gw udah downloadddd semuaaaa materi kuliah tapi belummm sempatttt bacaaa sama sekali
2306;104;11-50;6069896.0;text;;[];False;False;b96c35176bdca401;[];nongkrong yuk di kafe biasa
2307;104;11-50;6069925.0;text;;[];False;False;7397f95ddabec5cf;[];tadi gw makan nasiiii padang
2308;104;1-10;6070440.0;text;;['👌🏽'];False;False;917ffdf452fec813;[];woy
2309;104;101-500;6072925.0;text;;[];False;False;abec316405b84971;[];kemarin malem gw sama,,, temen temen nongkrong di warkop biasa sampe jam 12 malem. kita ngobrol banyak hal dari mulai tugas kuliah, rencana liburan,,,, sampe masalah percintaan.,,, seru sih walau besoknya gw kesiangan masuk kelas pagi,,, dan dosen negur di depan semua,,, orang. malu,,, tapi,,, ya gimana lagi,,,
2310;104;101-500;6084979.0;text;;[];False;False;c1084b7e5fa3ce87;[];kemarin malem gw sm temen temen nongkrong di warkop biasa sampe jam 12 malem. kita ngobrol banyak hal dr mulai tugas kuliah, rencana liburan, sampe masalah percintaan. seru sih walau besoknya gw kesiangan masuk kelas pagi dan dosen negur di depan smua orang. malu tp ya gmn lg
2311;104;51-100;6084981.0;text;;[];False;False;c1084b7e5fa3ce87;[];weekend ni gw mau staycation aja di kosan binge watching series baru
2312;104;11-50;6085088.0;text;;[];False;True;58ae85b7e2ff8ac9;[];enak bgt makanannya!
2313;104;11-50;6085204.0;text;;[];False;False;c1084b7e5fa3ce87;[];porsi makan gw nambah terus
2314;104;1-10;6094501.0;text;;[];False;False;e17092221f4d7414;[];cuy
2315;104;11-50;6094506.0;text;;[];False;False;e17092221f4d7414;[];tadi gw makan nasi padang
2316;104;11-50;6094508.0;text;;[];False;False;e17092221f4d7414;[];gw mau nyoba restoran baru
2317;105;11-50;6132396.0;text;;[];False;False;e17092221f4d7414;[];nongkrong yuk di kafe biasa
2318;105;51-100;6132614.0;text;;['😍', '😊'];False;True;721f4b478bcb55fc;[];sumpah gw kaget banget pas tau... nilai ujian gw ternyata... bagus banget!
2319;105;1-10;6137147.0;text;;[];False;False;917ffdf452fec813;[];bener
2320;106;0;6327937.0;system;;[];False;False;58ae85b7e2ff8ac9;[];[Pesan sistem]
2321;106;101-500;6327995.0;text;;[];False;True;58ae85b7e2ff8ac9;[];yesss gw akhirnya dapet nilai a di mata kulaih yg paling gw takutin selama ni! padahal gw uadh pasrah bgt pas ujian soalnya soalnya susah parah. ternyata tugas dan presentasi gw nilainya bagus jaid bs nutupin nilai ujian. alhamdulillah bgt perjuanagn ga sia sia!
2322;106;101-500;6328392.0;image/jpeg;;[];False;False;d2e8be8c0c888b0a;[];[Foto]
2323;106;0;6328393.0;image/jpeg;;[];False;False;d2e8be8c0c888b0a;[];[Foto]
2324;106;101-500;6329035.0;text;;[];False;True;e943d1778c4fda1c;[];yessss gw akhirnyaaaa dapet nilai a di mataaaa kuliah yang paling gw takutin selamaaa ini! padahal gw udah pasrah banget pas ujian soalnya soalnya susah parah. ternyata tugass dan presentasi gw nilainyaaa bagussss jadi bisa nutupin nilaiiii ujian. alhamdulillahhh bangett perjuangan ga sia sia!
2325;106;101-500;6330578.0;text;;[];False;False;439b09084bba48ed;[];gw lagi galau banget nih soal masa depan. mau lanjut S2 tapi duit ga ada, mau langsung kerja tapi pengalaman masih minim. nyokap bilang terserah gw aja tapi gw tau dia pengen gw cepet kerja biar bisa bantu ekonomi keluarga. bingung banget sih, kayak semua pilihan ada plus minusnya!!!
2326;106;11-50;6338361.0;text;;['👏🏼'];False;True;e943d1778c4fda1c;[];keren abis presentasinya!
2327;106;11-50;6338361.0;text;;['👏🏼'];False;True;e943d1778c4fda1c;[];keren abis presentasinya!
2328;107;101-500;6406503.0;text;;['🚨', '🧑\u200d🏫', '👩\u200d🏫', '📄', '🖱️'];False;True;79f1679e48f8423e;[];temen temen gw baru aja ngasih surprise ulang tahun yang paling berkesan dalam hidup gw! mereka diem diem booking tempat makan favorit gw dan undang semua temen deket. ada kue tart dan hadiah yang gw pengen dari lama. gw sampe nangis terharu sumpah ga nyangka mereka sebaik itu!
2329;107;101-500;6406504.0;text;;['🚨', '🧑\u200d🏫', '👩\u200d🏫', '📄', '🖱️'];False;True;79f1679e48f8423e;[];gila sih guys tadi pas gw lagi di jalan tiba tiba motor gw diserempet sama mobil yang belok tanpa sein! untung gw ga jatoh tapi spion gw patah dan baret di bodi motor. orangnya langsung kabur lagi ga tanggung jawab! sumpah kesel banget gw sampe sekarang masih gemetaran!
2330;107;101-500;6406509.0;text;;['🚨', '🧑\u200d🏫', '👩\u200d🏫', '📄', '🖱️'];False;True;79f1679e48f8423e;[];temen temen gw baru aja ngasih surprise ulang tahun yang paling berkesan dalam hidup gw! mereka diem diem booking tempat makan favorit gw dan undang semua temen deket. ada kue tart dan hadiah yang gw pengen dari lama. gw sampe nangis terharu sumpah ga nyangka mereka sebaik itu!
2331;107;1-10;6406605.0;text;;[];False;False;917ffdf452fec813;[];anjay
2332;107;51-100;6407337.0;text;;[];False;False;87fe972586c55829;[];adek gw mau... masuk... kuliah tahun depan gw hrs bantu cariin info... jurusan
2333;107;11-50;6409082.0;text;;[];False;True;439b09084bba48ed;[];seru banget tadi malem!!!
2334;107;11-50;6409083.0;text;;[];True;False;439b09084bba48ed;[];kenapa ga bales chat gw!!
2335;107;11-50;6409167.0;text;;[];True;False;3937cb7a5a08899b;[];kenapa ga bales chat gw?
2336;107;11-50;6409193.0;text;;[];False;False;f1559a66844db6cf;[];keluarga ngumpul lebaran ntr
2337;107;11-50;6409333.0;text;;[];False;True;439b09084bba48ed;[];ngakak gw liat video itu!!
2338;107;51-100;6410166.0;text;;[];True;False;87fe972586c55829;[];siapa sih yg spread gosip tu ke grup sebelah, tau ga orangnya?...
2339;107;11-50;6411040.0;text;;[];False;False;f1559a66844db6cf;[];kakak gw baru aja nikah
2340;107;1-10;6411052.0;text;;[];False;False;87fe972586c55829;[];gini
2341;107;11-50;6411054.0;text;;[];False;False;87fe972586c55829;[];bokap gw lg di luar kota
2342;107;51-100;6411644.0;text;;[];False;False;3937cb7a5a08899b;[];tadi pagi gw olahraga lari keliling kampus 5 putaran badan pegel semua...
2343;107;11-50;6413932.0;application/pdf;;[];False;False;ed15eaa8de474ecd;[];[Dokumen PDF]
2344;107;0;6416425.0;audio;;[];False;False;f1559a66844db6cf;[];[Voice Note]
2345;107;0;6416452.0;audio;;[];False;False;f1559a66844db6cf;[];[Voice Note]
2346;107;11-50;6423918.0;text;;[];True;False;d3c37841e2089cb6;[];siapa aja yg dateng?
2347;107;11-50;6423929.0;text;;['🥴', '😔'];False;False;d3c37841e2089cb6;[];bokap gw lg di luar kota
2348;107;11-50;6423993.0;text;;[];False;False;f1559a66844db6cf;[];film baru di bioskop bagus ga
2349;107;11-50;6424015.0;text;;[];False;False;f1559a66844db6cf;[];gw baru aja ketemu mantan
2350;107;11-50;6424065.0;text;;[];False;False;d3c37841e2089cb6;[];gw lg marathon drakor nih
2351;107;1-10;6424073.0;text;;[];False;False;d3c37841e2089cb6;[];nice
2352;107;11-50;6424092.0;text;;['😍'];False;False;d3c37841e2089cb6;[];gw lg marathon drakor nih
2353;107;11-50;6424158.0;text;;[];False;False;3937cb7a5a08899b;[];film baru di... bioskop bagus ga
2354;107;11-50;6424173.0;text;;[];False;False;3937cb7a5a08899b;[];nyokap nanya kapan lulus
2355;107;11-50;6424175.0;text;;[];False;False;3937cb7a5a08899b;[];film baru di bioskop bagus ga
2356;107;11-50;6424193.0;text;;[];False;False;3937cb7a5a08899b;[];adek gw masuk SMA tahun ini
2357;107;101-500;6424313.0;text;;[];False;False;f1559a66844db6cf;[];gw pengen curhat sedikit nih. akhir akhir ni gw ngerasa burnout bgt sm rutinitas kuliah yg tu tu aja. bangun pagi, kuliah, tugas, tidur, repeat. kadang gw ngerasa kyk robot yg cuma jalan sesuai program tanpa tau tujuan akhirnya apa. mgkn gw butuh liburan beneran buat refresh otak
2358;107;11-50;6424409.0;text;;[];False;False;3937cb7a5a08899b;[];adek gw masuk SMA tahun ini
2359;107;11-50;6424412.0;text;;[];False;False;3937cb7a5a08899b;[];duit bulanan belum dikirim
2360;107;11-50;6424428.0;text;;[];False;False;3937cb7a5a08899b;[];gw baru aja ketemu mantan
2361;108;0;6479220.0;system;;[];False;False;240250ced91769e5;[];[Pesan sistem]
2362;108;11-50;6479238.0;text;;[];False;True;240250ced91769e5;[];ngakak gw liat video itu!!!
2363;109;0;6501890.0;image/jpeg;;[];False;False;79f1679e48f8423e;[];[Foto]
2364;109;0;6501892.0;image/jpeg;;[];False;False;79f1679e48f8423e;[];[Foto]
2365;109;0;6527497.0;image/jpeg;;[];False;False;3ba602286f4df36e;[];[Foto]
2366;110;11-50;6572768.0;text;;['😉'];True;False;58ae85b7e2ff8ac9;[];ntar malem ngapain?
2367;110;1-10;6573240.0;text;;['🥳'];False;False;ac4607085ba516fd;[];GPP
2368;110;11-50;6573728.0;text;;[];False;False;ac4607085ba516fd;[];PROPOSAL SKRIPSI GW DITOLAK
2369;110;51-100;6573736.0;text;;[];False;False;ac4607085ba516fd;[];GW LAGI MIKIRIN MAU AMBIL MAGANG DI PERUSAHAAN MANA BUAT SEMESTER DEPAN
2370;110;51-100;6573793.0;text;;['🚗'];False;False;ac4607085ba516fd;[];KEMARIN GW KE TOKO BUKU BELI NOVEL BARU SAMA BUKU REFERENSI BUAT SKRIPSI
2371;110;11-50;6573873.0;text;;[];False;False;ac4607085ba516fd;[];DOSEN PEMBIMBING SUSAH DITEMUI
2372;110;51-100;6573976.0;text;;['🚗'];False;False;58ae85b7e2ff8ac9;[];gw udah bikin slides presentasi tp kaykanya msh kurang baugs deh isinya
2373;110;51-100;6574578.0;text;;['🚗'];False;False;032029f68042bfa5;[];gw udah bikin slidesss presentasiii tapi kayaknyaaaa masihh kurang bagus dehhhh isinya
2374;110;51-100;6574617.0;text;;[];False;False;032029f68042bfa5;[];kemarinnnn gw ke toko buku beli novel baru sama buku referensi buat skripsiii
2375;110;51-100;6574622.0;text;;[];False;False;ac4607085ba516fd;[];KOSAN GW BOCOR LAGI PAS HUJAN SEMALAM, KASUR GW BASAH SEMUA PARAH BANGET
2376;110;1-10;6574630.0;text;;['😊'];False;False;ac4607085ba516fd;[];SABI
2377;110;101-500;6580402.0;text;;['🚗'];False;False;0c13b967cd2c4542;[];gw lg galau bgt nih soal masa depan. mau lanjut... s2 tp duit ga ad, mau langsung kerja tp pengalaman msh minim. nyokap bilang terserah... gw aja tp... gw tau dia pengen gw cepet kerja biar... bs bantu ekonomi keluarga. bingung bgt... sih, kyk smua pilihan ad plus... minusnya
2378;110;51-100;6583336.0;text;;[];False;False;7827349a58fdc6b4;[];kemarin gw ke toko buku beli noevl baru sm buku referensi buat skripsi
2379;110;51-100;6583359.0;text;;[];False;False;7827349a58fdc6b4;[];gw lg miikrin mau ambil magang di perusahaan mnaa buta semester depan
2380;110;51-100;6584769.0;text;;[];True;False;c89e26acfe93ea36;[];menurut lu gw harus ambil mata kuliah pilihan yang mana semester depan?
2381;110;101-500;6584797.0;text;;['🚗'];False;False;c89e26acfe93ea36;[];gw lagi galau banget nih soal masa depan. mau lanjut s2 tapi duit ga ada, mau langsung kerja tapi pengalaman masih minim. nyokap bilang terserah gw aja tapi gw tau dia pengen gw cepet kerja biar bisa bantu ekonomi keluarga. bingung banget sih, kayak semua pilihan ada plus minusnya
2382;110;101-500;6585483.0;text;;['🚗'];False;False;8ca79bd486c44d4b;[];gw lagi galau banget nih soal masa depan. mau lanjut S2 tapi... duit ga ada, mau langsung kerja tapi pengalaman... masih minim. nyokap bilang terserah gw aja tapi gw tau... dia pengen gw cepet kerja biar... bisa bantu ekonomi keluarga.... bingung banget sih, kayak semua pilihan ada plus... minusnya
2383;110;101-500;6585486.0;text;;['🚗'];False;False;f8e26c8525ed76f0;[];gw lg galau... bgt nih... soal masa depan. mau lanjut s2 tp... duit ga ad,... mau langsung kerja tp pengalaman msh minim. nyokap bilang... terserah gw aja tp gw tau dia pengen gw cepet kerja... biar... bs bantu ekonomi... keluarga. bingung bgt sih, kyk smua... pilihan ad plus minusnya
2384;110;11-50;6585493.0;text;;[];False;False;8ca79bd486c44d4b;[];tugas kelompok bikin pusing
2385;110;101-500;6585507.0;text;;['🚗'];False;False;8ca79bd486c44d4b;[];gw lagi galau banget nih soal masa depan. mau lanjut S2 tapi duit ga ada, mau langsung kerja tapi pengalaman... masih minim. nyokap bilang terserah gw aja tapi gw tau... dia pengen gw cepet kerja biar bisa bantu ekonomi keluarga.... bingung banget sih, kayak semua... pilihan ada plus minusnya
2386;110;11-50;6585513.0;text;;['😊'];False;False;f8e26c8525ed76f0;[];sidang minggu depan... doain ya
2387;110;51-100;6591558.0;text;;[];False;False;917ffdf452fec813;[];kosan gw bocor lagi pas hujan semalam, kasur gw basah semua parah banget
2388;110;11-50;6592298.0;text;;['😫'];False;False;79f1679e48f8423e;[];sidang minggu depan doain ya
2389;110;11-50;6592717.0;text;;['🫣'];False;False;5f63e1330cbc5049;[];mie ayam pak kumis juara sih
2390;110;101-500;6592956.0;text;;['🚗'];False;False;e18e17680181d232;[];gw lg galau bgt nih soal masa depan. mau lanjut s2 tp duit ga ad, mau langsung kerja tp pengalaman msh minim. nyokap bilang terserah gw aja tp gw tau dia pengen gw cepet kerja biar bs bantu ekonomi keluarga. bingung bgt sih, kyk smua pilihan ad plus minusnya
2391;110;11-50;6595361.0;text;;[];True;False;e17092221f4d7414;[];gimana kabar lu sekarang?
2392;110;51-100;6595385.0;text;;[];False;False;e17092221f4d7414;[];kemarin gw ke toko buku beli novel baru sama buku referensi buat skripsi
2393;110;1-10;6595391.0;text;;['🤣'];False;False;e17092221f4d7414;[];tuh
2394;110;101-500;6595434.0;text;;['🚗'];False;False;e17092221f4d7414;[];gw lagi galau banget nih soal masa depan. mau lanjut s2 tapi duit ga ada, mau langsung kerja tapi pengalaman masih minim. nyokap bilang terserah gw aja tapi gw tau dia pengen gw cepet kerja biar bisa bantu ekonomi keluarga. bingung banget sih, kayak semua pilihan ada plus minusnya
2395;110;11-50;6601316.0;text;;['😓'];False;False;721f4b478bcb55fc;[];proposal skripsi gw ditolak
2396;110;101-500;6603245.0;text;;['🚗'];False;False;c1084b7e5fa3ce87;[];gw lg galau bgt nih soal masa depan. mau lanjut s2 tp duit ga ad, mau langsung kerja tp pengalaman msh minim. nyokap bilang terserah gw aja tp gw tau dia pengen gw cepet kerja biar bs bantu ekonomi keluarga. bingung bgt sih, kyk smua pilihan ad plus minusnya
2397;110;101-500;6603284.0;text;;[];False;False;c1084b7e5fa3ce87;[];gw lg galau bgt nih soal masa depan. mau lanjut s2 tp duit ga ad, mau langsung kerja tp pengalaman msh minim. nyokap bilang terserah gw aja tp gw tau dia pengen gw cepet kerja biar bs bantu ekonomi keluarga. bingung bgt sih, kyk smua pilihan ad plus minusnya
2398;110;101-500;6605098.0;text;;[];False;False;e17092221f4d7414;[];gw lagi galau banget nih soal masa depan. mau lanjut s2 tapi duit ga ada, mau langsung kerja tapi pengalaman masih minim. nyokap bilang terserah gw aja tapi gw tau dia pengen gw cepet kerja biar bisa bantu ekonomi keluarga. bingung banget sih, kayak semua pilihan ada plus minusnya
2399;110;1-10;6605106.0;text;;[];False;False;e17092221f4d7414;[];gaje
2400;110;11-50;6607476.0;text;;[];True;False;c89e26acfe93ea36;[];boleh gw ikut ga?
2401;110;11-50;6607488.0;text;;[];False;False;8ca79bd486c44d4b;[];seminar tadi lama banget
2402;110;11-50;6607520.0;text;;[];False;False;de034364b8eb3dd0;[];seminar tadi lama banget!!!
2403;110;51-100;6607543.0;text;;[];False;False;8ca79bd486c44d4b;[];kosan gw bocor lagi pas... hujan semalam, kasur gw basah semua parah banget
2404;110;1-10;6609499.0;text;;['😂'];False;False;96b3e643d75185ec;[];tuh
2405;110;51-100;6615190.0;text;;[];True;False;ea7b24de5ff7fd3f;[];menurut lu gw harus ambil mata kuliah pilihan yang mana semester depan!!
2406;111;11-50;6690434.0;text;;[];True;True;6fea6a8c9a6b9ad5;[];booking duluan apa... langsung aja?
2407;111;11-50;6690442.0;text;;['🤓'];False;False;6fea6a8c9a6b9ad5;[];futsal besok jadi... ga
2408;111;11-50;6690539.0;text;;[];False;True;b96c35176bdca401;[];stress berat gw sama tugas!
2409;111;1-10;6690563.0;text;;[];False;False;87fe972586c55829;[];sans
2410;111;1-10;6690568.0;text;;[];False;False;87fe972586c55829;[];oot
2411;111;51-100;6690773.0;text;;[];False;False;b96c35176bdca401;[];gw baru dapet info,,, beasiswa buat semester depan mau,,, coba daftar deh
2412;111;101-500;6690956.0;text;;[];False;False;b96c35176bdca401;[];tadi siang,,, gw makan,,, di warung makan baru deket gerbang belakang kampus. nasi gorengnya lumayan enak,,, dan harganya,,, murah banget cuma 12 ribu udah,,, sama es teh.,,, kayaknya bakal jadi,,, langganan baru deh soalnya warteg biasa gw udah mulai naik,,, harga dan porsinya makin dikit aja
2413;111;11-50;6690980.0;text;;[];False;False;b96c35176bdca401;[];podcast yg lu rekomen mana
2414;111;101-500;6691006.0;text;;[];False;False;b96c35176bdca401;[];tadi siang gw makan di warung makan baru deket,,, gerbang belakang kampus.,,, nasi gorengnya lumayan enak dan harganya,,, murah banget cuma 12,,, ribu udah,,, sama es teh. kayaknya bakal jadi langganan baru deh soalnya,,, warteg biasa gw udah mulai naik harga dan porsinya makin dikit aja
2415;111;1-10;6691028.0;text;;[];False;False;87fe972586c55829;[];dih
2416;111;11-50;6691028.0;text;;[];False;False;87fe972586c55829;[];futsal besok jadi ga
2417;111;1-10;6691036.0;text;;[];False;False;b96c35176bdca401;[];ih
2418;111;11-50;6691082.0;text;;[];False;False;b96c35176bdca401;[];series itu endingnya zonk bgt
2419;111;101-500;6691407.0;text;;['🚶🏻\u200d♂️', '🚶\u200d♀️', '🚶🏻\u200d♀️'];False;False;b96c35176bdca401;[];tadi siang,,, gw makan di warung makan baru deket gerbang belakang kampus.,,, nasi gorengnya lumayan enak dan harganya,,, murah banget cuma 12 ribu udah sama es teh. kayaknya,,, bakal jadi langganan baru deh soalnya warteg biasa,,, gw udah,,, mulai naik,,, harga dan porsinya makin dikit aja
2420;111;11-50;6691422.0;text;;[];False;False;87fe972586c55829;[];futsal besok jadi ga
2421;111;11-50;6691489.0;text;;[];False;True;b96c35176bdca401;[];akhirnya kelar juga nih!
2422;111;11-50;6691517.0;text;;['😮\u200d💨', '🤣'];False;False;6fea6a8c9a6b9ad5;[];podcast yg lu rekomen... mana
2423;111;1-10;6691532.0;text;;['😂'];False;False;b96c35176bdca401;[];kuy
2424;111;51-100;6691562.0;text;;[];False;False;6fea6a8c9a6b9ad5;[];dosen killer itu ternyata baik banget orangnya kalo diajak ngobrol santai
2425;111;11-50;6691610.0;text;;[];False;False;87fe972586c55829;[];series tu endingnya zonk bgt...
2426;111;11-50;6691628.0;text;;[];False;False;87fe972586c55829;[];badminton yuk sore ni
2427;111;11-50;6691633.0;text;;[];False;False;b96c35176bdca401;[];manga terbaru udah,,, keluar loh
2428;111;11-50;6691653.0;text;;[];True;False;b96c35176bdca401;[];booking duluan,,, apa langsung aja?
2429;111;11-50;6691669.0;text;;[];False;False;87fe972586c55829;[];badminton yuk sore ni
2430;111;11-50;6691688.0;text;;[];False;False;87fe972586c55829;[];game baru udah download... blm
2431;111;51-100;6691739.0;text;;[];False;False;b96c35176bdca401;[];gw baru dapet info beasiswa buat,,, semester depan mau coba daftar deh,,,
2432;111;1-10;6691745.0;text;;[];False;False;87fe972586c55829;[];dih
2433;111;51-100;6693149.0;text;;[];False;False;e17092221f4d7414;[];gw gagal diet lagi soalnya tadi sore diajak makan bakso sama temen
2434;111;51-100;6693425.0;text;;[];False;False;032029f68042bfa5;[];dosen killerrrr ituuu ternyata baikkkk banget orangnya kaloooo diajakkk ngobrolll santaii
2435;111;11-50;6693433.0;text;;[];False;False;032029f68042bfa5;[];manga terbaru udah keluar loh
2436;111;51-100;6693477.0;text;;[];True;False;032029f68042bfa5;[];kiraaaa kiraaa kaloooo gw apply magangggg sekarang masih keburu ga ya?
2437;111;101-500;6693836.0;text;;['😔'];True;False;e17092221f4d7414;[];menurut kalian kenapa ya generasi kita tuh kayaknya lebih gampang stres dan burnout dibanding generasi orang tua kita dulu? apa karena tekanan sosmed atau emang tuntutan hidup yang makin tinggi ya? gw penasaran aja sih soalnya temen temen gw banyak yang ngeluh hal yang sama
2438;111;101-500;6694031.0;text;;[];False;False;c1222dade0e51982;[];tadi saing gw makan di waurng makan brau dekte gerbang belakagn kamups. nsai gorengnya lumayan enak dan harganya murah bgt cuma 12 ribu udah sm es teh. kayaknya bakal jaid langganan baru deh soalnya warteg bisaa gw udah mulai naki harga dan porsinya makin dikit aja
2439;111;101-500;6694072.0;text;;[];False;False;c1222dade0e51982;[];tadi siang gw makan di warung makan baru deket gerbang bleakang kampus. nasi gorengnya lumayna enak dan harganya murah bgt cmua 12 rbiu uadh sm es teh. kaykanya bakal jadi langganan baru deh soalnya warteg biasa gw udah muali naik harga dan porsinya makin dikit aja
2440;111;11-50;6694548.0;text;;[];False;False;032029f68042bfa5;[];futsal besok jadi ga
2441;111;51-100;6694681.0;text;;[];False;False;c1222dade0e51982;[];gw baru dpaet info beasiswa buat semseter deapn mau coba daftar deh
2442;111;11-50;6694817.0;text;;[];False;True;032029f68042bfa5;[];stress beratttt gw sama tugas!
2443;111;11-50;6694824.0;text;;[];True;False;032029f68042bfa5;[];tadi ngomong apa sihhhh dosennya?
2444;111;51-100;6694899.0;text;;[];False;False;c1222dade0e51982;[];gw baur dapet info beasiswa buat semester deapn mau cboa daftar deh
2445;111;101-500;6695505.0;text;;['🐶'];False;False;b96c35176bdca401;[];tadi siang gw,,, makan di warung makan baru deket gerbang belakang kampus. nasi gorengnya lumayan enak dan harganya,,, murah banget cuma 12 ribu udah sama es teh.,,, kayaknya bakal jadi langganan baru deh,,, soalnya warteg biasa gw udah,,, mulai naik harga dan porsinya makin dikit aja
2446;111;11-50;6695530.0;text;;[];False;False;e17092221f4d7414;[];gw abis lari pagi tadi
2447;111;51-100;6696332.0;text;;[];False;False;032029f68042bfa5;[];gw harus gantii strategii belajar sih soalnya nilaii utsss kemarin jelek bgtttt
2448;111;51-100;6698773.0;text;;[];True;False;c1222dade0e51982;[];kiar kira kalo gw apply magang srkg msh kebruu ga ya?
2449;111;51-100;6698798.0;text;;[];False;False;c1222dade0e51982;[];gw baru dapet info beasisaw buat semester depan mau coab dfatar deh
2450;111;51-100;6698803.0;text;;[];False;False;c1222dade0e51982;[];dosen killer tu ternyata baik bgt orangnya kalo diaajk ngobrol santai
2451;111;101-500;6702009.0;text;;['🐶'];False;False;81af09304d01d08e;[];tadi siang gw makan di warung... makan baru deket gerbang belakang kampus. nasi gorengnya lumayan enak dan harganya... murah banget... cuma... 12 ribu udah... sama es teh.... kayaknya... bakal jadi langganan baru deh... soalnya warteg... biasa gw udah mulai naik harga dan porsinya makin dikit aja
2452;111;11-50;6702018.0;text;;['🥰'];False;False;81af09304d01d08e;[];series itu endingnya zonk bgt
2453;111;51-100;6702112.0;text;;[];False;False;81af09304d01d08e;[];semalam hujan gede... banget sampe kosan gw mati... lampu semaleman gila
2454;111;1-10;6702274.0;text;;[];False;False;b96c35176bdca401;[];sans
2455;111;101-500;6702309.0;text;;['🐶'];False;False;b96c35176bdca401;[];tadi siang,,, gw,,, makan di warung,,, makan baru deket,,, gerbang,,, belakang kampus. nasi gorengnya,,, lumayan enak dan harganya,,, murah banget cuma 12,,, ribu udah,,, sama es teh. kayaknya bakal jadi langganan baru deh soalnya,,, warteg biasa gw udah mulai naik harga dan porsinya makin,,, dikit,,, aja
2456;111;51-100;6702373.0;text;;[];False;False;b96c35176bdca401;[];dosen killer itu ternyata baik banget,,, orangnya kalo diajak ngobrol,,, santai
2457;112;11-50;6735233.0;text;;[];True;False;6fea6a8c9a6b9ad5;[];jadwal sidang kapan bro?
2458;112;11-50;6736076.0;text;;[];False;False;b96c35176bdca401;[];angkot ke sana masih ada ga,,,
2459;112;1-10;6736117.0;text;;['👍🏻'];False;False;6fea6a8c9a6b9ad5;[];wkwkw
2460;112;51-100;6737718.0;text;;[];True;False;b96c35176bdca401;['c1222dade0e51982', 'e17092221f4d7414'];lu pernah coba belajar bareng di perpus kota ga, enak ga disana?
2461;112;11-50;6737836.0;text;;[];False;False;87fe972586c55829;[];gw berantem sm si... anu
2462;112;11-50;6737844.0;text;;[];False;False;87fe972586c55829;[];si tu udah... putus katanya...
2463;112;51-100;6737859.0;text;;[];False;False;b96c35176bdca401;[];wifi kosan gw lemot banget jadi,,, gw ke,,, perpus aja buat ngerjain,,, tugas
2464;112;1-10;6737877.0;text;;[];False;False;87fe972586c55829;[];amin
2465;112;1-10;6737879.0;text;;[];False;False;b96c35176bdca401;[];setuju
2466;112;51-100;6737880.0;text;;[];True;False;b96c35176bdca401;[];lu pernah coba belajar,,, bareng di,,, perpus kota ga, enak ga disana?,,,
2467;112;11-50;6737898.0;text;;[];False;False;b96c35176bdca401;[];angkot ke sana masih,,, ada ga
2468;112;1-10;6737906.0;text;;[];False;False;87fe972586c55829;[];males
2469;112;11-50;6738000.0;text;;[];False;False;032029f68042bfa5;[];temenin gw dong besokk
2470;112;1-10;6738035.0;text;;[];False;False;b96c35176bdca401;[];cape
2471;112;11-50;6738058.0;text;;['😅'];False;False;b96c35176bdca401;[];angkot ke sana masih ada ga,,,
2472;112;11-50;6738156.0;text;;[];False;False;032029f68042bfa5;[];gw kangen temen temen smaaa
2473;112;11-50;6738164.0;text;;[];False;False;c1222dade0e51982;[];temen gw sakit masuk rs
2474;112;1-10;6738164.0;text;;[];False;False;b96c35176bdca401;[];udah
2475;112;11-50;6738183.0;text;;[];False;False;032029f68042bfa5;['c1222dade0e51982'];si ituuu udah putus katanyaaaa
2476;112;51-100;6738184.0;text;;[];False;False;b96c35176bdca401;[];wifi kosan,,, gw lemot,,, banget jadi,,, gw ke perpus aja buat ngerjain tugas
2477;112;1-10;6738195.0;text;;[];False;False;032029f68042bfa5;[];setujuuuu
2478;112;1-10;6738362.0;text;;[];False;False;e17092221f4d7414;[];sama
2479;112;11-50;6740697.0;text;;['😅', '🙈'];False;False;b96c35176bdca401;[];pacarnya baru siapa,,, sih,,,
2480;112;11-50;6740698.0;text;;[];True;False;b96c35176bdca401;[];jadwal sidang kapan bro?
2481;112;11-50;6740836.0;text;;[];False;False;c1222dade0e51982;[];angkot ke snaa msh ad ga
2482;112;11-50;6740935.0;text;;[];False;False;b96c35176bdca401;[];angkot ke sana masih,,, ada ga
2483;113;0;6850782.0;system;;[];False;False;26a750cee28c8c71;[];[Pesan sistem]
2484;113;51-100;6850783.0;text;;[];True;False;c89e26acfe93ea36;[];siapa sih yang spread gosip itu ke grup sebelah, tau ga orangnya?
2485;113;11-50;6850810.0;text;;[];False;False;c89e26acfe93ea36;[];film baru di bioskop bagus ga
2486;113;11-50;6858997.0;text;;[];False;False;b96c35176bdca401;[];gw kangen masakan rumah
2487;113;11-50;6861063.0;text;;[];False;False;917ffdf452fec813;[];bokap gw lagi di luar kota
2488;113;0;6862678.0;system;;[];False;False;26a750cee28c8c71;[];[Pesan sistem]
2489;113;0;6862757.0;system;;[];False;False;26a750cee28c8c71;[];[Pesan sistem]
2490;114;51-100;6906596.0;text;;[];False;False;7b173f576bc7b513;[];semalam hujan gede banget,,, sampe kosan gw mati lampu semaleman gila
2491;114;101-500;6906621.0;text;;[];False;True;7b173f576bc7b513;[];parah banget banjir,,, di,,, daerah kosan gw semalam,,, sampai,,, air,,, masuk ke,,, kamar setinggi betis! barang,,, barang gw,,, banyak yang,,, kerendem termasuk buku kuliah dan sepatu.,,, gw harus ngungsi ke kosan temen dan sekarang,,, lagi bersihin,,, semua barang. semoga ga ada yang,,, rusak parah,,, sih!
2492;115;11-50;6932386.0;application/pdf;;[];False;False;f4064e0c91edb2af;[];[Dokumen PDF]
2493;115;1-10;6950980.0;text;;[];False;False;87fe972586c55829;[];ok
2494;115;51-100;6954414.0;image/jpeg;;['☺️'];False;False;032029f68042bfa5;[];[Foto]
2495;115;51-100;6954418.0;image/jpeg;;['☺️'];False;False;032029f68042bfa5;[];[Foto]
2496;115;51-100;6954421.0;image/jpeg;;['☺️'];False;False;032029f68042bfa5;[];[Foto]
2497;115;11-50;6956505.0;text;;[];True;False;79f1679e48f8423e;[];tugas dikumpul kapan sih?
2498;115;1-10;6956568.0;text;;[];False;False;87fe972586c55829;[];hehe
2499;116;101-500;7011723.0;text;;[];False;True;0c13b967cd2c4542;[];gila sih guys tadi pas gw... lg di jalan tiba... tiba motor gw diserempet sm mobil yg belok tanpa sein!... untung... gw ga jatoh tp spion gw patah dan baret di bodi motor. orangnya langsung kabur... lg ga tanggung jawab! sumpah kesel bgt gw sampe skrg msh gemetaran!
2500;116;51-100;7011797.0;text;;[];False;False;0c13b967cd2c4542;[];gw lg nyoba masak rendang resep nyokap tp kayaknya... gagal... total deh
2501;116;11-50;7011832.0;text;;[];False;False;917ffdf452fec813;[];jangan lupa bawa duit cash
2502;116;51-100;7011904.0;text;;['👌🏻'];False;False;79f1679e48f8423e;[];motor gw mogok di tengah jalan tadi pagi jadi gw telat masuk kelas
2503;116;51-100;7011936.0;text;;[];False;True;b96c35176bdca401;[];parah banget,,, macetnya tadi di jalan,,,, gw sampe,,, telat 1,,, jam ke kampus!
2504;116;51-100;7011953.0;text;;[];False;False;b96c35176bdca401;[];gw harus nabung lebih banyak sih buat bayar,,, uang semester yang naik,,,
2505;116;11-50;7012003.0;text;;[];False;False;b96c35176bdca401;[];gw nyari,,, parkir dulu,,, bentar
2506;116;51-100;7012789.0;text;;[];False;False;559d0ee52d04602a;[];gw lagi nyoba masak rendang resep nyokap tapi kayaknya... gagal total deh
2507;116;51-100;7015392.0;text;;[];False;False;abec316405b84971;[];motor gw mogok,,, di,,, tengah jalan,,, tadi pagi jadi gw telat masuk kelas
2508;116;101-500;7015652.0;text;;[];False;False;eab9c5046b166684;[];Gw baru aja beres beresin kosan dan nemu barang barang lama dari jaman SMA. ada foto kelas, surat dari mantan, sama buku diary yang isinya cringe banget kalo dibaca sekarang. jadi nostalgia sendiri inget masa masa dulu yang lebih sederhana. kadang kangen juga sih jadi anak SMA lagi tanpa mikirin skripsi.
2509;116;101-500;7016237.0;text;;[];False;False;d3c37841e2089cb6;[];gw baru aja beres beresin kosan dan nemu barang barang lama dr jaman sma. ad foto kelas, surat dr mantan, sm buku diary yg isinya cringe bgt kalo dibaca skrg. jadi nostalgia sendiri inget masa masa dulu yg lebih sederhana. kadang kangen jg sih jadi anak sma lg tanpa mikirin skripsi
2510;116;0;7016290.0;unknown;;[];False;False;55afc0bc61329865;[];[Media tidak dikenal]
2511;116;101-500;7016305.0;text;;[];False;False;57d6f4e93ced23c1;[];Gw baru aja beres beresin kosan dan nemu barang barang lama dari jaman SMA. ada foto kelas, surat dari mantan, sama buku diary yang isinya cringe banget kalo dibaca sekarang. jadi nostalgia sendiri inget masa masa dulu yang lebih sederhana. kadang kangen juga sih jadi anak SMA lagi tanpa mikirin skripsi.
2512;116;101-500;7016326.0;text;;[];False;False;55afc0bc61329865;[];gw baru aja beres beresin kosan dan nemu barang barang lama dr jaman sma. ad foto kelas, surat dr mantan, sm buku diary yg isinya cringe bgt kalo dibaca skrg. jadi nostalgia sendiri inget masa masa dulu yg lebih sederhana. kadang kangen jg sih jadi anak sma lg tanpa mikirin skripsi
2513;116;101-500;7017941.0;text;;[];False;False;57d6f4e93ced23c1;[];Gw baru aja beres beresin kosan dan nemu barang barang lama dari jaman SMA. ada foto kelas, surat dari mantan, sama buku diary yang isinya cringe banget kalo dibaca sekarang. jadi nostalgia sendiri inget masa masa dulu yang lebih sederhana. kadang kangen juga sih jadi anak SMA lagi tanpa mikirin skripsi.
2514;116;101-500;7018992.0;text;;[];False;False;e18e17680181d232;[];gw baru aja beres beresin kosan dan nemu barang barang lama dr jaman sma. ad foto kelas, surat dr mantan, sm buku diary yg isinya cringe bgt kalo dibaca skrg. jadi nostalgia sendiri inget masa masa dulu yg lebih sederhana. kadang kangen jg sih jadi anak sma lg tanpa mikirin skripsi
2515;116;101-500;7019025.0;text;;[];False;False;7827349a58fdc6b4;[];gw baru aja beres beresin kosan dan nemu barang baarng lama dr jaman sma. ad foto kelas, surat dr mantan, sm buku diary yg isinya cringe bgt kalo dibaca skrg. jadi nostalgia sendrii inegt masa masa dluu yg lebhi sederhana. kaadng kangen jg sih jdai anak sma lg tanap mikirin skripsi
2516;116;101-500;7019903.0;text;;[];False;False;61d77eb9f6fcf403;[];gw baruuuu aja beresss beresin kosann dan nemu barang barang lamaaaa dari jaman sma. adaa foto kelas, surat dari mantan, sama bukuuuu diary yang isinya cringe bangetttt kalo dibaca sekarang. jadi nostalgia sendiri inget masa masa dulu yang lebih sederhana. kadang kangennn jugaaaa sih jadi anak smaa lagi tanpa mikirin skripsiii
2517;116;101-500;7020052.0;text;;[];False;False;7397f95ddabec5cf;[];gw baru aja beres beresin kosan dannnn nemu barang barang lamaaa dari jaman sma. adaaaa foto kelas, surat dari mantan, sama bukuuu diaryyyy yangggg isinya cringe bangettt kalooo dibaca sekarang. jadiiii nostalgia sendiri ingettt masaaaa masa duluuu yangggg lebihhhh sederhana. kadang kangenn jugaa sihh jadi anakkk smaaaa lagi tanpaaaa mikirinnnn skripsi
2518;116;101-500;7021328.0;text;;[];False;False;de034364b8eb3dd0;[];gw baru aja beres beresin kosan dan nemu barang barang lama dari jaman SMA. ada foto kelas, surat dari mantan, sama buku diary yang isinya cringe banget kalo dibaca sekarang. jadi nostalgia sendiri inget masa masa dulu yang lebih sederhana. kadang kangen juga sih jadi anak SMA lagi tanpa mikirin skripsi!!
2519;116;101-500;7021371.0;text;;[];False;False;c1084b7e5fa3ce87;[];gw baru aja beres beresin kosan dan nemu barang barang lama dr jaman sma. ad foto kelas, surat dr mantan, sm buku diary yg isinya cringe bgt kalo dibaca skrg. jadi nostalgia sendiri inget masa masa dulu yg lebih sederhana. kadang kangen jg sih jadi anak sma lg tanpa mikirin skripsi
2520;116;101-500;7021604.0;text;;[];False;False;7827349a58fdc6b4;[];gw baru aja beres beresin kosan dan nemu barang barang lama dr jaman sma. ad foto kelas, surat dr mantan, sm buku diary yg isinya crineg bgt kalo dibaca srkg. jaid nostalgia sendiri inget masa masa dulu yg lebih sederhnaa. kadang kanegn jg sih jadi anka sma lg tanpa mikirin skripsi
2521;116;101-500;7023255.0;text;;[];False;False;7b173f576bc7b513;[];gw baru aja beres beresin kosan dan nemu barang barang lama dari,,, jaman sma.,,, ada foto,,, kelas, surat,,, dari mantan, sama buku diary yang isinya cringe banget kalo dibaca sekarang. jadi nostalgia sendiri inget,,, masa masa dulu yang,,, lebih sederhana. kadang kangen juga sih,,, jadi anak sma lagi,,, tanpa mikirin skripsi,,,
2522;116;101-500;7029041.0;text;;[];False;False;f4064e0c91edb2af;[];gw baru aja beres beresin kosan dan nemu barang barang lama dari jaman SMA. ada foto kelas, surat dari mantan, sama buku diary yang isinya cringe banget kalo dibaca sekarang. jadi nostalgia sendiri inget masa masa dulu yang lebih sederhana. kadang kangen juga sih jadi anak SMA lagi tanpa mikirin skripsi
2523;116;101-500;7029294.0;text;;[];False;False;7d3641406f8a3606;[];gw baru aja beres beresin kosan dan nemu barang barang lama dari jaman sma. ada foto kelas, surat dari mantan, sama buku diary yang isinya cringe banget kalo dibaca sekarang. jadi nostalgia sendiri inget masa masa dulu yang lebih sederhana. kadang kangen juga sih jadi anak sma lagi tanpa mikirin skripsi
2524;116;101-500;7029297.0;text;;[];False;False;7d3641406f8a3606;[];gw baru aja beres beresin kosan dan nemu barang barang lama dari jaman sma. ada foto kelas, surat dari mantan, sama buku diary yang isinya cringe banget kalo dibaca sekarang. jadi nostalgia sendiri inget masa masa dulu yang lebih sederhana. kadang kangen juga sih jadi anak sma lagi tanpa mikirin skripsi
2525;116;101-500;7029297.0;text;;[];False;False;7d3641406f8a3606;[];gw baru aja beres beresin kosan dan nemu barang barang lama dari jaman sma. ada foto kelas, surat dari mantan, sama buku diary yang isinya cringe banget kalo dibaca sekarang. jadi nostalgia sendiri inget masa masa dulu yang lebih sederhana. kadang kangen juga sih jadi anak sma lagi tanpa mikirin skripsi
2526;116;11-50;7029346.0;text;;[];False;False;87fe972586c55829;[];gw lg di warkop... nih
2527;116;51-100;7029357.0;text;;['🐕', '🦮', '🐐'];False;False;7d3641406f8a3606;[];kemarin malem gw begadang nonton bola sampe subuh terus ketiduran
2528;116;11-50;7029357.0;text;;[];False;False;87fe972586c55829;[];gw naik ojol... aja deh
2529;116;101-500;7032977.0;text;;[];False;False;57d6f4e93ced23c1;[];Gw baru aja beres beresin kosan dan nemu barang barang lama dari jaman SMA. ada foto kelas, surat dari mantan, sama buku diary yang isinya cringe banget kalo dibaca sekarang. jadi nostalgia sendiri inget masa masa dulu yang lebih sederhana. kadang kangen juga sih jadi anak SMA lagi tanpa mikirin skripsi.
2530;116;101-500;7033093.0;text;;[];False;False;2a6d5f2541be27cc;[];gw baru aja beres beresin kosan dan nemu barang barang lama dari jaman SMA. ada foto kelas, surat dari mantan, sama buku diary yang isinya cringe banget kalo dibaca sekarang. jadi nostalgia sendiri inget masa masa dulu yang lebih sederhana. kadang kangen juga sih jadi anak SMA lagi tanpa mikirin skripsi!!
2531;117;101-500;7088863.0;text;;[];True;False;7b173f576bc7b513;[];guys ada yang tau,,, ga sih,,, kenapa sistem registrasi online kampus sering banget error pas masa pengisian krs? tiap semester selalu gitu bikin stres, mana harus rebutan,,, mata kuliah yang kuotanya dikit banget,,, lagi. apa emang,,, servernya ga kuat ya,,, nampung banyak mahasiswa sekaligus?,,,
2532;117;0;7090839.0;system;;[];False;False;f4064e0c91edb2af;[];[Pesan sistem]
2533;117;0;7094325.0;image/jpeg;;[];False;False;7d3641406f8a3606;[];[Foto]
2534;117;0;7094327.0;image/jpeg;;[];False;False;7d3641406f8a3606;[];[Foto]
2535;117;11-50;7100422.0;text;;[];True;False;917ffdf452fec813;[];nilai keluar kapan ya?
2536;117;51-100;7100477.0;text;;[];True;False;7d3641406f8a3606;[];gimana caranya biar bisa fokus belajar tanpa main hp terus ya?
2537;117;1-10;7100533.0;text;;[];False;False;917ffdf452fec813;[];wah
2538;117;0;7100541.0;unknown;;[];False;False;917ffdf452fec813;[];[Media tidak dikenal]
2539;117;101-500;7101999.0;text;;[];False;False;c1084b7e5fa3ce87;[];gw baru aja beres beresin kosan dan nemu barang barang lama dr jaman sma. ad foto kelas, surat dr mantan, sm buku diary yg isinya cringe bgt kalo dibaca skrg. jadi nostalgia sendiri inget masa masa dulu yg lebih sederhana. kadang kangen jg sih jadi anak sma lg tanpa mikirin skripsi
2540;117;11-50;7102018.0;text;;[];False;False;c1084b7e5fa3ce87;[];ketemuan di mall jam 3 ya
2541;117;51-100;7102218.0;text;;[];True;False;7d3641406f8a3606;[];gimana caranya biar bisa fokus belajar tanpa main hp terus ya?
2542;117;51-100;7102466.0;text;;['🏃\u200d♂️'];False;False;d3c37841e2089cb6;[];gw lg nyoba masak rendang resep nyokap tp kayaknya gagal total deh
2543;117;11-50;7102945.0;text;;[];False;False;61d77eb9f6fcf403;[];gw naik ojol aja dehhh
2544;117;51-100;7103030.0;text;;['😅'];False;False;b96c35176bdca401;[];kemarin malem gw begadang,,, nonton bola,,, sampe subuh terus ketiduran
2545;117;11-50;7103226.0;text;2544.0;[];False;False;093afc7b396c4aa4;[];gw naik ojol aja deh!!!
2546;117;1-10;7103252.0;text;;[];False;False;b96c35176bdca401;[];kok
2547;117;11-50;7103256.0;text;;['🐣'];False;True;b96c35176bdca401;[];gw seneng,,, banget dapet,,, a!
2548;117;11-50;7103528.0;text;;[];False;False;57d6f4e93ced23c1;[];Bsk sore ada waktu ga.
2549;117;11-50;7103564.0;text;;[];False;False;57d6f4e93ced23c1;[];Gw naik ojol aja deh.
2550;117;11-50;7106602.0;text;;[];True;False;0c13b967cd2c4542;[];makan apa ntar siang?
2551;117;11-50;7106735.0;text;;[];False;False;c1084b7e5fa3ce87;[];rame bgt disini cuy
2552;117;11-50;7106823.0;text;;[];False;False;0c13b967cd2c4542;[];bsk sore ad... waktu ga...
2553;117;51-100;7107791.0;text;;[];True;False;c1084b7e5fa3ce87;[];gmn caranya biar bs fokus belajar tanpa main hp terus ya?
2554;117;51-100;7107905.0;text;;[];False;False;7827349a58fdc6b4;[];keamrin malem gw begadang nontno bloa sampe subhu terus ketiduran
2555;117;11-50;7107914.0;image/jpeg;;[];False;False;79f1679e48f8423e;[];[Foto]
2556;117;11-50;7107935.0;text;;[];False;False;79f1679e48f8423e;[];rame banget disini cuy
2557;117;11-50;7107946.0;text;;[];False;False;0c13b967cd2c4542;[];gw naik ojol aja deh
2558;118;101-500;7188875.0;text;;[];False;True;7827349a58fdc6b4;[];yesss gw akhirnya dapet nilai a di maat kuliah yg paling gw takutin selama ni! padahal gw udha pasrah bgt pas ujain soalnya soalnya susha parah. ternyata tugas dan presentasi gw nilainya bagus jadi bs nutupin nilai ujian. alhamdulillah bgt perjuangan ga sia sia!
2559;118;101-500;7188875.0;text;;[];False;True;7827349a58fdc6b4;[];gila sih guys tadi pas gw lg di jalan tiba tbia motor gw diserempet sm mobil yg belok tapna sein! untung gw ga jatoh tp spion gw patah dan baret di bodi motor. orangnya langsung kaubr lg ga tanggung jawab! sumpah kesel bgt gw sampe skrg msh gemetaran!
2560;118;101-500;7188878.0;text;;[];False;True;7827349a58fdc6b4;[];yesss gw akihrnya dapte nilai a di mata kuliah yg paling gw takutin selama ni! padahal gw udah pasrah bgt pas ujian soalnya soalnya ssuah parah. ternyata tugas dan presentasi gw nilainya bagus jaid bs nutupin nilai ujian. alhamdulillah bgt perjuangan ga sia sia!
2561;118;11-50;7188882.0;text;;[];False;False;7827349a58fdc6b4;[];gw sikp kelas hari ni
2562;118;11-50;7188906.0;text;;[];False;False;79f1679e48f8423e;[];eh tadi kelas seru banget
2563;118;11-50;7188911.0;text;;[];False;False;79f1679e48f8423e;[];gw skip kelas hari ini
2564;118;1-10;7188914.0;text;;['👌'];False;False;f8e26c8525ed76f0;[];haha
2565;118;0;7189009.0;unknown;;[];False;False;093afc7b396c4aa4;[];[Media tidak dikenal]
2566;118;0;7189054.0;sticker/webp;;[];False;False;0c13b967cd2c4542;[];[Stiker]
2567;118;0;7189058.0;sticker/webp;;[];False;False;0c13b967cd2c4542;[];[Stiker]
2568;118;11-50;7189072.0;text;;[];False;False;0c13b967cd2c4542;[];presentasi gw amburadul
2569;118;11-50;7189076.0;text;;[];False;False;0c13b967cd2c4542;[];deadline besok pagi bro
2570;118;11-50;7189189.0;text;;[];True;False;58ae85b7e2ff8ac9;[];siapa yg mau iktu?
2571;118;1-10;7189222.0;text;;[];False;False;b96c35176bdca401;[];hehe
2572;118;101-500;7189429.0;text;;[];False;False;7827349a58fdc6b4;[];jadi ceritanay kemarin gw ke perpustakaan pusat buat nyari bhaan referensi skripsi, ternyata bukuyna udah dipinjem smua sm anak angkatna sebelah. akhirnya gw cuma bs fotokopi dr temen yg kebetulan pny. lumayan lah daripaad ga dapet sm sekali, tinggla di rangkum aja sisanya
2573;118;51-100;7189864.0;text;2560.0;[];False;False;0c13b967cd2c4542;[];gw baru aja selesai ngerjain tugas sampe jam 3 pagi, mau mati rasanya
2574;118;101-500;7189867.0;text;;['🎄'];True;True;5f63e1330cbc5049;[];guys adaaaa yang tau ga sih kenapaaa sistemm registrasiiii online kampus sering banget error pas masaaa pengisiannn krs? tiap semester selalu gitu bikinn stres, manaa harus rebutan mata kuliah yang kuotanya dikit banget lagi. apaaaa emanggg servernya ga kuattt ya nampung banyak mahasiswa sekaligus?
2575;118;1-10;7189917.0;text;;[];False;True;7827349a58fdc6b4;[];asik!
2576;118;101-500;7189962.0;text;;[];False;False;0c13b967cd2c4542;[];jadi ceritanya kemarin gw ke... perpustakaan pusat buat... nyari bahan referensi skripsi, ternyata bukunya udah... dipinjem smua sm... anak angkatan sebelah. akhirnya gw cuma bs... fotokopi dr temen yg kebetulan pny. lumayan lah daripada ga dapet sm sekali, tinggal... di rangkum aja... sisanya
2577;118;51-100;7190118.0;text;;[];False;False;87fe972586c55829;[];gw baru aja... selesai ngerjain tugas sampe jam 3 pagi,... mau mati... rasanya
2578;118;101-500;7190331.0;text;;[];False;False;e18e17680181d232;[];jadi ceritanya kemarin gw ke perpustakaan pusat buat nyari bahan referensi skripsi, ternyata bukunya udah dipinjem smua sm anak angkatan sebelah. akhirnya gw cuma bs fotokopi dr temen yg kebetulan pny. lumayan lah daripada ga dapet sm sekali, tinggal di rangkum aja sisanya
2579;118;0;7190359.0;unknown;;[];False;False;79f1679e48f8423e;[];[Media tidak dikenal]
2580;118;101-500;7190404.0;text;;[];False;False;87fe972586c55829;[];jadi ceritanya kemarin gw ke perpustakaan pusat buat... nyari bahan referensi skripsi, ternyata bukunya udah dipinjem smua sm anak angkatan sebelah. akhirnya gw cuma bs fotokopi dr temen... yg kebetulan... pny. lumayan lah daripada ga dapet sm sekali, tinggal di rangkum aja sisanya
2581;118;11-50;7190487.0;text;;['🥳'];False;True;ac4607085ba516fd;[];GILA SIH LU BISA GITU!
2582;118;11-50;7190513.0;text;;[];False;True;79f1679e48f8423e;[];mantap banget hasilnya!
2583;118;11-50;7190595.0;text;;[];False;False;5f63e1330cbc5049;[];eh tadi kelas seru banget
2584;118;101-500;7190746.0;text;;['😌'];False;False;ac4607085ba516fd;[];JADI CERITANYA KEMARIN GW KE PERPUSTAKAAN PUSAT BUAT NYARI BAHAN REFERENSI SKRIPSI, TERNYATA BUKUNYA UDAH DIPINJEM SEMUA SAMA ANAK ANGKATAN SEBELAH. AKHIRNYA GW CUMA BISA FOTOKOPI DARI TEMEN YANG KEBETULAN PUNYA. LUMAYAN LAH DARIPADA GA DAPET SAMA SEKALI, TINGGAL DI RANGKUM AJA SISANYA
2585;118;11-50;7190761.0;text;;[];False;False;ac4607085ba516fd;[];PERPUS TUTUP JAM BERAPA YA
2586;118;101-500;7191731.0;text;;[];False;False;fe6ecd86b1e5536b;[];jadi ceritanya kemarin gw ke perpustakaan pusat buat nyari bahan referensi skripsi, ternyata bukunya udah dipinjem smua sm anak angkatan sebelah. akhirnya gw cuma bs fotokopi dr temen yg kebetulan pny. lumayan lah daripada ga dapet sm sekali, tinggal di rangkum aja sisanya
2587;118;101-500;7191752.0;text;;[];False;False;721f4b478bcb55fc;[];jadi ceritanya kemarin gw... ke perpustakaan... pusat buat nyari bahan referensi skripsi, ternyata bukunya udah... dipinjem semua sama... anak angkatan sebelah. akhirnya gw cuma bisa fotokopi dari temen yang kebetulan... punya. lumayan lah... daripada ga dapet... sama sekali, tinggal di rangkum aja sisanya
2588;118;0;7192404.0;image/jpeg;;[];False;False;79f1679e48f8423e;[];[Foto]
2589;118;11-50;7192413.0;text;;[];False;False;79f1679e48f8423e;[];gw belom mulai tugas
2590;118;11-50;7192421.0;text;;[];False;False;79f1679e48f8423e;[];presentasi gw amburadul
2591;118;0;7192484.0;video/mp4;;[];False;False;79f1679e48f8423e;[];[Video]
2592;118;101-500;7194091.0;text;;[];False;False;f8e26c8525ed76f0;[];jadi ceritanya kemarin gw ke perpustakaan pusat buat nyari bahan referensi skripsi, ternyata bukunya udah dipinjem smua sm anak angkatan... sebelah. akhirnya gw cuma bs fotokopi dr... temen yg kebetulan pny. lumayan lah daripada ga dapet sm sekali, tinggal... di rangkum aja sisanya
2593;118;11-50;7194670.0;text;;[];True;False;559d0ee52d04602a;[];lu dimana sekarang?...
2594;118;11-50;7194703.0;text;;[];False;False;7827349a58fdc6b4;[];gw skip kelas hari ni
2595;118;11-50;7194830.0;text;;[];False;False;559d0ee52d04602a;[];tadi absen ga sih kamu
2596;118;1-10;7194834.0;text;;[];False;False;559d0ee52d04602a;[];ok
2597;118;101-500;7195516.0;text;;[];False;False;ac4607085ba516fd;[];JADI CERITANYA KEMARIN GW KE PERPUSTAKAAN PUSAT BUAT NYARI BAHAN REFERENSI SKRIPSI, TERNYATA BUKUNYA UDAH DIPINJEM SEMUA SAMA ANAK ANGKATAN SEBELAH. AKHIRNYA GW CUMA BISA FOTOKOPI DARI TEMEN YANG KEBETULAN PUNYA. LUMAYAN LAH DARIPADA GA DAPET SAMA SEKALI, TINGGAL DI RANGKUM AJA SISANYA
2598;118;101-500;7198082.0;text;;[];False;False;26a750cee28c8c71;[];jadi ceritanya kemarin gw ke perpustakaan pusat buat nyari... bahan referensi skripsi, ternyata bukunya udah... dipinjem smua sm... anak angkatan sebelah. akhirnya gw cuma bs fotokopi dr temen yg kebetulan pny. lumayan lah... daripada ga dapet sm sekali, tinggal di rangkum aja sisanya
2599;118;51-100;7199622.0;text;;[];True;False;240250ced91769e5;[];eh lu udah dapet info jadwal ujian akhir semester belum dari prodi!!!
2600;118;101-500;7203639.0;text;;['🙂'];False;False;7827349a58fdc6b4;[];jadi ceritanya kemarin gw ke perpustakaan pusat buat nyrai bhaan referensi skripsi, trenyata bukunya udah dipinjem smua sm aank angkatan sebelah. akhirnya gw cuma bs footkopi dr teemn yg kebteulan pn.y lumayan lah daripaad ga dapet sm sekali, tinggal di rangkum aja sisanya
2601;118;101-500;7203643.0;text;;['🙂'];False;False;7827349a58fdc6b4;[];jadi ceritanya keamrin gw ke perpustakaan pusat buat nyari baahn refeernsi skripsi, ternyata bukunya udah dipinjem smua sm anak angkatan sebelah. akhirnya gw cuma bs ftookopi dr temen yg kebetluan pny. lumayan lah dariapda ga dapet sm sekali, tinggal di rangkum aja sisanya
2602;118;11-50;7204190.0;text;;[];False;False;240250ced91769e5;[];gw skip kelas hari ini!!
2603;118;101-500;7211272.0;text;;[];False;False;7397f95ddabec5cf;[];jadi ceritanya kemarin gw ke perpustakaan pusat buattt nyari bahann referensi skripsi, ternyata bukunyaaaa udahhhh dipinjem semuaaaa samaa anak angkatan sebelah. akhirnyaaa gw cumaaa bisa fotokopi dari temen yang kebetulan punya. lumayan lah daripada ga dapet sama sekali, tinggalll di rangkumm aja sisanyaaaa
2604;118;101-500;7216659.0;text;;['🎄'];True;True;5f63e1330cbc5049;[];menuruttt kaliannnn kenapa ya generasii kitaaaa tuh kayaknya lebihh gampang stress dan burnoutt dibandingggg generasi orang tua kita dulu? apa karena tekanannnn sosmed atau emang tuntutann hidup yangggg makin tinggi ya? gw penasaran aja sih soalnyaaa temennn temen gw banyak yang ngeluh hal yang sama
2605;119;11-50;7296659.0;text;;[];False;False;79f1679e48f8423e;[];konser itu mahal banget tiketnya
2606;119;1-10;7296735.0;text;;[];False;False;f8e26c8525ed76f0;[];jir
2607;119;1-10;7296746.0;text;;[];False;False;f4064e0c91edb2af;[];ih
2608;119;11-50;7296844.0;text;;[];False;False;f8e26c8525ed76f0;[];series tu endingnya zonk bgt...
2609;119;11-50;7296851.0;text;;[];False;False;f8e26c8525ed76f0;[];gw lg baca... novel baru nih
2610;119;11-50;7296872.0;text;;[];False;False;f4064e0c91edb2af;[];gw abis lari pagi tadi
2611;119;1-10;7296893.0;text;;[];False;False;f8e26c8525ed76f0;[];sans
2612;119;0;7296949.0;sticker/webp;;[];False;False;f4064e0c91edb2af;[];[Stiker]
2613;119;500+;7296981.0;text;;[];False;False;79f1679e48f8423e;[];badminton yuk sore ini
2614;119;500+;7296981.0;text;;[];False;False;79f1679e48f8423e;[];podcast yg lu rekomen mana
2615;119;500+;7296984.0;text;;[];False;False;79f1679e48f8423e;[];podcast yg lu rekomen mana
2616;119;500+;7296984.0;text;;[];False;False;79f1679e48f8423e;[];album baru dia enak banget
2617;119;500+;7296985.0;text;;[];False;False;79f1679e48f8423e;[];game baru udah download belum
2618;119;500+;7296986.0;text;;[];False;False;79f1679e48f8423e;[];game baru udah download belum
2619;119;500+;7296987.0;text;;[];False;False;79f1679e48f8423e;[];pertandingan bola tadi malam gila
2620;119;1-10;7297008.0;text;2615.0;[];False;False;87fe972586c55829;[];kuy
2621;119;51-100;7297033.0;text;;[];False;False;f8e26c8525ed76f0;[];semalam hujan gede bgt sampe kosan gw mati lampu semaleman... gila
2622;119;51-100;7297047.0;text;;[];False;False;f8e26c8525ed76f0;[];dosen killer tu ternyata baik bgt orangnya kalo diajak... ngobrol santai
2623;119;101-500;7297055.0;text;;[];False;False;79f1679e48f8423e;['87fe972586c55829', 'f8e26c8525ed76f0'];tadi siang gw makan di warung makan baru deket gerbang belakang kampus. nasi gorengnya lumayan enak dan harganya murah banget cuma 12 ribu udah sama es teh. kayaknya bakal jadi langganan baru deh soalnya warteg biasa gw udah mulai naik harga dan porsinya makin dikit aja
2624;119;11-50;7297066.0;text;2615.0;[];False;True;b96c35176bdca401;[];akhirnya kelar juga nih!
2625;119;1-10;7297074.0;text;;['🎩'];False;False;b96c35176bdca401;[];hoki
2626;119;1-10;7297076.0;text;;['🧐'];False;False;b96c35176bdca401;[];bete
2627;119;51-100;7297093.0;text;;[];False;False;f8e26c8525ed76f0;[];gw hrs ganti strategi... belajar... sih soalnya nilai... uts... kemarin... jelek bgt
2628;119;11-50;7297121.0;text;;[];False;False;f8e26c8525ed76f0;[];konser tu mahal bgt tiketnya
2629;119;101-500;7297334.0;text;;[];False;False;79f1679e48f8423e;[];tadi siang gw makan di warung makan baru deket gerbang belakang kampus. nasi gorengnya lumayan enak dan harganya murah banget cuma 12 ribu udah sama es teh. kayaknya bakal jadi langganan baru deh soalnya warteg biasa gw udah mulai naik harga dan porsinya makin dikit aja
2630;119;101-500;7297337.0;text;;[];False;False;79f1679e48f8423e;[];tadi siang gw makan di warung makan baru deket gerbang belakang kampus. nasi gorengnya lumayan enak dan harganya murah banget cuma 12 ribu udah sama es teh. kayaknya bakal jadi langganan baru deh soalnya warteg biasa gw udah mulai naik harga dan porsinya makin dikit aja
2631;119;101-500;7297357.0;text;;[];False;False;79f1679e48f8423e;[];tadi siang gw makan di warung makan baru deket gerbang belakang kampus. nasi gorengnya lumayan enak dan harganya murah banget cuma 12 ribu udah sama es teh. kayaknya bakal jadi langganan baru deh soalnya warteg biasa gw udah mulai naik harga dan porsinya makin dikit aja
2632;119;101-500;7297417.0;text;;[];False;False;79f1679e48f8423e;[];tadi siang gw makan di warung makan baru deket gerbang belakang kampus. nasi gorengnya lumayan enak dan harganya murah banget cuma 12 ribu udah sama es teh. kayaknya bakal jadi langganan baru deh soalnya warteg biasa gw udah mulai naik harga dan porsinya makin dikit aja
2633;119;101-500;7297420.0;text;;[];False;False;79f1679e48f8423e;[];tadi siang gw makan di warung makan baru deket gerbang belakang kampus. nasi gorengnya lumayan enak dan harganya murah banget cuma 12 ribu udah sama es teh. kayaknya bakal jadi langganan baru deh soalnya warteg biasa gw udah mulai naik harga dan porsinya makin dikit aja
2634;119;101-500;7297420.0;text;;[];False;False;79f1679e48f8423e;[];tadi siang gw makan di warung makan baru deket gerbang belakang kampus. nasi gorengnya lumayan enak dan harganya murah banget cuma 12 ribu udah sama es teh. kayaknya bakal jadi langganan baru deh soalnya warteg biasa gw udah mulai naik harga dan porsinya makin dikit aja
2635;119;101-500;7297428.0;text;;['😉'];False;False;0c13b967cd2c4542;[];tadi siang gw... makan di warung makan baru deket gerbang belakang kampus. nasi gorengnya lumayan... enak dan harganya murah bgt cuma... 12 ribu udah sm es teh. kayaknya... bakal jadi... langganan baru deh soalnya warteg biasa gw udah mulai naik... harga dan... porsinya makin dikit... aja
2636;119;11-50;7297736.0;text;;['😂'];True;False;b96c35176bdca401;[];masih bangun,,, ga lu jam segini?,,,
2637;119;11-50;7297753.0;text;;[];False;False;79f1679e48f8423e;[];pertandingan bola tadi malam gila
2638;119;1-10;7297756.0;text;;['😂'];False;False;79f1679e48f8423e;[];ih
2639;119;1-10;7297761.0;text;;[];False;False;b96c35176bdca401;[];fyi
2640;119;1-10;7297764.0;text;;[];False;False;79f1679e48f8423e;[];kuy
2641;119;11-50;7297780.0;text;;['😂'];False;False;b96c35176bdca401;[];manga terbaru udah keluar,,, loh
2642;119;101-500;7297824.0;text;;['🥩'];False;False;79f1679e48f8423e;[];tadi siang gw makan di warung makan baru deket gerbang belakang kampus. nasi gorengnya lumayan enak dan harganya murah banget cuma 12 ribu udah sama es teh. kayaknya bakal jadi langganan baru deh soalnya warteg biasa gw udah mulai naik harga dan porsinya makin dikit aja
2643;119;11-50;7299426.0;image/jpeg;;[];False;False;0c13b967cd2c4542;[];[Foto]
2644;119;11-50;7299428.0;image/jpeg;;[];False;False;0c13b967cd2c4542;[];[Foto]
2645;119;11-50;7299429.0;image/jpeg;;[];False;False;0c13b967cd2c4542;[];[Foto]
2646;120;101-500;7346953.0;text;;[];False;False;87fe972586c55829;[];kemarin malem gw sm temen... temen nongkrong di... warkop biasa sampe jam... 12 malem. kita ngobrol banyak hal dr mulai tugas kuliah, rencana liburan,... sampe masalah percintaan.... seru sih walau besoknya gw kesiangan masuk kelas pagi dan dosen negur di depan smua orang. malu tp... ya gmn lg...
2647;120;1-10;7346957.0;text;;[];True;False;87fe972586c55829;[];serius?
2648;120;11-50;7347032.0;text;;[];False;False;abec316405b84971;[];indomie telor udah cukup kok
2649;120;51-100;7347082.0;text;;[];True;False;87fe972586c55829;[];ad yg tau... knp kantin kampus tutup lebih awal hari... ni ga sih?
2650;120;51-100;7347333.0;text;;['🙈'];False;False;abec316405b84971;[];gw lagi bingung milih topik skripsi,,, antara dua,,, tema yang sama menariknya,,,
2651;120;11-50;7347353.0;text;;[];False;False;87fe972586c55829;[];es teh manis... satu ya bang
2652;120;11-50;7347368.0;text;;[];False;False;abec316405b84971;[];bakso malang,,, itu buka ga ya
2653;121;101-500;7460726.0;text;;['🎄'];True;True;5f63e1330cbc5049;[];gw lagi bimbang nihhh antara mauuu ikut organisasii kampussss atau fokus ke akademik aja. menurutt kaliannnn gimana sih, worthhhh it ga sih ikut organisasi? soalnya gw denger banyak yanggg bilang bisa nambah soft skilll tapi di sisi lainn waktu buat belajarrrr jadiiii berkurangg kan, gimana pengalamannnn kalian?
2654;121;51-100;7460745.0;text;;[];False;True;5f63e1330cbc5049;[];ngakakk parah tadiiii di kelas ada yangg ketidurann pas dosennnn nerangin!
2655;121;11-50;7460791.0;text;;[];False;True;abec316405b84971;[];seru banget,,, tadi,,, malem!,,,
2656;121;1-10;7460951.0;text;;[];False;False;5f63e1330cbc5049;[];gitu
2657;121;1-10;7461030.0;text;;[];False;False;abec316405b84971;[];hayuk
2658;121;1-10;7461082.0;text;;['😉'];False;False;5f63e1330cbc5049;[];yess
2659;121;11-50;7461127.0;text;;[];False;False;87fe972586c55829;[];kakak gw baru aja nikah...
2660;121;11-50;7461132.0;text;;[];False;False;87fe972586c55829;[];playlist lo yg mana sih
2661;121;0;7461184.0;unknown;;[];False;False;87fe972586c55829;[];[Media tidak dikenal]
2662;121;0;7461196.0;video/mp4;;[];False;False;79f1679e48f8423e;[];[Video]
2663;121;0;7461237.0;sticker/webp;;[];False;False;b96c35176bdca401;[];[Stiker]
2664;121;1-10;7461260.0;text;;[];False;False;87fe972586c55829;[];gila
2665;121;11-50;7461269.0;text;;[];False;False;87fe972586c55829;[];gw lg marathon drakor nih
2666;121;0;7461270.0;sticker/webp;;[];False;False;79f1679e48f8423e;[];[Stiker]
2667;121;1-10;7461272.0;text;;[];False;False;87fe972586c55829;[];yess
2668;121;0;7461276.0;sticker/webp;;[];False;False;7827349a58fdc6b4;[];[Stiker]
2669;121;0;7461280.0;sticker/webp;;[];False;False;5f63e1330cbc5049;[];[Stiker]
2670;121;0;7461303.0;sticker/webp;;[];False;False;87fe972586c55829;[];[Stiker]
2671;121;11-50;7461335.0;text;;[];False;False;87fe972586c55829;[];film baru di bioskop bagus ga
2672;121;0;7461336.0;sticker/webp;;[];False;False;87fe972586c55829;[];[Stiker]
2673;121;0;7461337.0;unknown;;[];False;False;87fe972586c55829;[];[Media tidak dikenal]
2674;121;11-50;7461424.0;text;;[];False;False;87fe972586c55829;[];gw kangen masakan rumah
2675;121;11-50;7461435.0;text;;[];False;False;87fe972586c55829;[];adek gw masuk sma tahun ni
2676;121;51-100;7461504.0;text;;[];False;False;87fe972586c55829;[];gw lg belajar... masak sendiri biar ga jajan terus... lumayan hemat soalnya
2677;121;1-10;7461511.0;text;;[];False;False;87fe972586c55829;[];gitu
2678;122;0;7480847.0;image/jpeg;;[];False;False;5f63e1330cbc5049;[];[Foto]
2679;122;0;7480847.0;image/jpeg;;[];False;False;5f63e1330cbc5049;[];[Foto]
2680;122;11-50;7480870.0;text;;[];False;False;79f1679e48f8423e;['5f63e1330cbc5049'];proposal skripsi gw ditolak
2681;122;0;7480889.0;video/mp4;;[];False;False;79f1679e48f8423e;[];[Video]
2682;122;0;7481016.0;sticker/webp;;[];False;False;5f63e1330cbc5049;[];[Stiker]
2683;122;0;7481016.0;sticker/webp;;[];False;False;5f63e1330cbc5049;[];[Stiker]
2684;122;11-50;7481044.0;text;;[];False;False;5f63e1330cbc5049;[];seminar tadi lama banget
2685;122;11-50;7481046.0;text;;[];False;False;5f63e1330cbc5049;[];sidang mingguu depan doain ya
2686;122;0;7481968.0;sticker/webp;;[];False;False;f5b7ac9879ee7e59;[];[Stiker]
2687;123;0;7525226.0;system;;[];False;False;ac4607085ba516fd;[];[Pesan sistem]
2688;123;11-50;7525248.0;text;;['😊'];False;False;ac4607085ba516fd;[];GW LAGI BACA NOVEL BARU NIH
2689;123;101-500;7531737.0;text;;['👋🏼', '☺️'];False;True;11ab4827d2e4388a;[];parah bgt banjir di... daerah kosan... gw semalam smp air masuk ke kamar setinggi betis! barang... barang gw... banyak yg kerendem termasuk buku kuliah dan sepatu. gw... hrs ngungsi ke kosan temen dan skrg lg bersihin smua barang. semoga ga ad yg rusak parah sih!...
2690;123;0;7532739.0;unknown;;[];False;False;d2e8be8c0c888b0a;[];[Media tidak dikenal]
2691;123;101-500;7533540.0;text;;[];False;True;aae840a3158358d0;[];temen temen gw baru aja ngasih surprise ulang tahun yang paling berkesan dalam hidup gw! mereka diem diem booking tempat makan favorit gw dan undang semua temen deket. ada kue tart dan hadiah yang gw pengen dari lama. gw sampe nangis terharu sumpah ga nyangka mereka sebaik itu!
2692;123;101-500;7533671.0;text;;[];False;True;b96c35176bdca401;[];gila sih,,, guys tadi pas gw,,, lagi di jalan tiba,,, tiba motor gw diserempet,,, sama mobil yang belok tanpa sein! untung gw ga jatoh,,, tapi spion gw patah,,, dan baret,,, di bodi,,, motor. orangnya langsung kabur,,, lagi ga tanggung jawab! sumpah kesel,,, banget gw sampe sekarang masih gemetaran!,,,
2693;123;1-10;7533837.0;text;;['☺️'];False;False;11ab4827d2e4388a;[];hoki
2694;123;101-500;7540859.0;text;;[];False;False;f4064e0c91edb2af;[];tadi siang gw makan di warung makan baru deket gerbang belakang kampus. nasi gorengnya lumayan enak dan harganya murah banget cuma 12 ribu udah sama es teh. kayaknya bakal jadi langganan baru deh soalnya warteg biasa gw udah mulai naik harga dan porsinya makin dikit aja
2695;123;101-500;7540861.0;text;;[];False;False;f4064e0c91edb2af;[];tadi siang gw makan di warung makan baru deket gerbang belakang kampus. nasi gorengnya lumayan enak dan harganya murah banget cuma 12 ribu udah sama es teh. kayaknya bakal jadi langganan baru deh soalnya warteg biasa gw udah mulai naik harga dan porsinya makin dikit aja
2696;123;101-500;7540862.0;text;;[];False;False;f4064e0c91edb2af;[];tadi siang gw makan di warung makan baru deket gerbang belakang kampus. nasi gorengnya lumayan enak dan harganya murah banget cuma 12 ribu udah sama es teh. kayaknya bakal jadi langganan baru deh soalnya warteg biasa gw udah mulai naik harga dan porsinya makin dikit aja
2697;123;101-500;7540865.0;text;;[];False;False;f4064e0c91edb2af;[];tadi siang gw makan di warung makan baru deket gerbang belakang kampus. nasi gorengnya lumayan enak dan harganya murah banget cuma 12 ribu udah sama es teh. kayaknya bakal jadi langganan baru deh soalnya warteg biasa gw udah mulai naik harga dan porsinya makin dikit aja
2698;123;101-500;7540866.0;text;;[];False;False;f4064e0c91edb2af;[];tadi siang gw makan di warung makan baru deket gerbang belakang kampus. nasi gorengnya lumayan enak dan harganya murah banget cuma 12 ribu udah sama es teh. kayaknya bakal jadi langganan baru deh soalnya warteg biasa gw udah mulai naik harga dan porsinya makin dikit aja
2699;123;11-50;7541248.0;text;;[];False;False;87fe972586c55829;[];gw lg baca novel baru nih...
2700;123;101-500;7549529.0;text;;[];True;False;c89e26acfe93ea36;[];gw lagi bimbang nih antara mau ikut organisasi kampus atau fokus ke akademik aja. menurut kalian gimana sih, worth it ga sih ikut organisasi? soalnya gw denger banyak yang bilang bisa nambah soft skill tapi di sisi lain waktu buat belajar jadi berkurang kan, gimana pengalaman kalian?
2701;123;51-100;7549568.0;text;;[];False;False;87fe972586c55829;[];gw hrs ganti strategi belajar sih soalnya nilai uts kemarin jelek bgt
2702;123;51-100;7549591.0;text;;[];False;False;79f1679e48f8423e;[];gw harus ganti strategi belajar sih soalnya nilai UTS kemarin jelek bgt
2703;123;11-50;7549621.0;text;;[];False;False;79f1679e48f8423e;[];futsal besok jadi ga
2704;123;51-100;7549774.0;text;;[];False;False;79f1679e48f8423e;[];gw harus ganti strategi belajar sih soalnya nilai UTS kemarin jelek bgt
2705;123;51-100;7549844.0;text;;[];False;False;79f1679e48f8423e;[];gw gagal diet lagi soalnya tadi sore diajak makan bakso sama temen
2706;123;51-100;7550097.0;text;;[];False;False;6f4c4e22b17b0ac1;[];gw baru dapet info beasiswa buat semester depan mau coba daftar deh
2707;123;51-100;7550223.0;text;;[];False;False;96b3e643d75185ec;[];gw gagal,,, diet,,, lagi soalnya tadi,,, sore diajak makan bakso,,, sama temen,,,
2708;123;11-50;7550254.0;text;;[];False;False;96b3e643d75185ec;[];podcast yg lu,,, rekomen mana
2709;123;0;7551895.0;system;;[];False;False;ac4607085ba516fd;[];[Pesan sistem]
2710;123;51-100;7551922.0;text;;['😌'];False;False;ac4607085ba516fd;[];SEMALAM HUJAN GEDE BANGET SAMPE KOSAN GW MATI LAMPU SEMALEMAN GILA
2711;123;1-10;7552073.0;text;;['☺️'];False;True;34840f9a33fb4219;[];edan!
2712;123;1-10;7552597.0;text;;[];False;False;f4064e0c91edb2af;[];kuy
2713;123;11-50;7553787.0;text;;[];False;False;79f1679e48f8423e;[];futsal besok jadi ga
2714;123;1-10;7554141.0;text;;[];False;True;093afc7b396c4aa4;[];edan!!
2715;123;11-50;7554174.0;text;;['☺️'];False;True;032029f68042bfa5;[];stressss beratt gw sama tugas!
2716;123;11-50;7554219.0;text;;[];False;True;34840f9a33fb4219;[];akhirnyaa kelar juga nih!
2717;123;51-100;7554282.0;text;;['☺️'];False;False;34840f9a33fb4219;[];semalam hujan gedee bangettt sampe kosan gw matiii lampuuuu semaleman gila
2718;123;11-50;7554591.0;text;;['😉'];False;True;721f4b478bcb55fc;[];akhirnya kelar juga nih!...
2719;123;51-100;7554598.0;text;;['☺️'];False;False;ac4607085ba516fd;[];SEMALAM HUJAN GEDE BANGET SAMPE KOSAN GW MATI LAMPU SEMALEMAN GILA
2720;123;11-50;7554760.0;text;;[];False;False;4f90da503e776553;[];badminton yuk soree ini
2721;123;11-50;7554772.0;text;;[];False;False;4f90da503e776553;[];pertandingannn bolaaaa tadi malam gila
2722;123;11-50;7554787.0;text;;[];False;False;4f90da503e776553;[];manga terbaruuuu udah keluar loh
2723;123;1-10;7554801.0;text;;[];False;False;4f90da503e776553;[];oot
2724;123;11-50;7555134.0;text;;['☺️'];False;False;34840f9a33fb4219;[];badminton yuk sore ini
2725;123;101-500;7555640.0;text;;[];False;False;f4064e0c91edb2af;[];tadi siang gw makan di warung makan baru deket gerbang belakang kampus. nasi gorengnya lumayan enak dan harganya murah banget cuma 12 ribu udah sama es teh. kayaknya bakal jadi langganan baru deh soalnya warteg biasa gw udah mulai naik harga dan porsinya makin dikit aja
2726;123;101-500;7555719.0;text;;['😓'];False;False;11ab4827d2e4388a;[];tadi siang gw makan di warung... makan baru deket gerbang belakang kampus. nasi gorengnya lumayan enak dan harganya murah bgt cuma 12 ribu udah sm... es teh. kayaknya bakal jadi langganan baru deh soalnya warteg biasa... gw udah mulai naik harga dan porsinya makin dikit... aja
2727;123;101-500;7555816.0;text;;[];False;False;bb45846ff0ccd254;[];tadi siang gw makan di warung makan baru deket gerbang belakang kampus. nasi gorengnya lumayan enak dan harganya murah banget cuma 12 ribu udah sama es teh. kayaknya bakal jadi langganan baru deh soalnya warteg biasa gw udah mulai naik harga dan porsinya makin dikit aja
2728;123;11-50;7555835.0;text;;[];False;True;34840f9a33fb4219;[];akhirnya kelarrrr jugaaaa nih!
2729;123;11-50;7555835.0;text;;['☺️'];False;False;34840f9a33fb4219;[];gamee baru udah download belum
2730;123;1-10;7555853.0;text;;[];False;True;11ab4827d2e4388a;[];edan!
2731;123;101-500;7556255.0;text;;[];False;False;e17092221f4d7414;[];tadi siang gw makan di warung makan baru deket gerbang belakang kampus. nasi gorengnya lumayan enak dan harganya murah banget cuma 12 ribu udah sama es teh. kayaknya bakal jadi langganan baru deh soalnya warteg biasa gw udah mulai naik harga dan porsinya makin dikit aja
2732;123;51-100;7556305.0;text;;[];False;False;79f1679e48f8423e;[];semalam hujan gede banget sampe kosan gw mati lampu semaleman gila
2733;123;11-50;7559739.0;text;;['☺️'];False;True;34840f9a33fb4219;[];stress berattt gw samaaaa tugas!
2734;123;0;7571262.0;system;;[];False;False;c1084b7e5fa3ce87;[];[Pesan sistem]
2735;123;0;7571534.0;system;;[];False;False;c1084b7e5fa3ce87;[];[Pesan sistem]
2736;124;101-500;7601092.0;text;;[];False;False;c1222dade0e51982;[];hari ni gw iseng nyoba bkiin kopi pake metode v60 yg lg hpye di kaalngan anak anak kampus. beli alantya lumaayn mahal sih tp hasilnya emagn bdea dr kopi sachet biasa. kopinya lebih smooth dan ga terlalu pahit. kayaknya gw bakal ketagihan nih bikin kpoi sendiri tiap pagi sebelum ke kampus
2737;124;101-500;7601331.0;text;;[];False;False;ac4607085ba516fd;[];HARI INI GW ISENG NYOBA BIKIN KOPI PAKE METODE V60 YANG LAGI HYPE DI KALANGAN ANAK ANAK KAMPUS. BELI ALATNYA LUMAYAN MAHAL SIH TAPI HASILNYA EMANG BEDA DARI KOPI SACHET BIASA. KOPINYA LEBIH SMOOTH DAN GA TERLALU PAHIT. KAYAKNYA GW BAKAL KETAGIHAN NIH BIKIN KOPI SENDIRI TIAP PAGI SEBELUM KE KAMPUS
2738;124;11-50;7601338.0;text;;['😌'];False;False;ac4607085ba516fd;[];GW BERANTEM SAMA SI ANU
2739;124;101-500;7605484.0;text;;[];False;False;c89e26acfe93ea36;[];hari ini gw iseng nyoba bikin kopi pake metode v60 yang lagi hype di kalangan anak anak kampus. beli alatnya lumayan mahal sih tapi hasilnya emang beda dari kopi sachet biasa. kopinya lebih smooth dan ga terlalu pahit. kayaknya gw bakal ketagihan nih bikin kopi sendiri tiap pagi sebelum ke kampus
2740;124;101-500;7605636.0;text;;[];False;False;240250ced91769e5;[];hari ini gw iseng nyoba bikin kopi pake metode V60 yang lagi hype di kalangan anak anak kampus. beli alatnya lumayan mahal sih tapi hasilnya emang beda dari kopi sachet biasa. kopinya lebih smooth dan ga terlalu pahit. kayaknya gw bakal ketagihan nih bikin kopi sendiri tiap pagi sebelum ke kampus!!
2741;124;101-500;7605700.0;text;;[];False;False;58ae85b7e2ff8ac9;[];hari ni gw iseng noyba bikin koip pake metode v60 yg lg hyep di kalangan anak anak kampus. beli alatnya lumayan mahla sih tp hasinlya eamng bdea dr kopi sachet biasa. kopinya lebih smooth dan ga terllau pahit. kayaknya gw bakal ketagihan nih bikin koip sendiri tiap pagi sebelum ke kampus
2742;124;101-500;7606490.0;text;;[];False;False;dc93c22939b11818;[];hari ini gw iseng nyoba bikin kopi pake metode v60,,, yang lagi hype di kalangan anak,,, anak kampus. beli alatnya lumayan,,, mahal sih tapi,,, hasilnya emang beda dari,,, kopi sachet,,, biasa. kopinya,,, lebih smooth dan ga,,, terlalu pahit. kayaknya,,, gw bakal ketagihan nih bikin kopi sendiri tiap pagi sebelum ke kampus
2743;124;101-500;7608075.0;text;;[];False;False;0b56961e0cc0a81b;[];hari ini gw isengggg nyobaaaa bikin kopi pake metodeee v60 yangggg lagiii hype di kalangan anak anak kampus. beli alatnyaa lumayan mahal sihhh tapiii hasilnyaa emang beda dari kopi sachet biasa. kopinya lebihh smooth dannn ga terlaluu pahit. kayaknya gw bakal ketagihannn nih bikinnn kopiiii sendiri tiap pagi sebelum ke kampuss
2744;124;101-500;7609318.0;text;;[];False;False;e18e17680181d232;[];hari ni gw iseng nyoba bikin kopi pake metode v60 yg lg hype di kalangan anak anak kampus. beli alatnya lumayan mahal sih tp hasilnya emang beda dr kopi sachet biasa. kopinya lebih smooth dan ga terlalu pahit. kayaknya gw bakal ketagihan nih bikin kopi sendiri tiap pagi sebelum ke kampus
2745;124;101-500;7609700.0;text;;[];False;False;79f1679e48f8423e;[];hari ini gw iseng nyoba bikin kopi pake metode V60 yang lagi hype di kalangan anak anak kampus. beli alatnya lumayan mahal sih tapi hasilnya emang beda dari kopi sachet biasa. kopinya lebih smooth dan ga terlalu pahit. kayaknya gw bakal ketagihan nih bikin kopi sendiri tiap pagi sebelum ke kampus
2746;124;101-500;7609974.0;text;;[];False;False;b96c35176bdca401;[];hari ini,,, gw iseng,,, nyoba bikin kopi pake metode v60 yang lagi,,, hype di,,, kalangan anak anak kampus.,,, beli alatnya lumayan mahal sih tapi,,, hasilnya emang beda dari kopi sachet biasa. kopinya lebih smooth dan ga,,, terlalu pahit. kayaknya gw bakal ketagihan nih bikin kopi sendiri tiap pagi,,, sebelum ke kampus
2747;124;0;7612095.0;system;;[];False;False;032029f68042bfa5;[];[Pesan sistem]
2748;124;101-500;7612185.0;text;;['😌'];False;False;032029f68042bfa5;[];hari ini gw iseng nyoba bikinn kopi pake metode v60 yang lagiiii hype di kalangannn anak anak kampus. beliiii alatnyaaaa lumayan mahal sih tapiiii hasilnya emang bedaaa dari kopi sachet biasa. kopinya lebihhh smoothhhh dan ga terlalu pahit. kayaknya gw bakal ketagihannn nihhhh bikin kopi sendiriii tiapp pagi sebelum ke kampus
2749;124;11-50;7612205.0;text;;['☺️'];False;False;032029f68042bfa5;[];reuni kapan ya kita
2750;124;11-50;7612340.0;text;;[];False;True;47efeab487e47b68;[];sedih banget ceritanya!
2751;125;101-500;7613495.0;text;;[];False;False;47efeab487e47b68;[];kemarin malem gw sama temen temen nongkrong di warkop biasa sampe jam 12 malem. kita ngobrol banyak hal dari mulai tugas kuliah, rencana liburan, sampe masalah percintaan. seru sih walau besoknya gw kesiangan masuk kelas pagi dan dosen negur di depan semua orang. malu tapi ya gimana lagi
2752;125;0;7619378.0;image/jpeg;;[];False;False;d3c37841e2089cb6;[];[Foto]
2753;125;101-500;7619846.0;text;;[];False;False;8ca79bd486c44d4b;[];kemarin malem gw sama temen... temen nongkrong di... warkop biasa... sampe jam 12 malem. kita ngobrol banyak hal dari mulai tugas kuliah, rencana liburan, sampe masalah percintaan. seru... sih walau... besoknya gw kesiangan... masuk kelas... pagi dan dosen negur... di depan semua orang. malu tapi... ya gimana lagi
2754;125;101-500;7619983.0;text;;[];False;False;5172c240e19d3566;[];KEMARIN MALEM GW SAMA TEMEN TEMEN NONGKRONG DI WARKOP BIASA SAMPE JAM 12 MALEM. KITA NGOBROL BANYAK HAL DARI MULAI TUGAS KULIAH, RENCANA LIBURAN, SAMPE MASALAH PERCINTAAN. SERU SIH WALAU BESOKNYA GW KESIANGAN MASUK KELAS PAGI DAN DOSEN NEGUR DI DEPAN SEMUA ORANG. MALU TAPI YA GIMANA LAGI
2755;125;101-500;7620055.0;text;;[];False;False;47efeab487e47b68;[];kemarin malem gw sama temen temen nongkrong di warkop biasa sampe jam 12 malem. kita ngobrol banyak hal dari mulai tugas kuliah, rencana liburan, sampe masalah percintaan. seru sih walau besoknya gw kesiangan masuk kelas pagi dan dosen negur di depan semua orang. malu tapi ya gimana lagi
2756;125;11-50;7620071.0;text;;[];False;True;47efeab487e47b68;[];capek banget hari ini!
2757;125;11-50;7620106.0;text;;[];False;True;47efeab487e47b68;[];capek banget hari ini!
2758;125;101-500;7620259.0;text;;[];False;False;ed15eaa8de474ecd;[];kemarin malem gw sama temen temen nongkrong di warkop biasa sampe jam 12 malem. kita ngobrol banyak hal dari mulai tugas kuliah, rencana liburan, sampe masalah percintaan. seru sih walau besoknya gw kesiangan masuk kelas pagi dan dosen negur di depan semua orang. malu tapi ya gimana lagi
2759;125;101-500;7621577.0;text;;[];False;False;eab9c5046b166684;[];Kemarin malem gw sama temen temen nongkrong di warkop biasa sampe jam 12 malem. kita ngobrol banyak hal dari mulai tugas kuliah, rencana liburan, sampe masalah percintaan. seru sih walau besoknya gw kesiangan masuk kelas pagi dan dosen negur di depan semua orang. malu tapi ya gimana lagi.
2760;125;101-500;7621632.0;text;;[];False;False;fbff62b93c1ddab9;[];kemarin malem gw sama temen temen,,, nongkrong di,,, warkop biasa sampe jam,,, 12 malem. kita ngobrol banyak hal dari mulai tugas kuliah,,,, rencana liburan, sampe masalah percintaan. seru,,, sih walau,,, besoknya gw,,, kesiangan masuk kelas pagi dan dosen,,, negur di depan semua orang. malu tapi ya gimana lagi
2761;125;51-100;7622216.0;text;;['😉'];False;False;79f1679e48f8423e;[];dompet gw ilang kemarin di angkot tapi alhamdulillah ada yang nemuin
2762;125;11-50;7625570.0;text;;['☺️'];False;False;34840f9a33fb4219;[];es teh manis satu ya bangggg
2763;125;11-50;7626826.0;text;;['🌟'];False;False;c1222dade0e51982;[];tadi gw makan nsai padang
2764;125;51-100;7626856.0;text;;[];False;False;c1222dade0e51982;[];weekend ni gw mau staycation aja di kosan bineg watching series baru
2765;125;51-100;7627296.0;text;;[];False;False;721f4b478bcb55fc;[];weekend ini gw mau staycation aja... di kosan binge... watching series baru...
2766;125;51-100;7627333.0;text;;[];True;False;721f4b478bcb55fc;[];ada yang tau kenapa kantin kampus tutup lebih awal hari ini ga... sih?
2767;125;11-50;7627348.0;text;;[];False;False;721f4b478bcb55fc;[];bakso malang itu buka ga ya
2768;125;11-50;7627366.0;text;;[];True;False;721f4b478bcb55fc;[];bayar berapa sih... tadi?
2769;125;11-50;7627366.0;text;;[];True;False;721f4b478bcb55fc;[];bawa motor apa naik... apa?...
2770;125;11-50;7627366.0;text;;[];True;False;721f4b478bcb55fc;[];itu beneran apa hoax?
2771;125;11-50;7627366.0;text;;[];True;False;721f4b478bcb55fc;[];bawa motor apa naik apa?
2772;125;11-50;7627367.0;text;;[];True;False;721f4b478bcb55fc;[];itu beneran apa hoax?...
2773;125;11-50;7627369.0;text;;[];True;False;721f4b478bcb55fc;[];udah sampe belom?
2774;125;11-50;7627369.0;text;;[];True;False;721f4b478bcb55fc;[];bayar berapa sih tadi?
2775;125;11-50;7627369.0;text;;[];True;False;721f4b478bcb55fc;[];bawa motor apa naik apa?
2776;125;11-50;7627370.0;text;;[];True;False;721f4b478bcb55fc;[];bawa motor apa naik... apa?
2777;125;11-50;7627370.0;text;;[];True;False;721f4b478bcb55fc;[];udah sampe belom?...
2778;125;11-50;7627370.0;text;;[];True;False;721f4b478bcb55fc;[];udah sampe belom?
2779;125;11-50;7627371.0;text;;[];True;False;721f4b478bcb55fc;[];itu beneran apa... hoax?
2780;125;11-50;7627371.0;text;;[];True;False;721f4b478bcb55fc;[];bawa motor apa naik apa?
2781;125;11-50;7627372.0;text;;[];True;False;721f4b478bcb55fc;[];udah sampe belom?
2782;125;11-50;7627373.0;text;;[];True;False;721f4b478bcb55fc;[];udah sampe belom?
2783;125;11-50;7627373.0;text;;[];True;False;721f4b478bcb55fc;[];udah sampe belom?
2784;125;11-50;7627373.0;text;;[];True;False;721f4b478bcb55fc;[];bawa motor apa naik apa?
2785;125;11-50;7627374.0;text;;[];True;False;721f4b478bcb55fc;[];itu beneran apa hoax?
2786;125;11-50;7627374.0;text;;[];True;False;721f4b478bcb55fc;[];bawa motor apa... naik apa?
2787;125;11-50;7627374.0;text;;[];True;False;721f4b478bcb55fc;[];bawa motor apa naik... apa?...
2788;125;11-50;7627379.0;text;;[];False;True;721f4b478bcb55fc;[];enak banget makanannya!
2789;125;11-50;7628271.0;text;2776.0;['🤣'];False;False;47efeab487e47b68;[];tadi gw makan nasi padang
2790;125;51-100;7628780.0;text;;[];False;False;c1222dade0e51982;[];gw udah download suma materi kuliah tp blm sempat baca sm sekali
2791;125;11-50;7628783.0;text;;[];False;False;6f4c4e22b17b0ac1;[];tadi gw makan nasi padang...
2792;125;1-10;7630220.0;text;;[];False;True;721f4b478bcb55fc;[];wow!
2793;125;51-100;7632381.0;text;;['👀'];True;False;b96c35176bdca401;[];ada yang tau kenapa kantin kampus tutup lebih awal hari ini ga,,, sih?
2794;125;101-500;7633397.0;text;;[];False;False;fe6ecd86b1e5536b;[];kemarin malem gw sm temen temen nongkrong di warkop biasa sampe jam 12 malem. kita ngobrol banyak hal dr mulai tugas kuliah, rencana liburan, sampe masalah percintaan. seru sih walau besoknya gw kesiangan masuk kelas pagi dan dosen negur di depan smua orang. malu tp ya gmn lg
2795;125;101-500;7633477.0;text;;[];False;False;032029f68042bfa5;[];kemarin malem gw samaaaa temen temen nongkrong di warkoppp biasa sampe jammmm 12 malem. kita ngobrol banyak hal dari mulai tugas kuliah, rencana liburan, sampeeee masalah percintaan. seruu sih walauuuu besoknya gw kesiangan masuk kelasss pagi dan dosen negurr di depan semua orang. malu tapi ya gimana lagi
2796;125;101-500;7634390.0;text;;[];False;False;de034364b8eb3dd0;[];kemarin malem gw sama temen temen nongkrong di warkop biasa sampe jam 12 malem. kita ngobrol banyak hal dari mulai tugas kuliah, rencana liburan, sampe masalah percintaan. seru sih walau besoknya gw kesiangan masuk kelas pagi dan dosen negur di depan semua orang. malu tapi ya gimana lagi!!
2797;125;101-500;7640940.0;text;;[];False;False;e943d1778c4fda1c;[];kemarin malem gw sama temenn temen nongkrong di warkopp biasa sampee jam 12 malem. kitaaa ngobrol banyakkk hallll darii mulaiiii tugas kuliah, rencana liburan, sampee masalah percintaan. seru sih walauuu besoknya gw kesiangan masuk kelas pagi dan dosennn negur di depan semuaaa orang. malu tapi ya gimanaaaa lagi
2798;125;101-500;7641101.0;text;;[];False;False;0c13b967cd2c4542;[];kemarin malem gw sm temen temen nongkrong di warkop... biasa... sampe jam 12 malem. kita... ngobrol banyak hal dr mulai... tugas kuliah, rencana liburan,... sampe masalah percintaan. seru sih walau besoknya gw kesiangan masuk kelas pagi... dan dosen negur di... depan smua... orang. malu tp... ya gmn lg...
2799;125;101-500;7641167.0;text;;[];False;False;de034364b8eb3dd0;[];kemarin malem gw sama temen temen nongkrong di warkop biasa sampe jam 12 malem. kita ngobrol banyak hal dari mulai tugas kuliah, rencana liburan, sampe masalah percintaan. seru sih walau besoknya gw kesiangan masuk kelas pagi dan dosen negur di depan semua orang. malu tapi ya gimana lagi!!
2800;125;101-500;7643959.0;text;;[];False;False;e17092221f4d7414;[];kemarin malem gw sama temen temen nongkrong di warkop biasa sampe jam 12 malem. kita ngobrol banyak hal dari mulai tugas kuliah, rencana liburan, sampe masalah percintaan. seru sih walau besoknya gw kesiangan masuk kelas pagi dan dosen negur di depan semua orang. malu tapi ya gimana lagi
2801;125;11-50;7644436.0;text;;[];False;False;79f1679e48f8423e;[];indomie telor udah cukup kok
2802;125;11-50;7644437.0;text;;[];False;False;79f1679e48f8423e;[];bakso malang itu buka ga ya
2803;125;11-50;7644442.0;text;;[];False;False;79f1679e48f8423e;[];sarapan dulu baru mikir
2804;125;11-50;7644442.0;text;;[];False;False;79f1679e48f8423e;[];gw lagi diet tapi gagal mulu
2805;125;11-50;7644482.0;text;;['🤨', '🙃'];True;False;e17092221f4d7414;[];itu beneran apa hoax?
2806;125;11-50;7644484.0;text;;['🤨', '🙃'];True;False;e17092221f4d7414;[];itu beneran apa hoax?
2807;126;0;7698276.0;system;;[];False;False;c1222dade0e51982;[];[Pesan sistem]
2808;126;101-500;7705197.0;text;;[];False;False;c1084b7e5fa3ce87;[];jadi ceritanya kemarin gw ke perpustakaan pusat buat nyari bahan referensi skripsi, ternyata bukunya udah dipinjem smua sm anak angkatan sebelah. akhirnya gw cuma bs fotokopi dr temen yg kebetulan pny. lumayan lah daripada ga dapet sm sekali, tinggal di rangkum aja sisanya
2809;126;101-500;7705649.0;text;;[];False;False;7397f95ddabec5cf;[];jadiiii ceritanya kemarin gw ke perpustakaan pusatttt buat nyarii bahan referensiiii skripsi, ternyata bukunya udah dipinjemmm semua samaaaa anakk angkatan sebelah. akhirnyaa gw cuma bisa fotokopi dari temen yang kebetulann punya. lumayan lah daripadaaa ga dapetttt sama sekali, tinggal di rangkumm aja sisanyaaaa
2810;126;101-500;7707903.0;text;;[];False;False;d3c37841e2089cb6;[];jadi ceritanya kemarin gw ke perpustakaan pusat buat nyari bahan referensi skripsi, ternyata bukunya udah dipinjem smua sm anak angkatan sebelah. akhirnya gw cuma bs fotokopi dr temen yg kebetulan pny. lumayan lah daripada ga dapet sm sekali, tinggal di rangkum aja sisanya
2811;126;101-500;7708051.0;text;;[];False;False;61d77eb9f6fcf403;[];jadiii ceritanyaaaa kemarinn gw ke perpustakaan pusatt buat nyarii bahan referensiii skripsi, ternyata bukunya udahhh dipinjem semua samaaa anakkk angkatannnn sebelah. akhirnya gw cumaaa bisaa fotokopi dari temen yang kebetulann punya. lumayan lah daripadaaaa ga dapet samaaaa sekali, tinggal di rangkummm ajaaaa sisanya
2812;126;0;7708552.0;image/jpeg;;[];False;False;87fe972586c55829;[];[Foto]
2813;126;11-50;7708559.0;text;;[];False;False;87fe972586c55829;[];dosen gw galak... bgt sih
2814;127;0;7729884.0;system;;[];False;False;c1084b7e5fa3ce87;[];[Pesan sistem]
2815;127;101-500;7732689.0;text;;[];False;False;c1222dade0e51982;[];tadi siang gw makan di warung maakn baru deket gerbang belakang kampus. nasi groengnya lumayan enka dan hargnaya murah bgt cuam 12 ribu udha sm es teh. kayaknya bakal jaid langganan baru deh soalnya warteg biasa gw uadh mulai naik harga dan porsinya makin dikit aja
2816;127;101-500;7732689.0;text;;[];False;False;c1222dade0e51982;[];tadi sinag gw mkaan di warung makan baur deket gerbang bealkang kampus. nasi gorengnya lumayan eank dan harganya mruah bgt cuma 12 riub udah sm es the. kayaknya bakal jadi langganan baur deh soalnya warteg biasa gw uadh mulai naik harga dan porsinya makin dikit aja
2817;127;101-500;7732690.0;text;;[];False;False;c1222dade0e51982;[];tadi siang gw makan di warung makan brau deket gerbagn belakang kampus. nsai gorengnya lumayan enka dan harganya murah bgt cuma 12 riub udah sm es teh. kayakyna bakal jadi langganan baru deh soalnya warteg biasa gw udah mluai naki harga dan porsinya makin dikit aja
2818;127;101-500;7732691.0;text;;[];False;False;c1222dade0e51982;[];tadi siang gw makan di warung makan baru deket gerbang belakang kampus. nasi gorengnya lumayan enak dan harganya murah bgt cuma 12 ribu udah sm es teh. kayaknya bkaal jadi langganan baru deh soanlya wartge biaas gw udah mluai naki harga dan porsinya makin dikit aja
2819;127;101-500;7732691.0;text;;[];False;False;c1222dade0e51982;[];tadi sinag gw maakn di warung makan baru deket gerbang belakang kampus. nasi gorengnya lumayna enak dan hagranya murah bgt cmua 12 ribu udah sm es teh. kayaknya bakal jadi langganan baru deh soalnya warteg biasa gw uadh mulai naki hagra dan porsinya makin dkiit aja
2820;127;101-500;7732693.0;text;;[];False;False;c1222dade0e51982;[];tadi siang gw makan di wraung makan baru deket gerbang belakang kampus. nasi gorengnya lumayan enka dan harganya muarh bgt cmua 12 ribu udah sm es teh. kayaknya bakal jadi langganan baru deh soalnya warteg biasa gw uadh mulai niak harga dan porsinya makni dikit aja
2821;127;101-500;7732694.0;text;;[];False;False;c1222dade0e51982;[];tadi siang gw makan di warung makan baru deket gerbnag belakang kampsu. nasi gorengnya lumayan enak dan harganya murah bgt cuma 12 ribu udah sm es teh. kayaknya bkaal jadi langganan baru deh soalnya wrateg biasa gw udah mulai naik harga dan porsinya makin dkiit aja
2822;127;101-500;7732694.0;text;;[];False;False;c1222dade0e51982;[];tadi siang gw makan di warung makan baru deket gerbang belakang kampus. nsai gorengnya lumayan enka dan harganya murah bgt cuma 12 ribu udah sm es teh. kayaknay bakal jadi langganan baru deh soalnya waretg biasa gw udah mulai naik harga dan porsinya makin dikit aja
2823;127;101-500;7732695.0;text;;[];False;False;c1222dade0e51982;[];tadi siang gw makan di waurng mkaan baru deket gerbang belakang kampus. nasi gorengnya lumayan enak dan harganya muarh bgt cuam 12 ribu udah sm es teh. kayaknya bakal jaid langgnaan baru deh soalyna warteg biasa gw udha mulai niak harga dan porsniya makin dikit aja
2824;127;101-500;7732695.0;text;;[];False;False;c1222dade0e51982;[];tdai siang gw makan di warung makan baru dkeet gerbang belakang kampus. nsai gorengnya luamyan enka dan harganya murah bgt cuma 12 ribu udah sm es teh. kayaknya bakal jdai langganan baur deh soalyna warteg biasa gw udah mulai naik harga dan porsinya makin diikt aja
2825;127;101-500;7732695.0;text;;[];False;False;c1222dade0e51982;[];tadi siang gw makan di warung makan baru dkeet gerbang belaknag kampus. nasi gorengnya lumayan enak dan harganya murah bgt cuma 12 ribu udah sm es teh. kayaknya baakl jadi langgaann baru deh soalyna wartge biasa gw udah mulai naik harga dan porsinya maikn dikit aja
2826;127;101-500;7732696.0;text;;[];False;False;c1222dade0e51982;[];tdai siang gw makan di warung makan brau deket gebrang belakang kampus. nais gorengnya lumayan enka dan harganya murah bgt cuam 12 rbiu udah sm es teh. kayaknya baakl jadi langganan baru deh soanlya warteg biasa gw udah mulia naik harga dan porsinya makin dikit aja
2827;127;11-50;7732731.0;text;;[];False;True;79f1679e48f8423e;[];akhirnya kelar juga nih!
2828;127;11-50;7732838.0;text;;[];False;True;0c13b967cd2c4542;[];akhirnya kelar jg nih!
2829;127;1-10;7732889.0;text;;[];False;True;c1222dade0e51982;[];buset!
2830;127;1-10;7732956.0;text;;[];False;True;47efeab487e47b68;[];buset!
2831;127;11-50;7736974.0;application/pdf;;[];False;False;79f1679e48f8423e;[];[Dokumen PDF]
2832;127;51-100;7736986.0;text;;[];False;False;79f1679e48f8423e;[];gw baru dapet info beasiswa buat semester depan mau coba daftar deh
2833;127;11-50;7737204.0;text;;[];False;False;093afc7b396c4aa4;[];album baru dia enak banget!!
2834;127;51-100;7737382.0;text;;['😳'];False;False;79f1679e48f8423e;[];gw harus ganti strategi belajar sih soalnya nilai UTS kemarin jelek bgt
2835;127;11-50;7738138.0;text;;[];True;False;559d0ee52d04602a;[];ada sinyal ga disitu?
2836;127;101-500;7738183.0;text;;[];True;False;559d0ee52d04602a;[];menurut kalian kenapa ya generasi... kita tuh kayaknya lebih gampang stres dan burnout dibanding generasi... orang... tua kita dulu? apa... karena tekanan sosmed atau... emang tuntutan hidup yang makin tinggi ya? gw penasaran... aja sih soalnya... temen temen gw banyak yang ngeluh hal yang sama
2837;127;11-50;7738203.0;text;;[];True;False;559d0ee52d04602a;[];booking duluan apa langsung aja?
2838;127;0;7738224.0;audio;;[];False;False;093afc7b396c4aa4;[];[Voice Note]
2839;127;51-100;7738225.0;text;;[];False;False;3937cb7a5a08899b;[];dosen killer itu ternyata baik banget orangnya kalo diajak... ngobrol santai
2840;127;11-50;7738234.0;text;;[];False;False;79f1679e48f8423e;[];gym hari ini skip deh
2841;127;11-50;7738238.0;text;;[];False;False;093afc7b396c4aa4;[];game baru udah download belum!!!
2842;127;51-100;7738265.0;text;;[];False;False;3937cb7a5a08899b;[];gw gagal diet lagi soalnya tadi sore diajak makan bakso sama temen
2843;127;101-500;7738307.0;text;;[];False;False;79f1679e48f8423e;[];tadi siang gw makan di warung makan baru deket gerbang belakang kampus. nasi gorengnya lumayan enak dan harganya murah banget cuma 12 ribu udah sama es teh. kayaknya bakal jadi langganan baru deh soalnya warteg biasa gw udah mulai naik harga dan porsinya makin dikit aja
2844;127;1-10;7738323.0;text;;[];False;False;093afc7b396c4aa4;[];dih!!!
2845;127;11-50;7738346.0;text;;['😊', '🙏🏽'];False;False;559d0ee52d04602a;[];gym hari ini skip deh...
2846;127;11-50;7738377.0;text;;[];False;False;559d0ee52d04602a;[];series itu endingnya zonk bgt
2847;127;0;7738402.0;unknown;;[];False;False;79f1679e48f8423e;[];[Media tidak dikenal]
2848;127;101-500;7738469.0;text;;[];False;False;79f1679e48f8423e;[];tadi siang gw makan di warung makan baru deket gerbang belakang kampus. nasi gorengnya lumayan enak dan harganya murah banget cuma 12 ribu udah sama es teh. kayaknya bakal jadi langganan baru deh soalnya warteg biasa gw udah mulai naik harga dan porsinya makin dikit aja
2849;127;101-500;7738485.0;text;;[];False;False;559d0ee52d04602a;[];tadi siang gw makan di warung makan baru deket... gerbang belakang kampus.... nasi gorengnya lumayan enak dan harganya murah banget... cuma... 12 ribu udah sama es teh. kayaknya bakal jadi langganan baru... deh soalnya warteg biasa... gw udah mulai naik... harga dan porsinya makin dikit aja
2850;127;101-500;7738486.0;text;;[];False;False;559d0ee52d04602a;[];tadi siang gw makan di warung makan baru deket gerbang belakang kampus. nasi gorengnya lumayan enak dan harganya murah banget cuma 12 ribu udah sama es teh. kayaknya bakal jadi langganan baru deh soalnya warteg... biasa gw udah mulai naik... harga dan... porsinya makin dikit aja
2851;127;101-500;7738486.0;text;;[];False;False;559d0ee52d04602a;[];tadi siang gw makan di... warung makan baru deket gerbang... belakang kampus. nasi gorengnya lumayan enak dan harganya murah banget... cuma 12 ribu udah... sama... es teh. kayaknya... bakal jadi langganan baru deh soalnya warteg biasa gw udah mulai naik harga dan... porsinya makin dikit... aja
2852;127;101-500;7738492.0;text;;[];False;False;559d0ee52d04602a;[];tadi siang gw makan di warung makan baru deket gerbang belakang kampus. nasi gorengnya lumayan enak dan harganya murah banget... cuma 12 ribu udah sama es teh. kayaknya bakal jadi langganan baru deh soalnya warteg biasa gw udah mulai naik harga dan porsinya makin dikit... aja
2853;128;101-500;7785497.0;text;;['📌', '🎥', '➡️'];True;False;79f1679e48f8423e;[];eh ada yang punya rekomendasi laptop budget 5 jutaan yang bagus buat kuliah dan ngoding ga? laptop gw yang sekarang udah mulai lemot dan sering ngehang kalo buka banyak tab. pengennya sih yang ringan buat dibawa ke kampus tapi tetep kenceng performanya, ada saran?
2854;128;11-50;7785577.0;text;;['☺️'];False;False;032029f68042bfa5;[];dompetttt gw ketinggalannn di rumah
2855;128;1-10;7785906.0;text;;[];False;False;f4064e0c91edb2af;[];siapp
2856;128;0;7789137.0;system;;[];False;False;b96c35176bdca401;[];[Pesan sistem]
2857;128;11-50;7789171.0;text;;[];False;False;b96c35176bdca401;[];capek banget hari,,, ini asli
2858;128;51-100;7794212.0;text;;[];True;True;5f63e1330cbc5049;[];lu percayaaa ga sih samaaaa beritaa yang lagi virall di twitter itu?
2859;128;101-500;7794510.0;text;;[];False;False;87fe972586c55829;[];gw lg belajar coding otodidak... dr youtube buat nambah skill. mulai dr html css dulu baru pelan pelan ke javascript.... lumayan... susah sih awalnya tp lama lama... mulai paham jg.... siapa tau... ntr... bs bikin portfolio... sendiri dan dapet kerjaan freelance buat nambah uang jajan... selama kuliah
2860;128;11-50;7795197.0;text;;[];False;False;8c4583f47f91d072;[];Lu tim mana dukungnya.
2861;128;11-50;7795305.0;text;;[];False;False;721f4b478bcb55fc;[];gw lg sibuk bgt minggu... ini
2862;128;1-10;7795494.0;text;;[];False;False;032029f68042bfa5;[];okkkkk
2863;128;51-100;7795520.0;text;;[];False;False;032029f68042bfa5;[];gw seneng bangett akhirnya bisa ketemuuuu temenn temen lama setelahhhh lama ga
2864;128;1-10;7795748.0;text;;[];False;False;ac4607085ba516fd;[];SEEP
2865;128;11-50;7795760.0;text;;[];False;False;ac4607085ba516fd;[];HP GW LOWBAT NIH
2866;128;51-100;7795788.0;text;;[];False;False;ac4607085ba516fd;[];LAPTOP GW MULAI LEMOT NIH KAYAKNYA HARUS INSTALL ULANG ATAU GANTI RAM
2867;128;11-50;7795798.0;text;;[];True;False;ac4607085ba516fd;[];LU PUNYA KONTAK DIA GA?
2868;128;11-50;7795902.0;text;;[];False;False;439b09084bba48ed;[];lu tim mana dukungnya!!
2869;128;1-10;7795921.0;text;;[];False;False;ac4607085ba516fd;[];OKK
2870;128;11-50;7795958.0;text;;[];False;False;ac4607085ba516fd;[];HP GW LOWBAT NIH
2871;128;0;7796487.0;image/jpeg;;[];False;False;ac4607085ba516fd;[];[Foto]
2872;128;0;7796488.0;image/jpeg;;[];False;False;ac4607085ba516fd;[];[Foto]
2873;128;0;7796489.0;image/jpeg;;[];False;False;ac4607085ba516fd;[];[Foto]
2874;128;0;7796489.0;image/jpeg;;[];False;False;ac4607085ba516fd;[];[Foto]
2875;128;0;7796489.0;image/jpeg;;[];False;False;ac4607085ba516fd;[];[Foto]
2876;128;0;7796489.0;image/jpeg;;[];False;False;ac4607085ba516fd;[];[Foto]
2877;128;0;7796491.0;image/jpeg;;[];False;False;ac4607085ba516fd;[];[Foto]
2878;128;0;7796491.0;image/jpeg;;[];False;False;ac4607085ba516fd;[];[Foto]
2879;128;0;7796492.0;image/jpeg;;[];False;False;ac4607085ba516fd;[];[Foto]
2880;128;0;7796496.0;image/jpeg;;[];False;False;ac4607085ba516fd;[];[Foto]
2881;128;0;7796497.0;image/jpeg;;[];False;False;ac4607085ba516fd;[];[Foto]
2882;128;11-50;7796505.0;text;;[];False;False;ac4607085ba516fd;[];INTERNET MATI LAGI DI KOSAN
2883;128;11-50;7796505.0;text;;[];False;False;ac4607085ba516fd;[];INTERNET MATI LAGI DI KOSAN
2884;128;11-50;7796513.0;text;;[];False;False;ac4607085ba516fd;[];INTERNET MATI LAGI DI KOSAN
2885;128;11-50;7796547.0;text;;[];False;False;ac4607085ba516fd;[];GW BARU GANTI NOMOR BTW
2886;128;101-500;7796568.0;text;;[];False;False;ac4607085ba516fd;[];GW LAGI BELAJAR CODING OTODIDAK DARI YOUTUBE BUAT NAMBAH SKILL. MULAI DARI HTML CSS DULU BARU PELAN PELAN KE JAVASCRIPT. LUMAYAN SUSAH SIH AWALNYA TAPI LAMA LAMA MULAI PAHAM JUGA. SIAPA TAU NANTI BISA BIKIN PORTFOLIO SENDIRI DAN DAPET KERJAAN FREELANCE BUAT NAMBAH UANG JAJAN SELAMA KULIAH
2887;128;1-10;7801236.0;text;;['🔝'];False;False;e18e17680181d232;[];okey
2888;128;0;7802751.0;unknown;;[];False;False;5f63e1330cbc5049;[];[Media tidak dikenal]
2889;128;101-500;7802779.0;text;;[];False;False;5f63e1330cbc5049;[];rencana liburannn semester inii gw mauu road trip sama temen temen ke jogja. kita udahhh patungan buat sewaaa mobil dan booking penginapan murah di daerahhh malioboro. itinerary nyaa udah gw bikin detaill dari hari pertama sampe hariiii ketiga. tinggal eksekusii aja nihh semogaaaa cuaca mendukung dannn ga ada halangan
2890;128;11-50;7802835.0;text;;['😂'];True;False;b96c35176bdca401;[];mau nitip apa,,, ga?
2891;128;1-10;7802872.0;text;;[];False;False;b96c35176bdca401;[];iyaa
2892;128;101-500;7803193.0;text;;[];False;False;ed15eaa8de474ecd;[];gw lagi belajar coding otodidak dari YouTube buat nambah skill. mulai dari HTML CSS dulu baru pelan pelan ke JavaScript. lumayan susah sih awalnya tapi lama lama mulai paham juga. siapa tau nanti bisa bikin portfolio sendiri dan dapet kerjaan freelance buat nambah uang jajan selama kuliah
2893;128;51-100;7803218.0;text;;[];True;False;79f1679e48f8423e;[];lu tau ga tempat print yang murah deket kampus buat tugas akhir?
2894;128;101-500;7803237.0;text;;[];False;False;ac4607085ba516fd;[];RENCANA LIBURAN SEMESTER INI GW MAU ROAD TRIP SAMA TEMEN TEMEN KE JOGJA. KITA UDAH PATUNGAN BUAT SEWA MOBIL DAN BOOKING PENGINAPAN MURAH DI DAERAH MALIOBORO. ITINERARY NYA UDAH GW BIKIN DETAIL DARI HARI PERTAMA SAMPE HARI KETIGA. TINGGAL EKSEKUSI AJA NIH SEMOGA CUACA MENDUKUNG DAN GA ADA HALANGAN
2895;128;101-500;7803249.0;text;;[];False;False;6fea6a8c9a6b9ad5;[];gw baru selesai nonton dokumenter tentang kehidupan nelayan di pesisir utara Jawa. sedih banget liat... perjuangan mereka yang... harus melaut berhari hari cuma buat dapet... ikan yang harganya ga seberapa di pasar. bikin... gw makin bersyukur sih sama kehidupan gw sekarang walau kadang ngeluh juga...
2896;128;101-500;7803257.0;text;;[];False;False;87fe972586c55829;[];minggu lalu gw akhirnya beraniin... diri buat ngomong sm dosen pembimbing soal progress skripsi yg mandek. ternyata beliau pengertian bgt dan kasih banyak masukan... yg berguna. gw nyesel... ga ngomong dr awal... soalnya selama ni gw cuma takut ditolak atau... dimarahin padahal dosennya baik bgt...
2897;128;11-50;7803271.0;text;2895.0;[];False;False;ac4607085ba516fd;[];CUACA HARI INI PANAS BANGET
2898;128;1-10;7803274.0;text;;['😂'];False;False;6fea6a8c9a6b9ad5;[];yess
2899;128;11-50;7803276.0;text;;['😜'];False;False;ac4607085ba516fd;[];NTAR GW KABARIN LAGI DEH
2900;128;1-10;7803282.0;text;;[];False;False;ac4607085ba516fd;[];YESS
2901;128;101-500;7803293.0;text;;[];False;False;6fea6a8c9a6b9ad5;[];minggu lalu gw akhirnya beraniin diri buat ngomong sama dosen pembimbing soal progress skripsi yang... mandek. ternyata beliau pengertian banget dan kasih banyak masukan yang berguna. gw nyesel... ga ngomong... dari awal soalnya selama ini... gw cuma takut ditolak... atau dimarahin padahal dosennya baik banget
2902;128;1-10;7803297.0;text;;[];False;False;6fea6a8c9a6b9ad5;[];ah
2903;128;101-500;7803303.0;text;;[];False;False;79f1679e48f8423e;[];gw baru selesai nonton dokumenter tentang kehidupan nelayan di pesisir utara Jawa. sedih banget liat perjuangan mereka yang harus melaut berhari hari cuma buat dapet ikan yang harganya ga seberapa di pasar. bikin gw makin bersyukur sih sama kehidupan gw sekarang walau kadang ngeluh juga
2904;128;11-50;7803337.0;text;;[];False;False;abec316405b84971;[];internet mati lagi di,,, kosan
2905;128;101-500;7803348.0;text;;[];False;False;ac4607085ba516fd;[];GW BARU SELESAI NONTON DOKUMENTER TENTANG KEHIDUPAN NELAYAN DI PESISIR UTARA JAWA. SEDIH BANGET LIAT PERJUANGAN MEREKA YANG HARUS MELAUT BERHARI HARI CUMA BUAT DAPET IKAN YANG HARGANYA GA SEBERAPA DI PASAR. BIKIN GW MAKIN BERSYUKUR SIH SAMA KEHIDUPAN GW SEKARANG WALAU KADANG NGELUH JUGA
2906;128;101-500;7803390.0;text;;[];False;False;e18e17680181d232;[];kemarin gw ikut kegiatan bakti sosial yg diadain sm bem fakultas. kita ke panti asuhan di pinggiran kota buat ngajar anak anak dan bagi bagi sembako. seru bgt sih dan bikin hati adem. anak anaknya lucu lucu dan semangat bgt belajar walau fasilitas mrk terbatas. jadi pengen rutin kesana
2907;128;11-50;7803433.0;text;2889.0;[];True;False;917ffdf452fec813;[];bisa jemput gw ga?
2908;128;11-50;7803438.0;text;;[];True;False;b96c35176bdca401;[];besok libur bukan sih?
2909;128;51-100;7803444.0;text;;['🥳', '🍾', '🎊', '🎉'];False;False;79f1679e48f8423e;[];duit jajan gw abis padahal baru tanggal 15 harus ngirit banget nih
2910;128;1-10;7803446.0;text;2907.0;[];False;False;b96c35176bdca401;[];yoii
2911;128;11-50;7803495.0;text;;['🤣'];False;False;917ffdf452fec813;[];gw lg sibuk bgt minggu ini
2912;128;101-500;7803637.0;text;;[];False;False;eab9c5046b166684;[];Rencana liburan semester ini gw mau road trip sama temen temen ke Jogja. kita udah patungan buat sewa mobil dan booking penginapan murah di daerah Malioboro. itinerary nya udah gw bikin detail dari hari pertama sampe hari ketiga. tinggal eksekusi aja nih semoga cuaca mendukung dan ga ada halangan.
2913;128;101-500;7803788.0;text;;[];False;False;abec316405b84971;[];gw lagi belajar coding otodidak dari youtube buat nambah skill. mulai dari html css dulu baru pelan pelan ke javascript.,,, lumayan susah sih awalnya,,, tapi lama lama mulai,,, paham juga. siapa tau nanti bisa,,, bikin portfolio sendiri dan dapet kerjaan,,, freelance buat nambah uang jajan selama kuliah
2914;128;11-50;7803828.0;text;;[];False;False;abec316405b84971;[];ntar gw kabarin,,, lagi deh
2915;128;0;7803854.0;unknown;;[];False;False;8c4583f47f91d072;[];[Media tidak dikenal]
2916;128;101-500;7803914.0;text;;[];False;False;8c4583f47f91d072;[];Gw baru selesai nonton dokumenter tentang kehidupan nelayan di pesisir utara Jawa. sedih banget liat perjuangan mereka yang harus melaut berhari hari cuma buat dapet ikan yang harganya ga seberapa di pasar. bikin gw makin bersyukur sih sama kehidupan gw sekarang walau kadang ngeluh juga.
2917;128;101-500;7803961.0;text;;[];False;False;917ffdf452fec813;[];rencana liburan semester ini gw mau road trip sama temen temen ke Jogja. kita udah patungan buat sewa mobil dan booking penginapan murah di daerah Malioboro. itinerary nya udah gw bikin detail dari hari pertama sampe hari ketiga. tinggal eksekusi aja nih semoga cuaca mendukung dan ga ada halangan
2918;128;51-100;7804133.0;text;;[];False;False;79f1679e48f8423e;[];laptop gw mulai lemot nih kayaknya harus install ulang atau ganti RAM
2919;128;11-50;7804144.0;text;;[];False;False;79f1679e48f8423e;[];baru bangun nih masih ngantuk
2920;128;11-50;7804145.0;text;;[];False;False;79f1679e48f8423e;[];cuaca hari ini panas banget
2921;128;101-500;7804160.0;text;;[];False;False;79f1679e48f8423e;[];rencana liburan semester ini gw mau road trip sama temen temen ke Jogja. kita udah patungan buat sewa mobil dan booking penginapan murah di daerah Malioboro. itinerary nya udah gw bikin detail dari hari pertama sampe hari ketiga. tinggal eksekusi aja nih semoga cuaca mendukung dan ga ada halangan
2922;128;101-500;7804175.0;text;;[];False;False;79f1679e48f8423e;[];kemarin gw ikut kegiatan bakti sosial yang diadain sama BEM fakultas. kita ke panti asuhan di pinggiran kota buat ngajar anak anak dan bagi bagi sembako. seru banget sih dan bikin hati adem. anak anaknya lucu lucu dan semangat banget belajar walau fasilitas mereka terbatas. jadi pengen rutin kesana
2923;128;11-50;7804198.0;text;;[];False;False;79f1679e48f8423e;[];gw lagi di atm sebentar
2924;128;11-50;7804213.0;text;;['🥹'];False;False;093afc7b396c4aa4;[];wifi kampus lemot parah!!!
2925;128;51-100;7804219.0;text;;[];False;False;79f1679e48f8423e;[];duit jajan gw abis padahal baru tanggal 15 harus ngirit banget nih
2926;128;1-10;7804499.0;text;;['👀'];False;False;ac4607085ba516fd;[];YOII
2927;128;11-50;7804514.0;text;;[];False;True;ac4607085ba516fd;[];SAKIT HATI GW DENGERNYA!
2928;128;11-50;7805063.0;text;;[];True;False;ed15eaa8de474ecd;[];mau nitip apa ga?
2929;128;101-500;7805157.0;text;;[];False;False;f4064e0c91edb2af;[];gw baru selesai nonton dokumenter tentang kehidupan nelayan di pesisir utara Jawa. sedih banget liat perjuangan mereka yang harus melaut berhari hari cuma buat dapet ikan yang harganya ga seberapa di pasar. bikin gw makin bersyukur sih sama kehidupan gw sekarang walau kadang ngeluh juga
2930;128;51-100;7805201.0;text;;[];False;False;0c13b967cd2c4542;[];gw lg dengerin podcast tentang... psikologi,... lumayan buat nambah wawasan
2931;128;101-500;7805224.0;text;;['🏎'];False;False;0c13b967cd2c4542;[];kemarin gw ikut kegiatan... bakti sosial yg diadain sm bem fakultas. kita ke panti asuhan di pinggiran kota buat ngajar... anak anak dan bagi bagi sembako. seru bgt... sih dan bikin hati adem. anak anaknya lucu lucu dan semangat bgt belajar walau... fasilitas mrk terbatas.... jadi pengen rutin... kesana
2932;128;51-100;7805236.0;text;;['🤣'];False;False;e18e17680181d232;[];duit jajan gw abis padahal baru tanggal 15 hrs ngirit bgt nih
2933;128;11-50;7805323.0;text;;[];False;False;79f1679e48f8423e;[];hujan deres ga bawa payung
2934;128;0;7805324.0;image/jpeg;;[];False;False;79f1679e48f8423e;[];[Foto]
2935;128;101-500;7805380.0;text;;[];False;True;79f1679e48f8423e;[];YESSS gw akhirnya dapet nilai A di mata kuliah yang paling gw takutin selama ini! padahal gw udah pasrah banget pas ujian soalnya soalnya susah parah. ternyata tugas dan presentasi gw nilainya bagus jadi bisa nutupin nilai ujian. alhamdulillah banget perjuangan ga sia sia!
2936;128;51-100;7805409.0;text;;[];False;False;ed15eaa8de474ecd;[];gw lagi dengerin podcast tentang psikologi, lumayan buat nambah wawasan
2937;128;11-50;7805413.0;text;;[];False;False;ed15eaa8de474ecd;[];hujan deres ga bawa payung
2938;128;11-50;7805467.0;text;2935.0;[];False;False;79f1679e48f8423e;[];capek banget hari ini asli
2939;128;1-10;7805476.0;text;;[];False;False;ed15eaa8de474ecd;[];yoii
2940;128;11-50;7805484.0;text;;[];False;False;79f1679e48f8423e;[];gw lg sibuk bgt minggu ini
2941;128;11-50;7805508.0;text;;[];False;False;ed15eaa8de474ecd;[];charger hp gw rusak lagi
2942;128;101-500;7805561.0;text;;['🏎'];False;False;f8e26c8525ed76f0;[];kemarin gw ikut kegiatan bakti sosial yg diadain sm bem fakultas. kita... ke panti asuhan di pinggiran kota buat ngajar... anak anak dan bagi... bagi sembako. seru bgt sih dan bikin hati adem. anak anaknya lucu lucu dan semangat bgt belajar walau fasilitas mrk terbatas.... jadi pengen rutin kesana
2943;128;11-50;7805629.0;text;;[];False;True;58ae85b7e2ff8ac9;[];gokil abis pertandingannay!
2944;128;101-500;7805636.0;text;;['🏎'];False;False;58ae85b7e2ff8ac9;[];rencana liburan semester ni gw mau road trip sm temen temen ke jogja. kita udah patungan buta sewa mobli dan booking penginapan murah di daerha malioboro. itinerary nya udah gw biikn detail dr hari pertama sampe hari keitga. tigngal eksekusi aja nih semoga cauca mendukung dan ga ad halangan
2945;128;11-50;7805894.0;image/jpeg;;[];False;False;240250ced91769e5;[];[Foto]
2946;128;101-500;7805990.0;text;;['🏎'];False;False;7397f95ddabec5cf;[];mingguuu lalu gw akhirnya beraniinnn diri buat ngomongggg samaaa dosennn pembimbingg soalll progressss skripsi yang mandek. ternyataaa beliau pengertiannn bangett dan kasihhhh banyak masukan yang berguna. gw nyesel ga ngomongggg dari awal soalnya selama ini gw cumaa takutt ditolakkkk atauu dimarahin padahall dosennya baik banget
2947;128;101-500;7806129.0;text;;['🏎'];False;False;032029f68042bfa5;[];gw lagi belajar codingggg otodidak dariiii youtube buatt nambahh skill. mulaiii dariiii html csssss dulu baru pelannn pelannn ke javascript. lumayan susah sih awalnya tapii lama lamaa mulai pahammm juga. siapa tauu nantiiii bisa bikin portfolioooo sendiri dan dapettt kerjaann freelancee buattt nambah uang jajan selama kuliahhhh
2948;128;101-500;7806273.0;text;;[];False;False;032029f68042bfa5;[];gw baru selesaiiii nonton dokumenter tentanggg kehidupannn nelayan di pesisir utara jawa. sedihhh banget liat perjuangannnn merekaaa yangggg harusss melautt berharii hari cuma buatttt dapet ikannnn yanggg harganya ga seberapaaa di pasar. bikinn gw makinnn bersyukur sihh samaaaa kehidupan gw sekarangg walau kadang ngeluh jugaaaa
2949;128;101-500;7806531.0;text;;['🥳'];False;True;ac4607085ba516fd;[];GILA SIH GUYS TADI PAS GW LAGI DI JALAN TIBA TIBA MOTOR GW DISEREMPET SAMA MOBIL YANG BELOK TANPA SEIN! UNTUNG GW GA JATOH TAPI SPION GW PATAH DAN BARET DI BODI MOTOR. ORANGNYA LANGSUNG KABUR LAGI GA TANGGUNG JAWAB! SUMPAH KESEL BANGET GW SAMPE SEKARANG MASIH GEMETARAN!
2950;128;101-500;7806533.0;text;;['🥳'];False;True;ac4607085ba516fd;[];GILA SIH GUYS TADI PAS GW LAGI DI JALAN TIBA TIBA MOTOR GW DISEREMPET SAMA MOBIL YANG BELOK TANPA SEIN! UNTUNG GW GA JATOH TAPI SPION GW PATAH DAN BARET DI BODI MOTOR. ORANGNYA LANGSUNG KABUR LAGI GA TANGGUNG JAWAB! SUMPAH KESEL BANGET GW SAMPE SEKARANG MASIH GEMETARAN!
2951;128;101-500;7806533.0;text;;['🥳'];False;True;ac4607085ba516fd;[];GILA SIH GUYS TADI PAS GW LAGI DI JALAN TIBA TIBA MOTOR GW DISEREMPET SAMA MOBIL YANG BELOK TANPA SEIN! UNTUNG GW GA JATOH TAPI SPION GW PATAH DAN BARET DI BODI MOTOR. ORANGNYA LANGSUNG KABUR LAGI GA TANGGUNG JAWAB! SUMPAH KESEL BANGET GW SAMPE SEKARANG MASIH GEMETARAN!
2952;128;101-500;7807312.0;text;;['🏎'];False;False;fe6ecd86b1e5536b;[];rencana liburan semester ni gw mau road trip sm temen temen ke jogja. kita udah patungan buat sewa mobil dan booking penginapan murah di daerah malioboro. itinerary nya udah gw bikin detail dr hari pertama sampe hari ketiga. tinggal eksekusi aja nih semoga cuaca mendukung dan ga ad halangan
2953;128;51-100;7807368.0;text;;['😅'];False;False;5f63e1330cbc5049;[];gw senenggg bangetttt akhirnyaaaa bisaaa ketemu temen temennnn lama setelah lama ga
2954;128;51-100;7807556.0;text;2949.0;[];False;False;6f4c4e22b17b0ac1;[];tadi gw antri di administrasi kampus... 2 jam cuma buat ngurus surat
2955;128;11-50;7807618.0;text;;['🤣'];False;False;032029f68042bfa5;[];dompet gw ketinggalann di rumahhhh
2956;128;101-500;7807677.0;text;;['🤦\u200d♀️'];False;False;5f63e1330cbc5049;[];mingguuu lalu gw akhirnyaa beraniinnnn diri buat ngomonggg sama dosennn pembimbing soal progresss skripsi yang mandek. ternyata beliau pengertian banget dan kasih banyakkkk masukan yang berguna. gw nyesel ga ngomong dari awal soalnyaaaa selamaaa ini gw cuma takut ditolak atauuu dimarahin padahal dosennyaa baik banget
2957;128;51-100;7807714.0;text;;[];False;False;8c4583f47f91d072;[];Gw lagi dengerin podcast tentang psikologi, lumayan buat nambah wawasan.
2958;128;51-100;7807744.0;text;;['🤣'];False;False;87fe972586c55829;[];duit jajan gw abis padahal baru tanggal 15 hrs... ngirit bgt nih
2959;128;11-50;7807775.0;text;;[];False;False;fbff62b93c1ddab9;[];capek banget hari ini,,, asli
2960;128;101-500;7807779.0;text;;['✌🏻'];False;False;6fea6a8c9a6b9ad5;[];minggu lalu gw akhirnya beraniin diri buat ngomong sama dosen... pembimbing soal progress skripsi yang mandek. ternyata beliau pengertian banget... dan kasih banyak masukan yang berguna. gw nyesel... ga ngomong dari awal soalnya selama ini... gw cuma takut ditolak atau dimarahin padahal dosennya baik banget
2961;128;11-50;7807780.0;text;;[];False;True;721f4b478bcb55fc;[];sakit hati gw dengernya!
2962;128;1-10;7807799.0;text;;[];False;False;87fe972586c55829;[];hem
2963;128;101-500;7807816.0;text;;['🏎'];False;False;721f4b478bcb55fc;[];minggu lalu gw akhirnya beraniin diri buat ngomong sama dosen... pembimbing soal progress skripsi yang... mandek. ternyata beliau... pengertian banget... dan... kasih banyak masukan... yang... berguna. gw nyesel ga ngomong dari awal soalnya selama ini gw... cuma takut ditolak atau dimarahin padahal dosennya baik... banget...
2964;128;11-50;7807849.0;text;;[];False;False;fbff62b93c1ddab9;[];gw baru ganti nomor,,, btw
2965;128;11-50;7807849.0;text;;[];False;False;fbff62b93c1ddab9;[];gw mau tidur,,, dulu ya
2966;128;11-50;7807849.0;text;;[];False;False;fbff62b93c1ddab9;[];gw baru ganti nomor btw
2967;128;11-50;7807850.0;text;;[];False;False;fbff62b93c1ddab9;[];lu tim,,, mana dukungnya
2968;128;11-50;7807850.0;text;;[];False;False;fbff62b93c1ddab9;[];hp gw lowbat nih
2969;128;11-50;7807850.0;text;;[];False;False;fbff62b93c1ddab9;[];dompet gw ketinggalan di rumah
2970;128;11-50;7807850.0;text;;[];False;False;fbff62b93c1ddab9;[];lu tim mana dukungnya,,,
2971;128;11-50;7807851.0;text;;[];False;False;fbff62b93c1ddab9;[];baru bangun nih masih ngantuk
2972;128;11-50;7807852.0;text;;[];False;False;fbff62b93c1ddab9;[];bentar ya gw lg,,, di jalan
2973;128;11-50;7807852.0;text;;[];False;False;fbff62b93c1ddab9;[];capek banget hari ini asli
2974;128;11-50;7807852.0;text;;[];False;False;fbff62b93c1ddab9;[];ntar gw,,, kabarin,,, lagi,,, deh
2975;128;11-50;7807852.0;text;;[];False;False;fbff62b93c1ddab9;[];ntar gw kabarin lagi,,, deh
2976;128;11-50;7807852.0;text;;[];False;False;fbff62b93c1ddab9;[];capek banget hari ini asli
2977;128;11-50;7807853.0;text;;[];False;False;fbff62b93c1ddab9;[];ntar gw,,, kabarin lagi,,, deh
2978;128;11-50;7807853.0;text;;[];False;False;fbff62b93c1ddab9;[];gw mau tidur dulu ya
2979;128;11-50;7807853.0;text;;[];False;False;fbff62b93c1ddab9;[];hp gw,,, lowbat nih
2980;128;11-50;7807853.0;text;;[];False;False;fbff62b93c1ddab9;[];cuaca hari ini panas,,, banget
2981;128;11-50;7807853.0;text;;[];False;False;fbff62b93c1ddab9;[];cuaca hari ini panas banget
2982;128;11-50;7807854.0;text;;[];False;False;fbff62b93c1ddab9;[];gw mau,,, tidur dulu ya
2983;128;11-50;7807854.0;text;;[];False;False;fbff62b93c1ddab9;[];baru bangun nih masih ngantuk
2984;128;11-50;7807855.0;text;;[];False;False;fbff62b93c1ddab9;[];cuaca hari,,, ini panas banget
2985;128;11-50;7807855.0;text;;[];False;False;fbff62b93c1ddab9;[];internet mati lagi di kosan
2986;128;11-50;7807855.0;text;;[];False;False;fbff62b93c1ddab9;[];wifi kampus lemot,,, parah
2987;128;11-50;7807855.0;text;;[];False;False;fbff62b93c1ddab9;[];internet mati lagi di kosan
2988;128;11-50;7807855.0;text;;[];False;False;fbff62b93c1ddab9;[];ntar gw kabarin lagi deh
2989;128;11-50;7807856.0;text;;[];False;False;fbff62b93c1ddab9;[];gw baru ganti nomor,,, btw
2990;128;11-50;7807856.0;text;;[];False;False;fbff62b93c1ddab9;[];hp gw lowbat nih,,,
2991;128;11-50;7807856.0;text;;[];False;False;fbff62b93c1ddab9;[];gw lagi di,,, atm sebentar
2992;128;11-50;7807856.0;text;;[];False;False;fbff62b93c1ddab9;[];hp gw lowbat nih
2993;128;11-50;7807856.0;text;;[];False;False;fbff62b93c1ddab9;[];internet mati lagi di kosan
2994;128;11-50;7807857.0;text;;[];False;False;fbff62b93c1ddab9;[];ntar gw kabarin lagi deh
2995;128;0;7807913.0;unknown;;[];False;False;721f4b478bcb55fc;[];[Media tidak dikenal]
2996;128;1-10;7807924.0;text;;[];False;False;721f4b478bcb55fc;[];eh
2997;128;51-100;7808130.0;text;;['😜'];True;False;032029f68042bfa5;[];lu percayaa ga sih sama berita yang lagiiii viralll di twitterr itu?
2998;128;11-50;7808159.0;text;;['💃🏽', '😂', '😉'];False;False;721f4b478bcb55fc;[];gw lg sibuk bgt minggu ini...
2999;128;101-500;7809279.0;text;;['🚗'];False;False;eab9c5046b166684;[];Kemarin gw ikut kegiatan bakti sosial yang diadain sama BEM fakultas. kita ke panti asuhan di pinggiran kota buat ngajar anak anak dan bagi bagi sembako. seru banget sih dan bikin hati adem. anak anaknya lucu lucu dan semangat banget belajar walau fasilitas mereka terbatas. jadi pengen rutin kesana.
3000;128;101-500;7809692.0;text;;['🚗'];False;False;2a6d5f2541be27cc;[];rencana liburan semester ini gw mau road trip sama temen temen ke Jogja. kita udah patungan buat sewa mobil dan booking penginapan murah di daerah Malioboro. itinerary nya udah gw bikin detail dari hari pertama sampe hari ketiga. tinggal eksekusi aja nih semoga cuaca mendukung dan ga ada halangan!!!
