id;conversation_id;num_characters;relative_time_seconds;message_type;responds_to_id;array_emojis;interrogative;exclamatory;sender_hash;mentioned_phones_hash;message_content
1;1;11-50;0.0;text;;['👼🏻'];False;False;9ed77bf0f02a2299;[];bsk sore ada waktu ga
2;1;0;16496931.0;system;;[];False;False;9ed77bf0f02a2299;[];[Pesan sistem]
3;1;1-10;16496943.0;text;;[];False;False;9ed77bf0f02a2299;[];wah
4;1;11-50;16496945.0;text;;['🤭'];False;False;9ed77bf0f02a2299;[];gw lagi di warkop nih
5;1;101-500;16496972.0;text;;['🤭'];False;False;9ed77bf0f02a2299;[];gw baru aja beres beresin kosan dan nemu barang barang lama dari jaman SMA. ada foto kelas, surat dari mantan, sama buku diary yang isinya cringe banget kalo dibaca sekarang. jadi nostalgia sendiri inget masa masa dulu yang lebih sederhana. kadang kangen juga sih jadi anak SMA lagi tanpa mikirin skripsi
6;1;11-50;16496976.0;text;;['😏'];False;False;9ed77bf0f02a2299;[];jangan lupa bawa duit cash
7;2;1-10;16498405.0;text;;[];False;False;8711fe66a310cd0a;[];hoki
8;2;11-50;16498479.0;text;;[];True;False;924de7dbda46ee44;[];MASIH BANGUN GA LU JAM SEGINI?
9;2;1-10;16498483.0;text;;[];False;False;924de7dbda46ee44;[];SANS
10;2;0;16498546.0;sticker/webp;;[];False;False;8711fe66a310cd0a;[];[Stiker]
11;2;11-50;16498651.0;text;;[];False;False;9ed77bf0f02a2299;[];futsal besok jadi ga
12;2;11-50;16498655.0;text;;[];False;False;9ed77bf0f02a2299;[];game baru udah download belum
13;2;51-100;16498673.0;text;;[];False;False;9ed77bf0f02a2299;[];gw harus ganti strategi belajar sih soalnya nilai UTS kemarin jelek bgt
14;2;1-10;16498675.0;text;;['🤭'];False;False;9ed77bf0f02a2299;[];jir
15;3;11-50;16499354.0;image/jpeg;;['🐾'];False;True;b9a265b4ea626510;[];[Foto]
16;3;1-10;16499421.0;text;;['🤭', '🦕'];False;False;9ed77bf0f02a2299;[];seep
17;3;1-10;16499424.0;text;;[];False;False;9ed77bf0f02a2299;[];seep
18;4;11-50;16501371.0;text;;[];False;True;924de7dbda46ee44;[];SERU BANGET TADI MALEM!
19;4;1-10;16501382.0;text;;['🎂', '🎊', '🥳'];False;False;924de7dbda46ee44;[];HAYUK
20;4;11-50;16501549.0;text;;['🎂', '🎊', '🎉'];False;True;b9a265b4ea626510;[];seru bgt tadi malem!
21;5;1-10;16506849.0;text;;['❤'];False;False;9ed77bf0f02a2299;[];cuy
22;5;11-50;16506850.0;text;;[];False;False;9ed77bf0f02a2299;[];es teh manis satu ya bang
23;6;11-50;17638439.0;text;;[];True;False;9ed77bf0f02a2299;[];bawa motor apa naik apa?
24;6;11-50;17638442.0;text;;[];False;False;9ed77bf0f02a2299;[];tadi gw makan nasi padang
25;6;1-10;17638445.0;text;;[];False;False;9ed77bf0f02a2299;[];woy
26;6;51-100;17638453.0;text;;['🤭'];False;False;9ed77bf0f02a2299;[];gw lagi bingung milih topik skripsi antara dua tema yang sama menariknya
27;6;0;17638477.0;image/jpeg;;[];False;False;9ed77bf0f02a2299;[];[Foto]
28;7;11-50;17640673.0;text;;[];False;False;924de7dbda46ee44;[];SI ITU UDAH PUTUS KATANYA
29;7;11-50;17640688.0;text;;[];False;False;924de7dbda46ee44;[];GW GA PERCAYA SIH GOSIPNYA
30;7;11-50;17640690.0;text;;['🙃'];False;False;9ed77bf0f02a2299;[];gw ga percaya sih gosipnya
31;7;11-50;17640697.0;text;;[];False;True;924de7dbda46ee44;[];GW KAGET PAS DENGER ITU!
32;7;11-50;17640698.0;text;;['😏'];False;False;9ed77bf0f02a2299;[];si itu udah putus katanya
33;7;1-10;17640703.0;text;;[];False;False;924de7dbda46ee44;[];CAPE
34;7;11-50;17640706.0;text;;[];False;False;924de7dbda46ee44;[];ANGKOT KE SANA MASIH ADA GA
35;7;1-10;17640707.0;text;;[];False;False;9ed77bf0f02a2299;[];trus
36;7;1-10;17640709.0;text;;[];False;False;9ed77bf0f02a2299;[];cape
37;7;1-10;17640715.0;text;;['🤭'];False;False;9ed77bf0f02a2299;[];sama
38;8;11-50;17643003.0;text;;[];False;False;b9a265b4ea626510;[];temenin gw dong besok
39;8;11-50;17643016.0;text;;[];False;False;b9a265b4ea626510;[];gw ga percaya sih gosipnya
40;8;11-50;17643027.0;text;;[];False;False;b9a265b4ea626510;[];temen gw sakit masuk rs
41;8;11-50;17643319.0;text;;[];False;False;9ed77bf0f02a2299;[];gw berantem sama si anu
42;8;1-10;17643320.0;text;;[];False;False;9ed77bf0f02a2299;[];gabut
43;8;11-50;17643320.0;text;;[];False;False;9ed77bf0f02a2299;[];gw kangen temen temen SMA
44;8;11-50;17656883.0;text;;['💃🏻'];False;False;b9a265b4ea626510;[];gw ga percaya sih gosipnya
45;9;11-50;17726275.0;text;;[];False;False;9ed77bf0f02a2299;[];warteg depan kampus enak
46;9;11-50;17726289.0;text;;[];False;False;9ed77bf0f02a2299;[];dosen pembimbing susah ditemui
47;9;11-50;17726944.0;text;;[];False;False;924de7dbda46ee44;[];LU UDAH MAKAN BELUM
48;9;11-50;17727194.0;text;;[];False;False;9ed77bf0f02a2299;[];lu udah makan belum
49;9;11-50;17727198.0;text;;[];False;False;9ed77bf0f02a2299;[];tugas kelompok bikin pusing
50;10;1-10;20141500.0;text;;[];False;False;9ed77bf0f02a2299;[];fix
51;10;11-50;20141515.0;text;;[];True;False;9ed77bf0f02a2299;[];udah sampe belom?
52;10;11-50;20141549.0;text;;['😭'];False;False;9ed77bf0f02a2299;[];sarapan dulu baru mikir
53;10;1-10;20141971.0;text;;[];False;True;8711fe66a310cd0a;[];yes!
54;10;11-50;20141978.0;text;;[];False;False;8711fe66a310cd0a;[];kopi susu yg biasa ya
55;10;1-10;20142049.0;text;;['🤭'];False;True;9ed77bf0f02a2299;[];keren!
56;10;0;20223300.0;image/jpeg;;[];False;False;9ed77bf0f02a2299;[];[Foto]
57;11;11-50;21586913.0;text;;[];False;False;9ed77bf0f02a2299;[];lu dimana sih lama banget
58;12;11-50;21608542.0;text;;[];False;False;8711fe66a310cd0a;[];badminton yuk sore ini
59;12;1-10;21610865.0;text;;[];True;False;9ed77bf0f02a2299;[];gitu?
60;13;1-10;21613389.0;text;;[];False;False;8711fe66a310cd0a;[];ok
61;13;0;21614040.0;image/jpeg;;[];False;False;b9a265b4ea626510;[];[Foto]
62;13;11-50;21614047.0;text;;[];False;False;b9a265b4ea626510;[];perpus tutup jam berapa ya
63;14;11-50;21615662.0;text;;[];False;False;924de7dbda46ee44;[];NONGKRONG YUK DI KAFE BIASA
64;14;11-50;21615670.0;text;;[];False;False;924de7dbda46ee44;[];NONGKRONG YUK DI KAFE BIASA
65;15;1-10;21616564.0;text;;[];False;False;9ed77bf0f02a2299;[];trus
66;15;11-50;21616592.0;text;;[];False;False;9ed77bf0f02a2299;[];si itu udah putus katanya
67;15;11-50;21616596.0;text;;[];True;False;9ed77bf0f02a2299;[];kos lu dimana sih tepatnya?
68;15;11-50;21616617.0;text;;[];False;False;b9a265b4ea626510;[];pacarnya baru siapa sih
69;15;1-10;21616619.0;text;;[];False;False;9ed77bf0f02a2299;[];amin
70;15;11-50;21616621.0;text;;[];False;False;b9a265b4ea626510;[];gw berantem sm si anu
71;15;11-50;21616621.0;text;;[];False;False;9ed77bf0f02a2299;[];gw berantem sama si anu
72;15;11-50;21616635.0;text;;[];False;False;9ed77bf0f02a2299;[];temenin gw dong besok
73;15;1-10;21616642.0;text;;['😱'];False;False;9ed77bf0f02a2299;[];wkwkw
74;16;11-50;21683059.0;text;;[];False;False;9ed77bf0f02a2299;[];kopi susu yg biasa ya
75;16;11-50;21683094.0;text;;[];False;False;924de7dbda46ee44;[];KOPI SUSU YG BIASA YA
76;16;1-10;21683107.0;text;;[];False;False;9ed77bf0f02a2299;[];sip
77;16;11-50;21683110.0;text;;[];False;False;9ed77bf0f02a2299;[];bakso malang itu buka ga ya
78;16;11-50;21683113.0;text;;[];False;False;9ed77bf0f02a2299;[];indomie telor udah cukup kok
79;16;1-10;21683778.0;text;;[];False;False;8711fe66a310cd0a;[];fix
80;16;1-10;21683781.0;text;;[];False;False;8711fe66a310cd0a;[];fix
81;16;1-10;21684433.0;text;;[];False;False;9ed77bf0f02a2299;[];bener
82;16;1-10;21684435.0;text;;[];False;False;9ed77bf0f02a2299;[];sip
83;16;11-50;21684441.0;text;;[];False;False;b9a265b4ea626510;[];sarapan dulu baru mikir
84;16;11-50;21684448.0;text;;[];True;False;b9a265b4ea626510;[];tu beneran apa hoax?
85;16;1-10;21684461.0;text;61.0;[];False;False;b9a265b4ea626510;[];fix
86;16;11-50;21684474.0;text;;[];True;False;9ed77bf0f02a2299;[];bawa motor apa naik apa?
87;16;1-10;21684524.0;text;;[];False;False;b9a265b4ea626510;[];lol
88;16;1-10;21684527.0;text;;[];False;False;b9a265b4ea626510;[];lol
89;16;1-10;21684530.0;text;;[];False;False;b9a265b4ea626510;[];yep
90;16;1-10;21684542.0;text;;[];False;False;9ed77bf0f02a2299;[];cuy
91;16;11-50;21684547.0;text;;[];False;False;9ed77bf0f02a2299;[];indomie telor udah cukup kok
92;16;1-10;21684586.0;text;;['😂'];False;False;b9a265b4ea626510;[];bener
93;16;0;21687283.0;sticker/webp;;[];False;False;8711fe66a310cd0a;[];[Stiker]
94;16;51-100;21961385.0;text;;[];True;False;9ed77bf0f02a2299;[];ada yang tau kenapa kantin kampus tutup lebih awal hari ini ga sih?
95;17;1-10;23094126.0;text;;[];False;False;9ed77bf0f02a2299;[];nice
96;17;1-10;23094127.0;text;;[];False;False;9ed77bf0f02a2299;[];gila
97;17;11-50;23094132.0;text;;[];True;False;9ed77bf0f02a2299;[];lu lagi ngapain sih?
98;17;11-50;23094153.0;text;;[];False;False;b9a265b4ea626510;[];gw baru aja ketemu mantan
99;17;0;23094154.0;sticker/webp;;[];False;False;b9a265b4ea626510;[];[Stiker]
100;17;0;23094173.0;unknown;;[];False;False;9ed77bf0f02a2299;[];[Media tidak dikenal]
101;17;1-10;23094941.0;text;97.0;[];False;False;8711fe66a310cd0a;[];goks
102;17;1-10;23094951.0;text;;[];False;False;9ed77bf0f02a2299;[];yess
103;17;1-10;23094954.0;text;;[];True;False;9ed77bf0f02a2299;[];knp?
104;17;11-50;23094955.0;text;;[];False;False;9ed77bf0f02a2299;[];adek gw masuk SMA tahun ini
105;17;1-10;23094960.0;text;;[];False;False;9ed77bf0f02a2299;[];hayuk
106;17;1-10;23094961.0;text;;[];False;False;9ed77bf0f02a2299;[];nice
107;17;1-10;23094964.0;text;;[];False;False;9ed77bf0f02a2299;[];hayuk
108;17;11-50;23095151.0;text;;[];False;False;b9a265b4ea626510;[];film baru di bioskop bagus ga
109;17;51-100;23095173.0;text;;[];False;False;b9a265b4ea626510;[];gw lg belajar masak sendiri biar ga jajan terus lumayan hemat soalnya
110;17;0;23095175.0;sticker/webp;;[];False;False;8711fe66a310cd0a;[];[Stiker]
111;17;0;23095187.0;video/mp4;;[];False;False;8711fe66a310cd0a;[];[Video]
112;17;51-100;23095205.0;text;;[];False;False;b9a265b4ea626510;[];gw lg belajar masak sendiri biar ga jajan terus lumayan hemat soalnya
113;17;1-10;23095216.0;text;;[];False;False;9ed77bf0f02a2299;[];yess
114;17;1-10;23095216.0;text;110.0;['😂'];False;False;b9a265b4ea626510;[];gitu
115;17;1-10;23095220.0;text;;['🤭'];False;False;9ed77bf0f02a2299;[];hayuk
116;17;1-10;23095221.0;text;;[];False;False;9ed77bf0f02a2299;[];mager
117;18;1-10;23149008.0;text;;[];False;False;9ed77bf0f02a2299;[];aman
118;18;51-100;23149016.0;text;;[];True;False;9ed77bf0f02a2299;[];menurut lu gw harus ambil mata kuliah pilihan yang mana semester depan?
119;19;11-50;23150587.0;text;;[];True;False;9ed77bf0f02a2299;[];tadi ngomong apa sih dosennya?
120;19;11-50;23150589.0;text;;[];False;False;9ed77bf0f02a2299;[];manga terbaru udah keluar loh
121;19;1-10;23150711.0;text;;[];True;False;9ed77bf0f02a2299;[];gitu?
122;19;11-50;23150728.0;text;;[];False;False;9ed77bf0f02a2299;[];manga terbaru udah keluar loh
123;19;1-10;23150730.0;text;;[];True;False;9ed77bf0f02a2299;[];jd?
124;19;1-10;23150746.0;text;;[];False;False;9ed77bf0f02a2299;[];bete
125;19;1-10;23150751.0;text;;[];False;False;8711fe66a310cd0a;[];oot
126;19;11-50;23150751.0;text;;[];True;False;9ed77bf0f02a2299;[];tadi ngomong apa sih dosennya?
127;19;11-50;23150757.0;text;;[];False;False;8711fe66a310cd0a;[];konser itu mahal banget tiketnya
128;19;11-50;23150761.0;text;;[];False;False;9ed77bf0f02a2299;[];manga terbaru udah keluar loh
129;19;11-50;23150761.0;text;;[];False;False;8711fe66a310cd0a;[];gw abis lari pagi tadi
130;19;1-10;23150766.0;text;;[];True;False;9ed77bf0f02a2299;[];gitu?
131;19;11-50;23150771.0;text;;[];False;False;8711fe66a310cd0a;[];album baru dia enak banget
132;19;1-10;23150775.0;text;;[];False;False;8711fe66a310cd0a;[];sans
133;19;11-50;23150775.0;text;;[];False;False;8711fe66a310cd0a;[];gw abis lari pagi tadi
134;19;11-50;23150778.0;text;;[];False;False;9ed77bf0f02a2299;[];game baru udah download belum
135;19;11-50;23150781.0;text;;[];False;False;8711fe66a310cd0a;[];gw lagi baca novel baru nih
136;19;11-50;23150788.0;text;;[];True;False;9ed77bf0f02a2299;[];booking duluan apa langsung aja?
137;19;11-50;23150788.0;text;;[];True;False;9ed77bf0f02a2299;[];masih bangun ga lu jam segini?
138;19;11-50;23150933.0;text;;[];False;False;8711fe66a310cd0a;[];podcast yg lu rekomen mana
139;19;1-10;23150940.0;text;;[];False;False;8711fe66a310cd0a;[];oot
140;19;1-10;23151090.0;text;;[];False;False;9ed77bf0f02a2299;[];sans
141;19;11-50;23151099.0;text;;[];True;False;9ed77bf0f02a2299;[];tadi ngomong apa sih dosennya?
142;19;1-10;23151131.0;text;;[];False;False;8711fe66a310cd0a;[];fyi
143;19;11-50;23151135.0;text;;[];False;False;8711fe66a310cd0a;[];manga terbaru udah keluar loh
144;19;11-50;23151147.0;text;;['❤'];False;False;8711fe66a310cd0a;[];gym hari ini skip deh
145;19;11-50;23151154.0;text;;[];False;False;8711fe66a310cd0a;[];pertandingan bola tadi malam gila
146;19;11-50;23151177.0;text;;[];False;False;9ed77bf0f02a2299;[];pertandingan bola tadi malam gila
147;19;11-50;23151182.0;text;;[];False;False;9ed77bf0f02a2299;[];badminton yuk sore ini
148;19;11-50;23151186.0;text;;[];False;False;9ed77bf0f02a2299;[];gw abis lari pagi tadi
149;19;11-50;23151190.0;text;;[];True;False;9ed77bf0f02a2299;[];ada sinyal ga disitu?
150;19;11-50;23151194.0;text;;[];False;False;8711fe66a310cd0a;[];konser itu mahal banget tiketnya
151;19;1-10;23151195.0;text;;[];False;False;8711fe66a310cd0a;[];ih
152;19;11-50;23151228.0;text;;[];False;False;9ed77bf0f02a2299;[];gw abis lari pagi tadi
153;19;1-10;23151231.0;text;;[];False;False;9ed77bf0f02a2299;[];kuy
154;19;1-10;23151233.0;text;;[];False;False;9ed77bf0f02a2299;[];njir
155;19;11-50;23151235.0;text;;[];False;False;9ed77bf0f02a2299;[];badminton yuk sore ini
156;19;1-10;23151260.0;text;153.0;[];False;False;8711fe66a310cd0a;[];oot
157;19;1-10;23151276.0;text;;[];False;False;9ed77bf0f02a2299;[];kuy
158;19;11-50;23151291.0;text;;[];False;False;9ed77bf0f02a2299;[];podcast yg lu rekomen mana
159;19;11-50;23151295.0;text;;[];False;False;9ed77bf0f02a2299;[];futsal besok jadi ga
160;19;1-10;23151370.0;text;;[];False;False;8711fe66a310cd0a;[];dih
161;19;11-50;23151378.0;text;;[];False;False;8711fe66a310cd0a;[];series itu endingnya zonk bgt
162;19;11-50;23151380.0;text;;[];True;False;8711fe66a310cd0a;[];booking duluan apa langsung aja?
163;19;11-50;23151383.0;text;;[];False;False;8711fe66a310cd0a;[];series itu endingnya zonk bgt
164;19;1-10;23151450.0;text;;[];False;False;9ed77bf0f02a2299;[];bete
165;19;11-50;23151453.0;text;;[];False;False;9ed77bf0f02a2299;[];manga terbaru udah keluar loh
166;19;11-50;23151487.0;text;;[];False;False;9ed77bf0f02a2299;[];gym hari ini skip deh
167;19;11-50;23151886.0;text;;[];False;False;8711fe66a310cd0a;[];album baru dia enak banget
168;19;11-50;23151896.0;text;;['😏'];False;False;8711fe66a310cd0a;[];badminton yuk sore ini
169;19;11-50;23151940.0;text;;['😏'];False;False;9ed77bf0f02a2299;[];pertandingan bola tadi malam gila
170;20;11-50;23152755.0;text;;[];True;False;9ed77bf0f02a2299;[];masih buka ga warungnya?
171;20;1-10;23152755.0;text;;[];False;False;9ed77bf0f02a2299;[];gassss
172;20;11-50;23152759.0;text;;[];False;False;9ed77bf0f02a2299;[];bentar ya gw lg di jalan
173;20;11-50;23153048.0;text;;[];False;False;8711fe66a310cd0a;[];cuaca hari ini panas banget
174;20;11-50;23153053.0;text;;[];False;False;8711fe66a310cd0a;[];internet mati lagi di kosan
175;20;11-50;23153058.0;text;;[];False;False;8711fe66a310cd0a;[];lu tim mana dukungnya
176;20;11-50;23153114.0;text;;[];False;False;9ed77bf0f02a2299;[];baru bangun nih masih ngantuk
177;20;1-10;23153116.0;text;;[];False;False;9ed77bf0f02a2299;[];okk
178;21;11-50;23166306.0;text;;[];True;False;b9a265b4ea626510;[];bawa motor apa naik apa?
179;21;11-50;23166308.0;text;;[];False;False;b9a265b4ea626510;[];indomie telor udah cukup kok
180;21;11-50;23166328.0;text;;[];False;False;9ed77bf0f02a2299;[];es teh manis satu ya bang
181;21;1-10;23166331.0;text;;[];False;False;9ed77bf0f02a2299;[];bro
182;21;1-10;23166334.0;text;;[];True;False;9ed77bf0f02a2299;[];kok?
183;21;11-50;23166371.0;text;;[];False;False;b9a265b4ea626510;[];gw mau nyoba restoran baru
184;21;1-10;23166378.0;text;;['😂'];False;False;b9a265b4ea626510;[];yep
185;21;11-50;23166381.0;text;;[];False;False;b9a265b4ea626510;[];kopi susu yg biasa ya
186;21;1-10;23166479.0;text;;[];False;False;b9a265b4ea626510;[];fix
187;21;11-50;23166482.0;text;;[];False;False;b9a265b4ea626510;[];gw mau pesen gofood dulu
188;21;1-10;23166486.0;text;;['😭'];False;False;b9a265b4ea626510;[];ayok
189;21;1-10;23166488.0;text;;[];False;False;b9a265b4ea626510;[];woy
190;21;11-50;23166525.0;text;;[];False;False;b9a265b4ea626510;[];indomie telor udah cukup kok
191;21;11-50;23166530.0;text;;[];False;False;b9a265b4ea626510;[];gw lg diet tp gagal mulu
192;21;11-50;23166543.0;text;;['😂'];False;False;b9a265b4ea626510;[];tadi gw makan nasi padang
193;21;11-50;23166653.0;text;;[];False;False;9ed77bf0f02a2299;[];kopi susu yg biasa ya
194;21;0;23166668.0;image/jpeg;;[];False;False;b9a265b4ea626510;[];[Foto]
195;21;11-50;23166676.0;text;;[];False;False;b9a265b4ea626510;[];kopi susu yg biasa ya
196;21;0;23166929.0;sticker/webp;;[];False;False;8711fe66a310cd0a;[];[Stiker]
197;21;11-50;23167020.0;text;;[];False;False;b9a265b4ea626510;[];indomie telor udah cukup kok
198;21;1-10;23167020.0;text;;['😂'];False;False;b9a265b4ea626510;[];ngab
199;22;11-50;23180135.0;text;;[];False;False;924de7dbda46ee44;[];KONSER ITU MAHAL BANGET TIKETNYA
200;22;11-50;23180141.0;text;;[];False;False;924de7dbda46ee44;[];GYM HARI INI SKIP DEH
201;22;1-10;23180149.0;text;;[];False;False;924de7dbda46ee44;[];IH
202;22;1-10;23180152.0;text;;[];False;False;924de7dbda46ee44;[];BTW
203;23;1-10;23181758.0;text;;[];False;False;924de7dbda46ee44;[];HAYUK
204;23;11-50;23181794.0;text;;[];False;False;8711fe66a310cd0a;[];gw lagi marathon drakor nih
205;23;11-50;23181796.0;text;;[];False;False;8711fe66a310cd0a;[];mama minta gw pulang weekend
206;23;1-10;23181797.0;text;;[];False;False;8711fe66a310cd0a;[];hayuk
207;23;1-10;23182149.0;text;;[];False;False;b9a265b4ea626510;[];gila
208;23;11-50;23182152.0;text;;[];True;False;b9a265b4ea626510;[];knp ga bales chat gw?
209;23;1-10;23182173.0;text;;[];False;False;b9a265b4ea626510;[];gitu
210;23;11-50;23182175.0;text;;[];False;False;b9a265b4ea626510;[];keluarga ngumpul lebaran ntr
211;23;1-10;23182334.0;text;;[];False;False;9ed77bf0f02a2299;[];pasti
212;23;1-10;23182335.0;text;;[];False;False;9ed77bf0f02a2299;[];goks
213;23;1-10;23182401.0;text;;[];False;False;9ed77bf0f02a2299;[];anjay
214;23;11-50;23182405.0;text;;[];False;False;9ed77bf0f02a2299;[];playlist lo yang mana sih
215;23;11-50;23182410.0;text;;[];False;False;9ed77bf0f02a2299;[];playlist lo yang mana sih
216;23;11-50;23182508.0;text;;[];False;False;8711fe66a310cd0a;[];nyokap nanya kapan lulus
217;23;11-50;23182518.0;text;;[];False;False;8711fe66a310cd0a;[];gw lagi marathon drakor nih
218;23;11-50;23182665.0;text;;[];True;False;b9a265b4ea626510;['9ed77bf0f02a2299'];lu lg ngapain sih?
219;23;1-10;23182667.0;text;;[];False;False;9ed77bf0f02a2299;[];mager
220;23;11-50;23182671.0;text;;[];False;False;9ed77bf0f02a2299;[];nyokap nanya kapan lulus
221;23;11-50;23182709.0;text;;[];False;False;8711fe66a310cd0a;[];kakak gw baru aja nikah
222;23;1-10;23182710.0;text;;[];False;False;8711fe66a310cd0a;[];gitu
223;23;11-50;23182722.0;text;;[];False;False;9ed77bf0f02a2299;[];kakak gw baru aja nikah
224;24;0;23487738.0;image/jpeg;;[];False;False;9ed77bf0f02a2299;[];[Foto]
225;24;1-10;23487748.0;text;;['🤭'];False;False;9ed77bf0f02a2299;[];noted
226;24;11-50;23487768.0;text;;[];False;True;9ed77bf0f02a2299;[];ngakak gw liat video itu!
227;24;11-50;23487826.0;text;;[];True;True;8711fe66a310cd0a;[];siapa aja yg dateng?
228;24;0;23487829.0;sticker/webp;;[];False;False;8711fe66a310cd0a;[];[Stiker]
229;24;1-10;23487832.0;text;;['🤭'];False;False;9ed77bf0f02a2299;[];yess
230;24;11-50;23487835.0;text;;[];False;False;9ed77bf0f02a2299;[];playlist lo yang mana sih
231;24;1-10;23487850.0;text;;[];False;False;9ed77bf0f02a2299;[];gini
232;24;11-50;23487850.0;text;;[];True;True;8711fe66a310cd0a;[];kenapa ga bales chat gw?
233;24;11-50;23487855.0;text;;[];False;False;9ed77bf0f02a2299;[];adek gw masuk SMA tahun ini
234;24;11-50;23487857.0;text;;[];False;False;9ed77bf0f02a2299;[];nyokap nanya kapan lulus
235;24;11-50;23487864.0;text;;[];True;False;8711fe66a310cd0a;[];lu lagi ngapain sih?
236;24;11-50;23487864.0;text;;[];False;False;9ed77bf0f02a2299;[];gw kangen masakan rumah
237;24;1-10;23487869.0;text;;[];False;False;9ed77bf0f02a2299;[];gila
238;24;11-50;23487870.0;text;;[];False;False;8711fe66a310cd0a;[];film baru di bioskop bagus ga
239;24;11-50;23487878.0;text;;['🤭'];False;False;9ed77bf0f02a2299;[];mama minta gw pulang weekend
240;24;11-50;23487880.0;text;;[];False;False;8711fe66a310cd0a;[];bokap gw lagi di luar kota
241;24;11-50;23487881.0;text;;[];False;False;8711fe66a310cd0a;[];adek gw masuk sma tahun ini
242;24;11-50;23487893.0;text;;[];False;False;9ed77bf0f02a2299;[];nyokap nanya kapan lulus
243;24;11-50;23487897.0;text;;[];False;False;9ed77bf0f02a2299;[];duit bulanan belum dikirim
244;24;0;23487930.0;sticker/webp;;[];False;False;8711fe66a310cd0a;[];[Stiker]
245;24;11-50;23487949.0;text;;[];False;False;8711fe66a310cd0a;[];gw kangen masakan rumah
246;24;1-10;23487970.0;text;;['😂'];False;False;9ed77bf0f02a2299;[];nice
247;24;11-50;23487972.0;text;;[];False;False;9ed77bf0f02a2299;[];bokap gw lagi di luar kota
248;24;11-50;23487975.0;text;;[];False;False;9ed77bf0f02a2299;[];gw kangen masakan rumah
249;24;0;23491977.0;sticker/webp;;[];False;False;b9a265b4ea626510;[];[Stiker]
250;25;0;23522794.0;image/jpeg;;[];False;False;b9a265b4ea626510;[];[Foto]
251;25;11-50;23522796.0;text;;['😂'];False;False;b9a265b4ea626510;[];bsk sore ad waktu ga
252;25;11-50;23523476.0;text;;[];False;False;9ed77bf0f02a2299;[];kita ketemuan dimana aja deh
253;26;11-50;23598608.0;text;;[];False;False;9ed77bf0f02a2299;[];tadi absen ga sih kamu
254;26;11-50;23598870.0;text;;[];False;False;9ed77bf0f02a2299;[];perpus tutup jam berapa ya
255;26;11-50;23598876.0;text;;[];False;False;9ed77bf0f02a2299;[];gw belom mulai tugas
256;26;11-50;23599545.0;text;;[];False;False;9ed77bf0f02a2299;[];IPK gw turun semester ini
257;27;11-50;23600288.0;text;;[];True;False;9ed77bf0f02a2299;[];bisa jemput gw ga?
258;27;11-50;23600525.0;text;;[];False;False;924de7dbda46ee44;[];HUJAN DERES GA BAWA PAYUNG
259;27;11-50;23600536.0;text;;[];False;False;924de7dbda46ee44;[];NTAR GW KABARIN LAGI DEH
260;28;1-10;23602860.0;text;;[];False;False;8711fe66a310cd0a;[];hmm
261;28;11-50;23602863.0;text;;[];False;False;8711fe66a310cd0a;[];warteg depan kampus enak
262;28;11-50;23602870.0;text;;[];False;False;8711fe66a310cd0a;[];dosen pembimbing susah ditemui
263;28;1-10;23602887.0;text;;[];False;False;8711fe66a310cd0a;[];hmm
264;28;1-10;23603095.0;text;;[];False;False;9ed77bf0f02a2299;[];nah
265;29;1-10;23611075.0;text;;[];False;False;9ed77bf0f02a2299;[];emm
266;29;11-50;23611087.0;text;;[];True;False;9ed77bf0f02a2299;[];wifi password nya apa sih?
267;29;1-10;23611289.0;text;;[];False;False;8711fe66a310cd0a;[];deh
268;30;11-50;23765422.0;text;;[];True;False;9ed77bf0f02a2299;[];ntar malem ngapain?
269;30;51-100;23766027.0;text;;[];False;False;9ed77bf0f02a2299;[];gw udah bikin slides presentasi tapi kayaknya masih kurang bagus deh isinya
270;31;11-50;23768853.0;text;;[];True;False;8711fe66a310cd0a;[];pinjam catetan boleh ga?
271;31;1-10;23769821.0;text;;[];False;False;9ed77bf0f02a2299;[];amin
272;31;11-50;23769834.0;text;;[];False;False;b9a265b4ea626510;[];gw berantem sm si anu
273;31;1-10;23769839.0;text;;[];True;False;b9a265b4ea626510;[];boleh?
274;31;1-10;23770371.0;text;;[];True;False;9ed77bf0f02a2299;[];boleh?
275;32;1-10;23771787.0;text;;[];False;False;9ed77bf0f02a2299;[];oh
276;32;11-50;23771798.0;text;;[];False;False;9ed77bf0f02a2299;[];gw lagi di atm sebentar
277;32;11-50;23771802.0;text;;[];False;False;9ed77bf0f02a2299;[];hp gw lowbat nih
278;32;11-50;23771805.0;text;;[];False;False;9ed77bf0f02a2299;[];dompet gw ketinggalan di rumah
279;33;1-10;23773411.0;text;;['😏'];False;False;9ed77bf0f02a2299;[];males
280;33;11-50;23773416.0;text;;[];False;False;9ed77bf0f02a2299;[];temen gw sakit masuk RS
281;34;1-10;23922334.0;text;;[];False;False;9ed77bf0f02a2299;[];oke
282;34;1-10;23922335.0;text;;[];False;False;9ed77bf0f02a2299;[];haha
283;34;1-10;23922337.0;text;;[];False;False;9ed77bf0f02a2299;[];dah
284;34;1-10;23922337.0;text;;[];False;False;9ed77bf0f02a2299;[];siap
285;34;11-50;23922350.0;text;;[];True;False;9ed77bf0f02a2299;[];siapa yang mau ikut?
286;35;1-10;23924959.0;text;;[];True;False;924de7dbda46ee44;[];TERUS?
287;35;1-10;23926178.0;text;;[];False;False;9ed77bf0f02a2299;[];goks
288;35;11-50;23926180.0;text;;[];False;False;9ed77bf0f02a2299;[];gw kangen masakan rumah
289;35;1-10;23926191.0;text;;[];False;False;9ed77bf0f02a2299;[];hayuk
290;36;1-10;23933346.0;text;;[];False;False;8711fe66a310cd0a;[];gaje
291;36;0;23933355.0;sticker/webp;;[];False;False;8711fe66a310cd0a;[];[Stiker]
292;36;1-10;23934084.0;text;;['🤷🏻\u200d♀'];False;False;9ed77bf0f02a2299;[];sabi
293;37;11-50;23940306.0;text;;[];False;False;924de7dbda46ee44;[];GW GA PERCAYA SIH GOSIPNYA
294;37;11-50;23940337.0;text;;[];False;False;924de7dbda46ee44;[];DIEM DIEM TERNYATA JADIAN
295;37;1-10;23940639.0;text;;[];False;False;9ed77bf0f02a2299;[];setuju
296;38;1-10;23964107.0;text;;[];False;False;9ed77bf0f02a2299;[];kuy
297;38;11-50;23964118.0;text;;[];True;False;9ed77bf0f02a2299;[];masih bangun ga lu jam segini?
298;38;11-50;23964136.0;text;;[];False;False;9ed77bf0f02a2299;[];gw lagi baca novel baru nih
299;38;11-50;23964210.0;text;;[];True;False;9ed77bf0f02a2299;[];ada sinyal ga disitu?
300;38;11-50;23964217.0;text;;[];True;False;9ed77bf0f02a2299;[];masih bangun ga lu jam segini?
301;38;11-50;23964228.0;text;;[];False;False;9ed77bf0f02a2299;[];manga terbaru udah keluar loh
302;38;11-50;23964234.0;text;;[];False;False;9ed77bf0f02a2299;[];futsal besok jadi ga
303;38;11-50;23964243.0;text;;[];False;False;9ed77bf0f02a2299;[];game baru udah download belum
304;38;1-10;23964243.0;text;;['😏'];False;False;9ed77bf0f02a2299;[];njir
305;38;11-50;23964643.0;text;;[];True;False;9ed77bf0f02a2299;[];ada sinyal ga disitu?
306;38;11-50;23964659.0;text;;[];True;False;9ed77bf0f02a2299;[];booking duluan apa langsung aja?
307;38;11-50;23964915.0;text;;[];False;True;9ed77bf0f02a2299;[];akhirnya kelar juga nih!
308;38;11-50;23964922.0;text;;[];True;False;9ed77bf0f02a2299;[];masih bangun ga lu jam segini?
309;38;11-50;23964930.0;text;;[];True;False;9ed77bf0f02a2299;[];tadi ngomong apa sih dosennya?
310;38;1-10;23964975.0;text;;[];False;False;9ed77bf0f02a2299;[];zonk
311;38;11-50;23964980.0;text;;['😂'];False;False;9ed77bf0f02a2299;[];gw lagi baca novel baru nih
312;38;51-100;23965032.0;text;;[];False;False;9ed77bf0f02a2299;[];gw baru dapet info beasiswa buat semester depan mau coba daftar deh
313;38;1-10;23965051.0;text;;[];False;False;9ed77bf0f02a2299;[];fyi
314;38;11-50;23965052.0;text;;[];False;False;9ed77bf0f02a2299;[];gw lagi baca novel baru nih
315;38;11-50;23965064.0;text;;[];False;False;9ed77bf0f02a2299;[];album baru dia enak banget
316;38;1-10;23965064.0;text;;[];False;False;9ed77bf0f02a2299;[];ih
317;38;11-50;23965069.0;text;;[];False;False;9ed77bf0f02a2299;[];gw abis lari pagi tadi
318;38;1-10;23965078.0;text;;[];False;False;9ed77bf0f02a2299;[];fyi
319;39;51-100;24005207.0;text;;[];False;False;924de7dbda46ee44;[];TEMEN SEKAMAR GW PINDAH KOSAN JADI SEKARANG GW SENDIRIAN DI KAMAR
320;39;1-10;24005638.0;text;;[];False;False;9ed77bf0f02a2299;[];ooh
321;39;1-10;24005643.0;text;;[];False;False;9ed77bf0f02a2299;[];hoo
322;39;11-50;24005649.0;text;;[];False;False;9ed77bf0f02a2299;[];gw udah di parkiran nih
323;39;11-50;24005738.0;text;;[];False;False;924de7dbda46ee44;[];GW NGGA BISA IKUT MALEM INI
324;39;11-50;24005739.0;text;;[];False;False;924de7dbda46ee44;[];GW UDAH DI PARKIRAN NIH
325;39;1-10;24005759.0;text;;[];False;False;8711fe66a310cd0a;[];ooh
326;39;0;24005768.0;sticker/webp;;[];False;False;8711fe66a310cd0a;[];[Stiker]
327;39;1-10;24006003.0;text;;[];True;False;9ed77bf0f02a2299;[];ikut?
328;39;11-50;24006005.0;text;;[];False;False;9ed77bf0f02a2299;[];ketemuan di mall jam 3 ya
329;39;11-50;24006249.0;text;;[];True;False;924de7dbda46ee44;[];MAKAN APA NTAR SIANG?
330;39;11-50;24006269.0;text;;[];True;False;924de7dbda46ee44;[];MAKAN APA NTAR SIANG?
331;39;1-10;24006637.0;text;;[];False;False;9ed77bf0f02a2299;[];kok
332;39;1-10;24006644.0;text;;[];False;False;9ed77bf0f02a2299;[];kan
333;39;11-50;24006649.0;text;;[];False;False;9ed77bf0f02a2299;[];gw naik ojol aja deh
334;39;11-50;24006649.0;text;;[];True;False;9ed77bf0f02a2299;[];nilai keluar kapan ya?
335;39;0;24006850.0;sticker/webp;;[];False;False;8711fe66a310cd0a;[];[Stiker]
336;39;0;24006850.0;sticker/webp;;[];False;False;8711fe66a310cd0a;[];[Stiker]
337;39;1-10;24006874.0;text;;[];False;False;9ed77bf0f02a2299;[];kan
338;39;1-10;24006876.0;text;;['😂'];False;False;9ed77bf0f02a2299;[];deh
339;39;11-50;24006886.0;text;;[];True;False;9ed77bf0f02a2299;[];nilai keluar kapan ya?
340;39;1-10;24006908.0;text;;[];True;False;9ed77bf0f02a2299;[];mau?
341;39;11-50;24006972.0;text;;[];True;False;9ed77bf0f02a2299;[];makan apa ntar siang?
342;39;11-50;24007116.0;text;;[];False;False;924de7dbda46ee44;[];KITA KETEMUAN DIMANA AJA DEH
343;39;51-100;24007134.0;text;;[];False;False;924de7dbda46ee44;[];GW HARUS NABUNG LEBIH BANYAK SIH BUAT BAYAR UANG SEMESTER YANG NAIK
344;39;1-10;24007254.0;text;;[];False;False;9ed77bf0f02a2299;[];emm
345;39;11-50;24007258.0;text;;[];False;False;9ed77bf0f02a2299;[];lu dimana sih lama banget
346;40;1-10;24008014.0;text;;[];False;False;9ed77bf0f02a2299;[];mager
347;40;11-50;24008019.0;text;;[];False;False;9ed77bf0f02a2299;[];kakak gw baru aja nikah
348;40;51-100;24008119.0;text;;[];True;False;924de7dbda46ee44;[];SIAPA SIH YANG SPREAD GOSIP ITU KE GRUP SEBELAH, TAU GA ORANGNYA?
349;40;11-50;24008121.0;text;;[];False;False;924de7dbda46ee44;[];BOKAP GW LAGI DI LUAR KOTA
350;40;1-10;24008321.0;text;;[];False;False;9ed77bf0f02a2299;[];anjay
351;40;11-50;24008325.0;text;;[];False;False;9ed77bf0f02a2299;[];bokap gw lagi di luar kota
352;41;11-50;24038801.0;text;;[];False;False;8711fe66a310cd0a;[];nyokap nanya kapan lulus
353;41;1-10;24038824.0;text;;[];False;False;9ed77bf0f02a2299;[];gila
354;41;1-10;24038829.0;text;;[];False;False;9ed77bf0f02a2299;[];nice
355;41;0;24038899.0;unknown;;[];False;False;9ed77bf0f02a2299;[];[Media tidak dikenal]
356;41;11-50;24038990.0;text;;[];False;False;924de7dbda46ee44;[];ADEK GW MASUK SMA TAHUN INI
357;41;1-10;24039001.0;text;;[];False;False;9ed77bf0f02a2299;[];pasti
358;41;51-100;24039021.0;text;;[];False;False;924de7dbda46ee44;[];ADEK GW MAU MASUK KULIAH TAHUN DEPAN GW HARUS BANTU CARIIN INFO JURUSAN
359;41;11-50;24039318.0;text;;[];False;False;8711fe66a310cd0a;[];kakak gw baru aja nikah
360;42;1-10;24040535.0;text;;[];False;False;9ed77bf0f02a2299;[];sabi
361;42;51-100;24040577.0;text;;[];True;False;924de7dbda46ee44;['8711fe66a310cd0a'];MENURUT LU GW HARUS AMBIL MATA KULIAH PILIHAN YANG MANA SEMESTER DEPAN?
362;42;1-10;24040600.0;text;;[];False;False;8711fe66a310cd0a;[];done
363;42;1-10;24040601.0;text;;[];False;False;8711fe66a310cd0a;[];aman
364;42;11-50;24040684.0;text;;[];False;False;924de7dbda46ee44;[];TUGAS KELOMPOK BIKIN PUSING
365;42;11-50;24040710.0;text;;[];False;False;8711fe66a310cd0a;[];warteg depan kampus enak
366;42;11-50;24040712.0;text;;[];False;False;8711fe66a310cd0a;[];gw laper banget nih
367;42;11-50;24040717.0;text;;[];False;False;8711fe66a310cd0a;[];gw mau ambil cuti semester
368;42;11-50;24040727.0;text;;[];False;False;8711fe66a310cd0a;[];gw baru aja dari kampus
369;42;11-50;24040730.0;text;;[];False;False;924de7dbda46ee44;[];KELAS TAMBAHAN HARI SABTU SIH
370;42;11-50;24040734.0;text;;[];False;False;924de7dbda46ee44;[];TUGAS KELOMPOK BIKIN PUSING
371;42;11-50;24040776.0;text;;[];False;False;8711fe66a310cd0a;[];gw laper banget nih
372;42;11-50;24040779.0;text;;[];False;False;8711fe66a310cd0a;[];gw laper banget nih
373;42;1-10;24040785.0;text;;[];False;False;924de7dbda46ee44;[];TUH
374;42;11-50;24040787.0;text;;[];False;False;8711fe66a310cd0a;['e3410b158c2b695a'];kelas tambahan hari sabtu sih
375;42;11-50;24040804.0;text;;[];True;False;8711fe66a310cd0a;[];ntar malem ngapain?
376;42;0;24040818.0;unknown;;[];False;False;924de7dbda46ee44;[];[Media tidak dikenal]
377;42;0;24040827.0;unknown;;[];False;False;8711fe66a310cd0a;[];[Media tidak dikenal]
378;42;1-10;24040875.0;text;;['🧐'];False;False;8711fe66a310cd0a;[];gpp
379;42;51-100;24040883.0;text;;[];False;False;924de7dbda46ee44;[];KEMARIN GW KE TOKO BUKU BELI NOVEL BARU SAMA BUKU REFERENSI BUAT SKRIPSI
380;42;1-10;24040894.0;text;;[];False;False;924de7dbda46ee44;[];BET
381;42;1-10;24040898.0;text;;[];False;False;8711fe66a310cd0a;[];sabi
382;42;11-50;24040904.0;text;;[];False;False;924de7dbda46ee44;[];SEMINAR TADI LAMA BANGET
383;42;0;24040911.0;sticker/webp;;[];False;False;8711fe66a310cd0a;[];[Stiker]
384;42;0;24040917.0;sticker/webp;;[];False;False;8711fe66a310cd0a;[];[Stiker]
385;43;1-10;24044120.0;text;;[];False;False;924de7dbda46ee44;[];YWD
386;43;11-50;24044120.0;text;;[];False;False;924de7dbda46ee44;['9ed77bf0f02a2299'];JANGAN BILANG SIAPA SIAPA YA
387;44;11-50;24057837.0;text;;[];True;False;924de7dbda46ee44;[];GW HARUS BAWA APA AJA?
388;44;11-50;24057849.0;text;;[];False;False;924de7dbda46ee44;[];GW BARU GANTI NOMOR BTW
389;45;1-10;24058718.0;text;;[];False;False;8711fe66a310cd0a;[];ah
390;45;11-50;24058744.0;text;;[];False;False;924de7dbda46ee44;[];GW MAU TIDUR DULU YA
391;46;11-50;24380556.0;text;;[];True;False;9ed77bf0f02a2299;[];boleh gw ikut ga?
392;46;11-50;24380592.0;text;;[];False;False;924de7dbda46ee44;[];MIE AYAM PAK KUMIS JUARA SIH
393;46;1-10;24380598.0;text;;[];True;False;924de7dbda46ee44;[];HAH?
394;46;11-50;24380726.0;text;;[];True;False;9ed77bf0f02a2299;[];ntar malem ngapain?
395;46;11-50;24380763.0;text;;[];False;False;924de7dbda46ee44;[];LU UDAH MAKAN BELUM
396;46;1-10;24380855.0;text;;[];False;False;9ed77bf0f02a2299;[];gaje
397;46;11-50;24380858.0;text;;[];False;True;9ed77bf0f02a2299;[];keren abis presentasinya!
398;46;11-50;24380862.0;text;;[];False;False;9ed77bf0f02a2299;[];seminar tadi lama banget
399;46;0;24380890.0;sticker/webp;;[];False;False;8711fe66a310cd0a;[];[Stiker]
400;47;0;24386744.0;system;;[];False;False;9ed77bf0f02a2299;[];[Pesan sistem]
401;47;11-50;24388419.0;text;;[];False;False;d6baf183e5907852;[];gw ga percaya sih gosipnya
402;47;11-50;24388421.0;text;;[];False;False;d6baf183e5907852;[];jangan bilang siapa,,, siapa ya
403;47;11-50;24389087.0;text;;[];False;False;9a02903d6d2150f3;[];si itu udah putus katanya
404;47;1-10;24389094.0;text;;['🙋🏻'];False;False;9a02903d6d2150f3;[];udah
405;48;0;24396541.0;sticker/webp;;[];False;False;8711fe66a310cd0a;[];[Stiker]
406;48;0;24401913.0;sticker/webp;;[];False;False;d6baf183e5907852;[];[Stiker]
407;48;0;24402004.0;sticker/webp;;[];False;False;9a02903d6d2150f3;[];[Stiker]
408;48;0;24402073.0;sticker/webp;;[];False;False;d6baf183e5907852;[];[Stiker]
409;48;0;24402116.0;sticker/webp;;[];False;False;d6baf183e5907852;[];[Stiker]
410;48;0;24402220.0;unknown;;[];False;False;9a02903d6d2150f3;[];[Media tidak dikenal]
411;48;0;24402241.0;sticker/webp;;[];False;False;9a02903d6d2150f3;[];[Stiker]
412;48;0;24402297.0;sticker/webp;;[];False;False;8711fe66a310cd0a;[];[Stiker]
413;48;0;24402301.0;sticker/webp;;[];False;False;8711fe66a310cd0a;[];[Stiker]
414;48;0;24402302.0;sticker/webp;;[];False;False;8711fe66a310cd0a;[];[Stiker]
415;48;0;24402384.0;sticker/webp;;[];False;False;d6baf183e5907852;[];[Stiker]
416;48;0;24402385.0;sticker/webp;;[];False;False;d6baf183e5907852;[];[Stiker]
417;48;0;24402385.0;sticker/webp;;[];False;False;d6baf183e5907852;[];[Stiker]
418;48;0;24402386.0;sticker/webp;;[];False;False;d6baf183e5907852;[];[Stiker]
419;48;0;24402387.0;sticker/webp;;[];False;False;d6baf183e5907852;[];[Stiker]
420;48;0;24402390.0;sticker/webp;;[];False;False;d6baf183e5907852;[];[Stiker]
421;48;0;24402498.0;sticker/webp;;[];False;False;9a02903d6d2150f3;[];[Stiker]
422;48;0;24402501.0;sticker/webp;;[];False;False;9a02903d6d2150f3;[];[Stiker]
423;49;0;24406222.0;sticker/webp;;[];False;False;8711fe66a310cd0a;[];[Stiker]
424;49;0;24406225.0;sticker/webp;;[];False;False;8711fe66a310cd0a;[];[Stiker]
425;50;11-50;24408106.0;text;;[];False;False;d6baf183e5907852;[];gw lagi baca novel baru nih,,,
426;50;1-10;24408109.0;text;;[];False;False;d6baf183e5907852;[];kuy
427;50;0;24408216.0;sticker/webp;;[];False;False;9a02903d6d2150f3;[];[Stiker]
428;51;1-10;24533596.0;text;;[];False;False;9ed77bf0f02a2299;[];ooh
429;51;11-50;24533601.0;text;;[];False;False;9ed77bf0f02a2299;[];gw naik ojol aja deh
430;51;1-10;24533616.0;text;;[];True;False;9ed77bf0f02a2299;[];mau?
431;52;51-100;24538392.0;text;;[];False;False;924de7dbda46ee44;[];KEMARIN GW KE TOKO BUKU BELI NOVEL BARU SAMA BUKU REFERENSI BUAT SKRIPSI
432;52;11-50;24538475.0;text;;[];False;False;d6baf183e5907852;[];kelas tambahan hari sabtu sih
433;52;1-10;24538484.0;text;;[];False;False;d6baf183e5907852;[];tuh
434;52;1-10;24539043.0;text;;[];False;False;9ed77bf0f02a2299;[];gaje
435;52;51-100;24541162.0;text;;[];False;False;8711fe66a310cd0a;[];jangan lupa besok kumpul di lobby kampus jam 8 pagi buat berangkat bareng
436;53;51-100;24636004.0;text;;['🙏🏻'];False;False;9a02903d6d2150f3;[];wifi kosan gw lemot banget jadi gw ke perpus aja buat ngerjain... tugas
437;53;51-100;24636356.0;text;;[];False;False;924de7dbda46ee44;[];GW PENGEN BANGET LIBURAN KE PANTAI TAPI DUIT LAGI TIPIS BANGET SEKARANG
438;53;11-50;24636361.0;text;;[];False;False;924de7dbda46ee44;[];GW GA PERCAYA SIH GOSIPNYA
439;54;11-50;24637317.0;text;;[];False;False;d6baf183e5907852;[];hp gw lowbat,,, nih,,,
440;54;1-10;24637543.0;text;;[];False;False;9ed77bf0f02a2299;[];ah
441;54;11-50;24637549.0;text;;[];False;False;9ed77bf0f02a2299;[];bentar ya gw lg di jalan
442;54;51-100;24962229.0;text;;['🙌🏻'];False;False;9a02903d6d2150f3;[];tadi gw antri... di... administrasi kampus 2 jam cuma... buat ngurus surat
443;55;1-10;26782212.0;text;;[];False;False;9ed77bf0f02a2299;[];woi
444;55;11-50;26782212.0;text;;[];False;False;9ed77bf0f02a2299;[];gw ngga bisa ikut malem ini
445;55;11-50;26782218.0;text;;[];False;False;9ed77bf0f02a2299;[];gw nyari parkir dulu bentar
446;55;11-50;26782224.0;text;;[];False;False;9ed77bf0f02a2299;[];gw naik ojol aja deh
447;55;1-10;26782230.0;text;;['😏'];False;False;9ed77bf0f02a2299;[];oii
448;55;11-50;26782235.0;text;;[];False;False;9ed77bf0f02a2299;[];gw ngga bisa ikut malem ini
449;55;1-10;26782257.0;text;;['💁🏻'];False;False;9ed77bf0f02a2299;[];ooh
450;55;11-50;26782359.0;text;;['🤣'];False;False;d6baf183e5907852;[];kita ketemuan dimana aja deh
451;55;11-50;26782382.0;text;;['😌'];False;False;9a02903d6d2150f3;[];ketemuan di mall jam... 3 ya...
452;55;1-10;26782601.0;text;;[];False;False;8711fe66a310cd0a;[];yaa
453;55;11-50;26782606.0;text;;['😂'];False;False;8711fe66a310cd0a;[];rame banget disini cuy
454;55;1-10;26782620.0;text;;[];False;False;9ed77bf0f02a2299;[];wah
455;55;11-50;26782620.0;text;;[];False;False;9ed77bf0f02a2299;[];gw ngga bisa ikut malem ini
456;55;1-10;26782626.0;text;;[];False;False;9ed77bf0f02a2299;[];oii
457;55;1-10;26782773.0;text;;[];False;False;8711fe66a310cd0a;[];yaa
458;55;0;26782785.0;sticker/webp;;[];False;False;8711fe66a310cd0a;[];[Stiker]
459;56;101-500;26783718.0;text;;[];True;False;9a02903d6d2150f3;[];eh ada yang punya rekomendasi... laptop budget 5 jutaan yang... bagus buat kuliah dan ngoding... ga? laptop gw... yang sekarang udah... mulai lemot dan sering ngehang kalo buka banyak tab. pengennya sih... yang ringan buat... dibawa ke kampus tapi tetep kenceng performanya, ada saran?
460;56;51-100;26783765.0;text;;[];False;False;9a02903d6d2150f3;[];jangan lupa besok... kumpul di lobby... kampus jam 8 pagi buat berangkat bareng
461;56;51-100;26783856.0;text;459.0;[];False;False;8711fe66a310cd0a;[];kemarin gw ke toko buku beli novel baru sama buku referensi buat skripsi
462;56;1-10;26783864.0;text;;['🤨'];False;False;8711fe66a310cd0a;[];nih
463;56;1-10;26783885.0;text;;[];False;False;9ed77bf0f02a2299;[];aman
464;56;11-50;26783892.0;text;;[];False;False;9ed77bf0f02a2299;[];gw mau ambil cuti semester
465;56;11-50;26784091.0;text;;[];False;False;9a02903d6d2150f3;[];sidang minggu depan doain ya
466;56;11-50;26784092.0;text;;['🤷🏻\u200d♂'];False;False;8711fe66a310cd0a;[];sidang minggu depan doain ya
467;56;11-50;26784094.0;text;;[];False;False;9a02903d6d2150f3;[];warteg depan kampus enak
468;56;51-100;26784109.0;text;;[];False;False;9a02903d6d2150f3;[];jangan lupa besok kumpul di lobby kampus jam 8 pagi buat berangkat bareng
469;56;51-100;26784135.0;text;;[];False;False;8711fe66a310cd0a;[];kemarin gw ke toko buku beli novel baru sama buku referensi buat skripsi
470;56;1-10;26784169.0;text;;[];False;False;9ed77bf0f02a2299;[];gpp
471;56;0;26784173.0;sticker/webp;;[];False;False;9a02903d6d2150f3;[];[Stiker]
472;56;11-50;26784173.0;text;;[];False;False;9ed77bf0f02a2299;[];gw mau ambil cuti semester
473;56;0;26784174.0;sticker/webp;;[];False;False;9a02903d6d2150f3;[];[Stiker]
474;56;0;26784175.0;sticker/webp;;[];False;False;9a02903d6d2150f3;[];[Stiker]
475;56;1-10;26784185.0;text;;['😂'];False;False;9ed77bf0f02a2299;[];sabi
476;56;11-50;26784547.0;text;;[];False;False;8711fe66a310cd0a;[];gw mau ambil cuti semester
477;56;0;26784571.0;sticker/webp;;[];False;False;8711fe66a310cd0a;[];[Stiker]
478;56;1-10;26784777.0;text;;[];False;False;9ed77bf0f02a2299;[];done
479;56;1-10;26784784.0;text;;[];False;False;9ed77bf0f02a2299;[];bet
480;56;0;26785561.0;sticker/webp;;[];False;False;9a02903d6d2150f3;[];[Stiker]
481;57;1-10;26808841.0;text;;[];False;False;9ed77bf0f02a2299;[];gabut
482;57;11-50;26808851.0;text;;[];True;False;9ed77bf0f02a2299;[];pinjam catetan boleh ga?
483;57;11-50;26809003.0;text;;[];False;False;8711fe66a310cd0a;[];gw ga percaya sih gosipnya
484;58;1-10;27241388.0;text;;[];False;False;9ed77bf0f02a2299;[];sama
485;58;11-50;27241396.0;text;;[];False;False;9ed77bf0f02a2299;[];jangan bilang siapa siapa ya
486;58;1-10;27241401.0;text;;[];False;False;9ed77bf0f02a2299;[];wkwkw
487;59;11-50;27243810.0;text;;[];False;False;924de7dbda46ee44;[];GW BARU AJA DARI KAMPUS
488;59;1-10;27243854.0;text;;['😱'];False;False;9ed77bf0f02a2299;[];gpp
489;59;0;27243885.0;sticker/webp;;[];False;False;8711fe66a310cd0a;[];[Stiker]
490;59;11-50;27244357.0;text;;[];True;False;9ed77bf0f02a2299;[];boleh gw ikut ga?
491;59;0;27244371.0;sticker/webp;;[];False;False;8711fe66a310cd0a;[];[Stiker]
492;59;0;27244372.0;sticker/webp;;[];False;False;8711fe66a310cd0a;[];[Stiker]
493;59;11-50;27244376.0;text;;[];False;False;8711fe66a310cd0a;[];gw mau ambil cuti semester
494;59;11-50;27244408.0;text;;[];True;False;9ed77bf0f02a2299;[];ada yang punya catetan?
495;59;1-10;27244438.0;text;;[];False;False;8711fe66a310cd0a;[];asli
496;59;11-50;27244450.0;text;;[];False;False;8711fe66a310cd0a;[];kelas tambahan hari sabtu sih
497;59;1-10;27244456.0;text;;[];False;False;9ed77bf0f02a2299;[];sabi
498;59;11-50;27244465.0;text;;[];False;False;9ed77bf0f02a2299;[];kelas tambahan hari sabtu sih
499;59;11-50;27244465.0;text;;[];False;False;8711fe66a310cd0a;[];dosen pembimbing susah ditemui
500;59;0;27244465.0;sticker/webp;;[];False;False;8711fe66a310cd0a;[];[Stiker]
501;59;0;27244469.0;sticker/webp;;[];False;False;8711fe66a310cd0a;[];[Stiker]
502;59;11-50;27244476.0;text;;[];False;False;8711fe66a310cd0a;[];proposal skripsi gw ditolak
503;59;11-50;27244585.0;text;;[];False;False;924de7dbda46ee44;[];TUGAS KELOMPOK BIKIN PUSING
504;59;11-50;27244594.0;text;;[];True;False;9ed77bf0f02a2299;[];ntar malem ngapain?
505;59;11-50;27244600.0;text;;[];False;False;9ed77bf0f02a2299;[];kelas tambahan hari sabtu sih
506;59;11-50;27244609.0;text;;[];False;False;924de7dbda46ee44;[];GW LAPER BANGET NIH
507;59;11-50;27244611.0;text;;[];False;False;924de7dbda46ee44;[];MIE AYAM PAK KUMIS JUARA SIH
508;59;1-10;27244617.0;text;;[];False;False;9ed77bf0f02a2299;[];asli
509;59;1-10;27244620.0;text;;[];False;False;9ed77bf0f02a2299;[];gpp
510;59;1-10;27244625.0;text;;[];False;False;9ed77bf0f02a2299;[];tuh
511;59;0;27244674.0;sticker/webp;;[];False;False;8711fe66a310cd0a;[];[Stiker]
512;59;11-50;27244685.0;text;;[];False;False;9ed77bf0f02a2299;[];kelas tambahan hari sabtu sih
513;59;11-50;27244693.0;text;;[];False;False;9ed77bf0f02a2299;[];sidang minggu depan doain ya
514;59;1-10;27244865.0;text;;[];False;False;9ed77bf0f02a2299;[];nih
515;59;11-50;27244883.0;text;;[];True;False;9ed77bf0f02a2299;[];ada yang punya catetan?
516;59;1-10;27244981.0;text;;[];False;False;9ed77bf0f02a2299;[];tuh
517;59;1-10;27244988.0;text;;[];False;False;9ed77bf0f02a2299;[];gpp
518;59;1-10;27244991.0;text;;[];False;False;9ed77bf0f02a2299;[];gpp
519;59;11-50;27244992.0;text;;[];False;False;9ed77bf0f02a2299;[];gw baru aja dari kampus
520;59;11-50;27245125.0;text;;[];False;False;9ed77bf0f02a2299;[];proposal skripsi gw ditolak
521;59;1-10;27245127.0;text;;[];False;False;9ed77bf0f02a2299;[];done
522;59;11-50;27245187.0;text;;[];False;False;b9a265b4ea626510;[];lu udah makan blm
523;59;11-50;27245190.0;text;;[];False;False;b9a265b4ea626510;[];mie ayam pak kumis juara sih
524;59;11-50;27245210.0;text;;['😢'];True;False;9ed77bf0f02a2299;[];ntar malem ngapain?
525;59;1-10;27245220.0;text;;[];False;False;b9a265b4ea626510;[];tuh
526;59;11-50;27245220.0;text;;[];False;False;b9a265b4ea626510;[];sidang minggu depan doain ya
527;59;11-50;27245230.0;text;;[];False;False;9ed77bf0f02a2299;[];proposal skripsi gw ditolak
528;59;1-10;27245230.0;text;;[];False;False;9ed77bf0f02a2299;[];done
529;59;11-50;27245234.0;text;;[];False;True;b9a265b4ea626510;[];keren abis presentasinya!
530;59;1-10;27245236.0;text;;['🤭'];False;False;9ed77bf0f02a2299;[];nih
531;60;11-50;27828458.0;text;;[];False;True;9ed77bf0f02a2299;[];ngakak gw liat video itu!
532;60;11-50;27828460.0;text;;[];False;False;9ed77bf0f02a2299;[];film baru di bioskop bagus ga
533;60;1-10;27828461.0;text;;['😂'];False;False;9ed77bf0f02a2299;[];yess
534;60;11-50;27828465.0;text;;[];False;True;9ed77bf0f02a2299;[];ngakak gw liat video itu!
535;60;1-10;27828517.0;text;;[];False;False;9a02903d6d2150f3;[];anjay
536;60;51-100;27828521.0;text;;[];False;False;9a02903d6d2150f3;[];adek gw mau masuk kuliah tahun depan gw harus... bantu cariin info jurusan
537;60;1-10;27828525.0;text;;['👀'];False;False;9a02903d6d2150f3;[];gitu
538;60;11-50;27828528.0;text;;['😂'];False;False;9ed77bf0f02a2299;[];keluarga ngumpul lebaran nanti
539;60;1-10;27828534.0;text;;[];False;False;9ed77bf0f02a2299;[];gila
540;60;11-50;27828547.0;text;;[];False;False;9ed77bf0f02a2299;[];bokap gw lagi di luar kota
541;60;11-50;27828558.0;text;;[];True;False;9ed77bf0f02a2299;[];lu lagi ngapain sih?
542;60;11-50;27828565.0;text;;[];True;False;9ed77bf0f02a2299;[];kenapa ga bales chat gw?
543;60;11-50;27828592.0;text;;['🤦🏻\u200d♀'];False;False;9a02903d6d2150f3;[];kakak gw baru aja nikah...
544;60;1-10;27828611.0;text;;[];False;False;924de7dbda46ee44;[];WOLES
545;60;11-50;27828620.0;text;;[];False;False;924de7dbda46ee44;[];FILM BARU DI BIOSKOP BAGUS GA
546;60;51-100;27828635.0;text;;[];False;False;924de7dbda46ee44;[];GW NONTON FILM DOKUMENTER SEMALAM TENTANG LAUT DAN IKAN, BAGUS BANGET
547;60;11-50;27828637.0;text;;[];False;False;9ed77bf0f02a2299;[];playlist lo yang mana sih
548;60;1-10;27828637.0;text;;['😂'];False;False;9ed77bf0f02a2299;[];nice
549;60;11-50;27828640.0;text;;[];False;False;924de7dbda46ee44;[];KELUARGA NGUMPUL LEBARAN NANTI
550;60;1-10;27828641.0;text;;[];False;False;9a02903d6d2150f3;[];mager
551;60;1-10;27828648.0;text;;[];False;False;924de7dbda46ee44;[];PASTI
552;60;1-10;27828653.0;text;;[];False;False;9ed77bf0f02a2299;[];mager
553;60;11-50;27828670.0;text;;['💪🏻'];False;False;924de7dbda46ee44;[];MAMA MINTA GW PULANG WEEKEND
554;60;51-100;27828670.0;text;;[];False;False;9ed77bf0f02a2299;[];gw nonton film dokumenter semalam tentang laut dan ikan, bagus banget
555;60;11-50;27828681.0;text;;['😂'];False;False;9ed77bf0f02a2299;[];mama minta gw pulang weekend
556;60;11-50;27828683.0;text;;[];False;True;924de7dbda46ee44;[];SERU BANGET TADI MALEM!
557;60;11-50;27828688.0;text;;[];False;False;9a02903d6d2150f3;[];playlist lo yang mana sih
558;60;1-10;27828690.0;text;;[];False;False;9ed77bf0f02a2299;[];hayuk
559;60;11-50;27828698.0;text;;[];False;False;9ed77bf0f02a2299;[];gw kangen masakan rumah
560;60;1-10;27828698.0;text;;['😂'];False;False;9ed77bf0f02a2299;[];gitu
561;60;1-10;27828717.0;text;;[];False;False;8711fe66a310cd0a;[];mager
562;60;11-50;27828719.0;text;;[];True;False;9ed77bf0f02a2299;[];itu tempatnya jauh ga?
563;60;1-10;27828721.0;text;;[];False;False;9ed77bf0f02a2299;[];woles
564;60;1-10;27828724.0;text;;['🤦🏻\u200d♀', '😂'];False;False;9ed77bf0f02a2299;[];pasti
565;60;11-50;27828726.0;text;;[];False;False;924de7dbda46ee44;[];DUIT BULANAN BELUM DIKIRIM
566;60;11-50;27828729.0;text;;[];False;True;924de7dbda46ee44;[];SERU BANGET TADI MALEM!
567;60;11-50;27828734.0;text;;['😉'];False;False;8711fe66a310cd0a;[];playlist lo yang mana sih
568;60;11-50;27828734.0;text;;[];False;False;9ed77bf0f02a2299;[];gw lagi marathon drakor nih
569;60;1-10;27828739.0;text;;['🥑'];False;False;8711fe66a310cd0a;[];nice
570;60;11-50;27828742.0;text;;[];False;False;9ed77bf0f02a2299;[];nyokap nanya kapan lulus
571;60;0;27828742.0;sticker/webp;;[];False;False;8711fe66a310cd0a;[];[Stiker]
572;60;1-10;27828744.0;text;;['😂'];False;False;9ed77bf0f02a2299;[];hayuk
573;60;11-50;27828744.0;text;;[];False;False;924de7dbda46ee44;[];KAKAK GW BARU AJA NIKAH
574;60;0;27828745.0;sticker/webp;;[];False;False;8711fe66a310cd0a;[];[Stiker]
575;60;0;27828745.0;sticker/webp;;[];False;False;8711fe66a310cd0a;[];[Stiker]
576;60;0;27828745.0;sticker/webp;;[];False;False;8711fe66a310cd0a;[];[Stiker]
577;60;0;27828746.0;sticker/webp;;[];False;False;8711fe66a310cd0a;[];[Stiker]
578;60;0;27828747.0;sticker/webp;;[];False;False;8711fe66a310cd0a;[];[Stiker]
579;60;11-50;27828747.0;text;;[];False;False;9ed77bf0f02a2299;[];playlist lo yang mana sih
580;60;0;27828749.0;sticker/webp;;[];False;False;8711fe66a310cd0a;[];[Stiker]
581;60;1-10;27828750.0;text;;[];False;False;924de7dbda46ee44;[];ANJAY
582;60;1-10;27828753.0;text;;['😂'];False;False;9ed77bf0f02a2299;[];gini
583;60;0;27828753.0;unknown;;[];False;False;924de7dbda46ee44;[];[Media tidak dikenal]
584;60;1-10;27828767.0;text;;[];False;False;924de7dbda46ee44;[];HAYUK
585;60;11-50;27828790.0;text;;[];False;False;8711fe66a310cd0a;[];bokap gw lagi di luar kota
586;60;1-10;27828795.0;text;;[];False;False;9ed77bf0f02a2299;[];nice
587;60;1-10;27828797.0;text;;[];False;False;9a02903d6d2150f3;[];pasti
588;60;11-50;27828798.0;text;;[];False;False;9ed77bf0f02a2299;[];kakak gw baru aja nikah
589;60;1-10;27828806.0;text;;[];False;False;9ed77bf0f02a2299;[];gini
590;60;11-50;27828808.0;text;;[];False;False;9ed77bf0f02a2299;[];gw baru aja ketemu mantan
591;60;0;27828810.0;sticker/webp;;[];False;False;8711fe66a310cd0a;[];[Stiker]
592;60;1-10;27828811.0;text;;[];False;False;9a02903d6d2150f3;[];gila
593;60;11-50;27828812.0;text;;[];False;False;9a02903d6d2150f3;[];keluarga ngumpul lebaran nanti
594;60;11-50;27828826.0;text;;['😅'];False;False;9ed77bf0f02a2299;[];kakak gw baru aja nikah
595;60;1-10;27828828.0;text;;[];False;False;924de7dbda46ee44;[];ANJAY
596;60;11-50;27828831.0;text;;[];False;False;9ed77bf0f02a2299;[];bokap gw lagi di luar kota
597;60;1-10;27828831.0;text;;['🤭', '🤦🏻\u200d♀', '😂'];False;False;9ed77bf0f02a2299;[];gini
598;60;0;27828834.0;sticker/webp;;[];False;False;8711fe66a310cd0a;[];[Stiker]
599;60;11-50;27828838.0;text;;[];True;False;924de7dbda46ee44;[];LU LAGI NGAPAIN SIH?
600;60;11-50;27828843.0;text;;[];False;False;9ed77bf0f02a2299;[];mama minta gw pulang weekend
601;60;1-10;27828846.0;text;;[];False;False;924de7dbda46ee44;[];GITU
602;60;11-50;27828850.0;text;;[];True;False;9ed77bf0f02a2299;[];lu lagi ngapain sih?
603;60;11-50;27828853.0;text;;['🤦🏻\u200d♀'];False;False;9a02903d6d2150f3;[];playlist lo yang mana sih...
604;60;11-50;27828858.0;text;;[];False;False;9ed77bf0f02a2299;[];nyokap nanya kapan lulus
605;60;1-10;27828859.0;text;;['🤭', '🥰'];False;False;9ed77bf0f02a2299;[];anjay
606;60;11-50;27828860.0;text;;[];False;True;924de7dbda46ee44;[];SERU BANGET TADI MALEM!
607;60;1-10;27828860.0;text;;['😂'];False;False;924de7dbda46ee44;[];HAYUK
608;60;0;27828860.0;sticker/webp;;[];False;False;8711fe66a310cd0a;[];[Stiker]
609;60;11-50;27828873.0;text;;[];False;False;9ed77bf0f02a2299;[];adek gw masuk SMA tahun ini
610;60;11-50;27828877.0;text;;[];False;False;8711fe66a310cd0a;[];duit bulanan belum dikirim
611;60;11-50;27828888.0;text;;[];False;False;8711fe66a310cd0a;[];keluarga ngumpul lebaran nanti
612;60;11-50;27828891.0;text;;[];False;False;924de7dbda46ee44;[];GW BARU AJA KETEMU MANTAN
613;60;11-50;27828894.0;text;;[];False;False;9ed77bf0f02a2299;[];bokap gw lagi di luar kota
614;60;11-50;27828898.0;text;;[];False;False;924de7dbda46ee44;[];GW BARU AJA KETEMU MANTAN
615;60;1-10;27828905.0;text;;[];False;False;924de7dbda46ee44;[];NOTED
616;60;1-10;27828908.0;text;;[];False;False;9ed77bf0f02a2299;[];gila
617;60;11-50;27828910.0;text;;[];False;False;9a02903d6d2150f3;[];film baru di bioskop... bagus... ga
618;60;11-50;27828916.0;text;;[];False;False;9ed77bf0f02a2299;[];film baru di bioskop bagus ga
619;60;1-10;27828923.0;text;;[];False;False;9ed77bf0f02a2299;[];goks
620;60;11-50;27828924.0;text;;[];False;False;8711fe66a310cd0a;[];nyokap nanya kapan lulus
621;60;11-50;27828925.0;text;;[];False;False;9ed77bf0f02a2299;[];adek gw masuk SMA tahun ini
622;60;11-50;27828925.0;text;;[];False;False;924de7dbda46ee44;[];KAKAK GW BARU AJA NIKAH
623;60;11-50;27828934.0;text;620.0;['🤦🏻\u200d♀'];False;False;9a02903d6d2150f3;[];playlist lo yang... mana sih
624;60;11-50;27828938.0;text;;[];False;False;8711fe66a310cd0a;[];film baru di bioskop bagus ga
625;60;11-50;27828939.0;text;;[];True;False;9ed77bf0f02a2299;[];kenapa ga bales chat gw?
626;60;1-10;27828943.0;text;;[];False;False;924de7dbda46ee44;[];ANJAY
627;60;1-10;27828948.0;text;;[];False;False;8711fe66a310cd0a;[];hayuk
628;60;11-50;27828956.0;text;;[];False;False;9ed77bf0f02a2299;[];film baru di bioskop bagus ga
629;60;11-50;27828957.0;text;;[];True;False;9ed77bf0f02a2299;[];kenapa ga bales chat gw?
630;60;1-10;27828973.0;text;;[];False;False;8711fe66a310cd0a;[];pasti
631;60;1-10;27828974.0;text;;[];False;False;9ed77bf0f02a2299;[];pasti
632;60;1-10;27828979.0;text;;[];False;False;9ed77bf0f02a2299;[];anjay
633;60;11-50;27828979.0;text;;[];False;False;9ed77bf0f02a2299;[];gw kangen masakan rumah
634;60;1-10;27828985.0;text;;[];False;False;9ed77bf0f02a2299;[];anjay
635;60;11-50;27828986.0;text;;[];False;False;9ed77bf0f02a2299;[];kakak gw baru aja nikah
636;60;1-10;27828987.0;text;;[];False;False;9a02903d6d2150f3;[];anjay
637;60;1-10;27828997.0;text;;[];False;False;924de7dbda46ee44;[];YESS
638;60;11-50;27828999.0;text;;['🥰'];False;False;9ed77bf0f02a2299;[];duit bulanan belum dikirim
639;60;1-10;27829003.0;text;;['💪🏻'];False;False;924de7dbda46ee44;[];NICE
640;60;1-10;27829005.0;text;;[];False;False;924de7dbda46ee44;[];GINI
641;60;0;27829009.0;sticker/webp;;[];False;False;8711fe66a310cd0a;[];[Stiker]
642;60;11-50;27829009.0;text;;[];False;False;9ed77bf0f02a2299;[];mama minta gw pulang weekend
643;60;11-50;27829013.0;text;;[];False;False;9ed77bf0f02a2299;[];film baru di bioskop bagus ga
644;60;11-50;27829016.0;text;;[];False;False;9a02903d6d2150f3;[];duit bulanan belum dikirim
645;60;51-100;27829026.0;text;;[];False;False;924de7dbda46ee44;[];GW LAGI BELAJAR MASAK SENDIRI BIAR GA JAJAN TERUS LUMAYAN HEMAT SOALNYA
646;60;0;27829030.0;sticker/webp;;[];False;False;9a02903d6d2150f3;[];[Stiker]
647;60;51-100;27829032.0;text;;[];False;False;9ed77bf0f02a2299;[];besok ada bazaar di kampus katanya banyak makanan murah, pada ikut ga
648;60;1-10;27829049.0;text;;['🤷🏻\u200d♀', '😂'];False;False;9ed77bf0f02a2299;[];anjay
649;60;0;27829055.0;sticker/webp;646.0;[];False;False;8711fe66a310cd0a;[];[Stiker]
650;60;1-10;27829060.0;text;;[];False;False;9ed77bf0f02a2299;[];noted
651;60;1-10;27829061.0;text;;[];False;False;9ed77bf0f02a2299;[];mager
652;60;1-10;27829066.0;text;;[];False;False;9ed77bf0f02a2299;[];anjay
653;60;1-10;27829071.0;text;;[];False;False;9a02903d6d2150f3;[];goks
654;60;1-10;27829074.0;text;;[];False;False;9ed77bf0f02a2299;[];hayuk
655;60;1-10;27829076.0;text;;[];False;False;9ed77bf0f02a2299;[];gitu
656;60;0;27829084.0;sticker/webp;;[];False;False;8711fe66a310cd0a;[];[Stiker]
657;60;11-50;27829095.0;text;;[];False;False;924de7dbda46ee44;[];KELUARGA NGUMPUL LEBARAN NANTI
658;60;1-10;27829098.0;text;;[];False;False;924de7dbda46ee44;[];NICE
659;60;1-10;27829099.0;text;;[];False;False;9ed77bf0f02a2299;[];anjay
660;60;0;27829104.0;sticker/webp;;[];False;False;9a02903d6d2150f3;[];[Stiker]
661;60;1-10;27829106.0;text;;['😂'];False;False;9ed77bf0f02a2299;[];noted
662;60;11-50;27829108.0;text;;[];True;False;9ed77bf0f02a2299;[];itu tempatnya jauh ga?
663;60;0;27829110.0;sticker/webp;;[];False;False;8711fe66a310cd0a;[];[Stiker]
664;60;11-50;27829115.0;text;;['😂'];False;False;9ed77bf0f02a2299;[];gw baru aja ketemu mantan
665;60;11-50;27829121.0;text;;['😂'];False;False;9ed77bf0f02a2299;['b9a265b4ea626510'];keluarga ngumpul lebaran nanti
666;60;11-50;27829126.0;text;;[];False;False;9ed77bf0f02a2299;[];keluarga ngumpul lebaran nanti
667;60;0;27829129.0;sticker/webp;;[];False;False;8711fe66a310cd0a;[];[Stiker]
668;60;0;27829133.0;sticker/webp;;[];False;False;9a02903d6d2150f3;[];[Stiker]
669;60;11-50;27829157.0;text;;[];False;False;9ed77bf0f02a2299;[];gw baru aja ketemu mantan
670;60;0;27829159.0;sticker/webp;;[];False;False;8711fe66a310cd0a;[];[Stiker]
671;60;11-50;27829159.0;text;;[];False;False;9ed77bf0f02a2299;[];playlist lo yang mana sih
672;60;11-50;27829170.0;text;;[];False;False;8711fe66a310cd0a;[];duit bulanan belum dikirim
673;60;1-10;27829173.0;text;;[];False;False;9a02903d6d2150f3;[];hayuk
674;60;1-10;27829175.0;text;;['😂'];False;False;9ed77bf0f02a2299;[];nice
675;60;11-50;27829180.0;text;;['😂'];False;False;9ed77bf0f02a2299;[];keluarga ngumpul lebaran nanti
676;60;11-50;27829182.0;text;;[];False;False;9ed77bf0f02a2299;[];mama minta gw pulang weekend
677;60;1-10;27829183.0;text;;[];False;False;9a02903d6d2150f3;[];pasti
678;60;11-50;27829188.0;text;;[];False;False;9a02903d6d2150f3;[];keluarga ngumpul lebaran nanti
679;60;11-50;27829194.0;text;;['🥰'];False;False;9ed77bf0f02a2299;[];gw baru aja ketemu mantan
680;60;11-50;27829195.0;text;;[];False;False;9a02903d6d2150f3;[];gw kangen masakan rumah
681;60;11-50;27829203.0;text;;[];False;False;9a02903d6d2150f3;[];mama minta gw pulang weekend
682;60;1-10;27829208.0;text;;['👏🏻'];False;False;9a02903d6d2150f3;[];gila
683;60;11-50;27829214.0;text;;['🦖'];False;False;9ed77bf0f02a2299;[];film baru di bioskop bagus ga
684;60;1-10;27829226.0;text;;[];False;False;9a02903d6d2150f3;[];goks
685;60;0;27829230.0;sticker/webp;;[];False;False;8711fe66a310cd0a;[];[Stiker]
686;60;11-50;27829232.0;text;;['😂'];False;False;9a02903d6d2150f3;[];mama minta gw pulang weekend...
687;60;1-10;27829236.0;text;;[];False;False;9ed77bf0f02a2299;[];yess
688;61;11-50;27830587.0;text;;[];False;False;b9a265b4ea626510;[];diem diem ternyata jadian
689;61;1-10;27830598.0;text;;[];True;False;b9a265b4ea626510;[];sampe?
690;61;0;27830615.0;sticker/webp;;[];False;False;8711fe66a310cd0a;[];[Stiker]
691;61;0;27830617.0;sticker/webp;;[];False;False;8711fe66a310cd0a;[];[Stiker]
692;61;0;27830618.0;sticker/webp;;[];False;False;8711fe66a310cd0a;[];[Stiker]
693;61;0;27830623.0;sticker/webp;;[];False;False;8711fe66a310cd0a;[];[Stiker]
694;61;1-10;27830628.0;text;;[];False;False;b9a265b4ea626510;[];hihi
695;61;1-10;27830637.0;text;;[];True;False;b9a265b4ea626510;[];boleh?
696;61;11-50;27830901.0;text;;[];False;False;9ed77bf0f02a2299;[];reuni kapan ya kita
697;61;11-50;27830905.0;text;;[];False;False;9ed77bf0f02a2299;[];jangan bilang siapa siapa ya
698;61;1-10;27830908.0;text;;[];False;False;9ed77bf0f02a2299;[];trus
699;61;0;27830909.0;sticker/webp;;[];False;False;8711fe66a310cd0a;[];[Stiker]
700;61;0;27830913.0;sticker/webp;;[];False;False;8711fe66a310cd0a;[];[Stiker]
701;61;0;27830916.0;sticker/webp;;[];False;False;8711fe66a310cd0a;[];[Stiker]
702;61;11-50;27830922.0;text;;[];False;False;8711fe66a310cd0a;[];jangan bilang siapa siapa ya
703;61;11-50;27830922.0;text;;[];False;False;8711fe66a310cd0a;[];temen gw sakit masuk rs
704;61;1-10;27830960.0;text;;[];False;False;9ed77bf0f02a2299;[];amin
705;61;11-50;27830985.0;image/jpeg;;[];False;False;9ed77bf0f02a2299;[];[Foto]
706;61;11-50;27831014.0;text;;[];False;False;9ed77bf0f02a2299;[];si itu udah putus katanya
707;61;11-50;27831016.0;text;;[];False;False;d6baf183e5907852;[];temenin gw dong,,, besok,,,
708;61;1-10;27831018.0;text;;[];False;False;924de7dbda46ee44;[];SETUJU
709;61;1-10;27831023.0;text;;[];False;False;9a02903d6d2150f3;[];cape
710;61;11-50;27831042.0;text;;[];False;False;d6baf183e5907852;[];jangan bilang siapa siapa,,, ya
711;61;1-10;27831060.0;text;;[];False;False;9ed77bf0f02a2299;[];hihi
712;61;0;27831109.0;image/jpeg;;[];False;False;9ed77bf0f02a2299;[];[Foto]
713;61;1-10;27831124.0;text;;[];False;False;924de7dbda46ee44;[];MALES
714;61;1-10;27831136.0;text;;[];False;False;9a02903d6d2150f3;[];sama
715;61;11-50;27831137.0;text;;[];False;False;924de7dbda46ee44;[];SI ITU UDAH PUTUS KATANYA
716;61;11-50;27831146.0;text;;[];False;False;924de7dbda46ee44;[];ANGKOT KE SANA MASIH ADA GA
717;61;11-50;27831147.0;text;;[];False;False;b9a265b4ea626510;[];jangan bilang siapa siapa ya
718;61;11-50;27831155.0;text;;[];False;False;b9a265b4ea626510;[];angkot ke sana msh ad ga
719;61;11-50;27831156.0;text;;[];True;False;b9a265b4ea626510;[];pinjam catetan boleh ga?
720;61;1-10;27831162.0;text;;['😂'];False;False;b9a265b4ea626510;[];udah
721;61;1-10;27831167.0;text;;[];False;False;924de7dbda46ee44;[];MALES
722;61;1-10;27831173.0;text;;['😂'];False;False;9ed77bf0f02a2299;[];setuju
723;61;11-50;27831174.0;text;;[];False;False;924de7dbda46ee44;[];GW KANGEN TEMEN TEMEN SMA
724;61;11-50;27831176.0;text;;[];False;False;9ed77bf0f02a2299;[];gw berantem sama si anu
725;61;1-10;27831178.0;text;;[];False;False;9ed77bf0f02a2299;[];ywd
726;61;11-50;27831185.0;text;;[];False;False;b9a265b4ea626510;[];temenin gw dong besok
727;61;51-100;27831231.0;text;;[];False;False;b9a265b4ea626510;[];lu hrs coba kedai kopi baru di jalan belakang kampus, enak bgt
728;61;11-50;27831233.0;text;;[];False;False;8711fe66a310cd0a;[];diem diem ternyata jadian
729;61;1-10;27831234.0;text;;['😂'];False;False;b9a265b4ea626510;[];ywd
730;61;1-10;27831272.0;text;;[];False;False;9ed77bf0f02a2299;[];ywd
731;61;11-50;27831275.0;text;;[];False;False;9ed77bf0f02a2299;[];si itu udah putus katanya
732;61;11-50;27831278.0;text;;[];False;False;9ed77bf0f02a2299;[];reuni kapan ya kita
733;61;1-10;27831282.0;text;;[];False;False;9ed77bf0f02a2299;[];dong
734;61;1-10;27831299.0;text;;['😂'];False;False;b9a265b4ea626510;[];ywd
735;61;1-10;27831319.0;text;;[];False;False;b9a265b4ea626510;[];wkwkw
736;61;1-10;27831325.0;text;;[];False;False;b9a265b4ea626510;[];wkwkw
737;61;11-50;27831338.0;text;;[];True;False;b9a265b4ea626510;[];pinjam catetan boleh ga?
738;61;11-50;27831340.0;text;;['😕'];False;False;b9a265b4ea626510;[];eh denger gosip blm
739;61;11-50;27831345.0;text;;[];False;False;9ed77bf0f02a2299;[];si itu udah putus katanya
740;61;11-50;27831357.0;text;;['😏'];False;False;9ed77bf0f02a2299;[];jangan bilang siapa siapa ya
741;61;11-50;27831359.0;text;;[];False;False;9ed77bf0f02a2299;[];diem diem ternyata jadian
742;61;1-10;27831371.0;text;;['😂'];False;False;b9a265b4ea626510;[];udah
743;61;1-10;27831491.0;text;;[];False;False;d6baf183e5907852;[];gabut
744;61;11-50;27831518.0;text;;['🙄'];False;False;d6baf183e5907852;[];gw kangen temen temen sma
745;61;11-50;27831541.0;text;;[];False;False;8711fe66a310cd0a;[];jangan bilang siapa siapa ya
746;61;11-50;27831552.0;text;;[];False;False;8711fe66a310cd0a;[];gw ga percaya sih gosipnya
747;61;1-10;27831597.0;text;722.0;[];False;False;9a02903d6d2150f3;[];udah
748;61;11-50;27831597.0;text;;[];False;False;9a02903d6d2150f3;[];temenin gw dong besok...
749;61;11-50;27831620.0;text;;[];False;False;9a02903d6d2150f3;[];jangan bilang siapa siapa ya
750;61;1-10;27831621.0;text;;[];False;False;9a02903d6d2150f3;[];ywd
751;61;11-50;27831622.0;text;;['😂'];False;False;9ed77bf0f02a2299;[];reuni kapan ya kita
752;61;11-50;27831630.0;text;;[];False;False;9a02903d6d2150f3;[];gw ga percaya sih... gosipnya...
753;61;1-10;27831630.0;text;;[];False;False;9a02903d6d2150f3;[];hihi
754;61;1-10;27831631.0;text;;['😂'];False;False;9a02903d6d2150f3;[];dong
755;61;1-10;27831633.0;text;;['😂'];False;False;9ed77bf0f02a2299;[];setuju
756;61;11-50;27831637.0;text;;[];True;False;b9a265b4ea626510;[];jadwal sidang kapan bro?
757;61;11-50;27831638.0;text;;[];False;False;b9a265b4ea626510;[];eh denger gosip blm
758;61;11-50;27831639.0;text;;[];False;True;9ed77bf0f02a2299;[];sedih banget ceritanya!
759;61;11-50;27831643.0;text;;[];False;False;9ed77bf0f02a2299;[];reuni kapan ya kita
760;61;1-10;27831644.0;text;;[];False;False;b9a265b4ea626510;[];amin
761;61;11-50;27831645.0;text;;['😂'];False;False;9ed77bf0f02a2299;[];gw ga percaya sih gosipnya
762;61;1-10;27831651.0;text;;[];False;False;b9a265b4ea626510;[];sm
763;61;1-10;27831656.0;text;;[];False;False;b9a265b4ea626510;[];gabut
764;61;11-50;27831659.0;text;;[];False;False;b9a265b4ea626510;[];gw ga percaya sih gosipnya
765;61;1-10;27831709.0;text;;[];False;False;9ed77bf0f02a2299;[];setuju
766;61;11-50;27831711.0;text;;[];False;False;9ed77bf0f02a2299;[];pacarnya baru siapa sih
767;61;11-50;27831713.0;text;;[];False;False;9a02903d6d2150f3;[];reuni kapan ya kita
768;61;11-50;27831716.0;text;;[];False;False;9a02903d6d2150f3;[];reuni kapan ya kita
769;61;1-10;27831717.0;text;;['😂'];False;False;9ed77bf0f02a2299;[];ywd
770;61;11-50;27831721.0;text;;[];False;False;9ed77bf0f02a2299;[];jangan bilang siapa siapa ya
771;61;1-10;27831723.0;text;;['🤭', '🤷🏻\u200d♀', '🌚'];False;False;9ed77bf0f02a2299;[];hihi
772;61;11-50;27831728.0;text;;[];True;False;b9a265b4ea626510;[];kos lu dmn sih tepatnya?
773;61;1-10;27831735.0;text;;[];False;False;9a02903d6d2150f3;[];sama
774;61;11-50;27831738.0;text;;[];False;False;b9a265b4ea626510;[];diem diem ternyata jadian
775;61;11-50;27831746.0;text;;[];False;False;b9a265b4ea626510;[];temen gw sakit masuk rs
776;61;11-50;27831748.0;text;;[];False;False;9ed77bf0f02a2299;[];angkot ke sana masih ada ga
777;61;1-10;27831760.0;text;;[];False;False;b9a265b4ea626510;[];gabut
778;61;11-50;27831772.0;text;;[];False;False;9a02903d6d2150f3;[];jangan bilang siapa siapa ya
779;61;11-50;27831774.0;text;;['😭'];False;False;9a02903d6d2150f3;[];temen gw sakit masuk RS
780;61;1-10;27831775.0;text;;[];False;False;9ed77bf0f02a2299;[];amin
781;61;1-10;27831781.0;text;;[];False;False;9a02903d6d2150f3;[];dong
782;61;1-10;27831784.0;text;;[];False;False;9ed77bf0f02a2299;[];amin
783;61;11-50;27831786.0;text;;[];False;False;9ed77bf0f02a2299;[];gw berantem sama si anu
784;61;11-50;27831788.0;text;;[];False;False;9ed77bf0f02a2299;[];pacarnya baru siapa sih
785;61;11-50;27831795.0;text;;[];True;False;b9a265b4ea626510;[];kapan terakhir kali ketemu?
786;61;1-10;27831795.0;text;;[];False;False;b9a265b4ea626510;[];hihi
787;61;1-10;27831801.0;text;;[];False;False;b9a265b4ea626510;[];dong
788;61;11-50;27831948.0;text;;[];False;False;9ed77bf0f02a2299;[];reuni kapan ya kita
789;61;11-50;27831953.0;text;;[];False;False;9ed77bf0f02a2299;[];pacarnya baru siapa sih
790;61;0;27831996.0;image/jpeg;;[];False;False;9ed77bf0f02a2299;[];[Foto]
791;61;11-50;27831999.0;text;;[];False;False;9ed77bf0f02a2299;[];reuni kapan ya kita
792;61;1-10;27832007.0;text;;[];False;False;9ed77bf0f02a2299;[];sama
793;61;11-50;27832102.0;text;;[];True;False;924de7dbda46ee44;[];KOS LU DIMANA SIH TEPATNYA?
794;61;1-10;27832111.0;text;;[];False;False;924de7dbda46ee44;[];HIHI
795;61;11-50;27832134.0;text;;['😂'];False;False;9ed77bf0f02a2299;[];reuni kapan ya kita
796;61;11-50;27832189.0;text;;[];False;False;9a02903d6d2150f3;[];gw berantem sama si anu
797;61;1-10;27832196.0;text;;[];False;False;9ed77bf0f02a2299;[];wkwkw
798;61;1-10;27832199.0;text;;['😂'];False;False;9a02903d6d2150f3;[];gabut
799;61;11-50;27832208.0;text;;[];False;False;9ed77bf0f02a2299;[];reuni kapan ya kita
800;61;1-10;27832234.0;text;;[];False;False;9a02903d6d2150f3;[];males
801;61;11-50;27832236.0;text;;[];False;False;9a02903d6d2150f3;[];eh denger gosip belum
802;61;11-50;27832353.0;text;;[];False;False;9ed77bf0f02a2299;[];jangan bilang siapa siapa ya
803;61;11-50;27832363.0;text;;[];False;False;9ed77bf0f02a2299;[];gw berantem sama si anu
804;61;1-10;27832366.0;text;;[];False;False;9ed77bf0f02a2299;[];sama
805;61;11-50;27832426.0;text;;[];False;False;9ed77bf0f02a2299;[];gw ga percaya sih gosipnya
806;61;11-50;27832432.0;text;;[];True;False;9ed77bf0f02a2299;[];kos lu dimana sih tepatnya?
807;61;1-10;27832435.0;text;;['😂'];False;False;9ed77bf0f02a2299;[];ywd
808;61;11-50;27832437.0;text;;[];False;False;9ed77bf0f02a2299;[];eh denger gosip belum
809;61;1-10;27832453.0;text;;[];False;False;9ed77bf0f02a2299;[];udah
810;61;1-10;27832456.0;text;;[];False;False;9ed77bf0f02a2299;[];males
811;61;1-10;27832456.0;text;;[];False;False;9ed77bf0f02a2299;[];udah
812;61;11-50;27832457.0;text;;[];False;False;9ed77bf0f02a2299;[];si itu udah putus katanya
813;61;11-50;27832479.0;text;;[];False;False;9a02903d6d2150f3;[];temen gw sakit masuk RS
814;61;1-10;27832483.0;text;;[];False;False;9a02903d6d2150f3;[];udah
815;61;11-50;27832496.0;text;;['🤦\u200d♀'];False;False;9a02903d6d2150f3;[];si itu udah putus katanya
816;61;11-50;27832503.0;text;;[];False;False;9a02903d6d2150f3;[];gw kangen temen temen... SMA...
817;61;11-50;27832507.0;text;;[];True;False;b9a265b4ea626510;[];kos lu dmn sih tepatnya?
818;61;1-10;27832515.0;text;;[];False;False;9a02903d6d2150f3;[];trus
819;61;11-50;27832522.0;text;;[];False;False;9a02903d6d2150f3;[];pacarnya baru siapa sih...
820;61;1-10;27832522.0;text;;[];False;False;9a02903d6d2150f3;[];dong
821;61;11-50;27832524.0;text;;[];False;False;9a02903d6d2150f3;[];gw kangen temen temen... SMA
822;61;1-10;27832527.0;text;;[];False;False;9ed77bf0f02a2299;[];trus
823;61;11-50;27832527.0;text;;[];False;False;b9a265b4ea626510;[];temenin gw dong besok
824;61;11-50;27832547.0;text;;[];False;False;9ed77bf0f02a2299;[];temen gw sakit masuk RS
825;61;1-10;27832553.0;text;;[];False;False;b9a265b4ea626510;[];males
826;61;11-50;27832554.0;text;;[];False;False;b9a265b4ea626510;[];diem diem ternyata jadian
827;61;11-50;27832562.0;text;;[];False;False;9a02903d6d2150f3;[];eh denger gosip... belum
828;61;11-50;27832565.0;text;;[];False;False;9ed77bf0f02a2299;[];pacarnya baru siapa sih
829;61;11-50;27832569.0;text;;[];False;False;9ed77bf0f02a2299;[];diem diem ternyata jadian
830;61;11-50;27832573.0;text;;[];False;False;9a02903d6d2150f3;[];gw berantem sama si anu
831;61;1-10;27832576.0;text;;['😂'];False;False;9ed77bf0f02a2299;[];amin
832;61;1-10;27832580.0;text;;['❤'];False;False;9a02903d6d2150f3;[];males
833;61;1-10;27832582.0;text;;['💕', '🦖'];False;False;9ed77bf0f02a2299;[];gabut
834;61;11-50;27832588.0;text;;[];True;False;b9a265b4ea626510;[];kapan terakhir kali ketemu?
835;61;11-50;27832594.0;text;;[];True;False;b9a265b4ea626510;[];pinjam catetan boleh ga?
836;61;1-10;27832627.0;text;;[];False;False;924de7dbda46ee44;[];YWD
837;61;11-50;27832629.0;text;835.0;[];False;False;9ed77bf0f02a2299;[];angkot ke sana masih ada ga
838;61;11-50;27832633.0;text;;[];False;False;9ed77bf0f02a2299;[];eh denger gosip belum
839;61;1-10;27832634.0;text;;[];False;False;9ed77bf0f02a2299;[];ywd
840;61;11-50;27832640.0;text;;[];False;False;9ed77bf0f02a2299;[];gw berantem sama si anu
841;61;11-50;27832643.0;text;;[];False;False;9ed77bf0f02a2299;[];temenin gw dong besok
842;61;51-100;27832654.0;text;;[];False;False;9ed77bf0f02a2299;[];wifi kosan gw lemot banget jadi gw ke perpus aja buat ngerjain tugas
843;61;11-50;27832664.0;text;;[];False;False;9ed77bf0f02a2299;[];jangan bilang siapa siapa ya
844;61;11-50;27832666.0;text;;[];False;False;9ed77bf0f02a2299;[];temen gw sakit masuk RS
845;61;1-10;27832676.0;text;;['❤'];False;False;9a02903d6d2150f3;[];hihi
846;61;11-50;27832697.0;text;;[];False;False;924de7dbda46ee44;[];GW GA PERCAYA SIH GOSIPNYA
847;61;11-50;27832725.0;text;;[];False;False;9a02903d6d2150f3;[];gw ga percaya... sih gosipnya
848;61;11-50;27832729.0;text;;['🤦\u200d♀'];False;False;9a02903d6d2150f3;[];gw ga percaya sih gosipnya
849;61;1-10;27832731.0;text;;[];False;False;b9a265b4ea626510;[];amin
850;61;1-10;27832732.0;text;;[];False;False;b9a265b4ea626510;[];wkwkw
851;61;11-50;27832737.0;text;;[];False;False;b9a265b4ea626510;[];si tu udah putus katanya
852;61;11-50;27832753.0;text;;[];False;False;d6baf183e5907852;[];si itu udah putus katanya
853;61;11-50;27832756.0;text;;[];False;False;d6baf183e5907852;[];jangan bilang siapa siapa ya
854;61;11-50;27832761.0;text;;[];False;False;9a02903d6d2150f3;[];eh denger gosip belum
855;61;1-10;27832768.0;text;;['👏'];False;False;9a02903d6d2150f3;[];cape
856;61;51-100;27832823.0;text;;[];False;False;d6baf183e5907852;[];lu harus,,, coba kedai kopi baru,,, di jalan belakang kampus, enak banget
857;61;11-50;27832828.0;text;;[];True;False;b9a265b4ea626510;[];kapan terakhir kali ketemu?
858;61;1-10;27832839.0;text;;['😟'];False;False;b9a265b4ea626510;[];wkwkw
859;61;11-50;27832840.0;text;;[];False;False;b9a265b4ea626510;[];gw berantem sm si anu
860;61;11-50;27832841.0;text;;[];False;False;9a02903d6d2150f3;[];pacarnya baru siapa sih
861;61;11-50;27832843.0;text;;[];False;False;9a02903d6d2150f3;[];pacarnya baru siapa sih
862;61;11-50;27832861.0;text;;[];False;False;9a02903d6d2150f3;[];gw kangen temen... temen SMA...
863;61;51-100;27832898.0;text;;[];False;False;d6baf183e5907852;[];wifi kosan,,, gw lemot banget jadi gw ke,,, perpus aja buat ngerjain tugas
864;61;51-100;27832918.0;text;;['😏'];True;False;9a02903d6d2150f3;[];lu pernah coba... belajar bareng di perpus kota ga, enak ga disana?
865;61;11-50;27832942.0;text;;['🤣'];True;False;d6baf183e5907852;[];kapan terakhir kali ketemu?
866;61;51-100;27832973.0;text;;[];False;False;d6baf183e5907852;[];lu harus coba kedai kopi baru,,, di jalan belakang kampus, enak banget,,,
867;61;1-10;27832979.0;text;;['😂'];False;False;9a02903d6d2150f3;[];ywd
868;61;11-50;27832985.0;text;866.0;[];False;False;9ed77bf0f02a2299;[];temenin gw dong besok
869;61;51-100;27832991.0;text;866.0;[];False;False;9a02903d6d2150f3;[];wifi kosan gw lemot banget jadi gw ke perpus... aja buat ngerjain... tugas
870;61;11-50;27832991.0;text;;[];False;False;9a02903d6d2150f3;[];si itu udah putus... katanya
871;61;51-100;27832994.0;text;;[];False;False;9ed77bf0f02a2299;[];hari ini gw ada rapat organisasi sampe sore jadi ga bisa ikut nongkrong
872;61;1-10;27832996.0;text;;['😂'];False;False;9ed77bf0f02a2299;[];wkwkw
873;61;11-50;27832998.0;text;;[];False;False;d6baf183e5907852;[];pacarnya baru siapa sih,,,
874;61;1-10;27833002.0;text;;[];False;False;d6baf183e5907852;[];amin
875;61;11-50;27833013.0;text;868.0;[];False;False;9a02903d6d2150f3;[];pacarnya baru siapa sih
876;61;1-10;27833014.0;text;;[];False;False;9a02903d6d2150f3;[];sama
877;61;1-10;27833041.0;text;;[];False;False;9ed77bf0f02a2299;[];ywd
878;61;11-50;27833045.0;text;;[];False;False;9ed77bf0f02a2299;[];reuni kapan ya kita
879;61;11-50;27833046.0;text;;[];False;False;9ed77bf0f02a2299;[];jangan bilang siapa siapa ya
880;61;1-10;27833051.0;text;;['😂'];False;False;9ed77bf0f02a2299;[];sama
881;61;11-50;27833054.0;text;;['😂'];False;False;9ed77bf0f02a2299;[];eh denger gosip belum
882;61;11-50;27833072.0;text;;[];False;False;9a02903d6d2150f3;[];temenin gw dong besok
883;61;11-50;27833077.0;text;;[];False;False;d6baf183e5907852;[];angkot ke sana masih ada ga
884;61;11-50;27833082.0;text;;[];False;False;9a02903d6d2150f3;[];diem diem ternyata jadian
885;61;1-10;27833083.0;text;;[];False;False;9a02903d6d2150f3;[];wkwkw
886;61;1-10;27833096.0;text;;[];False;False;9ed77bf0f02a2299;[];gabut
887;61;1-10;27833104.0;text;;[];False;False;9ed77bf0f02a2299;[];cape
888;61;11-50;27833105.0;text;;[];False;False;9ed77bf0f02a2299;[];gw berantem sama si anu
889;61;11-50;27833106.0;text;;['😂'];False;False;9ed77bf0f02a2299;[];reuni kapan ya kita
890;61;51-100;27833125.0;text;;[];False;False;d6baf183e5907852;[];gw baru aja dapet kabar kalo temen kita,,, diterima kerja di luar negeri
891;61;11-50;27833134.0;text;;[];False;False;9a02903d6d2150f3;[];gw kangen temen temen SMA
892;61;11-50;27833138.0;text;;[];False;False;9a02903d6d2150f3;[];diem diem ternyata jadian...
893;61;11-50;27833149.0;text;;[];False;False;9a02903d6d2150f3;[];eh denger gosip belum
894;61;11-50;27833153.0;text;;[];False;False;9a02903d6d2150f3;[];gw kangen temen... temen SMA
895;61;1-10;27833155.0;text;;[];False;False;d6baf183e5907852;[];dong
896;61;1-10;27833158.0;text;;[];False;False;d6baf183e5907852;[];setuju
897;61;11-50;27833161.0;text;;['😂'];False;False;9ed77bf0f02a2299;[];si itu udah putus katanya
898;61;11-50;27833166.0;text;;[];False;False;d6baf183e5907852;[];gw berantem sama si anu
899;61;11-50;27833169.0;text;;[];False;False;9ed77bf0f02a2299;[];diem diem ternyata jadian
900;61;1-10;27833178.0;text;;['🤣'];False;False;d6baf183e5907852;[];amin
901;61;11-50;27833215.0;text;;[];False;False;9a02903d6d2150f3;[];diem diem ternyata... jadian...
902;61;51-100;27833233.0;text;;[];False;False;d6baf183e5907852;[];gw baru aja,,, dapet kabar kalo,,, temen kita,,, diterima kerja di luar,,, negeri
903;61;11-50;27833304.0;text;;['💁🏻'];False;False;9ed77bf0f02a2299;[];temen gw sakit masuk RS
904;61;1-10;27833341.0;text;;['😏'];False;False;d6baf183e5907852;[];setuju
905;61;11-50;27833352.0;text;;[];False;False;9a02903d6d2150f3;[];jangan bilang siapa siapa ya
906;61;1-10;27833355.0;text;;['😢'];False;False;9a02903d6d2150f3;[];dong
907;61;11-50;27833356.0;text;;[];False;False;9a02903d6d2150f3;[];gw kangen temen temen SMA
908;62;11-50;29674731.0;text;;['❤'];False;False;9ed77bf0f02a2299;[];hp gw lowbat nih
909;62;1-10;29674768.0;text;;[];False;False;924de7dbda46ee44;[];OKK
910;62;11-50;29674804.0;text;;['💖'];False;False;9a02903d6d2150f3;[];ntar gw kabarin lagi deh
911;62;0;29674820.0;sticker/webp;;[];False;False;d6baf183e5907852;[];[Stiker]
912;62;11-50;29675415.0;text;;['🎉', '🎊'];False;True;8711fe66a310cd0a;[];sumpah itu lucu parah!
913;62;11-50;29714653.0;text;;['🥳'];False;False;b9a265b4ea626510;[];gw mau tidur dulu ya
914;63;1-10;31449799.0;text;;[];False;False;9ed77bf0f02a2299;[];pasti
915;63;11-50;31449805.0;text;;[];False;False;9ed77bf0f02a2299;[];kakak gw baru aja nikah
916;63;11-50;31449808.0;text;;[];False;False;9ed77bf0f02a2299;[];bokap gw lagi di luar kota
917;63;1-10;31449819.0;text;;[];True;False;9ed77bf0f02a2299;[];terus?
918;63;11-50;31449993.0;text;;[];False;False;924de7dbda46ee44;[];KELUARGA NGUMPUL LEBARAN NANTI
919;64;51-100;32324745.0;text;;[];True;False;9ed77bf0f02a2299;[];menurut lu gw harus ambil mata kuliah pilihan yang mana semester depan?
920;64;1-10;32324829.0;text;;[];False;False;9ed77bf0f02a2299;[];sabi
921;64;11-50;32324838.0;text;;[];False;False;9ed77bf0f02a2299;[];lu udah makan belum
922;64;11-50;32324840.0;text;;[];False;False;9ed77bf0f02a2299;[];dosen pembimbing susah ditemui
923;64;11-50;32324845.0;text;;[];False;False;9ed77bf0f02a2299;[];sidang minggu depan doain ya
924;64;11-50;32324957.0;text;;[];True;False;9ed77bf0f02a2299;[];ntar malem ngapain?
925;64;1-10;32324988.0;text;;[];False;False;9ed77bf0f02a2299;[];gaje
926;64;11-50;32324989.0;text;;['😂'];False;False;9ed77bf0f02a2299;[];seminar tadi lama banget
927;64;1-10;32324993.0;text;;[];False;False;9ed77bf0f02a2299;[];bole
928;64;1-10;32325056.0;text;;[];True;False;8711fe66a310cd0a;[];gmn?
929;64;11-50;32325767.0;text;;[];False;False;9ed77bf0f02a2299;[];seminar tadi lama banget
930;65;51-100;32326580.0;text;;[];False;False;9ed77bf0f02a2299;[];lu harus coba kedai kopi baru di jalan belakang kampus, enak banget
931;65;11-50;32326592.0;text;;[];False;False;9ed77bf0f02a2299;[];diem diem ternyata jadian
932;65;1-10;32326644.0;text;;[];False;False;8711fe66a310cd0a;[];males
933;65;1-10;32326658.0;text;;[];False;False;8711fe66a310cd0a;[];amin
934;65;1-10;32326705.0;text;;[];False;False;8711fe66a310cd0a;[];ywd
935;65;11-50;32326717.0;text;;[];True;False;8711fe66a310cd0a;[];kos lu dimana sih tepatnya?
936;65;11-50;32326769.0;text;;[];False;False;9ed77bf0f02a2299;[];gw berantem sama si anu
937;65;11-50;32326789.0;text;;[];False;False;924de7dbda46ee44;[];ANGKOT KE SANA MASIH ADA GA
938;65;11-50;32326790.0;text;;[];False;False;924de7dbda46ee44;[];GW BERANTEM SAMA SI ANU
939;65;11-50;32326804.0;text;;[];False;False;924de7dbda46ee44;[];TEMENIN GW DONG BESOK
940;65;11-50;32326820.0;text;;[];False;False;924de7dbda46ee44;[];JANGAN BILANG SIAPA SIAPA YA
941;65;11-50;32326841.0;text;;[];False;False;924de7dbda46ee44;[];PACARNYA BARU SIAPA SIH
942;65;11-50;32326842.0;text;;[];False;False;924de7dbda46ee44;[];ANGKOT KE SANA MASIH ADA GA
943;65;11-50;32326852.0;text;;[];False;False;924de7dbda46ee44;[];SI ITU UDAH PUTUS KATANYA
944;65;11-50;32326864.0;text;;[];False;False;924de7dbda46ee44;[];DIEM DIEM TERNYATA JADIAN
945;65;1-10;32326870.0;text;;[];False;False;924de7dbda46ee44;[];HIHI
946;65;11-50;32331422.0;text;;[];False;False;9ed77bf0f02a2299;[];eh denger gosip belum
947;66;11-50;32337906.0;text;;[];False;False;9ed77bf0f02a2299;[];gw ga percaya sih gosipnya
948;66;11-50;32337933.0;text;;[];False;False;9ed77bf0f02a2299;[];si itu udah putus katanya
949;66;1-10;32337938.0;text;;[];True;False;9ed77bf0f02a2299;[];boleh?
950;66;11-50;32337939.0;text;;[];False;False;9ed77bf0f02a2299;[];pacarnya baru siapa sih
951;66;1-10;32338117.0;text;;[];True;False;924de7dbda46ee44;[];BISA?
952;66;11-50;32338118.0;text;;[];False;False;924de7dbda46ee44;[];GW BERANTEM SAMA SI ANU
953;66;11-50;32338122.0;text;;[];False;False;9ed77bf0f02a2299;[];eh denger gosip belum
954;66;1-10;32338122.0;text;;[];False;False;9ed77bf0f02a2299;[];trus
955;66;11-50;32338132.0;text;;[];False;False;9ed77bf0f02a2299;[];angkot ke sana masih ada ga
956;66;11-50;32338143.0;text;;[];False;False;9ed77bf0f02a2299;[];pacarnya baru siapa sih
957;66;11-50;32338147.0;text;;[];False;False;924de7dbda46ee44;[];ANGKOT KE SANA MASIH ADA GA
958;66;11-50;32338158.0;text;;[];True;False;924de7dbda46ee44;[];PINJAM CATETAN BOLEH GA?
959;66;1-10;32338161.0;text;;[];False;False;9ed77bf0f02a2299;[];gabut
960;66;11-50;32338162.0;text;;[];False;False;9ed77bf0f02a2299;[];temenin gw dong besok
961;66;11-50;32338167.0;text;;[];True;False;924de7dbda46ee44;[];JADWAL SIDANG KAPAN BRO?
962;66;51-100;32338182.0;text;;[];False;False;9ed77bf0f02a2299;[];gw baru aja dapet kabar kalo temen kita diterima kerja di luar negeri
963;66;11-50;32338187.0;text;;[];False;False;9ed77bf0f02a2299;[];si itu udah putus katanya
964;66;1-10;32338190.0;text;;[];False;False;9ed77bf0f02a2299;[];ywd
965;66;11-50;32338193.0;text;;[];False;False;924de7dbda46ee44;[];JANGAN BILANG SIAPA SIAPA YA
966;66;11-50;32338194.0;text;;[];True;False;9ed77bf0f02a2299;[];jadwal sidang kapan bro?
967;66;1-10;32338195.0;text;;[];False;False;9ed77bf0f02a2299;[];setuju
968;66;11-50;32338198.0;text;;[];False;False;9ed77bf0f02a2299;[];gw ga percaya sih gosipnya
969;66;11-50;32338201.0;text;;[];False;False;9ed77bf0f02a2299;[];gw ga percaya sih gosipnya
970;66;11-50;32338206.0;text;;[];False;False;9ed77bf0f02a2299;[];gw kangen temen temen SMA
971;66;11-50;32338210.0;text;;['😏'];False;False;9ed77bf0f02a2299;[];gw berantem sama si anu
972;66;1-10;32338242.0;text;;[];True;False;924de7dbda46ee44;[];READY?
973;66;51-100;32338242.0;text;;[];False;False;924de7dbda46ee44;[];LU HARUS COBA KEDAI KOPI BARU DI JALAN BELAKANG KAMPUS, ENAK BANGET
974;66;11-50;32338249.0;text;;[];True;False;9ed77bf0f02a2299;[];kos lu dimana sih tepatnya?
975;66;51-100;32338256.0;text;;[];False;False;924de7dbda46ee44;[];HARI INI GW ADA RAPAT ORGANISASI SAMPE SORE JADI GA BISA IKUT NONGKRONG
976;66;0;32338258.0;audio;;[];False;False;9a02903d6d2150f3;[];[Voice Note]
977;66;11-50;32338260.0;text;;[];False;False;9ed77bf0f02a2299;[];diem diem ternyata jadian
978;66;11-50;32338264.0;text;;[];False;False;924de7dbda46ee44;[];JANGAN BILANG SIAPA SIAPA YA
979;66;11-50;32338282.0;text;;[];True;False;9ed77bf0f02a2299;[];jadwal sidang kapan bro?
980;66;11-50;32338290.0;text;;[];False;False;924de7dbda46ee44;[];GW BERANTEM SAMA SI ANU
981;66;1-10;32338299.0;text;;[];False;False;924de7dbda46ee44;[];DONG
982;66;0;32338304.0;image/jpeg;;[];False;False;9ed77bf0f02a2299;[];[Foto]
983;66;11-50;32338308.0;text;;[];False;False;924de7dbda46ee44;[];JANGAN BILANG SIAPA SIAPA YA
984;66;11-50;32338313.0;text;;[];False;False;924de7dbda46ee44;[];TEMEN GW SAKIT MASUK RS
985;66;11-50;32338339.0;text;;[];False;False;9ed77bf0f02a2299;[];si itu udah putus katanya
986;66;11-50;32338340.0;text;;[];False;False;924de7dbda46ee44;[];REUNI KAPAN YA KITA
987;66;11-50;32338343.0;text;;[];False;True;924de7dbda46ee44;[];GW KAGET PAS DENGER ITU!
988;66;11-50;32338351.0;text;;[];False;False;924de7dbda46ee44;[];TEMENIN GW DONG BESOK
989;66;11-50;32338355.0;text;;[];False;False;9ed77bf0f02a2299;[];reuni kapan ya kita
990;66;1-10;32338356.0;text;;[];False;False;9ed77bf0f02a2299;[];amin
991;66;1-10;32338365.0;text;;[];False;False;924de7dbda46ee44;[];SETUJU
992;66;51-100;32338374.0;text;;[];False;False;924de7dbda46ee44;[];WIFI KOSAN GW LEMOT BANGET JADI GW KE PERPUS AJA BUAT NGERJAIN TUGAS
993;66;11-50;32338381.0;text;;[];False;False;924de7dbda46ee44;[];TEMENIN GW DONG BESOK
994;66;11-50;32338411.0;text;;[];False;False;924de7dbda46ee44;[];TEMENIN GW DONG BESOK
995;66;1-10;32338418.0;text;;['😂'];False;False;924de7dbda46ee44;[];WKWKW
996;66;1-10;32338449.0;text;;[];False;False;9ed77bf0f02a2299;[];ywd
997;66;1-10;32338451.0;text;;[];False;False;9ed77bf0f02a2299;[];udah
998;66;11-50;32338464.0;text;;[];False;False;9ed77bf0f02a2299;[];gw ga percaya sih gosipnya
999;66;11-50;32338480.0;text;;[];False;False;9ed77bf0f02a2299;[];eh denger gosip belum
1000;66;1-10;32338484.0;text;;[];False;False;9ed77bf0f02a2299;[];ywd
1001;66;1-10;32338485.0;text;;[];False;False;9ed77bf0f02a2299;[];ywd
1002;66;11-50;32338494.0;text;;['🙄'];False;False;9ed77bf0f02a2299;[];reuni kapan ya kita
1003;66;11-50;32338610.0;text;;[];True;False;9ed77bf0f02a2299;[];kapan terakhir kali ketemu?
1004;66;11-50;32338631.0;text;;[];False;False;9ed77bf0f02a2299;[];temen gw sakit masuk RS
1005;66;11-50;32338633.0;text;;[];False;False;9ed77bf0f02a2299;[];pacarnya baru siapa sih
1006;66;11-50;32338729.0;text;;[];False;False;9ed77bf0f02a2299;[];reuni kapan ya kita
1007;66;1-10;32338731.0;text;;['💕'];False;False;9ed77bf0f02a2299;[];hihi
1008;67;0;32407822.0;image/jpeg;;[];False;False;9ed77bf0f02a2299;[];[Foto]
1009;67;1-10;32407832.0;text;;['🙃'];False;False;9ed77bf0f02a2299;[];bener
1010;67;11-50;32408271.0;text;;[];False;False;8711fe66a310cd0a;[];porsi makan gw nambah terus
1011;67;0;32408274.0;sticker/webp;;[];False;False;8711fe66a310cd0a;[];[Stiker]
1012;67;1-10;32408309.0;text;;['😏'];False;False;9ed77bf0f02a2299;[];bener
1013;68;0;32435860.0;image/jpeg;;[];False;False;9ed77bf0f02a2299;[];[Foto]
1014;68;51-100;32435866.0;text;;[];False;False;9ed77bf0f02a2299;[];motor gw mogok di tengah jalan tadi pagi jadi gw telat masuk kelas
1015;68;1-10;32436259.0;text;;[];False;False;9a02903d6d2150f3;[];ahh
1016;69;11-50;33253033.0;text;;[];False;False;9ed77bf0f02a2299;[];dosen pembimbing susah ditemui
1017;69;1-10;33253039.0;text;;[];False;False;9ed77bf0f02a2299;[];bet
1018;69;1-10;33253040.0;text;;[];True;False;9ed77bf0f02a2299;[];dimana?
1019;69;1-10;33253109.0;text;;['❤'];False;False;9ed77bf0f02a2299;[];tuh
1020;69;11-50;33253109.0;text;;[];False;False;9ed77bf0f02a2299;[];gw baru aja dari kampus
1021;69;0;33335798.0;unknown;;[];False;False;b9a265b4ea626510;[];[Media tidak dikenal]
1022;70;1-10;37266280.0;text;;[];False;False;9ed77bf0f02a2299;[];kok
1023;70;11-50;37266285.0;text;;[];True;False;9ed77bf0f02a2299;[];nilai keluar kapan ya?
1024;70;11-50;37266295.0;text;;[];True;False;9ed77bf0f02a2299;[];makan apa ntar siang?
1025;70;51-100;37266720.0;text;;[];False;False;b9a265b4ea626510;[];gw lg nyoba masak rendang resep nyokap tp kayaknya gagal total deh
1026;70;51-100;37266732.0;text;;['😂'];False;False;b9a265b4ea626510;[];temen sekamar gw pindah kosan jadi skrg gw sendirian di kamar
1027;70;11-50;37266738.0;text;;[];False;False;924de7dbda46ee44;[];KETEMUAN DI MALL JAM 3 YA
1028;70;1-10;37266770.0;text;;['😂'];False;False;b9a265b4ea626510;[];oii
1029;70;11-50;37266782.0;text;;[];True;False;b9a265b4ea626510;[];ad yg mau bareng?
1030;70;11-50;37266876.0;text;;[];False;True;9ed77bf0f02a2299;[];gw seneng banget dapet A!
1031;70;11-50;37266888.0;text;;[];False;False;9ed77bf0f02a2299;[];rame banget disini cuy
1032;70;11-50;37266892.0;text;;[];False;False;9ed77bf0f02a2299;[];bsk sore ada waktu ga
1033;70;51-100;37266906.0;text;;[];False;False;9ed77bf0f02a2299;[];gw lagi nyoba masak rendang resep nyokap tapi kayaknya gagal total deh
1034;70;11-50;37266915.0;text;;['😂'];False;False;b9a265b4ea626510;[];kita ketemuan dmn aja deh
1035;70;11-50;37266920.0;text;;[];False;False;9ed77bf0f02a2299;[];lu dimana sih lama banget
1036;70;1-10;37266925.0;text;;[];False;False;9ed77bf0f02a2299;[];woi
1037;70;11-50;37266937.0;text;;[];False;False;9ed77bf0f02a2299;[];bsk sore ada waktu ga
1038;70;51-100;37267039.0;text;;[];False;False;b9a265b4ea626510;[];temen sekamar gw pindah kosan jadi skrg gw sendirian di kamar
1039;70;11-50;37267041.0;text;1035.0;[];False;False;b9a265b4ea626510;[];gw nyari parkir dulu bentar
1040;70;51-100;37267041.0;text;;[];False;False;b9a265b4ea626510;[];temen sekamar gw pindah kosan jadi skrg gw sendirian di kamar
1041;70;101-500;37267111.0;text;;[];False;False;b9a265b4ea626510;[];gw baru aja beres beresin kosan dan nemu barang barang lama dr jaman sma. ad foto kelas, surat dr mantan, sm buku diary yg isinya cringe bgt kalo dibaca skrg. jadi nostalgia sendiri inget masa masa dulu yg lebih sederhana. kadang kangen jg sih jadi anak sma lg tanpa mikirin skripsi
1042;70;11-50;37267122.0;text;;[];False;False;b9a265b4ea626510;[];rame bgt disini cuy
1043;70;11-50;37267137.0;text;;[];False;False;9a02903d6d2150f3;[];jangan lupa bawa... duit... cash
1044;70;51-100;37267151.0;text;;[];False;False;9a02903d6d2150f3;[];temen sekamar gw... pindah kosan... jadi sekarang gw sendirian di kamar
1045;70;11-50;37267159.0;text;;[];False;False;9a02903d6d2150f3;[];jangan lupa bawa duit cash
1046;71;11-50;37269883.0;text;;[];True;False;9ed77bf0f02a2299;[];mau nitip apa ga?
1047;71;11-50;37269892.0;text;;[];True;False;9ed77bf0f02a2299;[];gw harus bawa apa aja?
1048;71;1-10;37269908.0;text;;[];False;False;9ed77bf0f02a2299;[];oh
1049;71;51-100;37269940.0;text;;[];False;False;9ed77bf0f02a2299;[];tadi gw antri di administrasi kampus 2 jam cuma buat ngurus surat
1050;71;11-50;37269952.0;text;;[];False;False;9ed77bf0f02a2299;[];gw lg sibuk bgt minggu ini
1051;71;11-50;37269962.0;text;;[];False;False;9ed77bf0f02a2299;[];hp gw lowbat nih
1052;71;1-10;37269968.0;text;;[];False;False;9ed77bf0f02a2299;[];ah
1053;71;11-50;37269968.0;text;;[];False;False;9ed77bf0f02a2299;[];hp gw lowbat nih
1054;71;1-10;37269972.0;text;;[];False;False;9ed77bf0f02a2299;[];yoii
1055;71;1-10;37269978.0;text;;[];False;False;9ed77bf0f02a2299;[];gassss
1056;71;1-10;37270022.0;text;;[];False;False;9a02903d6d2150f3;[];yess
1057;71;11-50;37270232.0;text;;['😂', '🦦'];False;False;8711fe66a310cd0a;[];dompet gw ketinggalan di rumah
1058;71;11-50;37270258.0;text;;[];False;False;8711fe66a310cd0a;[];wifi kampus lemot parah
1059;71;11-50;37270390.0;text;;[];False;False;9ed77bf0f02a2299;[];gw lg sibuk bgt minggu ini
1060;71;11-50;37270391.0;text;;[];False;False;9ed77bf0f02a2299;[];capek banget hari ini asli
1061;71;11-50;37270396.0;text;;[];False;False;9ed77bf0f02a2299;[];lu tim mana dukungnya
1062;71;11-50;37270407.0;text;;[];True;False;9ed77bf0f02a2299;[];masih buka ga warungnya?
1063;71;1-10;37270413.0;text;;[];False;False;8711fe66a310cd0a;[];okey
1064;71;51-100;37270434.0;text;;[];False;False;8711fe66a310cd0a;[];gw lagi dengerin podcast tentang psikologi, lumayan buat nambah wawasan
1065;71;51-100;37270457.0;text;;[];False;False;8711fe66a310cd0a;[];laptop gw mulai lemot nih kayaknya harus install ulang atau ganti ram
1066;71;11-50;37270470.0;text;;[];False;False;8711fe66a310cd0a;[];cuaca hari ini panas banget
1067;71;1-10;37270474.0;text;;[];False;False;8711fe66a310cd0a;[];yess
1068;71;0;37270487.0;sticker/webp;;[];False;False;8711fe66a310cd0a;[];[Stiker]
1069;71;1-10;37270491.0;text;;[];False;False;9ed77bf0f02a2299;[];ah
1070;71;11-50;37270496.0;text;;[];False;False;9ed77bf0f02a2299;[];wifi kampus lemot parah
1071;71;11-50;37270504.0;text;;[];False;False;9ed77bf0f02a2299;[];capek banget hari ini asli
1072;71;1-10;37270510.0;text;;[];False;False;8711fe66a310cd0a;[];oh
1073;71;1-10;37270512.0;text;;[];False;False;8711fe66a310cd0a;[];yoii
1074;71;11-50;37270520.0;text;;[];False;False;9ed77bf0f02a2299;[];gw baru ganti nomor btw
1075;71;11-50;37270533.0;text;;[];False;False;8711fe66a310cd0a;[];lu tim mana dukungnya
1076;71;11-50;37270547.0;text;;[];False;False;8711fe66a310cd0a;[];baru bangun nih masih ngantuk
1077;71;0;37270548.0;sticker/webp;;[];False;False;8711fe66a310cd0a;[];[Stiker]
1078;71;11-50;37270557.0;text;;[];False;False;9ed77bf0f02a2299;[];dompet gw ketinggalan di rumah
1079;71;11-50;37270580.0;text;1077.0;[];False;False;9ed77bf0f02a2299;[];capek banget hari ini asli
1080;71;11-50;37270585.0;text;;[];False;False;9a02903d6d2150f3;[];internet mati lagi di kosan
1081;71;1-10;37270602.0;text;;[];False;False;9a02903d6d2150f3;[];yess
1082;71;1-10;37270636.0;text;;[];False;True;9ed77bf0f02a2299;[];bangke!
1083;71;11-50;37270640.0;text;;[];False;False;9ed77bf0f02a2299;[];dompet gw ketinggalan di rumah
1084;71;0;37271044.0;sticker/webp;;[];False;False;8711fe66a310cd0a;[];[Stiker]
1085;71;0;37271044.0;sticker/webp;;[];False;False;8711fe66a310cd0a;[];[Stiker]
1086;71;11-50;37271056.0;text;;[];False;False;8711fe66a310cd0a;[];cuaca hari ini panas banget
1087;71;0;37271067.0;sticker/webp;;[];False;False;8711fe66a310cd0a;[];[Stiker]
1088;71;0;37271071.0;sticker/webp;;[];False;False;8711fe66a310cd0a;[];[Stiker]
1089;71;1-10;37271100.0;text;;[];False;False;9ed77bf0f02a2299;[];iyaa
1090;71;1-10;37271104.0;text;;[];False;False;9ed77bf0f02a2299;[];ah
1091;71;11-50;37271107.0;text;;[];False;False;9ed77bf0f02a2299;[];gw baru ganti nomor btw
1092;71;11-50;37271109.0;text;;[];False;False;9ed77bf0f02a2299;[];baru bangun nih masih ngantuk
1093;71;11-50;37271137.0;text;1083.0;['😂'];False;False;9a02903d6d2150f3;[];lu tim mana dukungnya
1094;71;11-50;37271148.0;text;;[];False;False;9a02903d6d2150f3;[];gw lg sibuk bgt minggu ini
1095;71;11-50;37271211.0;text;;[];False;False;9ed77bf0f02a2299;[];baru bangun nih masih ngantuk
1096;71;1-10;37271217.0;text;;['🙄', '😂'];False;False;9ed77bf0f02a2299;[];okk
1097;71;0;37271558.0;sticker/webp;;[];False;False;9a02903d6d2150f3;[];[Stiker]
1098;71;0;37271586.0;sticker/webp;;[];False;False;8711fe66a310cd0a;[];[Stiker]
1099;71;0;37271593.0;sticker/webp;;[];False;False;8711fe66a310cd0a;[];[Stiker]
1100;71;1-10;37271624.0;text;;['😂'];False;False;9ed77bf0f02a2299;[];eh
1101;71;11-50;37271625.0;text;;[];False;False;9ed77bf0f02a2299;[];bentar ya gw lg di jalan
1102;71;0;37271634.0;sticker/webp;;[];False;False;9ed77bf0f02a2299;[];[Stiker]
1103;71;0;37271662.0;sticker/webp;;[];False;False;8711fe66a310cd0a;[];[Stiker]
1104;71;0;37271674.0;sticker/webp;;[];False;False;8711fe66a310cd0a;[];[Stiker]
1105;72;500+;37325667.0;text;;[];True;True;9ed77bf0f02a2299;[];pinjam catetan boleh ga?
1106;72;1-10;37326531.0;text;;['🧐'];False;False;8711fe66a310cd0a;[];sama
1107;72;11-50;37326534.0;text;;[];True;False;8711fe66a310cd0a;[];kapan terakhir kali ketemu?
1108;72;11-50;37326541.0;text;;[];False;False;8711fe66a310cd0a;[];eh denger gosip belum
1109;72;1-10;37326606.0;text;;[];False;False;9ed77bf0f02a2299;[];udah
1110;72;11-50;37326611.0;text;;[];False;False;9ed77bf0f02a2299;[];temenin gw dong besok
1111;72;51-100;37326662.0;text;;[];False;False;9a02903d6d2150f3;[];gw pengen banget liburan... ke pantai tapi duit lagi tipis... banget sekarang...
1112;72;11-50;37326667.0;text;;['💖'];False;False;9a02903d6d2150f3;[];temenin gw dong... besok...
1113;72;1-10;37326723.0;text;;['🧐'];False;False;8711fe66a310cd0a;[];males
1114;73;51-100;37508501.0;text;;[];True;False;b9a265b4ea626510;[];lu prnh coba belajar bareng di perpus kota ga, enak ga disana?
1115;73;11-50;37508507.0;text;;[];False;False;b9a265b4ea626510;[];pacarnya baru siapa sih
1116;73;11-50;37508690.0;text;;[];False;False;9ed77bf0f02a2299;[];temen gw sakit masuk RS
1117;74;101-500;37513415.0;text;;[];False;False;9a02903d6d2150f3;[];gw baru aja beres... beresin kosan... dan nemu barang barang lama dari... jaman SMA. ada foto kelas, surat dari mantan, sama buku diary yang isinya cringe banget... kalo... dibaca sekarang. jadi nostalgia sendiri inget masa... masa dulu yang lebih sederhana. kadang kangen juga sih jadi... anak SMA lagi... tanpa mikirin skripsi
1118;74;101-500;37513448.0;text;;[];False;False;9a02903d6d2150f3;[];gw baru aja... beres beresin kosan dan nemu barang barang lama dari... jaman SMA. ada... foto kelas, surat dari mantan,... sama buku diary yang isinya... cringe banget kalo dibaca sekarang.... jadi nostalgia sendiri inget masa masa dulu yang lebih... sederhana. kadang kangen juga sih jadi... anak SMA lagi tanpa mikirin skripsi...
1119;74;11-50;37513456.0;text;;[];False;False;8711fe66a310cd0a;[];bsk sore ada waktu ga
1120;74;11-50;37513462.0;text;;['😂'];False;False;8711fe66a310cd0a;[];rame banget disini cuy
1121;74;11-50;37513497.0;text;;[];False;False;9a02903d6d2150f3;[];jangan lupa bawa duit cash...
1122;74;51-100;37513527.0;text;;['😂'];False;False;8711fe66a310cd0a;[];gw lagi nyoba masak rendang resep nyokap tapi kayaknya gagal total deh
1123;74;51-100;37513551.0;text;;[];False;False;8711fe66a310cd0a;[];gw lagi nyoba masak rendang resep nyokap tapi kayaknya gagal total deh
1124;74;101-500;37513638.0;text;;[];False;False;b9a265b4ea626510;[];gw baru aja beres beresin kosan dan nemu barang barang lama dr jaman sma. ad foto kelas, surat dr mantan, sm buku diary yg isinya cringe bgt kalo dibaca skrg. jadi nostalgia sendiri inget masa masa dulu yg lebih sederhana. kadang kangen jg sih jadi anak sma lg tanpa mikirin skripsi
1125;74;51-100;37513681.0;text;;[];False;False;9a02903d6d2150f3;[];kemarin malem gw begadang nonton bola sampe subuh terus ketiduran...
1126;74;11-50;37513691.0;text;;[];False;False;9a02903d6d2150f3;[];gw udah di parkiran nih
1127;74;51-100;37513705.0;text;;[];False;False;9a02903d6d2150f3;[];kemarin malem gw begadang nonton bola sampe subuh terus ketiduran
1128;74;101-500;37513721.0;text;;[];False;False;9a02903d6d2150f3;[];gw baru aja beres... beresin kosan dan nemu barang... barang lama dari... jaman SMA. ada... foto kelas, surat dari mantan, sama buku diary yang isinya cringe banget kalo dibaca sekarang.... jadi nostalgia sendiri... inget masa masa dulu yang lebih sederhana.... kadang kangen... juga sih jadi anak SMA lagi tanpa mikirin skripsi
1129;74;101-500;37513751.0;text;;[];False;False;9a02903d6d2150f3;[];gw baru aja beres... beresin kosan dan nemu barang barang... lama dari jaman SMA. ada... foto kelas, surat dari mantan,... sama... buku diary yang... isinya cringe banget... kalo dibaca sekarang.... jadi nostalgia sendiri inget masa masa... dulu yang lebih sederhana.... kadang kangen... juga sih jadi... anak SMA lagi... tanpa mikirin skripsi
1130;74;101-500;37513751.0;text;;[];False;False;b9a265b4ea626510;[];gw baru aja beres beresin kosan dan nemu barang barang lama dr jaman sma. ad foto kelas, surat dr mantan, sm buku diary yg isinya cringe bgt kalo dibaca skrg. jadi nostalgia sendiri inget masa masa dulu yg lebih sederhana. kadang kangen jg sih jadi anak sma lg tanpa mikirin skripsi
1131;74;11-50;37513767.0;text;;[];False;False;b9a265b4ea626510;[];macet parah di jalan tol
1132;74;11-50;37513773.0;text;;[];False;False;b9a265b4ea626510;[];gw udah di parkiran nih
1133;74;1-10;37513781.0;text;;[];False;False;b9a265b4ea626510;[];woi
1134;74;101-500;37513863.0;text;;[];False;False;9a02903d6d2150f3;[];gw baru aja beres... beresin kosan dan nemu... barang barang lama dari jaman SMA. ada foto kelas, surat dari mantan, sama buku diary yang isinya cringe banget kalo dibaca sekarang. jadi nostalgia sendiri inget masa masa... dulu yang lebih sederhana. kadang kangen juga sih jadi anak SMA lagi tanpa mikirin skripsi
1135;74;11-50;37513877.0;text;;[];False;False;9a02903d6d2150f3;[];macet parah di... jalan... tol
1136;74;11-50;37513882.0;text;;[];False;False;9a02903d6d2150f3;[];kita ketemuan dimana aja... deh
1137;74;11-50;37513894.0;text;;[];False;False;9a02903d6d2150f3;[];macet parah di jalan tol
1138;74;101-500;37514163.0;text;;[];False;False;8711fe66a310cd0a;[];gw baru aja beres beresin kosan dan nemu barang barang lama dari jaman sma. ada foto kelas, surat dari mantan, sama buku diary yang isinya cringe banget kalo dibaca sekarang. jadi nostalgia sendiri inget masa masa dulu yang lebih sederhana. kadang kangen juga sih jadi anak sma lagi tanpa mikirin skripsi
1139;74;51-100;37514257.0;text;1135.0;[];False;False;8711fe66a310cd0a;[];kemarin malem gw begadang nonton bola sampe subuh terus ketiduran
1140;74;51-100;37514275.0;text;;[];False;False;8711fe66a310cd0a;[];kemarin malem gw begadang nonton bola sampe subuh terus ketiduran
1141;74;11-50;37514278.0;text;;[];False;False;b9a265b4ea626510;[];kita ketemuan dmn aja deh
1142;74;11-50;37514289.0;text;;[];False;False;b9a265b4ea626510;[];gw udah di parkiran nih
1143;74;11-50;37514296.0;text;;[];False;False;b9a265b4ea626510;[];jangan lupa bawa duit cash
1144;74;11-50;37514358.0;text;;[];False;False;9a02903d6d2150f3;[];gw nyari parkir dulu bentar
1145;74;11-50;37514363.0;text;;[];False;False;9a02903d6d2150f3;[];gw ngga bisa ikut... malem ini
1146;74;51-100;37514387.0;text;;[];False;False;9a02903d6d2150f3;[];gw lagi nyoba masak... rendang resep nyokap tapi kayaknya... gagal... total deh
1147;74;51-100;37514400.0;text;;[];False;False;9a02903d6d2150f3;[];kemarin malem gw begadang nonton bola sampe subuh... terus ketiduran
1148;74;51-100;37514404.0;text;;[];False;False;8711fe66a310cd0a;[];kemarin malem gw begadang nonton bola sampe subuh terus ketiduran
1149;74;101-500;37514446.0;text;;[];False;False;9a02903d6d2150f3;[];gw baru aja beres beresin... kosan dan nemu barang... barang lama dari... jaman SMA. ada... foto kelas, surat dari mantan, sama buku diary yang isinya cringe banget... kalo... dibaca sekarang. jadi nostalgia sendiri inget masa masa dulu yang lebih... sederhana. kadang kangen juga sih jadi... anak SMA lagi tanpa mikirin skripsi
1150;74;11-50;37514452.0;text;;[];False;False;9a02903d6d2150f3;[];gw udah di parkiran nih
1151;74;51-100;37514464.0;text;;[];False;False;9a02903d6d2150f3;[];gw harus nabung lebih banyak... sih buat bayar uang semester... yang naik...
1152;75;0;37524194.0;image/jpeg;;[];False;False;b9a265b4ea626510;[];[Foto]
1153;75;11-50;37524203.0;text;;[];False;False;b9a265b4ea626510;[];gw naik ojol aja deh
1154;75;11-50;37524221.0;text;;[];False;False;b9a265b4ea626510;[];kita ketemuan dmn aja deh
1155;75;11-50;37524289.0;text;;[];False;False;9a02903d6d2150f3;[];bsk sore ada... waktu ga
1156;75;51-100;37524307.0;text;;[];True;False;9a02903d6d2150f3;[];gimana caranya biar... bisa fokus belajar tanpa main hp terus ya?
1157;75;11-50;37524314.0;text;;[];False;False;b9a265b4ea626510;[];gw udah di parkiran nih
1158;75;1-10;37524330.0;text;;[];False;False;b9a265b4ea626510;[];yaa
1159;75;0;37524347.0;image/jpeg;;[];False;False;b9a265b4ea626510;[];[Foto]
1160;75;0;37524351.0;image/jpeg;;[];False;False;b9a265b4ea626510;[];[Foto]
1161;76;11-50;37525270.0;text;;[];False;False;9a02903d6d2150f3;[];matkul ini susah banget
1162;76;11-50;37525281.0;text;;[];False;False;9a02903d6d2150f3;[];gw lg ngerjain... tugas... nih
1163;76;101-500;37578536.0;text;;[];False;False;b9a265b4ea626510;[];jadi ceritanya kemarin gw ke perpustakaan pusat buat nyari bahan referensi skripsi, ternyata bukunya udah dipinjem smua sm anak angkatan sebelah. akhirnya gw cuma bs fotokopi dr temen yg kebetulan pny. lumayan lah daripada ga dapet sm sekali, tinggal di rangkum aja sisanya
1164;77;101-500;37661510.0;application/pdf;;[];False;False;b9a265b4ea626510;[];[Dokumen PDF]
1165;77;51-100;37661521.0;text;;[];False;False;b9a265b4ea626510;[];gw baru dapet info beasiswa buat semester depan mau coba daftar deh
1166;77;11-50;37661603.0;text;;[];True;False;9ed77bf0f02a2299;[];tadi ngomong apa sih dosennya?
1167;77;1-10;37661618.0;text;;[];False;False;b9a265b4ea626510;[];ih
1168;77;101-500;37661654.0;text;;[];False;False;9a02903d6d2150f3;[];tadi siang gw makan di warung makan baru deket gerbang belakang kampus. nasi gorengnya lumayan enak dan harganya murah banget cuma 12 ribu udah sama es teh.... kayaknya bakal jadi... langganan baru deh soalnya warteg biasa gw udah mulai... naik harga dan porsinya makin dikit... aja
1169;77;51-100;37661663.0;text;;[];False;False;9a02903d6d2150f3;[];gw gagal diet lagi soalnya tadi sore diajak makan bakso sama temen...
1170;77;11-50;37661680.0;text;;[];False;False;b9a265b4ea626510;[];game baru udah download blm
1171;77;51-100;37661689.0;text;;[];False;False;b9a265b4ea626510;[];gw gagal diet lg soalnya tadi sore diajak makan bakso sm temen
1172;77;101-500;37661729.0;text;;[];True;False;9a02903d6d2150f3;[];eh ada yang punya rekomendasi... laptop budget 5 jutaan yang bagus buat... kuliah dan ngoding ga? laptop gw yang sekarang udah mulai lemot dan... sering ngehang kalo buka banyak tab. pengennya sih yang ringan buat dibawa ke kampus tapi... tetep kenceng performanya, ada saran?
1173;77;101-500;37662168.0;text;;[];False;False;8711fe66a310cd0a;[];tadi siang gw makan di warung makan baru deket gerbang belakang kampus. nasi gorengnya lumayan enak dan harganya murah banget cuma 12 ribu udah sama es teh. kayaknya bakal jadi langganan baru deh soalnya warteg biasa gw udah mulai naik harga dan porsinya makin dikit aja
1174;78;11-50;37665223.0;text;;[];False;False;9a02903d6d2150f3;[];matkul ini susah banget
1175;78;11-50;37665229.0;text;;[];False;False;9a02903d6d2150f3;[];perpus tutup jam... berapa ya
1176;79;101-500;37666201.0;text;;['⭐', '🐙', '📖', '✝', '🏞', '🕌', '🐱', '⬅', '🍻', '🍵', '🤝🏻', '🚦', '👑', '😇', '👨🏻', '🥇', '🆗', '🇨🇷', '👩🏻', '👎🏽', '💡', '👋', '🔙', '🍐'];True;False;9ed77bf0f02a2299;[];eh ada yang punya rekomendasi laptop budget 5 jutaan yang bagus buat kuliah dan ngoding ga? laptop gw yang sekarang udah mulai lemot dan sering ngehang kalo buka banyak tab. pengennya sih yang ringan buat dibawa ke kampus tapi tetep kenceng performanya, ada saran?
1177;79;11-50;37666220.0;text;;[];False;False;9ed77bf0f02a2299;[];gw skip kelas hari ini
1178;79;51-100;37666222.0;text;;[];False;False;9ed77bf0f02a2299;[];tadi gw ketemu dosen pembimbing dan dia minta revisi lagi untuk bab 3
1179;79;1-10;37666252.0;text;;[];False;False;9ed77bf0f02a2299;[];siap
1180;79;1-10;37666259.0;text;;['😂'];False;False;9ed77bf0f02a2299;[];yuk
1181;79;11-50;37666262.0;text;;[];False;True;9ed77bf0f02a2299;[];gila sih lu bisa gitu!
1182;79;11-50;37666483.0;text;;[];False;False;9a02903d6d2150f3;[];gw lg ngerjain... tugas nih...
1183;79;11-50;37666934.0;text;;[];False;False;8711fe66a310cd0a;[];perpus tutup jam berapa ya
1184;79;1-10;37666983.0;text;;[];False;False;9ed77bf0f02a2299;[];ok
1185;79;11-50;37667009.0;text;;[];False;False;9ed77bf0f02a2299;[];presentasi gw amburadul
1186;79;11-50;37667117.0;text;;[];False;False;8711fe66a310cd0a;[];dosen gw galak banget sih
1187;79;11-50;37667129.0;text;;[];False;False;8711fe66a310cd0a;[];lab komputer penuh terus
1188;79;1-10;37667144.0;text;;[];False;False;8711fe66a310cd0a;[];haha
1189;79;11-50;37667157.0;text;;[];False;False;8711fe66a310cd0a;[];gw skip kelas hari ini
1190;79;11-50;37667193.0;text;1186.0;[];False;False;8711fe66a310cd0a;[];gw belom mulai tugas
1191;79;51-100;37667220.0;text;;['🤷🏻\u200d♂'];False;False;8711fe66a310cd0a;[];tadi gw ketemu dosen pembimbing dan dia minta revisi lagi untuk bab 3
1192;79;11-50;37667286.0;text;;[];False;False;8711fe66a310cd0a;[];dosen gw galak banget sih
1193;79;11-50;37667302.0;text;;[];True;True;8711fe66a310cd0a;[];siapa yang mau ikut?
1194;79;1-10;37667314.0;text;;[];False;False;9ed77bf0f02a2299;[];otw
1195;79;11-50;37667316.0;text;;[];False;False;9ed77bf0f02a2299;[];deadline besok pagi bro
1196;79;1-10;37667316.0;text;;['😏'];False;False;9ed77bf0f02a2299;[];wkwk
1197;79;11-50;37667327.0;text;;[];False;False;9ed77bf0f02a2299;[];eh tadi kelas seru banget
1198;79;11-50;37667373.0;image/jpeg;;[];False;False;8711fe66a310cd0a;[];[Foto]
1199;79;1-10;37667378.0;text;;[];False;False;8711fe66a310cd0a;[];haha
1200;79;11-50;37667380.0;text;;[];False;False;8711fe66a310cd0a;[];eh tadi kelas seru banget
1201;79;11-50;37667382.0;text;;[];False;False;8711fe66a310cd0a;[];ipk gw turun semester ini
1202;79;11-50;37667383.0;text;;[];False;False;8711fe66a310cd0a;[];ipk gw turun semester ini
1203;79;11-50;37667388.0;text;;[];False;False;8711fe66a310cd0a;[];perpus tutup jam berapa ya
1204;79;1-10;37667389.0;text;;[];False;False;9ed77bf0f02a2299;[];yuk
1205;79;1-10;37667391.0;text;;[];False;False;9ed77bf0f02a2299;[];otw
1206;79;0;37667397.0;sticker/webp;;[];False;False;8711fe66a310cd0a;[];[Stiker]
1207;79;11-50;37668162.0;application/pdf;;[];False;False;9a02903d6d2150f3;[];[Dokumen PDF]
1208;79;11-50;37668169.0;text;;[];False;False;9a02903d6d2150f3;[];gw belom mulai tugas
1209;79;101-500;37668219.0;text;;[];False;False;9a02903d6d2150f3;[];jadi ceritanya kemarin gw ke... perpustakaan... pusat buat nyari... bahan... referensi skripsi, ternyata bukunya udah dipinjem semua sama anak angkatan sebelah. akhirnya gw cuma bisa... fotokopi dari temen yang kebetulan punya. lumayan lah daripada ga dapet sama sekali, tinggal di... rangkum aja sisanya
1210;79;11-50;37668225.0;text;;[];False;False;9a02903d6d2150f3;[];perpus tutup jam berapa ya
1211;79;0;37756882.0;image/jpeg;;[];False;False;b9a265b4ea626510;[];[Foto]
1212;80;1-10;37874442.0;text;;[];False;False;9ed77bf0f02a2299;[];ih
1213;80;11-50;37874450.0;text;;[];False;False;9ed77bf0f02a2299;[];gw abis lari pagi tadi
1214;80;11-50;37874455.0;text;;[];False;False;9ed77bf0f02a2299;[];konser itu mahal banget tiketnya
1215;80;1-10;37874459.0;text;;[];True;False;9ed77bf0f02a2299;[];gitu?
1216;80;1-10;37874462.0;text;;['😂'];False;False;9ed77bf0f02a2299;[];hoki
1217;80;11-50;37874622.0;text;;[];False;False;9ed77bf0f02a2299;[];pertandingan bola tadi malam gila
1218;81;1-10;40105894.0;text;;[];False;False;9ed77bf0f02a2299;[];hoki
1219;81;11-50;40105896.0;text;;[];True;False;9ed77bf0f02a2299;[];booking duluan apa langsung aja?
1220;81;11-50;40106164.0;text;;[];False;False;8711fe66a310cd0a;[];podcast yg lu rekomen mana
1221;81;11-50;40106203.0;text;;['🤣'];False;False;d6baf183e5907852;[];gym hari ini skip deh
1222;81;0;40106260.0;sticker/webp;;[];False;False;8711fe66a310cd0a;[];[Stiker]
1223;81;1-10;40106333.0;text;;[];False;False;9a02903d6d2150f3;[];dih
1224;81;51-100;40106358.0;text;;[];False;False;9a02903d6d2150f3;[];gw baru dapet info... beasiswa buat semester depan mau coba... daftar deh...
1225;81;101-500;40106382.0;text;;[];False;False;9ed77bf0f02a2299;[];tadi siang gw makan di warung makan baru deket gerbang belakang kampus. nasi gorengnya lumayan enak dan harganya murah banget cuma 12 ribu udah sama es teh. kayaknya bakal jadi langganan baru deh soalnya warteg biasa gw udah mulai naik harga dan porsinya makin dikit aja
1226;81;51-100;40106514.0;text;;[];False;False;d6baf183e5907852;[];dosen killer itu ternyata baik banget orangnya kalo,,, diajak ngobrol santai
1227;81;11-50;40106562.0;text;;['😭'];False;False;9ed77bf0f02a2299;[];game baru udah download belum
1228;81;11-50;40106581.0;text;;[];False;False;8711fe66a310cd0a;[];konser itu mahal banget tiketnya
1229;81;51-100;40106648.0;text;;[];False;False;8711fe66a310cd0a;[];gw harus ganti strategi belajar sih soalnya nilai uts kemarin jelek bgt
1230;81;11-50;40106715.0;text;;[];True;False;9ed77bf0f02a2299;[];masih bangun ga lu jam segini?
1231;81;1-10;40106788.0;text;;[];False;False;8711fe66a310cd0a;[];bete
1232;81;1-10;40106808.0;text;;[];False;False;9ed77bf0f02a2299;[];dih
1233;81;1-10;40106820.0;text;;[];False;False;9ed77bf0f02a2299;[];dih
1234;81;51-100;40106823.0;text;;[];False;False;9ed77bf0f02a2299;[];semalam hujan gede banget sampe kosan gw mati lampu semaleman gila
1235;81;11-50;40106824.0;text;;[];False;False;9ed77bf0f02a2299;[];podcast yg lu rekomen mana
1236;81;1-10;40106863.0;text;;[];False;False;8711fe66a310cd0a;[];fyi
1237;81;11-50;40106869.0;text;;[];True;False;8711fe66a310cd0a;[];masih bangun ga lu jam segini?
1238;81;11-50;40106886.0;text;;[];False;False;9ed77bf0f02a2299;[];gw abis lari pagi tadi
1239;81;1-10;40106886.0;text;;['😂'];False;False;9ed77bf0f02a2299;[];sans
1240;81;11-50;40106887.0;text;;[];False;False;b9a265b4ea626510;[];podcast yg lu rekomen mana
1241;81;11-50;40106888.0;text;;[];True;False;b9a265b4ea626510;[];msh bangun ga lu jam segini?
1242;81;1-10;40106894.0;text;;[];False;False;b9a265b4ea626510;[];sans
1243;81;11-50;40106907.0;text;;['😭'];False;False;9ed77bf0f02a2299;[];konser itu mahal banget tiketnya
1244;81;11-50;40106910.0;text;;[];False;False;b9a265b4ea626510;[];pertandingan bola tadi malam gila
1245;81;1-10;40106916.0;text;;['🥺'];False;False;9ed77bf0f02a2299;[];kuy
1246;81;11-50;40106918.0;text;;[];False;False;9ed77bf0f02a2299;[];album baru dia enak banget
1247;81;51-100;40106933.0;text;;[];True;False;9ed77bf0f02a2299;[];kira kira kalo gw apply magang sekarang masih keburu ga ya?
1248;81;1-10;40106945.0;text;;[];False;False;d6baf183e5907852;[];bete
1249;81;11-50;40106955.0;text;;[];False;False;d6baf183e5907852;[];gw abis lari pagi tadi
1250;81;11-50;40106957.0;text;;[];False;False;d6baf183e5907852;[];gym hari ini skip deh
1251;81;11-50;40106979.0;text;;[];False;False;9ed77bf0f02a2299;[];manga terbaru udah keluar loh
1252;81;11-50;40107000.0;text;;[];True;False;9a02903d6d2150f3;[];booking duluan apa langsung aja?
1253;81;11-50;40107009.0;text;;[];False;False;9a02903d6d2150f3;[];pertandingan bola tadi malam gila...
1254;81;11-50;40107041.0;text;;[];False;False;9a02903d6d2150f3;[];gw lagi baca novel baru nih
1255;81;11-50;40107052.0;text;;[];False;False;9a02903d6d2150f3;[];series itu endingnya zonk bgt
1256;81;11-50;40107070.0;text;1229.0;['😂'];False;False;9a02903d6d2150f3;[];gw abis lari pagi tadi...
1257;81;51-100;40107098.0;text;;[];False;False;9a02903d6d2150f3;[];gw harus ganti strategi belajar sih soalnya nilai UTS... kemarin jelek bgt
1258;81;51-100;40107106.0;text;;[];False;False;9a02903d6d2150f3;[];gw baru dapet info beasiswa buat semester depan mau coba daftar deh
1259;81;1-10;40107114.0;text;;[];False;False;9ed77bf0f02a2299;[];zonk
1260;81;11-50;40107127.0;text;;[];False;False;9ed77bf0f02a2299;[];album baru dia enak banget
1261;81;11-50;40107128.0;text;;[];False;False;9ed77bf0f02a2299;[];gw abis lari pagi tadi
1262;81;11-50;40107134.0;text;;[];False;False;9ed77bf0f02a2299;[];album baru dia enak banget
1263;81;0;40107199.0;audio;;[];False;False;b9a265b4ea626510;[];[Voice Note]
1264;81;0;40107235.0;sticker/webp;;[];False;False;8711fe66a310cd0a;[];[Stiker]
1265;81;1-10;40107251.0;text;;[];False;False;9ed77bf0f02a2299;[];kuy
1266;81;1-10;40107255.0;text;;[];False;False;9ed77bf0f02a2299;[];btw
1267;81;0;40107256.0;sticker/webp;;[];False;False;8711fe66a310cd0a;[];[Stiker]
1268;81;11-50;40107264.0;text;;[];False;False;9ed77bf0f02a2299;[];album baru dia enak banget
1269;81;11-50;40107326.0;text;;[];False;False;9a02903d6d2150f3;[];series itu endingnya zonk bgt
1270;81;51-100;40107351.0;text;;[];False;False;9a02903d6d2150f3;[];dosen killer itu ternyata... baik banget orangnya kalo diajak ngobrol santai
1271;81;51-100;40107355.0;text;;[];False;False;9a02903d6d2150f3;[];gw harus ganti strategi belajar sih soalnya nilai... UTS kemarin jelek bgt
1272;81;51-100;40107373.0;text;;[];True;False;9a02903d6d2150f3;[];kira kira kalo gw apply magang sekarang masih keburu ga ya?
1273;81;11-50;40107398.0;text;;[];False;False;9ed77bf0f02a2299;[];game baru udah download belum
1274;81;1-10;40107404.0;text;;[];False;False;9ed77bf0f02a2299;[];hoki
1275;81;11-50;40107404.0;text;;[];False;False;9ed77bf0f02a2299;[];album baru dia enak banget
1276;81;0;40107407.0;audio;;[];False;False;b9a265b4ea626510;[];[Voice Note]
1277;81;1-10;40107411.0;text;;[];False;False;b9a265b4ea626510;[];kuy
1278;81;1-10;40107417.0;text;;[];False;False;b9a265b4ea626510;[];dih
1279;81;11-50;40107431.0;text;;[];True;False;b9a265b4ea626510;[];tadi ngomong apa sih dosennya?
1280;81;11-50;40107434.0;text;;[];False;False;d6baf183e5907852;[];gym hari ini skip deh
1281;81;11-50;40107440.0;text;;[];False;False;d6baf183e5907852;[];gw lagi baca novel baru nih,,,
1282;81;11-50;40107448.0;text;;[];False;False;9a02903d6d2150f3;[];album baru dia enak banget
1283;81;11-50;40107457.0;text;;[];False;False;9ed77bf0f02a2299;[];series itu endingnya zonk bgt
1284;81;11-50;40107458.0;text;;[];False;False;9ed77bf0f02a2299;[];podcast yg lu rekomen mana
1285;81;0;40107502.0;audio;;[];False;False;9ed77bf0f02a2299;[];[Voice Note]
1286;81;0;40107565.0;audio;;[];False;False;9a02903d6d2150f3;[];[Voice Note]
1287;81;0;40107642.0;sticker/webp;;[];False;False;9a02903d6d2150f3;[];[Stiker]
1288;81;11-50;40107654.0;text;;[];False;False;9a02903d6d2150f3;[];series itu endingnya zonk bgt...
1289;81;1-10;40107688.0;text;;[];False;False;b9a265b4ea626510;[];dih
1290;81;0;40107695.0;sticker/webp;;[];False;False;9ed77bf0f02a2299;[];[Stiker]
1291;82;1-10;40112067.0;text;;['😳'];True;False;8711fe66a310cd0a;[];dimana?
1292;82;11-50;40112075.0;text;;[];False;True;8711fe66a310cd0a;[];ngakak gw liat video itu!
1293;83;1-10;40112940.0;text;;[];False;False;9ed77bf0f02a2299;[];bole
1294;83;1-10;40112942.0;text;;['❤️'];False;False;9ed77bf0f02a2299;[];nah
1295;83;1-10;40112943.0;text;;['😂'];False;False;9ed77bf0f02a2299;[];nah
1296;84;11-50;40432259.0;text;;[];False;False;9ed77bf0f02a2299;[];tugas kelompok bikin pusing
1297;84;0;40432264.0;image/jpeg;;[];False;False;9ed77bf0f02a2299;[];[Foto]
1298;84;0;40432314.0;image/jpeg;;[];False;False;9ed77bf0f02a2299;[];[Foto]
1299;84;11-50;40432353.0;text;;['😂'];False;False;8711fe66a310cd0a;[];lu udah makan belum
1300;84;1-10;40432416.0;text;;['😂'];False;False;9ed77bf0f02a2299;[];bet
1301;84;11-50;40432416.0;text;;[];False;False;9ed77bf0f02a2299;[];gw baru aja dari kampus
1302;84;1-10;40432421.0;text;;['🙃'];False;False;8711fe66a310cd0a;[];gaje
1303;84;1-10;40432475.0;text;;[];False;False;9ed77bf0f02a2299;[];gpp
1304;84;1-10;40432479.0;text;;['😂'];False;False;9ed77bf0f02a2299;[];tuh
1305;84;0;40432685.0;image/jpeg;;[];False;False;9ed77bf0f02a2299;[];[Foto]
1306;84;0;40432685.0;image/jpeg;;[];False;False;9ed77bf0f02a2299;[];[Foto]
1307;84;0;40432686.0;image/jpeg;;[];False;False;9ed77bf0f02a2299;[];[Foto]
1308;84;0;40432686.0;image/jpeg;;[];False;False;9ed77bf0f02a2299;[];[Foto]
1309;84;0;40432686.0;image/jpeg;;[];False;False;9ed77bf0f02a2299;[];[Foto]
1310;84;0;40432687.0;image/jpeg;;[];False;False;9ed77bf0f02a2299;[];[Foto]
1311;84;0;40432687.0;image/jpeg;;[];False;False;9ed77bf0f02a2299;[];[Foto]
1312;84;0;40432689.0;image/jpeg;;[];False;False;9ed77bf0f02a2299;[];[Foto]
1313;84;0;40432690.0;image/jpeg;;[];False;False;9ed77bf0f02a2299;[];[Foto]
1314;84;0;40432690.0;image/jpeg;;[];False;False;9ed77bf0f02a2299;[];[Foto]
1315;84;0;40432692.0;image/jpeg;;[];False;False;9ed77bf0f02a2299;[];[Foto]
1316;84;0;40432692.0;image/jpeg;;[];False;False;9ed77bf0f02a2299;[];[Foto]
1317;84;11-50;40432747.0;text;;[];False;False;9ed77bf0f02a2299;[];proposal skripsi gw ditolak
1318;84;11-50;40432839.0;text;1310.0;[];False;False;8711fe66a310cd0a;[];warteg depan kampus enak
1319;84;11-50;40432845.0;text;;[];False;False;8711fe66a310cd0a;[];kelas tambahan hari sabtu sih
1320;84;1-10;40432854.0;text;;[];False;False;9ed77bf0f02a2299;[];gpp
1321;84;1-10;40432856.0;text;;[];False;False;9ed77bf0f02a2299;[];bet
1322;84;11-50;40432866.0;text;;[];False;False;9ed77bf0f02a2299;[];gw baru aja dari kampus
1323;84;11-50;40432871.0;text;;[];False;False;9ed77bf0f02a2299;[];gw mau ambil cuti semester
1324;84;1-10;40432876.0;text;;[];False;False;9ed77bf0f02a2299;[];bole
1325;84;11-50;40432876.0;text;1312.0;[];False;False;8711fe66a310cd0a;[];gw laper banget nih
1326;84;11-50;40432938.0;text;1312.0;[];True;False;8711fe66a310cd0a;[];ntar malem ngapain?
1327;84;11-50;40432962.0;text;;[];True;False;9ed77bf0f02a2299;[];ntar malem ngapain?
1328;84;11-50;40432963.0;text;;[];False;False;9ed77bf0f02a2299;[];dosen pembimbing susah ditemui
1329;84;1-10;40432964.0;text;;[];False;False;8711fe66a310cd0a;[];done
1330;84;1-10;40432966.0;text;;['😂'];False;False;9ed77bf0f02a2299;[];asli
1331;84;51-100;40432977.0;text;;[];False;False;9ed77bf0f02a2299;[];kemarin gw ke toko buku beli novel baru sama buku referensi buat skripsi
1332;84;11-50;40432985.0;text;;[];False;False;9ed77bf0f02a2299;[];gw mau ambil cuti semester
1333;84;11-50;40432997.0;text;;[];False;False;9ed77bf0f02a2299;[];tugas kelompok bikin pusing
1334;84;11-50;40432999.0;text;;[];False;False;9ed77bf0f02a2299;[];gw laper banget nih
1335;84;11-50;40433001.0;text;;[];False;False;9ed77bf0f02a2299;[];gw mau ambil cuti semester
1336;84;1-10;40433003.0;text;;[];False;False;9ed77bf0f02a2299;[];nih
1337;84;11-50;40433015.0;text;;[];False;False;9ed77bf0f02a2299;[];kelas tambahan hari sabtu sih
1338;84;11-50;40433067.0;text;;[];False;False;8711fe66a310cd0a;[];dosen pembimbing susah ditemui
1339;84;11-50;40433080.0;text;;[];False;False;9ed77bf0f02a2299;[];gw laper banget nih
1340;84;1-10;40433088.0;text;;[];False;False;9ed77bf0f02a2299;[];asli
1341;84;11-50;40433092.0;text;;[];False;False;9ed77bf0f02a2299;[];warteg depan kampus enak
1342;84;11-50;40433111.0;text;;[];False;False;9ed77bf0f02a2299;[];kelas tambahan hari sabtu sih
1343;84;11-50;40433116.0;text;;['😂'];False;False;9ed77bf0f02a2299;[];gw mau ambil cuti semester
1344;84;51-100;40433128.0;text;;[];False;False;9ed77bf0f02a2299;[];gw udah bikin slides presentasi tapi kayaknya masih kurang bagus deh isinya
1345;84;11-50;40433145.0;text;;[];False;False;9ed77bf0f02a2299;[];sidang minggu depan doain ya
1346;84;1-10;40433146.0;text;;['😂'];False;False;9ed77bf0f02a2299;[];tuh
1347;84;1-10;40433151.0;text;;[];False;False;9ed77bf0f02a2299;[];nah
1348;84;51-100;40433203.0;text;;[];False;False;9ed77bf0f02a2299;[];gw udah bikin slides presentasi tapi kayaknya masih kurang bagus deh isinya
1349;84;1-10;40433206.0;text;;['😂'];False;False;9ed77bf0f02a2299;[];done
1350;84;11-50;40433210.0;text;;['😂'];False;False;9ed77bf0f02a2299;[];tugas kelompok bikin pusing
1351;84;11-50;40433212.0;text;;[];False;False;9ed77bf0f02a2299;[];mie ayam pak kumis juara sih
1352;84;11-50;40433257.0;text;;[];True;False;8711fe66a310cd0a;[];ada yang punya catetan?
1353;84;11-50;40433266.0;text;;[];False;False;8711fe66a310cd0a;[];gw laper banget nih
1354;84;11-50;40433276.0;text;;[];False;False;8711fe66a310cd0a;[];warteg depan kampus enak
1355;84;11-50;40433278.0;text;;[];False;False;9ed77bf0f02a2299;[];kelas tambahan hari sabtu sih
1356;84;1-10;40433282.0;text;;[];False;False;9ed77bf0f02a2299;[];tuh
1357;84;0;40433284.0;sticker/webp;;[];False;False;8711fe66a310cd0a;[];[Stiker]
1358;84;1-10;40433296.0;text;;[];False;False;9ed77bf0f02a2299;[];tuh
1359;84;11-50;40433307.0;text;;[];False;False;9ed77bf0f02a2299;[];gw baru aja dari kampus
1360;84;11-50;40433312.0;text;;[];False;False;9ed77bf0f02a2299;[];mie ayam pak kumis juara sih
1361;84;11-50;40433334.0;text;;[];False;False;9ed77bf0f02a2299;[];dosen pembimbing susah ditemui
1362;84;11-50;40433334.0;text;;[];False;False;9ed77bf0f02a2299;[];gw laper banget nih
1363;84;11-50;40433349.0;text;;[];False;False;9ed77bf0f02a2299;[];dosen pembimbing susah ditemui
1364;84;1-10;40433352.0;text;;[];False;False;9ed77bf0f02a2299;[];gpp
1365;84;11-50;40433363.0;text;;[];False;False;8711fe66a310cd0a;[];tugas kelompok bikin pusing
1366;84;11-50;40433374.0;text;;[];False;False;8711fe66a310cd0a;[];lu udah makan belum
1367;84;11-50;40433375.0;text;;[];False;False;9ed77bf0f02a2299;[];tugas kelompok bikin pusing
1368;84;11-50;40433440.0;text;;[];True;False;9a02903d6d2150f3;[];boleh gw ikut ga?
1369;84;11-50;40433446.0;text;;[];True;False;9a02903d6d2150f3;[];boleh gw ikut... ga?
1370;84;1-10;40433450.0;text;;[];False;False;9ed77bf0f02a2299;[];nih
1371;84;1-10;40433475.0;text;;['😂'];False;False;9a02903d6d2150f3;[];nah
1372;84;0;40433576.0;image/jpeg;;[];False;False;9ed77bf0f02a2299;[];[Foto]
1373;84;11-50;40433586.0;text;;[];False;False;9ed77bf0f02a2299;[];seminar tadi lama banget
1374;84;11-50;40433588.0;text;;[];False;False;9ed77bf0f02a2299;[];gw mau ambil cuti semester
1375;84;1-10;40433623.0;text;;[];False;False;924de7dbda46ee44;[];AMAN
1376;84;11-50;40433625.0;text;;[];True;False;9ed77bf0f02a2299;[];boleh gw ikut ga?
1377;84;0;40433636.0;image/jpeg;;[];False;False;9ed77bf0f02a2299;[];[Foto]
1378;84;11-50;40433647.0;text;;[];False;False;9ed77bf0f02a2299;[];gw mau ambil cuti semester
1379;84;0;40433678.0;image/jpeg;;[];False;False;9ed77bf0f02a2299;[];[Foto]
1380;85;11-50;41060594.0;text;;[];True;False;8711fe66a310cd0a;[];ada sinyal ga disitu?
1381;85;1-10;41060691.0;text;;[];False;False;924de7dbda46ee44;[];DIH
1382;85;11-50;41060717.0;text;;['😂'];False;False;8711fe66a310cd0a;[];gym hari ini skip deh
1383;85;0;41060717.0;sticker/webp;;[];False;False;8711fe66a310cd0a;[];[Stiker]
1384;85;11-50;41060723.0;text;;[];False;False;924de7dbda46ee44;[];KONSER ITU MAHAL BANGET TIKETNYA
1385;85;11-50;41060736.0;text;;[];False;False;924de7dbda46ee44;[];ALBUM BARU DIA ENAK BANGET
1386;85;1-10;41060910.0;text;;[];False;False;9ed77bf0f02a2299;[];hoki
1387;85;1-10;41060914.0;text;;[];False;False;9ed77bf0f02a2299;[];jir
1388;85;1-10;41060914.0;text;;['🤭'];False;False;9ed77bf0f02a2299;[];btw
1389;85;1-10;41060915.0;text;;[];False;False;9ed77bf0f02a2299;[];bete
1390;86;1-10;41061834.0;text;;[];False;False;d6baf183e5907852;[];gitu
1391;86;11-50;41061855.0;text;;[];False;False;d6baf183e5907852;[];gw kangen masakan,,, rumah
1392;87;0;41494838.0;image/jpeg;;[];False;False;9ed77bf0f02a2299;[];[Foto]
1393;87;11-50;41495279.0;text;;['😂'];False;False;8711fe66a310cd0a;[];eh denger gosip belum
1394;87;11-50;41495561.0;text;;[];False;False;9ed77bf0f02a2299;[];gw berantem sama si anu
1395;87;51-100;41495564.0;text;;[];False;False;9ed77bf0f02a2299;[];hari ini gw ada rapat organisasi sampe sore jadi ga bisa ikut nongkrong
1396;87;11-50;41495569.0;text;;[];False;False;9ed77bf0f02a2299;[];gw kangen temen temen SMA
1397;87;1-10;41495573.0;text;;['😂'];False;False;9ed77bf0f02a2299;[];males
1398;87;11-50;41495580.0;text;;['😂'];False;False;9ed77bf0f02a2299;[];temenin gw dong besok
1399;88;1-10;46509389.0;text;;[];False;False;9ed77bf0f02a2299;[];yep
1400;88;11-50;46509396.0;text;;[];False;False;9ed77bf0f02a2299;[];indomie telor udah cukup kok
1401;88;1-10;46509404.0;text;;[];False;False;9ed77bf0f02a2299;[];ayok
1402;88;11-50;46509407.0;text;;[];True;False;9ed77bf0f02a2299;[];bayar berapa sih tadi?
1403;88;11-50;46509458.0;text;;['😭'];False;False;b9a265b4ea626510;[];porsi makan gw nambah terus
1404;88;0;46509715.0;sticker/webp;;[];False;False;8711fe66a310cd0a;[];[Stiker]
1405;88;1-10;46509724.0;text;1403.0;['😭'];False;False;9ed77bf0f02a2299;[];cuy
1406;89;11-50;46510693.0;text;;[];False;False;9ed77bf0f02a2299;[];gw lg ngerjain tugas nih
1407;89;11-50;46510698.0;text;;[];False;False;9ed77bf0f02a2299;[];perpus tutup jam berapa ya
1408;89;11-50;46510702.0;text;;[];False;False;9ed77bf0f02a2299;[];perpus tutup jam berapa ya
1409;89;11-50;46510709.0;text;;[];False;False;9ed77bf0f02a2299;[];tadi absen ga sih kamu
1410;89;1-10;46510710.0;text;;[];False;False;9a02903d6d2150f3;[];haha
1411;89;11-50;46510713.0;text;;[];False;False;9ed77bf0f02a2299;[];perpus tutup jam berapa ya
1412;89;1-10;46510722.0;text;;[];False;False;9ed77bf0f02a2299;[];yuk
1413;89;1-10;46510726.0;text;;[];False;False;9a02903d6d2150f3;[];dah
1414;89;1-10;46510727.0;text;;[];False;False;9ed77bf0f02a2299;[];hehe
1415;89;11-50;46510727.0;text;;['🤭'];False;False;9ed77bf0f02a2299;[];tadi absen ga sih kamu
1416;89;11-50;46510727.0;text;;[];False;False;9a02903d6d2150f3;[];dosen gw galak banget sih
1417;89;1-10;46510733.0;text;;[];False;False;9a02903d6d2150f3;[];hehe
1418;89;51-100;46510742.0;text;;[];False;False;9ed77bf0f02a2299;[];nyokap gw nelfon tadi nanyain kapan pulang, gw bilang aja abis ujian
1419;89;11-50;46510744.0;text;;[];False;False;9ed77bf0f02a2299;[];tadi absen ga sih kamu
1420;89;11-50;46510750.0;text;;[];False;False;9ed77bf0f02a2299;[];gw belom mulai tugas
1421;89;11-50;46510751.0;text;;[];False;False;9ed77bf0f02a2299;[];perpus tutup jam berapa ya
1422;89;1-10;46510753.0;text;;['😍'];False;False;9a02903d6d2150f3;[];haha
1423;89;1-10;46510760.0;text;;['😂'];False;False;9ed77bf0f02a2299;[];oke
1424;89;11-50;46510828.0;text;;[];False;False;9ed77bf0f02a2299;[];deadline besok pagi bro
1425;89;1-10;46510861.0;text;;[];False;False;9ed77bf0f02a2299;[];siap
1426;89;11-50;46511576.0;text;;['😂'];False;False;8711fe66a310cd0a;[];deadline besok pagi bro
1427;89;11-50;46511580.0;text;;['🙃'];False;False;8711fe66a310cd0a;[];tadi absen ga sih kamu
1428;89;11-50;46511737.0;text;;[];False;False;9ed77bf0f02a2299;[];gw lg ngerjain tugas nih
1429;89;11-50;46511770.0;text;;['😂'];False;False;8711fe66a310cd0a;[];gw skip kelas hari ini
1430;89;11-50;46511810.0;text;;[];False;False;9ed77bf0f02a2299;[];dosen gw galak banget sih
1431;89;1-10;46724196.0;text;;['😭'];False;False;9ed77bf0f02a2299;[];gas
1432;90;0;54274849.0;image/jpeg;;[];False;False;9ed77bf0f02a2299;[];[Foto]
1433;90;11-50;54274868.0;text;;[];False;False;9ed77bf0f02a2299;[];gw mau ambil cuti semester
1434;90;1-10;54274871.0;text;;['🤗'];False;False;9ed77bf0f02a2299;[];bet
1435;90;1-10;54275027.0;text;;['🙌🏻'];False;False;924de7dbda46ee44;[];BET
1436;90;1-10;54275623.0;text;;[];False;False;9ed77bf0f02a2299;[];done
1437;90;11-50;54275626.0;text;;[];False;False;9ed77bf0f02a2299;[];dosen pembimbing susah ditemui
1438;90;1-10;54275636.0;text;;[];False;False;9ed77bf0f02a2299;[];tuh
1439;90;1-10;54275813.0;text;;['🤗', '❤️'];False;False;9ed77bf0f02a2299;[];bole
1440;91;11-50;61293171.0;text;;[];False;True;9ed77bf0f02a2299;[];sedih banget ceritanya!
1441;91;11-50;61293595.0;text;;['🥰', '💖'];False;False;9a02903d6d2150f3;[];diem diem ternyata... jadian
1442;91;0;61293796.0;sticker/webp;;[];False;False;d6baf183e5907852;[];[Stiker]
1443;91;11-50;61293811.0;text;;[];False;False;d6baf183e5907852;[];temen gw sakit masuk rs
1444;91;11-50;61294268.0;text;;['🙌🏻'];False;False;924de7dbda46ee44;[];GW KANGEN TEMEN TEMEN SMA
1445;91;11-50;61294559.0;text;;['🍾'];False;False;b9a265b4ea626510;[];temen gw sakit masuk rs
1446;91;0;61294567.0;video/mp4;;[];False;False;b9a265b4ea626510;[];[Video]
1447;91;11-50;61298275.0;text;;['😊'];False;True;8711fe66a310cd0a;[];gw kaget pas denger itu!
1448;92;1-10;68689157.0;text;;[];False;False;9ed77bf0f02a2299;[];haha
1449;92;11-50;68689162.0;text;;[];False;False;9ed77bf0f02a2299;[];IPK gw turun semester ini
1450;92;11-50;68689171.0;text;;[];False;False;9ed77bf0f02a2299;[];deadline besok pagi bro
1451;92;1-10;68689176.0;text;;['🥺'];False;False;9ed77bf0f02a2299;[];hehe
1452;93;11-50;68690343.0;text;;['🦦'];False;False;8711fe66a310cd0a;[];temenin gw dong besok
1453;93;0;68690356.0;sticker/webp;;[];False;False;8711fe66a310cd0a;[];[Stiker]
1454;93;1-10;68690770.0;text;;[];True;False;9ed77bf0f02a2299;[];boleh?
1455;93;11-50;68691272.0;text;;['💪🏻'];False;False;924de7dbda46ee44;[];GW BERANTEM SAMA SI ANU
1456;93;11-50;68691305.0;text;;['☺️'];False;True;b9a265b4ea626510;[];gw kaget pas denger tu!
1457;93;11-50;68691688.0;text;;['🤩'];False;False;9ed77bf0f02a2299;['e3410b158c2b695a', '924de7dbda46ee44'];gw berantem sama si anu
1458;93;11-50;68691695.0;text;;[];False;True;9ed77bf0f02a2299;[];sedih banget ceritanya!
1459;93;11-50;68691707.0;text;;[];True;False;9ed77bf0f02a2299;['b9a265b4ea626510'];kapan terakhir kali ketemu?
1460;93;11-50;68691742.0;text;;[];False;False;b9a265b4ea626510;[];temen gw sakit masuk rs
1461;93;11-50;68691751.0;text;;['😂'];False;False;b9a265b4ea626510;[];si tu udah putus katanya
1462;93;11-50;68691764.0;text;;[];True;False;9ed77bf0f02a2299;[];kapan terakhir kali ketemu?
1463;93;11-50;68691772.0;text;;[];False;False;b9a265b4ea626510;[];gw ga percaya sih gosipnya
1464;93;11-50;68691776.0;text;;[];False;False;9ed77bf0f02a2299;[];gw kangen temen temen SMA
1465;93;11-50;68691797.0;text;;[];False;False;9ed77bf0f02a2299;[];angkot ke sana masih ada ga
1466;93;1-10;68691799.0;text;;['🤭'];False;False;9ed77bf0f02a2299;[];setuju
1467;93;11-50;68691802.0;text;;['🥳'];False;True;b9a265b4ea626510;[];sedih bgt ceritanya!
1468;93;11-50;68691809.0;text;;[];False;False;b9a265b4ea626510;[];gw ga percaya sih gosipnya
1469;93;11-50;68691817.0;text;;[];False;True;9ed77bf0f02a2299;[];gw kaget pas denger itu!
1470;93;1-10;68691823.0;text;;['🥺'];False;False;9ed77bf0f02a2299;[];sama
1471;93;51-100;68691843.0;text;;[];False;False;9ed77bf0f02a2299;[];hari ini gw ada rapat organisasi sampe sore jadi ga bisa ikut nongkrong
1472;93;1-10;68691851.0;text;;['😂'];False;False;9ed77bf0f02a2299;[];amin
1473;93;1-10;68691857.0;text;1469.0;[];False;False;b9a265b4ea626510;[];amin
1474;93;0;68691865.0;sticker/webp;;[];False;False;b9a265b4ea626510;[];[Stiker]
1475;93;11-50;68691886.0;text;;[];False;True;b9a265b4ea626510;[];sedih bgt ceritanya!
1476;93;11-50;68691904.0;text;;[];False;True;9ed77bf0f02a2299;[];gw kaget pas denger itu!
1477;93;0;68691914.0;sticker/webp;;[];False;False;9ed77bf0f02a2299;[];[Stiker]
1478;93;11-50;68691961.0;text;;['😂'];False;False;b9a265b4ea626510;[];temen gw sakit masuk rs
1479;93;11-50;68692016.0;text;;['🤩'];False;False;9ed77bf0f02a2299;[];gw kangen temen temen SMA
1480;94;11-50;68694308.0;text;;['😂'];False;False;8711fe66a310cd0a;[];indomie telor udah cukup kok
1481;94;0;68694315.0;sticker/webp;;[];False;False;8711fe66a310cd0a;[];[Stiker]
1482;95;1-10;68695228.0;text;;['😭'];False;False;9ed77bf0f02a2299;[];sis
1483;95;0;68695391.0;system;;[];False;False;e3410b158c2b695a;[];[Pesan sistem]
