id;conversation_id;num_characters;relative_time_seconds;message_type;responds_to_id;array_emojis;interrogative;exclamatory;sender_hash;mentioned_phones_hash;message_content
1;1;11-50;0.0;text;;['🤪'];False;False;364a8fe133736028;[];gw mau tidur dulu ya
2;1;0;19682113.0;sticker/webp;;[];False;False;afcf0fe8046deaf7;[];[Stiker]
3;1;1-10;19682121.0;text;;[];False;False;afcf0fe8046deaf7;[];iyaa
4;1;0;19682141.0;sticker/webp;;[];False;False;1e4790915a2f57fa;[];[Stiker]
5;1;0;19682328.0;sticker/webp;;[];False;False;499d10b7e54f80fb;[];[Stiker]
6;1;0;19683479.0;sticker/webp;;[];False;False;73096f25fb4a1cc8;[];[Stiker]
7;1;0;19683480.0;sticker/webp;;[];False;False;73096f25fb4a1cc8;[];[Stiker]
8;1;0;19683655.0;sticker/webp;;[];False;False;a5f34109eb57020f;[];[Stiker]
9;2;0;19696141.0;sticker/webp;;[];False;False;6af7bb586586c6eb;[];[Stiker]
10;2;0;19696168.0;sticker/webp;9.0;[];False;False;6b48595b7b24a492;[];[Stiker]
11;2;0;19696252.0;sticker/webp;;[];False;False;6af7bb586586c6eb;[];[Stiker]
12;2;0;19697207.0;sticker/webp;;[];False;False;4f0f6eede0886bca;[];[Stiker]
13;2;0;19697388.0;sticker/webp;;[];False;False;9f0039949f360220;[];[Stiker]
14;2;0;19697390.0;sticker/webp;;[];False;False;9f0039949f360220;[];[Stiker]
15;2;0;19697972.0;sticker/webp;;[];False;False;6bd5450b1c6778b3;[];[Stiker]
16;2;0;19698233.0;sticker/webp;;[];False;False;79eea162743f05be;[];[Stiker]
17;2;0;19699220.0;sticker/webp;;[];False;False;4cdfd58590037079;[];[Stiker]
18;2;0;19699248.0;sticker/webp;;[];False;False;5161182edf3a0553;[];[Stiker]
19;2;0;19699273.0;sticker/webp;;[];False;False;4cdfd58590037079;[];[Stiker]
20;2;0;19699333.0;sticker/webp;;[];False;False;6b48595b7b24a492;[];[Stiker]
21;2;0;19699344.0;sticker/webp;;[];False;False;dae8154bdfb58fc3;[];[Stiker]
22;2;0;19699356.0;sticker/webp;;[];False;False;6b48595b7b24a492;[];[Stiker]
23;2;0;19699357.0;sticker/webp;;[];False;False;6b48595b7b24a492;[];[Stiker]
24;2;0;19701803.0;sticker/webp;;[];False;False;3f5b42a78489ad8a;[];[Stiker]
25;3;11-50;19773275.0;text;;[];True;False;a94c874ce80059e9;[];wifi password nya apa sih?
26;3;0;19773312.0;sticker/webp;;[];False;False;1e479cd01dc43717;[];[Stiker]
27;3;0;19773320.0;sticker/webp;25.0;[];False;False;4cdfd58590037079;[];[Stiker]
28;3;0;19773323.0;sticker/webp;;[];False;False;974ebb3ca63fce70;[];[Stiker]
29;3;0;19773347.0;sticker/webp;;[];False;False;73096f25fb4a1cc8;[];[Stiker]
30;3;0;19773347.0;sticker/webp;27.0;[];False;False;a94c874ce80059e9;[];[Stiker]
31;3;0;19773349.0;sticker/webp;;[];False;False;73096f25fb4a1cc8;[];[Stiker]
32;3;0;19773351.0;sticker/webp;25.0;[];False;False;91ef8667fd4b5181;[];[Stiker]
33;3;11-50;19773359.0;text;;[];False;False;4cdfd58590037079;[];lu dimana sih lama banget
34;3;0;19773359.0;sticker/webp;;[];False;False;73096f25fb4a1cc8;[];[Stiker]
35;3;0;19773361.0;sticker/webp;;[];False;False;73096f25fb4a1cc8;[];[Stiker]
36;3;0;19773368.0;sticker/webp;;[];False;False;937094946627b75f;[];[Stiker]
37;3;0;19773369.0;sticker/webp;;[];False;False;937094946627b75f;[];[Stiker]
38;3;0;19773377.0;sticker/webp;;[];False;False;73096f25fb4a1cc8;[];[Stiker]
39;3;0;19773378.0;sticker/webp;;[];False;False;937094946627b75f;[];[Stiker]
40;3;0;19773379.0;sticker/webp;;[];False;False;1e479cd01dc43717;[];[Stiker]
41;3;0;19773382.0;sticker/webp;25.0;[];False;False;974ebb3ca63fce70;[];[Stiker]
42;3;0;19773384.0;sticker/webp;;[];False;False;937094946627b75f;[];[Stiker]
43;3;0;19773395.0;sticker/webp;;[];False;False;937094946627b75f;[];[Stiker]
44;3;0;19773395.0;sticker/webp;;[];False;False;937094946627b75f;[];[Stiker]
45;3;0;19773398.0;sticker/webp;;[];False;False;937094946627b75f;[];[Stiker]
46;3;0;19773398.0;sticker/webp;;[];False;False;937094946627b75f;[];[Stiker]
47;3;0;19773402.0;sticker/webp;;[];False;False;937094946627b75f;[];[Stiker]
48;3;0;19773412.0;sticker/webp;;[];False;False;937094946627b75f;[];[Stiker]
49;3;0;19773416.0;sticker/webp;;[];False;False;1e479cd01dc43717;[];[Stiker]
50;3;0;19773422.0;sticker/webp;;[];False;False;937094946627b75f;[];[Stiker]
51;3;0;19773424.0;sticker/webp;;[];False;False;937094946627b75f;[];[Stiker]
52;3;0;19773428.0;sticker/webp;;[];False;False;73096f25fb4a1cc8;[];[Stiker]
53;3;0;19773429.0;sticker/webp;;[];False;False;937094946627b75f;[];[Stiker]
54;3;0;19773430.0;sticker/webp;;[];False;False;937094946627b75f;[];[Stiker]
55;3;0;19773438.0;sticker/webp;;[];False;False;937094946627b75f;[];[Stiker]
56;3;0;19773440.0;sticker/webp;;[];False;False;937094946627b75f;[];[Stiker]
57;3;0;19773449.0;sticker/webp;;[];False;False;937094946627b75f;[];[Stiker]
58;3;0;19773450.0;sticker/webp;;[];False;False;73096f25fb4a1cc8;[];[Stiker]
59;3;0;19773451.0;sticker/webp;;[];False;False;937094946627b75f;[];[Stiker]
60;3;0;19773463.0;sticker/webp;;[];False;False;937094946627b75f;[];[Stiker]
61;3;0;19773468.0;sticker/webp;;[];False;False;73096f25fb4a1cc8;[];[Stiker]
62;3;0;19773479.0;sticker/webp;;[];False;False;937094946627b75f;[];[Stiker]
63;3;0;19773481.0;sticker/webp;;[];False;False;937094946627b75f;[];[Stiker]
64;3;0;19773482.0;sticker/webp;;[];False;False;73096f25fb4a1cc8;[];[Stiker]
65;3;0;19773483.0;sticker/webp;;[];False;False;73096f25fb4a1cc8;[];[Stiker]
66;3;0;19773487.0;sticker/webp;;[];False;False;73096f25fb4a1cc8;[];[Stiker]
67;3;0;19773495.0;sticker/webp;;[];False;False;73096f25fb4a1cc8;[];[Stiker]
68;3;0;19773495.0;sticker/webp;;[];False;False;73096f25fb4a1cc8;[];[Stiker]
69;3;11-50;19773508.0;text;;[];False;False;73096f25fb4a1cc8;['937094946627b75f'];lu dimana sih lama banget
70;3;0;19773510.0;sticker/webp;;[];False;False;937094946627b75f;[];[Stiker]
71;3;0;19773510.0;sticker/webp;;[];False;False;937094946627b75f;[];[Stiker]
72;3;0;19773516.0;sticker/webp;;[];False;False;937094946627b75f;[];[Stiker]
73;3;1-10;19773521.0;text;;['😂', '❤'];False;False;937094946627b75f;[];Hoo.
74;3;0;19773669.0;sticker/webp;;[];False;False;1e479cd01dc43717;[];[Stiker]
75;3;0;19773670.0;sticker/webp;;[];False;False;1e479cd01dc43717;[];[Stiker]
76;3;0;19773672.0;sticker/webp;;[];False;False;1e479cd01dc43717;[];[Stiker]
77;3;0;19773677.0;sticker/webp;;[];False;False;1e479cd01dc43717;[];[Stiker]
78;3;0;19773681.0;sticker/webp;;[];False;False;1e479cd01dc43717;[];[Stiker]
79;3;0;19773683.0;sticker/webp;;[];False;False;1e479cd01dc43717;[];[Stiker]
80;3;0;19773693.0;sticker/webp;;[];False;False;1e479cd01dc43717;[];[Stiker]
81;3;0;19774175.0;sticker/webp;;[];False;False;90f3214eae8356ee;[];[Stiker]
82;3;0;19774177.0;sticker/webp;;[];False;False;90f3214eae8356ee;[];[Stiker]
83;3;0;19774185.0;sticker/webp;;[];False;False;90f3214eae8356ee;[];[Stiker]
84;3;0;19774188.0;sticker/webp;;[];False;False;90f3214eae8356ee;[];[Stiker]
85;3;0;19774189.0;sticker/webp;;[];False;False;90f3214eae8356ee;[];[Stiker]
86;3;0;19774190.0;sticker/webp;;[];False;False;90f3214eae8356ee;[];[Stiker]
87;3;0;19774190.0;sticker/webp;;[];False;False;90f3214eae8356ee;[];[Stiker]
88;3;0;19774192.0;sticker/webp;;[];False;False;90f3214eae8356ee;[];[Stiker]
89;3;0;19774195.0;sticker/webp;;[];False;False;90f3214eae8356ee;[];[Stiker]
90;3;0;19774196.0;sticker/webp;;[];False;False;90f3214eae8356ee;[];[Stiker]
91;3;0;19774196.0;sticker/webp;;[];False;False;90f3214eae8356ee;[];[Stiker]
92;3;0;19774198.0;sticker/webp;;[];False;False;90f3214eae8356ee;[];[Stiker]
93;3;0;19774202.0;sticker/webp;;[];False;False;90f3214eae8356ee;[];[Stiker]
94;3;0;19774207.0;sticker/webp;;[];False;False;90f3214eae8356ee;[];[Stiker]
95;3;0;19774209.0;sticker/webp;;[];False;False;90f3214eae8356ee;[];[Stiker]
96;3;0;19774210.0;sticker/webp;;[];False;False;90f3214eae8356ee;[];[Stiker]
97;3;0;19774213.0;sticker/webp;;[];False;False;90f3214eae8356ee;[];[Stiker]
98;3;0;19774216.0;sticker/webp;;[];False;False;90f3214eae8356ee;[];[Stiker]
99;3;0;19774222.0;sticker/webp;;[];False;False;90f3214eae8356ee;[];[Stiker]
100;3;0;19774223.0;sticker/webp;;[];False;False;90f3214eae8356ee;[];[Stiker]
101;3;0;19774231.0;sticker/webp;;[];False;False;90f3214eae8356ee;[];[Stiker]
102;3;0;19774239.0;sticker/webp;;[];False;False;90f3214eae8356ee;[];[Stiker]
103;3;0;19774243.0;sticker/webp;;[];False;False;90f3214eae8356ee;[];[Stiker]
104;3;0;19774487.0;sticker/webp;;[];False;False;90f3214eae8356ee;[];[Stiker]
105;3;0;19774496.0;sticker/webp;;[];False;False;90f3214eae8356ee;[];[Stiker]
106;3;0;19774498.0;unknown;;[];False;False;90f3214eae8356ee;[];[Media tidak dikenal]
107;3;0;19774500.0;sticker/webp;;[];False;False;90f3214eae8356ee;[];[Stiker]
108;3;0;19774524.0;sticker/webp;;[];False;False;90f3214eae8356ee;[];[Stiker]
109;3;0;19774527.0;sticker/webp;;[];False;False;90f3214eae8356ee;[];[Stiker]
110;3;0;19774534.0;sticker/webp;;[];False;False;90f3214eae8356ee;[];[Stiker]
111;3;0;19774535.0;sticker/webp;;[];False;False;90f3214eae8356ee;[];[Stiker]
112;3;0;19774541.0;sticker/webp;;[];False;False;90f3214eae8356ee;[];[Stiker]
113;3;0;19774546.0;sticker/webp;;[];False;False;90f3214eae8356ee;[];[Stiker]
114;3;0;19774552.0;sticker/webp;;[];False;False;90f3214eae8356ee;[];[Stiker]
115;3;0;19774552.0;sticker/webp;;[];False;False;90f3214eae8356ee;[];[Stiker]
116;3;0;19774568.0;sticker/webp;;[];False;False;90f3214eae8356ee;[];[Stiker]
117;4;0;19778585.0;sticker/webp;;[];False;False;9c74113f6aff898c;[];[Stiker]
118;4;0;19781999.0;sticker/webp;;[];False;False;91ef8667fd4b5181;[];[Stiker]
119;4;51-100;19784205.0;text;;['❤'];True;False;499d10b7e54f80fb;[];eh lu udah dapet info jadwal ujian akhir semester blm dr prodi?
120;4;0;19784226.0;sticker/webp;;[];False;False;499d10b7e54f80fb;[];[Stiker]
121;4;11-50;19784597.0;text;;[];False;False;bbbaf4fd4892d8eb;[];lab komputer penuh terus
122;4;0;19784954.0;sticker/webp;;[];False;False;499d10b7e54f80fb;[];[Stiker]
123;4;11-50;19785007.0;text;;[];False;False;499d10b7e54f80fb;[];dosen gw galak bgt sih
124;4;0;19785091.0;sticker/webp;;[];False;False;a5f34109eb57020f;[];[Stiker]
125;4;11-50;19785150.0;text;;[];False;False;bbbaf4fd4892d8eb;[];labbb komputerrrr penuh terus
126;4;51-100;19785199.0;text;;[];False;False;a5f34109eb57020f;[];gw baru aja selesai ngerjain tugas sampe jam 3 pagi, mau mati... rasanya
127;4;11-50;19785222.0;text;;[];False;False;499d10b7e54f80fb;[];eh tadi kelas seru bgt
128;4;1-10;19785227.0;text;;[];False;False;499d10b7e54f80fb;[];yuk
129;4;0;19785253.0;sticker/webp;;[];False;False;4cdfd58590037079;[];[Stiker]
130;4;0;19785282.0;system;;[];False;False;bbbaf4fd4892d8eb;[];[Pesan sistem]
131;4;11-50;19785294.0;text;;[];False;False;ac40f783af9ab600;[];lab komputer penuh terus
132;4;51-100;19785301.0;text;;[];False;False;bbbaf4fd4892d8eb;[];nyokapp gw nelfon tadi nanyainnn kapan pulang, gw bilangg aja abis ujiann
133;4;11-50;19785308.0;text;;[];False;False;ac40f783af9ab600;[];lab komputer penuh terus
134;4;11-50;19785310.0;text;;[];False;False;d5dac0683caba4eb;[];lab komputer penuh terus
135;4;0;19785569.0;sticker/webp;;[];False;False;6b48595b7b24a492;[];[Stiker]
136;4;0;19785573.0;sticker/webp;;[];False;False;6b48595b7b24a492;[];[Stiker]
137;4;0;19785579.0;sticker/webp;;[];False;False;6b48595b7b24a492;[];[Stiker]
138;4;0;19785586.0;sticker/webp;;[];False;False;9e7c75b621f205db;[];[Stiker]
139;4;0;19785589.0;sticker/webp;;[];False;False;9e7c75b621f205db;[];[Stiker]
140;4;0;19785592.0;sticker/webp;;[];False;False;499d10b7e54f80fb;[];[Stiker]
141;4;0;19785603.0;sticker/webp;138.0;[];False;False;6b48595b7b24a492;[];[Stiker]
142;4;0;19785626.0;sticker/webp;138.0;[];False;False;6b48595b7b24a492;[];[Stiker]
143;4;0;19785647.0;sticker/webp;;[];False;False;6b48595b7b24a492;[];[Stiker]
144;4;0;19785652.0;sticker/webp;;[];False;False;ac40f783af9ab600;[];[Stiker]
145;4;0;19785669.0;sticker/webp;;[];False;False;408c5668b5c4b4fc;[];[Stiker]
146;4;0;19785681.0;sticker/webp;;[];False;False;6b48595b7b24a492;[];[Stiker]
147;4;0;19785690.0;sticker/webp;;[];False;False;499d10b7e54f80fb;[];[Stiker]
148;4;0;19785706.0;sticker/webp;;[];False;False;ac40f783af9ab600;[];[Stiker]
149;4;0;19785706.0;sticker/webp;;[];False;False;6b48595b7b24a492;[];[Stiker]
150;4;0;19785717.0;sticker/webp;;[];False;False;ac40f783af9ab600;[];[Stiker]
151;4;0;19785722.0;sticker/webp;;[];False;False;ac40f783af9ab600;[];[Stiker]
152;4;0;19785723.0;sticker/webp;;[];False;False;ac40f783af9ab600;[];[Stiker]
153;4;0;19785729.0;sticker/webp;;[];False;False;6b48595b7b24a492;[];[Stiker]
154;5;0;19787826.0;sticker/webp;;[];False;False;9c74113f6aff898c;[];[Stiker]
155;5;0;19787857.0;sticker/webp;;[];False;False;9c74113f6aff898c;[];[Stiker]
156;5;0;19787970.0;sticker/webp;;[];False;False;9e7c75b621f205db;[];[Stiker]
157;6;0;19792167.0;sticker/webp;;[];False;False;9c74113f6aff898c;[];[Stiker]
158;6;0;19792175.0;sticker/webp;;[];False;False;9c74113f6aff898c;[];[Stiker]
159;6;0;19792175.0;sticker/webp;;[];False;False;9c74113f6aff898c;[];[Stiker]
160;6;0;19792187.0;sticker/webp;;[];False;False;9c74113f6aff898c;[];[Stiker]
161;6;0;19792188.0;sticker/webp;;[];False;False;9c74113f6aff898c;[];[Stiker]
162;6;0;19792216.0;sticker/webp;;[];False;False;9e7c75b621f205db;[];[Stiker]
163;6;0;19792247.0;sticker/webp;;[];False;False;9c74113f6aff898c;[];[Stiker]
164;6;0;19792247.0;sticker/webp;;[];False;False;9c74113f6aff898c;[];[Stiker]
165;6;0;19792253.0;sticker/webp;;[];False;False;9c74113f6aff898c;[];[Stiker]
166;6;0;19792274.0;sticker/webp;;[];False;False;9e7c75b621f205db;[];[Stiker]
167;6;0;19792447.0;sticker/webp;;[];False;False;9c74113f6aff898c;[];[Stiker]
168;6;0;19792456.0;sticker/webp;;[];False;False;9c74113f6aff898c;[];[Stiker]
169;6;0;19792459.0;sticker/webp;;[];False;False;9c74113f6aff898c;[];[Stiker]
170;6;0;19792461.0;sticker/webp;;[];False;False;9c74113f6aff898c;[];[Stiker]
171;6;0;19792968.0;sticker/webp;;[];False;False;6b48595b7b24a492;[];[Stiker]
172;6;0;19792974.0;sticker/webp;;[];False;False;6b48595b7b24a492;[];[Stiker]
173;6;0;19793916.0;sticker/webp;;[];False;False;4f0f6eede0886bca;[];[Stiker]
174;6;0;19794515.0;sticker/webp;;[];False;False;1e4790915a2f57fa;[];[Stiker]
175;6;0;19794518.0;sticker/webp;;[];False;False;1e4790915a2f57fa;[];[Stiker]
176;6;0;19794520.0;sticker/webp;;[];False;False;1e4790915a2f57fa;[];[Stiker]
177;6;0;19794521.0;sticker/webp;;[];False;False;1e4790915a2f57fa;[];[Stiker]
178;6;0;19795162.0;sticker/webp;;[];False;False;0725ac2da04749fe;[];[Stiker]
179;6;0;19795187.0;sticker/webp;;[];False;False;a5f34109eb57020f;[];[Stiker]
180;6;0;19795188.0;sticker/webp;;[];False;False;a5f34109eb57020f;[];[Stiker]
181;6;0;19795190.0;sticker/webp;;[];False;False;a5f34109eb57020f;[];[Stiker]
182;6;0;19795198.0;sticker/webp;;[];False;False;a5f34109eb57020f;[];[Stiker]
183;6;0;19795623.0;sticker/webp;;[];False;False;6b48595b7b24a492;[];[Stiker]
184;6;0;19795641.0;sticker/webp;;[];False;False;6b48595b7b24a492;[];[Stiker]
185;6;0;19795662.0;sticker/webp;;[];False;False;a5f34109eb57020f;[];[Stiker]
186;6;0;19796517.0;sticker/webp;185.0;[];False;False;6b48595b7b24a492;[];[Stiker]
187;6;0;19796545.0;sticker/webp;;[];False;False;a5f34109eb57020f;[];[Stiker]
188;6;0;19796585.0;sticker/webp;;[];False;False;4f0f6eede0886bca;[];[Stiker]
189;6;0;19797603.0;sticker/webp;;[];False;False;73096f25fb4a1cc8;[];[Stiker]
190;6;0;19798312.0;sticker/webp;;[];False;False;056227aa2e41d3bc;[];[Stiker]
191;6;0;19798344.0;sticker/webp;;[];False;False;fa156c874f6d1505;[];[Stiker]
192;6;11-50;19798619.0;text;;[];False;False;a5f34109eb57020f;[];eh tadi kelas seru banget
193;6;1-10;19798709.0;text;;[];False;False;6b48595b7b24a492;[];dah!!
194;6;0;19798734.0;sticker/webp;;[];False;False;7f979d29b75d1a71;[];[Stiker]
195;6;11-50;19798744.0;text;;[];False;False;6bd5450b1c6778b3;[];lab komputer penuh terus
196;6;0;19798774.0;sticker/webp;;[];False;False;6b48595b7b24a492;[];[Stiker]
197;6;11-50;19798804.0;text;;[];False;False;6bd5450b1c6778b3;[];perpus tutup jam berapa... ya...
198;6;0;19798828.0;sticker/webp;;[];False;False;6bd5450b1c6778b3;[];[Stiker]
199;6;0;19798833.0;sticker/webp;;[];False;False;6bd5450b1c6778b3;[];[Stiker]
200;6;0;19799258.0;sticker/webp;185.0;[];False;False;90afb96b74df9584;[];[Stiker]
201;6;0;19799321.0;sticker/webp;;[];False;False;73096f25fb4a1cc8;[];[Stiker]
202;6;0;19799327.0;sticker/webp;;[];False;False;73096f25fb4a1cc8;[];[Stiker]
203;6;11-50;19799344.0;text;;[];False;False;a5f34109eb57020f;[];perpus tutup jam berapa ya
204;6;0;19799366.0;sticker/webp;;[];False;False;73096f25fb4a1cc8;[];[Stiker]
205;6;0;19799402.0;sticker/webp;;[];False;False;a5f34109eb57020f;[];[Stiker]
206;6;51-100;19799710.0;text;;[];False;False;3bb54ace198b85ba;[];gw baru aja selesai ngerjain tuags sampe jam 3 pagi, mau mati rasayna
207;6;11-50;19799714.0;text;;[];False;False;3bb54ace198b85ba;[];presetnasi gw amburadul
208;6;0;19799738.0;sticker/webp;;[];False;False;79625c844e04a646;[];[Stiker]
209;6;0;19799908.0;sticker/webp;;[];False;False;a5f34109eb57020f;[];[Stiker]
210;6;0;19799960.0;sticker/webp;;[];False;False;e3974bca816ec644;[];[Stiker]
211;6;0;19800273.0;sticker/webp;;[];False;False;fa156c874f6d1505;[];[Stiker]
212;6;0;19800364.0;sticker/webp;;[];False;False;8aa9052cfc2adb0d;[];[Stiker]
213;6;0;19800412.0;sticker/webp;;[];False;False;a5f34109eb57020f;[];[Stiker]
214;6;0;19800901.0;sticker/webp;;[];False;False;a94c874ce80059e9;[];[Stiker]
215;6;0;19800902.0;sticker/webp;;[];False;False;a94c874ce80059e9;[];[Stiker]
216;6;0;19800905.0;sticker/webp;;[];False;False;a94c874ce80059e9;[];[Stiker]
217;6;0;19800917.0;sticker/webp;;[];False;False;a94c874ce80059e9;[];[Stiker]
218;6;0;19800954.0;sticker/webp;;[];False;False;a5f34109eb57020f;[];[Stiker]
219;6;0;19800960.0;sticker/webp;;[];False;False;a5f34109eb57020f;[];[Stiker]
220;6;0;19800960.0;sticker/webp;;[];False;False;a5f34109eb57020f;[];[Stiker]
221;6;0;19800961.0;sticker/webp;;[];False;False;a5f34109eb57020f;[];[Stiker]
222;6;0;19800961.0;sticker/webp;;[];False;False;a5f34109eb57020f;[];[Stiker]
223;6;0;19800962.0;sticker/webp;;[];False;False;a5f34109eb57020f;[];[Stiker]
224;6;0;19800963.0;sticker/webp;;[];False;False;a5f34109eb57020f;[];[Stiker]
225;6;0;19800967.0;sticker/webp;;[];False;False;a5f34109eb57020f;[];[Stiker]
226;6;0;19800967.0;sticker/webp;;[];False;False;a5f34109eb57020f;[];[Stiker]
227;6;0;19801122.0;sticker/webp;;[];False;False;a94c874ce80059e9;[];[Stiker]
228;6;0;19801448.0;sticker/webp;;[];False;False;fa156c874f6d1505;[];[Stiker]
229;6;0;19801496.0;sticker/webp;;[];False;False;98a4073b3dd5481f;[];[Stiker]
230;6;1-10;19802227.0;text;228.0;[];False;False;1e4790915a2f57fa;[];HEHE
231;6;0;19802242.0;sticker/webp;;[];False;False;1e4790915a2f57fa;[];[Stiker]
232;6;0;19802255.0;sticker/webp;;[];False;False;90afb96b74df9584;[];[Stiker]
233;6;0;19802261.0;sticker/webp;;[];False;False;90afb96b74df9584;[];[Stiker]
234;6;0;19802544.0;sticker/webp;;[];False;False;73096f25fb4a1cc8;[];[Stiker]
235;6;0;19804046.0;system;;[];False;False;bbbaf4fd4892d8eb;[];[Pesan sistem]
236;6;51-100;19804148.0;text;;[];False;False;499d10b7e54f80fb;['ac40f783af9ab600'];gw baru aja selesai ngerjain tugas sampe jam 3 pagi, mau mati rasanya
237;6;1-10;19804149.0;text;;[];False;False;499d10b7e54f80fb;[];haha
238;6;11-50;19804158.0;text;;[];False;False;ac40f783af9ab600;[];presentasi gw amburadul
239;6;0;19804162.0;sticker/webp;;[];False;False;ac40f783af9ab600;[];[Stiker]
240;6;0;19804166.0;sticker/webp;;[];False;False;499d10b7e54f80fb;[];[Stiker]
241;6;0;19804799.0;sticker/webp;;[];False;False;a5f34109eb57020f;[];[Stiker]
242;6;0;19804897.0;system;;[];False;False;d6c42535ad5e8d71;[];[Pesan sistem]
243;6;51-100;19805031.0;text;;[];False;False;a5f34109eb57020f;[];eh besok kita jadi ketemuan di kafe deket stasiun kan ya jam... 2 siang
244;6;0;19805192.0;sticker/webp;;[];False;False;408c5668b5c4b4fc;[];[Stiker]
245;6;0;19805237.0;sticker/webp;;[];False;False;3c32ebe2a62f5d89;[];[Stiker]
246;6;11-50;19805245.0;text;;[];False;False;9c8127c927b3344b;[];tadi absen ga sih,,, kamu
247;6;0;19805262.0;sticker/webp;;[];False;False;408c5668b5c4b4fc;[];[Stiker]
248;6;0;19805287.0;sticker/webp;;[];False;False;91ef8667fd4b5181;[];[Stiker]
249;6;0;19805325.0;sticker/webp;;[];False;False;408c5668b5c4b4fc;[];[Stiker]
250;6;0;19805331.0;sticker/webp;;[];False;False;3c32ebe2a62f5d89;[];[Stiker]
251;6;0;19805357.0;sticker/webp;;[];False;False;91ef8667fd4b5181;[];[Stiker]
252;6;0;19805366.0;sticker/webp;;[];False;False;a5f34109eb57020f;[];[Stiker]
253;6;0;19805438.0;sticker/webp;;[];False;False;e243f0f386a4e31c;[];[Stiker]
254;6;0;19805448.0;sticker/webp;;[];False;False;e243f0f386a4e31c;[];[Stiker]
255;6;0;19805458.0;sticker/webp;;[];False;False;e243f0f386a4e31c;[];[Stiker]
256;6;0;19805474.0;sticker/webp;;[];False;False;90afb96b74df9584;[];[Stiker]
257;6;0;19806166.0;sticker/webp;;[];False;False;4cdfd58590037079;[];[Stiker]
258;6;0;19806385.0;sticker/webp;;[];False;False;578f686de847bcba;[];[Stiker]
259;6;0;19806516.0;sticker/webp;;[];False;False;a5f34109eb57020f;[];[Stiker]
260;6;0;19806521.0;sticker/webp;;[];False;False;90afb96b74df9584;[];[Stiker]
261;6;0;19806523.0;sticker/webp;;[];False;False;7827148061b069d0;[];[Stiker]
262;6;0;19806649.0;sticker/webp;;[];False;False;578f686de847bcba;[];[Stiker]
263;6;0;19806650.0;sticker/webp;;[];False;False;578f686de847bcba;[];[Stiker]
264;6;0;19806803.0;sticker/webp;;[];False;False;6b48595b7b24a492;[];[Stiker]
265;6;0;19806891.0;sticker/webp;;[];False;False;578f686de847bcba;[];[Stiker]
266;6;0;19807005.0;sticker/webp;;[];False;False;90afb96b74df9584;[];[Stiker]
267;6;0;19807032.0;sticker/webp;;[];False;False;98a4073b3dd5481f;[];[Stiker]
268;6;0;19807226.0;sticker/webp;;[];False;False;578f686de847bcba;[];[Stiker]
269;6;0;19807230.0;sticker/webp;;[];False;False;578f686de847bcba;[];[Stiker]
270;6;0;19807722.0;sticker/webp;;[];False;False;73096f25fb4a1cc8;[];[Stiker]
271;6;0;19807930.0;sticker/webp;;[];False;False;578f686de847bcba;[];[Stiker]
272;6;0;19807973.0;sticker/webp;;[];False;False;90afb96b74df9584;[];[Stiker]
273;6;0;19808019.0;sticker/webp;;[];False;False;578f686de847bcba;[];[Stiker]
274;6;0;19808346.0;sticker/webp;;[];False;False;6b48595b7b24a492;[];[Stiker]
275;6;0;19808366.0;sticker/webp;;[];False;False;578f686de847bcba;[];[Stiker]
276;6;0;19808865.0;sticker/webp;;[];False;False;4f0f6eede0886bca;[];[Stiker]
277;6;11-50;19808905.0;text;;[];False;False;90afb96b74df9584;[];Matkul ini susah banget.
278;6;0;19808910.0;sticker/webp;;[];False;False;90afb96b74df9584;[];[Stiker]
279;6;0;19809047.0;sticker/webp;;[];False;False;4f0f6eede0886bca;[];[Stiker]
280;6;0;19809064.0;sticker/webp;;[];False;False;4f0f6eede0886bca;[];[Stiker]
281;6;0;19809121.0;sticker/webp;;[];False;False;792c3a516aeb42da;[];[Stiker]
282;6;0;19809126.0;sticker/webp;278.0;[];False;False;792c3a516aeb42da;[];[Stiker]
283;6;0;19809149.0;sticker/webp;;[];False;False;4f0f6eede0886bca;[];[Stiker]
284;6;1-10;19809164.0;text;;[];False;False;90afb96b74df9584;[];Siap.
285;6;0;19809193.0;sticker/webp;;[];False;False;4f0f6eede0886bca;[];[Stiker]
286;6;0;19809220.0;sticker/webp;;[];False;False;578f686de847bcba;[];[Stiker]
287;6;0;19809230.0;sticker/webp;;[];False;False;90f3214eae8356ee;[];[Stiker]
288;6;0;19809235.0;sticker/webp;;[];False;False;90f3214eae8356ee;[];[Stiker]
289;6;0;19809242.0;sticker/webp;;[];False;False;73096f25fb4a1cc8;[];[Stiker]
290;6;0;19810521.0;sticker/webp;;[];False;False;499d10b7e54f80fb;[];[Stiker]
291;6;0;19810534.0;sticker/webp;;[];False;False;ac40f783af9ab600;[];[Stiker]
292;6;0;19810536.0;sticker/webp;;[];False;False;ac40f783af9ab600;[];[Stiker]
293;6;0;19810539.0;sticker/webp;;[];False;False;ac40f783af9ab600;[];[Stiker]
294;6;0;19810548.0;sticker/webp;;[];False;False;499d10b7e54f80fb;[];[Stiker]
295;6;0;19810568.0;sticker/webp;;[];False;False;499d10b7e54f80fb;[];[Stiker]
296;6;0;19810579.0;sticker/webp;;[];False;False;499d10b7e54f80fb;[];[Stiker]
297;6;0;19811117.0;sticker/webp;;[];False;False;408c5668b5c4b4fc;[];[Stiker]
298;6;0;19811139.0;sticker/webp;;[];False;False;974ebb3ca63fce70;[];[Stiker]
299;6;0;19811722.0;sticker/webp;;[];False;False;4b14b4649f9c5723;[];[Stiker]
300;6;0;19811737.0;sticker/webp;;[];False;False;578f686de847bcba;[];[Stiker]
301;6;0;19811751.0;sticker/webp;;[];False;False;2aebd8fa5110f1d6;[];[Stiker]
302;6;0;19811767.0;sticker/webp;;[];False;False;4b14b4649f9c5723;[];[Stiker]
303;6;0;19811777.0;sticker/webp;;[];False;False;4b14b4649f9c5723;[];[Stiker]
304;6;0;19811851.0;sticker/webp;;[];False;False;90afb96b74df9584;[];[Stiker]
305;6;0;19811854.0;sticker/webp;;[];False;False;578f686de847bcba;[];[Stiker]
306;6;0;19811918.0;sticker/webp;;[];False;False;4b14b4649f9c5723;[];[Stiker]
307;6;0;19811928.0;sticker/webp;;[];False;False;90afb96b74df9584;[];[Stiker]
308;6;0;19811937.0;sticker/webp;;[];False;False;792c3a516aeb42da;[];[Stiker]
309;6;0;19811953.0;sticker/webp;;[];False;False;90afb96b74df9584;[];[Stiker]
310;6;0;19811955.0;sticker/webp;;[];False;False;2aebd8fa5110f1d6;[];[Stiker]
311;6;0;19811981.0;sticker/webp;;[];False;False;4b14b4649f9c5723;[];[Stiker]
312;6;0;19811987.0;sticker/webp;;[];False;False;578f686de847bcba;[];[Stiker]
313;6;0;19811992.0;sticker/webp;;[];False;False;90afb96b74df9584;[];[Stiker]
314;6;0;19812015.0;sticker/webp;;[];False;False;2aebd8fa5110f1d6;[];[Stiker]
315;6;0;19812021.0;sticker/webp;312.0;[];False;False;4b14b4649f9c5723;[];[Stiker]
316;6;0;19812030.0;sticker/webp;;[];False;False;90afb96b74df9584;[];[Stiker]
317;6;0;19812111.0;sticker/webp;;[];False;False;8b8ebbc3d56fe7a7;[];[Stiker]
318;6;0;19812133.0;sticker/webp;;[];False;False;ac40f783af9ab600;[];[Stiker]
319;6;0;19812140.0;sticker/webp;;[];False;False;90afb96b74df9584;[];[Stiker]
320;6;0;19812188.0;sticker/webp;;[];False;False;2aebd8fa5110f1d6;[];[Stiker]
321;6;0;19812275.0;sticker/webp;;[];False;False;578f686de847bcba;[];[Stiker]
322;6;0;19812320.0;sticker/webp;;[];False;False;90afb96b74df9584;[];[Stiker]
323;6;0;19812340.0;sticker/webp;;[];False;False;2aebd8fa5110f1d6;[];[Stiker]
324;6;0;19812349.0;sticker/webp;;[];False;False;90afb96b74df9584;[];[Stiker]
325;6;0;19812350.0;sticker/webp;;[];False;False;4b14b4649f9c5723;[];[Stiker]
326;6;0;19812353.0;sticker/webp;;[];False;False;90afb96b74df9584;[];[Stiker]
327;6;0;19812358.0;sticker/webp;;[];False;False;90afb96b74df9584;[];[Stiker]
328;6;0;19812361.0;sticker/webp;;[];False;False;578f686de847bcba;[];[Stiker]
329;6;0;19812396.0;sticker/webp;;[];False;False;2aebd8fa5110f1d6;[];[Stiker]
330;6;0;19812413.0;sticker/webp;;[];False;False;4b14b4649f9c5723;[];[Stiker]
331;6;0;19812417.0;sticker/webp;;[];False;False;4b14b4649f9c5723;[];[Stiker]
332;6;0;19812452.0;sticker/webp;;[];False;False;90afb96b74df9584;[];[Stiker]
333;6;0;19812538.0;sticker/webp;;[];False;False;90afb96b74df9584;[];[Stiker]
334;6;0;19812564.0;sticker/webp;;[];False;False;4b14b4649f9c5723;[];[Stiker]
335;6;0;19812792.0;sticker/webp;;[];False;False;578f686de847bcba;[];[Stiker]
336;6;0;19813310.0;sticker/webp;;[];False;False;90afb96b74df9584;[];[Stiker]
337;6;0;19813471.0;sticker/webp;336.0;[];False;False;578f686de847bcba;[];[Stiker]
338;6;11-50;19814275.0;text;;[];False;False;974ebb3ca63fce70;[];tadi absennnn ga sih kamuu
339;6;1-10;19814287.0;text;;[];False;False;3f5b42a78489ad8a;[];otw
340;6;11-50;19814288.0;text;;[];False;False;974ebb3ca63fce70;[];matkullll ini susah banget
341;6;0;19814324.0;sticker/webp;;[];False;False;3f5b42a78489ad8a;[];[Stiker]
342;6;11-50;19814562.0;text;;[];True;False;20991f844fb46887;[];lu dimana sekarang?
343;6;11-50;19815433.0;text;;[];False;False;59b4717815fb2f04;[];dosen gw galak banget sih
344;6;0;19815459.0;sticker/webp;;[];False;False;90f3214eae8356ee;[];[Stiker]
345;6;0;19815483.0;sticker/webp;;[];False;False;20991f844fb46887;[];[Stiker]
346;6;0;19815494.0;sticker/webp;345.0;[];False;False;59b4717815fb2f04;[];[Stiker]
347;6;0;19815505.0;sticker/webp;345.0;[];False;False;59b4717815fb2f04;[];[Stiker]
348;6;0;19815560.0;sticker/webp;;[];False;False;20991f844fb46887;[];[Stiker]
349;6;0;19815779.0;system;;[];False;False;408c5668b5c4b4fc;[];[Pesan sistem]
350;6;0;19816370.0;sticker/webp;;[];False;False;6b48595b7b24a492;[];[Stiker]
351;6;11-50;19816379.0;text;;[];False;False;6b48595b7b24a492;[];IPK gw turun semester ini!!!
352;6;1-10;19816390.0;text;;['😂'];False;False;6b48595b7b24a492;[];gas!!
353;6;0;19816695.0;sticker/webp;;[];False;False;578f686de847bcba;[];[Stiker]
354;6;0;19817219.0;sticker/webp;;[];False;False;6b48595b7b24a492;[];[Stiker]
355;6;0;19817229.0;sticker/webp;;[];False;False;6b48595b7b24a492;[];[Stiker]
356;7;0;19839598.0;sticker/webp;;[];False;False;c90ae3cb41094f71;[];[Stiker]
357;7;0;19855561.0;sticker/webp;;[];False;False;3084e56e74461654;[];[Stiker]
358;7;0;19855564.0;sticker/webp;;[];False;False;3084e56e74461654;[];[Stiker]
359;7;0;19855565.0;sticker/webp;;[];False;False;3084e56e74461654;[];[Stiker]
360;8;0;19858118.0;sticker/webp;;[];False;False;73096f25fb4a1cc8;[];[Stiker]
361;8;11-50;19858188.0;text;;[];False;False;a5f34109eb57020f;[];rame banget disini cuy
362;8;0;19858206.0;sticker/webp;;[];False;False;f79ef9646cc03d69;[];[Stiker]
363;8;0;19858227.0;sticker/webp;;[];False;False;a5f34109eb57020f;[];[Stiker]
364;8;0;19858232.0;sticker/webp;;[];False;False;f79ef9646cc03d69;[];[Stiker]
365;8;0;19858244.0;sticker/webp;;[];False;False;f79ef9646cc03d69;[];[Stiker]
366;8;0;19858249.0;sticker/webp;;[];False;False;73096f25fb4a1cc8;[];[Stiker]
367;8;0;19858258.0;sticker/webp;;[];False;False;73096f25fb4a1cc8;[];[Stiker]
368;8;0;19858264.0;sticker/webp;;[];False;False;f79ef9646cc03d69;[];[Stiker]
369;8;0;19858264.0;sticker/webp;;[];False;False;f79ef9646cc03d69;[];[Stiker]
370;8;0;19858268.0;sticker/webp;;[];False;False;f79ef9646cc03d69;[];[Stiker]
371;8;0;19858273.0;sticker/webp;;[];False;False;73096f25fb4a1cc8;[];[Stiker]
372;8;0;19858286.0;sticker/webp;;[];False;False;f79ef9646cc03d69;[];[Stiker]
373;8;0;19858299.0;sticker/webp;;[];False;False;73096f25fb4a1cc8;[];[Stiker]
374;8;0;19858304.0;sticker/webp;;[];False;False;90f3214eae8356ee;[];[Stiker]
375;8;0;19858305.0;sticker/webp;;[];False;False;90f3214eae8356ee;[];[Stiker]
376;8;0;19858306.0;sticker/webp;;[];False;False;73096f25fb4a1cc8;[];[Stiker]
377;8;0;19858310.0;sticker/webp;;[];False;False;90f3214eae8356ee;[];[Stiker]
378;8;0;19858321.0;sticker/webp;;[];False;False;90f3214eae8356ee;[];[Stiker]
379;8;0;19858322.0;sticker/webp;;[];False;False;73096f25fb4a1cc8;[];[Stiker]
380;8;0;19858346.0;sticker/webp;;[];False;False;90f3214eae8356ee;[];[Stiker]
381;8;0;19858353.0;sticker/webp;;[];False;False;90f3214eae8356ee;[];[Stiker]
382;8;0;19858366.0;unknown;;[];False;False;90f3214eae8356ee;[];[Media tidak dikenal]
383;8;0;19858377.0;sticker/webp;;[];False;False;90f3214eae8356ee;[];[Stiker]
384;8;0;19858384.0;sticker/webp;;[];False;False;f79ef9646cc03d69;[];[Stiker]
385;8;0;19858388.0;sticker/webp;;[];False;False;f79ef9646cc03d69;[];[Stiker]
386;8;0;19858400.0;sticker/webp;;[];False;False;f79ef9646cc03d69;[];[Stiker]
387;8;0;19858427.0;sticker/webp;;[];False;False;f79ef9646cc03d69;[];[Stiker]
388;8;0;19858436.0;sticker/webp;;[];False;False;90f3214eae8356ee;[];[Stiker]
389;8;0;19858455.0;sticker/webp;;[];False;False;90f3214eae8356ee;[];[Stiker]
390;8;0;19858479.0;sticker/webp;;[];False;False;90f3214eae8356ee;[];[Stiker]
391;8;0;19858480.0;sticker/webp;;[];False;False;90f3214eae8356ee;[];[Stiker]
392;8;0;19858484.0;sticker/webp;;[];False;False;90f3214eae8356ee;[];[Stiker]
393;8;0;19858880.0;sticker/webp;;[];False;False;7e4e007e7f8c7037;[];[Stiker]
394;8;0;19858885.0;sticker/webp;;[];False;False;7e4e007e7f8c7037;[];[Stiker]
395;8;0;19858942.0;sticker/webp;;[];False;False;4b14b4649f9c5723;[];[Stiker]
396;8;0;19858959.0;sticker/webp;;[];False;False;4b14b4649f9c5723;[];[Stiker]
397;8;11-50;19859292.0;text;;[];False;False;a5f34109eb57020f;[];gw lagi di warkop nih
398;9;0;19863880.0;sticker/webp;;[];False;False;1ef1e20dd72a145a;[];[Stiker]
399;9;0;19863911.0;sticker/webp;;[];False;False;73096f25fb4a1cc8;[];[Stiker]
400;9;11-50;19863966.0;text;;[];False;False;4cdfd58590037079;[];bsk sore ada waktu ga
401;9;0;19864468.0;unknown;;[];False;False;80598fc96722b883;[];[Media tidak dikenal]
402;9;0;19864488.0;sticker/webp;;[];False;False;1ef1e20dd72a145a;[];[Stiker]
403;9;0;19864561.0;sticker/webp;;[];False;False;80598fc96722b883;[];[Stiker]
404;9;0;19864563.0;sticker/webp;;[];False;False;80598fc96722b883;[];[Stiker]
405;9;0;19864567.0;sticker/webp;;[];False;False;80598fc96722b883;[];[Stiker]
406;9;0;19864568.0;sticker/webp;;[];False;False;80598fc96722b883;[];[Stiker]
407;9;0;19864570.0;sticker/webp;;[];False;False;80598fc96722b883;[];[Stiker]
408;9;0;19864572.0;sticker/webp;;[];False;False;80598fc96722b883;[];[Stiker]
409;9;0;19864576.0;sticker/webp;;[];False;False;80598fc96722b883;[];[Stiker]
410;9;0;19864708.0;sticker/webp;;[];False;False;a86d2d392c3bc9b1;[];[Stiker]
411;9;0;19864770.0;sticker/webp;;[];False;False;73096f25fb4a1cc8;[];[Stiker]
412;9;0;19864777.0;sticker/webp;;[];False;False;73096f25fb4a1cc8;[];[Stiker]
413;9;0;19864780.0;sticker/webp;;[];False;False;73096f25fb4a1cc8;[];[Stiker]
414;10;0;19867151.0;sticker/webp;;[];False;False;1ef1e20dd72a145a;[];[Stiker]
415;10;0;19867367.0;sticker/webp;;[];False;False;1e4790915a2f57fa;[];[Stiker]
416;10;0;19867401.0;sticker/webp;;[];False;False;2b64b6e175536ca8;[];[Stiker]
417;10;0;19867698.0;sticker/webp;;[];False;False;b06e171fb9b95ab7;[];[Stiker]
418;10;0;19867703.0;sticker/webp;;[];False;False;b06e171fb9b95ab7;[];[Stiker]
419;10;0;19867705.0;sticker/webp;;[];False;False;b06e171fb9b95ab7;[];[Stiker]
420;10;0;19867710.0;sticker/webp;;[];False;False;b06e171fb9b95ab7;[];[Stiker]
421;10;0;19867710.0;sticker/webp;;[];False;False;b06e171fb9b95ab7;[];[Stiker]
422;10;0;19867711.0;sticker/webp;;[];False;False;b06e171fb9b95ab7;[];[Stiker]
423;10;0;19867711.0;sticker/webp;;[];False;False;b06e171fb9b95ab7;[];[Stiker]
424;10;0;19867712.0;sticker/webp;;[];False;False;b06e171fb9b95ab7;[];[Stiker]
425;10;0;19867718.0;sticker/webp;;[];False;False;b06e171fb9b95ab7;[];[Stiker]
426;10;0;19867719.0;sticker/webp;;[];False;False;b06e171fb9b95ab7;[];[Stiker]
427;10;0;19867725.0;sticker/webp;;[];False;False;b06e171fb9b95ab7;[];[Stiker]
428;10;0;19867726.0;sticker/webp;;[];False;False;b06e171fb9b95ab7;[];[Stiker]
429;10;0;19867727.0;sticker/webp;;[];False;False;b06e171fb9b95ab7;[];[Stiker]
430;10;0;19867731.0;sticker/webp;;[];False;False;b06e171fb9b95ab7;[];[Stiker]
431;10;0;19867731.0;sticker/webp;;[];False;False;b06e171fb9b95ab7;[];[Stiker]
432;10;0;19867738.0;sticker/webp;;[];False;False;b06e171fb9b95ab7;[];[Stiker]
433;11;0;19871267.0;sticker/webp;;[];False;False;aed552260582d5ea;[];[Stiker]
434;11;0;19871293.0;sticker/webp;;[];False;False;aed552260582d5ea;[];[Stiker]
435;11;0;19871297.0;sticker/webp;;[];False;False;aed552260582d5ea;[];[Stiker]
436;11;0;19871501.0;sticker/webp;;[];False;False;79eea162743f05be;[];[Stiker]
437;11;0;19871610.0;sticker/webp;;[];False;False;c90ae3cb41094f71;[];[Stiker]
438;11;0;19871643.0;sticker/webp;;[];False;False;a607e0e22fb81fb0;[];[Stiker]
439;11;0;19871894.0;sticker/webp;;[];False;False;2b64b6e175536ca8;[];[Stiker]
440;11;0;19871905.0;sticker/webp;;[];False;False;2b64b6e175536ca8;[];[Stiker]
441;11;0;19872330.0;sticker/webp;;[];False;False;90afb96b74df9584;[];[Stiker]
442;12;11-50;19874964.0;text;;[];False;False;364a8fe133736028;[];gw baru aja ketemu mantan
443;12;0;19874977.0;sticker/webp;;[];False;False;364a8fe133736028;[];[Stiker]
444;12;0;19875025.0;sticker/webp;;[];False;False;90afb96b74df9584;[];[Stiker]
445;12;0;19875134.0;sticker/webp;;[];False;False;73096f25fb4a1cc8;[];[Stiker]
446;13;0;19877342.0;sticker/webp;;[];False;False;b06e171fb9b95ab7;[];[Stiker]
447;13;0;19877347.0;sticker/webp;;[];False;False;b06e171fb9b95ab7;[];[Stiker]
448;13;0;19877349.0;sticker/webp;;[];False;False;b06e171fb9b95ab7;[];[Stiker]
449;13;0;19877350.0;sticker/webp;;[];False;False;b06e171fb9b95ab7;[];[Stiker]
450;13;0;19877353.0;sticker/webp;;[];False;False;b06e171fb9b95ab7;[];[Stiker]
451;13;0;19877356.0;sticker/webp;;[];False;False;b06e171fb9b95ab7;[];[Stiker]
452;13;0;19877359.0;sticker/webp;;[];False;False;b06e171fb9b95ab7;[];[Stiker]
453;13;0;19877359.0;sticker/webp;;[];False;False;b06e171fb9b95ab7;[];[Stiker]
454;13;0;19877362.0;sticker/webp;;[];False;False;b06e171fb9b95ab7;[];[Stiker]
455;13;0;19877363.0;sticker/webp;;[];False;False;b06e171fb9b95ab7;[];[Stiker]
456;13;0;19877368.0;sticker/webp;;[];False;False;b06e171fb9b95ab7;[];[Stiker]
457;13;0;19877369.0;sticker/webp;;[];False;False;b06e171fb9b95ab7;[];[Stiker]
458;13;0;19877370.0;sticker/webp;;[];False;False;b06e171fb9b95ab7;[];[Stiker]
459;13;0;19877371.0;sticker/webp;;[];False;False;b06e171fb9b95ab7;[];[Stiker]
460;13;0;19877379.0;sticker/webp;;[];False;False;4cdfd58590037079;[];[Stiker]
461;13;0;19877393.0;sticker/webp;;[];False;False;b06e171fb9b95ab7;[];[Stiker]
462;13;0;19877400.0;sticker/webp;;[];False;False;578f686de847bcba;[];[Stiker]
463;13;0;19877404.0;sticker/webp;;[];False;False;578f686de847bcba;[];[Stiker]
464;13;0;19877405.0;unknown;;[];False;False;578f686de847bcba;[];[Media tidak dikenal]
465;13;0;19877452.0;sticker/webp;;[];False;False;b06e171fb9b95ab7;[];[Stiker]
466;13;0;19877455.0;sticker/webp;;[];False;False;b06e171fb9b95ab7;[];[Stiker]
467;13;0;19877459.0;sticker/webp;;[];False;False;b06e171fb9b95ab7;[];[Stiker]
468;13;0;19877460.0;sticker/webp;;[];False;False;b06e171fb9b95ab7;[];[Stiker]
469;13;0;19877463.0;sticker/webp;;[];False;False;aed552260582d5ea;[];[Stiker]
470;13;0;19877463.0;sticker/webp;;[];False;False;b06e171fb9b95ab7;[];[Stiker]
471;13;0;19877464.0;sticker/webp;;[];False;False;b06e171fb9b95ab7;[];[Stiker]
472;13;0;19877475.0;sticker/webp;;[];False;False;aed552260582d5ea;[];[Stiker]
473;13;0;19877483.0;sticker/webp;;[];False;False;aed552260582d5ea;[];[Stiker]
474;13;0;19877485.0;sticker/webp;;[];False;False;aed552260582d5ea;[];[Stiker]
475;13;51-100;19877773.0;text;;[];False;False;364a8fe133736028;['aed552260582d5ea', 'b06e171fb9b95ab7', '578f686de847bcba'];nyokap gw nelfon tadi nanyain kapan pulang, gw bilang aja abis ujian
476;13;1-10;19877802.0;text;;[];True;False;aed552260582d5ea;[];apa?
477;13;11-50;19877807.0;text;;[];True;False;2b64b6e175536ca8;[];tugas dikumpul kapan shi?
478;13;51-100;19877836.0;text;;[];False;False;2b64b6e175536ca8;[];nyokap gw nelfon tadi nanyain kapan pulang, gw bliang aja abis ujian
479;13;11-50;19877844.0;text;;[];False;False;2b64b6e175536ca8;[];gw belmo mulai tugas
480;13;0;19877845.0;sticker/webp;;[];False;False;364a8fe133736028;[];[Stiker]
481;13;0;19877849.0;system;;[];False;False;2b64b6e175536ca8;[];[Pesan sistem]
482;13;0;19877851.0;sticker/webp;;[];False;False;364a8fe133736028;[];[Stiker]
483;13;0;19877854.0;sticker/webp;;[];False;False;aed552260582d5ea;[];[Stiker]
484;13;0;19877856.0;sticker/webp;463.0;[];False;False;364a8fe133736028;[];[Stiker]
485;13;0;19877880.0;sticker/webp;;[];False;False;1841671f174c0d74;[];[Stiker]
486;13;0;19877881.0;system;;[];False;False;364a8fe133736028;[];[Pesan sistem]
487;13;11-50;19877882.0;text;;[];True;False;aed552260582d5ea;[];lu dimana sekarang?
488;13;0;19877889.0;sticker/webp;;[];False;False;a1d20724ac2ba048;[];[Stiker]
489;13;0;19877892.0;sticker/webp;;[];False;False;364a8fe133736028;[];[Stiker]
490;13;0;19877897.0;system;;[];False;False;1ef1e20dd72a145a;[];[Pesan sistem]
491;13;0;19877900.0;sticker/webp;;[];False;False;7827148061b069d0;[];[Stiker]
492;13;0;19877931.0;sticker/webp;;[];False;False;7827148061b069d0;[];[Stiker]
493;13;0;19877990.0;sticker/webp;;[];False;False;1841671f174c0d74;[];[Stiker]
494;13;0;19878075.0;sticker/webp;;[];False;False;80598fc96722b883;[];[Stiker]
495;13;0;19878075.0;sticker/webp;;[];False;False;80598fc96722b883;[];[Stiker]
496;13;0;19878078.0;sticker/webp;;[];False;False;80598fc96722b883;[];[Stiker]
497;13;0;19878079.0;sticker/webp;;[];False;False;80598fc96722b883;[];[Stiker]
498;13;11-50;19878092.0;text;;[];False;False;578f686de847bcba;[];eh tadi kelas seru bangettt
499;13;0;19878092.0;sticker/webp;;[];False;False;80598fc96722b883;[];[Stiker]
500;13;0;19878097.0;sticker/webp;;[];False;False;578f686de847bcba;[];[Stiker]
501;13;0;19878098.0;sticker/webp;;[];False;False;80598fc96722b883;[];[Stiker]
502;13;0;19878115.0;sticker/webp;;[];False;False;1841671f174c0d74;[];[Stiker]
503;13;0;19878119.0;sticker/webp;;[];False;False;1841671f174c0d74;[];[Stiker]
504;13;0;19878123.0;sticker/webp;;[];False;False;1841671f174c0d74;[];[Stiker]
505;13;0;19878124.0;sticker/webp;;[];False;False;80598fc96722b883;[];[Stiker]
506;13;0;19878124.0;sticker/webp;;[];False;False;a1d20724ac2ba048;[];[Stiker]
507;13;0;19878129.0;sticker/webp;;[];False;False;1841671f174c0d74;[];[Stiker]
508;13;0;19878134.0;sticker/webp;;[];False;False;1841671f174c0d74;[];[Stiker]
509;13;0;19878134.0;sticker/webp;;[];False;False;1841671f174c0d74;[];[Stiker]
510;13;0;19878136.0;sticker/webp;;[];False;False;8b8ebbc3d56fe7a7;[];[Stiker]
511;13;0;19878136.0;sticker/webp;;[];False;False;1841671f174c0d74;[];[Stiker]
512;13;0;19878141.0;sticker/webp;;[];False;False;1841671f174c0d74;[];[Stiker]
513;13;0;19878142.0;sticker/webp;;[];False;False;1841671f174c0d74;[];[Stiker]
514;13;0;19878143.0;sticker/webp;;[];False;False;1841671f174c0d74;[];[Stiker]
515;13;0;19878144.0;sticker/webp;;[];False;False;a1d20724ac2ba048;[];[Stiker]
516;13;0;19878145.0;sticker/webp;;[];False;False;1841671f174c0d74;[];[Stiker]
517;13;0;19878151.0;sticker/webp;;[];False;False;1841671f174c0d74;[];[Stiker]
518;13;0;19878154.0;sticker/webp;;[];False;False;1841671f174c0d74;[];[Stiker]
519;13;0;19878154.0;sticker/webp;;[];False;False;1841671f174c0d74;[];[Stiker]
520;13;0;19878154.0;sticker/webp;;[];False;False;1841671f174c0d74;[];[Stiker]
521;13;0;19878157.0;sticker/webp;;[];False;False;1841671f174c0d74;[];[Stiker]
522;13;0;19878158.0;sticker/webp;;[];False;False;1841671f174c0d74;[];[Stiker]
523;13;0;19878165.0;sticker/webp;;[];False;False;1841671f174c0d74;[];[Stiker]
524;13;0;19878171.0;sticker/webp;;[];False;False;1841671f174c0d74;[];[Stiker]
525;13;0;19878177.0;sticker/webp;;[];False;False;1841671f174c0d74;[];[Stiker]
526;13;0;19878179.0;sticker/webp;;[];False;False;1841671f174c0d74;[];[Stiker]
527;13;0;19878181.0;sticker/webp;;[];False;False;1841671f174c0d74;[];[Stiker]
528;13;0;19878188.0;sticker/webp;;[];False;False;a1d20724ac2ba048;[];[Stiker]
529;13;0;19878191.0;sticker/webp;;[];False;False;4cdfd58590037079;[];[Stiker]
530;13;0;19878199.0;sticker/webp;;[];False;False;1841671f174c0d74;[];[Stiker]
531;13;0;19878202.0;sticker/webp;;[];False;False;1841671f174c0d74;[];[Stiker]
532;13;0;19878215.0;sticker/webp;;[];False;False;1841671f174c0d74;[];[Stiker]
533;13;0;19878223.0;sticker/webp;;[];False;False;1841671f174c0d74;[];[Stiker]
534;13;0;19878226.0;sticker/webp;;[];False;False;1841671f174c0d74;[];[Stiker]
535;13;0;19878233.0;sticker/webp;;[];False;False;8b8ebbc3d56fe7a7;[];[Stiker]
536;13;0;19878235.0;sticker/webp;;[];False;False;1841671f174c0d74;[];[Stiker]
537;13;0;19878246.0;sticker/webp;;[];False;False;1841671f174c0d74;[];[Stiker]
538;13;0;19878248.0;sticker/webp;;[];False;False;1841671f174c0d74;[];[Stiker]
539;13;0;19878250.0;sticker/webp;;[];False;False;1841671f174c0d74;[];[Stiker]
540;13;0;19878260.0;sticker/webp;;[];False;False;1841671f174c0d74;[];[Stiker]
541;13;0;19878261.0;sticker/webp;;[];False;False;1841671f174c0d74;[];[Stiker]
542;13;0;19878263.0;sticker/webp;;[];False;False;1841671f174c0d74;[];[Stiker]
543;13;0;19878268.0;sticker/webp;;[];False;False;1841671f174c0d74;[];[Stiker]
544;13;0;19878276.0;sticker/webp;;[];False;False;1841671f174c0d74;[];[Stiker]
545;13;0;19878279.0;sticker/webp;;[];False;False;1841671f174c0d74;[];[Stiker]
546;13;0;19878283.0;sticker/webp;;[];False;False;a1d20724ac2ba048;[];[Stiker]
547;13;0;19878288.0;sticker/webp;;[];False;False;80598fc96722b883;[];[Stiker]
548;13;0;19878290.0;sticker/webp;;[];False;False;80598fc96722b883;[];[Stiker]
549;13;0;19878293.0;sticker/webp;;[];False;False;1841671f174c0d74;[];[Stiker]
550;13;0;19878305.0;sticker/webp;;[];False;False;1841671f174c0d74;[];[Stiker]
551;13;0;19878306.0;sticker/webp;;[];False;False;1841671f174c0d74;[];[Stiker]
552;13;0;19878307.0;sticker/webp;;[];False;False;1841671f174c0d74;[];[Stiker]
553;13;0;19878313.0;sticker/webp;;[];False;False;1841671f174c0d74;[];[Stiker]
554;13;0;19878324.0;sticker/webp;;[];False;False;1841671f174c0d74;[];[Stiker]
555;13;0;19878901.0;sticker/webp;;[];False;False;578f686de847bcba;[];[Stiker]
556;13;0;19880492.0;unknown;;[];False;False;6b48595b7b24a492;[];[Media tidak dikenal]
557;13;0;19880498.0;unknown;;[];False;False;6b48595b7b24a492;[];[Media tidak dikenal]
558;13;0;19880524.0;sticker/webp;;[];False;False;6b48595b7b24a492;[];[Stiker]
559;14;0;19882376.0;sticker/webp;;[];False;False;e3974bca816ec644;[];[Stiker]
560;14;0;19884411.0;system;;[];False;False;52074f9b51e29beb;[];[Pesan sistem]
561;14;0;19885339.0;sticker/webp;;[];False;False;90afb96b74df9584;[];[Stiker]
562;14;0;19885714.0;sticker/webp;;[];False;False;a1d20724ac2ba048;[];[Stiker]
563;14;0;19885944.0;sticker/webp;;[];False;False;8b082f1fccb9107e;[];[Stiker]
564;14;0;19886376.0;unknown;;[];False;False;499d10b7e54f80fb;[];[Media tidak dikenal]
565;14;0;19886386.0;sticker/webp;;[];False;False;499d10b7e54f80fb;[];[Stiker]
566;14;0;19886718.0;sticker/webp;;[];False;False;9e7c75b621f205db;[];[Stiker]
567;14;0;19887002.0;sticker/webp;;[];False;False;499d10b7e54f80fb;[];[Stiker]
568;14;0;19887737.0;sticker/webp;;[];False;False;b06e171fb9b95ab7;[];[Stiker]
569;14;0;19887781.0;sticker/webp;;[];False;False;b06e171fb9b95ab7;[];[Stiker]
570;14;0;19887785.0;sticker/webp;;[];False;False;b06e171fb9b95ab7;[];[Stiker]
571;14;0;19887786.0;sticker/webp;;[];False;False;b06e171fb9b95ab7;[];[Stiker]
572;14;0;19887815.0;sticker/webp;;[];False;False;b06e171fb9b95ab7;[];[Stiker]
573;14;0;19887818.0;sticker/webp;;[];False;False;b06e171fb9b95ab7;[];[Stiker]
574;14;0;19887819.0;sticker/webp;;[];False;False;b06e171fb9b95ab7;[];[Stiker]
575;14;0;19887820.0;sticker/webp;;[];False;False;b06e171fb9b95ab7;[];[Stiker]
576;14;0;19888208.0;sticker/webp;;[];False;False;4f0f6eede0886bca;[];[Stiker]
577;14;0;19888210.0;sticker/webp;;[];False;False;4f0f6eede0886bca;[];[Stiker]
578;14;0;19888215.0;sticker/webp;;[];False;False;4f0f6eede0886bca;[];[Stiker]
579;14;0;19888216.0;sticker/webp;;[];False;False;4f0f6eede0886bca;[];[Stiker]
580;15;0;19890522.0;sticker/webp;;[];False;False;499d10b7e54f80fb;[];[Stiker]
581;15;0;19890523.0;sticker/webp;;[];False;False;499d10b7e54f80fb;[];[Stiker]
582;15;0;19890524.0;sticker/webp;;[];False;False;499d10b7e54f80fb;[];[Stiker]
583;15;0;19890531.0;sticker/webp;;[];False;False;499d10b7e54f80fb;[];[Stiker]
584;15;11-50;19890639.0;text;;[];False;False;a5f34109eb57020f;[];lab komputer penuh terus
585;15;11-50;19890645.0;text;;[];False;False;a5f34109eb57020f;[];lab komputer penuh terus
586;15;0;19890676.0;sticker/webp;;[];False;False;a5f34109eb57020f;[];[Stiker]
587;15;0;19890885.0;sticker/webp;;[];False;False;dd1510013d6b16a7;[];[Stiker]
588;15;0;19890896.0;sticker/webp;;[];False;False;a5f34109eb57020f;[];[Stiker]
589;15;11-50;19890916.0;text;;[];False;False;dd1510013d6b16a7;[];deadline besok pagi... bro
590;15;0;19890949.0;sticker/webp;;[];False;False;a5f34109eb57020f;[];[Stiker]
591;15;0;19891936.0;sticker/webp;;[];False;False;499d10b7e54f80fb;[];[Stiker]
592;15;0;19892619.0;sticker/webp;;[];False;False;79eea162743f05be;[];[Stiker]
593;15;0;19892642.0;sticker/webp;;[];False;False;79eea162743f05be;[];[Stiker]
594;15;11-50;19893100.0;text;;[];False;False;499d10b7e54f80fb;[];ipk gw turun semester ni
595;15;0;19893219.0;sticker/webp;;[];False;False;a1d20724ac2ba048;[];[Stiker]
596;15;1-10;19893241.0;text;;[];False;False;a5f34109eb57020f;[];yuk
597;15;1-10;19893266.0;text;;['😂'];False;False;499d10b7e54f80fb;[];yuk
598;15;0;19893266.0;sticker/webp;;[];False;False;79eea162743f05be;[];[Stiker]
599;15;0;19893444.0;sticker/webp;;[];False;False;2aebd8fa5110f1d6;[];[Stiker]
600;15;0;19894575.0;unknown;;[];False;False;dae8154bdfb58fc3;[];[Media tidak dikenal]
601;15;0;19894581.0;sticker/webp;;[];False;False;dae8154bdfb58fc3;[];[Stiker]
602;15;0;19894602.0;sticker/webp;599.0;[];False;False;6af7bb586586c6eb;[];[Stiker]
603;15;0;19894613.0;sticker/webp;;[];False;False;dae8154bdfb58fc3;[];[Stiker]
604;15;0;19894634.0;sticker/webp;;[];False;False;6af7bb586586c6eb;[];[Stiker]
605;15;0;19894658.0;sticker/webp;;[];False;False;a5f34109eb57020f;[];[Stiker]
606;15;0;19894671.0;sticker/webp;;[];False;False;dae8154bdfb58fc3;[];[Stiker]
607;15;0;19894702.0;sticker/webp;;[];False;False;dae8154bdfb58fc3;[];[Stiker]
608;15;0;19894703.0;sticker/webp;;[];False;False;6af7bb586586c6eb;[];[Stiker]
609;15;0;19894704.0;sticker/webp;;[];False;False;6af7bb586586c6eb;[];[Stiker]
610;15;0;19894716.0;sticker/webp;;[];False;False;a5f34109eb57020f;[];[Stiker]
611;15;0;19894716.0;sticker/webp;;[];False;False;a5f34109eb57020f;[];[Stiker]
612;15;0;19894720.0;sticker/webp;;[];False;False;2aebd8fa5110f1d6;[];[Stiker]
613;15;0;19894723.0;sticker/webp;;[];False;False;a5f34109eb57020f;[];[Stiker]
614;15;0;19894723.0;sticker/webp;;[];False;False;a5f34109eb57020f;[];[Stiker]
615;15;0;19894733.0;sticker/webp;;[];False;False;a5f34109eb57020f;[];[Stiker]
616;15;0;19894734.0;sticker/webp;;[];False;False;a5f34109eb57020f;[];[Stiker]
617;15;0;19894744.0;sticker/webp;;[];False;False;a5f34109eb57020f;[];[Stiker]
618;15;0;19894744.0;sticker/webp;;[];False;False;dae8154bdfb58fc3;[];[Stiker]
619;15;0;19894771.0;sticker/webp;;[];False;False;6af7bb586586c6eb;[];[Stiker]
620;15;0;19894785.0;sticker/webp;;[];False;False;6af7bb586586c6eb;[];[Stiker]
621;15;0;19894816.0;sticker/webp;;[];False;False;dae8154bdfb58fc3;[];[Stiker]
622;15;0;19894819.0;sticker/webp;;[];False;False;dae8154bdfb58fc3;[];[Stiker]
623;15;0;19894851.0;sticker/webp;;[];False;False;dae8154bdfb58fc3;[];[Stiker]
624;15;0;19894868.0;sticker/webp;;[];False;False;6af7bb586586c6eb;[];[Stiker]
625;15;0;19894911.0;sticker/webp;;[];False;False;dae8154bdfb58fc3;[];[Stiker]
626;15;0;19894914.0;sticker/webp;;[];False;False;dae8154bdfb58fc3;[];[Stiker]
627;15;0;19894929.0;sticker/webp;;[];False;False;6af7bb586586c6eb;[];[Stiker]
628;15;0;19894933.0;sticker/webp;;[];False;False;6af7bb586586c6eb;[];[Stiker]
629;15;0;19894950.0;sticker/webp;;[];False;False;dae8154bdfb58fc3;[];[Stiker]
630;15;0;19895002.0;sticker/webp;;[];False;False;6af7bb586586c6eb;[];[Stiker]
631;15;0;19895015.0;sticker/webp;;[];False;False;dae8154bdfb58fc3;[];[Stiker]
632;15;0;19895037.0;sticker/webp;;[];False;False;6af7bb586586c6eb;[];[Stiker]
633;15;0;19895039.0;sticker/webp;;[];False;False;dbc9b15db5694d60;[];[Stiker]
634;15;0;19895044.0;sticker/webp;;[];False;False;499d10b7e54f80fb;[];[Stiker]
635;15;0;19895046.0;sticker/webp;;[];False;False;dae8154bdfb58fc3;[];[Stiker]
636;15;0;19895057.0;sticker/webp;;[];False;False;dae8154bdfb58fc3;[];[Stiker]
637;15;0;19895129.0;sticker/webp;;[];False;False;dae8154bdfb58fc3;[];[Stiker]
638;15;0;19895392.0;sticker/webp;;[];False;False;cbb7c09616c1097e;[];[Stiker]
639;15;0;19895591.0;sticker/webp;;[];False;False;80598fc96722b883;[];[Stiker]
640;15;0;19895595.0;sticker/webp;;[];False;False;80598fc96722b883;[];[Stiker]
641;15;0;19895602.0;sticker/webp;;[];False;False;80598fc96722b883;[];[Stiker]
642;15;0;19895623.0;sticker/webp;;[];False;False;cbb7c09616c1097e;[];[Stiker]
643;15;0;19895653.0;sticker/webp;;[];False;False;ac40f783af9ab600;[];[Stiker]
644;15;0;19896219.0;sticker/webp;;[];False;False;90f3214eae8356ee;[];[Stiker]
645;15;0;19897469.0;sticker/webp;;[];False;False;73096f25fb4a1cc8;[];[Stiker]
646;15;0;19897619.0;sticker/webp;;[];False;False;dbc9b15db5694d60;[];[Stiker]
647;15;0;19897661.0;sticker/webp;;[];False;False;dd1510013d6b16a7;[];[Stiker]
648;15;0;19897662.0;sticker/webp;;[];False;False;dd1510013d6b16a7;[];[Stiker]
649;15;0;19897667.0;sticker/webp;;[];False;False;dd1510013d6b16a7;[];[Stiker]
650;15;0;19897678.0;sticker/webp;;[];False;False;a5f34109eb57020f;[];[Stiker]
651;15;0;19897715.0;sticker/webp;;[];False;False;dd1510013d6b16a7;[];[Stiker]
652;15;0;19897747.0;sticker/webp;;[];False;False;dae8154bdfb58fc3;[];[Stiker]
653;15;0;19898219.0;unknown;;[];False;False;a4d7b21933ee657f;[];[Media tidak dikenal]
654;15;0;19898282.0;sticker/webp;;[];False;False;08898dd87b81ecbb;[];[Stiker]
655;15;0;19898294.0;sticker/webp;;[];False;False;dae8154bdfb58fc3;[];[Stiker]
656;15;0;19898338.0;sticker/webp;;[];False;False;cbb7c09616c1097e;[];[Stiker]
657;15;0;19898342.0;sticker/webp;;[];False;False;cbb7c09616c1097e;[];[Stiker]
658;15;11-50;19898367.0;text;;[];True;False;73096f25fb4a1cc8;[];siapa yang mau ikut?
659;15;1-10;19898378.0;text;;[];False;False;dd1510013d6b16a7;[];iya
660;15;1-10;19898380.0;text;;[];False;False;dd1510013d6b16a7;[];ok
661;15;0;19898414.0;sticker/webp;;[];False;False;90afb96b74df9584;[];[Stiker]
662;15;0;19898416.0;sticker/webp;;[];False;False;73096f25fb4a1cc8;[];[Stiker]
663;15;0;19898420.0;sticker/webp;;[];False;False;90afb96b74df9584;[];[Stiker]
664;15;11-50;19898424.0;text;;[];False;False;90afb96b74df9584;[];Eh tadi kelas seru banget.
665;15;0;19898621.0;sticker/webp;;[];False;False;73096f25fb4a1cc8;[];[Stiker]
666;15;0;19898783.0;sticker/webp;;[];False;False;90afb96b74df9584;[];[Stiker]
667;16;0;19901255.0;sticker/webp;;[];False;False;123699db38418d68;[];[Stiker]
668;16;11-50;19902844.0;text;;[];False;False;a94c874ce80059e9;[];gw lg sibuk bgt minggu ini
669;16;0;19903010.0;sticker/webp;;[];False;False;4b14b4649f9c5723;[];[Stiker]
670;17;11-50;19937201.0;text;;[];False;False;792c3a516aeb42da;[];Wifi kampus lemot parah.
671;17;0;19937276.0;sticker/webp;;[];False;False;a5f34109eb57020f;[];[Stiker]
672;17;0;19937285.0;sticker/webp;;[];False;False;d29aac0e602aea55;[];[Stiker]
673;17;0;19937299.0;sticker/webp;;[];False;False;d29aac0e602aea55;[];[Stiker]
674;17;0;19937327.0;sticker/webp;;[];False;False;939fd2fe02b17253;[];[Stiker]
675;17;0;19938624.0;sticker/webp;;[];False;False;d29aac0e602aea55;[];[Stiker]
676;17;0;19938630.0;sticker/webp;;[];False;False;d29aac0e602aea55;[];[Stiker]
677;18;0;20068075.0;sticker/webp;;[];False;False;9f0039949f360220;[];[Stiker]
678;18;0;20068200.0;sticker/webp;;[];False;False;2aebd8fa5110f1d6;[];[Stiker]
679;19;0;20073326.0;sticker/webp;;[];False;False;d9024a53059c2102;[];[Stiker]
680;19;11-50;20073335.0;text;679.0;[];False;False;d9024a53059c2102;[];duit bulanan belum dikirim
681;19;0;20073397.0;system;;[];False;False;f44a15d8833f1d71;[];[Pesan sistem]
682;19;0;20073427.0;sticker/webp;;[];False;False;643b625a7a04d89d;[];[Stiker]
683;19;0;20073434.0;sticker/webp;;[];False;False;643b625a7a04d89d;[];[Stiker]
684;19;0;20073436.0;sticker/webp;;[];False;False;643b625a7a04d89d;[];[Stiker]
685;19;0;20073438.0;sticker/webp;;[];False;False;643b625a7a04d89d;[];[Stiker]
686;19;0;20073546.0;sticker/webp;;[];False;False;2aebd8fa5110f1d6;[];[Stiker]
687;19;0;20073550.0;sticker/webp;;[];False;False;2aebd8fa5110f1d6;[];[Stiker]
688;19;0;20073562.0;system;;[];False;False;1841671f174c0d74;[];[Pesan sistem]
689;19;0;20073695.0;sticker/webp;;[];False;False;578f686de847bcba;[];[Stiker]
690;19;0;20073755.0;sticker/webp;;[];False;False;08898dd87b81ecbb;[];[Stiker]
691;19;0;20073778.0;sticker/webp;;[];False;False;d9024a53059c2102;[];[Stiker]
692;19;1-10;20073800.0;text;;[];False;False;6e0b844be24a9c73;[];anjay
693;19;0;20073868.0;sticker/webp;;[];False;False;a1d20724ac2ba048;[];[Stiker]
694;19;0;20073924.0;sticker/webp;;[];False;False;08898dd87b81ecbb;[];[Stiker]
695;19;0;20073992.0;sticker/webp;;[];False;False;3f5b42a78489ad8a;[];[Stiker]
696;19;0;20073993.0;sticker/webp;;[];False;False;3f5b42a78489ad8a;[];[Stiker]
697;19;0;20074298.0;sticker/webp;;[];False;False;a1d20724ac2ba048;[];[Stiker]
698;19;0;20074353.0;sticker/webp;;[];False;False;3f5b42a78489ad8a;[];[Stiker]
699;19;0;20074846.0;sticker/webp;;[];False;False;b06e171fb9b95ab7;[];[Stiker]
700;19;0;20074907.0;sticker/webp;;[];False;False;194bc109b7f66873;[];[Stiker]
701;19;0;20075098.0;sticker/webp;;[];False;False;3f5b42a78489ad8a;[];[Stiker]
702;19;0;20075121.0;sticker/webp;;[];False;False;643b625a7a04d89d;[];[Stiker]
703;19;0;20075164.0;sticker/webp;;[];False;False;123699db38418d68;[];[Stiker]
704;19;0;20075352.0;sticker/webp;;[];False;False;1e4790915a2f57fa;[];[Stiker]
705;19;0;20075414.0;sticker/webp;;[];False;False;3f5b42a78489ad8a;[];[Stiker]
706;19;0;20076489.0;sticker/webp;;[];False;False;dd1510013d6b16a7;[];[Stiker]
707;19;0;20076492.0;sticker/webp;;[];False;False;dd1510013d6b16a7;[];[Stiker]
708;19;0;20076493.0;sticker/webp;;[];False;False;dd1510013d6b16a7;[];[Stiker]
709;19;0;20076498.0;sticker/webp;;[];False;False;dd1510013d6b16a7;[];[Stiker]
710;19;0;20076529.0;sticker/webp;;[];False;False;dd1510013d6b16a7;[];[Stiker]
711;19;0;20076533.0;sticker/webp;;[];False;False;dd1510013d6b16a7;[];[Stiker]
712;19;0;20076557.0;sticker/webp;;[];False;False;dd1510013d6b16a7;[];[Stiker]
713;20;0;20083607.0;unknown;;[];False;False;937094946627b75f;[];[Media tidak dikenal]
714;20;0;20083609.0;unknown;;[];False;False;937094946627b75f;[];[Media tidak dikenal]
715;21;0;20115385.0;sticker/webp;;[];False;False;499d10b7e54f80fb;[];[Stiker]
716;21;0;20122575.0;sticker/webp;;[];False;False;6bd5450b1c6778b3;[];[Stiker]
717;21;0;20122864.0;sticker/webp;;[];False;False;3f5b42a78489ad8a;[];[Stiker]
718;21;0;20122905.0;sticker/webp;;[];False;False;6bd5450b1c6778b3;[];[Stiker]
719;21;0;20122921.0;sticker/webp;;[];False;False;dd1510013d6b16a7;[];[Stiker]
720;21;0;20122928.0;sticker/webp;;[];False;False;974ebb3ca63fce70;[];[Stiker]
721;21;0;20122977.0;sticker/webp;;[];False;False;a5f34109eb57020f;[];[Stiker]
722;22;0;20124965.0;sticker/webp;;[];False;False;9c74113f6aff898c;[];[Stiker]
723;22;0;20125320.0;sticker/webp;;[];False;False;a1d20724ac2ba048;[];[Stiker]
724;22;0;20125532.0;sticker/webp;;[];False;False;b06e171fb9b95ab7;[];[Stiker]
725;22;0;20125540.0;sticker/webp;;[];False;False;b06e171fb9b95ab7;[];[Stiker]
726;22;0;20125834.0;sticker/webp;;[];False;False;a1d20724ac2ba048;[];[Stiker]
727;22;0;20126022.0;sticker/webp;;[];False;False;4f0f6eede0886bca;[];[Stiker]
728;22;0;20126083.0;sticker/webp;;[];False;False;6bd5450b1c6778b3;[];[Stiker]
729;22;0;20126096.0;sticker/webp;;[];False;False;6bd5450b1c6778b3;[];[Stiker]
730;22;0;20126116.0;sticker/webp;;[];False;False;b06e171fb9b95ab7;[];[Stiker]
731;22;0;20126119.0;sticker/webp;;[];False;False;6bd5450b1c6778b3;[];[Stiker]
732;22;0;20126144.0;sticker/webp;;[];False;False;2aebd8fa5110f1d6;[];[Stiker]
733;22;0;20126146.0;sticker/webp;;[];False;False;6bd5450b1c6778b3;[];[Stiker]
734;22;0;20126227.0;sticker/webp;;[];False;False;b06e171fb9b95ab7;[];[Stiker]
735;22;0;20126282.0;sticker/webp;;[];False;False;a1d20724ac2ba048;[];[Stiker]
736;23;0;20135015.0;sticker/webp;;[];False;False;974ebb3ca63fce70;[];[Stiker]
737;23;0;20135016.0;sticker/webp;;[];False;False;974ebb3ca63fce70;[];[Stiker]
738;23;0;20135068.0;sticker/webp;;[];False;False;499d10b7e54f80fb;[];[Stiker]
739;23;0;20135192.0;sticker/webp;;[];False;False;4f0f6eede0886bca;[];[Stiker]
740;23;0;20135198.0;sticker/webp;737.0;[];False;False;4f0f6eede0886bca;[];[Stiker]
741;23;11-50;20137311.0;text;;[];False;False;5161182edf3a0553;[];kita ketemuan dimana aja deh
742;23;1-10;20137321.0;text;;[];False;False;5161182edf3a0553;[];emm
743;23;0;20139528.0;sticker/webp;;[];False;False;6af7bb586586c6eb;[];[Stiker]
744;24;0;20159445.0;sticker/webp;;[];False;False;6b48595b7b24a492;[];[Stiker]
745;24;0;20159677.0;sticker/webp;;[];False;False;1e4790915a2f57fa;[];[Stiker]
746;24;0;20160736.0;sticker/webp;;[];False;False;4f0f6eede0886bca;[];[Stiker]
747;24;0;20161071.0;image/jpeg;677.0;[];False;False;dd1510013d6b16a7;[];[Foto]
748;24;0;20161324.0;image/jpeg;;[];False;False;9f0039949f360220;[];[Foto]
749;24;1-10;20161425.0;text;;[];False;False;dd1510013d6b16a7;[];yess
750;24;0;20164450.0;sticker/webp;;[];False;False;939fd2fe02b17253;[];[Stiker]
751;25;0;20196375.0;sticker/webp;;[];False;False;fe17f02510a55a0f;[];[Stiker]
752;25;0;20197268.0;sticker/webp;;[];False;False;73096f25fb4a1cc8;[];[Stiker]
753;26;0;20223437.0;sticker/webp;;[];False;False;9c74113f6aff898c;[];[Stiker]
754;26;0;20223440.0;sticker/webp;;[];False;False;9c74113f6aff898c;[];[Stiker]
755;26;0;20223503.0;sticker/webp;;[];False;False;9c74113f6aff898c;[];[Stiker]
756;26;0;20223569.0;sticker/webp;;[];False;False;90afb96b74df9584;[];[Stiker]
757;26;0;20223664.0;sticker/webp;;[];False;False;9c74113f6aff898c;[];[Stiker]
758;26;0;20223686.0;sticker/webp;;[];False;False;9c74113f6aff898c;[];[Stiker]
759;26;0;20223701.0;sticker/webp;;[];False;False;5bcdb33ab5911591;[];[Stiker]
760;26;0;20223702.0;sticker/webp;;[];False;False;9e7c75b621f205db;[];[Stiker]
761;26;0;20223709.0;sticker/webp;;[];False;False;9c74113f6aff898c;[];[Stiker]
762;26;0;20223732.0;sticker/webp;;[];False;False;9c74113f6aff898c;[];[Stiker]
763;26;0;20223738.0;sticker/webp;;[];False;False;9c74113f6aff898c;[];[Stiker]
764;26;0;20223745.0;sticker/webp;;[];False;False;9c74113f6aff898c;[];[Stiker]
765;26;0;20223751.0;sticker/webp;;[];False;False;9c74113f6aff898c;[];[Stiker]
766;26;0;20223918.0;sticker/webp;;[];False;False;9e7c75b621f205db;[];[Stiker]
767;26;0;20224148.0;unknown;;[];False;False;ad7f07684351ed77;[];[Media tidak dikenal]
768;26;0;20224153.0;unknown;;[];False;False;ad7f07684351ed77;[];[Media tidak dikenal]
769;26;0;20224157.0;sticker/webp;;[];False;False;ad7f07684351ed77;[];[Stiker]
770;26;0;20224158.0;sticker/webp;;[];False;False;ad7f07684351ed77;[];[Stiker]
771;27;0;20294674.0;sticker/webp;;[];False;False;dd1510013d6b16a7;[];[Stiker]
772;27;1-10;20303401.0;text;;[];False;False;3bb54ace198b85ba;[];hihi
773;27;11-50;20303402.0;text;;[];True;False;3bb54ace198b85ba;[];pinjam cattean boleh ga?
774;27;1-10;20303449.0;text;;[];False;False;dd1510013d6b16a7;[];dong
775;27;0;20303483.0;sticker/webp;;[];False;False;b6c02156685fc94b;[];[Stiker]
776;27;11-50;20303488.0;text;;[];False;False;b6c02156685fc94b;[];gw kangen temen temen sma
777;27;11-50;20303512.0;text;;[];False;False;a5f34109eb57020f;[];temenin gw dong besok
778;27;11-50;20303536.0;text;;[];False;False;a5f34109eb57020f;[];gw berantem sama si anu
779;27;0;20303789.0;sticker/webp;;[];False;False;a5f34109eb57020f;[];[Stiker]
780;27;0;20303837.0;sticker/webp;;[];False;False;a5f34109eb57020f;[];[Stiker]
781;27;0;20303851.0;sticker/webp;;[];False;False;90f3214eae8356ee;[];[Stiker]
782;27;0;20304114.0;sticker/webp;;[];False;False;4f0f6eede0886bca;[];[Stiker]
783;27;0;20304116.0;sticker/webp;;[];False;False;4f0f6eede0886bca;[];[Stiker]
784;27;0;20304119.0;sticker/webp;;[];False;False;4f0f6eede0886bca;[];[Stiker]
785;27;0;20304120.0;sticker/webp;;[];False;False;4f0f6eede0886bca;[];[Stiker]
786;28;0;20305593.0;sticker/webp;;[];False;False;a5f34109eb57020f;[];[Stiker]
787;28;0;20305668.0;sticker/webp;;[];False;False;90afb96b74df9584;[];[Stiker]
788;28;0;20305882.0;sticker/webp;;[];False;False;364a8fe133736028;[];[Stiker]
789;29;0;20378240.0;sticker/webp;;[];False;False;1e4790915a2f57fa;[];[Stiker]
790;29;0;20378447.0;sticker/webp;;[];False;False;80598fc96722b883;[];[Stiker]
791;29;0;20378471.0;sticker/webp;;[];False;False;79625c844e04a646;[];[Stiker]
792;29;0;20378495.0;sticker/webp;;[];False;False;1e4790915a2f57fa;[];[Stiker]
793;29;0;20379413.0;sticker/webp;;[];False;False;73096f25fb4a1cc8;[];[Stiker]
794;29;0;20379553.0;sticker/webp;;[];False;False;1e4790915a2f57fa;[];[Stiker]
795;30;0;20396554.0;sticker/webp;;[];False;False;4f0f6eede0886bca;[];[Stiker]
796;30;0;20396556.0;sticker/webp;;[];False;False;4f0f6eede0886bca;[];[Stiker]
797;30;0;20396557.0;sticker/webp;;[];False;False;4f0f6eede0886bca;[];[Stiker]
798;30;0;20396559.0;sticker/webp;;[];False;False;4f0f6eede0886bca;[];[Stiker]
799;30;0;20396738.0;sticker/webp;;[];False;False;a5f34109eb57020f;[];[Stiker]
800;30;0;20396886.0;sticker/webp;;[];False;False;4f0f6eede0886bca;[];[Stiker]
801;31;0;20399239.0;sticker/webp;;[];False;False;7f979d29b75d1a71;[];[Stiker]
802;31;0;20399434.0;sticker/webp;798.0;[];False;False;1e4790915a2f57fa;[];[Stiker]
803;32;0;20401493.0;sticker/webp;;[];False;False;73096f25fb4a1cc8;[];[Stiker]
804;32;11-50;20401504.0;text;;[];False;False;73096f25fb4a1cc8;[];adek gw,,, masuk sma,,, tahun ini,,,
805;33;0;20404836.0;sticker/webp;;[];False;False;511f77c321d6559a;[];[Stiker]
806;33;0;20406405.0;sticker/webp;;[];False;False;6b48595b7b24a492;[];[Stiker]
807;34;11-50;20410709.0;text;;[];True;False;ae82e90f34a9e69d;[];lu dimana sekarang?
808;34;0;20410766.0;sticker/webp;;[];False;False;ecac1829d4e6beff;[];[Stiker]
809;34;1-10;20410774.0;text;;['😂'];True;False;ecac1829d4e6beff;[];siapa?
810;34;0;20410780.0;sticker/webp;;[];False;False;5c65f0b89b1bc720;[];[Stiker]
811;34;0;20410786.0;sticker/webp;;[];False;False;5c65f0b89b1bc720;[];[Stiker]
812;34;0;20410789.0;sticker/webp;;[];False;False;a5f34109eb57020f;[];[Stiker]
813;34;0;20410792.0;sticker/webp;;[];False;False;a5f34109eb57020f;[];[Stiker]
814;34;0;20410793.0;sticker/webp;;[];False;False;a5f34109eb57020f;[];[Stiker]
815;34;11-50;20410819.0;text;;[];False;True;ae82e90f34a9e69d;[];gila sih lu bisa gitu!
816;34;0;20410937.0;unknown;;[];False;False;135066e1e68c5866;[];[Media tidak dikenal]
817;34;0;20410958.0;sticker/webp;;[];False;False;ac40f783af9ab600;[];[Stiker]
818;34;0;20410964.0;sticker/webp;;[];False;False;ac40f783af9ab600;[];[Stiker]
819;34;0;20410970.0;sticker/webp;;[];False;False;0725ac2da04749fe;[];[Stiker]
820;34;0;20410977.0;unknown;;[];False;False;135066e1e68c5866;[];[Media tidak dikenal]
821;34;0;20410986.0;unknown;;[];False;False;135066e1e68c5866;[];[Media tidak dikenal]
822;34;0;20410993.0;sticker/webp;;[];False;False;939fd2fe02b17253;[];[Stiker]
823;34;0;20410994.0;sticker/webp;;[];False;False;939fd2fe02b17253;[];[Stiker]
824;34;0;20410998.0;sticker/webp;;[];False;False;939fd2fe02b17253;[];[Stiker]
825;34;0;20411001.0;sticker/webp;;[];False;False;939fd2fe02b17253;[];[Stiker]
826;34;0;20411006.0;sticker/webp;;[];False;False;08898dd87b81ecbb;[];[Stiker]
827;34;0;20411007.0;sticker/webp;;[];False;False;0725ac2da04749fe;[];[Stiker]
828;34;0;20411018.0;sticker/webp;;[];False;False;135066e1e68c5866;[];[Stiker]
829;34;0;20411029.0;sticker/webp;828.0;[];False;False;ac40f783af9ab600;[];[Stiker]
830;34;0;20411036.0;sticker/webp;;[];False;False;ac40f783af9ab600;[];[Stiker]
831;34;0;20411039.0;sticker/webp;;[];False;False;ac40f783af9ab600;[];[Stiker]
832;34;0;20411045.0;sticker/webp;;[];False;False;ac40f783af9ab600;[];[Stiker]
833;34;0;20411046.0;sticker/webp;;[];False;False;ac40f783af9ab600;[];[Stiker]
834;34;0;20411052.0;sticker/webp;;[];False;False;ac40f783af9ab600;[];[Stiker]
835;34;11-50;20411098.0;text;;[];False;False;499d10b7e54f80fb;['ac40f783af9ab600'];ipk gw turun semester ni
836;34;0;20411143.0;sticker/webp;;[];False;False;ac40f783af9ab600;[];[Stiker]
837;34;0;20411170.0;sticker/webp;;[];False;False;499d10b7e54f80fb;[];[Stiker]
838;34;11-50;20411289.0;text;;[];False;False;b6c02156685fc94b;[];tadi asben ga sih km
839;34;0;20411305.0;sticker/webp;;[];False;False;ac40f783af9ab600;[];[Stiker]
840;34;0;20411307.0;sticker/webp;;[];False;False;ac40f783af9ab600;[];[Stiker]
841;34;0;20411318.0;sticker/webp;;[];False;False;6e0b844be24a9c73;[];[Stiker]
842;34;0;20411322.0;sticker/webp;;[];False;False;6e0b844be24a9c73;[];[Stiker]
843;34;0;20411326.0;sticker/webp;;[];False;False;6e0b844be24a9c73;[];[Stiker]
844;34;0;20411327.0;sticker/webp;;[];False;False;ac40f783af9ab600;[];[Stiker]
845;34;1-10;20411340.0;text;842.0;[];False;False;b6c02156685fc94b;[];oke
846;34;11-50;20411345.0;text;;['👌', '👈'];False;False;ac40f783af9ab600;[];IPK gw turun semester ini
847;34;0;20411351.0;sticker/webp;;[];False;False;6e0b844be24a9c73;[];[Stiker]
848;34;0;20411355.0;sticker/webp;;[];False;False;6e0b844be24a9c73;[];[Stiker]
849;34;0;20411357.0;sticker/webp;;[];False;False;6e0b844be24a9c73;[];[Stiker]
850;34;0;20411357.0;sticker/webp;;[];False;False;6e0b844be24a9c73;[];[Stiker]
851;34;0;20411358.0;sticker/webp;;[];False;False;6e0b844be24a9c73;[];[Stiker]
852;34;0;20411367.0;sticker/webp;;[];False;False;6e0b844be24a9c73;[];[Stiker]
853;34;0;20411388.0;sticker/webp;;[];False;False;6e0b844be24a9c73;[];[Stiker]
854;34;0;20411389.0;sticker/webp;;[];False;False;6e0b844be24a9c73;[];[Stiker]
855;34;0;20411390.0;sticker/webp;;[];False;False;6e0b844be24a9c73;[];[Stiker]
856;34;0;20411395.0;sticker/webp;;[];False;False;6e0b844be24a9c73;[];[Stiker]
857;34;0;20411457.0;sticker/webp;;[];False;False;90f3214eae8356ee;[];[Stiker]
858;34;0;20411461.0;sticker/webp;;[];False;False;90f3214eae8356ee;[];[Stiker]
859;34;0;20411471.0;sticker/webp;;[];False;False;90f3214eae8356ee;[];[Stiker]
860;34;0;20411481.0;sticker/webp;;[];False;False;90f3214eae8356ee;[];[Stiker]
861;34;0;20411869.0;sticker/webp;;[];False;False;3f5b42a78489ad8a;[];[Stiker]
862;34;0;20411874.0;sticker/webp;;[];False;False;3f5b42a78489ad8a;[];[Stiker]
863;34;0;20411910.0;sticker/webp;;[];False;False;ac40f783af9ab600;[];[Stiker]
864;34;0;20411916.0;sticker/webp;;[];False;False;ac40f783af9ab600;[];[Stiker]
865;34;0;20411919.0;sticker/webp;;[];False;False;ac40f783af9ab600;[];[Stiker]
866;34;0;20411919.0;sticker/webp;;[];False;False;ac40f783af9ab600;[];[Stiker]
867;34;0;20411922.0;sticker/webp;;[];False;False;ac40f783af9ab600;[];[Stiker]
868;34;0;20411925.0;sticker/webp;;[];False;False;ac40f783af9ab600;[];[Stiker]
869;34;0;20411926.0;sticker/webp;;[];False;False;ac40f783af9ab600;[];[Stiker]
870;34;0;20411927.0;sticker/webp;;[];False;False;ac40f783af9ab600;[];[Stiker]
871;34;0;20411928.0;sticker/webp;;[];False;False;ac40f783af9ab600;[];[Stiker]
872;34;0;20411929.0;sticker/webp;;[];False;False;ac40f783af9ab600;[];[Stiker]
873;34;0;20411932.0;sticker/webp;;[];False;False;ac40f783af9ab600;[];[Stiker]
874;34;0;20411935.0;sticker/webp;;[];False;False;ac40f783af9ab600;[];[Stiker]
875;34;0;20411936.0;sticker/webp;;[];False;False;2aebd8fa5110f1d6;[];[Stiker]
876;34;0;20411940.0;sticker/webp;;[];False;False;ac40f783af9ab600;[];[Stiker]
877;34;0;20411942.0;sticker/webp;;[];False;False;ac40f783af9ab600;[];[Stiker]
878;34;0;20411943.0;sticker/webp;;[];False;False;ac40f783af9ab600;[];[Stiker]
879;34;0;20411945.0;sticker/webp;;[];False;False;ac40f783af9ab600;[];[Stiker]
880;34;0;20411945.0;sticker/webp;;[];False;False;ac40f783af9ab600;[];[Stiker]
881;34;11-50;20412525.0;text;;[];False;False;dd1510013d6b16a7;[];lab komputer penuh... terus
882;34;0;20412548.0;sticker/webp;;[];False;False;90f3214eae8356ee;[];[Stiker]
883;35;11-50;20416786.0;text;;[];False;False;364a8fe133736028;[];mama minta gw pulang weekend
884;35;11-50;20416936.0;text;;[];False;False;a5f34109eb57020f;[];duit bulanan belum dikirim
885;35;0;20416972.0;sticker/webp;;[];False;False;a86d2d392c3bc9b1;[];[Stiker]
886;36;51-100;20482995.0;text;;[];True;False;f927db4055b5b3b6;[];lu prnh coba belajar bareng di perpus kota ga, enak ga disana?
887;36;0;20483090.0;sticker/webp;;[];False;False;2aebd8fa5110f1d6;[];[Stiker]
888;36;0;20483127.0;sticker/webp;;[];False;False;90f3214eae8356ee;[];[Stiker]
889;36;1-10;20483130.0;text;;[];False;False;f927db4055b5b3b6;[];amin
890;37;11-50;20488167.0;text;;[];True;False;ae82e90f34a9e69d;[];makan apaaaa ntar siang?
891;37;0;20488235.0;sticker/webp;;[];False;False;5bcdb33ab5911591;[];[Stiker]
892;37;0;20488238.0;sticker/webp;;[];False;False;dbc9b15db5694d60;[];[Stiker]
893;38;0;20490406.0;sticker/webp;;[];False;False;499d10b7e54f80fb;[];[Stiker]
894;38;0;20490450.0;sticker/webp;;[];False;False;499d10b7e54f80fb;[];[Stiker]
895;38;0;20491414.0;sticker/webp;;[];False;False;73096f25fb4a1cc8;[];[Stiker]
896;39;1-10;20553025.0;text;;[];False;False;1e4790915a2f57fa;[];HMM
897;39;11-50;20553034.0;text;;[];False;False;1e4790915a2f57fa;[];SEMINAR TADI LAMA BANGET
898;39;0;20553430.0;sticker/webp;;[];False;False;73096f25fb4a1cc8;[];[Stiker]
899;39;0;20554154.0;sticker/webp;;[];False;False;4f0f6eede0886bca;[];[Stiker]
900;39;0;20554969.0;sticker/webp;;[];False;False;6af7bb586586c6eb;[];[Stiker]
901;40;11-50;20747741.0;text;;[];True;False;f927db4055b5b3b6;[];knp ga bales chat gw?
902;40;0;20747942.0;sticker/webp;;[];False;False;bbbaf4fd4892d8eb;[];[Stiker]
903;40;0;20747961.0;unknown;;[];False;False;a1d20724ac2ba048;[];[Media tidak dikenal]
904;40;0;20747992.0;sticker/webp;;[];False;False;a1d20724ac2ba048;[];[Stiker]
905;40;0;20748020.0;sticker/webp;;[];False;False;f927db4055b5b3b6;[];[Stiker]
906;40;0;20748053.0;sticker/webp;;[];False;False;a1d20724ac2ba048;[];[Stiker]
907;41;0;20757574.0;sticker/webp;;[];False;False;8b8ebbc3d56fe7a7;[];[Stiker]
908;41;0;20758066.0;sticker/webp;;[];False;False;a5f34109eb57020f;[];[Stiker]
909;41;0;20758938.0;sticker/webp;;[];False;False;b06e171fb9b95ab7;[];[Stiker]
910;41;0;20758947.0;sticker/webp;;[];False;False;b06e171fb9b95ab7;[];[Stiker]
911;41;0;20758949.0;sticker/webp;;[];False;False;b06e171fb9b95ab7;[];[Stiker]
912;41;0;20758963.0;sticker/webp;;[];False;False;b06e171fb9b95ab7;[];[Stiker]
913;42;0;20760332.0;sticker/webp;;[];False;False;90afb96b74df9584;[];[Stiker]
914;42;0;20760376.0;sticker/webp;;[];False;False;a5f34109eb57020f;[];[Stiker]
915;42;0;20760421.0;sticker/webp;;[];False;False;90afb96b74df9584;[];[Stiker]
916;42;0;20760425.0;sticker/webp;;[];False;False;80598fc96722b883;[];[Stiker]
917;42;0;20760487.0;sticker/webp;;[];False;False;90afb96b74df9584;[];[Stiker]
918;42;0;20760720.0;sticker/webp;;[];False;False;578f686de847bcba;[];[Stiker]
919;42;1-10;20760861.0;text;;[];False;False;08898dd87b81ecbb;[];sabi
920;42;0;20760863.0;sticker/webp;;[];False;False;08898dd87b81ecbb;[];[Stiker]
921;43;0;20762403.0;sticker/webp;;[];False;False;fe17f02510a55a0f;[];[Stiker]
922;43;0;20762525.0;sticker/webp;;[];False;False;a1d20724ac2ba048;[];[Stiker]
923;43;11-50;20766125.0;text;;[];False;False;499d10b7e54f80fb;[];dosen pembimbing susah ditemui
924;44;0;20798265.0;unknown;;[];False;False;6bd5450b1c6778b3;[];[Media tidak dikenal]
925;44;0;20798275.0;sticker/webp;;[];False;False;6bd5450b1c6778b3;[];[Stiker]
926;45;0;20805539.0;sticker/webp;;[];False;False;4f0f6eede0886bca;[];[Stiker]
927;45;0;20805541.0;sticker/webp;;[];False;False;4f0f6eede0886bca;[];[Stiker]
928;46;11-50;20818016.0;text;;[];False;False;c72c55881208d49a;[];si itu udah putus,,, katanya
929;46;0;20818032.0;sticker/webp;;[];False;False;974ebb3ca63fce70;[];[Stiker]
930;46;0;20818050.0;sticker/webp;;[];False;False;c72c55881208d49a;[];[Stiker]
931;46;0;20818895.0;sticker/webp;;[];False;False;d29aac0e602aea55;[];[Stiker]
932;46;0;20818906.0;sticker/webp;;[];False;False;d29aac0e602aea55;[];[Stiker]
933;46;0;20818910.0;sticker/webp;;[];False;False;d29aac0e602aea55;[];[Stiker]
934;46;51-100;20819141.0;text;;[];False;False;73096f25fb4a1cc8;[];gw baru aja dapet,,, kabar kalo temen kita diterima kerja di luar negeri
935;47;11-50;20840426.0;text;;[];False;False;9f0039949f360220;[];eh denger gosip blm
936;47;0;20841195.0;sticker/webp;;[];False;False;1e4790915a2f57fa;[];[Stiker]
937;47;0;20841324.0;sticker/webp;;[];False;False;974ebb3ca63fce70;[];[Stiker]
938;47;0;20841330.0;sticker/webp;;[];False;False;974ebb3ca63fce70;[];[Stiker]
939;47;11-50;20842037.0;text;;[];False;False;364a8fe133736028;[];gw berantem sama si anu
940;48;0;20844076.0;sticker/webp;;[];False;False;5161182edf3a0553;[];[Stiker]
941;48;0;20845767.0;sticker/webp;;[];False;False;364a8fe133736028;[];[Stiker]
942;48;0;20846156.0;sticker/webp;;[];False;False;6bd5450b1c6778b3;[];[Stiker]
943;48;0;20846157.0;sticker/webp;;[];False;False;6bd5450b1c6778b3;[];[Stiker]
944;48;0;20846174.0;sticker/webp;;[];False;False;6bd5450b1c6778b3;[];[Stiker]
945;48;0;20846174.0;sticker/webp;;[];False;False;6bd5450b1c6778b3;[];[Stiker]
946;49;11-50;20852483.0;text;;[];False;False;80598fc96722b883;[];macet parah di jalan tol!!!
947;49;0;20852493.0;sticker/webp;;[];False;False;bbbaf4fd4892d8eb;[];[Stiker]
948;49;11-50;20852512.0;text;947.0;[];False;False;4cdfd58590037079;[];bsk sore ada waktu ga
949;49;0;20852523.0;sticker/webp;;[];False;False;f79ef9646cc03d69;[];[Stiker]
950;49;1-10;20852529.0;text;947.0;['😂'];False;False;80598fc96722b883;[];mah!!!
951;49;0;20852548.0;sticker/webp;;[];False;False;bbbaf4fd4892d8eb;[];[Stiker]
952;49;0;20852572.0;sticker/webp;;[];False;False;f79ef9646cc03d69;[];[Stiker]
953;49;0;20852673.0;sticker/webp;;[];False;False;bbbaf4fd4892d8eb;[];[Stiker]
954;49;0;20852692.0;sticker/webp;;[];False;False;bbbaf4fd4892d8eb;[];[Stiker]
955;49;0;20852692.0;sticker/webp;;[];False;False;4cdfd58590037079;[];[Stiker]
956;49;0;20852724.0;sticker/webp;;[];False;False;bbbaf4fd4892d8eb;[];[Stiker]
957;49;0;20852727.0;sticker/webp;;[];False;False;a1d20724ac2ba048;[];[Stiker]
958;49;0;20852740.0;image/jpeg;;[];False;False;afcf0fe8046deaf7;[];[Foto]
959;49;11-50;20852747.0;text;;[];False;False;afcf0fe8046deaf7;[];jangan lupa bawa duit cash
960;49;0;20852767.0;sticker/webp;;[];False;False;bbbaf4fd4892d8eb;[];[Stiker]
961;49;0;20852767.0;sticker/webp;;[];False;False;194bc109b7f66873;[];[Stiker]
962;49;0;20852770.0;sticker/webp;;[];False;False;194bc109b7f66873;[];[Stiker]
963;49;0;20852779.0;sticker/webp;;[];False;False;194bc109b7f66873;[];[Stiker]
964;49;0;20852792.0;sticker/webp;;[];False;False;bbbaf4fd4892d8eb;[];[Stiker]
965;49;0;20852797.0;sticker/webp;;[];False;False;bbbaf4fd4892d8eb;[];[Stiker]
966;49;0;20852873.0;sticker/webp;;[];False;False;194bc109b7f66873;[];[Stiker]
967;49;0;20852881.0;sticker/webp;;[];False;False;194bc109b7f66873;[];[Stiker]
968;49;0;20853831.0;sticker/webp;;[];False;False;974ebb3ca63fce70;[];[Stiker]
969;49;1-10;20853882.0;text;;[];False;False;1e4790915a2f57fa;[];WAH
970;49;0;20853886.0;sticker/webp;;[];False;False;bbbaf4fd4892d8eb;[];[Stiker]
971;49;0;20853967.0;sticker/webp;;[];False;False;0725ac2da04749fe;[];[Stiker]
972;49;11-50;20854006.0;text;;[];False;False;a5f34109eb57020f;[];jangan lupa bawa duit cash
973;49;0;20854222.0;sticker/webp;;[];False;False;0725ac2da04749fe;[];[Stiker]
974;49;0;20854223.0;sticker/webp;;[];False;False;0725ac2da04749fe;[];[Stiker]
975;49;0;20854406.0;sticker/webp;;[];False;False;364a8fe133736028;[];[Stiker]
976;49;0;20854406.0;sticker/webp;;[];False;False;364a8fe133736028;[];[Stiker]
977;49;0;20854412.0;sticker/webp;;[];False;False;364a8fe133736028;[];[Stiker]
978;49;0;20854834.0;sticker/webp;;[];False;False;bbbaf4fd4892d8eb;[];[Stiker]
979;49;0;20854896.0;sticker/webp;;[];False;False;364a8fe133736028;[];[Stiker]
980;49;0;20854945.0;sticker/webp;;[];False;False;aa5d5742412edd06;[];[Stiker]
981;49;0;20854958.0;sticker/webp;;[];False;False;bbbaf4fd4892d8eb;[];[Stiker]
982;49;0;20855246.0;sticker/webp;;[];False;False;643b625a7a04d89d;[];[Stiker]
983;50;0;20863115.0;system;;[];False;False;bbbaf4fd4892d8eb;[];[Pesan sistem]
984;50;0;20863184.0;sticker/webp;;[];False;False;e501200c0b7eac9c;[];[Stiker]
985;50;0;20863222.0;sticker/webp;;[];False;False;bbbaf4fd4892d8eb;[];[Stiker]
986;51;0;20888419.0;sticker/webp;;[];False;False;73096f25fb4a1cc8;[];[Stiker]
987;51;0;20888706.0;sticker/webp;;[];False;False;1e4790915a2f57fa;[];[Stiker]
988;52;0;20904882.0;unknown;;[];False;False;c72c55881208d49a;[];[Media tidak dikenal]
989;52;0;20904888.0;sticker/webp;;[];False;False;c72c55881208d49a;[];[Stiker]
990;52;0;20904927.0;sticker/webp;;[];False;False;974ebb3ca63fce70;[];[Stiker]
991;53;11-50;20939711.0;text;;[];False;False;9f0039949f360220;[];angkot ke sana msh ad ga
992;53;0;20939761.0;sticker/webp;;[];False;False;1e4790915a2f57fa;[];[Stiker]
993;53;0;20939816.0;sticker/webp;;[];False;False;a1d20724ac2ba048;[];[Stiker]
994;53;0;20939821.0;sticker/webp;;[];False;False;a86d2d392c3bc9b1;[];[Stiker]
995;53;0;20939842.0;unknown;;[];False;False;b06e171fb9b95ab7;[];[Media tidak dikenal]
996;53;0;20939843.0;sticker/webp;;[];False;False;b06e171fb9b95ab7;[];[Stiker]
997;53;0;20939953.0;sticker/webp;;[];False;False;08898dd87b81ecbb;[];[Stiker]
998;53;0;20939987.0;sticker/webp;;[];False;False;90afb96b74df9584;[];[Stiker]
999;53;0;20939995.0;sticker/webp;;[];False;False;08898dd87b81ecbb;[];[Stiker]
1000;53;0;20940017.0;sticker/webp;;[];False;False;08898dd87b81ecbb;[];[Stiker]
1001;53;0;20940070.0;sticker/webp;;[];False;False;79eea162743f05be;[];[Stiker]
1002;53;0;20940076.0;sticker/webp;;[];False;False;79eea162743f05be;[];[Stiker]
1003;53;0;20940081.0;sticker/webp;;[];False;False;79eea162743f05be;[];[Stiker]
1004;53;0;20940082.0;sticker/webp;;[];False;False;79eea162743f05be;[];[Stiker]
1005;53;0;20940105.0;sticker/webp;;[];False;False;79eea162743f05be;[];[Stiker]
1006;53;0;20940167.0;sticker/webp;;[];False;False;08898dd87b81ecbb;[];[Stiker]
1007;53;0;20940172.0;sticker/webp;;[];False;False;08898dd87b81ecbb;[];[Stiker]
1008;53;0;20940174.0;sticker/webp;;[];False;False;08898dd87b81ecbb;[];[Stiker]
1009;53;0;20940189.0;sticker/webp;;[];False;False;a1d20724ac2ba048;[];[Stiker]
1010;53;0;20940291.0;sticker/webp;;[];False;False;79eea162743f05be;[];[Stiker]
1011;53;0;20940626.0;sticker/webp;;[];False;False;90afb96b74df9584;[];[Stiker]
1012;53;1-10;20940646.0;text;;[];False;False;aa5d5742412edd06;[];cape
1013;53;11-50;20940647.0;text;;[];False;False;aa5d5742412edd06;[];jangan bilang siapa siapa... ya
1014;53;0;20940770.0;sticker/webp;;[];False;False;937094946627b75f;[];[Stiker]
1015;53;11-50;20940858.0;text;;[];False;False;578f686de847bcba;[];pacarnyaa baru siapa sihhhh
1016;53;1-10;20940876.0;text;1015.0;[];False;False;9f0039949f360220;[];ywd
1017;53;11-50;20940936.0;text;1015.0;['🤘🏼'];False;False;bbbaf4fd4892d8eb;[];pacarnya baru siapa sih
1018;53;0;20940944.0;sticker/webp;;[];False;False;90afb96b74df9584;[];[Stiker]
1019;53;0;20941008.0;sticker/webp;;[];False;False;bbbaf4fd4892d8eb;[];[Stiker]
1020;53;0;20941016.0;sticker/webp;;[];False;False;e501200c0b7eac9c;[];[Stiker]
1021;53;0;20941072.0;sticker/webp;1015.0;[];False;False;937094946627b75f;[];[Stiker]
1022;53;0;20941082.0;sticker/webp;;[];False;False;90afb96b74df9584;[];[Stiker]
1023;53;0;20941105.0;sticker/webp;;[];False;False;90afb96b74df9584;[];[Stiker]
1024;53;0;20941119.0;sticker/webp;;[];False;False;90afb96b74df9584;[];[Stiker]
1025;53;0;20941256.0;sticker/webp;;[];False;False;80598fc96722b883;[];[Stiker]
1026;53;0;20941268.0;sticker/webp;;[];False;False;80598fc96722b883;[];[Stiker]
1027;53;0;20941592.0;sticker/webp;;[];False;False;90afb96b74df9584;[];[Stiker]
1028;53;0;20941612.0;sticker/webp;;[];False;False;90afb96b74df9584;[];[Stiker]
1029;53;0;20941624.0;sticker/webp;;[];False;False;ce29b81640905994;[];[Stiker]
1030;53;0;20941642.0;sticker/webp;;[];False;False;90afb96b74df9584;[];[Stiker]
1031;53;0;20941655.0;sticker/webp;;[];False;False;90afb96b74df9584;[];[Stiker]
1032;53;0;20942314.0;sticker/webp;;[];False;False;3f5b42a78489ad8a;[];[Stiker]
1033;53;0;20942335.0;sticker/webp;;[];False;False;90afb96b74df9584;[];[Stiker]
1034;53;0;20942433.0;sticker/webp;1032.0;[];False;False;bbbaf4fd4892d8eb;[];[Stiker]
1035;53;0;20942477.0;sticker/webp;;[];False;False;3f5b42a78489ad8a;[];[Stiker]
1036;53;0;20942488.0;sticker/webp;;[];False;False;bbbaf4fd4892d8eb;[];[Stiker]
1037;53;0;20942489.0;sticker/webp;;[];False;False;bbbaf4fd4892d8eb;[];[Stiker]
1038;53;0;20942492.0;sticker/webp;;[];False;False;bbbaf4fd4892d8eb;[];[Stiker]
1039;53;0;20942493.0;sticker/webp;;[];False;False;bbbaf4fd4892d8eb;[];[Stiker]
1040;53;0;20942500.0;sticker/webp;;[];False;False;bbbaf4fd4892d8eb;[];[Stiker]
1041;53;0;20942520.0;sticker/webp;;[];False;False;bbbaf4fd4892d8eb;[];[Stiker]
1042;53;0;20942533.0;sticker/webp;;[];False;False;bbbaf4fd4892d8eb;[];[Stiker]
1043;53;0;20942534.0;sticker/webp;;[];False;False;bbbaf4fd4892d8eb;[];[Stiker]
1044;53;0;20942535.0;sticker/webp;;[];False;False;bbbaf4fd4892d8eb;[];[Stiker]
1045;53;0;20942551.0;sticker/webp;;[];False;False;bbbaf4fd4892d8eb;[];[Stiker]
1046;53;0;20942560.0;sticker/webp;;[];False;False;bbbaf4fd4892d8eb;[];[Stiker]
1047;53;0;20942582.0;sticker/webp;;[];False;False;bbbaf4fd4892d8eb;[];[Stiker]
1048;53;0;20942594.0;sticker/webp;;[];False;False;bbbaf4fd4892d8eb;[];[Stiker]
1049;53;0;20942595.0;sticker/webp;;[];False;False;bbbaf4fd4892d8eb;[];[Stiker]
1050;53;0;20942649.0;sticker/webp;;[];False;False;bbbaf4fd4892d8eb;[];[Stiker]
1051;53;0;20942668.0;sticker/webp;;[];False;False;bbbaf4fd4892d8eb;[];[Stiker]
1052;53;0;20942674.0;sticker/webp;;[];False;False;bbbaf4fd4892d8eb;[];[Stiker]
1053;53;11-50;20942722.0;text;;[];False;False;bbbaf4fd4892d8eb;[];si itu udah putus katanya
1054;53;0;20942726.0;sticker/webp;;[];False;False;bbbaf4fd4892d8eb;[];[Stiker]
1055;53;0;20942771.0;sticker/webp;1032.0;[];False;False;79eea162743f05be;[];[Stiker]
1056;53;11-50;20943001.0;text;;[];False;False;9f0039949f360220;[];gw bernatem sm si anu
1057;53;0;20943023.0;sticker/webp;;[];False;False;bbbaf4fd4892d8eb;[];[Stiker]
1058;53;0;20943055.0;sticker/webp;;[];False;False;90afb96b74df9584;[];[Stiker]
1059;53;0;20943956.0;sticker/webp;;[];False;False;1e4790915a2f57fa;[];[Stiker]
1060;53;0;20943966.0;sticker/webp;;[];False;False;1e4790915a2f57fa;[];[Stiker]
1061;54;0;20973786.0;sticker/webp;;[];False;False;73096f25fb4a1cc8;[];[Stiker]
1062;54;0;20973820.0;sticker/webp;;[];False;False;73096f25fb4a1cc8;[];[Stiker]
1063;54;11-50;20975246.0;text;;[];False;False;3bb54ace198b85ba;[];gw laper bgt nih
1064;54;0;20975263.0;sticker/webp;;[];False;False;a1d20724ac2ba048;[];[Stiker]
1065;54;0;20975352.0;sticker/webp;;[];False;False;a5f34109eb57020f;[];[Stiker]
1066;54;0;20975521.0;sticker/webp;;[];False;False;dd1510013d6b16a7;[];[Stiker]
1067;54;0;20975564.0;sticker/webp;;[];False;False;dd1510013d6b16a7;[];[Stiker]
1068;54;0;20975777.0;sticker/webp;;[];False;False;dd1510013d6b16a7;[];[Stiker]
1069;54;0;20975782.0;sticker/webp;;[];False;False;dd1510013d6b16a7;[];[Stiker]
1070;54;0;20975908.0;sticker/webp;;[];False;False;dd1510013d6b16a7;[];[Stiker]
1071;54;0;20975916.0;sticker/webp;;[];False;False;dd1510013d6b16a7;[];[Stiker]
1072;54;0;20975998.0;sticker/webp;;[];False;False;dd1510013d6b16a7;[];[Stiker]
1073;54;0;20976011.0;sticker/webp;;[];False;False;dd1510013d6b16a7;[];[Stiker]
1074;54;0;20976026.0;sticker/webp;;[];False;False;dd1510013d6b16a7;[];[Stiker]
1075;54;0;20976047.0;sticker/webp;;[];False;False;dd1510013d6b16a7;[];[Stiker]
1076;54;0;20976052.0;sticker/webp;;[];False;False;dd1510013d6b16a7;[];[Stiker]
1077;54;0;20976075.0;sticker/webp;;[];False;False;dd1510013d6b16a7;[];[Stiker]
1078;54;0;20976103.0;sticker/webp;;[];False;False;dd1510013d6b16a7;[];[Stiker]
1079;54;0;20976127.0;sticker/webp;;[];False;False;dd1510013d6b16a7;[];[Stiker]
1080;54;0;20976141.0;sticker/webp;;[];False;False;dd1510013d6b16a7;[];[Stiker]
1081;54;0;20976163.0;sticker/webp;;[];False;False;dd1510013d6b16a7;[];[Stiker]
1082;54;0;20976171.0;sticker/webp;;[];False;False;dd1510013d6b16a7;[];[Stiker]
1083;54;0;20976186.0;sticker/webp;;[];False;False;dd1510013d6b16a7;[];[Stiker]
1084;54;0;20976190.0;sticker/webp;;[];False;False;dd1510013d6b16a7;[];[Stiker]
1085;54;0;20976201.0;sticker/webp;;[];False;False;dd1510013d6b16a7;[];[Stiker]
1086;54;0;20976205.0;sticker/webp;;[];False;False;dd1510013d6b16a7;[];[Stiker]
1087;54;0;20976213.0;sticker/webp;;[];False;False;dd1510013d6b16a7;[];[Stiker]
1088;54;0;20976216.0;sticker/webp;;[];False;False;dd1510013d6b16a7;[];[Stiker]
1089;54;0;20976229.0;sticker/webp;;[];False;False;dd1510013d6b16a7;[];[Stiker]
1090;54;0;20976238.0;sticker/webp;;[];False;False;dd1510013d6b16a7;[];[Stiker]
1091;54;0;20976247.0;sticker/webp;;[];False;False;dd1510013d6b16a7;[];[Stiker]
1092;55;0;20983854.0;sticker/webp;;[];False;False;3c32ebe2a62f5d89;[];[Stiker]
1093;55;11-50;20983857.0;text;;[];True;False;3c32ebe2a62f5d89;[];ad yg mau bareng?
1094;55;11-50;20983869.0;text;;[];False;False;a5f34109eb57020f;[];lu dimana sih lama banget
1095;55;0;20983892.0;sticker/webp;;[];False;False;a5f34109eb57020f;[];[Stiker]
1096;55;0;20983916.0;sticker/webp;;[];False;False;3c32ebe2a62f5d89;[];[Stiker]
1097;55;0;20984896.0;system;;[];False;False;bbbaf4fd4892d8eb;[];[Pesan sistem]
1098;55;0;20985439.0;sticker/webp;;[];False;False;73096f25fb4a1cc8;[];[Stiker]
1099;55;0;20985446.0;sticker/webp;;[];False;False;73096f25fb4a1cc8;[];[Stiker]
1100;55;0;20985790.0;sticker/webp;;[];False;False;a5f34109eb57020f;[];[Stiker]
1101;55;0;20986005.0;sticker/webp;;[];False;False;6af7bb586586c6eb;[];[Stiker]
1102;56;0;20988288.0;sticker/webp;;[];False;False;a5f34109eb57020f;[];[Stiker]
1103;56;0;20988479.0;sticker/webp;;[];False;False;511f77c321d6559a;[];[Stiker]
1104;56;0;20988528.0;sticker/webp;;[];False;False;73096f25fb4a1cc8;[];[Stiker]
1105;56;0;20988567.0;sticker/webp;;[];False;False;a5f34109eb57020f;[];[Stiker]
1106;56;1-10;20990469.0;text;;['😵', '😂'];False;False;6bd5450b1c6778b3;[];siap
1107;57;0;20996092.0;system;;[];False;False;bbbaf4fd4892d8eb;[];[Pesan sistem]
1108;57;11-50;20996348.0;text;;[];False;False;1921e494e28e787f;[];Gw lagi di atm sebentar.
1109;57;11-50;20996385.0;text;;[];False;False;a5f34109eb57020f;[];dompet gw ketinggalan di rumah...
1110;57;0;20996990.0;sticker/webp;;[];False;False;6d78c0cd669db3d3;[];[Stiker]
1111;57;0;20997121.0;sticker/webp;;[];False;False;1921e494e28e787f;[];[Stiker]
1112;57;0;20997136.0;sticker/webp;;[];False;False;6d78c0cd669db3d3;[];[Stiker]
1113;57;0;20997204.0;system;;[];False;False;bec852ea97aaeec3;[];[Pesan sistem]
1114;57;0;20997609.0;sticker/webp;;[];False;False;a5f34109eb57020f;[];[Stiker]
1115;58;11-50;21010637.0;text;;[];True;False;a86d2d392c3bc9b1;[];bawa motor apa naik apa?
1116;58;11-50;21010650.0;text;;['😅', '😂'];False;False;a86d2d392c3bc9b1;[];Tadi gw makan nasi padang.
1117;58;0;21010676.0;sticker/webp;;[];False;False;bbbaf4fd4892d8eb;[];[Stiker]
1118;58;0;21010687.0;sticker/webp;;[];False;False;135066e1e68c5866;[];[Stiker]
1119;58;0;21010698.0;sticker/webp;;[];False;False;364a8fe133736028;[];[Stiker]
1120;58;1-10;21010703.0;text;;[];False;True;a86d2d392c3bc9b1;[];keren!
1121;58;0;21010708.0;sticker/webp;;[];False;False;974ebb3ca63fce70;[];[Stiker]
1122;58;0;21010713.0;sticker/webp;;[];False;False;bbbaf4fd4892d8eb;[];[Stiker]
1123;58;0;21010714.0;sticker/webp;;[];False;False;364a8fe133736028;[];[Stiker]
1124;58;0;21010717.0;sticker/webp;;[];False;False;364a8fe133736028;[];[Stiker]
1125;58;0;21010733.0;sticker/webp;;[];False;False;bbbaf4fd4892d8eb;[];[Stiker]
1126;58;0;21010811.0;sticker/webp;;[];False;False;135066e1e68c5866;[];[Stiker]
1127;58;0;21010817.0;sticker/webp;;[];False;False;578f686de847bcba;[];[Stiker]
1128;58;0;21010847.0;sticker/webp;;[];False;False;bbbaf4fd4892d8eb;[];[Stiker]
1129;58;0;21013350.0;sticker/webp;;[];False;False;974ebb3ca63fce70;[];[Stiker]
1130;59;11-50;21017389.0;text;;[];False;False;499d10b7e54f80fb;[];indomie telor udah cukup kok
1131;59;0;21017390.0;sticker/webp;;[];False;False;499d10b7e54f80fb;[];[Stiker]
1132;59;1-10;21017392.0;text;;[];False;False;499d10b7e54f80fb;[];sip
1133;59;0;21017396.0;sticker/webp;;[];False;False;d5dac0683caba4eb;[];[Stiker]
1134;59;1-10;21017397.0;text;;[];False;False;d5dac0683caba4eb;[];yep
1135;59;0;21017398.0;sticker/webp;;[];False;False;499d10b7e54f80fb;[];[Stiker]
1136;59;0;21017413.0;sticker/webp;1133.0;[];False;False;974ebb3ca63fce70;[];[Stiker]
1137;59;0;21017417.0;sticker/webp;;[];False;False;d5dac0683caba4eb;[];[Stiker]
1138;59;0;21017419.0;sticker/webp;;[];False;False;499d10b7e54f80fb;[];[Stiker]
1139;60;0;21019532.0;sticker/webp;;[];False;False;dbc9b15db5694d60;[];[Stiker]
1140;60;0;21020858.0;sticker/webp;;[];False;False;c136b84c40ef262f;[];[Stiker]
1141;60;0;21020876.0;sticker/webp;;[];False;False;6e0b844be24a9c73;[];[Stiker]
1142;60;0;21020956.0;sticker/webp;;[];False;False;a5f34109eb57020f;[];[Stiker]
1143;60;0;21021735.0;sticker/webp;;[];False;False;1e4790915a2f57fa;[];[Stiker]
1144;61;0;21025959.0;sticker/webp;;[];False;False;974ebb3ca63fce70;[];[Stiker]
1145;61;51-100;21026147.0;text;;[];True;False;a5f34109eb57020f;[];lu pernah coba belajar bareng di perpus kota ga, enak ga disana?...
1146;61;11-50;21026614.0;text;;[];False;False;d5dac0683caba4eb;[];gw berantem sama si anu
1147;61;0;21026628.0;sticker/webp;;[];False;False;d5dac0683caba4eb;[];[Stiker]
1148;61;1-10;21027117.0;text;;[];False;False;a5f34109eb57020f;[];trus
1149;61;0;21027942.0;sticker/webp;;[];False;False;bed5476afc721019;[];[Stiker]
1150;61;0;21027978.0;sticker/webp;;[];False;False;4cdfd58590037079;[];[Stiker]
1151;61;0;21027983.0;sticker/webp;;[];False;False;16c8d49adf25c6c5;[];[Stiker]
1152;61;0;21027997.0;sticker/webp;;[];False;False;bed5476afc721019;[];[Stiker]
1153;61;11-50;21028000.0;text;;[];False;False;16c8d49adf25c6c5;[];gw kangen temen temen sma
1154;61;0;21028013.0;sticker/webp;;[];False;False;bed5476afc721019;[];[Stiker]
1155;61;0;21028026.0;sticker/webp;;[];False;False;16c8d49adf25c6c5;[];[Stiker]
1156;61;0;21028045.0;sticker/webp;;[];False;False;4cdfd58590037079;[];[Stiker]
1157;61;11-50;21028060.0;text;;[];False;False;16c8d49adf25c6c5;[];reuni kapan ya kita
1158;61;0;21028061.0;sticker/webp;;[];False;False;511f77c321d6559a;[];[Stiker]
1159;61;1-10;21028062.0;text;;[];False;False;16c8d49adf25c6c5;[];udah
1160;61;0;21028066.0;sticker/webp;;[];False;False;4cdfd58590037079;[];[Stiker]
1161;61;0;21028070.0;sticker/webp;;[];False;False;16c8d49adf25c6c5;[];[Stiker]
1162;61;0;21028081.0;sticker/webp;;[];False;False;e243f0f386a4e31c;[];[Stiker]
1163;61;0;21028088.0;sticker/webp;;[];False;False;4cdfd58590037079;[];[Stiker]
1164;61;0;21028095.0;sticker/webp;;[];False;False;bed5476afc721019;[];[Stiker]
1165;61;0;21028121.0;sticker/webp;;[];False;False;16c8d49adf25c6c5;[];[Stiker]
1166;61;0;21028131.0;sticker/webp;;[];False;False;4cdfd58590037079;[];[Stiker]
1167;61;0;21028139.0;sticker/webp;;[];False;False;511f77c321d6559a;[];[Stiker]
1168;61;0;21028148.0;sticker/webp;;[];False;False;bed5476afc721019;[];[Stiker]
1169;61;11-50;21028150.0;text;;[];False;False;16c8d49adf25c6c5;[];gw ga percaya sih gosipnya
1170;62;51-100;21100248.0;text;;[];True;False;5c65f0b89b1bc720;[];lu tau ga tempat print yang murah deket kampus buat tugas akhir?
1171;62;0;21101291.0;sticker/webp;;[];False;False;16be1d7c5bae817f;[];[Stiker]
1172;62;1-10;21101375.0;text;;[];False;False;5c65f0b89b1bc720;[];okk
1173;62;11-50;21101419.0;text;;[];False;False;4cdfd58590037079;[];baru bangun nih masih ngantuk
1174;62;0;21101444.0;sticker/webp;;[];False;False;a1d20724ac2ba048;[];[Stiker]
1175;62;0;21102006.0;sticker/webp;;[];False;False;974ebb3ca63fce70;[];[Stiker]
1176;62;0;21102229.0;sticker/webp;;[];False;False;dbc9b15db5694d60;[];[Stiker]
1177;62;0;21102432.0;sticker/webp;;[];False;False;ac40f783af9ab600;[];[Stiker]
1178;62;0;21102436.0;sticker/webp;;[];False;False;ac40f783af9ab600;[];[Stiker]
1179;62;0;21102437.0;sticker/webp;;[];False;False;ac40f783af9ab600;[];[Stiker]
1180;62;0;21102440.0;sticker/webp;;[];False;False;ac40f783af9ab600;[];[Stiker]
1181;62;0;21102442.0;sticker/webp;;[];False;False;ac40f783af9ab600;[];[Stiker]
1182;62;0;21102446.0;sticker/webp;;[];False;False;ac40f783af9ab600;[];[Stiker]
1183;62;0;21102449.0;sticker/webp;;[];False;False;ac40f783af9ab600;[];[Stiker]
1184;62;0;21102528.0;sticker/webp;;[];False;False;4cdfd58590037079;[];[Stiker]
1185;63;0;21104764.0;sticker/webp;1173.0;[];False;False;4f0f6eede0886bca;[];[Stiker]
1186;63;0;21104830.0;sticker/webp;;[];False;False;bbbaf4fd4892d8eb;[];[Stiker]
1187;63;0;21104840.0;sticker/webp;;[];False;False;bbbaf4fd4892d8eb;[];[Stiker]
1188;63;0;21104842.0;sticker/webp;;[];False;False;bbbaf4fd4892d8eb;[];[Stiker]
1189;63;0;21104844.0;sticker/webp;;[];False;False;bbbaf4fd4892d8eb;[];[Stiker]
1190;63;0;21104848.0;sticker/webp;;[];False;False;bbbaf4fd4892d8eb;[];[Stiker]
1191;63;0;21104851.0;sticker/webp;;[];False;False;bbbaf4fd4892d8eb;[];[Stiker]
1192;63;0;21104854.0;sticker/webp;;[];False;False;bbbaf4fd4892d8eb;[];[Stiker]
1193;63;0;21104855.0;sticker/webp;;[];False;False;bbbaf4fd4892d8eb;[];[Stiker]
1194;63;0;21104869.0;sticker/webp;;[];False;False;bbbaf4fd4892d8eb;[];[Stiker]
1195;63;1-10;21104873.0;text;1194.0;[];False;False;e501200c0b7eac9c;[];gituuu
1196;63;0;21104875.0;sticker/webp;;[];False;False;bbbaf4fd4892d8eb;[];[Stiker]
1197;63;1-10;21104879.0;text;;[];False;False;e501200c0b7eac9c;[];goks
1198;63;0;21104879.0;sticker/webp;;[];False;False;e501200c0b7eac9c;[];[Stiker]
1199;63;0;21104879.0;sticker/webp;;[];False;False;bbbaf4fd4892d8eb;[];[Stiker]
1200;63;0;21104907.0;sticker/webp;;[];False;False;bbbaf4fd4892d8eb;[];[Stiker]
1201;63;0;21104922.0;sticker/webp;;[];False;False;e501200c0b7eac9c;[];[Stiker]
1202;63;0;21104926.0;sticker/webp;;[];False;False;e501200c0b7eac9c;[];[Stiker]
1203;63;0;21104966.0;sticker/webp;;[];False;False;096ffd0c1b8bdff1;[];[Stiker]
1204;63;0;21105022.0;sticker/webp;;[];False;False;bbbaf4fd4892d8eb;[];[Stiker]
1205;63;0;21105663.0;sticker/webp;;[];False;False;16c8d49adf25c6c5;[];[Stiker]
1206;63;11-50;21106654.0;text;;[];True;False;73096f25fb4a1cc8;[];kenapa ga bales chat gw?
1207;63;0;21106884.0;sticker/webp;;[];False;False;fa156c874f6d1505;[];[Stiker]
1208;63;0;21106889.0;sticker/webp;;[];False;False;fa156c874f6d1505;[];[Stiker]
1209;63;0;21107834.0;sticker/webp;;[];False;False;096ffd0c1b8bdff1;[];[Stiker]
1210;63;11-50;21107935.0;text;;[];False;False;9f0039949f360220;[];gw kangen masakan ruamh
1211;63;0;21107959.0;sticker/webp;;[];False;False;f79ef9646cc03d69;[];[Stiker]
1212;63;0;21107962.0;sticker/webp;;[];False;False;f79ef9646cc03d69;[];[Stiker]
1213;63;0;21107964.0;sticker/webp;;[];False;False;f79ef9646cc03d69;[];[Stiker]
1214;63;0;21107968.0;sticker/webp;;[];False;False;90afb96b74df9584;[];[Stiker]
1215;63;0;21107971.0;sticker/webp;;[];False;False;f79ef9646cc03d69;[];[Stiker]
1216;63;0;21107987.0;sticker/webp;;[];False;False;f79ef9646cc03d69;[];[Stiker]
1217;63;0;21107995.0;sticker/webp;;[];False;False;f79ef9646cc03d69;[];[Stiker]
1218;63;1-10;21107995.0;text;;[];False;False;9f0039949f360220;[];noted
1219;63;0;21108008.0;sticker/webp;;[];False;False;f79ef9646cc03d69;[];[Stiker]
1220;63;0;21108013.0;sticker/webp;;[];False;False;f79ef9646cc03d69;[];[Stiker]
1221;63;0;21108015.0;sticker/webp;;[];False;False;f79ef9646cc03d69;[];[Stiker]
1222;63;0;21108021.0;sticker/webp;;[];False;False;90afb96b74df9584;[];[Stiker]
1223;63;0;21108022.0;sticker/webp;;[];False;False;f79ef9646cc03d69;[];[Stiker]
1224;63;0;21108025.0;sticker/webp;;[];False;False;90afb96b74df9584;[];[Stiker]
1225;63;0;21108035.0;sticker/webp;;[];False;False;c90ae3cb41094f71;[];[Stiker]
1226;63;0;21108036.0;sticker/webp;;[];False;False;c90ae3cb41094f71;[];[Stiker]
1227;63;0;21108044.0;sticker/webp;;[];False;False;c90ae3cb41094f71;[];[Stiker]
1228;63;0;21108047.0;sticker/webp;;[];False;False;c90ae3cb41094f71;[];[Stiker]
1229;63;0;21108050.0;sticker/webp;;[];False;False;c90ae3cb41094f71;[];[Stiker]
1230;63;0;21108053.0;sticker/webp;;[];False;False;c90ae3cb41094f71;[];[Stiker]
1231;63;0;21108064.0;sticker/webp;;[];False;False;c90ae3cb41094f71;[];[Stiker]
1232;63;0;21108073.0;unknown;;[];False;False;c90ae3cb41094f71;[];[Media tidak dikenal]
1233;63;0;21108081.0;sticker/webp;;[];False;False;c90ae3cb41094f71;[];[Stiker]
1234;63;0;21108087.0;sticker/webp;;[];False;False;c90ae3cb41094f71;[];[Stiker]
1235;63;0;21108091.0;sticker/webp;;[];False;False;c90ae3cb41094f71;[];[Stiker]
1236;63;0;21108092.0;sticker/webp;;[];False;False;c90ae3cb41094f71;[];[Stiker]
1237;63;11-50;21108097.0;text;;[];False;False;90afb96b74df9584;[];Mama minta gw pulang weekend.
1238;63;0;21108102.0;sticker/webp;;[];False;False;c90ae3cb41094f71;[];[Stiker]
1239;63;0;21108119.0;sticker/webp;;[];False;False;c90ae3cb41094f71;[];[Stiker]
1240;63;0;21108120.0;sticker/webp;;[];False;False;c90ae3cb41094f71;[];[Stiker]
1241;63;0;21108132.0;sticker/webp;;[];False;False;c90ae3cb41094f71;[];[Stiker]
1242;63;0;21108135.0;sticker/webp;;[];False;False;c90ae3cb41094f71;[];[Stiker]
1243;63;0;21108135.0;sticker/webp;;[];False;False;c90ae3cb41094f71;[];[Stiker]
1244;63;0;21108139.0;sticker/webp;;[];False;False;c90ae3cb41094f71;[];[Stiker]
1245;63;0;21108147.0;sticker/webp;;[];False;False;c90ae3cb41094f71;[];[Stiker]
1246;63;1-10;21108188.0;text;;[];False;False;9f0039949f360220;[];anjay
1247;63;1-10;21108500.0;text;;[];False;False;73096f25fb4a1cc8;[];mager
1248;63;0;21108522.0;sticker/webp;;[];False;False;73096f25fb4a1cc8;[];[Stiker]
1249;63;0;21108691.0;sticker/webp;;[];False;False;fa156c874f6d1505;[];[Stiker]
1250;64;0;21111350.0;sticker/webp;;[];False;False;90afb96b74df9584;[];[Stiker]
1251;64;1-10;21111358.0;text;;[];False;False;90afb96b74df9584;[];Yep.
1252;64;0;21111376.0;sticker/webp;;[];False;False;90afb96b74df9584;[];[Stiker]
1253;65;11-50;21165626.0;text;;[];False;False;ae82e90f34a9e69d;[];nongkrong yuk di kafe biasa
1254;65;11-50;21165629.0;text;;[];False;False;ae82e90f34a9e69d;[];nongkrongggg yuk di kafee biasa
1255;65;0;21166013.0;sticker/webp;;[];False;False;d115ab147e9f2ea5;[];[Stiker]
1256;65;0;21166018.0;sticker/webp;;[];False;False;d115ab147e9f2ea5;[];[Stiker]
1257;65;0;21168600.0;unknown;;[];False;False;0c2c98c96bf9dd79;[];[Media tidak dikenal]
1258;65;0;21169179.0;sticker/webp;;[];False;False;499d10b7e54f80fb;[];[Stiker]
1259;65;0;21169810.0;sticker/webp;;[];False;False;ad7f07684351ed77;[];[Stiker]
1260;65;0;21170149.0;sticker/webp;;[];False;False;4f0f6eede0886bca;[];[Stiker]
1261;65;0;21170240.0;sticker/webp;;[];False;False;acb44dbed3a4cca9;[];[Stiker]
1262;65;0;21170242.0;sticker/webp;;[];False;False;acb44dbed3a4cca9;[];[Stiker]
1263;65;0;21170243.0;sticker/webp;;[];False;False;acb44dbed3a4cca9;[];[Stiker]
1264;65;0;21170243.0;sticker/webp;;[];False;False;acb44dbed3a4cca9;[];[Stiker]
1265;65;0;21170247.0;sticker/webp;;[];False;False;acb44dbed3a4cca9;[];[Stiker]
1266;65;0;21170253.0;sticker/webp;;[];False;False;acb44dbed3a4cca9;[];[Stiker]
1267;65;0;21170253.0;sticker/webp;;[];False;False;acb44dbed3a4cca9;[];[Stiker]
1268;65;0;21171091.0;sticker/webp;;[];False;False;bbbaf4fd4892d8eb;[];[Stiker]
1269;65;0;21171708.0;sticker/webp;;[];False;False;80598fc96722b883;[];[Stiker]
1270;66;0;21180005.0;sticker/webp;;[];False;False;f121547ceb5b88a9;[];[Stiker]
1271;66;0;21184637.0;sticker/webp;;[];False;False;937094946627b75f;[];[Stiker]
1272;66;0;21185401.0;sticker/webp;;[];False;False;08898dd87b81ecbb;[];[Stiker]
1273;66;0;21185785.0;sticker/webp;;[];False;False;499d10b7e54f80fb;[];[Stiker]
1274;66;0;21186144.0;unknown;;[];False;False;2941fde661fa629c;[];[Media tidak dikenal]
1275;66;0;21186161.0;sticker/webp;;[];False;False;2941fde661fa629c;[];[Stiker]
1276;66;0;21186167.0;sticker/webp;;[];False;False;2941fde661fa629c;[];[Stiker]
1277;66;0;21195400.0;system;;[];False;False;517a2120ba58895a;[];[Pesan sistem]
1278;67;51-100;21256376.0;text;;[];True;False;b6c02156685fc94b;[];kira kira kalo gw apply magang skrg msh keburu ga ya?
1279;67;0;21256437.0;sticker/webp;;[];False;False;804aec0e49500908;[];[Stiker]
1280;67;0;21256467.0;sticker/webp;;[];False;False;4f0f6eede0886bca;[];[Stiker]
1281;67;0;21256468.0;sticker/webp;;[];False;False;4f0f6eede0886bca;[];[Stiker]
1282;67;0;21256471.0;sticker/webp;;[];False;False;4f0f6eede0886bca;[];[Stiker]
1283;67;0;21256473.0;sticker/webp;;[];False;False;e3974bca816ec644;[];[Stiker]
1284;67;11-50;21256475.0;text;;[];False;False;e3974bca816ec644;[];futsal besok jadiii ga
1285;67;0;21256490.0;sticker/webp;;[];False;False;4f0f6eede0886bca;[];[Stiker]
1286;67;11-50;21256499.0;text;;[];False;False;b6c02156685fc94b;[];gw aibs lari pagi tdai
1287;67;0;21256504.0;image/jpeg;;[];False;False;b6c02156685fc94b;[];[Foto]
1288;67;11-50;21256520.0;text;;[];False;False;b6c02156685fc94b;[];gw lg baca novel baur nih
1289;67;51-100;21256562.0;text;;[];False;False;dd1510013d6b16a7;[];gw baru dapet info beasiswa buat semester depan mau coba daftar deh
1290;67;0;21256573.0;sticker/webp;;[];False;False;b6c02156685fc94b;[];[Stiker]
1291;67;11-50;21256596.0;text;;[];False;False;a5f34109eb57020f;[];podcast yg lu rekomen mana
1292;67;0;21256602.0;sticker/webp;;[];False;False;a5f34109eb57020f;[];[Stiker]
1293;67;0;21256627.0;sticker/webp;;[];False;False;939fd2fe02b17253;[];[Stiker]
1294;67;0;21256648.0;sticker/webp;;[];False;False;e3974bca816ec644;[];[Stiker]
1295;67;0;21256661.0;sticker/webp;;[];False;False;dae8154bdfb58fc3;[];[Stiker]
1296;67;0;21256680.0;sticker/webp;;[];False;False;7827148061b069d0;[];[Stiker]
1297;67;0;21256681.0;sticker/webp;;[];False;False;7827148061b069d0;[];[Stiker]
1298;67;0;21256683.0;sticker/webp;;[];False;False;7827148061b069d0;[];[Stiker]
1299;67;0;21256684.0;sticker/webp;;[];False;False;dae8154bdfb58fc3;[];[Stiker]
1300;67;0;21256684.0;sticker/webp;;[];False;False;a5f34109eb57020f;[];[Stiker]
1301;67;0;21256686.0;sticker/webp;;[];False;False;dae8154bdfb58fc3;[];[Stiker]
1302;67;0;21256699.0;sticker/webp;;[];False;False;a5f34109eb57020f;[];[Stiker]
1303;67;0;21256700.0;sticker/webp;;[];False;False;a5f34109eb57020f;[];[Stiker]
1304;67;0;21256707.0;sticker/webp;;[];False;False;194bc109b7f66873;[];[Stiker]
1305;67;0;21256733.0;sticker/webp;;[];False;False;7827148061b069d0;[];[Stiker]
1306;67;0;21256735.0;sticker/webp;;[];False;False;dae8154bdfb58fc3;[];[Stiker]
1307;67;0;21256738.0;sticker/webp;;[];False;False;364a8fe133736028;[];[Stiker]
1308;67;0;21256740.0;sticker/webp;;[];False;False;dae8154bdfb58fc3;[];[Stiker]
1309;67;0;21256750.0;sticker/webp;;[];False;False;7827148061b069d0;[];[Stiker]
1310;67;0;21256751.0;sticker/webp;;[];False;False;dae8154bdfb58fc3;[];[Stiker]
1311;67;0;21256812.0;sticker/webp;;[];False;False;dae8154bdfb58fc3;[];[Stiker]
1312;67;0;21257148.0;sticker/webp;;[];False;False;2941fde661fa629c;[];[Stiker]
1313;67;0;21257287.0;sticker/webp;;[];False;False;693ca1466c735646;[];[Stiker]
1314;67;0;21257289.0;sticker/webp;;[];False;False;693ca1466c735646;[];[Stiker]
1315;67;0;21257603.0;sticker/webp;;[];False;False;79eea162743f05be;[];[Stiker]
1316;67;0;21257662.0;sticker/webp;;[];False;False;a5f34109eb57020f;[];[Stiker]
1317;67;0;21257696.0;sticker/webp;;[];False;False;bbbaf4fd4892d8eb;[];[Stiker]
1318;67;0;21258039.0;sticker/webp;;[];False;False;2941fde661fa629c;[];[Stiker]
1319;67;0;21258061.0;sticker/webp;;[];False;False;5161182edf3a0553;[];[Stiker]
1320;67;0;21258408.0;sticker/webp;;[];False;False;5161182edf3a0553;[];[Stiker]
1321;67;0;21259193.0;sticker/webp;;[];False;False;dbc9b15db5694d60;[];[Stiker]
1322;67;1-10;21261677.0;text;;[];True;False;7f979d29b75d1a71;[];ya!!
1323;67;11-50;21262990.0;text;;[];False;False;b06e171fb9b95ab7;[];series tu endingnya zonk... bgt
1324;67;1-10;21262997.0;text;;['🙄'];False;False;b06e171fb9b95ab7;[];btw
1325;67;0;21263209.0;sticker/webp;;[];False;False;a5f34109eb57020f;[];[Stiker]
1326;67;11-50;21265126.0;text;;[];False;False;123699db38418d68;[];series tu endingnya zonk bgt...
1327;67;11-50;21265353.0;text;;['😂'];False;False;7f979d29b75d1a71;[];podcast yg lu rekomen mana!!
1328;67;11-50;21267678.0;text;;[];False;False;4f0f6eede0886bca;[];Konser itu mahal banget tiketnya.
1329;67;0;21267716.0;sticker/webp;;[];False;False;4f0f6eede0886bca;[];[Stiker]
1330;67;11-50;21267723.0;text;;[];False;False;4f0f6eede0886bca;[];Badminton yuk sore ini.
1331;67;0;21267758.0;sticker/webp;;[];False;False;a1d20724ac2ba048;[];[Stiker]
1332;67;0;21267876.0;sticker/webp;;[];False;False;4f0f6eede0886bca;[];[Stiker]
1333;67;0;21267897.0;sticker/webp;;[];False;False;a5f34109eb57020f;[];[Stiker]
1334;67;0;21268247.0;sticker/webp;;[];False;False;7f979d29b75d1a71;[];[Stiker]
1335;67;0;21268713.0;sticker/webp;;[];False;False;73096f25fb4a1cc8;[];[Stiker]
1336;67;0;21269457.0;sticker/webp;;[];False;False;2aebd8fa5110f1d6;[];[Stiker]
1337;68;0;21277805.0;sticker/webp;;[];False;False;4f0f6eede0886bca;[];[Stiker]
1338;68;11-50;21278211.0;text;;[];False;False;939fd2fe02b17253;[];macet parah di jalan tol
1339;68;11-50;21278240.0;text;;[];False;False;a5f34109eb57020f;[];ketemuan di mall jam 3 ya...
1340;68;11-50;21278354.0;text;;[];False;False;693ca1466c735646;[];rame banget disini cuy
1341;68;11-50;21278399.0;text;;[];False;False;9f0039949f360220;[];gw nyari parkir dulu bentar
1342;68;11-50;21278403.0;text;;[];False;False;4f0f6eede0886bca;[];Gw nyari parkir dulu bentar.
1343;68;11-50;21278413.0;text;;[];False;False;4f0f6eede0886bca;[];Ketemuan di mall jam 3 ya.
1344;68;11-50;21278422.0;text;;[];False;False;4f0f6eede0886bca;[];Gw ngga bisa ikut malem ini.
1345;68;1-10;21278423.0;text;;[];False;False;4f0f6eede0886bca;[];Emm.
1346;68;1-10;21278424.0;text;;[];False;False;9f0039949f360220;[];mah
1347;68;11-50;21278431.0;text;;[];False;False;9f0039949f360220;[];macet parah di jalan tol
1348;68;0;21278440.0;sticker/webp;;[];False;False;4f0f6eede0886bca;[];[Stiker]
1349;68;1-10;21278501.0;text;;[];False;False;939fd2fe02b17253;[];oii
1350;68;0;21278512.0;sticker/webp;;[];False;False;7f979d29b75d1a71;[];[Stiker]
1351;68;0;21278518.0;sticker/webp;;[];False;False;4f0f6eede0886bca;[];[Stiker]
1352;68;0;21278554.0;sticker/webp;;[];False;False;2941fde661fa629c;[];[Stiker]
1353;68;0;21278554.0;sticker/webp;;[];False;False;2941fde661fa629c;[];[Stiker]
1354;68;0;21278555.0;sticker/webp;;[];False;False;2941fde661fa629c;[];[Stiker]
1355;68;0;21278557.0;sticker/webp;;[];False;False;2941fde661fa629c;[];[Stiker]
1356;68;0;21278559.0;sticker/webp;;[];False;False;2941fde661fa629c;[];[Stiker]
1357;68;0;21278560.0;sticker/webp;;[];False;False;2941fde661fa629c;[];[Stiker]
1358;68;0;21278561.0;sticker/webp;;[];False;False;2941fde661fa629c;[];[Stiker]
1359;68;0;21278582.0;sticker/webp;;[];False;False;7f979d29b75d1a71;[];[Stiker]
1360;68;11-50;21278584.0;text;;[];False;False;2941fde661fa629c;[];Gw naik ojol aja deh.
1361;68;11-50;21278599.0;text;;[];True;False;7f979d29b75d1a71;[];wifi password nya apa sih!!
1362;68;11-50;21278626.0;text;;[];False;False;2941fde661fa629c;[];Ketemuan di mall jam 3 ya.
1363;68;0;21278629.0;sticker/webp;;[];False;False;79625c844e04a646;[];[Stiker]
1364;68;0;21278663.0;sticker/webp;;[];False;False;7f979d29b75d1a71;[];[Stiker]
1365;68;0;21278791.0;sticker/webp;;[];False;False;499d10b7e54f80fb;[];[Stiker]
1366;68;0;21278792.0;sticker/webp;;[];False;False;499d10b7e54f80fb;[];[Stiker]
1367;68;0;21278797.0;unknown;;[];False;False;499d10b7e54f80fb;[];[Media tidak dikenal]
1368;68;0;21278886.0;sticker/webp;;[];False;False;79625c844e04a646;[];[Stiker]
1369;68;0;21278941.0;sticker/webp;;[];False;False;7f979d29b75d1a71;[];[Stiker]
1370;68;0;21279025.0;sticker/webp;;[];False;False;80598fc96722b883;[];[Stiker]
1371;68;0;21279070.0;sticker/webp;;[];False;False;79625c844e04a646;[];[Stiker]
1372;68;0;21279122.0;sticker/webp;;[];False;False;bbbaf4fd4892d8eb;[];[Stiker]
1373;68;0;21282540.0;sticker/webp;;[];False;False;73096f25fb4a1cc8;[];[Stiker]
1374;69;0;21328590.0;sticker/webp;;[];False;False;4f0f6eede0886bca;[];[Stiker]
1375;69;11-50;21341165.0;text;;[];False;False;0725ac2da04749fe;[];gw lagi di atm sebentar
1376;69;0;21341166.0;sticker/webp;;[];False;False;0725ac2da04749fe;[];[Stiker]
1377;69;11-50;21341169.0;text;;[];False;False;9f0039949f360220;[];wifi kampus lemot parah
1378;69;1-10;21342016.0;text;;[];False;False;a5f34109eb57020f;[];ah
1379;69;11-50;21344471.0;text;;[];False;False;afcf0fe8046deaf7;[];bentar ya gw lg di jalan
1380;69;0;21344539.0;sticker/webp;;[];False;False;b06e171fb9b95ab7;[];[Stiker]
1381;70;0;21351465.0;sticker/webp;;[];False;False;7827148061b069d0;[];[Stiker]
1382;70;11-50;21355019.0;text;;[];False;False;6d78c0cd669db3d3;[];eh denger gosip blm
1383;70;0;21355092.0;sticker/webp;;[];False;False;a5f34109eb57020f;[];[Stiker]
1384;70;0;21355146.0;sticker/webp;;[];False;False;2aebd8fa5110f1d6;[];[Stiker]
1385;70;0;21355147.0;sticker/webp;;[];False;False;2aebd8fa5110f1d6;[];[Stiker]
1386;70;0;21356210.0;sticker/webp;;[];False;False;974ebb3ca63fce70;[];[Stiker]
1387;70;0;21356625.0;sticker/webp;;[];False;False;a5f34109eb57020f;[];[Stiker]
1388;71;0;21361172.0;sticker/webp;;[];False;False;fe17f02510a55a0f;[];[Stiker]
1389;71;0;21361486.0;sticker/webp;;[];False;False;bbbaf4fd4892d8eb;[];[Stiker]
1390;71;0;21361553.0;sticker/webp;;[];False;False;3f5b42a78489ad8a;[];[Stiker]
1391;71;0;21361556.0;sticker/webp;;[];False;False;3f5b42a78489ad8a;[];[Stiker]
1392;71;0;21361595.0;sticker/webp;;[];False;False;90afb96b74df9584;[];[Stiker]
1393;72;0;21363376.0;sticker/webp;;[];False;False;c90ae3cb41094f71;[];[Stiker]
1394;72;0;21363380.0;sticker/webp;;[];False;False;c90ae3cb41094f71;[];[Stiker]
1395;72;0;21364626.0;sticker/webp;;[];False;False;499d10b7e54f80fb;[];[Stiker]
1396;72;0;21364667.0;sticker/webp;;[];False;False;ac40f783af9ab600;[];[Stiker]
1397;72;0;21365315.0;sticker/webp;;[];False;False;6af7bb586586c6eb;[];[Stiker]
1398;72;0;21365392.0;sticker/webp;;[];False;False;499d10b7e54f80fb;[];[Stiker]
1399;72;0;21365403.0;sticker/webp;;[];False;False;499d10b7e54f80fb;[];[Stiker]
1400;73;0;21403090.0;sticker/webp;;[];False;False;6bd5450b1c6778b3;[];[Stiker]
1401;73;0;21403105.0;sticker/webp;;[];False;False;6bd5450b1c6778b3;[];[Stiker]
1402;74;0;21404999.0;sticker/webp;;[];False;False;73096f25fb4a1cc8;[];[Stiker]
1403;74;0;21405077.0;sticker/webp;;[];False;False;bbbaf4fd4892d8eb;[];[Stiker]
1404;75;11-50;21415848.0;text;;[];False;False;6af7bb586586c6eb;[];mangaaaa terbaru udah keluarrrr loh
1405;75;11-50;21415955.0;text;;[];False;False;73096f25fb4a1cc8;[];series itu endingnya,,, zonk bgt
1406;76;0;21424442.0;sticker/webp;;[];False;False;194bc109b7f66873;[];[Stiker]
1407;76;0;21424451.0;sticker/webp;;[];False;False;194bc109b7f66873;[];[Stiker]
1408;76;0;21424552.0;sticker/webp;;[];False;False;90afb96b74df9584;[];[Stiker]
1409;76;0;21425431.0;sticker/webp;;[];False;False;937094946627b75f;[];[Stiker]
1410;76;0;21425445.0;sticker/webp;;[];False;False;4f0f6eede0886bca;[];[Stiker]
1411;76;0;21425597.0;sticker/webp;;[];False;False;6bd5450b1c6778b3;[];[Stiker]
1412;76;0;21425809.0;sticker/webp;;[];False;False;4f0f6eede0886bca;[];[Stiker]
1413;77;0;21428894.0;sticker/webp;;[];False;False;6bd5450b1c6778b3;[];[Stiker]
1414;77;0;21429727.0;sticker/webp;;[];False;False;bbbaf4fd4892d8eb;[];[Stiker]
1415;77;0;21429742.0;sticker/webp;;[];False;False;bbbaf4fd4892d8eb;[];[Stiker]
1416;77;0;21429752.0;sticker/webp;;[];False;False;bbbaf4fd4892d8eb;[];[Stiker]
1417;77;0;21429754.0;sticker/webp;;[];False;False;bbbaf4fd4892d8eb;[];[Stiker]
1418;77;0;21429774.0;sticker/webp;;[];False;False;bbbaf4fd4892d8eb;[];[Stiker]
1419;78;0;21431619.0;sticker/webp;;[];False;False;c90ae3cb41094f71;[];[Stiker]
1420;78;0;21432026.0;sticker/webp;;[];False;False;c90ae3cb41094f71;[];[Stiker]
1421;78;0;21432069.0;sticker/webp;;[];False;False;c90ae3cb41094f71;[];[Stiker]
1422;78;0;21432070.0;sticker/webp;;[];False;False;c90ae3cb41094f71;[];[Stiker]
1423;78;0;21432072.0;sticker/webp;;[];False;False;c90ae3cb41094f71;[];[Stiker]
1424;78;0;21432295.0;sticker/webp;;[];False;False;73096f25fb4a1cc8;[];[Stiker]
1425;78;0;21432849.0;sticker/webp;;[];False;False;c90ae3cb41094f71;[];[Stiker]
1426;78;0;21432856.0;sticker/webp;;[];False;False;c90ae3cb41094f71;[];[Stiker]
1427;78;0;21432862.0;sticker/webp;;[];False;False;c90ae3cb41094f71;[];[Stiker]
1428;78;0;21432872.0;sticker/webp;;[];False;False;c90ae3cb41094f71;[];[Stiker]
1429;78;0;21432907.0;sticker/webp;;[];False;False;c90ae3cb41094f71;[];[Stiker]
1430;78;0;21432908.0;sticker/webp;;[];False;False;c90ae3cb41094f71;[];[Stiker]
1431;78;0;21432938.0;sticker/webp;;[];False;False;c90ae3cb41094f71;[];[Stiker]
1432;78;0;21433093.0;sticker/webp;;[];False;False;c90ae3cb41094f71;[];[Stiker]
1433;79;0;21433790.0;sticker/webp;;[];False;False;c90ae3cb41094f71;[];[Stiker]
1434;79;0;21433832.0;sticker/webp;;[];False;False;c90ae3cb41094f71;[];[Stiker]
1435;79;0;21433838.0;sticker/webp;;[];False;False;c90ae3cb41094f71;[];[Stiker]
1436;79;0;21433844.0;sticker/webp;;[];False;False;df29bba03ae28a9e;[];[Stiker]
1437;79;0;21433845.0;sticker/webp;;[];False;False;df29bba03ae28a9e;[];[Stiker]
1438;79;0;21433875.0;sticker/webp;;[];False;False;c90ae3cb41094f71;[];[Stiker]
1439;79;0;21433876.0;sticker/webp;;[];False;False;c90ae3cb41094f71;[];[Stiker]
1440;79;0;21433882.0;sticker/webp;;[];False;False;c90ae3cb41094f71;[];[Stiker]
1441;79;0;21434020.0;sticker/webp;;[];False;False;c90ae3cb41094f71;[];[Stiker]
1442;79;11-50;21434079.0;text;1437.0;['🤔'];True;False;b06e171fb9b95ab7;[];lu dmn skrg?
1443;79;1-10;21434089.0;text;;['🤭'];False;False;b06e171fb9b95ab7;[];yuk
1444;79;0;21434847.0;sticker/webp;;[];False;False;4cdfd58590037079;[];[Stiker]
1445;79;0;21434881.0;sticker/webp;;[];False;False;9f0039949f360220;[];[Stiker]
1446;79;0;21434881.0;sticker/webp;;[];False;False;9f0039949f360220;[];[Stiker]
1447;79;0;21435153.0;sticker/webp;;[];False;False;df29bba03ae28a9e;[];[Stiker]
1448;79;0;21435169.0;sticker/webp;;[];False;False;df29bba03ae28a9e;[];[Stiker]
1449;79;0;21435189.0;sticker/webp;;[];False;False;9f0039949f360220;[];[Stiker]
1450;79;0;21435683.0;unknown;;[];False;False;dae8154bdfb58fc3;[];[Media tidak dikenal]
1451;79;0;21435694.0;sticker/webp;;[];False;False;dae8154bdfb58fc3;[];[Stiker]
1452;80;0;21439637.0;sticker/webp;;[];False;False;b06e171fb9b95ab7;[];[Stiker]
1453;80;11-50;21439866.0;text;;[];False;False;3131083620251a0b;[];gw udah di parkiran nih
1454;80;1-10;21439965.0;text;;[];False;False;acb44dbed3a4cca9;[];hoo
1455;80;0;21440031.0;sticker/webp;;[];False;False;b06e171fb9b95ab7;[];[Stiker]
1456;80;0;21440038.0;sticker/webp;;[];False;False;b06e171fb9b95ab7;[];[Stiker]
1457;81;51-100;21448948.0;text;;[];True;False;73096f25fb4a1cc8;[];ada yang tau,,, kenapa,,, kantin kampus,,, tutup lebih awal hari ini ga,,, sih?
1458;81;11-50;21449116.0;text;1457.0;[];False;False;6af7bb586586c6eb;[];gw mau nyoba restorann baru
1459;81;11-50;21449136.0;text;;[];False;False;6af7bb586586c6eb;[];es tehhh manissss satu ya bang
1460;81;0;21449152.0;sticker/webp;1458.0;[];False;False;73096f25fb4a1cc8;[];[Stiker]
1461;81;11-50;21449182.0;text;;[];False;False;73096f25fb4a1cc8;[];porsi makan gw nambah,,, terus
1462;81;0;21449202.0;sticker/webp;1458.0;[];False;False;b06e171fb9b95ab7;[];[Stiker]
1463;81;11-50;21449224.0;text;;[];False;False;2941fde661fa629c;[];Gw mau pesen gofood dulu.
1464;81;0;21449256.0;sticker/webp;;[];False;False;1e479cd01dc43717;[];[Stiker]
1465;81;0;21449266.0;sticker/webp;;[];False;False;6af7bb586586c6eb;[];[Stiker]
1466;81;0;21449309.0;sticker/webp;;[];False;False;6af7bb586586c6eb;[];[Stiker]
1467;81;0;21449322.0;sticker/webp;;[];False;False;6af7bb586586c6eb;[];[Stiker]
1468;81;0;21449330.0;sticker/webp;;[];False;False;6af7bb586586c6eb;[];[Stiker]
1469;81;0;21449334.0;sticker/webp;;[];False;False;f9546c8a3c4736ea;[];[Stiker]
1470;81;0;21449342.0;sticker/webp;;[];False;False;6af7bb586586c6eb;[];[Stiker]
1471;81;0;21449349.0;sticker/webp;;[];False;False;f79ef9646cc03d69;[];[Stiker]
1472;81;11-50;21449392.0;text;;[];False;False;d29aac0e602aea55;[];sarapan dulu baru mikirr
1473;81;0;21449396.0;sticker/webp;;[];False;False;6af7bb586586c6eb;[];[Stiker]
1474;81;11-50;21449410.0;text;;['🥰'];False;False;2941fde661fa629c;[];Gw mau nyoba restoran baru.
1475;82;0;21454462.0;sticker/webp;;[];False;False;bed5476afc721019;[];[Stiker]
1476;82;0;21454590.0;sticker/webp;;[];False;False;a5f34109eb57020f;[];[Stiker]
1477;82;0;21454670.0;sticker/webp;;[];False;False;2941fde661fa629c;[];[Stiker]
1478;82;0;21454671.0;sticker/webp;;[];False;False;2941fde661fa629c;[];[Stiker]
1479;82;0;21454676.0;sticker/webp;;[];False;False;2941fde661fa629c;[];[Stiker]
1480;82;0;21454701.0;sticker/webp;;[];False;False;dd1510013d6b16a7;[];[Stiker]
1481;82;0;21454722.0;sticker/webp;;[];False;False;2941fde661fa629c;[];[Stiker]
1482;82;0;21454805.0;sticker/webp;;[];False;False;a5f34109eb57020f;[];[Stiker]
1483;82;0;21454807.0;sticker/webp;;[];False;False;a5f34109eb57020f;[];[Stiker]
1484;82;0;21455124.0;sticker/webp;;[];False;False;e501200c0b7eac9c;[];[Stiker]
1485;82;0;21455131.0;sticker/webp;;[];False;False;e501200c0b7eac9c;[];[Stiker]
1486;82;0;21455238.0;sticker/webp;;[];False;False;bbbaf4fd4892d8eb;[];[Stiker]
1487;82;11-50;21456060.0;text;;[];False;False;dd1510013d6b16a7;[];es teh manis satu ya bang
1488;82;0;21456370.0;sticker/webp;;[];False;False;a5f34109eb57020f;[];[Stiker]
1489;82;0;21456805.0;sticker/webp;;[];False;False;a8f0b1f4577c3e76;[];[Stiker]
1490;82;0;21456861.0;sticker/webp;;[];False;False;7827148061b069d0;[];[Stiker]
1491;82;0;21456894.0;sticker/webp;;[];False;False;a8f0b1f4577c3e76;[];[Stiker]
1492;82;0;21457863.0;sticker/webp;;[];False;False;499d10b7e54f80fb;[];[Stiker]
1493;82;0;21458490.0;sticker/webp;;[];False;False;ad7f07684351ed77;[];[Stiker]
1494;82;0;21458491.0;sticker/webp;;[];False;False;ad7f07684351ed77;[];[Stiker]
1495;83;0;21463698.0;sticker/webp;;[];False;False;4f0f6eede0886bca;[];[Stiker]
1496;83;0;21463698.0;sticker/webp;;[];False;False;4f0f6eede0886bca;[];[Stiker]
1497;83;0;21463702.0;sticker/webp;;[];False;False;4f0f6eede0886bca;[];[Stiker]
1498;84;11-50;21583026.0;text;;[];False;False;36d65157e9fc5ace;[];futsal besok jadi ga
1499;84;0;21583042.0;sticker/webp;;[];False;False;7f979d29b75d1a71;[];[Stiker]
1500;84;0;21583044.0;sticker/webp;;[];False;False;7f979d29b75d1a71;[];[Stiker]
1501;84;0;21583047.0;sticker/webp;;[];False;False;7f979d29b75d1a71;[];[Stiker]
1502;84;0;21583049.0;sticker/webp;;[];False;False;7f979d29b75d1a71;[];[Stiker]
1503;84;0;21583053.0;sticker/webp;;[];False;False;7f979d29b75d1a71;[];[Stiker]
1504;84;1-10;21583068.0;text;;[];False;False;6af7bb586586c6eb;[];kuyy
1505;84;0;21583091.0;sticker/webp;;[];False;False;36d65157e9fc5ace;[];[Stiker]
1506;84;0;21583119.0;sticker/webp;;[];False;False;36d65157e9fc5ace;[];[Stiker]
1507;84;0;21583146.0;sticker/webp;;[];False;False;ad7f07684351ed77;[];[Stiker]
1508;84;0;21583149.0;sticker/webp;;[];False;False;ad7f07684351ed77;[];[Stiker]
1509;84;0;21583154.0;sticker/webp;;[];False;False;ad7f07684351ed77;[];[Stiker]
1510;84;0;21583154.0;sticker/webp;;[];False;False;ad7f07684351ed77;[];[Stiker]
1511;84;0;21583154.0;sticker/webp;;[];False;False;ad7f07684351ed77;[];[Stiker]
1512;84;0;21583156.0;sticker/webp;;[];False;False;ad7f07684351ed77;[];[Stiker]
1513;84;0;21583161.0;sticker/webp;;[];False;False;ad7f07684351ed77;[];[Stiker]
1514;84;0;21583162.0;sticker/webp;;[];False;False;ad7f07684351ed77;[];[Stiker]
1515;84;0;21583164.0;sticker/webp;;[];False;False;ad7f07684351ed77;[];[Stiker]
1516;84;0;21583165.0;sticker/webp;;[];False;False;ad7f07684351ed77;[];[Stiker]
1517;84;0;21583174.0;sticker/webp;;[];False;False;ad7f07684351ed77;[];[Stiker]
1518;84;0;21583177.0;sticker/webp;;[];False;False;ad7f07684351ed77;[];[Stiker]
1519;84;0;21583180.0;sticker/webp;;[];False;False;ad7f07684351ed77;[];[Stiker]
1520;84;0;21583182.0;sticker/webp;;[];False;False;ad7f07684351ed77;[];[Stiker]
1521;84;0;21583183.0;sticker/webp;;[];False;False;ad7f07684351ed77;[];[Stiker]
1522;84;0;21583186.0;sticker/webp;;[];False;False;ad7f07684351ed77;[];[Stiker]
1523;84;0;21583187.0;sticker/webp;;[];False;False;ad7f07684351ed77;[];[Stiker]
1524;84;0;21583190.0;sticker/webp;;[];False;False;ad7f07684351ed77;[];[Stiker]
1525;84;0;21583198.0;sticker/webp;;[];False;False;ad7f07684351ed77;[];[Stiker]
1526;84;0;21583202.0;sticker/webp;;[];False;False;36d65157e9fc5ace;[];[Stiker]
1527;84;0;21583221.0;sticker/webp;;[];False;False;ad7f07684351ed77;[];[Stiker]
1528;84;0;21583221.0;sticker/webp;;[];False;False;ad7f07684351ed77;[];[Stiker]
1529;84;0;21583992.0;sticker/webp;;[];False;False;4f0f6eede0886bca;[];[Stiker]
1530;84;1-10;21584121.0;text;;[];False;False;36d65157e9fc5ace;[];kuy
1531;84;0;21584144.0;sticker/webp;;[];False;False;f9546c8a3c4736ea;[];[Stiker]
1532;84;0;21584175.0;sticker/webp;;[];False;False;4f0f6eede0886bca;[];[Stiker]
1533;84;0;21584175.0;sticker/webp;;[];False;False;4f0f6eede0886bca;[];[Stiker]
1534;84;0;21584182.0;sticker/webp;;[];False;False;4f0f6eede0886bca;[];[Stiker]
1535;84;0;21584192.0;sticker/webp;;[];False;False;f9546c8a3c4736ea;[];[Stiker]
1536;84;0;21584202.0;sticker/webp;;[];False;False;4f0f6eede0886bca;[];[Stiker]
1537;84;0;21584209.0;sticker/webp;;[];False;False;f9546c8a3c4736ea;[];[Stiker]
1538;84;0;21584210.0;sticker/webp;;[];False;False;4f0f6eede0886bca;[];[Stiker]
1539;84;0;21584237.0;sticker/webp;;[];False;False;4f0f6eede0886bca;[];[Stiker]
1540;84;0;21584824.0;sticker/webp;;[];False;False;a8f0b1f4577c3e76;[];[Stiker]
1541;84;0;21584898.0;sticker/webp;;[];False;False;dd1510013d6b16a7;[];[Stiker]
1542;84;0;21584900.0;sticker/webp;;[];False;False;dd1510013d6b16a7;[];[Stiker]
1543;84;0;21584904.0;sticker/webp;;[];False;False;dd1510013d6b16a7;[];[Stiker]
1544;84;0;21584905.0;sticker/webp;;[];False;False;1e4790915a2f57fa;[];[Stiker]
1545;84;0;21584939.0;sticker/webp;;[];False;False;dd1510013d6b16a7;[];[Stiker]
1546;84;0;21584977.0;sticker/webp;;[];False;False;dd1510013d6b16a7;[];[Stiker]
1547;84;0;21585007.0;sticker/webp;;[];False;False;dd1510013d6b16a7;[];[Stiker]
1548;84;0;21585023.0;sticker/webp;;[];False;False;dd1510013d6b16a7;[];[Stiker]
1549;84;0;21585097.0;sticker/webp;;[];False;False;36d65157e9fc5ace;[];[Stiker]
1550;84;0;21585102.0;sticker/webp;;[];False;False;36d65157e9fc5ace;[];[Stiker]
1551;84;0;21585142.0;sticker/webp;;[];False;False;a8f0b1f4577c3e76;[];[Stiker]
1552;84;0;21585144.0;sticker/webp;;[];False;False;a8f0b1f4577c3e76;[];[Stiker]
1553;84;0;21585148.0;sticker/webp;;[];False;False;a8f0b1f4577c3e76;[];[Stiker]
1554;84;0;21585150.0;sticker/webp;;[];False;False;a8f0b1f4577c3e76;[];[Stiker]
1555;84;0;21585156.0;sticker/webp;;[];False;False;a8f0b1f4577c3e76;[];[Stiker]
1556;84;0;21585157.0;sticker/webp;;[];False;False;36d65157e9fc5ace;[];[Stiker]
1557;84;0;21585160.0;sticker/webp;;[];False;False;a8f0b1f4577c3e76;[];[Stiker]
1558;84;0;21585197.0;sticker/webp;;[];False;False;36d65157e9fc5ace;[];[Stiker]
1559;84;0;21586110.0;sticker/webp;;[];False;False;a8f0b1f4577c3e76;[];[Stiker]
1560;84;0;21588257.0;sticker/webp;;[];False;False;499d10b7e54f80fb;[];[Stiker]
1561;85;0;21600140.0;sticker/webp;;[];False;False;7827148061b069d0;[];[Stiker]
1562;85;0;21600198.0;sticker/webp;;[];False;False;a5f34109eb57020f;[];[Stiker]
1563;85;0;21600708.0;sticker/webp;;[];False;False;5161182edf3a0553;[];[Stiker]
1564;85;0;21601170.0;sticker/webp;;[];False;False;36d65157e9fc5ace;[];[Stiker]
1565;85;0;21601322.0;sticker/webp;;[];False;False;7827148061b069d0;[];[Stiker]
1566;85;0;21601325.0;sticker/webp;;[];False;False;7827148061b069d0;[];[Stiker]
1567;85;0;21601327.0;sticker/webp;;[];False;False;7827148061b069d0;[];[Stiker]
1568;85;11-50;21601375.0;text;;[];True;False;2941fde661fa629c;[];tugas dikumpul kapan sih?
1569;85;0;21601393.0;sticker/webp;;[];False;False;7827148061b069d0;[];[Stiker]
1570;85;11-50;21601469.0;text;1568.0;[];False;False;3b4c2c84592d817d;[];matkul ini susah... banget
1571;85;11-50;21601491.0;text;;[];False;False;7827148061b069d0;[];matkul ini susah banget!!
1572;85;0;21601514.0;image/jpeg;;[];False;False;3b4c2c84592d817d;[];[Foto]
1573;85;51-100;21601521.0;text;1568.0;[];False;False;b06e171fb9b95ab7;[];eh besok kita... jadi ketemuan di kafe deket stasiun kan ya jam... 2 siang
1574;85;11-50;21601558.0;text;;[];False;False;b06e171fb9b95ab7;[];deadline besok pagi... bro
1575;85;0;21601563.0;sticker/webp;1568.0;[];False;False;643b625a7a04d89d;[];[Stiker]
1576;85;0;21601585.0;sticker/webp;;[];False;False;b06e171fb9b95ab7;[];[Stiker]
1577;85;0;21601598.0;sticker/webp;;[];False;False;b06e171fb9b95ab7;[];[Stiker]
1578;85;0;21601629.0;sticker/webp;;[];False;False;1e479cd01dc43717;[];[Stiker]
1579;85;0;21601630.0;sticker/webp;;[];False;False;7827148061b069d0;[];[Stiker]
1580;85;0;21601657.0;sticker/webp;;[];False;False;b06e171fb9b95ab7;[];[Stiker]
1581;85;11-50;21601659.0;text;;[];False;False;3b4c2c84592d817d;[];perpus tutup jam berapa ya
1582;85;11-50;21601686.0;text;;[];False;False;3b4c2c84592d817d;[];deadline besok pagi bro
1583;85;11-50;21601687.0;text;;[];False;False;643b625a7a04d89d;[];deadline besok pagi bro
1584;85;11-50;21601689.0;text;;[];False;False;b06e171fb9b95ab7;[];matkul ni susah bgt...
1585;85;1-10;21601692.0;text;;[];False;False;643b625a7a04d89d;[];iya
1586;85;1-10;21601698.0;text;;[];False;False;3b4c2c84592d817d;[];haha
1587;85;11-50;21601700.0;text;;[];False;False;3b4c2c84592d817d;[];gw belom mulai tugas...
1588;85;11-50;21601708.0;text;;[];False;False;b06e171fb9b95ab7;[];gw lg ngerjain tugas... nih
1589;85;11-50;21601714.0;text;;[];False;False;3b4c2c84592d817d;[];dosen gw galak banget... sih
1590;85;11-50;21601714.0;text;;[];False;False;3b4c2c84592d817d;[];lab komputer penuh terus
1591;85;0;21601722.0;sticker/webp;;[];False;False;2941fde661fa629c;[];[Stiker]
1592;85;0;21601735.0;sticker/webp;;[];False;False;3b4c2c84592d817d;[];[Stiker]
1593;85;0;21601759.0;sticker/webp;;[];False;False;b06e171fb9b95ab7;[];[Stiker]
1594;85;0;21601774.0;sticker/webp;;[];False;False;b06e171fb9b95ab7;[];[Stiker]
1595;85;0;21601777.0;sticker/webp;;[];False;False;b06e171fb9b95ab7;[];[Stiker]
1596;85;0;21601779.0;sticker/webp;;[];False;False;b06e171fb9b95ab7;[];[Stiker]
1597;85;0;21601783.0;sticker/webp;;[];False;False;b06e171fb9b95ab7;[];[Stiker]
1598;85;0;21601788.0;sticker/webp;;[];False;False;b06e171fb9b95ab7;[];[Stiker]
1599;85;0;21601790.0;sticker/webp;;[];False;False;b06e171fb9b95ab7;[];[Stiker]
1600;85;0;21601796.0;unknown;;[];False;False;b06e171fb9b95ab7;[];[Media tidak dikenal]
1601;85;0;21601806.0;sticker/webp;;[];False;False;b06e171fb9b95ab7;[];[Stiker]
1602;85;0;21601815.0;sticker/webp;;[];False;False;b06e171fb9b95ab7;[];[Stiker]
1603;86;11-50;21613204.0;text;;[];False;False;36d65157e9fc5ace;[];gw baru aja dari kampus
1604;86;0;21613242.0;sticker/webp;;[];False;False;2941fde661fa629c;[];[Stiker]
1605;86;0;21613243.0;sticker/webp;;[];False;False;2941fde661fa629c;[];[Stiker]
1606;86;0;21613246.0;sticker/webp;;[];False;False;2941fde661fa629c;[];[Stiker]
1607;86;0;21613248.0;sticker/webp;;[];False;False;a5f34109eb57020f;[];[Stiker]
1608;86;0;21613249.0;sticker/webp;;[];False;False;a5f34109eb57020f;[];[Stiker]
1609;86;0;21613251.0;sticker/webp;;[];False;False;2941fde661fa629c;[];[Stiker]
1610;86;0;21613252.0;sticker/webp;;[];False;False;2941fde661fa629c;[];[Stiker]
1611;86;0;21613253.0;sticker/webp;;[];False;False;2941fde661fa629c;[];[Stiker]
1612;86;0;21613253.0;sticker/webp;;[];False;False;2941fde661fa629c;[];[Stiker]
1613;86;0;21613254.0;sticker/webp;;[];False;False;2941fde661fa629c;[];[Stiker]
1614;86;0;21613255.0;sticker/webp;;[];False;False;2941fde661fa629c;[];[Stiker]
1615;86;0;21613256.0;sticker/webp;;[];False;False;2941fde661fa629c;[];[Stiker]
1616;86;0;21613258.0;sticker/webp;;[];False;False;2941fde661fa629c;[];[Stiker]
1617;86;0;21613259.0;sticker/webp;;[];False;False;2941fde661fa629c;[];[Stiker]
1618;86;0;21613262.0;sticker/webp;;[];False;False;a5f34109eb57020f;[];[Stiker]
1619;86;0;21613265.0;sticker/webp;;[];False;False;a5f34109eb57020f;[];[Stiker]
1620;86;0;21613267.0;sticker/webp;;[];False;False;2941fde661fa629c;[];[Stiker]
1621;86;0;21613267.0;sticker/webp;;[];False;False;a5f34109eb57020f;[];[Stiker]
1622;86;0;21613269.0;sticker/webp;;[];False;False;2941fde661fa629c;[];[Stiker]
1623;86;0;21613270.0;sticker/webp;;[];False;False;2941fde661fa629c;[];[Stiker]
1624;86;0;21613271.0;sticker/webp;;[];False;False;2941fde661fa629c;[];[Stiker]
1625;86;0;21613272.0;sticker/webp;;[];False;False;2941fde661fa629c;[];[Stiker]
1626;86;0;21613272.0;sticker/webp;;[];False;False;a5f34109eb57020f;[];[Stiker]
1627;86;0;21613272.0;sticker/webp;;[];False;False;2941fde661fa629c;[];[Stiker]
1628;86;0;21613272.0;sticker/webp;;[];False;False;2941fde661fa629c;[];[Stiker]
1629;86;0;21613279.0;sticker/webp;;[];False;False;2941fde661fa629c;[];[Stiker]
1630;86;0;21613286.0;sticker/webp;;[];False;False;2941fde661fa629c;[];[Stiker]
1631;86;0;21613291.0;sticker/webp;;[];False;False;a5f34109eb57020f;[];[Stiker]
1632;86;0;21613292.0;sticker/webp;;[];False;False;a5f34109eb57020f;[];[Stiker]
1633;86;0;21613293.0;sticker/webp;;[];False;False;a5f34109eb57020f;[];[Stiker]
1634;86;0;21613293.0;sticker/webp;;[];False;False;a5f34109eb57020f;[];[Stiker]
1635;86;0;21613294.0;sticker/webp;;[];False;False;a5f34109eb57020f;[];[Stiker]
1636;86;0;21613296.0;sticker/webp;;[];False;False;a5f34109eb57020f;[];[Stiker]
1637;86;0;21613299.0;sticker/webp;;[];False;False;a5f34109eb57020f;[];[Stiker]
1638;86;0;21613300.0;sticker/webp;;[];False;False;a5f34109eb57020f;[];[Stiker]
1639;86;0;21613302.0;sticker/webp;;[];False;False;a5f34109eb57020f;[];[Stiker]
1640;86;0;21613302.0;sticker/webp;;[];False;False;a5f34109eb57020f;[];[Stiker]
1641;86;0;21613303.0;sticker/webp;;[];False;False;a5f34109eb57020f;[];[Stiker]
1642;86;0;21613306.0;sticker/webp;;[];False;False;a5f34109eb57020f;[];[Stiker]
1643;86;0;21613307.0;sticker/webp;;[];False;False;a5f34109eb57020f;[];[Stiker]
1644;86;0;21613307.0;sticker/webp;;[];False;False;a5f34109eb57020f;[];[Stiker]
1645;86;0;21613310.0;sticker/webp;;[];False;False;a5f34109eb57020f;[];[Stiker]
1646;86;0;21613311.0;sticker/webp;;[];False;False;a5f34109eb57020f;[];[Stiker]
1647;86;0;21613314.0;sticker/webp;;[];False;False;a5f34109eb57020f;[];[Stiker]
1648;86;0;21613322.0;sticker/webp;;[];False;False;a5f34109eb57020f;[];[Stiker]
1649;86;0;21613322.0;sticker/webp;;[];False;False;a5f34109eb57020f;[];[Stiker]
1650;86;0;21613323.0;sticker/webp;;[];False;False;a5f34109eb57020f;[];[Stiker]
1651;86;0;21613324.0;sticker/webp;;[];False;False;a5f34109eb57020f;[];[Stiker]
1652;86;0;21613532.0;sticker/webp;;[];False;False;f9546c8a3c4736ea;[];[Stiker]
1653;86;0;21613609.0;sticker/webp;;[];False;False;a5f34109eb57020f;[];[Stiker]
1654;86;0;21613611.0;sticker/webp;;[];False;False;a5f34109eb57020f;[];[Stiker]
1655;86;0;21613623.0;sticker/webp;;[];False;False;a5f34109eb57020f;[];[Stiker]
1656;86;0;21613625.0;sticker/webp;;[];False;False;a5f34109eb57020f;[];[Stiker]
1657;86;0;21613629.0;sticker/webp;;[];False;False;a5f34109eb57020f;[];[Stiker]
1658;86;0;21613631.0;sticker/webp;;[];False;False;a5f34109eb57020f;[];[Stiker]
1659;86;0;21613635.0;sticker/webp;;[];False;False;a5f34109eb57020f;[];[Stiker]
1660;86;0;21613664.0;sticker/webp;;[];False;False;f9546c8a3c4736ea;[];[Stiker]
1661;86;0;21614331.0;sticker/webp;;[];False;False;a607e0e22fb81fb0;[];[Stiker]
1662;87;0;21617468.0;sticker/webp;;[];False;False;ac40f783af9ab600;[];[Stiker]
1663;87;0;21617473.0;sticker/webp;;[];False;False;ac40f783af9ab600;[];[Stiker]
1664;87;0;21617482.0;sticker/webp;;[];False;False;a5f34109eb57020f;[];[Stiker]
1665;87;0;21617488.0;sticker/webp;;[];False;False;a5f34109eb57020f;[];[Stiker]
1666;87;0;21617489.0;sticker/webp;;[];False;False;a5f34109eb57020f;[];[Stiker]
1667;87;0;21617490.0;sticker/webp;;[];False;False;a5f34109eb57020f;[];[Stiker]
1668;87;0;21617491.0;sticker/webp;;[];False;False;a5f34109eb57020f;[];[Stiker]
1669;87;0;21617494.0;sticker/webp;;[];False;False;a5f34109eb57020f;[];[Stiker]
1670;87;0;21617496.0;sticker/webp;;[];False;False;a5f34109eb57020f;[];[Stiker]
1671;87;0;21617497.0;sticker/webp;;[];False;False;ac40f783af9ab600;[];[Stiker]
1672;87;0;21617498.0;sticker/webp;;[];False;False;a5f34109eb57020f;[];[Stiker]
1673;87;0;21617500.0;sticker/webp;;[];False;False;a5f34109eb57020f;[];[Stiker]
1674;87;0;21617852.0;sticker/webp;;[];False;False;937094946627b75f;[];[Stiker]
1675;87;0;21617867.0;image/jpeg;;[];False;False;36d65157e9fc5ace;[];[Foto]
1676;87;0;21617944.0;sticker/webp;;[];False;False;a5f34109eb57020f;[];[Stiker]
1677;88;1-10;21621967.0;text;;['😂'];False;False;73096f25fb4a1cc8;[];iya
1678;88;11-50;21623378.0;text;;[];True;False;9f0039949f360220;['dae8154bdfb58fc3'];siapa yg mau ikut?
1679;88;1-10;21623400.0;text;;['😂'];False;False;dae8154bdfb58fc3;[];HEHE
1680;88;0;21623428.0;unknown;;[];False;False;c90ae3cb41094f71;[];[Media tidak dikenal]
1681;88;1-10;21623435.0;text;;['🤣'];False;False;c90ae3cb41094f71;[];OK
1682;88;0;21623438.0;sticker/webp;;[];False;False;dae8154bdfb58fc3;[];[Stiker]
1683;88;0;21623439.0;sticker/webp;;[];False;False;90afb96b74df9584;[];[Stiker]
1684;88;11-50;21623439.0;text;;[];False;False;9f0039949f360220;[];lab komupter penuh terus
1685;88;0;21623446.0;sticker/webp;;[];False;False;dae8154bdfb58fc3;[];[Stiker]
1686;88;11-50;21623450.0;text;;[];False;False;9f0039949f360220;[];gw skip kelas hari ni
1687;88;0;21623454.0;sticker/webp;;[];False;False;dae8154bdfb58fc3;[];[Stiker]
1688;88;11-50;21623457.0;text;;[];False;False;a5f34109eb57020f;[];perpus tutup jam berapa... ya
1689;88;0;21623460.0;sticker/webp;1688.0;[];False;False;9f0039949f360220;[];[Stiker]
1690;88;1-10;21623462.0;text;;[];False;False;c90ae3cb41094f71;[];YUK
1691;88;0;21623484.0;sticker/webp;;[];False;False;dae8154bdfb58fc3;[];[Stiker]
1692;88;0;21623499.0;sticker/webp;;[];False;False;dae8154bdfb58fc3;[];[Stiker]
1693;88;0;21623534.0;sticker/webp;;[];False;False;dae8154bdfb58fc3;[];[Stiker]
1694;88;0;21623671.0;sticker/webp;;[];False;False;73096f25fb4a1cc8;[];[Stiker]
1695;88;0;21623915.0;sticker/webp;;[];False;False;9f0039949f360220;[];[Stiker]
1696;88;0;21623916.0;sticker/webp;;[];False;False;9f0039949f360220;[];[Stiker]
1697;88;0;21623937.0;sticker/webp;;[];False;False;dae8154bdfb58fc3;[];[Stiker]
1698;88;0;21623946.0;sticker/webp;;[];False;False;dae8154bdfb58fc3;[];[Stiker]
1699;88;0;21623948.0;sticker/webp;;[];False;False;dae8154bdfb58fc3;[];[Stiker]
1700;88;0;21623964.0;sticker/webp;;[];False;False;7827148061b069d0;[];[Stiker]
1701;88;0;21625161.0;sticker/webp;;[];False;False;90afb96b74df9584;[];[Stiker]
1702;88;0;21625162.0;sticker/webp;;[];False;False;90afb96b74df9584;[];[Stiker]
1703;88;0;21625162.0;sticker/webp;;[];False;False;90afb96b74df9584;[];[Stiker]
1704;88;0;21625168.0;sticker/webp;;[];False;False;90afb96b74df9584;[];[Stiker]
1705;88;0;21625991.0;sticker/webp;;[];False;False;578f686de847bcba;[];[Stiker]
1706;88;0;21626014.0;sticker/webp;;[];False;False;36d65157e9fc5ace;[];[Stiker]
1707;88;0;21627111.0;sticker/webp;;[];False;False;499d10b7e54f80fb;[];[Stiker]
1708;88;0;21627704.0;sticker/webp;;[];False;False;d5dac0683caba4eb;[];[Stiker]
1709;88;0;21628166.0;sticker/webp;;[];False;False;3b571f32dcb1e9ac;[];[Stiker]
1710;88;0;21628175.0;sticker/webp;;[];False;False;dbc9b15db5694d60;[];[Stiker]
1711;88;0;21628182.0;sticker/webp;;[];False;False;3b571f32dcb1e9ac;[];[Stiker]
1712;88;0;21628258.0;sticker/webp;;[];False;False;dbc9b15db5694d60;[];[Stiker]
1713;88;0;21628317.0;sticker/webp;;[];False;False;3b571f32dcb1e9ac;[];[Stiker]
1714;88;11-50;21628339.0;text;1713.0;[];False;False;90afb96b74df9584;[];Matkul ini susah banget.
1715;88;0;21628405.0;sticker/webp;;[];False;False;3b571f32dcb1e9ac;[];[Stiker]
1716;88;0;21628414.0;sticker/webp;;[];False;False;3b571f32dcb1e9ac;[];[Stiker]
1717;88;0;21628469.0;sticker/webp;;[];False;False;3b571f32dcb1e9ac;[];[Stiker]
1718;88;0;21628582.0;sticker/webp;;[];False;False;dbc9b15db5694d60;[];[Stiker]
1719;88;0;21628603.0;sticker/webp;;[];False;False;90afb96b74df9584;[];[Stiker]
1720;88;0;21628621.0;sticker/webp;;[];False;False;3b571f32dcb1e9ac;[];[Stiker]
1721;88;0;21628623.0;sticker/webp;;[];False;False;3b571f32dcb1e9ac;[];[Stiker]
1722;88;0;21628628.0;sticker/webp;;[];False;False;3b571f32dcb1e9ac;[];[Stiker]
1723;88;0;21628628.0;sticker/webp;;[];False;False;dbc9b15db5694d60;[];[Stiker]
1724;88;0;21628639.0;sticker/webp;;[];False;False;dbc9b15db5694d60;[];[Stiker]
1725;88;0;21628649.0;sticker/webp;;[];False;False;3b571f32dcb1e9ac;[];[Stiker]
1726;88;0;21628716.0;sticker/webp;;[];False;False;dbc9b15db5694d60;[];[Stiker]
1727;88;0;21628733.0;sticker/webp;;[];False;False;3b571f32dcb1e9ac;[];[Stiker]
1728;88;0;21628734.0;sticker/webp;;[];False;False;3b571f32dcb1e9ac;[];[Stiker]
1729;88;0;21628738.0;sticker/webp;;[];False;False;90afb96b74df9584;[];[Stiker]
1730;88;0;21628810.0;sticker/webp;;[];False;False;3b571f32dcb1e9ac;[];[Stiker]
1731;88;0;21628824.0;sticker/webp;;[];False;False;3b571f32dcb1e9ac;[];[Stiker]
1732;88;0;21628887.0;sticker/webp;;[];False;False;a8f0b1f4577c3e76;[];[Stiker]
1733;88;11-50;21628893.0;text;;[];False;False;a8f0b1f4577c3e76;[];lab komputer penuh terus
1734;88;11-50;21628901.0;text;;[];False;False;6e0b844be24a9c73;[];tadi absen ga sih kamu
1735;88;0;21628913.0;sticker/webp;;[];False;False;a8f0b1f4577c3e76;[];[Stiker]
1736;88;0;21628952.0;sticker/webp;;[];False;False;3b571f32dcb1e9ac;[];[Stiker]
1737;88;0;21628973.0;sticker/webp;;[];False;False;a8f0b1f4577c3e76;[];[Stiker]
1738;88;0;21628975.0;sticker/webp;;[];False;False;3b571f32dcb1e9ac;[];[Stiker]
1739;88;0;21629004.0;sticker/webp;1734.0;[];False;False;3b571f32dcb1e9ac;[];[Stiker]
1740;88;0;21629015.0;sticker/webp;;[];False;False;a8f0b1f4577c3e76;[];[Stiker]
1741;88;0;21629017.0;sticker/webp;;[];False;False;a8f0b1f4577c3e76;[];[Stiker]
1742;88;0;21629022.0;sticker/webp;;[];False;False;a8f0b1f4577c3e76;[];[Stiker]
1743;88;0;21629037.0;sticker/webp;;[];False;False;a8f0b1f4577c3e76;[];[Stiker]
1744;88;0;21629043.0;sticker/webp;;[];False;False;3b571f32dcb1e9ac;[];[Stiker]
1745;88;0;21629051.0;sticker/webp;;[];False;False;a8f0b1f4577c3e76;[];[Stiker]
1746;88;0;21629061.0;sticker/webp;;[];False;False;a8f0b1f4577c3e76;[];[Stiker]
1747;88;0;21629076.0;sticker/webp;;[];False;False;3b571f32dcb1e9ac;[];[Stiker]
1748;88;0;21629097.0;sticker/webp;;[];False;False;dbc9b15db5694d60;[];[Stiker]
1749;88;0;21629104.0;sticker/webp;;[];False;False;dbc9b15db5694d60;[];[Stiker]
1750;88;0;21629145.0;sticker/webp;;[];False;False;3b571f32dcb1e9ac;[];[Stiker]
1751;88;0;21629223.0;sticker/webp;;[];False;False;a8f0b1f4577c3e76;[];[Stiker]
1752;88;0;21629322.0;sticker/webp;;[];False;False;3b571f32dcb1e9ac;[];[Stiker]
1753;88;0;21629365.0;sticker/webp;;[];False;False;123699db38418d68;[];[Stiker]
1754;88;0;21629370.0;sticker/webp;;[];False;False;90afb96b74df9584;[];[Stiker]
1755;88;0;21629384.0;sticker/webp;;[];False;False;3b571f32dcb1e9ac;[];[Stiker]
1756;88;0;21629390.0;sticker/webp;;[];False;False;3b571f32dcb1e9ac;[];[Stiker]
1757;88;0;21629402.0;sticker/webp;;[];False;False;123699db38418d68;[];[Stiker]
1758;88;0;21629410.0;sticker/webp;;[];False;False;3b571f32dcb1e9ac;[];[Stiker]
1759;88;0;21629419.0;sticker/webp;;[];False;False;dbc9b15db5694d60;[];[Stiker]
1760;88;0;21629424.0;sticker/webp;;[];False;False;90afb96b74df9584;[];[Stiker]
1761;88;0;21629427.0;sticker/webp;;[];False;False;90afb96b74df9584;[];[Stiker]
1762;88;0;21629429.0;sticker/webp;;[];False;False;90afb96b74df9584;[];[Stiker]
1763;88;0;21629445.0;sticker/webp;;[];False;False;3b571f32dcb1e9ac;[];[Stiker]
1764;88;0;21629472.0;sticker/webp;;[];False;False;dbc9b15db5694d60;[];[Stiker]
1765;88;0;21629489.0;sticker/webp;;[];False;False;3b571f32dcb1e9ac;[];[Stiker]
1766;88;0;21629514.0;sticker/webp;;[];False;False;3b571f32dcb1e9ac;[];[Stiker]
1767;88;0;21629524.0;sticker/webp;;[];False;False;dbc9b15db5694d60;[];[Stiker]
1768;88;0;21629526.0;sticker/webp;;[];False;False;3b571f32dcb1e9ac;[];[Stiker]
1769;88;0;21629537.0;sticker/webp;;[];False;False;dbc9b15db5694d60;[];[Stiker]
1770;88;0;21629584.0;sticker/webp;;[];False;False;3b571f32dcb1e9ac;[];[Stiker]
1771;88;0;21629645.0;sticker/webp;;[];False;False;123699db38418d68;[];[Stiker]
1772;88;0;21629650.0;sticker/webp;;[];False;False;dbc9b15db5694d60;[];[Stiker]
1773;88;0;21629687.0;sticker/webp;;[];False;False;3b571f32dcb1e9ac;[];[Stiker]
1774;88;0;21629687.0;sticker/webp;;[];False;False;3b571f32dcb1e9ac;[];[Stiker]
1775;88;0;21629755.0;sticker/webp;;[];False;False;dbc9b15db5694d60;[];[Stiker]
1776;88;0;21629800.0;sticker/webp;;[];False;False;3b571f32dcb1e9ac;[];[Stiker]
1777;88;0;21630075.0;sticker/webp;;[];False;False;dbc9b15db5694d60;[];[Stiker]
1778;88;0;21630094.0;sticker/webp;;[];False;False;3b571f32dcb1e9ac;[];[Stiker]
1779;88;0;21630194.0;sticker/webp;;[];False;False;123699db38418d68;[];[Stiker]
1780;88;0;21630217.0;sticker/webp;;[];False;False;3b571f32dcb1e9ac;[];[Stiker]
1781;88;0;21630777.0;sticker/webp;;[];False;False;a8f0b1f4577c3e76;[];[Stiker]
1782;88;0;21630918.0;sticker/webp;;[];False;False;3b571f32dcb1e9ac;[];[Stiker]
1783;88;0;21631178.0;sticker/webp;;[];False;False;a8f0b1f4577c3e76;[];[Stiker]
1784;88;11-50;21632227.0;text;;[];False;False;364a8fe133736028;[];tadi absen ga sih kamu
1785;88;0;21632314.0;sticker/webp;;[];False;False;a86d2d392c3bc9b1;[];[Stiker]
1786;88;0;21632335.0;sticker/webp;;[];False;False;3b571f32dcb1e9ac;[];[Stiker]
1787;88;0;21632438.0;sticker/webp;;[];False;False;a5f34109eb57020f;[];[Stiker]
1788;88;0;21632712.0;sticker/webp;;[];False;False;3b571f32dcb1e9ac;[];[Stiker]
1789;88;0;21632995.0;sticker/webp;;[];False;False;7f979d29b75d1a71;[];[Stiker]
1790;88;0;21633056.0;sticker/webp;;[];False;False;a5f34109eb57020f;[];[Stiker]
1791;88;11-50;21633075.0;text;;[];False;False;dd1510013d6b16a7;[];eh tadi kelas... seru banget
1792;88;0;21633096.0;sticker/webp;;[];False;False;3b571f32dcb1e9ac;[];[Stiker]
1793;88;1-10;21633100.0;text;;[];False;False;a5f34109eb57020f;[];dah
1794;88;1-10;21633105.0;text;;[];False;False;a5f34109eb57020f;[];gas
1795;89;11-50;21671524.0;text;;[];False;False;a8f0b1f4577c3e76;[];tadi gw makan nasi padang
1796;89;0;21671528.0;sticker/webp;;[];False;False;a8f0b1f4577c3e76;[];[Stiker]
1797;90;0;21675404.0;sticker/webp;;[];False;False;3b571f32dcb1e9ac;[];[Stiker]
1798;90;0;21675479.0;sticker/webp;;[];False;False;a8f0b1f4577c3e76;[];[Stiker]
1799;91;0;21682757.0;system;;[];False;False;a94c874ce80059e9;[];[Pesan sistem]
1800;91;0;21683175.0;sticker/webp;;[];False;False;364a8fe133736028;[];[Stiker]
1801;91;0;21683448.0;sticker/webp;;[];False;False;a8f0b1f4577c3e76;[];[Stiker]
1802;92;0;21686682.0;sticker/webp;;[];False;False;499d10b7e54f80fb;[];[Stiker]
1803;92;0;21686754.0;sticker/webp;;[];False;False;3b571f32dcb1e9ac;[];[Stiker]
1804;92;0;21687012.0;sticker/webp;;[];False;False;499d10b7e54f80fb;[];[Stiker]
1805;93;0;21688865.0;sticker/webp;;[];False;False;a02a57de46723d1c;[];[Stiker]
1806;93;0;21689450.0;sticker/webp;;[];False;False;3b571f32dcb1e9ac;[];[Stiker]
1807;94;0;21695386.0;sticker/webp;;[];False;False;974ebb3ca63fce70;[];[Stiker]
1808;94;0;21695485.0;sticker/webp;;[];False;False;3b571f32dcb1e9ac;[];[Stiker]
1809;94;0;21696118.0;sticker/webp;;[];False;False;1e4790915a2f57fa;[];[Stiker]
1810;94;0;21696173.0;sticker/webp;;[];False;False;3b571f32dcb1e9ac;[];[Stiker]
1811;94;0;21696864.0;sticker/webp;;[];False;False;2aebd8fa5110f1d6;[];[Stiker]
1812;94;0;21696899.0;sticker/webp;;[];False;False;3b571f32dcb1e9ac;[];[Stiker]
1813;95;0;21698982.0;sticker/webp;;[];False;False;dbc9b15db5694d60;[];[Stiker]
1814;95;0;21699342.0;sticker/webp;;[];False;False;3b571f32dcb1e9ac;[];[Stiker]
1815;95;0;21699355.0;sticker/webp;;[];False;False;ad7f07684351ed77;[];[Stiker]
1816;95;11-50;21699359.0;text;;[];False;False;90afb96b74df9584;[];Hp gw lowbat nih.
1817;95;0;21699374.0;sticker/webp;;[];False;False;3b571f32dcb1e9ac;[];[Stiker]
1818;95;0;21699377.0;sticker/webp;;[];False;False;3b571f32dcb1e9ac;[];[Stiker]
1819;95;0;21699406.0;sticker/webp;;[];False;False;90afb96b74df9584;[];[Stiker]
1820;95;0;21699411.0;sticker/webp;;[];False;False;3b571f32dcb1e9ac;[];[Stiker]
1821;95;0;21699412.0;sticker/webp;;[];False;False;1e4790915a2f57fa;[];[Stiker]
1822;95;0;21699421.0;sticker/webp;;[];False;False;4cdfd58590037079;[];[Stiker]
1823;95;0;21699433.0;sticker/webp;;[];False;False;3b571f32dcb1e9ac;[];[Stiker]
1824;95;0;21699435.0;sticker/webp;;[];False;False;90afb96b74df9584;[];[Stiker]
1825;95;0;21699454.0;sticker/webp;;[];False;False;3b571f32dcb1e9ac;[];[Stiker]
1826;95;0;21699481.0;sticker/webp;;[];False;False;90afb96b74df9584;[];[Stiker]
1827;95;0;21699484.0;sticker/webp;;[];False;False;90afb96b74df9584;[];[Stiker]
1828;95;0;21699502.0;sticker/webp;;[];False;False;3b571f32dcb1e9ac;[];[Stiker]
1829;95;0;21699519.0;sticker/webp;;[];False;False;2aebd8fa5110f1d6;[];[Stiker]
1830;95;1-10;21699520.0;text;;[];False;False;578f686de847bcba;[];oh
1831;95;0;21699552.0;sticker/webp;;[];False;False;3b571f32dcb1e9ac;[];[Stiker]
1832;95;0;21699555.0;sticker/webp;;[];False;False;578f686de847bcba;[];[Stiker]
1833;95;0;21699559.0;sticker/webp;;[];False;False;3b571f32dcb1e9ac;[];[Stiker]
1834;95;0;21699560.0;sticker/webp;;[];False;False;1e4790915a2f57fa;[];[Stiker]
1835;95;0;21699579.0;sticker/webp;;[];False;False;3b571f32dcb1e9ac;[];[Stiker]
1836;95;0;21699597.0;sticker/webp;;[];False;False;578f686de847bcba;[];[Stiker]
1837;95;0;21699603.0;sticker/webp;;[];False;False;2aebd8fa5110f1d6;[];[Stiker]
1838;95;0;21699627.0;sticker/webp;;[];False;False;3b571f32dcb1e9ac;[];[Stiker]
1839;95;0;21699634.0;sticker/webp;;[];False;False;3b571f32dcb1e9ac;[];[Stiker]
1840;95;0;21699642.0;sticker/webp;;[];False;False;2aebd8fa5110f1d6;[];[Stiker]
1841;95;0;21699644.0;sticker/webp;;[];False;False;3b571f32dcb1e9ac;[];[Stiker]
1842;95;0;21699664.0;sticker/webp;;[];False;False;2aebd8fa5110f1d6;[];[Stiker]
1843;95;0;21699694.0;sticker/webp;;[];False;False;ad7f07684351ed77;[];[Stiker]
1844;95;0;21699696.0;sticker/webp;;[];False;False;ad7f07684351ed77;[];[Stiker]
1845;95;0;21699697.0;sticker/webp;;[];False;False;ad7f07684351ed77;[];[Stiker]
1846;95;0;21699703.0;sticker/webp;;[];False;False;ad7f07684351ed77;[];[Stiker]
1847;95;0;21699707.0;sticker/webp;;[];False;False;ad7f07684351ed77;[];[Stiker]
1848;95;0;21699710.0;sticker/webp;;[];False;False;ad7f07684351ed77;[];[Stiker]
1849;95;0;21699711.0;sticker/webp;;[];False;False;ad7f07684351ed77;[];[Stiker]
1850;95;0;21699715.0;sticker/webp;;[];False;False;ad7f07684351ed77;[];[Stiker]
1851;95;0;21699716.0;sticker/webp;;[];False;False;ad7f07684351ed77;[];[Stiker]
1852;95;0;21699724.0;sticker/webp;;[];False;False;3b571f32dcb1e9ac;[];[Stiker]
1853;95;0;21699727.0;sticker/webp;;[];False;False;3b571f32dcb1e9ac;[];[Stiker]
1854;95;0;21699734.0;sticker/webp;;[];False;False;3b571f32dcb1e9ac;[];[Stiker]
1855;95;0;21699741.0;sticker/webp;;[];False;False;3b571f32dcb1e9ac;[];[Stiker]
1856;95;0;21699777.0;sticker/webp;;[];False;False;ad7f07684351ed77;[];[Stiker]
1857;95;0;21699807.0;sticker/webp;;[];False;False;ad7f07684351ed77;[];[Stiker]
1858;95;0;21699855.0;sticker/webp;;[];False;False;2aebd8fa5110f1d6;[];[Stiker]
1859;95;0;21699886.0;sticker/webp;;[];False;False;3b571f32dcb1e9ac;[];[Stiker]
1860;95;0;21699886.0;sticker/webp;;[];False;False;3b571f32dcb1e9ac;[];[Stiker]
1861;95;0;21700225.0;sticker/webp;;[];False;False;b06e171fb9b95ab7;[];[Stiker]
1862;95;0;21700384.0;sticker/webp;;[];False;False;2aebd8fa5110f1d6;[];[Stiker]
1863;95;0;21700421.0;sticker/webp;;[];False;False;90afb96b74df9584;[];[Stiker]
1864;95;0;21701560.0;sticker/webp;;[];False;False;dbc9b15db5694d60;[];[Stiker]
1865;96;1-10;21752991.0;text;;['🤣'];False;False;a8f0b1f4577c3e76;[];dah
1866;96;11-50;21753075.0;text;;[];False;False;a8f0b1f4577c3e76;[];tadi absen ga sih km
1867;96;0;21753246.0;sticker/webp;;[];False;False;6af7bb586586c6eb;[];[Stiker]
1868;97;0;21757674.0;sticker/webp;;[];False;False;a8f0b1f4577c3e76;[];[Stiker]
1869;97;0;21757721.0;sticker/webp;;[];False;False;dd1510013d6b16a7;[];[Stiker]
1870;97;0;21757728.0;sticker/webp;;[];False;False;dd1510013d6b16a7;[];[Stiker]
1871;97;0;21757729.0;sticker/webp;;[];False;False;dd1510013d6b16a7;[];[Stiker]
1872;97;0;21757736.0;sticker/webp;;[];False;False;dd1510013d6b16a7;[];[Stiker]
1873;97;101-500;21758528.0;text;;['👐🏻', '🔎', '📱', '⏱', '👥', '🌍', '✨'];False;True;16c8d49adf25c6c5;[];temen temen gw baru aja ngasih surprise ulang tahun yang paling berkesan dalam hidup gw! mereka diem diem booking tempat makan favorit gw dan undang semua temen deket. ada kue tart dan hadiah yang gw pengen dari lama. gw sampe nangis terharu sumpah ga nyangka mereka sebaik itu!
1874;97;0;21758788.0;sticker/webp;;[];False;False;a5f34109eb57020f;[];[Stiker]
1875;97;1-10;21758830.0;text;;[];False;False;dd1510013d6b16a7;[];woy
1876;97;11-50;21758851.0;text;;[];False;False;dd1510013d6b16a7;[];bakso malang itu buka ga ya
1877;97;0;21759097.0;sticker/webp;;[];False;False;3b571f32dcb1e9ac;[];[Stiker]
1878;98;1-10;21766415.0;text;;[];False;False;364a8fe133736028;[];yuk
1879;98;0;21770427.0;unknown;;[];False;False;1cca6eeac64e6a6e;[];[Media tidak dikenal]
1880;98;0;21770540.0;sticker/webp;;[];False;False;b2a00aa321608d79;[];[Stiker]
1881;98;0;21770542.0;sticker/webp;;[];False;False;b2a00aa321608d79;[];[Stiker]
1882;98;0;21770634.0;sticker/webp;;[];False;False;1cca6eeac64e6a6e;[];[Stiker]
1883;98;0;21770652.0;sticker/webp;;[];False;False;1cca6eeac64e6a6e;[];[Stiker]
1884;98;11-50;21770858.0;text;;[];False;True;26dfbe9db6d71c15;[];mantap bgt hasilnya!...
1885;98;0;21770952.0;sticker/webp;;[];False;False;a86d2d392c3bc9b1;[];[Stiker]
1886;98;0;21771271.0;sticker/webp;;[];False;False;4cdfd58590037079;[];[Stiker]
1887;98;0;21771457.0;sticker/webp;;[];False;False;6af7bb586586c6eb;[];[Stiker]
1888;99;0;21776123.0;sticker/webp;;[];False;False;d5dac0683caba4eb;[];[Stiker]
1889;99;0;21776209.0;sticker/webp;;[];False;False;499d10b7e54f80fb;[];[Stiker]
1890;99;0;21776463.0;sticker/webp;;[];False;False;dbc9b15db5694d60;[];[Stiker]
1891;99;0;21776815.0;system;;[];False;False;2d60b93af1dea86d;[];[Pesan sistem]
1892;100;0;21789133.0;sticker/webp;;[];False;False;bbbaf4fd4892d8eb;[];[Stiker]
1893;100;0;21789874.0;sticker/webp;;[];False;False;9e7c75b621f205db;[];[Stiker]
1894;100;0;21790169.0;sticker/webp;;[];False;False;bbbaf4fd4892d8eb;[];[Stiker]
1895;100;0;21790215.0;sticker/webp;;[];False;False;ad7f07684351ed77;[];[Stiker]
1896;100;0;21791220.0;sticker/webp;;[];False;False;9e7c75b621f205db;[];[Stiker]
1897;100;0;21791670.0;sticker/webp;;[];False;False;6af7bb586586c6eb;[];[Stiker]
1898;100;0;21791808.0;sticker/webp;;[];False;False;bbbaf4fd4892d8eb;[];[Stiker]
1899;100;11-50;21792692.0;text;;[];True;False;f927db4055b5b3b6;[];ad yg mau bareng?
1900;100;11-50;21792697.0;text;;[];False;False;f927db4055b5b3b6;[];rame bgt disini cuy
1901;100;0;21792904.0;sticker/webp;;[];False;False;a1d20724ac2ba048;[];[Stiker]
1902;100;0;21793028.0;sticker/webp;;[];False;False;f927db4055b5b3b6;[];[Stiker]
1903;100;0;21793182.0;sticker/webp;;[];False;False;b06e171fb9b95ab7;[];[Stiker]
1904;100;0;21793219.0;sticker/webp;;[];False;False;1e4790915a2f57fa;[];[Stiker]
1905;101;0;21847426.0;sticker/webp;;[];False;False;73096f25fb4a1cc8;[];[Stiker]
1906;101;0;21849034.0;sticker/webp;;[];False;False;3b571f32dcb1e9ac;[];[Stiker]
1907;101;0;21849162.0;sticker/webp;;[];False;False;a607e0e22fb81fb0;[];[Stiker]
1908;101;0;21849423.0;sticker/webp;;[];False;False;3b571f32dcb1e9ac;[];[Stiker]
1909;101;0;21849745.0;sticker/webp;;[];False;False;2aebd8fa5110f1d6;[];[Stiker]
1910;101;0;21849800.0;sticker/webp;;[];False;False;3b571f32dcb1e9ac;[];[Stiker]
1911;101;0;21850171.0;sticker/webp;;[];False;False;2aebd8fa5110f1d6;[];[Stiker]
1912;101;0;21850273.0;sticker/webp;;[];False;False;90afb96b74df9584;[];[Stiker]
1913;101;0;21850335.0;sticker/webp;;[];False;False;3b571f32dcb1e9ac;[];[Stiker]
1914;101;1-10;21850612.0;text;;[];False;False;90afb96b74df9584;[];Woi.
1915;101;0;21851292.0;sticker/webp;;[];False;False;6af7bb586586c6eb;[];[Stiker]
1916;101;0;21851421.0;sticker/webp;;[];False;False;7827148061b069d0;[];[Stiker]
1917;102;0;21853582.0;sticker/webp;;[];False;False;e8af4be84abf0d62;[];[Stiker]
1918;102;0;21854162.0;sticker/webp;;[];False;False;dbc9b15db5694d60;[];[Stiker]
1919;102;0;21854657.0;sticker/webp;;[];False;False;974ebb3ca63fce70;[];[Stiker]
1920;102;0;21855018.0;sticker/webp;;[];False;False;2aebd8fa5110f1d6;[];[Stiker]
1921;102;0;21855022.0;sticker/webp;;[];False;False;dbc9b15db5694d60;[];[Stiker]
1922;102;0;21855066.0;sticker/webp;1921.0;[];False;False;16be1d7c5bae817f;[];[Stiker]
1923;102;0;21855121.0;sticker/webp;1921.0;[];False;False;6af7bb586586c6eb;[];[Stiker]
1924;103;0;21859137.0;sticker/webp;;[];False;False;3b571f32dcb1e9ac;[];[Stiker]
1925;103;0;21860512.0;sticker/webp;;[];False;False;dbc9b15db5694d60;[];[Stiker]
1926;103;0;21860534.0;sticker/webp;;[];False;False;3b571f32dcb1e9ac;[];[Stiker]
1927;103;0;21860815.0;audio;;[];False;False;2941fde661fa629c;[];[Voice Note]
1928;103;0;21860821.0;unknown;;[];False;False;2941fde661fa629c;[];[Media tidak dikenal]
1929;103;0;21860846.0;sticker/webp;;[];False;False;3b571f32dcb1e9ac;[];[Stiker]
1930;103;11-50;21860881.0;text;;[];False;False;dd1510013d6b16a7;[];gw mau ambil cuti... semester
1931;103;0;21860887.0;sticker/webp;;[];False;False;2941fde661fa629c;[];[Stiker]
1932;103;0;21860892.0;sticker/webp;;[];False;False;9e7c75b621f205db;[];[Stiker]
1933;103;1-10;21860914.0;text;;['🤣'];False;False;2941fde661fa629c;[];Gpp.
1934;103;0;21860930.0;audio;;[];False;False;2941fde661fa629c;[];[Voice Note]
1935;103;0;21860957.0;sticker/webp;;[];False;False;2941fde661fa629c;[];[Stiker]
1936;103;0;21861014.0;audio;;[];False;False;2941fde661fa629c;[];[Voice Note]
1937;103;0;21861108.0;sticker/webp;;[];False;False;9e7c75b621f205db;[];[Stiker]
1938;103;0;21861144.0;sticker/webp;;[];False;False;2941fde661fa629c;[];[Stiker]
1939;103;0;21861242.0;system;;[];False;False;804aec0e49500908;[];[Pesan sistem]
1940;103;0;21861821.0;audio;;[];False;False;90afb96b74df9584;[];[Voice Note]
1941;103;0;21861839.0;sticker/webp;;[];False;False;2aebd8fa5110f1d6;[];[Stiker]
1942;103;0;21861854.0;sticker/webp;;[];False;False;90afb96b74df9584;[];[Stiker]
1943;103;0;21863109.0;sticker/webp;;[];False;False;dae8154bdfb58fc3;[];[Stiker]
1944;103;0;21864235.0;sticker/webp;;[];False;False;f5de672dc74a9f57;[];[Stiker]
1945;104;0;21973018.0;sticker/webp;;[];False;False;3b571f32dcb1e9ac;[];[Stiker]
1946;104;0;21973020.0;sticker/webp;;[];False;False;3b571f32dcb1e9ac;[];[Stiker]
1947;104;0;21973021.0;sticker/webp;;[];False;False;3b571f32dcb1e9ac;[];[Stiker]
1948;104;0;21973024.0;sticker/webp;;[];False;False;3b571f32dcb1e9ac;[];[Stiker]
1949;104;0;21973024.0;sticker/webp;;[];False;False;3b571f32dcb1e9ac;[];[Stiker]
1950;104;0;21973025.0;sticker/webp;;[];False;False;3b571f32dcb1e9ac;[];[Stiker]
1951;104;0;21973025.0;sticker/webp;;[];False;False;3b571f32dcb1e9ac;[];[Stiker]
1952;104;0;21973028.0;sticker/webp;;[];False;False;3b571f32dcb1e9ac;[];[Stiker]
1953;104;0;21973030.0;sticker/webp;;[];False;False;3b571f32dcb1e9ac;[];[Stiker]
1954;104;0;21973032.0;sticker/webp;;[];False;False;3b571f32dcb1e9ac;[];[Stiker]
1955;104;0;21973033.0;sticker/webp;;[];False;False;3b571f32dcb1e9ac;[];[Stiker]
1956;104;0;21973034.0;sticker/webp;;[];False;False;3b571f32dcb1e9ac;[];[Stiker]
1957;104;0;21973039.0;sticker/webp;;[];False;False;3b571f32dcb1e9ac;[];[Stiker]
1958;104;0;21973039.0;sticker/webp;;[];False;False;3b571f32dcb1e9ac;[];[Stiker]
1959;104;0;21973039.0;sticker/webp;;[];False;False;3b571f32dcb1e9ac;[];[Stiker]
1960;104;0;21973040.0;sticker/webp;;[];False;False;3b571f32dcb1e9ac;[];[Stiker]
1961;104;0;21973142.0;sticker/webp;;[];False;False;dbc9b15db5694d60;[];[Stiker]
1962;104;0;21973160.0;sticker/webp;;[];False;False;3b571f32dcb1e9ac;[];[Stiker]
1963;104;0;21973170.0;sticker/webp;;[];False;False;3b571f32dcb1e9ac;[];[Stiker]
1964;104;0;21973174.0;sticker/webp;;[];False;False;3b571f32dcb1e9ac;[];[Stiker]
1965;104;0;21973193.0;sticker/webp;;[];False;False;dbc9b15db5694d60;[];[Stiker]
1966;104;0;21973212.0;sticker/webp;;[];False;False;499d10b7e54f80fb;[];[Stiker]
1967;104;0;21973241.0;sticker/webp;;[];False;False;3b571f32dcb1e9ac;[];[Stiker]
1968;104;0;21973242.0;sticker/webp;;[];False;False;3b571f32dcb1e9ac;[];[Stiker]
1969;104;0;21973242.0;sticker/webp;;[];False;False;3b571f32dcb1e9ac;[];[Stiker]
1970;104;0;21973246.0;sticker/webp;;[];False;False;3b571f32dcb1e9ac;[];[Stiker]
1971;104;0;21973254.0;system;;[];False;False;af2a600136408705;[];[Pesan sistem]
1972;104;0;21973464.0;sticker/webp;;[];False;False;80598fc96722b883;[];[Stiker]
1973;104;0;21973464.0;sticker/webp;;[];False;False;80598fc96722b883;[];[Stiker]
1974;104;0;21973887.0;sticker/webp;;[];False;False;dbc9b15db5694d60;[];[Stiker]
1975;104;11-50;21974776.0;text;;[];False;False;dd1510013d6b16a7;[];gw lagi diet... tapi gagal mulu
1976;104;1-10;21974777.0;text;;[];False;False;dd1510013d6b16a7;[];bener
1977;104;0;21974916.0;sticker/webp;;[];False;False;8707be39802cd9af;[];[Stiker]
1978;104;1-10;21974962.0;text;;[];False;False;dd1510013d6b16a7;[];yep
1979;104;0;21974975.0;sticker/webp;;[];False;False;a02a57de46723d1c;[];[Stiker]
1980;104;0;21974976.0;sticker/webp;;[];False;False;a02a57de46723d1c;[];[Stiker]
1981;104;11-50;21974976.0;text;;['😂'];False;False;dd1510013d6b16a7;[];sarapan dulu baru mikir
1982;104;0;21974976.0;sticker/webp;;[];False;False;a02a57de46723d1c;[];[Stiker]
1983;104;0;21974980.0;sticker/webp;;[];False;False;a02a57de46723d1c;[];[Stiker]
1984;104;0;21974980.0;sticker/webp;;[];False;False;a02a57de46723d1c;[];[Stiker]
1985;104;0;21974982.0;sticker/webp;;[];False;False;a02a57de46723d1c;[];[Stiker]
1986;105;0;21976615.0;sticker/webp;;[];False;False;dbc9b15db5694d60;[];[Stiker]
1987;105;0;21976769.0;sticker/webp;;[];False;False;dbc9b15db5694d60;[];[Stiker]
1988;105;0;21976787.0;sticker/webp;;[];False;False;dbc9b15db5694d60;[];[Stiker]
1989;105;0;21976805.0;sticker/webp;;[];False;False;3b571f32dcb1e9ac;[];[Stiker]
1990;105;0;21976826.0;sticker/webp;;[];False;False;7f979d29b75d1a71;[];[Stiker]
1991;105;11-50;21976839.0;text;;[];False;False;7f979d29b75d1a71;[];bokap gw lagi di luar kota!!!
1992;105;11-50;21976842.0;text;;[];False;False;7f979d29b75d1a71;[];kakak gw baru aja nikah!!
1993;105;0;21976848.0;sticker/webp;;[];False;False;dbc9b15db5694d60;[];[Stiker]
1994;105;0;21976870.0;sticker/webp;;[];False;False;3b571f32dcb1e9ac;[];[Stiker]
1995;105;0;21976871.0;sticker/webp;;[];False;False;7f979d29b75d1a71;[];[Stiker]
1996;105;0;21976880.0;sticker/webp;;[];False;False;7f979d29b75d1a71;[];[Stiker]
1997;105;0;21976885.0;sticker/webp;;[];False;False;3b571f32dcb1e9ac;[];[Stiker]
1998;105;0;21976912.0;sticker/webp;;[];False;False;7f979d29b75d1a71;[];[Stiker]
1999;105;0;21976925.0;sticker/webp;;[];False;False;3b571f32dcb1e9ac;[];[Stiker]
2000;105;0;21976941.0;sticker/webp;;[];False;False;dbc9b15db5694d60;[];[Stiker]
2001;105;0;21976947.0;sticker/webp;;[];False;False;8707be39802cd9af;[];[Stiker]
2002;105;0;21976950.0;sticker/webp;;[];False;False;3b571f32dcb1e9ac;[];[Stiker]
2003;105;0;21976962.0;sticker/webp;;[];False;False;8707be39802cd9af;[];[Stiker]
2004;105;0;21976984.0;sticker/webp;;[];False;False;3b571f32dcb1e9ac;[];[Stiker]
2005;105;0;21976996.0;sticker/webp;;[];False;False;7f979d29b75d1a71;[];[Stiker]
2006;105;0;21977025.0;sticker/webp;;[];False;False;dbc9b15db5694d60;[];[Stiker]
2007;105;0;21977079.0;sticker/webp;;[];False;False;8707be39802cd9af;[];[Stiker]
2008;105;11-50;21977089.0;text;;[];False;False;dd1510013d6b16a7;[];keluarga ngumpul lebaran nanti
2009;105;0;21977132.0;sticker/webp;;[];False;False;dbc9b15db5694d60;[];[Stiker]
2010;105;0;21977154.0;sticker/webp;;[];False;False;3b571f32dcb1e9ac;[];[Stiker]
2011;105;0;21977168.0;sticker/webp;;[];False;False;8707be39802cd9af;[];[Stiker]
2012;105;0;21977196.0;sticker/webp;;[];False;False;dbc9b15db5694d60;[];[Stiker]
2013;105;0;21977213.0;sticker/webp;;[];False;False;3b571f32dcb1e9ac;[];[Stiker]
2014;105;0;21977239.0;sticker/webp;;[];False;False;dbc9b15db5694d60;[];[Stiker]
2015;105;0;21977281.0;sticker/webp;;[];False;False;8707be39802cd9af;[];[Stiker]
2016;105;1-10;21977282.0;text;;[];False;False;90afb96b74df9584;[];Gini.
2017;105;0;21977302.0;sticker/webp;;[];False;False;3b571f32dcb1e9ac;[];[Stiker]
2018;105;0;21977345.0;sticker/webp;;[];False;False;dbc9b15db5694d60;[];[Stiker]
2019;105;0;21977360.0;sticker/webp;;[];False;False;dbc9b15db5694d60;[];[Stiker]
2020;105;0;21977362.0;sticker/webp;;[];False;False;3b571f32dcb1e9ac;[];[Stiker]
2021;105;0;21977372.0;sticker/webp;;[];False;False;3b571f32dcb1e9ac;[];[Stiker]
2022;105;0;21977382.0;sticker/webp;;[];False;False;dbc9b15db5694d60;[];[Stiker]
2023;105;0;21977382.0;sticker/webp;;[];False;False;dbc9b15db5694d60;[];[Stiker]
2024;105;0;21977395.0;sticker/webp;;[];False;False;3b571f32dcb1e9ac;[];[Stiker]
2025;105;0;21977399.0;sticker/webp;;[];False;False;90afb96b74df9584;[];[Stiker]
2026;105;0;21977405.0;sticker/webp;;[];False;False;dbc9b15db5694d60;[];[Stiker]
2027;105;0;21977405.0;sticker/webp;;[];False;False;8707be39802cd9af;[];[Stiker]
2028;105;0;21977407.0;sticker/webp;;[];False;False;8707be39802cd9af;[];[Stiker]
2029;105;0;21977407.0;sticker/webp;;[];False;False;8707be39802cd9af;[];[Stiker]
2030;105;0;21977424.0;sticker/webp;;[];False;False;dbc9b15db5694d60;[];[Stiker]
2031;105;0;21977459.0;sticker/webp;;[];False;False;90afb96b74df9584;[];[Stiker]
2032;105;0;21977463.0;sticker/webp;;[];False;False;08898dd87b81ecbb;[];[Stiker]
2033;105;0;21977470.0;sticker/webp;;[];False;False;8707be39802cd9af;[];[Stiker]
2034;105;0;21977473.0;sticker/webp;;[];False;False;8707be39802cd9af;[];[Stiker]
2035;105;0;21977475.0;sticker/webp;;[];False;False;dbc9b15db5694d60;[];[Stiker]
2036;105;0;21977476.0;sticker/webp;;[];False;False;8707be39802cd9af;[];[Stiker]
2037;105;0;21977508.0;sticker/webp;;[];False;False;3b571f32dcb1e9ac;[];[Stiker]
2038;105;0;21977554.0;sticker/webp;;[];False;False;dbc9b15db5694d60;[];[Stiker]
2039;105;0;21977576.0;sticker/webp;;[];False;False;3b571f32dcb1e9ac;[];[Stiker]
2040;105;0;21977579.0;sticker/webp;;[];False;False;8707be39802cd9af;[];[Stiker]
2041;105;1-10;21977612.0;text;;[];False;False;dd1510013d6b16a7;[];woles
2042;105;0;21977668.0;sticker/webp;;[];False;False;90afb96b74df9584;[];[Stiker]
2043;105;0;21977821.0;sticker/webp;2039.0;[];False;False;dbc9b15db5694d60;[];[Stiker]
2044;105;0;21978076.0;sticker/webp;;[];False;False;a93e7ee9056aeb09;[];[Stiker]
2045;106;11-50;22039517.0;text;;[];False;False;16be1d7c5bae817f;[];MANGA TERBARU UDAH KELUAR LOH
2046;106;0;22039523.0;system;;[];False;False;bbbaf4fd4892d8eb;[];[Pesan sistem]
2047;106;0;22039639.0;system;;[];False;False;91ef8667fd4b5181;[];[Pesan sistem]
2048;106;0;22039705.0;system;;[];False;False;c05c90b6aad47cc6;[];[Pesan sistem]
2049;107;0;22056306.0;sticker/webp;;[];False;False;c5e2280fb4776154;[];[Stiker]
2050;107;0;22056320.0;sticker/webp;;[];False;False;dbc9b15db5694d60;[];[Stiker]
2051;107;0;22056321.0;sticker/webp;;[];False;False;3b571f32dcb1e9ac;[];[Stiker]
2052;107;0;22056352.0;sticker/webp;;[];False;False;3b571f32dcb1e9ac;[];[Stiker]
2053;107;0;22056354.0;sticker/webp;;[];False;False;c5e2280fb4776154;[];[Stiker]
2054;107;0;22056379.0;sticker/webp;2052.0;[];False;False;dbc9b15db5694d60;[];[Stiker]
2055;107;0;22056384.0;sticker/webp;;[];False;False;3b571f32dcb1e9ac;[];[Stiker]
2056;107;0;22056401.0;sticker/webp;;[];False;False;3b571f32dcb1e9ac;[];[Stiker]
2057;107;0;22056430.0;sticker/webp;;[];False;False;c5e2280fb4776154;[];[Stiker]
2058;107;0;22056441.0;sticker/webp;;[];False;False;dbc9b15db5694d60;[];[Stiker]
2059;107;0;22056465.0;sticker/webp;;[];False;False;c5e2280fb4776154;[];[Stiker]
2060;107;0;22056479.0;sticker/webp;;[];False;False;3b571f32dcb1e9ac;[];[Stiker]
2061;107;0;22056483.0;sticker/webp;;[];False;False;3b571f32dcb1e9ac;[];[Stiker]
2062;107;0;22056687.0;sticker/webp;;[];False;False;dbc9b15db5694d60;[];[Stiker]
2063;107;0;22056701.0;sticker/webp;;[];False;False;c5e2280fb4776154;[];[Stiker]
2064;107;0;22056701.0;sticker/webp;;[];False;False;c5e2280fb4776154;[];[Stiker]
2065;107;0;22056734.0;sticker/webp;;[];False;False;dbc9b15db5694d60;[];[Stiker]
2066;107;0;22056967.0;sticker/webp;;[];False;False;c5e2280fb4776154;[];[Stiker]
2067;107;0;22056995.0;sticker/webp;;[];False;False;90afb96b74df9584;[];[Stiker]
2068;107;0;22057052.0;sticker/webp;;[];False;False;dbc9b15db5694d60;[];[Stiker]
2069;107;0;22057093.0;sticker/webp;;[];False;False;3b571f32dcb1e9ac;[];[Stiker]
2070;107;0;22057114.0;sticker/webp;;[];False;False;c5e2280fb4776154;[];[Stiker]
2071;107;0;22058059.0;sticker/webp;;[];False;False;3b571f32dcb1e9ac;[];[Stiker]
2072;107;0;22058745.0;sticker/webp;;[];False;False;dbc9b15db5694d60;[];[Stiker]
2073;108;11-50;22062819.0;text;;[];False;False;90afb96b74df9584;[];Presentasi gw amburadul.
2074;108;0;22062829.0;sticker/webp;;[];False;False;90afb96b74df9584;[];[Stiker]
2075;108;0;22063898.0;sticker/webp;2072.0;[];False;False;7f979d29b75d1a71;[];[Stiker]
2076;108;0;22063905.0;sticker/webp;;[];False;False;8707be39802cd9af;[];[Stiker]
2077;108;0;22064563.0;sticker/webp;;[];False;False;4f0f6eede0886bca;[];[Stiker]
2078;108;0;22070337.0;sticker/webp;;[];False;False;0725ac2da04749fe;[];[Stiker]
2079;109;11-50;22108620.0;text;;[];True;False;3b571f32dcb1e9ac;[];siapa yang mauuuu ikut?
2080;109;0;22108734.0;sticker/webp;;[];False;False;a5f34109eb57020f;[];[Stiker]
2081;109;0;22108808.0;sticker/webp;;[];False;False;1e4790915a2f57fa;[];[Stiker]
2082;110;0;22113082.0;sticker/webp;;[];False;False;b6c02156685fc94b;[];[Stiker]
2083;110;1-10;22113095.0;text;;[];False;False;b6c02156685fc94b;[];hmm
2084;110;0;22113098.0;sticker/webp;;[];False;False;b6c02156685fc94b;[];[Stiker]
2085;110;0;22113589.0;sticker/webp;;[];False;False;c5e2280fb4776154;[];[Stiker]
2086;110;0;22113645.0;sticker/webp;;[];False;False;8707be39802cd9af;[];[Stiker]
2087;110;0;22114239.0;sticker/webp;;[];False;False;a8f0b1f4577c3e76;[];[Stiker]
2088;110;0;22115128.0;sticker/webp;2085.0;[];False;False;643b625a7a04d89d;[];[Stiker]
2089;110;0;22115162.0;sticker/webp;;[];False;False;c5e2280fb4776154;[];[Stiker]
2090;110;0;22115315.0;sticker/webp;;[];False;False;643b625a7a04d89d;[];[Stiker]
2091;110;0;22115611.0;sticker/webp;;[];False;False;c5e2280fb4776154;[];[Stiker]
2092;110;1-10;22116141.0;text;;[];True;False;a8f0b1f4577c3e76;[];hah?
2093;111;0;22119174.0;sticker/webp;;[];False;False;e8af4be84abf0d62;[];[Stiker]
2094;111;0;22119282.0;sticker/webp;;[];False;False;3b571f32dcb1e9ac;[];[Stiker]
2095;111;0;22119326.0;sticker/webp;;[];False;False;f7ca26a5c7810c80;[];[Stiker]
2096;111;0;22119329.0;sticker/webp;;[];False;False;f7ca26a5c7810c80;[];[Stiker]
2097;111;0;22119331.0;sticker/webp;;[];False;False;f7ca26a5c7810c80;[];[Stiker]
2098;111;0;22119334.0;sticker/webp;;[];False;False;f7ca26a5c7810c80;[];[Stiker]
2099;111;0;22119781.0;sticker/webp;;[];False;False;cb22ed213f623ab9;[];[Stiker]
2100;112;0;22123435.0;sticker/webp;;[];False;False;f7ca26a5c7810c80;[];[Stiker]
2101;112;0;22123436.0;sticker/webp;;[];False;False;f7ca26a5c7810c80;[];[Stiker]
2102;113;0;22127544.0;sticker/webp;;[];False;False;4f0f6eede0886bca;[];[Stiker]
2103;113;0;22128056.0;sticker/webp;;[];False;False;1e479cd01dc43717;[];[Stiker]
2104;113;0;22128168.0;sticker/webp;;[];False;False;dbc9b15db5694d60;[];[Stiker]
2105;113;0;22130425.0;sticker/webp;;[];False;False;fe17f02510a55a0f;[];[Stiker]
2106;114;11-50;22140449.0;text;;[];True;False;e501200c0b7eac9c;[];ituu beneran apa hoax?
2107;114;0;22140455.0;sticker/webp;;[];False;False;bbbaf4fd4892d8eb;[];[Stiker]
2108;114;0;22140465.0;sticker/webp;;[];False;False;9e7c75b621f205db;[];[Stiker]
2109;114;0;22140468.0;sticker/webp;;[];False;False;1038241138e31451;[];[Stiker]
2110;114;0;22140469.0;sticker/webp;;[];False;False;194bc109b7f66873;[];[Stiker]
2111;114;0;22140480.0;sticker/webp;;[];False;False;9e7c75b621f205db;[];[Stiker]
2112;114;0;22140486.0;sticker/webp;;[];False;False;1038241138e31451;[];[Stiker]
2113;114;0;22140492.0;sticker/webp;;[];False;False;3b571f32dcb1e9ac;[];[Stiker]
2114;114;0;22140521.0;sticker/webp;;[];False;False;1038241138e31451;[];[Stiker]
2115;114;0;22140523.0;sticker/webp;;[];False;False;643b625a7a04d89d;[];[Stiker]
2116;114;0;22140533.0;sticker/webp;;[];False;False;90afb96b74df9584;[];[Stiker]
2117;114;0;22140535.0;sticker/webp;;[];False;False;90afb96b74df9584;[];[Stiker]
2118;114;0;22140781.0;sticker/webp;;[];False;False;8707be39802cd9af;[];[Stiker]
2119;114;0;22140785.0;sticker/webp;;[];False;False;8707be39802cd9af;[];[Stiker]
2120;115;0;22143646.0;sticker/webp;;[];False;False;e501200c0b7eac9c;[];[Stiker]
2121;115;0;22143779.0;sticker/webp;;[];False;False;bbbaf4fd4892d8eb;[];[Stiker]
2122;115;0;22143854.0;sticker/webp;2121.0;[];False;False;e501200c0b7eac9c;[];[Stiker]
2123;115;0;22143865.0;sticker/webp;;[];False;False;643b625a7a04d89d;[];[Stiker]
2124;115;0;22143897.0;sticker/webp;;[];False;False;643b625a7a04d89d;[];[Stiker]
2125;115;0;22143925.0;sticker/webp;;[];False;False;e501200c0b7eac9c;[];[Stiker]
2126;115;0;22143950.0;sticker/webp;;[];False;False;643b625a7a04d89d;[];[Stiker]
2127;115;0;22144159.0;sticker/webp;;[];False;False;5bcdb33ab5911591;[];[Stiker]
2128;115;0;22144176.0;sticker/webp;;[];False;False;5bcdb33ab5911591;[];[Stiker]
2129;115;0;22144347.0;sticker/webp;;[];False;False;8707be39802cd9af;[];[Stiker]
2130;115;0;22144590.0;sticker/webp;;[];False;False;bbbaf4fd4892d8eb;[];[Stiker]
2131;115;0;22144727.0;sticker/webp;;[];False;False;9e7c75b621f205db;[];[Stiker]
2132;115;0;22144733.0;unknown;;[];False;False;bbbaf4fd4892d8eb;[];[Media tidak dikenal]
2133;115;0;22144734.0;unknown;;[];False;False;bbbaf4fd4892d8eb;[];[Media tidak dikenal]
2134;115;0;22144738.0;unknown;;[];False;False;bbbaf4fd4892d8eb;[];[Media tidak dikenal]
2135;115;0;22144755.0;unknown;;[];False;False;bbbaf4fd4892d8eb;[];[Media tidak dikenal]
2136;115;1-10;22144756.0;text;;[];False;False;9e7c75b621f205db;[];DEH
2137;115;0;22144757.0;sticker/webp;;[];False;False;499d10b7e54f80fb;[];[Stiker]
2138;115;0;22144757.0;unknown;;[];False;False;bbbaf4fd4892d8eb;[];[Media tidak dikenal]
2139;115;0;22144760.0;sticker/webp;;[];False;False;bbbaf4fd4892d8eb;[];[Stiker]
2140;115;0;22144761.0;sticker/webp;;[];False;False;bbbaf4fd4892d8eb;[];[Stiker]
2141;115;0;22144762.0;unknown;;[];False;False;bbbaf4fd4892d8eb;[];[Media tidak dikenal]
2142;115;0;22144763.0;sticker/webp;;[];False;False;bbbaf4fd4892d8eb;[];[Stiker]
2143;115;0;22144765.0;sticker/webp;;[];False;False;bbbaf4fd4892d8eb;[];[Stiker]
2144;115;0;22144768.0;sticker/webp;;[];False;False;bbbaf4fd4892d8eb;[];[Stiker]
2145;115;0;22144769.0;sticker/webp;;[];False;False;bbbaf4fd4892d8eb;[];[Stiker]
2146;115;0;22144770.0;sticker/webp;;[];False;False;bbbaf4fd4892d8eb;[];[Stiker]
2147;115;0;22144775.0;sticker/webp;;[];False;False;bbbaf4fd4892d8eb;[];[Stiker]
2148;115;0;22144777.0;sticker/webp;;[];False;False;bbbaf4fd4892d8eb;[];[Stiker]
2149;115;0;22144779.0;sticker/webp;;[];False;False;bbbaf4fd4892d8eb;[];[Stiker]
2150;115;1-10;22144805.0;text;;[];False;False;a5f34109eb57020f;[];hoo
2151;115;0;22144820.0;sticker/webp;;[];False;False;1e4790915a2f57fa;[];[Stiker]
2152;115;0;22144821.0;sticker/webp;;[];False;False;643b625a7a04d89d;[];[Stiker]
2153;115;0;22144893.0;sticker/webp;;[];False;False;2aebd8fa5110f1d6;[];[Stiker]
2154;115;0;22144900.0;sticker/webp;;[];False;False;bbbaf4fd4892d8eb;[];[Stiker]
2155;115;0;22144930.0;sticker/webp;;[];False;False;a5f34109eb57020f;[];[Stiker]
2156;115;0;22145001.0;sticker/webp;;[];False;False;9e7c75b621f205db;[];[Stiker]
2157;115;0;22145029.0;sticker/webp;;[];False;False;bbbaf4fd4892d8eb;[];[Stiker]
2158;115;0;22145063.0;sticker/webp;;[];False;False;a5f34109eb57020f;[];[Stiker]
2159;115;0;22145074.0;sticker/webp;;[];False;False;a5f34109eb57020f;[];[Stiker]
2160;115;0;22145098.0;sticker/webp;;[];False;False;a5f34109eb57020f;[];[Stiker]
2161;115;0;22145873.0;sticker/webp;;[];False;False;90afb96b74df9584;[];[Stiker]
2162;115;0;22145986.0;sticker/webp;2161.0;[];False;False;a5f34109eb57020f;[];[Stiker]
2163;116;0;22149352.0;sticker/webp;;[];False;False;e501200c0b7eac9c;[];[Stiker]
2164;116;0;22149366.0;sticker/webp;;[];False;False;9e7c75b621f205db;[];[Stiker]
2165;116;11-50;22149595.0;text;;[];False;False;499d10b7e54f80fb;[];gw ga percaya sih gosipnya
2166;116;0;22149638.0;sticker/webp;;[];False;False;9e7c75b621f205db;[];[Stiker]
2167;116;0;22149749.0;sticker/webp;;[];False;False;bbbaf4fd4892d8eb;[];[Stiker]
2168;116;0;22149753.0;sticker/webp;;[];False;False;bbbaf4fd4892d8eb;[];[Stiker]
2169;116;0;22149801.0;sticker/webp;;[];False;False;9e7c75b621f205db;[];[Stiker]
2170;116;0;22149944.0;sticker/webp;;[];False;False;bbbaf4fd4892d8eb;[];[Stiker]
2171;116;0;22149964.0;sticker/webp;;[];False;False;9e7c75b621f205db;[];[Stiker]
2172;116;11-50;22151658.0;text;;[];False;False;bbbaf4fd4892d8eb;[];angkot ke sana masih ada ga
2173;116;0;22151673.0;sticker/webp;;[];False;False;bbbaf4fd4892d8eb;[];[Stiker]
2174;116;0;22151944.0;sticker/webp;;[];False;False;cc682d34e6fd2d84;[];[Stiker]
2175;116;0;22152051.0;image/jpeg;;[];False;False;dd1510013d6b16a7;[];[Foto]
2176;116;0;22152053.0;image/jpeg;;[];False;False;dd1510013d6b16a7;[];[Foto]
2177;116;0;22152054.0;image/jpeg;;[];False;False;dd1510013d6b16a7;[];[Foto]
2178;116;11-50;22152056.0;text;;[];False;False;dd1510013d6b16a7;[];pacarnya baru siapa sih...
2179;116;0;22152137.0;sticker/webp;;[];False;False;bbbaf4fd4892d8eb;[];[Stiker]
2180;116;11-50;22152200.0;text;;[];False;False;dd1510013d6b16a7;[];pacarnya baru siapa sih
2181;116;0;22152226.0;sticker/webp;;[];False;False;bbbaf4fd4892d8eb;[];[Stiker]
2182;116;1-10;22152255.0;text;;[];False;False;dd1510013d6b16a7;[];amin
2183;116;11-50;22152264.0;text;;[];False;False;dd1510013d6b16a7;[];si itu udah putus katanya
2184;116;0;22152495.0;image/jpeg;;[];False;False;dd1510013d6b16a7;[];[Foto]
2185;116;11-50;22152498.0;text;;[];False;False;dd1510013d6b16a7;[];pacarnya baru siapa sih
2186;116;11-50;22152502.0;text;;[];False;False;dd1510013d6b16a7;[];gw ga percaya sih gosipnya
2187;116;0;22152550.0;sticker/webp;;[];False;False;693ca1466c735646;[];[Stiker]
2188;116;0;22152673.0;sticker/webp;;[];False;False;bbbaf4fd4892d8eb;[];[Stiker]
2189;116;0;22152843.0;sticker/webp;;[];False;False;bbbaf4fd4892d8eb;[];[Stiker]
2190;116;1-10;22153063.0;text;;[];False;False;dd1510013d6b16a7;[];ywd
2191;117;0;22272957.0;sticker/webp;;[];False;False;a8f0b1f4577c3e76;[];[Stiker]
2192;117;0;22381814.0;sticker/webp;;[];False;False;f7ca26a5c7810c80;[];[Stiker]
2193;117;0;22381817.0;sticker/webp;;[];False;False;f7ca26a5c7810c80;[];[Stiker]
2194;117;0;22381817.0;sticker/webp;;[];False;False;f7ca26a5c7810c80;[];[Stiker]
2195;117;0;22381821.0;sticker/webp;;[];False;False;f7ca26a5c7810c80;[];[Stiker]
2196;118;0;22386165.0;sticker/webp;;[];False;False;6b48595b7b24a492;[];[Stiker]
2197;118;0;22387049.0;sticker/webp;;[];False;False;f7ca26a5c7810c80;[];[Stiker]
2198;118;0;22394673.0;sticker/webp;;[];False;False;4f0f6eede0886bca;[];[Stiker]
2199;119;51-100;22415632.0;text;;[];False;False;3b571f32dcb1e9ac;[];nyokapp gw nelfonn tadi nanyainnnn kapan pulang, gw bilangggg ajaaa abiss ujian
2200;119;0;22415809.0;sticker/webp;;[];False;False;16c8d49adf25c6c5;[];[Stiker]
2201;119;0;22415861.0;sticker/webp;;[];False;False;f7ca26a5c7810c80;[];[Stiker]
2202;119;11-50;22415871.0;text;;[];False;False;3b571f32dcb1e9ac;[];tadi absennnn ga sihhh kamuuu
2203;119;0;22416291.0;sticker/webp;;[];False;False;8707be39802cd9af;[];[Stiker]
2204;119;0;22416323.0;sticker/webp;;[];False;False;4cdfd58590037079;[];[Stiker]
2205;119;0;22416406.0;sticker/webp;;[];False;False;f7ca26a5c7810c80;[];[Stiker]
2206;119;0;22416417.0;sticker/webp;;[];False;False;9f0039949f360220;[];[Stiker]
2207;119;0;22416421.0;sticker/webp;;[];False;False;9f0039949f360220;[];[Stiker]
2208;119;0;22416422.0;sticker/webp;;[];False;False;9f0039949f360220;[];[Stiker]
2209;119;0;22416422.0;sticker/webp;;[];False;False;9f0039949f360220;[];[Stiker]
2210;119;0;22416423.0;sticker/webp;;[];False;False;f7ca26a5c7810c80;[];[Stiker]
2211;119;0;22416426.0;sticker/webp;;[];False;False;9f0039949f360220;[];[Stiker]
2212;119;0;22416428.0;sticker/webp;;[];False;False;9f0039949f360220;[];[Stiker]
2213;119;0;22416429.0;sticker/webp;;[];False;False;9f0039949f360220;[];[Stiker]
2214;119;0;22416430.0;sticker/webp;;[];False;False;9f0039949f360220;[];[Stiker]
2215;119;0;22416434.0;sticker/webp;;[];False;False;9f0039949f360220;[];[Stiker]
2216;119;0;22416434.0;sticker/webp;;[];False;False;9f0039949f360220;[];[Stiker]
2217;119;0;22416435.0;sticker/webp;;[];False;False;9f0039949f360220;[];[Stiker]
2218;119;0;22416438.0;sticker/webp;;[];False;False;9f0039949f360220;[];[Stiker]
2219;119;0;22416438.0;sticker/webp;;[];False;False;9f0039949f360220;[];[Stiker]
2220;119;0;22416443.0;sticker/webp;;[];False;False;9f0039949f360220;[];[Stiker]
2221;119;0;22416444.0;sticker/webp;;[];False;False;9f0039949f360220;[];[Stiker]
2222;119;0;22416446.0;sticker/webp;;[];False;False;9f0039949f360220;[];[Stiker]
2223;119;0;22416450.0;sticker/webp;;[];False;False;9f0039949f360220;[];[Stiker]
2224;119;0;22416455.0;sticker/webp;;[];False;False;9f0039949f360220;[];[Stiker]
2225;119;0;22416459.0;sticker/webp;;[];False;False;8707be39802cd9af;[];[Stiker]
2226;119;0;22416460.0;sticker/webp;;[];False;False;8707be39802cd9af;[];[Stiker]
2227;119;0;22416461.0;sticker/webp;;[];False;False;4cdfd58590037079;[];[Stiker]
2228;119;0;22416490.0;sticker/webp;;[];False;False;8707be39802cd9af;[];[Stiker]
2229;119;0;22416502.0;system;;[];False;False;0b06b682125e982a;[];[Pesan sistem]
2230;119;0;22416591.0;sticker/webp;;[];False;False;90f3214eae8356ee;[];[Stiker]
2231;119;0;22416592.0;sticker/webp;;[];False;False;90f3214eae8356ee;[];[Stiker]
2232;119;0;22416595.0;sticker/webp;;[];False;False;90f3214eae8356ee;[];[Stiker]
2233;119;0;22416597.0;sticker/webp;;[];False;False;90f3214eae8356ee;[];[Stiker]
2234;119;0;22416597.0;sticker/webp;;[];False;False;90f3214eae8356ee;[];[Stiker]
2235;119;0;22416599.0;sticker/webp;;[];False;False;90f3214eae8356ee;[];[Stiker]
2236;119;0;22416603.0;sticker/webp;;[];False;False;90f3214eae8356ee;[];[Stiker]
2237;119;0;22416603.0;sticker/webp;;[];False;False;90f3214eae8356ee;[];[Stiker]
2238;119;0;22416607.0;sticker/webp;;[];False;False;90f3214eae8356ee;[];[Stiker]
2239;119;0;22416608.0;sticker/webp;;[];False;False;90f3214eae8356ee;[];[Stiker]
2240;119;0;22416610.0;sticker/webp;;[];False;False;90f3214eae8356ee;[];[Stiker]
2241;119;0;22416611.0;sticker/webp;;[];False;False;90f3214eae8356ee;[];[Stiker]
2242;119;0;22416616.0;sticker/webp;;[];False;False;90f3214eae8356ee;[];[Stiker]
2243;119;0;22416617.0;sticker/webp;;[];False;False;90f3214eae8356ee;[];[Stiker]
2244;119;0;22416617.0;sticker/webp;;[];False;False;90f3214eae8356ee;[];[Stiker]
2245;119;0;22416618.0;sticker/webp;;[];False;False;90f3214eae8356ee;[];[Stiker]
2246;119;0;22416621.0;sticker/webp;;[];False;False;90f3214eae8356ee;[];[Stiker]
2247;119;0;22416621.0;sticker/webp;;[];False;False;90f3214eae8356ee;[];[Stiker]
2248;119;0;22416627.0;sticker/webp;;[];False;False;90f3214eae8356ee;[];[Stiker]
2249;119;0;22416631.0;sticker/webp;;[];False;False;90f3214eae8356ee;[];[Stiker]
2250;119;0;22416633.0;sticker/webp;;[];False;False;90f3214eae8356ee;[];[Stiker]
2251;119;0;22416637.0;sticker/webp;;[];False;False;90f3214eae8356ee;[];[Stiker]
2252;119;0;22416637.0;sticker/webp;;[];False;False;90f3214eae8356ee;[];[Stiker]
2253;119;0;22416638.0;sticker/webp;;[];False;False;90f3214eae8356ee;[];[Stiker]
2254;119;0;22416640.0;sticker/webp;;[];False;False;90f3214eae8356ee;[];[Stiker]
2255;119;0;22416641.0;sticker/webp;;[];False;False;90f3214eae8356ee;[];[Stiker]
2256;119;0;22416641.0;sticker/webp;;[];False;False;90f3214eae8356ee;[];[Stiker]
2257;119;0;22416644.0;sticker/webp;;[];False;False;90f3214eae8356ee;[];[Stiker]
2258;119;0;22416832.0;sticker/webp;;[];False;False;f7ca26a5c7810c80;[];[Stiker]
2259;119;0;22416834.0;sticker/webp;;[];False;False;f7ca26a5c7810c80;[];[Stiker]
2260;119;0;22416844.0;sticker/webp;;[];False;False;f7ca26a5c7810c80;[];[Stiker]
2261;119;0;22416865.0;sticker/webp;;[];False;False;f7ca26a5c7810c80;[];[Stiker]
2262;119;0;22416866.0;sticker/webp;;[];False;False;f7ca26a5c7810c80;[];[Stiker]
2263;119;0;22416870.0;sticker/webp;;[];False;False;f7ca26a5c7810c80;[];[Stiker]
2264;119;0;22416891.0;sticker/webp;;[];False;False;8707be39802cd9af;[];[Stiker]
2265;119;0;22416904.0;sticker/webp;;[];False;False;8707be39802cd9af;[];[Stiker]
2266;119;0;22416912.0;sticker/webp;;[];False;False;8707be39802cd9af;[];[Stiker]
2267;119;0;22416914.0;sticker/webp;;[];False;False;8707be39802cd9af;[];[Stiker]
2268;119;0;22416930.0;sticker/webp;;[];False;False;8707be39802cd9af;[];[Stiker]
2269;120;11-50;22419792.0;text;;[];False;False;5161182edf3a0553;[];kita ketemuan dimana aja deh
2270;120;1-10;22419800.0;text;;[];False;False;5161182edf3a0553;[];woi
2271;120;0;22422931.0;sticker/webp;;[];False;False;bbbaf4fd4892d8eb;[];[Stiker]
2272;121;0;22440182.0;sticker/webp;;[];False;False;79eea162743f05be;[];[Stiker]
2273;121;0;22440544.0;sticker/webp;;[];False;False;a607e0e22fb81fb0;[];[Stiker]
2274;122;0;22442407.0;sticker/webp;;[];False;False;937094946627b75f;[];[Stiker]
2275;122;0;22442442.0;sticker/webp;;[];False;False;937094946627b75f;[];[Stiker]
2276;122;0;22442443.0;sticker/webp;;[];False;False;937094946627b75f;[];[Stiker]
2277;123;0;22445440.0;sticker/webp;;[];False;False;90afb96b74df9584;[];[Stiker]
2278;123;0;22445441.0;sticker/webp;;[];False;False;90afb96b74df9584;[];[Stiker]
2279;123;0;22445455.0;sticker/webp;;[];False;False;90afb96b74df9584;[];[Stiker]
2280;123;0;22445512.0;sticker/webp;;[];False;False;90afb96b74df9584;[];[Stiker]
2281;123;0;22445531.0;sticker/webp;;[];False;False;90afb96b74df9584;[];[Stiker]
2282;124;0;22457630.0;sticker/webp;;[];False;False;f7ca26a5c7810c80;[];[Stiker]
2283;124;0;22457633.0;sticker/webp;2283.0;[];False;False;f7ca26a5c7810c80;[];[Stiker]
2284;124;1-10;22460844.0;text;;['😂'];False;False;b06e171fb9b95ab7;[];seep
2285;125;0;22548577.0;sticker/webp;;[];False;False;f7ca26a5c7810c80;[];[Stiker]
2286;125;0;22548632.0;sticker/webp;;[];False;False;2aebd8fa5110f1d6;[];[Stiker]
2287;125;0;22549181.0;audio;;[];False;False;a02a57de46723d1c;[];[Voice Note]
2288;125;0;22549298.0;sticker/webp;;[];False;False;f7ca26a5c7810c80;[];[Stiker]
2289;125;0;22549303.0;sticker/webp;;[];False;False;f7ca26a5c7810c80;[];[Stiker]
2290;125;0;22549775.0;sticker/webp;;[];False;False;2aebd8fa5110f1d6;[];[Stiker]
2291;125;0;22550848.0;sticker/webp;;[];False;False;8707be39802cd9af;[];[Stiker]
2292;125;0;22551427.0;sticker/webp;;[];False;False;f7ca26a5c7810c80;[];[Stiker]
2293;125;0;22551433.0;sticker/webp;;[];False;False;f7ca26a5c7810c80;[];[Stiker]
2294;125;11-50;22551847.0;text;;[];False;False;a8f0b1f4577c3e76;[];gw lg ngerjain tugas nih
2295;125;0;22552242.0;sticker/webp;;[];False;False;6bd5450b1c6778b3;[];[Stiker]
2296;125;0;22552943.0;sticker/webp;;[];False;False;ea6e139a242ae687;[];[Stiker]
2297;125;0;22552945.0;sticker/webp;;[];False;False;ea6e139a242ae687;[];[Stiker]
2298;125;0;22552945.0;sticker/webp;;[];False;False;ea6e139a242ae687;[];[Stiker]
2299;126;0;22556183.0;sticker/webp;;[];False;False;20991f844fb46887;[];[Stiker]
2300;126;0;22556186.0;sticker/webp;;[];False;False;20991f844fb46887;[];[Stiker]
2301;126;0;22556189.0;sticker/webp;;[];False;False;20991f844fb46887;[];[Stiker]
2302;126;0;22556731.0;sticker/webp;;[];False;False;16c8d49adf25c6c5;[];[Stiker]
2303;126;0;22556816.0;sticker/webp;;[];False;False;20991f844fb46887;[];[Stiker]
2304;126;0;22556904.0;sticker/webp;;[];False;False;f0dde01e023a5458;[];[Stiker]
2305;127;0;22572873.0;sticker/webp;2301.0;[];False;False;4f0f6eede0886bca;[];[Stiker]
2306;127;0;22576651.0;sticker/webp;;[];False;False;90afb96b74df9584;[];[Stiker]
2307;127;0;22576660.0;sticker/webp;;[];False;False;90afb96b74df9584;[];[Stiker]
2308;127;0;22577411.0;sticker/webp;;[];False;False;f0dde01e023a5458;[];[Stiker]
2309;127;0;22577738.0;sticker/webp;;[];False;False;dbc9b15db5694d60;[];[Stiker]
2310;127;0;22578452.0;sticker/webp;;[];False;False;6af7bb586586c6eb;[];[Stiker]
2311;128;0;22580584.0;sticker/webp;;[];False;False;4f0f6eede0886bca;[];[Stiker]
2312;128;0;22581466.0;sticker/webp;;[];False;False;dbc9b15db5694d60;[];[Stiker]
2313;128;0;22581647.0;sticker/webp;;[];False;False;a5f34109eb57020f;[];[Stiker]
2314;128;0;22581704.0;sticker/webp;;[];False;False;f0dde01e023a5458;[];[Stiker]
2315;128;0;22581747.0;sticker/webp;;[];False;False;8707be39802cd9af;[];[Stiker]
2316;128;0;22581755.0;sticker/webp;;[];False;False;a5f34109eb57020f;[];[Stiker]
2317;128;0;22581760.0;sticker/webp;2313.0;[];False;False;9e7c75b621f205db;[];[Stiker]
2318;128;0;22581784.0;sticker/webp;2317.0;[];False;False;a5f34109eb57020f;[];[Stiker]
2319;128;0;22581824.0;sticker/webp;;[];False;False;9e7c75b621f205db;[];[Stiker]
2320;128;0;22581874.0;sticker/webp;;[];False;False;8707be39802cd9af;[];[Stiker]
2321;128;0;22582035.0;sticker/webp;;[];False;False;9e7c75b621f205db;[];[Stiker]
2322;128;0;22582533.0;sticker/webp;;[];False;False;8707be39802cd9af;[];[Stiker]
2323;128;0;22584141.0;sticker/webp;;[];False;False;a5f34109eb57020f;[];[Stiker]
2324;129;0;22622846.0;sticker/webp;;[];False;False;a8f0b1f4577c3e76;[];[Stiker]
2325;129;0;22622860.0;sticker/webp;;[];False;False;a8f0b1f4577c3e76;[];[Stiker]
2326;129;1-10;22622876.0;text;;[];False;False;dd1510013d6b16a7;[];jir
2327;129;1-10;22622884.0;text;;[];False;False;dd1510013d6b16a7;[];dih
2328;129;0;22623092.0;sticker/webp;;[];False;False;a8f0b1f4577c3e76;[];[Stiker]
2329;129;1-10;22623721.0;text;;[];False;False;90afb96b74df9584;[];Jir.
2330;129;0;22623756.0;sticker/webp;;[];False;False;90f3214eae8356ee;[];[Stiker]
2331;129;0;22623864.0;sticker/webp;;[];False;False;a8f0b1f4577c3e76;[];[Stiker]
2332;129;0;22623869.0;sticker/webp;;[];False;False;a8f0b1f4577c3e76;[];[Stiker]
2333;129;0;22623883.0;sticker/webp;;[];False;False;a8f0b1f4577c3e76;[];[Stiker]
2334;129;0;22623896.0;sticker/webp;;[];False;False;a8f0b1f4577c3e76;[];[Stiker]
2335;129;0;22624048.0;sticker/webp;;[];False;False;73096f25fb4a1cc8;[];[Stiker]
2336;129;0;22624049.0;sticker/webp;;[];False;False;73096f25fb4a1cc8;[];[Stiker]
2337;129;0;22624055.0;sticker/webp;;[];False;False;f7ca26a5c7810c80;[];[Stiker]
2338;129;0;22624060.0;sticker/webp;;[];False;False;f7ca26a5c7810c80;[];[Stiker]
2339;129;0;22624068.0;sticker/webp;;[];False;False;f7ca26a5c7810c80;[];[Stiker]
2340;129;0;22624076.0;sticker/webp;;[];False;False;f7ca26a5c7810c80;[];[Stiker]
2341;129;0;22624091.0;sticker/webp;;[];False;False;90afb96b74df9584;[];[Stiker]
2342;129;0;22624142.0;sticker/webp;;[];False;False;80598fc96722b883;[];[Stiker]
2343;129;0;22624145.0;sticker/webp;;[];False;False;80598fc96722b883;[];[Stiker]
2344;129;0;22624249.0;sticker/webp;;[];False;False;90afb96b74df9584;[];[Stiker]
2345;130;0;22629321.0;sticker/webp;;[];False;False;ea6e139a242ae687;[];[Stiker]
2346;130;0;22629322.0;sticker/webp;;[];False;False;ea6e139a242ae687;[];[Stiker]
2347;130;0;22629327.0;sticker/webp;;[];False;False;ea6e139a242ae687;[];[Stiker]
2348;130;0;22629330.0;sticker/webp;;[];False;False;ea6e139a242ae687;[];[Stiker]
2349;131;0;22636418.0;sticker/webp;;[];False;False;f0dde01e023a5458;[];[Stiker]
2350;131;0;22636419.0;sticker/webp;;[];False;False;f0dde01e023a5458;[];[Stiker]
2351;131;0;22636448.0;sticker/webp;;[];False;False;ea6e139a242ae687;[];[Stiker]
2352;131;0;22636450.0;sticker/webp;;[];False;False;4cdfd58590037079;[];[Stiker]
2353;131;0;22636479.0;sticker/webp;;[];False;False;4d58e45607d4f574;[];[Stiker]
2354;131;0;22636482.0;sticker/webp;;[];False;False;4d58e45607d4f574;[];[Stiker]
2355;131;0;22636500.0;sticker/webp;;[];False;False;f0dde01e023a5458;[];[Stiker]
2356;131;0;22636505.0;sticker/webp;;[];False;False;f0dde01e023a5458;[];[Stiker]
2357;131;0;22636676.0;sticker/webp;;[];False;False;123699db38418d68;[];[Stiker]
2358;131;0;22636678.0;sticker/webp;;[];False;False;123699db38418d68;[];[Stiker]
2359;131;0;22636726.0;sticker/webp;;[];False;False;4cdfd58590037079;[];[Stiker]
2360;131;0;22637528.0;sticker/webp;;[];False;False;90f3214eae8356ee;[];[Stiker]
2361;132;0;22656758.0;sticker/webp;;[];False;False;4ee8712e865c6a22;[];[Stiker]
2362;132;0;22658596.0;sticker/webp;;[];False;False;4f0f6eede0886bca;[];[Stiker]
2363;132;0;22658746.0;sticker/webp;;[];False;False;4d58e45607d4f574;[];[Stiker]
2364;132;0;22659226.0;sticker/webp;;[];False;False;6bd5450b1c6778b3;[];[Stiker]
2365;132;0;22659227.0;sticker/webp;;[];False;False;6bd5450b1c6778b3;[];[Stiker]
2366;132;0;22659230.0;sticker/webp;;[];False;False;6bd5450b1c6778b3;[];[Stiker]
2367;132;1-10;22660006.0;text;;[];False;False;9c74113f6aff898c;[];anjay
2368;132;1-10;22660019.0;text;;[];False;False;9c74113f6aff898c;[];gitu
2369;132;1-10;22660027.0;text;;[];False;False;9c74113f6aff898c;[];hayuk
2370;132;1-10;22660031.0;text;;[];False;False;9c74113f6aff898c;[];gitu
2371;132;1-10;22660042.0;text;;[];False;False;90afb96b74df9584;[];Goks.
2372;132;1-10;22660047.0;text;;[];False;False;a93e7ee9056aeb09;[];goks
2373;132;1-10;22660099.0;text;;[];False;False;123699db38418d68;[];woles
2374;132;11-50;22660106.0;text;;[];False;False;123699db38418d68;[];duit bulanan blm dikirim
2375;132;0;22660120.0;sticker/webp;;[];False;False;9e7c75b621f205db;[];[Stiker]
2376;132;1-10;22660127.0;text;;[];False;False;80598fc96722b883;[];gitu!!!
2377;132;1-10;22660149.0;text;;[];False;False;90afb96b74df9584;[];Gini.
2378;132;0;22660231.0;sticker/webp;;[];False;False;8707be39802cd9af;[];[Stiker]
2379;132;0;22660263.0;sticker/webp;;[];False;False;bbbaf4fd4892d8eb;[];[Stiker]
2380;132;0;22660282.0;sticker/webp;;[];False;False;a5f34109eb57020f;[];[Stiker]
2381;132;0;22660283.0;sticker/webp;;[];False;False;8707be39802cd9af;[];[Stiker]
2382;132;0;22660345.0;sticker/webp;;[];False;False;4d58e45607d4f574;[];[Stiker]
2383;132;0;22660409.0;sticker/webp;2381.0;[];False;False;16be1d7c5bae817f;[];[Stiker]
2384;132;0;22660432.0;sticker/webp;;[];False;False;16be1d7c5bae817f;[];[Stiker]
2385;132;0;22660503.0;sticker/webp;;[];False;False;1e479cd01dc43717;[];[Stiker]
2386;132;1-10;22660586.0;text;;[];False;False;a5f34109eb57020f;[];gini
2387;132;11-50;22660594.0;text;;[];False;False;a5f34109eb57020f;[];playlist lo yang mana... sih
2388;132;0;22660662.0;sticker/webp;;[];False;False;4d58e45607d4f574;[];[Stiker]
2389;132;0;22660668.0;sticker/webp;;[];False;False;4d58e45607d4f574;[];[Stiker]
2390;132;0;22660669.0;sticker/webp;;[];False;False;4d58e45607d4f574;[];[Stiker]
2391;132;0;22660841.0;sticker/webp;;[];False;False;6bd5450b1c6778b3;[];[Stiker]
2392;132;11-50;22661012.0;text;;[];False;False;a5f34109eb57020f;[];gw baru aja ketemu mantan
2393;132;0;22661319.0;sticker/webp;;[];False;False;f7ca26a5c7810c80;[];[Stiker]
2394;132;0;22661420.0;sticker/webp;;[];False;False;194bc109b7f66873;[];[Stiker]
2395;132;51-100;22661500.0;text;2313.0;[];False;False;4f0f6eede0886bca;[];Adek gw mau masuk kuliah tahun depan gw harus bantu cariin info jurusan.
2396;132;1-10;22661524.0;text;;[];False;False;a5f34109eb57020f;[];woles
2397;132;11-50;22661544.0;text;;[];False;False;dd1510013d6b16a7;[];adek gw masuk SMA tahun ini
2398;132;11-50;22661545.0;text;;[];False;False;a5f34109eb57020f;[];gw lagi marathon drakor... nih
2399;132;11-50;22661545.0;text;;[];False;False;a5f34109eb57020f;[];film baru di bioskop bagus ga...
2400;132;1-10;22661547.0;text;;[];False;False;a5f34109eb57020f;[];woles
2401;132;0;22661561.0;sticker/webp;;[];False;False;dd1510013d6b16a7;[];[Stiker]
2402;132;0;22661584.0;sticker/webp;;[];False;False;a5f34109eb57020f;[];[Stiker]
2403;132;0;22661589.0;sticker/webp;;[];False;False;a5f34109eb57020f;[];[Stiker]
2404;132;0;22661642.0;sticker/webp;;[];False;False;4d58e45607d4f574;[];[Stiker]
2405;132;0;22661669.0;sticker/webp;;[];False;False;6bd5450b1c6778b3;[];[Stiker]
2406;132;0;22661858.0;system;;[];False;False;6d78c0cd669db3d3;[];[Pesan sistem]
2407;132;0;22662968.0;sticker/webp;;[];False;False;4f0f6eede0886bca;[];[Stiker]
2408;132;0;22666186.0;sticker/webp;;[];False;False;f0dde01e023a5458;[];[Stiker]
2409;133;0;22715839.0;sticker/webp;;[];False;False;4cdfd58590037079;[];[Stiker]
2410;133;0;22725490.0;sticker/webp;;[];False;False;1a5dd65bdf0c3d62;[];[Stiker]
2411;133;0;22725528.0;sticker/webp;;[];False;False;4ee8712e865c6a22;[];[Stiker]
2412;133;0;22725561.0;sticker/webp;;[];False;False;6bd5450b1c6778b3;[];[Stiker]
2413;133;0;22725572.0;sticker/webp;;[];False;False;4d58e45607d4f574;[];[Stiker]
2414;133;0;22725584.0;sticker/webp;;[];False;False;f7ca26a5c7810c80;[];[Stiker]
2415;133;0;22725614.0;sticker/webp;;[];False;False;1e479cd01dc43717;[];[Stiker]
2416;133;0;22725627.0;sticker/webp;;[];False;False;6bd5450b1c6778b3;[];[Stiker]
2417;133;0;22725663.0;sticker/webp;;[];False;False;6bd5450b1c6778b3;[];[Stiker]
2418;133;0;22725733.0;sticker/webp;;[];False;False;4ee8712e865c6a22;[];[Stiker]
2419;133;0;22725757.0;sticker/webp;;[];False;False;6bd5450b1c6778b3;[];[Stiker]
2420;133;0;22725762.0;sticker/webp;;[];False;False;90afb96b74df9584;[];[Stiker]
2421;133;0;22725930.0;sticker/webp;;[];False;False;4ee8712e865c6a22;[];[Stiker]
2422;133;0;22726024.0;sticker/webp;;[];False;False;f0dde01e023a5458;[];[Stiker]
2423;133;0;22726104.0;sticker/webp;;[];False;False;d5dac0683caba4eb;[];[Stiker]
2424;133;0;22726131.0;sticker/webp;;[];False;False;4ee8712e865c6a22;[];[Stiker]
2425;133;0;22726199.0;sticker/webp;;[];False;False;f0dde01e023a5458;[];[Stiker]
2426;133;0;22726272.0;sticker/webp;;[];False;False;4d58e45607d4f574;[];[Stiker]
2427;133;0;22726832.0;sticker/webp;;[];False;False;6bd5450b1c6778b3;[];[Stiker]
2428;134;0;22729762.0;sticker/webp;;[];False;False;f7ca26a5c7810c80;[];[Stiker]
2429;134;0;22729764.0;sticker/webp;;[];False;False;f7ca26a5c7810c80;[];[Stiker]
2430;134;0;22729804.0;sticker/webp;;[];False;False;4d58e45607d4f574;[];[Stiker]
2431;134;0;22729831.0;sticker/webp;;[];False;False;4ee8712e865c6a22;[];[Stiker]
2432;134;0;22729835.0;sticker/webp;;[];False;False;4d58e45607d4f574;[];[Stiker]
2433;134;0;22729836.0;sticker/webp;;[];False;False;f7ca26a5c7810c80;[];[Stiker]
2434;134;0;22729840.0;sticker/webp;;[];False;False;f7ca26a5c7810c80;[];[Stiker]
2435;134;0;22729844.0;sticker/webp;;[];False;False;f7ca26a5c7810c80;[];[Stiker]
2436;134;0;22729864.0;sticker/webp;;[];False;False;4d58e45607d4f574;[];[Stiker]
2437;134;0;22729868.0;sticker/webp;;[];False;False;4d58e45607d4f574;[];[Stiker]
2438;134;0;22729870.0;sticker/webp;;[];False;False;4d58e45607d4f574;[];[Stiker]
2439;134;0;22729888.0;sticker/webp;;[];False;False;4ee8712e865c6a22;[];[Stiker]
2440;134;0;22730273.0;sticker/webp;;[];False;False;4f0f6eede0886bca;[];[Stiker]
2441;134;0;22731043.0;sticker/webp;;[];False;False;7e4e007e7f8c7037;[];[Stiker]
2442;134;0;22736192.0;sticker/webp;2425.0;[];False;False;d5dac0683caba4eb;[];[Stiker]
2443;135;0;22743142.0;sticker/webp;;[];False;False;4d58e45607d4f574;[];[Stiker]
2444;135;0;22743150.0;sticker/webp;;[];False;False;4d58e45607d4f574;[];[Stiker]
2445;135;0;22743151.0;sticker/webp;;[];False;False;4d58e45607d4f574;[];[Stiker]
2446;135;0;22743173.0;sticker/webp;;[];False;False;f0dde01e023a5458;[];[Stiker]
2447;136;0;22754508.0;system;;[];False;False;5654828e28249ac1;[];[Pesan sistem]
2448;136;0;22754587.0;sticker/webp;;[];False;False;f065aa17eb6be37a;[];[Stiker]
2449;136;0;22754588.0;sticker/webp;;[];False;False;f065aa17eb6be37a;[];[Stiker]
2450;136;0;22754591.0;sticker/webp;;[];False;False;f065aa17eb6be37a;[];[Stiker]
2451;136;0;22754598.0;sticker/webp;;[];False;False;f065aa17eb6be37a;[];[Stiker]
2452;136;0;22754598.0;sticker/webp;;[];False;False;f065aa17eb6be37a;[];[Stiker]
2453;136;0;22754607.0;sticker/webp;;[];False;False;f065aa17eb6be37a;[];[Stiker]
2454;136;0;22754615.0;sticker/webp;;[];False;False;f065aa17eb6be37a;[];[Stiker]
2455;136;0;22754621.0;sticker/webp;;[];False;False;f065aa17eb6be37a;[];[Stiker]
2456;136;0;22754622.0;sticker/webp;;[];False;False;f065aa17eb6be37a;[];[Stiker]
2457;136;0;22754628.0;sticker/webp;;[];False;False;f065aa17eb6be37a;[];[Stiker]
2458;136;0;22754632.0;sticker/webp;;[];False;False;f065aa17eb6be37a;[];[Stiker]
2459;136;0;22754634.0;sticker/webp;;[];False;False;f065aa17eb6be37a;[];[Stiker]
2460;136;0;22754724.0;sticker/webp;;[];False;False;4d58e45607d4f574;[];[Stiker]
2461;136;0;22754768.0;sticker/webp;;[];False;False;f065aa17eb6be37a;[];[Stiker]
2462;136;0;22754921.0;sticker/webp;;[];False;False;bbbaf4fd4892d8eb;[];[Stiker]
2463;136;0;22754956.0;sticker/webp;;[];False;False;9e7c75b621f205db;[];[Stiker]
2464;136;0;22754969.0;sticker/webp;2461.0;[];False;False;4d58e45607d4f574;[];[Stiker]
2465;136;0;22754975.0;sticker/webp;;[];False;False;f065aa17eb6be37a;[];[Stiker]
2466;136;0;22755049.0;sticker/webp;;[];False;False;f065aa17eb6be37a;[];[Stiker]
2467;136;0;22755161.0;sticker/webp;;[];False;False;8d732d6ecb8e49df;[];[Stiker]
2468;136;0;22755209.0;sticker/webp;;[];False;False;f065aa17eb6be37a;[];[Stiker]
2469;136;0;22755245.0;sticker/webp;;[];False;False;8d732d6ecb8e49df;[];[Stiker]
2470;136;0;22755284.0;sticker/webp;;[];False;False;f0dde01e023a5458;[];[Stiker]
2471;136;0;22755285.0;sticker/webp;;[];False;False;f065aa17eb6be37a;[];[Stiker]
2472;136;0;22755292.0;sticker/webp;;[];False;False;f0dde01e023a5458;[];[Stiker]
2473;136;0;22755324.0;sticker/webp;;[];False;False;b4c24eb9b14888c9;[];[Stiker]
2474;136;0;22755328.0;sticker/webp;;[];False;False;b4c24eb9b14888c9;[];[Stiker]
2475;136;0;22755335.0;sticker/webp;;[];False;False;b4c24eb9b14888c9;[];[Stiker]
2476;136;0;22755339.0;sticker/webp;;[];False;False;b4c24eb9b14888c9;[];[Stiker]
2477;136;0;22755340.0;sticker/webp;;[];False;False;b4c24eb9b14888c9;[];[Stiker]
2478;136;0;22755342.0;sticker/webp;;[];False;False;b4c24eb9b14888c9;[];[Stiker]
2479;136;0;22755360.0;sticker/webp;;[];False;False;b4c24eb9b14888c9;[];[Stiker]
2480;136;0;22755376.0;sticker/webp;;[];False;False;b4c24eb9b14888c9;[];[Stiker]
2481;136;0;22755379.0;sticker/webp;;[];False;False;b4c24eb9b14888c9;[];[Stiker]
2482;136;0;22755379.0;sticker/webp;;[];False;False;b4c24eb9b14888c9;[];[Stiker]
2483;136;0;22755380.0;sticker/webp;;[];False;False;b4c24eb9b14888c9;[];[Stiker]
2484;136;0;22755387.0;sticker/webp;;[];False;False;b4c24eb9b14888c9;[];[Stiker]
2485;136;0;22755405.0;sticker/webp;;[];False;False;8d732d6ecb8e49df;[];[Stiker]
2486;136;0;22755406.0;sticker/webp;;[];False;False;8d732d6ecb8e49df;[];[Stiker]
2487;136;0;22755409.0;sticker/webp;;[];False;False;8d732d6ecb8e49df;[];[Stiker]
2488;136;11-50;22755934.0;text;;[];False;False;f065aa17eb6be37a;['b4c24eb9b14888c9'];bokap gw lagi di luar kota
2489;136;0;22755935.0;sticker/webp;;[];False;False;f065aa17eb6be37a;[];[Stiker]
2490;136;0;22755941.0;sticker/webp;;[];False;False;f065aa17eb6be37a;[];[Stiker]
2491;136;0;22755942.0;sticker/webp;;[];False;False;f065aa17eb6be37a;[];[Stiker]
2492;136;0;22755944.0;sticker/webp;;[];False;False;f065aa17eb6be37a;[];[Stiker]
2493;136;0;22755945.0;sticker/webp;;[];False;False;f065aa17eb6be37a;[];[Stiker]
2494;136;0;22755957.0;sticker/webp;;[];False;False;b4c24eb9b14888c9;[];[Stiker]
2495;136;11-50;22756697.0;text;;[];False;False;f0dde01e023a5458;[];gw baru aja ketemu mantan
2496;136;0;22756772.0;sticker/webp;;[];False;False;79eea162743f05be;[];[Stiker]
2497;136;1-10;22756791.0;text;2495.0;['🚿', '🧼'];False;False;f065aa17eb6be37a;[];hayuk
2498;136;0;22756802.0;sticker/webp;;[];False;False;79eea162743f05be;[];[Stiker]
2499;136;0;22756808.0;sticker/webp;;[];False;False;79eea162743f05be;[];[Stiker]
2500;136;1-10;22756821.0;text;;[];False;False;f0dde01e023a5458;[];yess
2501;136;0;22756853.0;sticker/webp;;[];False;False;4cdfd58590037079;[];[Stiker]
2502;136;0;22756856.0;sticker/webp;;[];False;False;79eea162743f05be;[];[Stiker]
2503;136;0;22756899.0;sticker/webp;;[];False;False;f0dde01e023a5458;[];[Stiker]
2504;136;0;22756915.0;sticker/webp;;[];False;False;f0dde01e023a5458;[];[Stiker]
2505;136;0;22756928.0;sticker/webp;;[];False;False;f0dde01e023a5458;[];[Stiker]
2506;136;0;22756946.0;sticker/webp;;[];False;False;79eea162743f05be;[];[Stiker]
2507;136;0;22756953.0;sticker/webp;;[];False;False;ea6e139a242ae687;[];[Stiker]
2508;136;0;22756957.0;sticker/webp;;[];False;False;ea6e139a242ae687;[];[Stiker]
2509;136;0;22756982.0;sticker/webp;;[];False;False;f065aa17eb6be37a;[];[Stiker]
2510;136;0;22756985.0;sticker/webp;;[];False;False;f065aa17eb6be37a;[];[Stiker]
2511;136;0;22756986.0;sticker/webp;;[];False;False;f065aa17eb6be37a;[];[Stiker]
2512;136;0;22756986.0;sticker/webp;;[];False;False;f065aa17eb6be37a;[];[Stiker]
2513;136;0;22757001.0;sticker/webp;;[];False;False;ea6e139a242ae687;[];[Stiker]
2514;136;0;22757005.0;sticker/webp;;[];False;False;ea6e139a242ae687;[];[Stiker]
2515;136;0;22757013.0;sticker/webp;;[];False;False;ea6e139a242ae687;[];[Stiker]
2516;136;0;22757025.0;sticker/webp;;[];False;False;f065aa17eb6be37a;[];[Stiker]
2517;136;0;22757044.0;sticker/webp;;[];False;False;ea6e139a242ae687;[];[Stiker]
2518;136;11-50;22757069.0;text;;[];False;False;3c32ebe2a62f5d89;[];duit bulanan blm dikirim
2519;136;0;22757093.0;sticker/webp;;[];False;False;f0dde01e023a5458;[];[Stiker]
2520;136;0;22757118.0;sticker/webp;;[];False;False;ea6e139a242ae687;[];[Stiker]
2521;136;0;22757136.0;sticker/webp;;[];False;False;ea6e139a242ae687;[];[Stiker]
2522;136;11-50;22757138.0;text;2516.0;[];False;False;dd1510013d6b16a7;[];adek gw masuk SMA tahun ini
2523;136;11-50;22757166.0;text;;[];False;False;f065aa17eb6be37a;[];gw kangennnn masakan rumahh
2524;136;1-10;22757172.0;text;;[];False;False;f065aa17eb6be37a;[];gitu
2525;136;1-10;22757185.0;text;;[];False;False;3c32ebe2a62f5d89;[];goks
2526;136;0;22757193.0;sticker/webp;2525.0;[];False;False;f065aa17eb6be37a;[];[Stiker]
2527;136;0;22757266.0;sticker/webp;;[];False;False;f7ca26a5c7810c80;[];[Stiker]
2528;136;0;22757304.0;sticker/webp;;[];False;False;f065aa17eb6be37a;[];[Stiker]
2529;136;0;22757358.0;sticker/webp;;[];False;False;ea6e139a242ae687;[];[Stiker]
2530;136;0;22757391.0;sticker/webp;;[];False;False;f0dde01e023a5458;[];[Stiker]
2531;136;0;22757391.0;sticker/webp;;[];False;False;ea6e139a242ae687;[];[Stiker]
2532;136;0;22757395.0;sticker/webp;;[];False;False;f0dde01e023a5458;[];[Stiker]
2533;136;0;22757396.0;sticker/webp;;[];False;False;f0dde01e023a5458;[];[Stiker]
2534;136;0;22757404.0;sticker/webp;;[];False;False;f0dde01e023a5458;[];[Stiker]
2535;136;0;22757405.0;sticker/webp;;[];False;False;f0dde01e023a5458;[];[Stiker]
2536;136;0;22757415.0;sticker/webp;;[];False;False;f0dde01e023a5458;[];[Stiker]
2537;136;0;22757416.0;sticker/webp;;[];False;False;f0dde01e023a5458;[];[Stiker]
2538;136;0;22757416.0;sticker/webp;;[];False;False;f0dde01e023a5458;[];[Stiker]
2539;136;0;22757419.0;sticker/webp;;[];False;False;f0dde01e023a5458;[];[Stiker]
2540;136;0;22757427.0;sticker/webp;;[];False;False;ea6e139a242ae687;[];[Stiker]
2541;136;0;22757430.0;sticker/webp;;[];False;False;8d732d6ecb8e49df;[];[Stiker]
2542;136;0;22757430.0;sticker/webp;;[];False;False;8d732d6ecb8e49df;[];[Stiker]
2543;136;0;22757454.0;sticker/webp;;[];False;False;f0dde01e023a5458;[];[Stiker]
2544;136;0;22757498.0;sticker/webp;;[];False;False;f065aa17eb6be37a;[];[Stiker]
2545;136;0;22757501.0;sticker/webp;;[];False;False;8d732d6ecb8e49df;[];[Stiker]
2546;136;11-50;22757524.0;text;2541.0;[];False;False;9e7c75b621f205db;['364a8fe133736028'];BOKAP GW LAGI DI LUAR KOTA
2547;136;0;22757528.0;sticker/webp;;[];False;False;9e7c75b621f205db;[];[Stiker]
2548;136;0;22757529.0;sticker/webp;;[];False;False;8d732d6ecb8e49df;[];[Stiker]
2549;136;0;22757790.0;sticker/webp;;[];False;False;e501200c0b7eac9c;[];[Stiker]
2550;137;0;22759362.0;sticker/webp;;[];False;False;73096f25fb4a1cc8;[];[Stiker]
2551;137;0;22759984.0;sticker/webp;;[];False;False;73096f25fb4a1cc8;[];[Stiker]
2552;137;0;22759986.0;sticker/webp;;[];False;False;73096f25fb4a1cc8;[];[Stiker]
2553;137;11-50;22759995.0;text;;[];False;False;73096f25fb4a1cc8;[];kita ketemuan,,, dimana aja deh
2554;137;0;22760171.0;sticker/webp;;[];False;False;a97f37c8647d92f5;[];[Stiker]
2555;137;0;22760172.0;sticker/webp;;[];False;False;a97f37c8647d92f5;[];[Stiker]
2556;137;0;22760179.0;sticker/webp;;[];False;False;a97f37c8647d92f5;[];[Stiker]
2557;137;0;22760181.0;sticker/webp;;[];False;False;a97f37c8647d92f5;[];[Stiker]
2558;137;0;22760181.0;sticker/webp;;[];False;False;a97f37c8647d92f5;[];[Stiker]
2559;137;0;22760182.0;sticker/webp;;[];False;False;a97f37c8647d92f5;[];[Stiker]
2560;137;0;22761587.0;sticker/webp;;[];False;False;6af7bb586586c6eb;[];[Stiker]
2561;138;11-50;22767472.0;text;;[];False;False;bbbaf4fd4892d8eb;[];bokap gw lagi di luar kota
2562;138;0;22767488.0;sticker/webp;;[];False;False;bbbaf4fd4892d8eb;[];[Stiker]
2563;138;1-10;22767496.0;text;;[];False;False;bbbaf4fd4892d8eb;[];mager
2564;139;0;22785251.0;sticker/webp;;[];False;False;8707be39802cd9af;[];[Stiker]
2565;139;0;22785846.0;sticker/webp;;[];False;False;6af7bb586586c6eb;[];[Stiker]
2566;139;0;22786104.0;sticker/webp;;[];False;False;8707be39802cd9af;[];[Stiker]
2567;139;0;22786214.0;sticker/webp;;[];False;False;90f3214eae8356ee;[];[Stiker]
2568;139;0;22786234.0;sticker/webp;;[];False;False;8707be39802cd9af;[];[Stiker]
2569;139;0;22786250.0;sticker/webp;;[];False;False;6bd5450b1c6778b3;[];[Stiker]
2570;139;0;22786341.0;sticker/webp;;[];False;False;df29bba03ae28a9e;[];[Stiker]
2571;139;0;22788489.0;sticker/webp;;[];False;False;3f5b42a78489ad8a;[];[Stiker]
2572;140;0;22805506.0;sticker/webp;;[];False;False;623877339c2f66a9;[];[Stiker]
2573;140;0;22805515.0;sticker/webp;;[];False;False;f0dde01e023a5458;[];[Stiker]
2574;140;0;22805520.0;sticker/webp;;[];False;False;da49c8d72ca53786;[];[Stiker]
2575;140;0;22805649.0;sticker/webp;;[];False;False;da49c8d72ca53786;[];[Stiker]
2576;140;0;22805680.0;sticker/webp;;[];False;False;4d58e45607d4f574;[];[Stiker]
2577;140;1-10;22805691.0;text;;[];False;False;37c64e3b720ac7bd;[];lol
2578;140;0;22805721.0;sticker/webp;;[];False;False;f0dde01e023a5458;[];[Stiker]
2579;140;0;22805765.0;sticker/webp;;[];False;False;4d58e45607d4f574;[];[Stiker]
2580;140;11-50;22806598.0;text;;[];False;False;364a8fe133736028;[];indomie telor udah cukup kok
2581;140;11-50;22806602.0;text;;[];False;False;364a8fe133736028;[];masak sendiri lebih hemat sih
2582;140;1-10;22806623.0;text;;['😦'];False;False;37c64e3b720ac7bd;[];bro
2583;140;0;22807282.0;sticker/webp;;[];False;False;8d732d6ecb8e49df;[];[Stiker]
2584;140;11-50;22807592.0;text;;[];False;False;a5f34109eb57020f;[];gw lagi diet... tapi gagal... mulu
2585;140;11-50;22807622.0;text;;[];True;False;9c8127c927b3344b;[];itu beneran apa,,, hoax?
2586;140;11-50;22807638.0;text;;[];False;False;a5f34109eb57020f;[];tadi gw makan nasi padang
2587;140;0;22808115.0;sticker/webp;;[];False;False;4d58e45607d4f574;[];[Stiker]
2588;140;11-50;22808535.0;text;;[];True;False;f5de672dc74a9f57;[];itu beneran apa hoax?
2589;140;0;22808552.0;sticker/webp;;[];False;False;dbc9b15db5694d60;[];[Stiker]
2590;140;0;22808666.0;sticker/webp;;[];False;False;a5f34109eb57020f;[];[Stiker]
2591;140;0;22808684.0;sticker/webp;;[];False;False;dd1510013d6b16a7;[];[Stiker]
2592;140;0;22808864.0;system;;[];False;False;43ee5e057b23eaf2;[];[Pesan sistem]
2593;140;0;22809751.0;sticker/webp;;[];False;False;364a8fe133736028;[];[Stiker]
2594;140;0;22810580.0;sticker/webp;;[];False;False;dd1510013d6b16a7;[];[Stiker]
2595;140;0;22810581.0;sticker/webp;;[];False;False;dd1510013d6b16a7;[];[Stiker]
2596;140;0;22810834.0;sticker/webp;;[];False;False;f0dde01e023a5458;[];[Stiker]
2597;140;0;22811846.0;sticker/webp;;[];False;False;1e4790915a2f57fa;[];[Stiker]
2598;140;0;22812190.0;sticker/webp;;[];False;False;0f3a682143988852;[];[Stiker]
2599;140;0;22812220.0;sticker/webp;;[];False;False;f7ca26a5c7810c80;[];[Stiker]
2600;140;0;22812451.0;sticker/webp;;[];False;False;0f3a682143988852;[];[Stiker]
2601;140;0;22812646.0;sticker/webp;;[];False;False;4f0f6eede0886bca;[];[Stiker]
2602;140;0;22812720.0;sticker/webp;;[];False;False;0f3a682143988852;[];[Stiker]
2603;140;0;22813013.0;sticker/webp;;[];False;False;dbc9b15db5694d60;[];[Stiker]
2604;140;0;22813099.0;sticker/webp;;[];False;False;0f3a682143988852;[];[Stiker]
2605;140;0;22813193.0;sticker/webp;;[];False;False;4f0f6eede0886bca;[];[Stiker]
2606;140;0;22813228.0;sticker/webp;;[];False;False;937094946627b75f;[];[Stiker]
2607;140;0;22813426.0;sticker/webp;;[];False;False;f7ca26a5c7810c80;[];[Stiker]
2608;140;0;22813503.0;sticker/webp;;[];False;False;0f3a682143988852;[];[Stiker]
2609;140;0;22814168.0;sticker/webp;;[];False;False;6bd5450b1c6778b3;[];[Stiker]
2610;140;0;22814792.0;sticker/webp;;[];False;False;4d58e45607d4f574;[];[Stiker]
2611;141;0;22816594.0;sticker/webp;;[];False;False;8707be39802cd9af;[];[Stiker]
2612;141;0;22816600.0;sticker/webp;;[];False;False;8707be39802cd9af;[];[Stiker]
2613;141;0;22816838.0;sticker/webp;;[];False;False;da49c8d72ca53786;[];[Stiker]
2614;142;0;22818587.0;sticker/webp;;[];False;False;80598fc96722b883;[];[Stiker]
2615;142;0;22818636.0;sticker/webp;;[];False;False;0f3a682143988852;[];[Stiker]
2616;142;0;22819046.0;sticker/webp;;[];False;False;37c64e3b720ac7bd;[];[Stiker]
2617;142;0;22819530.0;sticker/webp;;[];False;False;80598fc96722b883;[];[Stiker]
2618;142;0;22819957.0;sticker/webp;;[];False;False;4d58e45607d4f574;[];[Stiker]
2619;143;0;22824414.0;sticker/webp;;[];False;False;3b571f32dcb1e9ac;[];[Stiker]
2620;143;0;22825255.0;sticker/webp;;[];False;False;f0dde01e023a5458;[];[Stiker]
2621;144;0;22831128.0;sticker/webp;;[];False;False;3b571f32dcb1e9ac;[];[Stiker]
2622;144;0;22836968.0;sticker/webp;;[];False;False;c72c55881208d49a;[];[Stiker]
2623;144;0;22837305.0;sticker/webp;;[];False;False;a5f34109eb57020f;[];[Stiker]
2624;145;0;22841147.0;sticker/webp;;[];False;False;a5f34109eb57020f;[];[Stiker]
2625;145;0;22841234.0;sticker/webp;;[];False;False;4bed8c119d64bf0e;[];[Stiker]
2626;145;0;22841241.0;sticker/webp;;[];False;False;4bed8c119d64bf0e;[];[Stiker]
2627;145;0;22841243.0;sticker/webp;;[];False;False;4bed8c119d64bf0e;[];[Stiker]
2628;145;0;22841322.0;sticker/webp;;[];False;False;1e4790915a2f57fa;[];[Stiker]
2629;145;0;22841322.0;sticker/webp;;[];False;False;1e4790915a2f57fa;[];[Stiker]
2630;145;0;22841844.0;sticker/webp;;[];False;False;4d58e45607d4f574;[];[Stiker]
2631;145;0;22842086.0;sticker/webp;;[];False;False;a5f34109eb57020f;[];[Stiker]
2632;145;0;22842230.0;sticker/webp;;[];False;False;da49c8d72ca53786;[];[Stiker]
2633;145;0;22842233.0;sticker/webp;;[];False;False;f0dde01e023a5458;[];[Stiker]
2634;145;0;22842337.0;sticker/webp;;[];False;False;8707be39802cd9af;[];[Stiker]
2635;145;0;22842354.0;sticker/webp;2633.0;[];False;False;8707be39802cd9af;[];[Stiker]
2636;145;0;22842367.0;sticker/webp;;[];False;False;da49c8d72ca53786;[];[Stiker]
2637;145;0;22842428.0;sticker/webp;;[];False;False;f0dde01e023a5458;[];[Stiker]
2638;145;0;22842457.0;sticker/webp;;[];False;False;8707be39802cd9af;[];[Stiker]
2639;145;0;22842490.0;sticker/webp;;[];False;False;6bd5450b1c6778b3;[];[Stiker]
2640;145;0;22842587.0;sticker/webp;;[];False;False;f0dde01e023a5458;[];[Stiker]
2641;145;0;22842613.0;sticker/webp;;[];False;False;f0dde01e023a5458;[];[Stiker]
2642;145;0;22842661.0;sticker/webp;;[];False;False;6bd5450b1c6778b3;[];[Stiker]
2643;145;0;22842664.0;sticker/webp;;[];False;False;8707be39802cd9af;[];[Stiker]
2644;145;0;22842686.0;sticker/webp;;[];False;False;8707be39802cd9af;[];[Stiker]
2645;145;0;22842712.0;sticker/webp;;[];False;False;dbc9b15db5694d60;[];[Stiker]
2646;145;0;22842718.0;sticker/webp;;[];False;False;f0dde01e023a5458;[];[Stiker]
2647;145;0;22842760.0;sticker/webp;;[];False;False;6bd5450b1c6778b3;[];[Stiker]
2648;145;0;22842795.0;sticker/webp;2647.0;[];False;False;8707be39802cd9af;[];[Stiker]
2649;145;0;22842841.0;sticker/webp;;[];False;False;f0dde01e023a5458;[];[Stiker]
2650;145;0;22842850.0;sticker/webp;;[];False;False;6bd5450b1c6778b3;[];[Stiker]
2651;145;0;22842873.0;sticker/webp;;[];False;False;6bd5450b1c6778b3;[];[Stiker]
2652;145;0;22842905.0;sticker/webp;;[];False;False;f0dde01e023a5458;[];[Stiker]
2653;145;0;22842926.0;sticker/webp;;[];False;False;613c7c95dfa4e786;[];[Stiker]
2654;145;0;22842928.0;sticker/webp;;[];False;False;8707be39802cd9af;[];[Stiker]
2655;145;0;22842957.0;sticker/webp;;[];False;False;6bd5450b1c6778b3;[];[Stiker]
2656;145;0;22843073.0;sticker/webp;;[];False;False;dbc9b15db5694d60;[];[Stiker]
2657;145;0;22843164.0;sticker/webp;;[];False;False;6bd5450b1c6778b3;[];[Stiker]
2658;145;0;22843198.0;sticker/webp;;[];False;False;6bd5450b1c6778b3;[];[Stiker]
2659;145;0;22843209.0;sticker/webp;;[];False;False;8707be39802cd9af;[];[Stiker]
2660;145;0;22843211.0;sticker/webp;;[];False;False;f0dde01e023a5458;[];[Stiker]
2661;145;0;22843228.0;sticker/webp;;[];False;False;6bd5450b1c6778b3;[];[Stiker]
2662;145;0;22843230.0;sticker/webp;2659.0;[];False;False;f0dde01e023a5458;[];[Stiker]
2663;145;1-10;22843270.0;text;;[];False;False;613c7c95dfa4e786;[];wkwkw
2664;145;0;22843273.0;sticker/webp;;[];False;False;8707be39802cd9af;[];[Stiker]
2665;145;0;22843300.0;sticker/webp;;[];False;False;73096f25fb4a1cc8;[];[Stiker]
2666;145;0;22843334.0;sticker/webp;;[];False;False;f0dde01e023a5458;[];[Stiker]
2667;145;0;22843339.0;sticker/webp;;[];False;False;dbc9b15db5694d60;[];[Stiker]
2668;145;0;22844354.0;sticker/webp;;[];False;False;6bd5450b1c6778b3;[];[Stiker]
2669;145;0;22844901.0;sticker/webp;;[];False;False;4d58e45607d4f574;[];[Stiker]
2670;145;0;22844971.0;sticker/webp;;[];False;False;8707be39802cd9af;[];[Stiker]
2671;145;0;22846653.0;sticker/webp;;[];False;False;da49c8d72ca53786;[];[Stiker]
2672;146;0;22871674.0;sticker/webp;;[];False;False;6bd5450b1c6778b3;[];[Stiker]
2673;146;0;22880872.0;sticker/webp;;[];False;False;f0dde01e023a5458;[];[Stiker]
2674;146;0;22881016.0;sticker/webp;;[];False;False;da49c8d72ca53786;[];[Stiker]
2675;146;0;22881041.0;sticker/webp;;[];False;False;a5f34109eb57020f;[];[Stiker]
2676;146;1-10;22881133.0;text;;[];False;False;24c90f10eb051df0;[];hoki
2677;146;11-50;22881134.0;text;;[];False;False;24c90f10eb051df0;[];gym hari ini skip deh...
2678;146;0;22881157.0;sticker/webp;;[];False;False;1038241138e31451;[];[Stiker]
2679;146;0;22881174.0;sticker/webp;;[];False;False;bbbaf4fd4892d8eb;[];[Stiker]
2680;146;11-50;22881210.0;text;;[];True;False;7f979d29b75d1a71;[];masih bangun ga lu jam segini!!
2681;146;0;22881238.0;sticker/webp;;[];False;False;30d4a1410dd685a1;[];[Stiker]
2682;146;0;22881241.0;sticker/webp;;[];False;False;30d4a1410dd685a1;[];[Stiker]
2683;146;0;22881242.0;sticker/webp;;[];False;False;30d4a1410dd685a1;[];[Stiker]
2684;146;0;22881499.0;sticker/webp;;[];False;False;4bed8c119d64bf0e;[];[Stiker]
2685;146;0;22881713.0;sticker/webp;;[];False;False;a5f34109eb57020f;[];[Stiker]
2686;146;0;22881717.0;sticker/webp;;[];False;False;a5f34109eb57020f;[];[Stiker]
2687;146;0;22881735.0;sticker/webp;;[];False;False;a5f34109eb57020f;[];[Stiker]
2688;146;11-50;22881746.0;text;;[];False;False;dd1510013d6b16a7;[];badminton yuk sore... ini
2689;146;0;22881947.0;sticker/webp;;[];False;False;f0dde01e023a5458;[];[Stiker]
2690;146;0;22882002.0;sticker/webp;;[];False;False;8d732d6ecb8e49df;[];[Stiker]
2691;146;0;22882006.0;sticker/webp;;[];False;False;8d732d6ecb8e49df;[];[Stiker]
2692;147;0;22900475.0;sticker/webp;;[];False;False;f7ca26a5c7810c80;[];[Stiker]
2693;147;0;22900543.0;sticker/webp;;[];False;False;f0dde01e023a5458;[];[Stiker]
2694;147;0;22900697.0;sticker/webp;;[];False;False;4d58e45607d4f574;[];[Stiker]
2695;147;0;22900761.0;sticker/webp;;[];False;False;f0dde01e023a5458;[];[Stiker]
2696;147;0;22900920.0;sticker/webp;;[];False;False;4d58e45607d4f574;[];[Stiker]
2697;147;0;22901382.0;sticker/webp;;[];False;False;0725ac2da04749fe;[];[Stiker]
2698;147;0;22901427.0;sticker/webp;;[];False;False;0725ac2da04749fe;[];[Stiker]
2699;147;0;22902641.0;sticker/webp;;[];False;False;4d58e45607d4f574;[];[Stiker]
2700;147;0;22902855.0;sticker/webp;;[];False;False;bbbaf4fd4892d8eb;[];[Stiker]
2701;147;0;22902880.0;sticker/webp;;[];False;False;0f3a682143988852;[];[Stiker]
2702;148;0;22905883.0;sticker/webp;;[];False;False;f7ca26a5c7810c80;[];[Stiker]
2703;148;0;22906278.0;sticker/webp;;[];False;False;a5f34109eb57020f;[];[Stiker]
2704;148;1-10;22907442.0;text;;[];False;False;dd1510013d6b16a7;[];bet
2705;149;0;22922409.0;sticker/webp;;[];False;False;f7ca26a5c7810c80;[];[Stiker]
2706;149;0;22922411.0;sticker/webp;;[];False;False;f7ca26a5c7810c80;[];[Stiker]
2707;149;0;22922444.0;sticker/webp;;[];False;False;f0dde01e023a5458;[];[Stiker]
2708;149;0;22922496.0;sticker/webp;;[];False;False;4bed8c119d64bf0e;[];[Stiker]
2709;149;0;22922511.0;sticker/webp;;[];False;False;4bed8c119d64bf0e;[];[Stiker]
2710;149;0;22923148.0;sticker/webp;;[];False;False;133d859152344537;[];[Stiker]
2711;149;0;22923161.0;sticker/webp;;[];False;False;4bed8c119d64bf0e;[];[Stiker]
2712;149;0;22923163.0;sticker/webp;;[];False;False;0c2c98c96bf9dd79;[];[Stiker]
2713;149;0;22923173.0;sticker/webp;;[];False;False;9e7c75b621f205db;[];[Stiker]
2714;149;0;22923222.0;sticker/webp;;[];False;False;4bed8c119d64bf0e;[];[Stiker]
2715;149;0;22923315.0;sticker/webp;;[];False;False;133d859152344537;[];[Stiker]
2716;149;0;22923335.0;sticker/webp;;[];False;False;da49c8d72ca53786;[];[Stiker]
2717;149;0;22923442.0;sticker/webp;;[];False;False;4bed8c119d64bf0e;[];[Stiker]
2718;149;0;22923551.0;sticker/webp;;[];False;False;a5f34109eb57020f;[];[Stiker]
2719;149;0;22923748.0;sticker/webp;;[];False;False;da49c8d72ca53786;[];[Stiker]
2720;149;0;22923905.0;sticker/webp;;[];False;False;dbc9b15db5694d60;[];[Stiker]
2721;149;0;22923914.0;sticker/webp;;[];False;False;da49c8d72ca53786;[];[Stiker]
2722;149;0;22924641.0;sticker/webp;;[];False;False;a86d2d392c3bc9b1;[];[Stiker]
2723;149;0;22924650.0;sticker/webp;;[];False;False;a86d2d392c3bc9b1;[];[Stiker]
2724;149;0;22924676.0;sticker/webp;;[];False;False;4bed8c119d64bf0e;[];[Stiker]
2725;149;0;22924706.0;sticker/webp;;[];False;False;f0dde01e023a5458;[];[Stiker]
2726;149;0;22924731.0;sticker/webp;;[];False;False;4bed8c119d64bf0e;[];[Stiker]
2727;149;0;22924835.0;sticker/webp;;[];False;False;f0dde01e023a5458;[];[Stiker]
2728;149;0;22924985.0;sticker/webp;;[];False;False;dbc9b15db5694d60;[];[Stiker]
2729;149;0;22925013.0;sticker/webp;;[];False;False;dbc9b15db5694d60;[];[Stiker]
2730;149;11-50;22925276.0;text;;[];True;False;3b571f32dcb1e9ac;[];tugas dikumpul kapan sih?
2731;149;11-50;22925304.0;text;;[];False;False;a5f34109eb57020f;[];matkul ini susah banget
2732;149;11-50;22925308.0;text;;[];False;False;a5f34109eb57020f;[];gw lg ngerjain tugas nih
2733;149;11-50;22925388.0;text;;[];False;False;9f0039949f360220;[];lab komputer penuh terus
2734;149;11-50;22925389.0;text;;[];False;False;9f0039949f360220;[];tadi absen ga sih km
2735;149;11-50;22925392.0;text;;[];False;False;9f0039949f360220;[];matkul ni susah bgt
2736;149;11-50;22925403.0;text;;[];False;False;a5f34109eb57020f;[];deadline besok pagi bro
2737;149;1-10;22925421.0;text;;[];False;False;dd1510013d6b16a7;[];wkwk
2738;149;0;22925445.0;sticker/webp;;[];False;False;f0dde01e023a5458;[];[Stiker]
2739;149;0;22925462.0;sticker/webp;;[];False;False;9c8127c927b3344b;[];[Stiker]
2740;149;0;22925462.0;sticker/webp;;[];False;False;9c8127c927b3344b;[];[Stiker]
2741;149;0;22925470.0;sticker/webp;;[];False;False;9c8127c927b3344b;[];[Stiker]
2742;149;0;22925480.0;sticker/webp;;[];False;False;a02a57de46723d1c;[];[Stiker]
2743;149;0;22925482.0;sticker/webp;;[];False;False;f0dde01e023a5458;[];[Stiker]
2744;149;0;22925485.0;sticker/webp;;[];False;False;a02a57de46723d1c;[];[Stiker]
2745;149;0;22925492.0;sticker/webp;;[];False;False;a02a57de46723d1c;[];[Stiker]
2746;149;0;22925504.0;sticker/webp;;[];False;False;a5f34109eb57020f;[];[Stiker]
2747;149;11-50;22925518.0;text;;[];False;False;3b571f32dcb1e9ac;[];dosenn gw galakk bangettt sih
2748;149;0;22925520.0;sticker/webp;;[];False;False;4bed8c119d64bf0e;[];[Stiker]
2749;149;0;22925527.0;sticker/webp;;[];False;False;dae8154bdfb58fc3;[];[Stiker]
2750;149;11-50;22925536.0;text;;[];False;False;a5f34109eb57020f;[];presentasi gw amburadul
2751;149;0;22925549.0;sticker/webp;;[];False;False;f0dde01e023a5458;[];[Stiker]
2752;149;0;22925554.0;sticker/webp;;[];False;False;4bed8c119d64bf0e;[];[Stiker]
2753;149;0;22925577.0;sticker/webp;;[];False;False;a5f34109eb57020f;[];[Stiker]
2754;149;0;22925579.0;sticker/webp;;[];False;False;acb44dbed3a4cca9;[];[Stiker]
2755;149;0;22925582.0;sticker/webp;;[];False;False;acb44dbed3a4cca9;[];[Stiker]
2756;149;0;22925588.0;sticker/webp;;[];False;False;4bed8c119d64bf0e;[];[Stiker]
2757;149;0;22925596.0;sticker/webp;;[];False;False;acb44dbed3a4cca9;[];[Stiker]
2758;149;0;22925689.0;sticker/webp;;[];False;False;3b571f32dcb1e9ac;[];[Stiker]
2759;149;0;22925723.0;sticker/webp;;[];False;False;133d859152344537;[];[Stiker]
2760;149;0;22925752.0;sticker/webp;;[];False;False;c5e2280fb4776154;[];[Stiker]
2761;149;0;22925842.0;sticker/webp;;[];False;False;4bed8c119d64bf0e;[];[Stiker]
2762;149;0;22925846.0;sticker/webp;;[];False;False;4bed8c119d64bf0e;[];[Stiker]
2763;149;0;22926104.0;sticker/webp;;[];False;False;dbc9b15db5694d60;[];[Stiker]
2764;149;0;22926307.0;sticker/webp;;[];False;False;dae8154bdfb58fc3;[];[Stiker]
2765;149;0;22926342.0;sticker/webp;;[];False;False;133d859152344537;[];[Stiker]
2766;150;0;22928190.0;sticker/webp;;[];False;False;d5dac0683caba4eb;[];[Stiker]
2767;150;0;22928308.0;sticker/webp;;[];False;False;d5dac0683caba4eb;[];[Stiker]
2768;150;0;22928363.0;sticker/webp;;[];False;False;2cf86b0280f0e98f;[];[Stiker]
2769;150;0;22928367.0;sticker/webp;;[];False;False;2cf86b0280f0e98f;[];[Stiker]
2770;150;0;22928413.0;sticker/webp;;[];False;False;dd1510013d6b16a7;[];[Stiker]
2771;150;0;22928444.0;sticker/webp;2770.0;[];False;False;d5dac0683caba4eb;[];[Stiker]
2772;150;0;22928491.0;sticker/webp;;[];False;False;2cf86b0280f0e98f;[];[Stiker]
2773;150;0;22928505.0;sticker/webp;;[];False;False;d5dac0683caba4eb;[];[Stiker]
2774;150;0;22928561.0;sticker/webp;;[];False;False;2cf86b0280f0e98f;[];[Stiker]
2775;150;0;22928572.0;sticker/webp;;[];False;False;2cf86b0280f0e98f;[];[Stiker]
2776;150;0;22928634.0;sticker/webp;;[];False;False;d5dac0683caba4eb;[];[Stiker]
2777;150;0;22928689.0;sticker/webp;;[];False;False;2cf86b0280f0e98f;[];[Stiker]
2778;150;0;22928743.0;sticker/webp;;[];False;False;1e4790915a2f57fa;[];[Stiker]
2779;150;0;22928805.0;sticker/webp;;[];False;False;a5f34109eb57020f;[];[Stiker]
2780;150;0;22928807.0;sticker/webp;;[];False;False;2cf86b0280f0e98f;[];[Stiker]
2781;150;0;22928830.0;sticker/webp;;[];False;False;1e4790915a2f57fa;[];[Stiker]
2782;150;0;22928899.0;sticker/webp;;[];False;False;2cf86b0280f0e98f;[];[Stiker]
2783;150;11-50;22928935.0;text;;[];False;False;4bed8c119d64bf0e;[];futsal besok jadi ga
2784;150;0;22928987.0;sticker/webp;;[];False;False;2cf86b0280f0e98f;[];[Stiker]
2785;150;11-50;22929068.0;text;;[];False;False;dd1510013d6b16a7;[];game baru udah download belum...
2786;150;0;22929113.0;sticker/webp;;[];False;False;2cf86b0280f0e98f;[];[Stiker]
2787;150;0;22929113.0;sticker/webp;;[];False;False;2cf86b0280f0e98f;[];[Stiker]
2788;150;0;22929119.0;sticker/webp;;[];False;False;2cf86b0280f0e98f;[];[Stiker]
2789;150;11-50;22929358.0;text;;[];False;False;dd1510013d6b16a7;[];game baru udah download belum
2790;151;0;22975068.0;sticker/webp;;[];False;False;8d732d6ecb8e49df;[];[Stiker]
2791;151;0;22975153.0;sticker/webp;;[];False;False;a5f34109eb57020f;[];[Stiker]
2792;151;0;22976162.0;sticker/webp;;[];False;False;dbc9b15db5694d60;[];[Stiker]
2793;151;11-50;22976660.0;text;;[];False;False;f7ca26a5c7810c80;[];masak sendiri lebih hemat sih!!
2794;151;1-10;22976717.0;text;;[];False;False;f7ca26a5c7810c80;[];lol!!
2795;151;0;22976771.0;sticker/webp;;[];False;False;f7ca26a5c7810c80;[];[Stiker]
2796;151;0;22977260.0;sticker/webp;;[];False;False;4d58e45607d4f574;[];[Stiker]
2797;151;0;22977263.0;sticker/webp;;[];False;False;4d58e45607d4f574;[];[Stiker]
2798;151;0;22977264.0;sticker/webp;;[];False;False;4d58e45607d4f574;[];[Stiker]
2799;151;0;22977266.0;sticker/webp;;[];False;False;4d58e45607d4f574;[];[Stiker]
2800;151;11-50;22977287.0;text;;[];False;False;a5f34109eb57020f;[];indomie telor udah cukup kok
2801;151;0;22978517.0;sticker/webp;;[];False;False;a8f0b1f4577c3e76;[];[Stiker]
2802;151;11-50;22978725.0;text;;[];False;False;a5f34109eb57020f;[];gw lagi diet tapi gagal mulu
2803;151;11-50;22979318.0;text;;[];False;False;a8f0b1f4577c3e76;[];porsi makan gw nambah terus
2804;151;11-50;22979327.0;text;;[];False;False;a8f0b1f4577c3e76;[];gw mau pesen gofood dulu
2805;151;11-50;22979444.0;text;;[];True;False;1cca6eeac64e6a6e;[];itu beneran apa hoax?
2806;151;11-50;22979449.0;text;;[];False;False;1cca6eeac64e6a6e;[];Kopi susu yg biasa ya.
2807;151;0;22979470.0;system;;[];False;False;4d58e45607d4f574;[];[Pesan sistem]
2808;151;0;22979494.0;sticker/webp;;[];False;False;1e4790915a2f57fa;[];[Stiker]
2809;151;0;22979568.0;sticker/webp;;[];False;False;0f3a682143988852;[];[Stiker]
2810;151;0;22979591.0;sticker/webp;;[];False;False;0f3a682143988852;[];[Stiker]
2811;151;0;22979593.0;sticker/webp;;[];False;False;0f3a682143988852;[];[Stiker]
2812;151;0;22979598.0;sticker/webp;;[];False;False;f9546c8a3c4736ea;[];[Stiker]
2813;151;0;22979599.0;sticker/webp;;[];False;False;f9546c8a3c4736ea;[];[Stiker]
2814;151;0;22979623.0;sticker/webp;;[];False;False;0f3a682143988852;[];[Stiker]
2815;151;0;22979670.0;sticker/webp;;[];False;False;f0dde01e023a5458;[];[Stiker]
2816;151;0;22980024.0;sticker/webp;;[];False;False;133d859152344537;[];[Stiker]
2817;151;0;22980244.0;sticker/webp;;[];False;False;4bed8c119d64bf0e;[];[Stiker]
2818;151;0;22980362.0;sticker/webp;;[];False;False;133d859152344537;[];[Stiker]
2819;151;0;22980451.0;sticker/webp;;[];False;False;c8dfa86e8dc7df6b;[];[Stiker]
2820;151;0;22980504.0;sticker/webp;;[];False;False;c8dfa86e8dc7df6b;[];[Stiker]
2821;151;11-50;22982549.0;text;;[];True;False;499d10b7e54f80fb;[];tu beneran apa hoax?
2822;152;0;22983890.0;sticker/webp;;[];False;False;b06e171fb9b95ab7;[];[Stiker]
2823;152;0;22985023.0;sticker/webp;;[];False;False;4bed8c119d64bf0e;[];[Stiker]
2824;152;11-50;22985042.0;text;;[];True;False;f79ef9646cc03d69;[];siapa aja yg dateng?
2825;152;0;22985203.0;sticker/webp;;[];False;False;08898dd87b81ecbb;[];[Stiker]
2826;153;0;22986649.0;sticker/webp;;[];False;False;c8dfa86e8dc7df6b;[];[Stiker]
2827;153;0;22986670.0;sticker/webp;;[];False;False;c8dfa86e8dc7df6b;[];[Stiker]
2828;153;0;22986699.0;sticker/webp;;[];False;False;133d859152344537;[];[Stiker]
2829;153;0;22986732.0;sticker/webp;;[];False;False;2cf86b0280f0e98f;[];[Stiker]
2830;153;0;22986770.0;sticker/webp;;[];False;False;4bed8c119d64bf0e;[];[Stiker]
2831;153;0;22986825.0;sticker/webp;;[];False;False;133d859152344537;[];[Stiker]
2832;153;0;22987748.0;sticker/webp;;[];False;False;4bed8c119d64bf0e;[];[Stiker]
2833;153;51-100;22987893.0;text;;[];False;True;6bd5450b1c6778b3;[];seneng bgt gw dapet tawaran magang di perusahaan impian gw!
2834;153;0;22987936.0;sticker/webp;;[];False;False;16be1d7c5bae817f;[];[Stiker]
2835;153;0;22987982.0;sticker/webp;;[];False;False;4bed8c119d64bf0e;[];[Stiker]
2836;153;0;22988021.0;sticker/webp;;[];False;False;6bd5450b1c6778b3;[];[Stiker]
2837;153;0;22988028.0;sticker/webp;;[];False;False;135066e1e68c5866;[];[Stiker]
2838;153;0;22988041.0;sticker/webp;;[];False;False;bed5476afc721019;[];[Stiker]
2839;153;0;22988079.0;sticker/webp;;[];False;False;80598fc96722b883;[];[Stiker]
2840;153;0;22988080.0;sticker/webp;;[];False;False;80598fc96722b883;[];[Stiker]
2841;153;0;22988097.0;sticker/webp;;[];False;False;6bd5450b1c6778b3;[];[Stiker]
2842;153;11-50;22988151.0;text;;[];False;False;133d859152344537;[];gw berantem sama si anu!!
2843;153;1-10;22988152.0;text;;['😘'];False;False;6bd5450b1c6778b3;[];hihi
2844;153;0;22988172.0;sticker/webp;;[];False;False;c136b84c40ef262f;[];[Stiker]
2845;153;0;22988188.0;sticker/webp;;[];False;False;4bed8c119d64bf0e;[];[Stiker]
2846;153;0;22988197.0;sticker/webp;;[];False;False;b4c24eb9b14888c9;[];[Stiker]
2847;153;0;22988217.0;sticker/webp;;[];False;False;133d859152344537;[];[Stiker]
2848;153;0;22988237.0;sticker/webp;;[];False;False;c136b84c40ef262f;[];[Stiker]
2849;153;0;22988281.0;sticker/webp;;[];False;False;133d859152344537;[];[Stiker]
2850;153;0;22988419.0;sticker/webp;;[];False;False;c8dfa86e8dc7df6b;[];[Stiker]
2851;153;0;22988454.0;sticker/webp;;[];False;False;c8dfa86e8dc7df6b;[];[Stiker]
2852;153;0;22988702.0;sticker/webp;;[];False;False;133d859152344537;[];[Stiker]
2853;153;0;22988721.0;sticker/webp;;[];False;False;c8dfa86e8dc7df6b;[];[Stiker]
2854;153;0;22988743.0;sticker/webp;;[];False;False;c8dfa86e8dc7df6b;[];[Stiker]
2855;153;0;22988976.0;sticker/webp;;[];False;False;4bed8c119d64bf0e;[];[Stiker]
2856;153;0;22989020.0;sticker/webp;;[];False;False;2cf86b0280f0e98f;[];[Stiker]
2857;153;0;22989192.0;sticker/webp;;[];False;False;4bed8c119d64bf0e;[];[Stiker]
2858;153;0;22989620.0;sticker/webp;;[];False;False;9f0039949f360220;[];[Stiker]
2859;153;0;22989632.0;sticker/webp;2856.0;[];False;False;4f0f6eede0886bca;[];[Stiker]
2860;153;0;22989635.0;sticker/webp;2845.0;[];False;False;4f0f6eede0886bca;[];[Stiker]
2861;153;0;22989678.0;sticker/webp;2860.0;[];False;False;2cf86b0280f0e98f;[];[Stiker]
2862;153;0;22989742.0;sticker/webp;2856.0;[];False;False;6bd5450b1c6778b3;[];[Stiker]
2863;153;0;22989744.0;sticker/webp;;[];False;False;6bd5450b1c6778b3;[];[Stiker]
2864;153;0;22989745.0;sticker/webp;;[];False;False;6bd5450b1c6778b3;[];[Stiker]
2865;153;0;22989792.0;sticker/webp;2863.0;[];False;False;133d859152344537;[];[Stiker]
2866;153;0;22990021.0;sticker/webp;;[];False;False;2cf86b0280f0e98f;[];[Stiker]
2867;153;1-10;22991571.0;text;;[];False;False;f0dde01e023a5458;[];gabut
2868;153;0;22991691.0;sticker/webp;2867.0;[];False;False;4cdfd58590037079;[];[Stiker]
2869;153;0;22992201.0;sticker/webp;;[];False;False;f0dde01e023a5458;[];[Stiker]
2870;153;0;22992540.0;sticker/webp;;[];False;False;a5f34109eb57020f;[];[Stiker]
2871;153;1-10;22992579.0;text;;['😂'];False;False;3e9dc280abc3fb58;[];amin
2872;153;0;22992766.0;sticker/webp;;[];False;False;f0dde01e023a5458;[];[Stiker]
2873;153;11-50;22993283.0;text;;[];False;False;dd1510013d6b16a7;[];gw ga percaya sih gosipnya
2874;153;0;22993612.0;sticker/webp;;[];False;False;6bd5450b1c6778b3;[];[Stiker]
2875;153;0;22993917.0;sticker/webp;;[];False;False;8d732d6ecb8e49df;[];[Stiker]
2876;153;0;22993937.0;sticker/webp;;[];False;False;8d732d6ecb8e49df;[];[Stiker]
2877;153;0;22993942.0;sticker/webp;;[];False;False;8d732d6ecb8e49df;[];[Stiker]
2878;153;0;22993951.0;sticker/webp;;[];False;False;8d732d6ecb8e49df;[];[Stiker]
2879;153;0;22993992.0;sticker/webp;;[];False;False;4cdfd58590037079;[];[Stiker]
2880;153;11-50;22994210.0;text;;[];False;False;4cdfd58590037079;[];temen gw sakit masuk RS
2881;154;11-50;22996971.0;text;;[];False;False;4bed8c119d64bf0e;[];angkot ke sana msh ad ga
2882;154;11-50;22997072.0;text;;[];False;False;6bd5450b1c6778b3;[];angkot ke sana msh ad ga
2883;154;11-50;22997883.0;text;;[];False;False;dd1510013d6b16a7;[];diem diem ternyata... jadian
2884;154;0;22997942.0;sticker/webp;;[];False;False;f7ca26a5c7810c80;[];[Stiker]
2885;154;0;22997943.0;sticker/webp;;[];False;False;f7ca26a5c7810c80;[];[Stiker]
2886;155;0;23010061.0;sticker/webp;;[];False;False;f7ca26a5c7810c80;[];[Stiker]
2887;155;0;23010064.0;sticker/webp;;[];False;False;f7ca26a5c7810c80;[];[Stiker]
2888;155;0;23010069.0;sticker/webp;;[];False;False;ac40f783af9ab600;[];[Stiker]
2889;155;0;23010076.0;sticker/webp;;[];False;False;ac40f783af9ab600;[];[Stiker]
2890;156;0;23014236.0;sticker/webp;;[];False;False;499d10b7e54f80fb;[];[Stiker]
2891;156;0;23014279.0;sticker/webp;;[];False;False;499d10b7e54f80fb;[];[Stiker]
2892;156;0;23015190.0;sticker/webp;;[];False;False;4f0f6eede0886bca;[];[Stiker]
2893;156;0;23015316.0;sticker/webp;;[];False;False;2cf86b0280f0e98f;[];[Stiker]
2894;156;0;23015974.0;sticker/webp;;[];False;False;133d859152344537;[];[Stiker]
2895;156;0;23016184.0;sticker/webp;;[];False;False;4bed8c119d64bf0e;[];[Stiker]
2896;156;0;23016371.0;sticker/webp;;[];False;False;133d859152344537;[];[Stiker]
2897;156;0;23016647.0;sticker/webp;;[];False;False;4bed8c119d64bf0e;[];[Stiker]
2898;156;0;23016725.0;sticker/webp;2895.0;[];False;False;499d10b7e54f80fb;[];[Stiker]
2899;156;0;23016837.0;sticker/webp;;[];False;False;133d859152344537;[];[Stiker]
2900;156;0;23016990.0;sticker/webp;;[];False;False;4bed8c119d64bf0e;[];[Stiker]
2901;156;0;23017037.0;sticker/webp;;[];False;False;133d859152344537;[];[Stiker]
2902;156;0;23017348.0;sticker/webp;;[];False;False;f7ca26a5c7810c80;[];[Stiker]
2903;156;0;23017517.0;sticker/webp;;[];False;False;6661ee90fbb4da09;[];[Stiker]
2904;156;0;23017523.0;sticker/webp;;[];False;False;6661ee90fbb4da09;[];[Stiker]
2905;156;0;23017670.0;sticker/webp;;[];False;False;8d732d6ecb8e49df;[];[Stiker]
2906;157;0;23020420.0;sticker/webp;;[];False;False;c8dfa86e8dc7df6b;[];[Stiker]
2907;157;11-50;23021113.0;text;;[];False;False;4bed8c119d64bf0e;[];angkot ke sana msh ad ga
2908;157;0;23022394.0;sticker/webp;;[];False;False;c8dfa86e8dc7df6b;[];[Stiker]
2909;158;1-10;23043960.0;text;;[];False;False;a8f0b1f4577c3e76;[];siapp
2910;158;0;23043967.0;sticker/webp;;[];False;False;a8f0b1f4577c3e76;[];[Stiker]
2911;158;0;23043969.0;sticker/webp;;[];False;False;a8f0b1f4577c3e76;[];[Stiker]
2912;158;0;23043969.0;sticker/webp;;[];False;False;a8f0b1f4577c3e76;[];[Stiker]
2913;158;0;23043978.0;sticker/webp;;[];False;False;a8f0b1f4577c3e76;[];[Stiker]
2914;158;0;23043979.0;sticker/webp;;[];False;False;a8f0b1f4577c3e76;[];[Stiker]
2915;158;0;23043992.0;sticker/webp;;[];False;False;a8f0b1f4577c3e76;[];[Stiker]
2916;158;0;23043992.0;sticker/webp;;[];False;False;a8f0b1f4577c3e76;[];[Stiker]
2917;158;0;23043997.0;sticker/webp;;[];False;False;a8f0b1f4577c3e76;[];[Stiker]
2918;158;0;23043997.0;sticker/webp;;[];False;False;a8f0b1f4577c3e76;[];[Stiker]
2919;158;0;23043999.0;sticker/webp;;[];False;False;a8f0b1f4577c3e76;[];[Stiker]
2920;158;11-50;23047082.0;text;;[];False;False;499d10b7e54f80fb;[];internet mati lg di kosan
2921;158;0;23050854.0;sticker/webp;;[];False;False;3b571f32dcb1e9ac;[];[Stiker]
2922;159;0;23088445.0;sticker/webp;;[];False;False;0725ac2da04749fe;[];[Stiker]
2923;159;0;23089494.0;sticker/webp;;[];False;False;f0dde01e023a5458;[];[Stiker]
2924;159;11-50;23090887.0;text;;[];False;False;f065aa17eb6be37a;[];gw mau nyoba restorannnn baru
2925;159;0;23090906.0;sticker/webp;;[];False;False;f065aa17eb6be37a;[];[Stiker]
2926;159;0;23090929.0;sticker/webp;;[];False;False;0725ac2da04749fe;[];[Stiker]
2927;159;0;23091303.0;sticker/webp;;[];False;False;f065aa17eb6be37a;[];[Stiker]
2928;159;0;23091308.0;sticker/webp;;[];False;False;f065aa17eb6be37a;[];[Stiker]
2929;159;0;23091713.0;sticker/webp;;[];False;False;499d10b7e54f80fb;[];[Stiker]
2930;160;0;23151238.0;sticker/webp;;[];False;False;6bd5450b1c6778b3;[];[Stiker]
2931;160;0;23151251.0;sticker/webp;;[];False;False;6bd5450b1c6778b3;[];[Stiker]
2932;160;0;23151298.0;sticker/webp;;[];False;False;f0dde01e023a5458;[];[Stiker]
2933;160;0;23151377.0;sticker/webp;;[];False;False;6bd5450b1c6778b3;[];[Stiker]
2934;160;11-50;23152687.0;text;;['🙏🏼'];False;False;a86d2d392c3bc9b1;[];Playlist lo yang mana sih.
2935;160;0;23152830.0;sticker/webp;;[];False;False;90afb96b74df9584;[];[Stiker]
2936;160;0;23152839.0;sticker/webp;;[];False;False;90afb96b74df9584;[];[Stiker]
2937;160;0;23152859.0;sticker/webp;;[];False;False;90afb96b74df9584;[];[Stiker]
2938;160;0;23152864.0;sticker/webp;;[];False;False;90afb96b74df9584;[];[Stiker]
2939;160;0;23152875.0;sticker/webp;;[];False;False;90afb96b74df9584;[];[Stiker]
2940;160;0;23152938.0;sticker/webp;;[];False;False;90afb96b74df9584;[];[Stiker]
2941;160;11-50;23152991.0;text;;[];True;False;5161182edf3a0553;[];siapa aja yg dateng?
2942;160;0;23153042.0;sticker/webp;;[];False;False;90afb96b74df9584;[];[Stiker]
2943;160;0;23154267.0;sticker/webp;;[];False;False;f0dde01e023a5458;[];[Stiker]
2944;160;0;23154269.0;sticker/webp;;[];False;False;f0dde01e023a5458;[];[Stiker]
2945;160;0;23154340.0;sticker/webp;;[];False;False;deb1265f1afc6dbb;[];[Stiker]
2946;160;0;23154344.0;sticker/webp;;[];False;False;deb1265f1afc6dbb;[];[Stiker]
2947;160;0;23154434.0;sticker/webp;;[];False;False;524f9f062d611909;[];[Stiker]
2948;160;0;23154441.0;sticker/webp;;[];False;False;524f9f062d611909;[];[Stiker]
2949;161;0;23183457.0;sticker/webp;;[];False;False;b6c02156685fc94b;[];[Stiker]
2950;161;11-50;23183458.0;text;;[];True;False;b6c02156685fc94b;[];udah sampe belom?
2951;162;0;23185989.0;sticker/webp;;[];False;False;f0dde01e023a5458;[];[Stiker]
2952;162;0;23186005.0;sticker/webp;;[];False;False;a5f34109eb57020f;[];[Stiker]
2953;162;0;23186006.0;sticker/webp;;[];False;False;a5f34109eb57020f;[];[Stiker]
2954;162;0;23186008.0;sticker/webp;;[];False;False;a5f34109eb57020f;[];[Stiker]
2955;162;0;23186008.0;sticker/webp;;[];False;False;a5f34109eb57020f;[];[Stiker]
2956;162;0;23186034.0;sticker/webp;;[];False;False;bbbaf4fd4892d8eb;[];[Stiker]
2957;162;0;23186089.0;sticker/webp;;[];False;False;da49c8d72ca53786;[];[Stiker]
2958;162;0;23186094.0;sticker/webp;;[];False;False;da49c8d72ca53786;[];[Stiker]
2959;162;0;23186130.0;sticker/webp;;[];False;False;f0dde01e023a5458;[];[Stiker]
2960;162;0;23186132.0;sticker/webp;;[];False;False;f0dde01e023a5458;[];[Stiker]
2961;162;0;23186138.0;sticker/webp;;[];False;False;f0dde01e023a5458;[];[Stiker]
2962;162;0;23186155.0;sticker/webp;;[];False;False;da49c8d72ca53786;[];[Stiker]
2963;162;0;23186203.0;sticker/webp;;[];False;False;f0dde01e023a5458;[];[Stiker]
2964;163;0;23188427.0;sticker/webp;;[];False;False;f7ca26a5c7810c80;[];[Stiker]
2965;163;0;23188433.0;sticker/webp;;[];False;False;f7ca26a5c7810c80;[];[Stiker]
2966;163;11-50;23189244.0;text;;[];False;False;dd1510013d6b16a7;[];es teh manis satu ya bang
2967;163;0;23189351.0;sticker/webp;;[];False;False;499d10b7e54f80fb;[];[Stiker]
2968;163;0;23189374.0;sticker/webp;;[];False;False;f0dde01e023a5458;[];[Stiker]
2969;163;11-50;23189385.0;text;;[];False;False;7f979d29b75d1a71;[];tadi gw makan nasi padang!!
2970;163;0;23189390.0;sticker/webp;;[];False;False;7f979d29b75d1a71;[];[Stiker]
2971;163;0;23189393.0;sticker/webp;;[];False;False;7f979d29b75d1a71;[];[Stiker]
2972;163;0;23189456.0;sticker/webp;;[];False;False;f7ca26a5c7810c80;[];[Stiker]
2973;163;0;23189456.0;sticker/webp;;[];False;False;f7ca26a5c7810c80;[];[Stiker]
2974;163;0;23190126.0;sticker/webp;;[];False;False;f0dde01e023a5458;[];[Stiker]
2975;163;0;23190140.0;sticker/webp;2974.0;[];False;False;da49c8d72ca53786;[];[Stiker]
2976;163;0;23190201.0;sticker/webp;;[];False;False;f0dde01e023a5458;[];[Stiker]
2977;163;0;23190214.0;sticker/webp;;[];False;False;da49c8d72ca53786;[];[Stiker]
2978;163;0;23190218.0;sticker/webp;;[];False;False;da49c8d72ca53786;[];[Stiker]
2979;163;0;23190243.0;sticker/webp;;[];False;False;f0dde01e023a5458;[];[Stiker]
2980;163;0;23190442.0;sticker/webp;;[];False;False;da49c8d72ca53786;[];[Stiker]
2981;163;0;23190980.0;sticker/webp;;[];False;False;f0dde01e023a5458;[];[Stiker]
2982;163;0;23191899.0;sticker/webp;;[];False;False;8707be39802cd9af;[];[Stiker]
2983;163;0;23191899.0;sticker/webp;;[];False;False;8707be39802cd9af;[];[Stiker]
2984;163;51-100;23194178.0;text;;[];False;False;364a8fe133736028;[];weekend ini gw mau staycation aja di kosan binge watching series baru
2985;163;11-50;23194193.0;text;;[];False;True;364a8fe133736028;[];enak banget makanannya!
2986;163;11-50;23194200.0;text;;[];False;False;364a8fe133736028;[];gw lagi diet tapi gagal mulu
2987;163;0;23194261.0;sticker/webp;;[];False;False;364a8fe133736028;[];[Stiker]
2988;163;0;23194274.0;sticker/webp;;[];False;False;364a8fe133736028;[];[Stiker]
2989;163;1-10;23194787.0;text;;[];False;False;364a8fe133736028;[];sip
2990;164;0;23215387.0;sticker/webp;;[];False;False;499d10b7e54f80fb;[];[Stiker]
2991;164;0;23222489.0;sticker/webp;;[];False;False;f0dde01e023a5458;[];[Stiker]
2992;165;0;23235571.0;sticker/webp;;[];False;False;974ebb3ca63fce70;[];[Stiker]
2993;165;0;23235878.0;sticker/webp;;[];False;False;6a0da679e4126f55;[];[Stiker]
2994;165;0;23236121.0;sticker/webp;;[];False;False;133d859152344537;[];[Stiker]
2995;166;0;23247063.0;sticker/webp;;[];False;False;6bd5450b1c6778b3;[];[Stiker]
2996;166;0;23247065.0;sticker/webp;;[];False;False;6bd5450b1c6778b3;[];[Stiker]
2997;166;0;23247068.0;sticker/webp;;[];False;False;6bd5450b1c6778b3;[];[Stiker]
2998;166;0;23247070.0;sticker/webp;;[];False;False;6bd5450b1c6778b3;[];[Stiker]
2999;166;0;23247203.0;sticker/webp;;[];False;False;da49c8d72ca53786;[];[Stiker]
3000;166;0;23247645.0;sticker/webp;;[];False;False;08898dd87b81ecbb;[];[Stiker]
