id;conversation_id;num_characters;relative_time_seconds;message_type;responds_to_id;array_emojis;interrogative;exclamatory;sender_hash;mentioned_phones_hash;message_content
1;140;11-50;0.0;text;;[];False;False;529638f4b7b8b2f5;[];nongkrong yuk di kafe biasa
2;140;11-50;8.0;text;;[];False;False;529638f4b7b8b2f5;[];gw lagi diet tapi gagal mulu
3;140;11-50;25.0;text;;[];False;False;2ae8122641b0b5c7;[];gw lagi diet tapi gagal mulu
4;140;11-50;30.0;text;;[];False;False;2ae8122641b0b5c7;[];nongkrong yuk di kafe biasa
5;140;11-50;43.0;text;;[];False;False;2ae8122641b0b5c7;[];gw mau pesen gofood dulu
6;141;11-50;2982.0;text;;[];True;False;395fb5fd1f0ec715;[];LU DIMANA SEKARANG?
7;141;1-10;3003.0;text;;[];False;False;04750ee12e6cd329;[];oke
8;141;1-10;3246.0;text;;[];False;True;395fb5fd1f0ec715;[];ASIK!
9;141;51-100;3713.0;text;;[];True;False;04750ee12e6cd329;[];eh lu udah dapet info jadwal ujian akhir semester blm dr prodi?
10;141;51-100;3970.0;text;;[];False;False;529638f4b7b8b2f5;[];eh besok kita jadi ketemuan di kafe deket stasiun kan ya jam 2 siang
11;141;1-10;3976.0;text;;[];False;False;529638f4b7b8b2f5;[];iya
12;141;11-50;4738.0;text;;[];True;False;7318fd417024ba90;[];siapa yang mau ikut?,,,
13;141;51-100;5173.0;text;;[];False;False;04750ee12e6cd329;[];eh besok kita jadi ketemuan di kafe deket stasiun kan ya jam 2 siang
14;141;11-50;5189.0;text;;[];False;False;04750ee12e6cd329;[];lab komputer penuh terus
15;141;11-50;5195.0;text;;[];False;False;04750ee12e6cd329;[];tadi absen ga sih km
16;141;1-10;5745.0;text;;[];False;False;5ff5b84aecfc7b32;[];iya
17;141;11-50;5761.0;text;;[];False;False;5ff5b84aecfc7b32;[];matkul ini susah banget...
18;141;11-50;5806.0;text;;[];False;False;7318fd417024ba90;[];presentasi gw amburadul
19;141;11-50;5829.0;text;;[];False;False;5ff5b84aecfc7b32;[];lab komputer penuh terus
20;141;0;5830.0;sticker/webp;;[];False;False;a3bdbb2ae32da92a;[];[Stiker]
21;141;11-50;5840.0;text;;[];False;False;a3bdbb2ae32da92a;[];gw skip kelasss hariii ini
22;141;11-50;5846.0;text;;[];False;False;a3bdbb2ae32da92a;[];presentasi gw amburadul
23;141;11-50;5858.0;text;;[];False;False;529638f4b7b8b2f5;[];lab komputer penuh terus
24;141;11-50;5889.0;text;;[];True;False;5ff5b84aecfc7b32;[];lu dimana sekarang?
25;141;1-10;5940.0;text;;[];False;False;529638f4b7b8b2f5;[];siap
26;141;1-10;5947.0;text;;[];False;False;529638f4b7b8b2f5;[];dah
27;141;11-50;5977.0;text;;[];True;False;5ff5b84aecfc7b32;[];lu dimana sekarang?
28;141;1-10;6000.0;text;;[];False;False;a3bdbb2ae32da92a;[];otwwww
29;141;11-50;6004.0;text;;[];False;False;a3bdbb2ae32da92a;[];presentasi gw amburadul
30;141;1-10;6008.0;text;;[];False;False;a3bdbb2ae32da92a;[];yoi
31;141;11-50;6016.0;text;;[];False;False;a3bdbb2ae32da92a;[];perpus tutup jam berapa ya
32;141;0;6032.0;sticker/webp;;[];False;False;a3bdbb2ae32da92a;[];[Stiker]
33;141;1-10;6133.0;text;;[];False;False;529638f4b7b8b2f5;[];yoi
34;141;51-100;6190.0;text;;[];False;False;7318fd417024ba90;[];nyokap gw nelfon tadi nanyain kapan pulang, gw bilang aja abis ujian,,,
35;141;11-50;6203.0;text;;[];False;False;7318fd417024ba90;[];perpus tutup jam,,, berapa,,, ya
36;141;1-10;6235.0;text;;[];False;False;2ae8122641b0b5c7;[];haha
37;142;51-100;14574.0;text;;[];True;False;f2fe802025d12f20;[];eh lu udah dapet info jadwal ujian akhir semester belum dari prodi!!
38;142;1-10;14634.0;text;;[];False;False;f2fe802025d12f20;[];gas!!!
39;142;1-10;14636.0;text;;[];False;False;f2fe802025d12f20;[];ok!!
40;142;1-10;14637.0;text;;[];False;False;f2fe802025d12f20;[];ok!!!
41;142;11-50;14647.0;text;;[];False;False;f2fe802025d12f20;[];dosen gw galak banget sih!!!
42;142;11-50;14647.0;text;;[];False;False;f2fe802025d12f20;[];gw belom mulai tugas!!
43;142;11-50;14649.0;text;;[];False;False;f2fe802025d12f20;[];IPK gw turun semester ini!!!
44;142;11-50;14656.0;text;;['😂'];False;False;f2fe802025d12f20;[];dosen gw galak banget sih!!
45;142;51-100;14838.0;text;;[];False;False;a3bdbb2ae32da92a;[];gw dengerr katanyaaaa semester depan ada mataaaa kuliahhh baru yangg wajib diambill
46;142;11-50;14879.0;text;;[];False;False;f2fe802025d12f20;[];lab komputer penuh terus!!!
47;142;0;14929.0;sticker/webp;;[];False;False;a3bdbb2ae32da92a;[];[Stiker]
48;143;11-50;36618.0;image/jpeg;;[];True;False;7318fd417024ba90;[];[Foto]
49;143;0;40292.0;image/jpeg;;[];False;False;669693e29acc2603;[];[Foto]
50;143;0;40859.0;image/jpeg;;[];False;False;a3bdbb2ae32da92a;[];[Foto]
51;143;11-50;41090.0;text;;[];False;False;7318fd417024ba90;[];gw laper banget nih,,,
52;143;11-50;41091.0;text;;[];False;False;7318fd417024ba90;[];kelas tambahan hari,,, sabtu sih
53;143;11-50;41136.0;text;;[];False;False;669693e29acc2603;[];Warteg depan kampus enak.
54;143;1-10;41147.0;text;;['😂'];False;False;669693e29acc2603;[];Bole.
55;143;11-50;41157.0;text;;[];False;False;669693e29acc2603;[];Warteg depan kampus enak.
56;144;51-100;43697.0;text;;[];False;False;7318fd417024ba90;[];adek gw mau,,, masuk kuliah tahun depan gw,,, harus bantu cariin info jurusan
57;144;51-100;43710.0;text;;[];False;False;7318fd417024ba90;[];tadi pagi gw olahraga,,, lari keliling,,, kampus 5 putaran,,, badan pegel semua
58;144;1-10;43898.0;text;;[];False;False;669693e29acc2603;[];Gini.
59;144;11-50;43906.0;text;;[];False;False;669693e29acc2603;[];Playlist lo yang mana sih.
60;144;11-50;44081.0;text;59.0;[];False;False;7318fd417024ba90;[];keluarga ngumpul lebaran,,, nanti
61;144;11-50;44093.0;text;;[];False;False;7318fd417024ba90;[];kakak gw baru aja,,, nikah
62;144;51-100;44095.0;text;;['🤣', '👌🏼'];False;False;7318fd417024ba90;[];tadi pagi gw olahraga,,, lari keliling kampus 5,,, putaran badan pegel semua
63;144;11-50;44107.0;text;;[];False;False;7318fd417024ba90;[];adek gw masuk sma tahun ini,,,
64;145;0;46071.0;image/jpeg;;[];False;False;806c781beca06410;[];[Foto]
65;145;51-100;46693.0;text;;[];False;False;a3bdbb2ae32da92a;[];gw gagal diet lagii soalnyaaaa tadiii sore diajakkkk makann bakso sama temenn
66;145;0;47129.0;image/jpeg;;[];False;False;7318fd417024ba90;[];[Foto]
67;146;51-100;97679.0;text;;[];False;False;cd7132cbaa083ee7;[];wifi kosan gw lemot bgt jadi gw ke perpus aja buat ngerjain... tugas
68;146;11-50;113262.0;text;;[];False;False;15a9a70e8f97fbef;[];reuni kapan ya kita
69;146;11-50;113275.0;text;;[];False;False;15a9a70e8f97fbef;[];angkot ke sana masihhh adaa ga
70;146;11-50;113281.0;text;;[];True;False;15a9a70e8f97fbef;[];pinjammm catetan boleh ga?
71;146;1-10;113285.0;text;;[];False;False;4660cfbd3f9724c3;[];dong
72;146;1-10;113291.0;text;;[];False;False;4660cfbd3f9724c3;[];males
73;146;1-10;113292.0;text;;[];False;False;4660cfbd3f9724c3;[];hihi
74;146;1-10;113347.0;text;;[];False;False;15a9a70e8f97fbef;[];ywdddd
75;146;11-50;113356.0;text;;['👌'];False;False;15a9a70e8f97fbef;[];gw ga percaya sihhhh gosipnya
76;146;1-10;113560.0;text;;[];False;False;a3bdbb2ae32da92a;[];capee
77;146;0;113572.0;sticker/webp;;[];False;False;a3bdbb2ae32da92a;[];[Stiker]
78;147;0;116320.0;sticker/webp;;[];False;False;1a39e64b4276c1f2;[];[Stiker]
79;147;101-500;117250.0;text;;[];True;False;04750ee12e6cd329;[];guys ad yg tau ga sih knp sistem registrasi online kampus sering bgt error pas masa pengisian krs? tiap semester selalu gitu bikin stres, mana hrs rebutan mata kuliah yg kuotanya dikit bgt lg. apa emang servernya ga kuat ya nampung banyak mahasiswa sekaligus?
80;147;0;117422.0;unknown;;[];False;False;135f768d55e52d17;[];[Media tidak dikenal]
81;147;0;117673.0;image/jpeg;;[];False;False;a3bdbb2ae32da92a;[];[Foto]
82;147;0;118636.0;unknown;;[];False;False;c58531f5a1cc6b42;[];[Media tidak dikenal]
83;147;11-50;118688.0;text;;[];False;False;04750ee12e6cd329;[];presentasi gw amburadul
84;147;1-10;118715.0;text;;[];True;False;7318fd417024ba90;[];mana?
85;147;0;118898.0;sticker/webp;;[];False;False;a3bdbb2ae32da92a;[];[Stiker]
86;147;1-10;118934.0;text;;[];False;False;04750ee12e6cd329;[];oke
87;147;11-50;119176.0;text;;[];False;False;a3bdbb2ae32da92a;[];presentasii gw amburadulll
88;147;0;119182.0;sticker/webp;;[];False;False;a3bdbb2ae32da92a;[];[Stiker]
89;147;51-100;119345.0;text;;[];False;False;7318fd417024ba90;[];tadi gw,,, ketemu dosen pembimbing dan dia minta revisi lagi untuk bab 3
90;147;11-50;119363.0;text;;[];False;False;04750ee12e6cd329;[];gw lg ngerjain tugas nih
91;147;51-100;119380.0;text;;[];False;False;04750ee12e6cd329;[];gw baru aja selesai ngerjain tugas sampe jam 3 pagi, mau mati rasanya
92;147;11-50;119399.0;text;;[];False;False;7318fd417024ba90;[];lab komputer penuh terus
93;147;11-50;119411.0;text;;[];False;False;04750ee12e6cd329;[];gw skip kelas hari ni
94;147;11-50;119421.0;text;;[];False;False;04750ee12e6cd329;[];deadline besok pagi bro
95;147;51-100;119422.0;text;;[];False;False;04750ee12e6cd329;[];nyokap gw nelfon tadi nanyain kapan pulang, gw bilang aja abis ujian
96;147;51-100;119459.0;text;;[];False;False;04750ee12e6cd329;[];tadi gw ketemu dosen pembimbing dan dia minta revisi lg utk bab 3
97;147;11-50;119654.0;text;94.0;[];False;False;a3bdbb2ae32da92a;[];gw belom mulai tugas
98;147;1-10;119665.0;text;;[];False;False;cd7132cbaa083ee7;[];yoi
99;147;1-10;119666.0;text;;[];False;False;04750ee12e6cd329;[];yuk
100;147;11-50;119678.0;text;;[];True;False;cd7132cbaa083ee7;[];jadi ketemuan ga hari ni?...
101;147;11-50;119715.0;text;100.0;[];False;False;a3bdbb2ae32da92a;[];gw lg ngerjain tugas nihh
102;147;101-500;119716.0;text;;[];False;False;cd7132cbaa083ee7;[];jadi ceritanya kemarin gw ke perpustakaan pusat buat nyari bahan referensi skripsi,... ternyata bukunya udah... dipinjem smua sm anak angkatan... sebelah.... akhirnya gw cuma bs fotokopi dr temen yg kebetulan pny. lumayan lah daripada ga dapet sm sekali, tinggal di... rangkum aja sisanya
103;147;11-50;119733.0;text;;[];False;False;cd7132cbaa083ee7;[];presentasi gw amburadul...
104;147;11-50;119745.0;text;102.0;[];True;False;7318fd417024ba90;[];tugas dikumpul,,, kapan sih?
105;147;11-50;119758.0;text;;[];False;False;7318fd417024ba90;[];ipk gw turun semester ini
106;147;1-10;119762.0;text;;[];False;False;7318fd417024ba90;[];ok
107;147;11-50;119764.0;text;;[];False;False;cd7132cbaa083ee7;[];gw lg ngerjain tugas nih
108;147;1-10;119768.0;text;;[];False;False;7318fd417024ba90;[];yoi
109;147;11-50;119844.0;text;;[];False;False;395fb5fd1f0ec715;[];EH TADI KELAS SERU BANGET
110;148;1-10;125593.0;text;;[];True;False;529638f4b7b8b2f5;[];kapan?
111;148;51-100;125649.0;text;;[];False;False;395fb5fd1f0ec715;[];GW BARU AJA SELESAI NGERJAIN TUGAS SAMPE JAM 3 PAGI, MAU MATI RASANYA
112;148;1-10;125708.0;text;;['👀'];False;False;8c1932391fcc274e;[];oke
113;148;11-50;125731.0;text;;[];True;False;8c1932391fcc274e;[];jadi ketemuan ga,,, hari ini?
114;148;11-50;125785.0;text;;[];False;False;395fb5fd1f0ec715;[];DEADLINE BESOK PAGI BRO
115;148;11-50;125786.0;text;;[];False;False;395fb5fd1f0ec715;[];MATKUL INI SUSAH BANGET
116;148;11-50;125807.0;text;;[];True;False;8c1932391fcc274e;[];jadi ketemuan ga hari,,, ini?
117;148;11-50;125813.0;text;;[];False;False;2ae8122641b0b5c7;[];gw belom mulai tugas
118;148;11-50;125835.0;text;;[];False;False;395fb5fd1f0ec715;[];MATKUL INI SUSAH BANGET
119;148;1-10;125843.0;text;;[];False;False;7318fd417024ba90;[];dah
120;148;11-50;125912.0;text;;[];False;False;529638f4b7b8b2f5;[];gw lg ngerjain tugas nih
121;148;11-50;125933.0;text;;['🤔'];False;False;669693e29acc2603;[];IPK gw turun semester ini.
122;148;51-100;125953.0;text;;[];False;False;669693e29acc2603;[];Eh besok kita jadi ketemuan di kafe deket stasiun kan ya jam 2 siang.
123;148;1-10;126113.0;text;;[];False;False;a3bdbb2ae32da92a;[];iyaaaa
124;148;11-50;126118.0;text;;[];False;False;a3bdbb2ae32da92a;[];deadline besok pagi bro
125;148;11-50;126185.0;text;;[];True;False;2ae8122641b0b5c7;[];tugas dikumpul kapan sih?
126;148;51-100;126234.0;text;125.0;[];False;False;a3bdbb2ae32da92a;[];gw baru aja selesai ngerjain tugas sampe jam 3 pagi, mauuu mati rasanya
127;148;11-50;126246.0;text;;[];False;False;529638f4b7b8b2f5;[];eh tadi kelas seru banget
128;148;11-50;126384.0;text;;[];False;False;a3bdbb2ae32da92a;[];matkul ini susahhhh banget
129;148;0;127478.0;image/jpeg;;[];False;False;529638f4b7b8b2f5;[];[Foto]
130;149;0;164415.0;image/jpeg;;[];False;False;7318fd417024ba90;[];[Foto]
131;149;51-100;166384.0;text;;[];False;True;7318fd417024ba90;[];seneng banget,,, gw dapet,,, tawaran magang,,, di perusahaan,,, impian gw!
132;149;11-50;166474.0;text;;[];False;False;04750ee12e6cd329;[];gw ga percaya sih gosipnya
133;149;11-50;166536.0;text;;[];True;False;7318fd417024ba90;[];jadwal sidang kapan bro?,,,
134;149;11-50;166545.0;text;;[];False;False;7318fd417024ba90;[];diem diem,,, ternyata jadian
135;149;11-50;166547.0;text;;[];False;False;7318fd417024ba90;[];temen gw sakit masuk rs
136;149;1-10;166561.0;text;;[];False;False;7318fd417024ba90;[];trus
137;149;1-10;166572.0;text;;[];False;False;04750ee12e6cd329;[];males
138;149;11-50;166586.0;text;;[];True;False;7318fd417024ba90;[];pinjam catetan boleh ga?
139;149;51-100;166588.0;text;;[];False;False;04750ee12e6cd329;[];hari ni gw ad rapat organisasi sampe sore jadi ga bs ikut nongkrong
140;149;11-50;166605.0;text;;[];True;False;04750ee12e6cd329;[];pinjam catetan boleh ga?
141;149;11-50;166620.0;text;;[];False;False;7318fd417024ba90;[];jangan bilang siapa siapa ya
142;149;11-50;166632.0;text;;[];False;False;7318fd417024ba90;[];si itu udah,,, putus katanya
143;149;1-10;166639.0;text;;[];False;False;04750ee12e6cd329;[];hihi
144;149;11-50;166914.0;text;;[];False;False;1d6ca29fccb4bf31;[];gw ga percaya... sih gosipnya
145;149;11-50;167523.0;text;;[];False;False;7318fd417024ba90;[];temen gw sakit masuk rs
146;149;11-50;167528.0;text;;[];False;False;7318fd417024ba90;[];gw kangen temen temen sma
147;149;11-50;167530.0;text;;[];False;False;7318fd417024ba90;[];gw berantem sama si anu
148;149;51-100;167629.0;text;;['😏'];True;False;1d6ca29fccb4bf31;[];lu pernah coba belajar bareng di perpus kota ga, enak ga disana?
149;149;1-10;167645.0;text;;[];False;False;7318fd417024ba90;[];setuju
150;150;0;168765.0;sticker/webp;;[];False;False;a3bdbb2ae32da92a;[];[Stiker]
151;150;0;168957.0;sticker/webp;;[];False;False;7318fd417024ba90;[];[Stiker]
152;151;51-100;170831.0;text;;['🤣'];False;False;529638f4b7b8b2f5;[];adek gw mau masuk kuliah tahun depan gw harus bantu cariin info jurusan
153;151;51-100;170862.0;text;152.0;[];False;False;7318fd417024ba90;[];gw nonton film dokumenter semalam tentang laut dan,,, ikan, bagus banget
154;151;1-10;170879.0;text;;[];False;False;7318fd417024ba90;[];gila
155;151;51-100;170882.0;text;;[];False;False;a3bdbb2ae32da92a;[];gw lagi belajar masakkkk sendiri biarr ga jajan teruss lumayan hematttt soalnya
156;151;11-50;170891.0;text;;[];False;False;a3bdbb2ae32da92a;[];gw kangennn masakan rumah
157;151;1-10;170898.0;text;;[];False;False;7318fd417024ba90;[];yess
158;151;11-50;170905.0;text;;[];False;False;7318fd417024ba90;[];gw baru aja ketemu,,, mantan
159;151;11-50;170911.0;text;;[];False;False;a3bdbb2ae32da92a;[];nyokapp nanya kapan lulussss
160;151;1-10;170913.0;text;;[];False;False;7318fd417024ba90;[];hayuk
161;151;11-50;170918.0;text;;[];False;False;a3bdbb2ae32da92a;[];film baru di bioskopppp bagussss ga
162;151;1-10;170921.0;text;;[];False;False;a3bdbb2ae32da92a;[];nice
163;151;11-50;170938.0;text;;[];False;False;7318fd417024ba90;[];duit bulanan belum dikirim
164;152;0;175359.0;image/jpeg;;[];False;False;7318fd417024ba90;[];[Foto]
165;152;1-10;177299.0;text;;['😂'];False;False;1d6ca29fccb4bf31;[];aman
166;152;51-100;177406.0;text;;[];False;False;1d6ca29fccb4bf31;[];gw lagi mikirin... mau ambil magang... di perusahaan mana buat semester depan
167;152;0;177688.0;sticker/webp;;[];False;False;a3bdbb2ae32da92a;[];[Stiker]
168;152;0;177762.0;sticker/webp;;[];False;False;c58531f5a1cc6b42;[];[Stiker]
169;152;1-10;178704.0;text;;['🤣'];False;False;8f1d65d9122f92d0;[];gaje
170;152;11-50;179283.0;text;;[];False;False;273640c2ed75341c;[];sidang minggu depan doain ya!!
171;153;11-50;180668.0;image/jpeg;;[];True;False;98fc7c19ac28dc31;[];[Foto]
172;153;11-50;181414.0;text;;[];False;False;a3bdbb2ae32da92a;[];jangan bilanggg siapaaa siapa ya
173;154;0;183646.0;unknown;;[];False;False;c58531f5a1cc6b42;[];[Media tidak dikenal]
174;154;0;183693.0;unknown;;[];False;False;c58531f5a1cc6b42;[];[Media tidak dikenal]
175;154;1-10;183787.0;text;;[];False;False;c58531f5a1cc6b42;[];siap
176;154;11-50;184472.0;text;;['👎🏻'];False;False;1d6ca29fccb4bf31;[];presentasi gw amburadul...
177;155;11-50;187903.0;text;;[];True;False;7318fd417024ba90;[];masih bangun ga lu jam segini?,,,
178;155;1-10;187906.0;text;;['❤'];False;False;7318fd417024ba90;[];oot
179;156;11-50;189077.0;text;;[];False;False;7318fd417024ba90;['74107b7ee42fb2c9'];gw mau tidur dulu,,, ya
180;156;51-100;189082.0;text;;[];False;False;7318fd417024ba90;[];tadi gw antri,,, di administrasi kampus,,, 2 jam,,, cuma buat ngurus surat
181;156;11-50;189157.0;text;;[];False;False;74107b7ee42fb2c9;[];ntra gw kabarin lg deh
182;156;11-50;189277.0;text;;[];False;False;98fc7c19ac28dc31;[];Gw baru ganti nomor btw.
183;156;11-50;189771.0;text;;[];False;False;a3bdbb2ae32da92a;[];gw mau tidurr dulu ya
184;156;51-100;189903.0;text;;[];False;False;2ae8122641b0b5c7;[];gw seneng banget akhirnya bisa ketemu temen temen lama setelah lama ga
185;157;11-50;195450.0;text;;[];False;False;74107b7ee42fb2c9;[];gw baru aja dr kampus
186;157;11-50;197393.0;text;;[];False;False;669693e29acc2603;[];Gw baru aja dari kampus.
187;157;51-100;197562.0;text;;['😘'];False;False;eedee5ba1f9092d3;[];kemarin gw ke... toko buku beli novel baru sm buku referensi buat skripsi
188;157;0;197597.0;sticker/webp;;[];False;False;a3bdbb2ae32da92a;[];[Stiker]
189;157;11-50;198334.0;text;;[];True;False;9c97598ead01b722;[];ntar malem ngapain?
190;157;0;198662.0;unknown;;[];False;False;eedee5ba1f9092d3;[];[Media tidak dikenal]
191;157;0;199083.0;sticker/webp;;[];False;False;74107b7ee42fb2c9;[];[Stiker]
192;158;0;200473.0;image/jpeg;;[];False;False;74107b7ee42fb2c9;[];[Foto]
193;158;1-10;200495.0;text;;[];False;False;8f1d65d9122f92d0;[];gini
194;158;11-50;200510.0;text;192.0;[];False;False;a3bdbb2ae32da92a;[];duittt bulanan belummm dikirimmmm
195;158;11-50;200522.0;text;192.0;[];True;False;7318fd417024ba90;[];lu lagi ngapain sih?,,,
196;158;51-100;200535.0;text;;[];False;False;7318fd417024ba90;[];gw lagi belajar masak,,, sendiri biar ga jajan terus lumayan hemat soalnya,,,
197;158;1-10;200537.0;text;;[];False;False;7318fd417024ba90;[];gitu
198;158;1-10;200547.0;text;;[];False;False;7318fd417024ba90;[];hayuk
199;158;1-10;200551.0;text;;[];False;False;7318fd417024ba90;[];noted
200;158;11-50;200846.0;text;;[];False;False;0e74b4125911dad6;['272bb458d3bb6a30'];kakak gw baru aja nikah
201;158;11-50;200886.0;text;;[];False;False;7318fd417024ba90;[];playlist lo yang,,, mana,,, sih
202;158;11-50;200887.0;text;;[];True;False;7318fd417024ba90;[];itu tempatnya jauh ga?
203;158;0;200914.0;sticker/webp;;[];False;False;0e74b4125911dad6;[];[Stiker]
204;158;1-10;200931.0;text;;[];False;False;7318fd417024ba90;[];goks
205;158;1-10;200957.0;text;;[];False;False;8f1d65d9122f92d0;[];gini
206;158;1-10;200998.0;text;;[];False;False;a3bdbb2ae32da92a;[];hayuk
207;158;1-10;201086.0;text;;[];False;False;7318fd417024ba90;[];gila
208;158;1-10;201090.0;text;;[];False;False;7318fd417024ba90;[];goks
209;158;11-50;201141.0;text;;[];False;False;74107b7ee42fb2c9;['272bb458d3bb6a30'];duit bulanan blm dikirim
210;158;51-100;201202.0;text;;[];True;False;669693e29acc2603;[];siapa sih yang spread gosip itu ke grup sebelah, tau ga orangnya?
211;158;11-50;201212.0;text;;['😟'];False;False;669693e29acc2603;[];Keluarga ngumpul lebaran nanti.
212;158;11-50;201240.0;text;;[];False;False;48b36f924c81d70f;[];gw lagi marathon drakor nih
213;158;1-10;201250.0;text;;[];False;False;669693e29acc2603;[];Noted.
214;158;1-10;202303.0;text;;[];False;False;0e74b4125911dad6;[];woles
215;158;11-50;202305.0;text;;[];False;False;272bb458d3bb6a30;['0e74b4125911dad6'];NYOKAP NANYA KAPAN LULUS
216;158;1-10;202357.0;text;;['🤣'];False;False;272bb458d3bb6a30;[];GILA
217;159;11-50;209129.0;text;;[];False;False;7318fd417024ba90;[];gw baru,,, aja,,, dari,,, kampus
218;159;51-100;209135.0;text;;[];False;False;7318fd417024ba90;[];gw udah bikin slides presentasi tapi kayaknya masih kurang bagus deh isinya
219;159;1-10;210040.0;text;;[];False;False;1d6ca29fccb4bf31;[];hmm
220;159;11-50;210048.0;text;;[];False;False;1d6ca29fccb4bf31;[];lu udah makan belum
221;159;1-10;210240.0;text;;[];False;False;7318fd417024ba90;[];hmm
222;159;11-50;210244.0;text;;[];False;False;7318fd417024ba90;[];lu udah makan belum
223;159;0;210391.0;unknown;;[];False;False;a3bdbb2ae32da92a;[];[Media tidak dikenal]
224;159;0;210394.0;sticker/webp;221.0;[];False;False;a3bdbb2ae32da92a;[];[Stiker]
225;159;0;210486.0;sticker/webp;;[];False;False;eab4dd87d4666531;[];[Stiker]
226;160;0;214913.0;image/jpeg;;[];False;False;7318fd417024ba90;[];[Foto]
227;160;1-10;215000.0;text;;[];False;False;669693e29acc2603;[];Okey.
228;160;1-10;215002.0;text;;[];False;False;669693e29acc2603;[];Seep.
229;160;11-50;216153.0;image/jpeg;;[];False;False;98fc7c19ac28dc31;[];[Foto]
230;161;0;251682.0;image/jpeg;;[];False;False;a3bdbb2ae32da92a;[];[Foto]
231;162;0;257310.0;sticker/webp;;[];False;False;1a39e64b4276c1f2;[];[Stiker]
232;162;51-100;260034.0;text;;[];True;False;2f136fe80e312979;[];lu pernah coba belajar,,, bareng di perpus kota ga, enak ga disana?,,,
233;162;51-100;260047.0;text;;[];True;False;2f136fe80e312979;[];lu pernah coba belajar bareng di,,, perpus kota ga,,,, enak ga disana?,,,
234;162;11-50;260101.0;text;;[];False;False;5ff5b84aecfc7b32;[];diem diem ternyata jadian
235;162;51-100;260111.0;text;;[];False;False;8f1d65d9122f92d0;[];wifi kosan gw lemot banget jadi gw ke perpus aja buat ngerjain tugassss
236;162;1-10;260112.0;text;;['🤣'];False;False;8f1d65d9122f92d0;[];setuju
237;162;51-100;260141.0;text;;[];False;False;2f136fe80e312979;[];gw baru aja dapet,,, kabar kalo temen kita,,, diterima kerja di luar negeri
238;162;51-100;260156.0;text;;['😂'];False;False;2f136fe80e312979;[];lu harus coba kedai kopi baru di jalan belakang kampus, enak banget,,,
239;162;11-50;260178.0;text;;[];False;False;2f136fe80e312979;[];eh denger gosip belum
240;162;51-100;260339.0;text;;['🤷🏻\u200d♂'];False;False;5ff5b84aecfc7b32;[];gw baru aja dapet kabar kalo temen kita diterima... kerja... di luar negeri
241;162;11-50;260446.0;text;;[];True;False;7318fd417024ba90;[];jadwal sidang kapan bro?
242;162;11-50;260450.0;text;;[];False;False;7318fd417024ba90;[];jangan bilang siapa siapa,,, ya
243;162;11-50;260549.0;text;;[];False;False;a3bdbb2ae32da92a;[];pacarnyaaaa baruuuu siapa sih
244;162;51-100;260555.0;text;;[];False;False;a3bdbb2ae32da92a;[];gw pengen banget liburan ke pantaiii tapiiii duittt lagiiii tipis banget sekarang
245;162;1-10;260965.0;text;;[];True;False;7318fd417024ba90;[];sampe?
246;162;11-50;260985.0;text;;[];False;False;7318fd417024ba90;[];diem diem ternyata jadian
247;162;1-10;260994.0;text;;[];False;False;7318fd417024ba90;[];cape
248;162;11-50;261201.0;text;;[];False;False;7318fd417024ba90;[];pacarnya baru siapa sih
249;162;11-50;261206.0;image/jpeg;;[];False;False;7318fd417024ba90;[];[Foto]
250;162;11-50;261353.0;text;;[];False;False;a3bdbb2ae32da92a;[];gw ga percaya sih gosipnya
251;163;0;262566.0;sticker/webp;;[];False;False;eab4dd87d4666531;[];[Stiker]
252;163;0;262776.0;sticker/webp;;[];False;False;a3bdbb2ae32da92a;[];[Stiker]
253;163;11-50;266189.0;text;;[];False;False;398fda1df1ad5f2c;[];gym hari ini skip deh...
254;164;0;271692.0;image/jpeg;;[];False;False;48b36f924c81d70f;[];[Foto]
255;164;0;271709.0;image/jpeg;;[];False;False;398fda1df1ad5f2c;[];[Foto]
256;164;11-50;271722.0;text;;[];False;False;398fda1df1ad5f2c;[];gw belom mulai tugas
257;164;1-10;271889.0;text;;[];False;False;a3bdbb2ae32da92a;[];hahaaa
258;164;51-100;272114.0;text;;[];False;False;398fda1df1ad5f2c;[];eh besok kita... jadi ketemuan di kafe deket stasiun kan ya jam 2 siang
259;164;1-10;272114.0;text;;['❤'];False;False;398fda1df1ad5f2c;[];gas
260;164;0;272157.0;sticker/webp;;[];False;False;a3bdbb2ae32da92a;[];[Stiker]
261;164;0;272225.0;sticker/webp;;[];False;False;398fda1df1ad5f2c;[];[Stiker]
262;164;0;272237.0;sticker/webp;;[];False;False;a3bdbb2ae32da92a;[];[Stiker]
263;164;0;272248.0;sticker/webp;;[];False;False;398fda1df1ad5f2c;[];[Stiker]
264;164;11-50;272284.0;text;;[];False;False;5ff5b84aecfc7b32;[];IPK gw turun semester ini
265;164;0;272331.0;sticker/webp;;[];False;False;398fda1df1ad5f2c;[];[Stiker]
266;164;0;272339.0;sticker/webp;;[];False;False;398fda1df1ad5f2c;[];[Stiker]
267;164;11-50;272581.0;text;;[];False;False;398fda1df1ad5f2c;['b644599ab0613309'];gw lg ngerjain... tugas nih
268;164;11-50;272616.0;text;;[];True;False;398fda1df1ad5f2c;[];tugas dikumpul kapan sih?...
269;164;11-50;272645.0;text;;[];False;False;a3bdbb2ae32da92a;[];eh tadii kelas seru banget
270;164;1-10;272710.0;text;;[];False;False;398fda1df1ad5f2c;[];wkwk
271;164;0;272774.0;sticker/webp;;[];False;False;a3bdbb2ae32da92a;[];[Stiker]
272;164;0;272784.0;sticker/webp;;[];False;False;398fda1df1ad5f2c;[];[Stiker]
273;165;11-50;278143.0;text;;[];False;False;a3bdbb2ae32da92a;['398fda1df1ad5f2c'];masakkk sendiri lebih hemat sih
274;165;0;278157.0;video/mp4;;[];False;False;a3bdbb2ae32da92a;[];[Video]
275;165;11-50;278243.0;text;;[];True;False;398fda1df1ad5f2c;[];bayar berapa sih tadi?
276;165;11-50;278267.0;text;;[];False;False;a3bdbb2ae32da92a;[];gw mau pesen gofooddd dulu
277;165;1-10;278270.0;text;;[];False;False;a3bdbb2ae32da92a;[];lol
278;165;1-10;278328.0;text;;[];False;False;398fda1df1ad5f2c;[];woy
279;165;0;278348.0;video/mp4;;[];False;False;5ff5b84aecfc7b32;[];[Video]
280;165;11-50;278424.0;video/mp4;;[];False;False;a3bdbb2ae32da92a;[];[Video]
281;165;0;278458.0;sticker/webp;;[];False;False;529638f4b7b8b2f5;[];[Stiker]
282;165;0;278476.0;video/mp4;;[];False;False;a3bdbb2ae32da92a;[];[Video]
283;165;11-50;278748.0;text;;[];False;False;398fda1df1ad5f2c;[];gw mau pesen... gofood dulu...
284;165;11-50;278758.0;text;;[];False;False;398fda1df1ad5f2c;[];gw mau nyoba restoran baru...
285;165;11-50;278863.0;text;;[];False;False;a3bdbb2ae32da92a;[];sarapan dulu baru mikir
286;165;0;278874.0;video/mp4;;[];False;False;a3bdbb2ae32da92a;[];[Video]
287;165;0;279073.0;sticker/webp;;[];False;False;48b36f924c81d70f;[];[Stiker]
288;165;11-50;279359.0;text;;[];False;False;8f1d65d9122f92d0;[];gw mau pesennn gofood dulu
289;165;11-50;279365.0;text;;[];False;False;8f1d65d9122f92d0;[];es tehh manis satu ya bang
290;165;11-50;279427.0;text;;[];False;False;8f1d65d9122f92d0;['529638f4b7b8b2f5'];gw lagi diet tapi gagallll mulu
291;165;1-10;279530.0;text;;['❤'];False;False;398fda1df1ad5f2c;[];lol
292;165;1-10;279624.0;text;;['👌'];False;False;48b36f924c81d70f;[];sis
293;165;1-10;279642.0;text;290.0;['😂'];False;False;5ff5b84aecfc7b32;[];ayok
294;166;0;281604.0;image/jpeg;;[];False;False;74107b7ee42fb2c9;[];[Foto]
295;166;11-50;281658.0;text;;[];False;False;74107b7ee42fb2c9;[];gw laper bgt nih
296;166;11-50;281764.0;text;;[];False;False;5ff5b84aecfc7b32;[];sidang minggu depan doain ya
297;166;11-50;281987.0;text;;[];False;False;1d6ca29fccb4bf31;[];kelas tambahan hari sabtu... sih
298;166;11-50;282032.0;text;;['😂'];False;False;398fda1df1ad5f2c;[];sidang minggu depan doain ya
299;166;51-100;282497.0;text;;[];True;False;a3bdbb2ae32da92a;[];menurutt lu gw harus ambil mata kuliahhh pilihannn yang mana semester depan?
300;166;11-50;282512.0;text;;[];False;False;a3bdbb2ae32da92a;[];tugasss kelompokkkk bikin pusing
301;166;0;282542.0;sticker/webp;;[];False;False;a3bdbb2ae32da92a;[];[Stiker]
302;166;11-50;282700.0;text;;[];False;False;5ff5b84aecfc7b32;[];mie ayam pak... kumis juara sih...
303;166;11-50;283013.0;text;;[];False;False;398fda1df1ad5f2c;[];gw mau ambil cuti semester
304;166;1-10;283013.0;text;;[];False;False;398fda1df1ad5f2c;[];hmm
305;167;0;284758.0;image/jpeg;;[];False;False;a3bdbb2ae32da92a;[];[Foto]
306;167;1-10;284934.0;text;;[];False;False;49519b53c423dd0d;[];otw
307;167;0;284960.0;sticker/webp;;[];False;False;c58531f5a1cc6b42;[];[Stiker]
308;167;1-10;285730.0;text;;[];False;False;98fc7c19ac28dc31;[];Siap.
309;168;11-50;292055.0;text;;[];True;False;bf0d1557c3ff93b2;[];gimana kabar lu sekarang!!!
310;168;1-10;292107.0;text;;[];False;False;a3bdbb2ae32da92a;[];nahhh
311;168;11-50;292168.0;text;;[];True;False;bf0d1557c3ff93b2;[];ada yang punya catetan!!
312;168;11-50;292355.0;text;;[];False;False;a3bdbb2ae32da92a;[];wartegg depan kampus enakkk
313;168;0;292362.0;sticker/webp;;[];False;False;a3bdbb2ae32da92a;[];[Stiker]
314;168;11-50;292364.0;text;;[];False;False;a3bdbb2ae32da92a;[];sidang minggu depan doain ya
315;168;0;292708.0;sticker/webp;;[];False;False;c58531f5a1cc6b42;[];[Stiker]
316;168;0;293032.0;sticker/webp;;[];False;False;8c1932391fcc274e;[];[Stiker]
317;168;0;293058.0;sticker/webp;;[];False;False;f7953c140f0bf984;[];[Stiker]
318;168;0;293167.0;sticker/webp;;[];False;False;8c1932391fcc274e;[];[Stiker]
319;169;0;293875.0;sticker/webp;;[];False;False;f7953c140f0bf984;[];[Stiker]
320;169;51-100;293928.0;text;;[];False;False;a2956bfc144d8492;[];gw lg mikirin mau ambil magang di perusahana mana buta semester depan
321;169;0;294180.0;image/jpeg;;[];False;False;806c781beca06410;[];[Foto]
322;170;1-10;298089.0;text;;[];False;False;a3bdbb2ae32da92a;[];cape
323;170;11-50;298103.0;text;;[];False;False;a3bdbb2ae32da92a;[];gw berantem sama si anu
324;170;1-10;298104.0;text;;[];False;False;a3bdbb2ae32da92a;[];hihi
325;170;11-50;298171.0;text;;[];False;False;2ae8122641b0b5c7;[];jangan bilang siapa siapa ya
326;170;11-50;298173.0;text;;[];False;False;2ae8122641b0b5c7;[];reuni kapan ya kita
327;170;1-10;298189.0;text;326.0;[];False;False;7318fd417024ba90;[];males
328;170;11-50;298196.0;text;326.0;[];False;False;a3bdbb2ae32da92a;[];temennn gw sakitttt masuk rs
329;170;11-50;298212.0;text;;[];False;False;a3bdbb2ae32da92a;[];gw kangen temennn temennnn smaaa
330;170;11-50;298228.0;text;;[];False;False;7318fd417024ba90;[];diem diem,,, ternyata jadian
331;170;11-50;298232.0;text;;[];False;False;7318fd417024ba90;[];eh denger gosip belum,,,
332;170;11-50;298246.0;text;;[];True;False;c673c542ef9bde9f;[];pinjam catetan boleh ga?
333;170;1-10;298292.0;text;;[];False;False;2ae8122641b0b5c7;[];dong
334;170;11-50;298314.0;text;;[];False;False;2ae8122641b0b5c7;[];gw ga percaya sih gosipnya
335;170;51-100;298316.0;text;;[];True;True;7318fd417024ba90;[];lu pernah coba belajar bareng di perpus kota,,, ga, enak ga disana?
336;170;11-50;298319.0;text;;[];False;False;7318fd417024ba90;['a3bdbb2ae32da92a'];reuni kapan ya kita
337;170;1-10;298324.0;text;;[];False;False;7318fd417024ba90;[];ywd
338;170;1-10;298335.0;text;335.0;[];False;False;a3bdbb2ae32da92a;[];gabut
339;170;11-50;298350.0;text;;[];False;False;cd7132cbaa083ee7;[];pacarnya baru siapa sih...
340;170;0;298353.0;unknown;;[];False;False;7318fd417024ba90;[];[Media tidak dikenal]
341;170;11-50;298384.0;text;;[];True;True;cd7132cbaa083ee7;[];pinjam catetan boleh ga?
342;170;11-50;298413.0;text;;[];False;False;7318fd417024ba90;[];reuni kapan ya kita
343;170;11-50;298440.0;text;;[];False;False;cd7132cbaa083ee7;[];temen gw sakit masuk rs...
344;171;0;299524.0;image/jpeg;;[];False;False;a3bdbb2ae32da92a;[];[Foto]
345;171;11-50;299636.0;text;;[];False;False;cd7132cbaa083ee7;[];lu dmn sih lama bgt
346;172;0;301361.0;unknown;;[];False;False;398fda1df1ad5f2c;[];[Media tidak dikenal]
347;172;500+;301383.0;text;;['🗓', '✔️', '♻️', '💻', '‼️'];True;False;398fda1df1ad5f2c;[];lu dimana sekarang?
348;172;11-50;301397.0;text;;['🍞'];False;False;398fda1df1ad5f2c;[];gw skip kelas hari... ini...
349;172;11-50;301405.0;text;;[];False;False;398fda1df1ad5f2c;[];eh tadi kelas seru... banget
350;172;11-50;301528.0;text;;[];False;False;a3bdbb2ae32da92a;[];matkulll iniii susahh bangettt
351;172;11-50;301545.0;text;;[];False;False;398fda1df1ad5f2c;[];tadi absen ga... sih kamu
352;172;0;301564.0;video/mp4;;[];False;False;398fda1df1ad5f2c;[];[Video]
353;172;11-50;302499.0;text;;[];True;False;eedee5ba1f9092d3;[];jadi ketemuan ga hari ni?
354;172;1-10;302624.0;text;;[];False;False;398fda1df1ad5f2c;[];siap
355;173;51-100;346226.0;image/jpeg;;['🙄'];True;False;da61054e8f48891f;[];[Foto]
356;173;0;346287.0;sticker/webp;;[];False;False;8c1932391fcc274e;[];[Stiker]
357;173;1-10;346413.0;text;;[];False;False;49519b53c423dd0d;[];okey
358;173;11-50;346449.0;text;;[];False;False;fec47906e94ec1ff;[];hp gw lowbat nih
359;173;0;346478.0;sticker/webp;;[];False;False;f7953c140f0bf984;[];[Stiker]
360;173;0;346826.0;sticker/webp;;[];False;False;344a6b278d92e58a;[];[Stiker]
361;173;0;346826.0;sticker/webp;;[];False;False;a3bdbb2ae32da92a;[];[Stiker]
362;174;0;348822.0;sticker/webp;;[];False;False;423cee2941b71dc3;[];[Stiker]
363;174;11-50;349185.0;text;;[];False;False;5d8b9f76ca1b3a4a;[];gw kangen masakan rumah
364;175;11-50;350805.0;text;;[];True;False;da61054e8f48891f;[];besokkk liburrr bukannn sih?
365;175;0;351469.0;sticker/webp;;[];False;False;398fda1df1ad5f2c;[];[Stiker]
366;175;0;351502.0;sticker/webp;;[];False;False;f7953c140f0bf984;[];[Stiker]
367;175;0;351532.0;sticker/webp;;[];False;False;398fda1df1ad5f2c;[];[Stiker]
368;175;1-10;351535.0;text;;[];False;False;a3bdbb2ae32da92a;[];iyaa
369;175;1-10;351551.0;text;;[];False;False;398fda1df1ad5f2c;[];yess
370;175;11-50;351556.0;text;;[];False;False;a3bdbb2ae32da92a;[];capek banget hari iniii asli
371;175;0;351589.0;sticker/webp;;[];False;False;f7953c140f0bf984;[];[Stiker]
372;175;0;351594.0;sticker/webp;;[];False;False;f7953c140f0bf984;[];[Stiker]
373;176;0;352548.0;sticker/webp;;[];False;False;398fda1df1ad5f2c;[];[Stiker]
374;176;0;352558.0;sticker/webp;;[];False;False;398fda1df1ad5f2c;[];[Stiker]
375;176;51-100;352726.0;text;;[];False;False;cd7132cbaa083ee7;[];eh besok kita jadi ketemuan di... kafe deket stasiun kan ya jam 2 siang
376;176;11-50;352801.0;text;;[];False;False;398fda1df1ad5f2c;[];eh tadi kelas seru banget
377;176;11-50;352811.0;text;;['❤'];False;False;5ff5b84aecfc7b32;[];tadi absen ga sih kamu
378;177;0;353499.0;image/jpeg;;[];False;False;7318fd417024ba90;[];[Foto]
379;177;0;353928.0;sticker/webp;;[];False;False;423cee2941b71dc3;[];[Stiker]
380;177;0;354146.0;sticker/webp;;[];False;False;398fda1df1ad5f2c;[];[Stiker]
381;177;0;354273.0;sticker/webp;380.0;[];False;False;423cee2941b71dc3;[];[Stiker]
382;178;1-10;355695.0;text;;[];False;False;398fda1df1ad5f2c;[];dong
383;178;11-50;355696.0;text;;[];False;False;398fda1df1ad5f2c;['7318fd417024ba90'];eh denger gosip belum
384;178;1-10;355770.0;text;;[];False;False;7318fd417024ba90;[];wkwkw
385;178;11-50;355813.0;text;;[];False;False;398fda1df1ad5f2c;[];diem diem ternyata... jadian
386;178;11-50;355818.0;text;;['😂'];False;False;398fda1df1ad5f2c;[];diem diem ternyata jadian
387;178;1-10;355822.0;text;;[];False;False;7318fd417024ba90;[];hihi
388;178;1-10;355830.0;text;;[];False;False;7318fd417024ba90;[];trus
389;178;11-50;355837.0;text;;[];False;False;7318fd417024ba90;[];si itu,,, udah,,, putus katanya
390;178;1-10;355848.0;text;;[];False;False;398fda1df1ad5f2c;[];amin
391;178;11-50;355857.0;text;;[];False;False;398fda1df1ad5f2c;[];temenin gw dong besok...
392;178;0;355900.0;image/jpeg;;[];False;False;398fda1df1ad5f2c;[];[Foto]
393;178;1-10;355940.0;text;;['🤣'];False;False;a3bdbb2ae32da92a;[];trus
394;178;0;356125.0;image/jpeg;;[];False;False;7318fd417024ba90;[];[Foto]
395;178;51-100;356139.0;text;;[];False;False;7318fd417024ba90;['398fda1df1ad5f2c'];wifi kosan gw lemot,,, banget jadi gw ke perpus,,, aja buat ngerjain,,, tugas
396;178;0;356169.0;sticker/webp;;[];False;False;7318fd417024ba90;[];[Stiker]
397;178;1-10;356172.0;text;;['😂'];False;False;398fda1df1ad5f2c;[];males
398;178;1-10;356179.0;text;;[];False;False;423cee2941b71dc3;[];SAMA
399;178;11-50;356184.0;text;;[];False;False;398fda1df1ad5f2c;[];gw berantem sama... si anu
400;179;0;356887.0;sticker/webp;;[];False;False;0e74b4125911dad6;[];[Stiker]
401;179;1-10;356926.0;text;;['😂'];False;False;398fda1df1ad5f2c;[];gas
402;179;11-50;356940.0;text;;[];False;False;398fda1df1ad5f2c;[];gw belom mulai tugas
403;179;11-50;356942.0;text;;[];False;False;398fda1df1ad5f2c;[];IPK gw turun semester ini
404;179;11-50;356964.0;text;;[];False;False;5d5403e046903e00;[];gw belom mulai tugas
405;179;1-10;356972.0;text;;[];False;False;398fda1df1ad5f2c;[];yoi
406;179;0;356985.0;sticker/webp;;[];False;False;c58531f5a1cc6b42;[];[Stiker]
407;179;11-50;356986.0;text;;[];True;False;398fda1df1ad5f2c;[];jadi ketemuan ga hari ini?
408;179;1-10;356989.0;text;;[];False;False;398fda1df1ad5f2c;[];yuk
409;179;11-50;356991.0;text;;[];False;False;398fda1df1ad5f2c;[];matkul ini susah banget
410;179;11-50;356996.0;text;;[];False;False;c58531f5a1cc6b42;[];ipk gw turun semester ni
411;179;1-10;356997.0;text;;[];False;False;c58531f5a1cc6b42;[];siap
412;179;11-50;356999.0;text;;['😂'];False;False;398fda1df1ad5f2c;[];perpus tutup jam berapa ya
413;179;0;357031.0;image/jpeg;;[];False;False;5d5403e046903e00;[];[Foto]
414;179;0;357033.0;sticker/webp;;[];False;False;423cee2941b71dc3;[];[Stiker]
415;179;11-50;357034.0;text;;[];False;False;423cee2941b71dc3;[];DOSEN GW GALAK BANGET SIH
416;179;1-10;357048.0;text;;[];False;False;423cee2941b71dc3;[];OKE
417;179;0;357050.0;sticker/webp;;[];False;False;423cee2941b71dc3;[];[Stiker]
418;179;11-50;357063.0;text;;[];False;False;5d5403e046903e00;[];tadi absen ga sih kamu
419;179;11-50;357072.0;text;;[];False;False;398fda1df1ad5f2c;[];presentasi gw amburadul...
420;179;11-50;357077.0;text;;[];False;False;398fda1df1ad5f2c;[];matkul ini susah banget
421;179;0;357088.0;sticker/webp;;[];False;False;398fda1df1ad5f2c;[];[Stiker]
422;179;11-50;357096.0;text;418.0;[];False;False;423cee2941b71dc3;[];TADI ABSEN GA SIH KAMU
423;179;0;357100.0;sticker/webp;;[];False;False;423cee2941b71dc3;[];[Stiker]
424;179;11-50;357105.0;text;;[];False;False;5d5403e046903e00;[];gw belom mulai tugas
425;179;11-50;357119.0;text;;[];True;False;5d5403e046903e00;[];jadi ketemuan ga hari ini?
426;179;1-10;357127.0;text;;['😂'];False;False;5d5403e046903e00;[];yoi
427;179;0;357127.0;sticker/webp;;[];False;False;398fda1df1ad5f2c;[];[Stiker]
428;179;11-50;357135.0;text;;[];True;False;423cee2941b71dc3;[];LU DIMANA SEKARANG?
429;179;11-50;357140.0;text;;['😂'];False;False;398fda1df1ad5f2c;[];lab komputer penuh terus
430;179;0;357144.0;sticker/webp;;[];False;False;398fda1df1ad5f2c;[];[Stiker]
431;179;0;357146.0;sticker/webp;;[];False;False;398fda1df1ad5f2c;[];[Stiker]
432;179;1-10;357157.0;text;;['😂'];False;False;14ef3adc49c345c0;[];otw
433;179;1-10;357162.0;text;;[];False;False;5d5403e046903e00;[];otw
434;179;0;357168.0;sticker/webp;;[];False;False;398fda1df1ad5f2c;[];[Stiker]
435;179;1-10;357171.0;text;;[];False;False;5d5403e046903e00;[];haha
436;179;0;357179.0;sticker/webp;;[];False;False;423cee2941b71dc3;[];[Stiker]
437;179;11-50;357196.0;text;;[];False;False;5d5403e046903e00;[];gw belom mulai tugas,,,
438;179;1-10;357254.0;text;;[];True;False;398fda1df1ad5f2c;[];kapan?
439;179;0;357258.0;sticker/webp;;[];False;False;398fda1df1ad5f2c;[];[Stiker]
440;179;11-50;357293.0;text;;[];False;False;5d5403e046903e00;[];matkul ini susah banget
441;179;0;357347.0;sticker/webp;;[];False;False;398fda1df1ad5f2c;[];[Stiker]
442;179;0;357351.0;sticker/webp;;[];False;False;398fda1df1ad5f2c;[];[Stiker]
443;179;0;357364.0;video/mp4;;[];False;False;eab4dd87d4666531;[];[Video]
444;179;0;357406.0;sticker/webp;;[];False;False;5d5403e046903e00;[];[Stiker]
445;179;0;357408.0;unknown;;[];False;False;c58531f5a1cc6b42;[];[Media tidak dikenal]
446;179;0;357421.0;sticker/webp;444.0;[];False;False;398fda1df1ad5f2c;[];[Stiker]
447;179;0;357484.0;sticker/webp;444.0;[];False;False;423cee2941b71dc3;[];[Stiker]
448;179;0;357506.0;sticker/webp;;[];False;False;5d5403e046903e00;[];[Stiker]
449;179;1-10;357510.0;text;;[];False;False;5d5403e046903e00;[];oke
450;179;51-100;357544.0;text;;[];False;False;5d5403e046903e00;['398fda1df1ad5f2c', 'eab4dd87d4666531', 'b644599ab0613309', '423cee2941b71dc3'];gw baru aja selesai ngerjain tugas sampe jam,,, 3 pagi, mau mati rasanya
451;179;0;357549.0;sticker/webp;;[];False;False;398fda1df1ad5f2c;[];[Stiker]
452;179;0;357613.0;sticker/webp;;[];False;False;398fda1df1ad5f2c;[];[Stiker]
453;179;11-50;357624.0;text;;[];False;False;5d5403e046903e00;[];ipk gw,,, turun semester ini
454;179;0;357649.0;sticker/webp;;[];False;False;398fda1df1ad5f2c;[];[Stiker]
455;179;0;357655.0;sticker/webp;;[];False;False;eab4dd87d4666531;[];[Stiker]
456;179;11-50;357699.0;text;;[];False;False;a3bdbb2ae32da92a;[];ipk gw turunn semester ini
457;179;11-50;357701.0;text;;[];False;False;a3bdbb2ae32da92a;[];gw lg ngerjain tugassss nih
458;179;11-50;357746.0;text;456.0;[];False;False;5d5403e046903e00;[];gw skip kelas hari ini
459;179;0;357768.0;sticker/webp;458.0;[];False;False;a3bdbb2ae32da92a;[];[Stiker]
460;179;11-50;357893.0;text;;[];True;False;398fda1df1ad5f2c;[];jadi ketemuan ga hari ini?...
461;179;0;358104.0;sticker/webp;;[];False;False;423cee2941b71dc3;[];[Stiker]
462;179;11-50;358150.0;text;;[];False;False;a3bdbb2ae32da92a;[];eh tadiiii kelass seru banget
463;179;11-50;358158.0;text;;[];False;False;a3bdbb2ae32da92a;[];matkul ini susah banget
464;179;1-10;358165.0;text;;[];False;False;398fda1df1ad5f2c;[];otw
465;179;11-50;358292.0;text;;[];False;False;a3bdbb2ae32da92a;[];tadiii absennnn ga sih kamuu
466;179;11-50;358424.0;text;;[];False;False;398fda1df1ad5f2c;[];tadi absen ga sih kamu
467;179;51-100;358508.0;text;;['🙏🏻'];True;False;5ff5b84aecfc7b32;[];eh lu udah dapet info jadwal ujian akhir semester belum dari prodi?
468;179;11-50;358558.0;image/jpeg;;[];True;False;1530a0317105342e;[];[Foto]
469;180;11-50;360758.0;text;;[];False;False;c58531f5a1cc6b42;[];bsk sore ad waktu ga
470;180;1-10;360764.0;text;;[];False;False;c58531f5a1cc6b42;[];emm
471;180;11-50;360769.0;text;;[];False;False;c58531f5a1cc6b42;[];gw nyari parkir dulu bentar
472;180;0;360786.0;sticker/webp;;[];False;False;c58531f5a1cc6b42;[];[Stiker]
473;180;0;360986.0;sticker/webp;469.0;[];False;False;423cee2941b71dc3;[];[Stiker]
474;180;11-50;360999.0;text;;[];False;False;5aebdc3c2b5afaa9;[];gw nyari parkir dulu bentar!!!
475;180;11-50;361003.0;text;;[];False;False;5aebdc3c2b5afaa9;[];gw ngga bisa ikut malem ini!!
476;180;11-50;361026.0;text;;[];False;False;423cee2941b71dc3;[];GW UDAH DI PARKIRAN NIH
477;180;1-10;361028.0;text;;[];False;False;423cee2941b71dc3;[];MAH
478;180;0;361031.0;sticker/webp;;[];False;False;423cee2941b71dc3;[];[Stiker]
479;180;11-50;361055.0;text;;[];False;False;423cee2941b71dc3;[];KITA KETEMUAN DIMANA AJA DEH
480;180;1-10;361061.0;text;;[];False;False;423cee2941b71dc3;[];YAA
481;180;1-10;361452.0;text;477.0;[];False;False;5aebdc3c2b5afaa9;[];mah!!!
482;180;0;361498.0;sticker/webp;;[];False;False;423cee2941b71dc3;[];[Stiker]
483;181;0;362133.0;sticker/webp;;[];False;False;a3bdbb2ae32da92a;[];[Stiker]
484;181;0;362533.0;sticker/webp;;[];False;False;423cee2941b71dc3;[];[Stiker]
485;181;0;362724.0;sticker/webp;;[];False;False;669693e29acc2603;[];[Stiker]
486;181;0;362729.0;sticker/webp;;[];False;False;669693e29acc2603;[];[Stiker]
487;181;0;362730.0;sticker/webp;;[];False;False;669693e29acc2603;[];[Stiker]
488;181;0;365377.0;image/jpeg;;[];False;False;a3bdbb2ae32da92a;[];[Foto]
489;182;51-100;381179.0;text;;[];False;False;a3bdbb2ae32da92a;[];jangan lupa besok kumpul di lobby kampus jamm 8 pagi buat berangkat bareng
490;182;1-10;381323.0;text;;[];False;False;2157908a7d2b490a;[];Bet.
491;182;11-50;381333.0;text;;[];False;False;2157908a7d2b490a;[];Gw baru aja dari kampus.
492;182;0;381353.0;sticker/webp;;[];False;False;48b36f924c81d70f;[];[Stiker]
493;182;51-100;381442.0;text;;[];False;False;a3bdbb2ae32da92a;[];gw lagiii mikirin mau ambil magangg di perusahaann mana buat semesterr depan
494;182;11-50;381916.0;text;;[];False;False;4660cfbd3f9724c3;[];warteg depan kampus enak
495;182;11-50;381922.0;text;;[];False;False;4660cfbd3f9724c3;[];lu udah makan belum
496;183;11-50;383943.0;text;;[];False;False;9f3f4740ef334c72;[];gw lg ngerjain tuags nih
497;183;51-100;385520.0;text;;['😂'];False;False;398fda1df1ad5f2c;[];eh besok kita... jadi ketemuan... di kafe deket stasiun kan ya jam... 2 siang
498;183;0;385677.0;video/mp4;;[];False;False;a3bdbb2ae32da92a;[];[Video]
499;183;11-50;385916.0;text;;[];False;False;1530a0317105342e;[];matkul inii susah bangettt
500;183;1-10;385917.0;text;;[];False;False;1530a0317105342e;[];haha
501;183;1-10;385953.0;text;;[];False;False;a3bdbb2ae32da92a;[];wkwk
502;183;0;385982.0;sticker/webp;;[];False;False;398fda1df1ad5f2c;[];[Stiker]
503;183;0;386051.0;sticker/webp;;[];False;False;1530a0317105342e;[];[Stiker]
504;183;0;386175.0;sticker/webp;;[];False;False;a3bdbb2ae32da92a;[];[Stiker]
505;183;0;398450.0;image/jpeg;;[];False;False;806c781beca06410;[];[Foto]
506;184;11-50;427374.0;text;;[];False;False;395fb5fd1f0ec715;[];HP GW LOWBAT NIH
507;184;1-10;427378.0;text;;[];True;False;395fb5fd1f0ec715;[];ADA?
508;184;51-100;427723.0;image/jpeg;;[];False;False;76d5645d6135862f;[];[Foto]
509;184;1-10;427998.0;text;;[];False;True;395fb5fd1f0ec715;[];LUAR BIASA!
510;185;0;436183.0;image/jpeg;;[];False;False;74107b7ee42fb2c9;[];[Foto]
511;185;1-10;436239.0;text;;[];False;False;98fc7c19ac28dc31;[];Siapp.
512;185;1-10;436245.0;text;;[];False;False;98fc7c19ac28dc31;[];Seep.
513;185;11-50;436245.0;text;;[];False;False;98fc7c19ac28dc31;[];Gw mau tidur dulu ya.
514;185;1-10;436356.0;text;;[];False;False;c58531f5a1cc6b42;[];siapp
515;185;11-50;436545.0;text;;[];False;False;7bc1aedb2478e4be;[];gw baru ganti nomor btw
516;185;11-50;436829.0;text;;[];False;False;1d6ca29fccb4bf31;[];wifi kampus lemot parah
517;185;11-50;436848.0;text;;[];False;False;1d6ca29fccb4bf31;[];dompet gw ketinggalan di rumah
518;185;11-50;437081.0;text;;[];False;False;7bc1aedb2478e4be;[];bentar ya gw lg di jalan
519;185;1-10;437219.0;text;;[];False;False;1d6ca29fccb4bf31;[];eh
520;186;0;438471.0;image/jpeg;;[];False;False;a3bdbb2ae32da92a;[];[Foto]
521;186;0;438483.0;video/mp4;;[];False;False;a3bdbb2ae32da92a;[];[Video]
522;187;1-10;440340.0;text;;[];False;False;8c1932391fcc274e;[];bet
523;187;0;440495.0;audio;;[];False;False;50da4b88ee8de0da;[];[Voice Note]
524;187;11-50;440533.0;text;;[];False;False;a3bdbb2ae32da92a;[];gw baruuuu aja dari kampus
525;187;11-50;440533.0;text;;[];False;False;a3bdbb2ae32da92a;['7318fd417024ba90'];kelas tambahannn hari sabtu sihhh
526;187;11-50;440548.0;text;;[];False;False;a3bdbb2ae32da92a;[];mieee ayam pak kumis juaraa sihhh
527;187;11-50;440557.0;text;;[];False;False;a3bdbb2ae32da92a;[];kelasss tambahan harii sabtu sih
528;187;51-100;441362.0;text;;['🤭'];False;False;1530a0317105342e;[];gw udah bikin slidessss presentasiii tapi kayaknya masih kurangggg bagus deh isinya
529;187;0;441412.0;sticker/webp;;[];False;False;a3bdbb2ae32da92a;[];[Stiker]
530;187;51-100;441556.0;text;;[];False;False;7318fd417024ba90;[];gw lagi mikirin mau ambil magang,,, di perusahaan mana buat semester depan
531;187;1-10;441623.0;text;;[];False;False;8f1d65d9122f92d0;[];gpp
532;187;0;441661.0;sticker/webp;;[];False;False;5ff5b84aecfc7b32;[];[Stiker]
533;187;1-10;441675.0;text;;[];False;False;7318fd417024ba90;[];bole
534;187;11-50;441681.0;text;;[];False;False;7318fd417024ba90;[];seminar tadi lama banget
535;187;11-50;441690.0;text;;[];False;False;7318fd417024ba90;[];lu udah makan belum
536;187;11-50;441696.0;text;;[];False;False;7318fd417024ba90;[];dosen pembimbing susah ditemui,,,
537;187;11-50;441700.0;text;;[];False;False;7318fd417024ba90;[];seminar tadi lama banget
538;187;11-50;441703.0;text;;[];False;False;7318fd417024ba90;[];gw mau ambil cuti,,, semester
539;187;51-100;441720.0;text;;[];False;False;7318fd417024ba90;[];gw udah bikin slides,,, presentasi tapi kayaknya masih kurang bagus,,, deh isinya
540;187;11-50;441730.0;text;;[];False;False;7318fd417024ba90;[];gw mau ambil cuti semester
541;187;51-100;442505.0;text;;[];False;False;13f34342b1cf856e;[];kosan gw bocor lagi pas hujan semalam, kasur gw basah semua parah banget
542;187;11-50;442515.0;text;;[];False;False;13f34342b1cf856e;[];dosen pembimbing susah ditemui
543;187;11-50;442523.0;text;;[];False;False;1530a0317105342e;[];gw baruuuu aja dari kampus
544;187;11-50;442556.0;text;;[];False;False;13f34342b1cf856e;[];seminar tadi lama banget
545;187;0;442562.0;sticker/webp;;[];False;False;13f34342b1cf856e;[];[Stiker]
546;187;0;442592.0;sticker/webp;;[];False;False;1530a0317105342e;[];[Stiker]
547;187;51-100;442641.0;text;;['🥺'];False;False;da61054e8f48891f;[];gw udah bikinn slides presentasiiii tapi kayaknya masih kuranggg bagussss deh isinya
548;187;11-50;442706.0;text;;[];False;False;529638f4b7b8b2f5;[];gw baru aja dari kampus
549;187;11-50;442716.0;text;;[];False;False;529638f4b7b8b2f5;[];sidang minggu depan doain ya
550;187;0;443038.0;sticker/webp;;[];False;False;a3bdbb2ae32da92a;[];[Stiker]
551;187;0;443055.0;video/mp4;;[];False;False;a3bdbb2ae32da92a;[];[Video]
552;187;101-500;443429.0;text;;[];False;False;4660cfbd3f9724c3;[];gw lagi galau banget nih soal masa depan. mau lanjut S2 tapi duit ga ada, mau langsung kerja tapi pengalaman masih minim. nyokap bilang terserah gw aja tapi gw tau dia pengen gw cepet kerja biar bisa bantu ekonomi keluarga. bingung banget sih, kayak semua pilihan ada plus minusnya
553;187;11-50;443432.0;text;;[];False;False;4660cfbd3f9724c3;[];kelas tambahan hari sabtu sih
554;187;1-10;443490.0;text;;['🥺'];False;False;50da4b88ee8de0da;[];hmm
555;187;51-100;443558.0;text;;[];False;False;7318fd417024ba90;[];gw lagi mikirin mau ambil magang,,, di perusahaan mana buat semester depan
556;187;11-50;444290.0;text;;[];False;False;529638f4b7b8b2f5;[];kelas tambahan hari sabtu sih
557;187;11-50;444696.0;text;;[];False;False;da61054e8f48891f;[];seminar tadi lama banget
558;188;51-100;445434.0;text;;[];True;False;da61054e8f48891f;[];menurut lu gw harusss ambil mata kuliah pilihan yang manaaa semester depan?
559;188;11-50;445463.0;text;;[];False;False;1d6ca29fccb4bf31;[];dosen pembimbing susah ditemui...
560;188;51-100;445603.0;text;;[];False;False;7318fd417024ba90;[];jangan lupa besok kumpul di lobby kampus jam 8 pagi buat berangkat,,, bareng
561;188;11-50;445616.0;text;;[];False;False;7318fd417024ba90;[];tugas kelompok,,, bikin pusing,,,
562;188;11-50;445620.0;text;;[];True;False;7318fd417024ba90;[];ntar malem,,, ngapain?,,,
563;188;11-50;445623.0;text;;[];False;False;7318fd417024ba90;['a3bdbb2ae32da92a'];gw mau ambil cuti semester
564;188;11-50;445680.0;text;;[];False;False;a3bdbb2ae32da92a;[];seminarrrr tadiii lamaaaa bangett
565;188;1-10;445706.0;text;;['🙏🏻'];False;False;da61054e8f48891f;[];tuhhh
566;188;11-50;445709.0;text;;[];False;False;a3bdbb2ae32da92a;[];gw laperrr bangettt nih
567;188;1-10;445812.0;text;;[];False;False;a3bdbb2ae32da92a;[];nih
568;189;51-100;454016.0;text;;[];True;False;74107b7ee42fb2c9;[];kira kira kalo gw apply magang skrg msh keburu ga ya?
569;189;11-50;454036.0;text;;[];False;False;74107b7ee42fb2c9;[];series tu endingnya zonk bgt
570;189;1-10;454224.0;text;;[];False;False;7318fd417024ba90;[];btw
571;189;0;454241.0;sticker/webp;;[];False;False;a3bdbb2ae32da92a;[];[Stiker]
572;189;0;454253.0;sticker/webp;;[];False;False;7318fd417024ba90;[];[Stiker]
573;189;0;454255.0;sticker/webp;;[];False;False;7318fd417024ba90;[];[Stiker]
574;189;51-100;454348.0;text;;[];False;False;74107b7ee42fb2c9;[];gw hrs ganti strategi bleajar sih soalnya nilai uts kemarin jelek bgt
575;189;11-50;454356.0;text;;[];False;False;74107b7ee42fb2c9;[];badmintno yuk sore ni
576;189;1-10;454356.0;text;;[];False;False;74107b7ee42fb2c9;[];zonk
577;189;11-50;454535.0;text;;[];False;False;a3bdbb2ae32da92a;[];gw abiss lari pagii tadiiii
578;189;0;454688.0;image/jpeg;;[];False;False;1d6ca29fccb4bf31;[];[Foto]
579;189;11-50;458505.0;text;;[];False;False;5ff5b84aecfc7b32;[];game baru udah download... belum...
580;190;0;474271.0;sticker/webp;;[];False;False;15a9a70e8f97fbef;[];[Stiker]
581;190;1-10;481839.0;text;;[];False;False;1d6ca29fccb4bf31;[];woi
582;190;11-50;481849.0;text;;[];False;False;1d6ca29fccb4bf31;[];gw naik ojol aja deh
583;190;1-10;482158.0;text;;[];False;False;423cee2941b71dc3;[];YAA
584;190;11-50;482168.0;text;;[];False;False;423cee2941b71dc3;[];JANGAN LUPA BAWA DUIT CASH
585;191;11-50;513255.0;text;;[];False;False;7318fd417024ba90;[];hp gw lowbat nih
586;191;0;513397.0;sticker/webp;;[];False;False;5d8b9f76ca1b3a4a;[];[Stiker]
587;192;0;518039.0;image/jpeg;;[];False;False;74107b7ee42fb2c9;[];[Foto]
588;192;11-50;518223.0;text;;[];False;False;7318fd417024ba90;[];masak sendiri lebih hemat,,, sih
589;192;11-50;519155.0;text;;[];False;False;5d8b9f76ca1b3a4a;[];indomie telor udah cukup kok
590;193;101-500;521950.0;text;;[];True;False;7318fd417024ba90;[];gw lagi bimbang nih,,, antara mau ikut organisasi,,, kampus atau fokus ke,,, akademik aja.,,, menurut kalian gimana sih, worth it ga sih ikut organisasi? soalnya gw denger banyak yang bilang bisa nambah,,, soft skill tapi di,,, sisi lain waktu buat belajar jadi,,, berkurang kan, gimana pengalaman kalian?
591;193;0;521953.0;image/jpeg;;[];False;False;7318fd417024ba90;[];[Foto]
592;193;1-10;521963.0;text;;[];False;False;7318fd417024ba90;[];udah
593;194;11-50;527962.0;text;;[];False;False;a3bdbb2ae32da92a;[];kelas tambahan hari sabtuuu sih
594;194;11-50;527973.0;text;;[];False;False;a3bdbb2ae32da92a;[];gw laper banget nihh
595;194;11-50;528063.0;text;;[];False;False;7318fd417024ba90;[];gw laper banget nih,,,
596;195;0;541352.0;image/jpeg;;[];False;False;5d5403e046903e00;[];[Foto]
597;195;11-50;541353.0;text;;[];False;False;5d5403e046903e00;[];gw lagi baca novel baru nih
598;195;11-50;541998.0;text;;[];False;False;7318fd417024ba90;[];manga terbaru udah keluar loh
599;195;51-100;542046.0;text;;[];False;False;5d5403e046903e00;[];semalam hujan gede banget sampe kosan gw mati lampu semaleman gila
600;195;11-50;542053.0;text;;[];False;False;5d5403e046903e00;[];album baru dia enak banget
601;195;11-50;542065.0;text;;[];True;False;7318fd417024ba90;[];tadi ngomong apa,,, sih dosennya?
602;195;1-10;542105.0;text;;['😂'];False;False;f0cc7620edf4529a;[];SANS
603;195;11-50;542106.0;text;;[];False;False;f0cc7620edf4529a;[];GW LAGI BACA NOVEL BARU NIH
604;195;11-50;542120.0;text;600.0;[];False;False;f0cc7620edf4529a;[];FUTSAL BESOK JADI GA
605;196;1-10;551063.0;text;;[];False;False;a3bdbb2ae32da92a;[];gaje
606;196;11-50;551074.0;text;;[];False;False;a3bdbb2ae32da92a;[];gw mau ambil cuti semester
607;196;11-50;551089.0;text;;[];False;False;a3bdbb2ae32da92a;['5ff5b84aecfc7b32', '5d5403e046903e00'];dosennnn pembimbingg susah ditemuiiii
608;196;11-50;551089.0;text;;[];False;False;a3bdbb2ae32da92a;[];kelas tambahann harii sabtu sih
609;196;11-50;551094.0;text;;[];False;False;a3bdbb2ae32da92a;[];sidangg mingguu depan doain ya
610;196;11-50;551254.0;text;;['🙏🏼'];False;False;fec47906e94ec1ff;[];warteg depan kampus enak
611;197;1-10;553299.0;application/pdf;;[];False;False;529638f4b7b8b2f5;[];[Dokumen PDF]
612;197;1-10;553316.0;text;;[];False;False;a3bdbb2ae32da92a;[];ahh
613;197;0;553321.0;sticker/webp;;[];False;False;a3bdbb2ae32da92a;[];[Stiker]
614;198;0;556134.0;image/jpeg;;[];False;False;1d6ca29fccb4bf31;[];[Foto]
615;198;1-10;556139.0;text;;['😂'];False;False;1d6ca29fccb4bf31;[];ah
616;198;1-10;556143.0;text;;[];False;False;1d6ca29fccb4bf31;[];yess
617;198;11-50;556184.0;text;;[];False;False;398fda1df1ad5f2c;[];hujan deres ga bawa payung...
618;198;11-50;556184.0;text;;[];False;False;398fda1df1ad5f2c;[];bentar ya gw lg di jalan...
619;198;1-10;556187.0;text;;[];False;False;398fda1df1ad5f2c;[];oh
620;198;1-10;556323.0;text;;['😂'];False;False;1d6ca29fccb4bf31;[];gassss
621;198;11-50;556725.0;text;619.0;[];False;False;a3bdbb2ae32da92a;[];charger hp gw rusak lagi
622;198;11-50;556726.0;text;;[];False;False;a3bdbb2ae32da92a;[];gw baruu gantiii nomor btw
623;198;11-50;556736.0;text;;[];False;False;a3bdbb2ae32da92a;[];dompet gw ketinggalan di rumah
624;199;0;557845.0;sticker/webp;;[];False;False;398fda1df1ad5f2c;[];[Stiker]
625;199;0;558107.0;unknown;;[];False;False;c58531f5a1cc6b42;[];[Media tidak dikenal]
626;199;0;558116.0;unknown;;[];False;False;c58531f5a1cc6b42;[];[Media tidak dikenal]
627;199;0;558306.0;sticker/webp;624.0;[];False;False;a3bdbb2ae32da92a;[];[Stiker]
628;199;0;558704.0;sticker/webp;624.0;[];False;False;8c1932391fcc274e;[];[Stiker]
629;199;11-50;576634.0;text;;['😘'];False;False;ca82d65643542a06;['529638f4b7b8b2f5'];warteg depan kampus enak
630;200;11-50;597119.0;text;;[];False;False;a3bdbb2ae32da92a;[];angkot ke sana masih ada ga
631;200;0;598683.0;sticker/webp;;[];False;False;398fda1df1ad5f2c;[];[Stiker]
632;201;0;605024.0;sticker/webp;;[];False;False;7318fd417024ba90;[];[Stiker]
633;201;1-10;606021.0;text;;[];False;False;398fda1df1ad5f2c;[];setuju
634;202;0;610503.0;image/jpeg;;[];False;False;a3bdbb2ae32da92a;[];[Foto]
635;202;11-50;610942.0;text;;[];False;False;7318fd417024ba90;[];gw lg ngerjain,,, tugas,,, nih
636;202;1-10;610946.0;text;;[];False;False;7318fd417024ba90;[];wkwk
637;202;11-50;610949.0;text;;[];False;False;7318fd417024ba90;[];presentasi gw amburadul,,,
638;202;11-50;610954.0;text;;[];False;False;7318fd417024ba90;['a3bdbb2ae32da92a'];ipk gw,,, turun,,, semester ini
639;202;11-50;610955.0;text;;[];False;False;7318fd417024ba90;[];presentasi gw amburadul
640;202;1-10;610960.0;text;;[];False;False;7318fd417024ba90;[];hehe
641;202;11-50;610973.0;text;;[];False;False;a3bdbb2ae32da92a;[];presentasi gw amburadul
642;202;1-10;610980.0;text;;[];False;False;a3bdbb2ae32da92a;[];gassss
643;202;11-50;610986.0;text;;[];False;False;a3bdbb2ae32da92a;[];ipk gw turun semester ini
644;202;11-50;610991.0;text;;[];False;False;7318fd417024ba90;[];gw skip kelas hari ini
645;202;11-50;610991.0;text;;[];False;False;a3bdbb2ae32da92a;[];dosen gw galak bangettt sih
646;202;11-50;610992.0;text;;[];False;False;a3bdbb2ae32da92a;[];matkul iniiii susah banget
647;202;11-50;611011.0;text;;[];False;False;7318fd417024ba90;[];deadline besok pagi bro
648;202;11-50;611020.0;text;;[];False;False;7318fd417024ba90;[];presentasi gw amburadul
649;202;11-50;611025.0;text;;[];True;False;7318fd417024ba90;[];lu dimana sekarang?
650;202;1-10;611030.0;text;;[];False;False;a3bdbb2ae32da92a;[];siap
651;202;1-10;611034.0;text;;[];False;False;7318fd417024ba90;[];ok
652;202;11-50;611036.0;text;;[];False;False;a3bdbb2ae32da92a;[];presentasi gw amburadul
653;202;1-10;611041.0;text;;[];False;False;7318fd417024ba90;[];iya
654;202;11-50;611048.0;text;;[];False;False;a3bdbb2ae32da92a;[];labbb komputer penuh terus
655;202;1-10;611049.0;text;;[];False;False;7318fd417024ba90;[];haha
656;202;51-100;611097.0;text;;[];False;False;7318fd417024ba90;[];tadi gw ketemu dosen pembimbing dan dia minta,,, revisi lagi untuk bab,,, 3
657;202;11-50;611104.0;text;;[];False;False;7318fd417024ba90;[];dosen gw,,, galak banget,,, sih
658;202;1-10;611164.0;text;;['🤣'];False;False;a3bdbb2ae32da92a;[];haha
659;202;101-500;611216.0;text;;[];False;False;a3bdbb2ae32da92a;['8c1932391fcc274e'];jadi ceritanyaaa kemarin gw ke perpustakaannn pusat buat nyari bahannn referensi skripsi, ternyata bukunya udah dipinjem semua samaa anakkk angkatan sebelah. akhirnya gw cumaaaa bisa fotokopi dari temennn yang kebetulannn punya. lumayannnn lahh daripada ga dapet sama sekali, tinggal di rangkum aja sisanyaaaa
660;202;11-50;611230.0;text;;[];False;False;7318fd417024ba90;[];ipk gw turun,,, semester ini
661;202;11-50;611235.0;text;;[];False;False;7318fd417024ba90;[];eh tadi kelas,,, seru,,, banget
662;202;11-50;611244.0;text;;[];False;False;7318fd417024ba90;[];deadline besok pagi bro
663;202;11-50;611257.0;text;;[];False;False;7318fd417024ba90;[];tadi absen ga sih,,, kamu
664;202;1-10;611267.0;text;;[];False;False;7318fd417024ba90;[];yuk
665;202;11-50;611271.0;text;;[];False;False;a3bdbb2ae32da92a;[];labbb komputerr penuh terus
666;202;1-10;611273.0;text;;[];False;False;a3bdbb2ae32da92a;[];gas
667;202;11-50;611283.0;text;;[];False;False;a3bdbb2ae32da92a;[];presentasii gw amburadul
668;202;11-50;611283.0;text;;[];False;False;7318fd417024ba90;[];gw lg ngerjain tugas nih
669;202;1-10;611291.0;text;;[];False;False;a3bdbb2ae32da92a;[];okee
670;202;11-50;611309.0;text;;[];False;False;a3bdbb2ae32da92a;[];deadlineeee besok pagi bro
671;202;11-50;611316.0;text;;[];False;False;a3bdbb2ae32da92a;[];presentasii gw amburadullll
672;202;11-50;611334.0;text;;[];False;False;7318fd417024ba90;[];presentasi gw amburadul
673;202;0;611361.0;sticker/webp;;[];False;False;a3bdbb2ae32da92a;[];[Stiker]
674;203;11-50;613072.0;text;;[];True;False;babd75a604c49c23;[];udah sampe belom?
675;203;11-50;613083.0;text;;[];False;False;babd75a604c49c23;[];nongkrong yuk,,, di kafe biasa
676;203;11-50;613768.0;text;;[];False;False;8c1932391fcc274e;[];indomie telor udah,,, cukup kok
677;203;0;613782.0;sticker/webp;;[];False;False;8c1932391fcc274e;[];[Stiker]
678;203;1-10;613791.0;text;;[];False;False;7318fd417024ba90;[];ayok
679;203;11-50;613802.0;text;;[];False;False;8c1932391fcc274e;[];masak sendiri lebih hemat sih
680;203;11-50;614181.0;text;;[];False;False;a3bdbb2ae32da92a;[];sarapan dulu baru mikir
681;203;11-50;614181.0;text;679.0;[];False;False;a3bdbb2ae32da92a;[];tadiii gw makannnn nasi padangg
682;203;11-50;614192.0;text;;[];False;False;a3bdbb2ae32da92a;[];gw mauuuu pesen gofoodddd dulu
683;203;1-10;614215.0;text;;[];False;False;7318fd417024ba90;[];ngab
684;203;51-100;614218.0;text;;[];True;False;7318fd417024ba90;[];ada yang,,, tau,,, kenapa kantin kampus tutup lebih awal hari ini ga,,, sih?
685;203;11-50;614222.0;text;;[];False;False;8c1932391fcc274e;[];bakso malang itu,,, buka ga ya
686;203;11-50;614236.0;text;;[];False;False;7318fd417024ba90;[];bakso malang itu buka,,, ga ya,,,
687;203;11-50;614238.0;text;;[];False;False;a3bdbb2ae32da92a;[];masak sendiriiii lebihhhh hemat sih
688;203;11-50;614261.0;text;;[];False;False;a3bdbb2ae32da92a;[];sarapan dulu baru mikir
689;203;11-50;614261.0;text;;[];False;False;a3bdbb2ae32da92a;[];masakkkk sendiri lebihhh hemattt sih
690;204;11-50;615526.0;text;;[];False;False;8c1932391fcc274e;[];gw abis lari pagi tadi
691;204;101-500;615734.0;text;;[];False;False;7318fd417024ba90;[];tadi siang gw makan,,, di warung,,, makan baru,,, deket,,, gerbang belakang kampus. nasi gorengnya lumayan,,, enak,,, dan harganya murah banget,,, cuma 12 ribu udah,,, sama es teh. kayaknya bakal jadi langganan baru deh soalnya warteg biasa,,, gw udah mulai,,, naik,,, harga dan porsinya makin,,, dikit aja
692;205;11-50;616955.0;text;;[];False;False;a3bdbb2ae32da92a;['628dfc6269999861', '7318fd417024ba90'];gw lagi dietttt tapi gagal mulu
693;205;0;616955.0;image/jpeg;;[];False;False;a3bdbb2ae32da92a;[];[Foto]
694;205;1-10;616972.0;text;;[];False;False;628dfc6269999861;[];ayok
695;205;11-50;616982.0;text;;[];False;False;a3bdbb2ae32da92a;[];sarapannn duluu baru mikir
696;205;1-10;616986.0;text;;[];False;False;a3bdbb2ae32da92a;[];fixxx
697;205;1-10;617052.0;text;;[];False;False;7318fd417024ba90;[];sis
698;206;51-100;632515.0;text;;[];True;False;395fb5fd1f0ec715;[];MENURUT LU GW HARUS AMBIL MATA KULIAH PILIHAN YANG MANA SEMESTER DEPAN?
699;206;11-50;632883.0;text;;[];False;False;15a9a70e8f97fbef;[];lu udahhh makann belummm
700;207;11-50;634996.0;text;;[];False;False;1d6ca29fccb4bf31;[];eh denger gosip belum
701;207;1-10;635100.0;text;;[];False;False;7318fd417024ba90;[];gabut
702;207;51-100;635103.0;text;;[];False;False;7318fd417024ba90;[];gw baru,,, aja dapet kabar kalo temen kita diterima kerja di luar negeri
703;207;1-10;635164.0;text;;[];True;False;1d6ca29fccb4bf31;[];ready?
704;207;11-50;635193.0;text;;['🤷🏻\u200d♂'];False;False;1d6ca29fccb4bf31;[];gw ga percaya sih gosipnya...
705;207;11-50;635256.0;text;;[];False;False;7318fd417024ba90;[];angkot ke sana masih ada ga,,,
706;207;11-50;635282.0;text;;[];False;False;7318fd417024ba90;[];reuni kapan ya kita
707;207;11-50;635289.0;text;;[];False;False;7318fd417024ba90;[];eh denger gosip,,, belum,,,
708;207;1-10;635292.0;text;;[];False;False;7318fd417024ba90;[];males
709;207;11-50;635299.0;image/jpeg;701.0;[];False;False;529638f4b7b8b2f5;[];[Foto]
710;207;0;635565.0;sticker/webp;;[];False;False;7318fd417024ba90;[];[Stiker]
711;207;101-500;635647.0;text;;['🤷🏻\u200d♂'];False;False;1d6ca29fccb4bf31;[];hari ini gw iseng... nyoba bikin kopi pake metode... V60 yang lagi hype di kalangan anak anak kampus. beli alatnya lumayan mahal sih tapi hasilnya emang beda... dari kopi sachet biasa. kopinya lebih smooth dan ga... terlalu pahit. kayaknya gw bakal ketagihan nih bikin kopi sendiri tiap pagi sebelum ke kampus
712;207;0;635679.0;video/mp4;;[];False;False;a3bdbb2ae32da92a;[];[Video]
713;207;0;635743.0;sticker/webp;;[];False;False;bf0d1557c3ff93b2;[];[Stiker]
714;207;51-100;636515.0;text;;[];False;False;5fd9722af1eca87a;[];lu harus coba kedai kopi baruu di jalan belakang kampus, enak banget
715;207;51-100;636585.0;text;;[];False;False;5fd9722af1eca87a;[];gw pengen bangett liburan ke pantai tapiiii duittt lagi tipis banget sekarangg
716;207;51-100;636609.0;text;;[];False;False;628dfc6269999861;[];gw pengen banget... liburan... ke pantai tapi duit lagi tipis banget sekarang
717;207;0;636633.0;sticker/webp;;[];False;False;a3bdbb2ae32da92a;[];[Stiker]
718;207;0;636637.0;sticker/webp;;[];False;False;a3bdbb2ae32da92a;[];[Stiker]
719;207;51-100;636644.0;text;;[];False;False;5fd9722af1eca87a;[];wifi kosan gw lemot banget jadi gw ke perpuss aja buat ngerjain tugassss
720;207;1-10;636652.0;text;;[];False;False;a3bdbb2ae32da92a;[];wkwkw
721;207;1-10;636655.0;text;;[];False;False;a3bdbb2ae32da92a;[];hihiiii
722;207;11-50;636678.0;text;;[];False;False;a3bdbb2ae32da92a;[];reuniiii kapan ya kitaaaa
723;207;11-50;636713.0;text;;['😂'];False;False;5fd9722af1eca87a;[];si itu udah putusss katanyaaa
724;207;11-50;636718.0;text;;[];False;False;7318fd417024ba90;[];si itu udah putus katanya
725;207;11-50;636729.0;text;;['😂'];True;False;5fd9722af1eca87a;[];koss lu dimanaa sihhh tepatnya?
726;207;51-100;636808.0;text;;[];False;False;a3bdbb2ae32da92a;[];gw pengen banget liburan ke pantai tapi duit lagi tipissss banget sekarang
727;207;0;636814.0;sticker/webp;;[];False;False;a3bdbb2ae32da92a;[];[Stiker]
728;207;51-100;636873.0;text;;['😂'];False;False;5fd9722af1eca87a;[];gw pengen bangettt liburan ke pantai tapiii duit lagi tipis banget sekaranggg
729;207;11-50;636996.0;text;;[];False;False;5d5403e046903e00;[];eh denger gosip belum
730;207;11-50;637054.0;text;;[];False;False;a3bdbb2ae32da92a;[];gw berantemmm sama si anu
731;207;1-10;637055.0;text;;[];False;False;a3bdbb2ae32da92a;[];donggg
732;207;51-100;637073.0;text;;[];False;False;a3bdbb2ae32da92a;[];lu harussss cobaaa kedai kopi baruuu di jalannnn belakang kampus, enak banget
733;207;11-50;637100.0;text;;[];False;False;a3bdbb2ae32da92a;[];si itu udahhhh putus katanya
734;207;0;637104.0;video/mp4;;[];False;False;a3bdbb2ae32da92a;[];[Video]
735;208;11-50;652149.0;text;;[];True;False;a3bdbb2ae32da92a;[];bayarrr berapa sihh tadi?
736;208;11-50;652154.0;text;;[];False;False;a3bdbb2ae32da92a;[];nongkrong yuk di kafe biasaaa
737;208;1-10;652249.0;text;;['💔'];False;False;e0c6d9457e45dfdd;[];bener!!
738;208;0;652287.0;image/jpeg;;[];False;False;a3bdbb2ae32da92a;[];[Foto]
739;208;11-50;652291.0;text;;[];False;False;a3bdbb2ae32da92a;[];gw mau pesen gofood duluu
740;208;11-50;652296.0;text;;[];False;False;a3bdbb2ae32da92a;[];kopi susuu yg biasaaa ya
741;208;51-100;652322.0;text;;[];False;False;a3bdbb2ae32da92a;[];tadiiii di kantinn ketemuuu anak angkatannn bawah yangg kenal samaaa temen sma gw
742;208;11-50;652410.0;text;;['😂'];False;False;27806a8b46c42755;[];Indomie telor udah cukup kok.
743;208;0;652443.0;image/jpeg;;[];False;False;a3bdbb2ae32da92a;[];[Foto]
744;208;1-10;652454.0;text;;[];False;False;98fc7c19ac28dc31;[];Bener.
745;208;1-10;652458.0;text;;[];False;False;98fc7c19ac28dc31;[];Sip.
746;208;11-50;652526.0;text;;[];False;False;2f136fe80e312979;[];kopi susu yg biasa ya
747;208;11-50;652551.0;text;;[];False;False;f0cc7620edf4529a;[];MASAK SENDIRI LEBIH HEMAT SIH
748;208;11-50;652553.0;text;;[];False;False;f0cc7620edf4529a;[];GW MAU PESEN GOFOOD DULU
749;208;1-10;652559.0;text;;['😂'];False;False;f0cc7620edf4529a;[];SIP
750;208;11-50;652572.0;text;;[];True;False;a3bdbb2ae32da92a;[];udah sampe belom?
751;208;1-10;652580.0;text;;[];False;False;a3bdbb2ae32da92a;[];sip
752;208;11-50;652605.0;text;;[];False;False;a3bdbb2ae32da92a;[];es teh manissss satu ya banggg
753;208;11-50;652622.0;text;;[];False;False;a3bdbb2ae32da92a;[];tadi gw makan nasi padang
754;208;11-50;652692.0;text;753.0;[];False;False;f0cc7620edf4529a;[];GW MAU NYOBA RESTORAN BARU
755;208;11-50;652817.0;text;;[];False;False;98fc7c19ac28dc31;[];Gw mau nyoba restoran baru.
756;208;0;653016.0;video/mp4;;[];False;False;a3bdbb2ae32da92a;[];[Video]
757;209;0;692901.0;image/jpeg;;[];False;False;7318fd417024ba90;[];[Foto]
758;209;0;692975.0;image/jpeg;;[];False;False;7318fd417024ba90;[];[Foto]
759;209;0;693272.0;sticker/webp;;[];False;False;398fda1df1ad5f2c;[];[Stiker]
760;209;1-10;693349.0;text;;['❤'];False;False;7318fd417024ba90;[];gas
761;209;11-50;693364.0;text;;[];False;False;7318fd417024ba90;[];tadi absen ga sih kamu
762;209;11-50;693367.0;text;;[];False;False;7318fd417024ba90;[];gw skip kelas,,, hari,,, ini
763;209;11-50;693401.0;text;;[];False;False;398fda1df1ad5f2c;[];gw belom mulai tugas
764;209;1-10;693639.0;text;;[];False;False;7318fd417024ba90;[];yoi
765;209;11-50;693640.0;text;;[];False;False;7318fd417024ba90;[];ipk gw turun semester,,, ini
766;209;11-50;693654.0;text;;[];False;False;7318fd417024ba90;[];gw belom mulai tugas,,,
767;209;0;693665.0;image/jpeg;;[];False;False;7318fd417024ba90;[];[Foto]
768;209;11-50;693668.0;text;;[];False;False;7318fd417024ba90;[];perpus tutup jam berapa ya
769;209;11-50;693888.0;text;;[];False;False;7318fd417024ba90;['8c1932391fcc274e'];dosen gw,,, galak banget sih
770;209;11-50;693897.0;text;;[];False;False;7318fd417024ba90;[];matkul ini susah banget,,,
771;209;1-10;694440.0;text;;[];False;False;398fda1df1ad5f2c;[];haha
772;209;11-50;694452.0;text;;[];False;False;398fda1df1ad5f2c;[];deadline besok pagi bro
773;209;11-50;694459.0;text;;[];False;False;398fda1df1ad5f2c;[];matkul ini susah banget...
774;209;1-10;694757.0;text;;['🔑'];False;False;8f1d65d9122f92d0;[];wkwk
775;209;0;694825.0;sticker/webp;;[];False;False;0e74b4125911dad6;[];[Stiker]
776;209;1-10;695444.0;text;;['🔒'];False;False;398fda1df1ad5f2c;[];haha
777;209;0;695450.0;sticker/webp;;[];False;False;398fda1df1ad5f2c;[];[Stiker]
778;210;11-50;697206.0;image/jpeg;;[];False;False;a3bdbb2ae32da92a;['628dfc6269999861', '7318fd417024ba90', '1a39e64b4276c1f2'];[Foto]
779;210;0;697215.0;sticker/webp;;[];False;False;a3bdbb2ae32da92a;[];[Stiker]
780;210;11-50;697268.0;text;;[];False;False;1a39e64b4276c1f2;[];pacarnya baru siapa sih
781;210;1-10;697693.0;text;;[];False;False;7318fd417024ba90;[];ywd
782;210;11-50;698295.0;text;;[];False;False;8c1932391fcc274e;[];pacarnya baru,,, siapa sih,,,
783;210;11-50;698301.0;text;;[];False;False;8c1932391fcc274e;['7318fd417024ba90'];reuni kapan ya kita
784;210;11-50;698907.0;text;;[];True;False;a3bdbb2ae32da92a;[];pinjammm catetan boleh ga?
785;210;11-50;698956.0;text;;[];False;False;398fda1df1ad5f2c;[];gw ga percaya sih gosipnya
786;210;11-50;699004.0;image/jpeg;;[];False;False;a3bdbb2ae32da92a;[];[Foto]
787;211;101-500;700471.0;image/jpeg;;[];False;False;babd75a604c49c23;[];[Foto]
788;211;11-50;700581.0;text;787.0;[];True;False;9c97598ead01b722;[];boleh gw ikut ga?
789;211;11-50;700591.0;text;;[];False;False;babd75a604c49c23;[];gw laper banget nih
790;211;1-10;700611.0;text;;[];False;False;babd75a604c49c23;[];gaje
791;211;11-50;700634.0;text;;['❤'];False;False;9c97598ead01b722;[];dosenn pembimbing susahh ditemuii
792;211;0;700643.0;audio;787.0;[];False;False;a3bdbb2ae32da92a;[];[Voice Note]
793;211;101-500;700991.0;text;;[];False;False;398fda1df1ad5f2c;[];gw lagi galau banget nih soal masa depan. mau lanjut S2 tapi duit ga ada, mau langsung kerja tapi pengalaman... masih minim. nyokap bilang terserah gw aja tapi gw tau dia pengen gw cepet kerja biar... bisa bantu ekonomi keluarga. bingung banget sih, kayak semua... pilihan ada plus minusnya
794;211;51-100;701094.0;text;;[];False;False;7318fd417024ba90;[];gw lagi mikirin mau ambil magang di perusahaan,,, mana buat semester depan
795;211;1-10;701123.0;text;;[];False;False;398fda1df1ad5f2c;[];hmm
796;211;11-50;701133.0;text;;[];False;False;398fda1df1ad5f2c;[];sidang minggu depan... doain ya
797;211;11-50;701133.0;text;;[];False;False;398fda1df1ad5f2c;[];sidang minggu depan doain ya
798;211;11-50;701160.0;text;;[];False;False;7318fd417024ba90;[];warteg depan kampus enak
799;211;1-10;701167.0;text;;[];False;False;7318fd417024ba90;[];aman
800;211;11-50;701169.0;text;;[];True;False;7318fd417024ba90;[];boleh gw ikut ga?
801;211;11-50;701247.0;text;;[];False;False;398fda1df1ad5f2c;[];dosen pembimbing susah... ditemui
802;211;1-10;701263.0;text;;[];False;False;398fda1df1ad5f2c;[];gpp
803;211;11-50;701264.0;text;;[];True;False;398fda1df1ad5f2c;[];ntar malem ngapain?...
804;211;11-50;701268.0;text;;[];False;False;398fda1df1ad5f2c;[];kelas tambahan hari sabtu sih
805;211;1-10;701314.0;text;;[];False;False;7318fd417024ba90;[];nah
806;211;11-50;701322.0;text;;[];False;False;7318fd417024ba90;[];sidang minggu depan doain ya
807;211;11-50;701565.0;text;;[];False;False;398fda1df1ad5f2c;[];tugas kelompok bikin pusing...
808;211;11-50;701570.0;text;;[];False;False;7318fd417024ba90;[];lu udah makan belum
809;211;1-10;701577.0;text;;[];False;False;7318fd417024ba90;[];gpp
810;211;11-50;701642.0;text;;[];False;False;398fda1df1ad5f2c;[];mie ayam pak kumis juara... sih
811;211;11-50;701644.0;text;;[];False;False;7318fd417024ba90;[];tugas kelompok bikin pusing,,,
812;211;11-50;701649.0;text;;[];False;False;398fda1df1ad5f2c;[];gw baru aja dari... kampus...
813;211;11-50;701650.0;text;;[];False;False;7318fd417024ba90;[];dosen pembimbing susah ditemui
814;211;11-50;701663.0;text;;[];False;False;398fda1df1ad5f2c;[];gw mau ambil cuti semester
815;211;11-50;701669.0;text;;[];False;False;7318fd417024ba90;[];dosen pembimbing susah ditemui
816;211;11-50;701684.0;text;;[];False;False;7318fd417024ba90;[];lu udah makan belum
817;211;11-50;701699.0;text;;[];False;False;398fda1df1ad5f2c;[];kelas tambahan hari sabtu sih
818;211;51-100;701710.0;text;;[];False;False;398fda1df1ad5f2c;[];kosan gw bocor lagi pas hujan semalam, kasur gw basah semua parah banget
819;211;11-50;701714.0;text;;[];False;False;398fda1df1ad5f2c;[];gw baru aja dari kampus
820;211;11-50;701731.0;text;;[];False;False;8f1d65d9122f92d0;[];sidang minggu depan doain ya
821;211;1-10;701750.0;text;;['🙄'];False;False;398fda1df1ad5f2c;[];gaje
822;211;11-50;701760.0;text;;[];True;False;398fda1df1ad5f2c;[];ntar malem ngapain?
823;211;1-10;701770.0;text;;['❤'];False;False;7318fd417024ba90;[];bole
824;211;1-10;701807.0;text;;['😞'];False;False;8f1d65d9122f92d0;[];gppppp
825;211;11-50;701841.0;text;;[];False;False;8f1d65d9122f92d0;[];tugasss kelompokkk bikinn pusing
826;211;1-10;701847.0;text;;[];False;False;398fda1df1ad5f2c;[];done
827;212;51-100;718794.0;text;;[];True;False;6d21d1ebf3c7f5b9;[];ad yg mau patungan buat beli kado ulang tahun si anu ga?
828;212;1-10;718850.0;text;;[];False;False;a3bdbb2ae32da92a;[];iyaaaaa
829;212;11-50;718863.0;text;;[];False;False;a3bdbb2ae32da92a;[];bentarr ya gw lg di jalan
830;212;1-10;719058.0;text;;[];False;False;6d21d1ebf3c7f5b9;[];ah
831;212;1-10;719063.0;text;;[];False;False;6d21d1ebf3c7f5b9;[];yess
832;212;51-100;719080.0;text;;[];False;False;6d21d1ebf3c7f5b9;[];duit jajan gw abis padahal baru tanggal 15 hrs ngirit bgt nih
833;212;11-50;719080.0;text;;[];False;False;6d21d1ebf3c7f5b9;[];internet mati lg di kosan
834;212;11-50;719117.0;text;;[];True;False;1530a0317105342e;[];mau nitipp apa ga?
835;212;11-50;719143.0;text;;[];False;False;a3bdbb2ae32da92a;[];ntar gw kabarinn lagi dehh
836;212;1-10;719146.0;text;;[];True;False;398fda1df1ad5f2c;[];ada?
837;212;1-10;719147.0;text;;[];True;False;398fda1df1ad5f2c;[];ada?
838;212;1-10;719148.0;text;;[];False;False;398fda1df1ad5f2c;[];iyaa
839;212;1-10;719155.0;text;;[];False;False;0e74b4125911dad6;[];eh
840;212;11-50;719164.0;text;;[];False;False;1530a0317105342e;[];hujan deressss ga bawa payung
841;212;11-50;719169.0;text;;[];False;False;398fda1df1ad5f2c;[];wifi kampus lemot parah
842;212;11-50;719237.0;text;;[];False;False;1530a0317105342e;[];baru bangun nih masihhh ngantuk
843;212;11-50;719238.0;text;;[];False;False;a3bdbb2ae32da92a;[];hujan deres ga bawaa payung
844;212;11-50;719245.0;text;;[];False;False;1530a0317105342e;[];gw lg sibuk bgt minggu ini
845;212;11-50;719246.0;text;;[];False;False;5ff5b84aecfc7b32;[];gw mau tidur dulu ya
846;212;1-10;719264.0;text;;[];False;False;5ff5b84aecfc7b32;[];seep
847;212;11-50;719273.0;text;;[];True;True;398fda1df1ad5f2c;[];besok libur bukan sih?
848;212;1-10;719294.0;text;;[];False;False;1530a0317105342e;[];seep
849;212;1-10;719492.0;text;;[];False;False;6d21d1ebf3c7f5b9;[];saipp
850;213;11-50;726308.0;text;;[];False;False;a3bdbb2ae32da92a;[];manga terbaruuuu udahhhh keluar lohh
851;213;11-50;726311.0;text;;[];False;False;a3bdbb2ae32da92a;[];gw abis lariii pagi tadiii
852;213;11-50;726373.0;text;;[];False;False;7318fd417024ba90;[];series itu endingnya zonk,,, bgt
853;213;11-50;726578.0;text;;[];True;False;a3bdbb2ae32da92a;[];ada sinyal ga disitu?
854;213;11-50;726632.0;text;;[];False;False;7318fd417024ba90;[];pertandingan bola tadi malam gila
855;213;11-50;726634.0;text;;[];False;False;7318fd417024ba90;[];futsal besok jadi ga,,,
856;213;11-50;726640.0;text;;[];False;False;628dfc6269999861;[];badminton yuk sore ini
857;213;0;726671.0;sticker/webp;;[];False;False;0e74b4125911dad6;[];[Stiker]
858;213;0;728269.0;image/jpeg;;[];False;False;74107b7ee42fb2c9;[];[Foto]
859;214;0;732213.0;sticker/webp;;[];False;False;a3bdbb2ae32da92a;[];[Stiker]
860;214;0;732215.0;sticker/webp;;[];False;False;a3bdbb2ae32da92a;[];[Stiker]
861;214;0;732215.0;sticker/webp;;[];False;False;a3bdbb2ae32da92a;[];[Stiker]
862;214;11-50;732685.0;text;;[];False;False;13f34342b1cf856e;[];ipk gw turun semester ini
863;215;1-10;733941.0;text;;[];False;False;6d21d1ebf3c7f5b9;[];tuh
864;215;51-100;733969.0;text;;[];False;False;7318fd417024ba90;[];kemarin gw ke toko,,, buku beli,,, novel baru sama buku referensi buat skripsi
865;215;1-10;733976.0;text;;[];False;False;a3bdbb2ae32da92a;[];tuhhhh
866;215;51-100;733998.0;text;;[];False;False;a3bdbb2ae32da92a;[];kosan gw bocor lagi pas hujann semalam, kasur gw basah semuaaaa parah banget
867;215;51-100;734021.0;text;;[];False;False;6d21d1ebf3c7f5b9;[];kemarin gw ke toko buku beli noevl baru sm buuk referenis buat skripsi
868;215;11-50;734032.0;text;;[];False;False;a3bdbb2ae32da92a;[];mie ayamm pak kumis juaraa sihhh
869;215;11-50;734039.0;text;;[];False;False;a3bdbb2ae32da92a;[];gw mau ambil cutii semesterr
870;215;1-10;734042.0;text;;[];False;False;6d21d1ebf3c7f5b9;[];gaje
871;215;11-50;734047.0;text;;[];False;False;6d21d1ebf3c7f5b9;[];sidang minggu depan doain ya
872;215;11-50;734066.0;text;;[];False;False;6d21d1ebf3c7f5b9;[];mie ayam pak kumis juara sih
873;215;11-50;734069.0;text;;[];False;False;a3bdbb2ae32da92a;[];proposal skripsi gw ditolak
874;215;11-50;734080.0;text;;[];False;False;6d21d1ebf3c7f5b9;[];lu udah makan blm
875;215;0;734086.0;sticker/webp;;[];False;False;a3bdbb2ae32da92a;[];[Stiker]
876;215;11-50;734087.0;text;;[];False;False;6d21d1ebf3c7f5b9;[];lu udah makan blm
877;215;11-50;734092.0;text;;[];False;False;a3bdbb2ae32da92a;[];proposalll skripsi gw ditolakkk
878;215;11-50;734100.0;text;;[];False;False;a3bdbb2ae32da92a;[];gw baruuuu aja dari kampus
879;215;1-10;734104.0;text;;[];False;False;6d21d1ebf3c7f5b9;[];sabi
880;215;11-50;734106.0;text;;[];False;False;6d21d1ebf3c7f5b9;[];gw mau ambil ctui semetser
881;215;11-50;734122.0;text;;[];False;False;a3bdbb2ae32da92a;[];dosennnn pembimbing susah ditemui
882;215;11-50;734127.0;text;;[];False;False;529638f4b7b8b2f5;[];proposal skripsi gw ditolak
883;215;1-10;734137.0;text;;[];False;False;6d21d1ebf3c7f5b9;[];aman
884;215;0;734139.0;image/jpeg;;[];False;False;a3bdbb2ae32da92a;[];[Foto]
885;215;1-10;734146.0;text;;[];True;False;398fda1df1ad5f2c;[];gmn?
886;215;11-50;734148.0;text;;[];True;False;398fda1df1ad5f2c;[];gimana kabar lu sekarang?
887;215;1-10;734149.0;text;;[];False;False;6d21d1ebf3c7f5b9;[];sabi
888;215;1-10;734157.0;text;;['😂'];False;False;398fda1df1ad5f2c;[];sabi
889;215;11-50;734164.0;text;;[];False;False;6d21d1ebf3c7f5b9;[];sidang minggu depan doain ya
890;215;11-50;734167.0;text;;[];False;False;a3bdbb2ae32da92a;[];warteg depan kampusss enakk
891;215;11-50;734197.0;text;888.0;[];True;False;6d21d1ebf3c7f5b9;[];ad yg pny catetan?
892;215;51-100;734197.0;text;;[];False;False;529638f4b7b8b2f5;[];kemarin gw ke toko buku beli novel baru sama buku referensi buat skripsi
893;215;1-10;734229.0;text;;[];False;False;398fda1df1ad5f2c;[];aman
894;215;51-100;734230.0;text;;[];False;False;398fda1df1ad5f2c;[];jangan lupa besok kumpul di... lobby... kampus jam 8... pagi buat berangkat bareng
895;215;11-50;734230.0;text;;[];False;False;7318fd417024ba90;[];warteg depan kampus enak
896;215;11-50;734233.0;text;;[];False;False;7318fd417024ba90;[];lu udah makan belum,,,
897;215;11-50;734256.0;text;;[];False;False;a3bdbb2ae32da92a;[];seminarr tadiii lama bangetttt
898;215;11-50;734260.0;text;;[];False;False;6d21d1ebf3c7f5b9;[];gw baru aja dr kampus
899;215;51-100;734319.0;text;;[];False;False;a3bdbb2ae32da92a;[];jangan lupa besok kumpullll di lobby kampusss jam 8 pagi buat berangkat bareng
900;215;11-50;734321.0;text;;[];False;False;a3bdbb2ae32da92a;[];gw laper bangettt nih
901;215;11-50;734336.0;text;;[];False;False;a3bdbb2ae32da92a;[];gw laper banget nih
902;215;11-50;734336.0;text;;[];False;False;a3bdbb2ae32da92a;['49519b53c423dd0d', 'babd75a604c49c23', 'fec47906e94ec1ff'];kelas tambahan hariii sabtu sihh
903;215;11-50;734337.0;text;;[];False;False;529638f4b7b8b2f5;[];dosen pembimbing susah ditemui
904;215;1-10;734369.0;text;;[];False;False;398fda1df1ad5f2c;[];aman
905;215;11-50;734375.0;text;;[];True;False;398fda1df1ad5f2c;[];ada yang punya catetan?
906;215;0;734381.0;sticker/webp;;[];False;False;398fda1df1ad5f2c;[];[Stiker]
907;215;11-50;734437.0;text;;[];False;False;a3bdbb2ae32da92a;[];gw laper bangett nihhhh
908;215;11-50;734463.0;text;;[];True;False;398fda1df1ad5f2c;[];ada yang punya catetan?
909;215;1-10;734467.0;text;;[];False;False;a3bdbb2ae32da92a;[];gppppp
910;215;1-10;734475.0;text;;[];False;False;398fda1df1ad5f2c;[];hmm
911;215;1-10;734480.0;text;;['😂'];False;False;398fda1df1ad5f2c;[];asli
912;215;0;734518.0;sticker/webp;;[];False;False;49519b53c423dd0d;[];[Stiker]
913;215;11-50;734518.0;text;;[];False;False;49519b53c423dd0d;[];tugas kelompok bikinnnn pusing
914;215;11-50;734611.0;text;;[];False;False;a3bdbb2ae32da92a;['babd75a604c49c23'];mie ayammmm pak kumis juara sih
915;215;11-50;734919.0;text;;[];False;False;babd75a604c49c23;[];dosen pembimbing susah ditemui
916;215;1-10;735082.0;text;;[];False;False;0e74b4125911dad6;[];gpp
917;215;1-10;735194.0;text;;[];False;False;7318fd417024ba90;[];hmm
918;215;1-10;735202.0;text;;[];False;False;7318fd417024ba90;[];sabi
919;215;11-50;735218.0;text;;[];False;False;628dfc6269999861;[];seminar tadi lama banget
920;215;11-50;735375.0;text;;[];False;False;7318fd417024ba90;[];dosen pembimbing susah ditemui
921;215;11-50;735378.0;text;;[];False;False;7318fd417024ba90;[];seminar tadi lama banget
922;215;51-100;735388.0;text;;[];False;False;7318fd417024ba90;[];gw udah bikin slides,,, presentasi tapi kayaknya masih,,, kurang bagus deh isinya
923;215;1-10;735418.0;text;;['😪'];False;False;628dfc6269999861;[];gpp
924;215;1-10;740372.0;text;;['👀'];False;False;fec47906e94ec1ff;[];done
925;216;101-500;770901.0;text;;[];False;True;7318fd417024ba90;[];parah banget banjir di daerah kosan,,, gw semalam sampai air masuk ke,,, kamar setinggi betis!,,, barang,,, barang gw,,, banyak yang kerendem,,, termasuk buku kuliah,,, dan sepatu. gw harus ngungsi ke kosan temen dan sekarang lagi bersihin,,, semua barang. semoga ga ada yang rusak parah,,, sih!
926;216;51-100;771019.0;text;;[];True;False;a3bdbb2ae32da92a;[];menurut lu gw harus ambil mataaaa kuliah pilihannnn yangg mana semesterrrr depan?
927;216;11-50;771026.0;text;;[];False;False;a3bdbb2ae32da92a;[];gw baru aja dari kampus
928;216;11-50;771049.0;text;;[];False;False;a3bdbb2ae32da92a;[];mie ayammm pak kumis juaraaa sih
929;216;1-10;771064.0;text;;[];False;False;7318fd417024ba90;[];nih
930;216;11-50;771343.0;text;;[];False;False;04750ee12e6cd329;[];gw baru aja dr kampus
931;216;11-50;771347.0;text;;[];False;False;04750ee12e6cd329;[];proposal skripsi gw ditolak
932;216;51-100;771600.0;text;;[];False;False;a3bdbb2ae32da92a;[];kemarinn gw ke toko buku beli novel baru sama bukuuu referensi buattt skripsi
933;216;11-50;771608.0;text;;[];False;False;a3bdbb2ae32da92a;[];lu udah makan belum
934;216;11-50;771614.0;text;;[];True;False;7318fd417024ba90;[];boleh gw ikut ga?
935;216;11-50;771632.0;text;;[];False;False;a3bdbb2ae32da92a;[];sidang minggu depan doainnn ya
936;216;11-50;771637.0;text;;[];False;False;04750ee12e6cd329;[];gw baru aja dr kampus
937;216;11-50;771639.0;text;;[];False;False;a3bdbb2ae32da92a;[];wartegggg depan kampuss enak
938;216;1-10;771652.0;text;;[];False;False;7318fd417024ba90;[];nih
939;216;11-50;771663.0;text;;[];False;False;7318fd417024ba90;[];gw mau ambil cuti semester
940;216;51-100;771694.0;text;;[];False;False;b2b7bc2caae9c121;[];kosan gw bocor lg pas hujan semalam, kasur... gw... basah smua parah bgt
941;216;51-100;771732.0;text;;[];False;False;a3bdbb2ae32da92a;[];jangan lupa besok kumpul di lobby kampussss jam 8 pagiii buattt berangkat bareng
942;216;11-50;771742.0;text;;[];False;False;a3bdbb2ae32da92a;[];proposalll skripsi gw ditolakk
943;216;51-100;772677.0;text;;[];False;False;1d6ca29fccb4bf31;[];jangan lupa besok kumpul... di lobby kampus jam 8... pagi buat berangkat bareng
944;216;51-100;772698.0;text;;[];False;False;1d6ca29fccb4bf31;[];kemarin gw ke toko buku beli novel baru sama buku... referensi buat skripsi
945;216;0;773167.0;sticker/webp;;[];False;False;a3bdbb2ae32da92a;[];[Stiker]
946;216;11-50;773204.0;text;;[];True;False;cf3d8070c6647ca8;[];gimana kabar lu sekarang?
947;216;51-100;773375.0;text;;[];False;False;529638f4b7b8b2f5;[];kosan gw bocor lagi pas hujan semalam, kasur gw basah semua parah banget
948;216;11-50;773389.0;text;;[];False;False;1d6ca29fccb4bf31;[];lu udah makan... belum
949;216;11-50;773405.0;text;;[];False;False;1d6ca29fccb4bf31;[];proposal skripsi gw... ditolak
950;216;11-50;773421.0;text;;[];False;False;1d6ca29fccb4bf31;[];dosen pembimbing susah ditemui
951;216;11-50;773438.0;text;;[];False;False;529638f4b7b8b2f5;[];dosen pembimbing susah ditemui
952;216;11-50;773438.0;text;;[];False;False;1d6ca29fccb4bf31;[];dosen pembimbing susah ditemui
953;216;11-50;773453.0;text;;[];False;False;529638f4b7b8b2f5;[];gw mau ambil cuti semester
954;216;11-50;773542.0;text;;[];False;False;1d6ca29fccb4bf31;[];warteg depan kampus enak
955;216;11-50;773563.0;text;;['😂'];False;False;1d6ca29fccb4bf31;[];sidang minggu depan doain ya
956;216;51-100;773604.0;text;;[];False;False;1d6ca29fccb4bf31;[];jangan lupa besok kumpul di lobby kampus jam... 8 pagi buat berangkat bareng
957;216;11-50;773659.0;text;;[];False;False;1d6ca29fccb4bf31;[];mie ayam pak kumis... juara sih
958;216;11-50;773772.0;text;;[];False;False;7bc1aedb2478e4be;[];warteg depann kampus enak
959;216;11-50;773786.0;application/pdf;;[];False;False;7bc1aedb2478e4be;[];[Dokumen PDF]
960;216;11-50;773795.0;application/pdf;;[];False;False;7bc1aedb2478e4be;[];[Dokumen PDF]
961;216;11-50;773816.0;text;;[];False;False;7bc1aedb2478e4be;[];dosen pembimbing susah ditemuiii
962;216;11-50;773826.0;text;;[];True;False;cf3d8070c6647ca8;[];ada yangg punya catetan?
963;216;1-10;773834.0;text;;[];False;False;7bc1aedb2478e4be;[];nah
964;216;11-50;773841.0;text;;[];False;False;cf3d8070c6647ca8;[];gw baru aja dari kampus
965;216;11-50;773844.0;text;;[];False;False;7bc1aedb2478e4be;[];gw mauu ambil cuti semester
966;216;1-10;773849.0;text;;[];False;False;7bc1aedb2478e4be;[];nih
967;216;0;773869.0;sticker/webp;;[];False;False;7bc1aedb2478e4be;[];[Stiker]
968;216;1-10;773869.0;text;;[];False;False;cf3d8070c6647ca8;[];doneee
969;216;11-50;773872.0;text;;[];False;False;cf3d8070c6647ca8;[];kelas tambahan hari sabtu sihh
970;216;11-50;773894.0;text;;[];False;False;a3bdbb2ae32da92a;[];seminar tadi lama banget
971;217;11-50;776311.0;text;;[];False;False;15a9a70e8f97fbef;['a3bdbb2ae32da92a'];kelas tambahann hariiii sabtu sih
972;217;11-50;776316.0;text;;[];True;False;15a9a70e8f97fbef;[];ntarr malemm ngapain?
973;217;1-10;776362.0;text;;[];False;False;a3bdbb2ae32da92a;[];aman
974;217;11-50;776434.0;text;;[];False;False;15a9a70e8f97fbef;[];warteg depannnn kampus enakk
975;217;11-50;776442.0;text;;[];False;False;15a9a70e8f97fbef;[];gw mauuuu ambillll cutii semesterrr
976;217;11-50;776547.0;text;;[];False;False;b2f5370fd3485bb1;[];gw baru aja dari kampus
977;217;11-50;776558.0;text;;[];False;False;b2f5370fd3485bb1;[];lu udah makan belum
978;217;1-10;776562.0;text;;[];False;False;b2f5370fd3485bb1;[];tuh
979;217;1-10;776563.0;text;;[];False;False;a3bdbb2ae32da92a;[];aman
980;217;51-100;776587.0;text;;[];False;False;a3bdbb2ae32da92a;[];gw lagii mikirin mauuuu ambil magang di perusahaan mana buatttt semester depannn
981;217;1-10;777478.0;text;973.0;[];False;False;7318fd417024ba90;[];bet
982;218;11-50;780620.0;text;;[];True;False;135f768d55e52d17;[];SIAPA YANG MAU IKUT?
983;218;1-10;780621.0;text;;[];False;False;135f768d55e52d17;[];YUK
984;218;1-10;780716.0;text;;['👀'];False;False;135f768d55e52d17;[];OTW
985;218;101-500;780836.0;text;;[];False;True;cd7132cbaa083ee7;[];yesss gw akhirnya dapet nilai a di mata kuliah yg paling gw takutin selama ni!... padahal gw udah pasrah bgt pas ujian soalnya soalnya susah parah. ternyata tugas dan presentasi gw nilainya bagus jadi bs... nutupin nilai ujian. alhamdulillah bgt perjuangan ga sia sia!
986;218;1-10;780846.0;text;982.0;[];False;False;cd7132cbaa083ee7;[];hehe
987;218;11-50;780851.0;text;;[];False;False;c673c542ef9bde9f;[];gw lg ngerjain tugas nih
988;218;11-50;780862.0;text;;[];False;False;135f768d55e52d17;[];GW LG NGERJAIN TUGAS NIH
989;218;11-50;780863.0;text;;[];False;False;5d5403e046903e00;[];dosen gw galak banget sih
990;218;11-50;780870.0;text;;[];False;False;5d5403e046903e00;[];gw lg ngerjain,,, tugas nih
991;218;11-50;780928.0;text;;[];False;False;74107b7ee42fb2c9;[];deadline besok pagi bro
992;218;11-50;780977.0;text;;[];False;False;c673c542ef9bde9f;[];gw lg ngerjain tugas nih
993;218;1-10;781025.0;text;;[];False;False;7318fd417024ba90;[];yuk
994;218;11-50;781126.0;text;;[];False;False;a3bdbb2ae32da92a;[];matkul ini susahh banget
995;218;11-50;781134.0;text;;[];False;False;a3bdbb2ae32da92a;[];presentasi gw amburadul
996;218;1-10;781265.0;text;;['😂'];False;False;49519b53c423dd0d;[];okee
997;219;11-50;782708.0;text;;[];False;False;7318fd417024ba90;[];dosen gw galak banget sih
998;219;11-50;782716.0;text;;[];False;False;7318fd417024ba90;[];tadi absen ga sih,,, kamu
999;220;11-50;786196.0;text;;[];False;False;b2f5370fd3485bb1;[];gw mau ambil cuti semester
1000;220;11-50;786219.0;text;999.0;[];True;False;04750ee12e6cd329;[];gmn kabar lu skrg?
1001;220;1-10;786222.0;text;;[];False;False;b2f5370fd3485bb1;[];bet
1002;220;1-10;786231.0;text;;[];False;False;b2f5370fd3485bb1;[];done
1003;220;11-50;786245.0;text;;[];True;False;398fda1df1ad5f2c;[];ada yang punya catetan?
1004;220;11-50;786248.0;text;;[];False;False;398fda1df1ad5f2c;[];gw mau ambil cuti semester
1005;220;11-50;786255.0;text;;[];False;False;a3bdbb2ae32da92a;[];tugas kelompok bikin pusing
1006;220;1-10;786261.0;text;1004.0;[];False;False;a3bdbb2ae32da92a;[];hmm
1007;220;11-50;786276.0;text;;[];False;False;b2f5370fd3485bb1;[];kelas tambahan hari sabtu sih
1008;220;1-10;786280.0;text;;['😂'];False;False;b2f5370fd3485bb1;[];tuh
1009;220;11-50;786283.0;text;;[];False;False;b2f5370fd3485bb1;[];proposal skripsi gw ditolak
1010;220;11-50;786294.0;text;;[];False;False;b2f5370fd3485bb1;[];seminar tadi lama banget
1011;220;1-10;786296.0;text;;[];False;False;1530a0317105342e;[];bet
1012;220;1-10;786306.0;text;;[];False;False;c58531f5a1cc6b42;[];tuh
1013;220;1-10;786311.0;text;;[];False;False;c58531f5a1cc6b42;[];sabi
1014;220;1-10;786322.0;application/pdf;;[];False;False;1530a0317105342e;[];[Dokumen PDF]
1015;220;1-10;786325.0;text;;[];True;False;1530a0317105342e;[];bener?
1016;220;1-10;786365.0;text;1012.0;[];False;False;42a92bc178083211;[];sabi
1017;220;1-10;786390.0;text;;[];True;False;398fda1df1ad5f2c;[];hah?
1018;220;0;786403.0;sticker/webp;;[];False;False;c58531f5a1cc6b42;[];[Stiker]
1019;220;1-10;786754.0;text;;[];False;False;b2f5370fd3485bb1;[];nih
1020;220;51-100;787234.0;text;;[];True;False;a3bdbb2ae32da92a;['b2f5370fd3485bb1'];menurutttt lu gw harus ambilll mataaaa kuliah pilihan yang manaa semesterrr depan?
1021;220;11-50;787298.0;text;;[];False;False;babd75a604c49c23;[];mie ayam pak kumis juara sih,,,
1022;220;11-50;787302.0;text;;[];False;False;babd75a604c49c23;[];gw baru aja dari,,, kampus
1023;220;1-10;787360.0;text;;[];True;False;1d6ca29fccb4bf31;[];gmn?
1024;220;11-50;787374.0;text;;[];True;False;49519b53c423dd0d;[];bolehh gw ikut ga?
1025;220;11-50;787384.0;text;;['😂'];False;False;398fda1df1ad5f2c;[];proposal skripsi gw ditolak...
1026;220;11-50;787395.0;text;;[];False;False;49519b53c423dd0d;[];gw baruu aja dari kampus
1027;220;0;787397.0;sticker/webp;;[];False;False;49519b53c423dd0d;[];[Stiker]
1028;220;11-50;787397.0;text;;['😂'];False;False;398fda1df1ad5f2c;[];proposal skripsi gw ditolak
1029;220;11-50;787412.0;text;;[];True;False;49519b53c423dd0d;[];gimana kabar lu sekarang?
1030;220;11-50;787413.0;text;;[];False;False;398fda1df1ad5f2c;[];kelas tambahan hari sabtu sih
1031;220;1-10;787417.0;text;;['😂'];False;False;398fda1df1ad5f2c;[];hmm
1032;220;11-50;787428.0;text;;[];True;False;398fda1df1ad5f2c;[];gimana kabar lu sekarang?
1033;220;11-50;787429.0;text;;[];False;False;398fda1df1ad5f2c;[];gw baru aja dari kampus
1034;220;11-50;787449.0;text;;[];False;False;398fda1df1ad5f2c;[];sidang minggu depan doain ya...
1035;220;1-10;787481.0;text;;['😂'];False;False;1d6ca29fccb4bf31;[];done
1036;220;11-50;787493.0;text;;[];False;False;04750ee12e6cd329;[];mie ayam pak kumis juara sih
1037;220;11-50;787497.0;text;;[];False;False;04750ee12e6cd329;[];sidang minggu depan doain ya
1038;220;11-50;787498.0;text;;[];False;False;1d6ca29fccb4bf31;[];sidang minggu depan doain ya
1039;220;1-10;787509.0;text;;[];False;False;babd75a604c49c23;[];nih
1040;220;11-50;787510.0;text;;[];False;False;398fda1df1ad5f2c;[];proposal skripsi gw ditolak
1041;220;11-50;787516.0;text;;[];False;False;398fda1df1ad5f2c;[];kelas tambahan hari sabtu... sih
1042;220;1-10;787518.0;text;;[];False;False;398fda1df1ad5f2c;[];aman
1043;220;11-50;787526.0;text;;[];False;False;babd75a604c49c23;[];sidang minggu depan doain ya
1044;220;11-50;787535.0;text;;[];False;False;babd75a604c49c23;[];kelas tambahan hari sabtu,,, sih
1045;220;11-50;787535.0;text;;[];False;False;398fda1df1ad5f2c;[];seminar tadi lama banget
1046;220;500+;787535.0;text;;[];True;False;398fda1df1ad5f2c;[];boleh gw ikut ga?
1047;220;11-50;787537.0;text;;[];False;False;04750ee12e6cd329;[];warteg depan kampus enak
1048;220;11-50;787591.0;text;;[];False;False;398fda1df1ad5f2c;[];mie ayam pak... kumis juara... sih
1049;220;51-100;787600.0;text;;[];False;False;398fda1df1ad5f2c;[];jangan lupa besok kumpul di lobby kampus jam 8... pagi... buat berangkat bareng
1050;220;11-50;787620.0;text;;[];False;False;04750ee12e6cd329;[];dosen pembimbing susah ditemui
1051;220;1-10;787622.0;text;;[];False;False;04750ee12e6cd329;[];bole
1052;220;11-50;787627.0;text;;[];False;False;04750ee12e6cd329;[];kelas tambahan hari sabtu sih
1053;220;11-50;787640.0;text;;[];False;False;04750ee12e6cd329;[];mie ayam pak kumis juara sih
1054;220;1-10;787641.0;text;;[];False;False;398fda1df1ad5f2c;[];asli
1055;220;11-50;787645.0;text;;[];False;False;398fda1df1ad5f2c;[];mie ayam pak kumis juara sih...
1056;220;1-10;787654.0;text;;[];False;False;04750ee12e6cd329;[];tuh
1057;220;11-50;787656.0;text;;[];False;False;398fda1df1ad5f2c;[];gw mau ambil cuti semester
1058;220;11-50;787674.0;text;;[];False;False;04750ee12e6cd329;[];proposal skripsi gw ditolak
1059;220;11-50;787699.0;text;;[];True;False;eab4dd87d4666531;[];gmn kabar lu skrg?
1060;220;11-50;787721.0;text;;[];False;False;398fda1df1ad5f2c;[];lu udah makan belum
1061;220;51-100;787741.0;text;;[];False;False;398fda1df1ad5f2c;[];kosan gw bocor lagi pas hujan semalam, kasur gw basah semua parah banget
1062;220;51-100;787768.0;text;;['😂'];False;False;398fda1df1ad5f2c;[];jangan lupa besok kumpul di lobby kampus jam 8 pagi buat berangkat bareng
1063;220;11-50;787779.0;text;;[];False;False;04750ee12e6cd329;[];warteg depan kampus enak
1064;220;11-50;787781.0;text;;[];False;False;398fda1df1ad5f2c;[];kelas tambahan hari sabtu sih
1065;220;1-10;787786.0;text;;[];True;False;eab4dd87d4666531;[];gmn?
1066;220;1-10;787788.0;text;;[];False;False;eab4dd87d4666531;[];nah
1067;220;11-50;787790.0;text;;[];False;True;398fda1df1ad5f2c;[];parah sih tadi kejadiannya!
1068;220;11-50;787791.0;text;;[];False;False;1d6ca29fccb4bf31;[];seminar tadi lama banget
1069;220;11-50;787800.0;text;;[];False;False;eab4dd87d4666531;[];lu udah makan blm
1070;220;1-10;787809.0;text;;[];False;False;04750ee12e6cd329;[];tuh
1071;220;1-10;787811.0;text;;[];False;False;04750ee12e6cd329;[];bet
1072;220;11-50;787813.0;text;;[];False;False;398fda1df1ad5f2c;[];gw baru aja dari... kampus
1073;220;1-10;787816.0;text;;[];False;False;04750ee12e6cd329;[];done
1074;220;1-10;787819.0;text;;[];False;False;1d6ca29fccb4bf31;[];asli
1075;220;11-50;787826.0;text;;[];False;False;398fda1df1ad5f2c;[];kelas tambahan hari sabtu sih
1076;220;1-10;787828.0;text;;[];False;False;eab4dd87d4666531;[];sabi
1077;220;1-10;787832.0;text;;[];False;False;eab4dd87d4666531;[];bet
1078;220;11-50;787833.0;text;;[];False;False;398fda1df1ad5f2c;[];gw laper banget nih
1079;220;11-50;787842.0;text;;[];False;False;eab4dd87d4666531;[];gw baru aja dr kampus
1080;220;1-10;787847.0;text;;[];False;False;eab4dd87d4666531;[];bet
1081;220;11-50;787856.0;text;;[];False;False;eab4dd87d4666531;[];kelas tambahan hari sabtu sih
1082;220;11-50;787862.0;text;;['😂'];False;False;398fda1df1ad5f2c;[];mie ayam pak kumis juara sih
1083;220;11-50;787863.0;text;;[];False;False;1d6ca29fccb4bf31;[];gw baru aja dari kampus
1084;220;1-10;787875.0;text;;[];False;False;1d6ca29fccb4bf31;[];aman
1085;220;51-100;787877.0;text;;[];False;False;5ff5b84aecfc7b32;[];kosan gw bocor lagi pas... hujan... semalam, kasur gw basah semua parah... banget
1086;220;11-50;787883.0;text;;[];False;False;eab4dd87d4666531;[];proposal skripsi gw ditolak
1087;220;1-10;787890.0;text;;[];False;False;eab4dd87d4666531;[];bole
1088;220;1-10;787893.0;text;;[];False;False;398fda1df1ad5f2c;[];asli
1089;220;1-10;787893.0;text;;['🤭'];False;False;398fda1df1ad5f2c;[];bet
1090;220;11-50;787894.0;text;;[];False;False;398fda1df1ad5f2c;[];proposal skripsi gw ditolak
1091;220;1-10;787902.0;text;;['😂'];False;False;5ff5b84aecfc7b32;[];done
1092;220;11-50;787903.0;text;;[];False;False;eab4dd87d4666531;[];tugas kelompok bikin pusing
1093;220;11-50;787905.0;text;;[];False;False;5ff5b84aecfc7b32;[];gw baru aja dari kampus
1094;220;11-50;787911.0;text;;[];False;False;398fda1df1ad5f2c;[];proposal skripsi gw ditolak
1095;220;11-50;787913.0;text;;[];False;False;398fda1df1ad5f2c;[];gw mau ambil cuti semester
1096;220;51-100;787920.0;text;;[];False;False;4660cfbd3f9724c3;[];kosan gw bocor lagi pas hujan semalam, kasur gw basah semua parah banget
1097;220;11-50;787927.0;text;;['😂'];False;False;398fda1df1ad5f2c;[];lu udah makan belum
1098;220;11-50;787932.0;text;;[];False;False;a3bdbb2ae32da92a;[];tugass kelompokkk bikinn pusing
1099;220;11-50;787935.0;text;;[];False;False;a3bdbb2ae32da92a;[];kelas tambahan hariii sabtu sih
1100;220;1-10;787944.0;text;;[];False;False;a3bdbb2ae32da92a;[];gpp
1101;220;11-50;787962.0;text;;[];False;False;398fda1df1ad5f2c;[];sidang minggu depan doain ya
1102;220;1-10;787966.0;text;;['😂'];False;False;398fda1df1ad5f2c;[];aman
1103;220;11-50;787967.0;text;;[];False;False;a3bdbb2ae32da92a;[];dosennn pembimbingg susah ditemui
1104;220;1-10;787976.0;text;;['😂'];False;False;398fda1df1ad5f2c;[];done
1105;220;11-50;787987.0;text;;['😂'];False;False;398fda1df1ad5f2c;[];gw baru aja dari kampus
1106;220;1-10;787996.0;text;;[];True;False;eab4dd87d4666531;[];gmn?
1107;220;11-50;787999.0;text;;[];False;False;eab4dd87d4666531;[];lu udah makan blm
1108;220;51-100;788022.0;text;1106.0;[];False;False;398fda1df1ad5f2c;[];jangan lupa besok kumpul di lobby kampus jam 8 pagi buat berangkat bareng
1109;220;1-10;788031.0;text;;[];False;False;eab4dd87d4666531;[];tuh
1110;220;11-50;788035.0;text;;[];False;False;398fda1df1ad5f2c;[];lu udah makan belum
1111;220;1-10;788037.0;text;;[];False;False;eab4dd87d4666531;[];nah
1112;220;11-50;788037.0;text;;[];False;False;eab4dd87d4666531;[];proposal skripsi gw ditolak
1113;220;1-10;788037.0;text;;[];False;False;eab4dd87d4666531;[];sabi
1114;220;11-50;788051.0;text;;[];False;False;eab4dd87d4666531;[];mie ayam pak kumis juara sih
1115;220;11-50;788053.0;text;;['😂'];False;False;398fda1df1ad5f2c;[];kelas tambahan hari sabtu sih
1116;220;1-10;788072.0;text;;[];False;False;eab4dd87d4666531;[];nih
1117;220;11-50;788123.0;text;;[];False;False;a3bdbb2ae32da92a;[];gw mau ambil cuti semester
1118;220;11-50;788124.0;text;;[];False;False;1d6ca29fccb4bf31;[];mie ayam pak kumis... juara... sih...
1119;220;1-10;788125.0;text;;[];False;False;a3bdbb2ae32da92a;[];nah
1120;220;51-100;788148.0;text;;[];False;False;398fda1df1ad5f2c;[];gw lagi mikirin mau ambil magang di perusahaan mana buat semester depan
1121;220;1-10;788168.0;text;;['🙄'];False;False;398fda1df1ad5f2c;[];nah
1122;220;11-50;788168.0;text;;[];False;False;398fda1df1ad5f2c;[];tugas kelompok bikin pusing
1123;220;1-10;788188.0;text;;[];False;False;eab4dd87d4666531;[];hmm
1124;220;1-10;788189.0;text;;[];False;False;eab4dd87d4666531;[];gpp
1125;220;1-10;788220.0;text;;[];False;False;a3bdbb2ae32da92a;[];donee
1126;220;11-50;788318.0;text;;[];True;False;1d6ca29fccb4bf31;[];ada yang punya catetan?
1127;220;101-500;788344.0;text;;[];False;False;398fda1df1ad5f2c;[];gw lagi galau banget nih soal masa depan. mau lanjut S2 tapi duit ga ada, mau langsung kerja... tapi pengalaman masih minim. nyokap bilang... terserah... gw aja tapi gw tau dia pengen... gw cepet kerja biar bisa bantu ekonomi keluarga.... bingung banget... sih, kayak semua... pilihan ada plus minusnya
1128;220;1-10;788348.0;text;;['😂'];False;False;398fda1df1ad5f2c;[];gaje
1129;220;11-50;788356.0;text;;[];False;False;398fda1df1ad5f2c;[];gw mau ambil... cuti semester
1130;220;1-10;788366.0;text;;[];False;False;1d6ca29fccb4bf31;[];sabi
1131;220;1-10;788378.0;text;;[];False;False;1d6ca29fccb4bf31;[];nah
1132;220;51-100;788418.0;text;;[];False;False;1d6ca29fccb4bf31;[];gw lagi mikirin mau ambil magang... di perusahaan mana... buat semester depan...
1133;220;11-50;788428.0;text;;[];False;False;1d6ca29fccb4bf31;[];sidang minggu depan... doain ya
1134;220;11-50;788432.0;text;;[];False;False;a3bdbb2ae32da92a;[];gw baru aja dariiii kampus
1135;220;1-10;788442.0;text;;['😂'];False;False;398fda1df1ad5f2c;[];aman
1136;220;11-50;788454.0;text;;[];True;False;398fda1df1ad5f2c;[];gimana kabar lu sekarang?
1137;220;11-50;788463.0;text;;[];False;False;398fda1df1ad5f2c;[];seminar tadi lama banget
1138;220;51-100;788477.0;text;;[];False;False;1d6ca29fccb4bf31;[];kemarin gw ke toko buku beli novel baru sama... buku referensi buat skripsi
1139;220;51-100;788482.0;text;;[];False;False;2f136fe80e312979;[];jangan lupa besok kumpul di lobby,,, kampus jam 8 pagi buat berangkat bareng
1140;220;1-10;788485.0;text;;['😂'];False;False;2f136fe80e312979;[];done
1141;220;11-50;788491.0;text;;['😂'];False;False;398fda1df1ad5f2c;[];mie ayam pak kumis juara... sih...
1142;220;51-100;788631.0;text;;[];True;False;a3bdbb2ae32da92a;[];menuruttt lu gw harusss ambilll mata kuliahh pilihannnn yang mana semester depan?
1143;220;11-50;788698.0;text;;[];False;False;398fda1df1ad5f2c;[];lu udah makan belum
1144;221;11-50;789916.0;text;;[];False;False;2ae8122641b0b5c7;[];nongkrong yuk di kafe biasa
1145;221;0;789947.0;video/mp4;;[];False;False;2ae8122641b0b5c7;[];[Video]
1146;222;0;792832.0;image/jpeg;;[];False;False;7318fd417024ba90;[];[Foto]
1147;222;11-50;794165.0;text;;[];False;False;398fda1df1ad5f2c;[];eh denger gosip belum
1148;222;1-10;794167.0;text;;[];False;False;398fda1df1ad5f2c;[];ywd
1149;222;11-50;794172.0;text;;[];False;False;74107b7ee42fb2c9;[];ankgot ke sana msh ad ga
1150;222;11-50;794179.0;text;;[];False;False;398fda1df1ad5f2c;[];reuni kapan ya kita
1151;222;11-50;794181.0;text;;[];False;False;74107b7ee42fb2c9;[];temenin gw dogn besok
1152;222;11-50;794187.0;text;;[];False;False;398fda1df1ad5f2c;[];gw kangen temen... temen SMA
1153;222;1-10;794192.0;text;;['😂'];False;False;398fda1df1ad5f2c;[];cape
1154;222;1-10;794207.0;text;;[];False;False;74107b7ee42fb2c9;[];uadh
1155;222;1-10;794209.0;text;;[];False;False;74107b7ee42fb2c9;[];dong
1156;222;11-50;794233.0;text;;[];False;False;74107b7ee42fb2c9;[];jangan bilang siapa siapa ya
1157;222;1-10;794243.0;text;;[];False;False;a3bdbb2ae32da92a;[];udah
1158;222;1-10;794337.0;text;1157.0;[];False;False;398fda1df1ad5f2c;[];males
1159;222;11-50;794442.0;text;;[];False;False;a3bdbb2ae32da92a;[];gw berantem sama si anu
1160;222;11-50;794458.0;text;;[];False;False;a3bdbb2ae32da92a;[];si itu udah putusss katanyaaa
1161;222;1-10;794615.0;text;;[];False;False;7318fd417024ba90;[];cape
1162;223;11-50;800675.0;text;;[];False;False;a3bdbb2ae32da92a;[];hp gw lowbat nihh
1163;223;11-50;800688.0;text;;[];False;False;a3bdbb2ae32da92a;[];capek bangett hariii iniii asli
1164;223;1-10;800689.0;text;;[];False;False;a3bdbb2ae32da92a;[];okeyy
1165;223;11-50;800697.0;text;;[];False;False;398fda1df1ad5f2c;[];gw lg sibuk... bgt minggu ini
1166;223;1-10;800705.0;text;;[];False;False;a3bdbb2ae32da92a;[];ah
1167;223;11-50;800711.0;text;;[];False;False;a3bdbb2ae32da92a;[];gw baru ganti nomor btw
1168;223;51-100;800721.0;text;;[];False;False;398fda1df1ad5f2c;[];duit jajan gw abis padahal baru tanggal 15... harus ngirit banget nih...
1169;223;11-50;800731.0;text;;[];False;False;398fda1df1ad5f2c;[];cuaca hari ini panas banget...
1170;223;1-10;800737.0;text;;[];False;False;398fda1df1ad5f2c;[];okk
1171;223;1-10;800742.0;text;;[];False;False;398fda1df1ad5f2c;[];yoii
1172;223;11-50;800746.0;text;;[];False;False;a3bdbb2ae32da92a;[];bentarrr ya gw lg di jalann
1173;223;11-50;800747.0;text;;[];False;False;a3bdbb2ae32da92a;[];bentarrrr ya gw lg di jalan
1174;223;0;800759.0;sticker/webp;;[];False;False;398fda1df1ad5f2c;[];[Stiker]
1175;223;0;800769.0;sticker/webp;;[];False;False;a3bdbb2ae32da92a;[];[Stiker]
1176;223;0;800777.0;sticker/webp;;[];False;False;398fda1df1ad5f2c;[];[Stiker]
1177;223;0;800778.0;sticker/webp;;[];False;False;398fda1df1ad5f2c;[];[Stiker]
1178;223;1-10;800896.0;text;1168.0;[];False;False;49519b53c423dd0d;[];seep
1179;223;11-50;800940.0;text;;[];False;False;398fda1df1ad5f2c;[];charger hp gw... rusak lagi
1180;223;11-50;800942.0;text;;[];False;False;a3bdbb2ae32da92a;[];cuacaa hari ini panas banget
1181;223;0;800952.0;sticker/webp;;[];False;False;398fda1df1ad5f2c;[];[Stiker]
1182;223;11-50;800957.0;text;;[];False;False;49519b53c423dd0d;[];capek bangetttt hariii ini asliiii
1183;223;11-50;801030.0;text;;[];False;False;49519b53c423dd0d;[];gw lg sibuk bgtttt minggu ini
1184;223;51-100;801126.0;text;;[];False;False;42a92bc178083211;[];laptop gw mulai lemot nih kayaknya harus install ulang atau ganti ram
1185;223;11-50;801203.0;text;;[];True;False;da61054e8f48891f;[];lu punya kontak dia ga?
1186;223;1-10;801250.0;text;;[];False;False;a3bdbb2ae32da92a;[];okey
1187;223;1-10;801260.0;text;;[];False;False;a3bdbb2ae32da92a;[];siapp
1188;223;11-50;801270.0;text;;[];False;False;a3bdbb2ae32da92a;[];ntarr gw kabarin lagi deh
1189;223;11-50;801272.0;text;;[];False;False;a3bdbb2ae32da92a;[];gw lg sibuk bgt minggu iniiii
1190;223;11-50;801357.0;text;;[];False;False;42a92bc178083211;[];cuaca hari ini panas banget
1191;223;1-10;801379.0;image/jpeg;;[];False;False;a3bdbb2ae32da92a;[];[Foto]
1192;223;11-50;801429.0;text;;[];True;False;f0cc7620edf4529a;[];BESOK LIBUR BUKAN SIH?
1193;223;11-50;801452.0;text;;[];True;False;f0cc7620edf4529a;[];BESOK LIBUR BUKAN SIH?
1194;223;1-10;801469.0;text;;[];False;False;a3bdbb2ae32da92a;[];yesss
1195;223;0;803662.0;sticker/webp;;[];False;False;398fda1df1ad5f2c;[];[Stiker]
1196;224;11-50;806842.0;text;;[];False;False;a3bdbb2ae32da92a;['398fda1df1ad5f2c'];capekkk bangettt hariii ini asli
1197;224;11-50;806850.0;text;;[];False;False;a3bdbb2ae32da92a;[];bentarrr ya gw lg di jalan
1198;224;11-50;806852.0;text;;[];False;False;a3bdbb2ae32da92a;[];gw lagi di atm sebentar
1199;224;11-50;806987.0;text;;[];False;False;398fda1df1ad5f2c;[];gw mau tidur... dulu ya
1200;224;11-50;806995.0;text;;[];False;False;7318fd417024ba90;[];hujan deres ga bawa payung
1201;224;1-10;806996.0;text;;[];False;False;a3bdbb2ae32da92a;[];ah
1202;224;1-10;807005.0;text;;[];True;False;c58531f5a1cc6b42;[];gk?
1203;224;11-50;807005.0;text;;[];True;False;a3bdbb2ae32da92a;[];bisa jemput gw ga?
1204;224;11-50;807014.0;text;1203.0;[];False;False;7318fd417024ba90;[];gw lg sibuk bgt minggu ini
1205;224;0;807021.0;image/jpeg;;[];False;False;7318fd417024ba90;[];[Foto]
1206;224;11-50;807022.0;text;;[];True;False;cad8366137434749;[];BISA JEMPUT GW GA?
1207;224;11-50;807025.0;text;;[];False;False;398fda1df1ad5f2c;[];dompet gw ketinggalan di rumah...
1208;224;11-50;807027.0;text;;[];False;False;398fda1df1ad5f2c;[];gw lg sibuk bgt minggu ini
1209;224;1-10;807034.0;text;1205.0;[];False;False;a3bdbb2ae32da92a;[];okk
1210;224;11-50;807038.0;text;;[];False;False;a3bdbb2ae32da92a;[];hujan deres ga bawa payung
1211;224;51-100;807056.0;text;;[];False;False;398fda1df1ad5f2c;[];gw lagi dengerin... podcast tentang psikologi, lumayan buat... nambah... wawasan
1212;224;11-50;807063.0;text;;[];False;False;398fda1df1ad5f2c;[];wifi kampus lemot parah
1213;224;11-50;807065.0;text;;[];False;False;398fda1df1ad5f2c;[];gw lagi di atm sebentar
1214;224;1-10;807082.0;text;;[];False;False;a3bdbb2ae32da92a;[];okeyyy
1215;224;1-10;807085.0;text;;[];False;False;a3bdbb2ae32da92a;[];seep
1216;224;11-50;807092.0;text;;[];False;False;a3bdbb2ae32da92a;[];gw lg sibukk bgt mingguuu iniii
1217;224;11-50;807093.0;text;;[];True;False;398fda1df1ad5f2c;[];masih buka ga warungnya?
1218;224;11-50;807097.0;text;;[];False;False;a3bdbb2ae32da92a;[];gw lg sibuk bgtt minggu ini
1219;224;1-10;807099.0;text;;[];False;False;a3bdbb2ae32da92a;[];gassss
1220;224;0;807109.0;sticker/webp;;[];False;False;398fda1df1ad5f2c;[];[Stiker]
1221;224;0;807259.0;image/jpeg;;[];False;False;a3bdbb2ae32da92a;[];[Foto]
1222;224;1-10;807263.0;text;;[];False;False;a3bdbb2ae32da92a;[];eh
1223;224;11-50;807275.0;text;;[];False;False;398fda1df1ad5f2c;[];gw lagi di atm sebentar
1224;225;0;813523.0;image/jpeg;;[];False;False;a3bdbb2ae32da92a;[];[Foto]
1225;225;0;813538.0;video/mp4;;[];False;False;a3bdbb2ae32da92a;[];[Video]
1226;225;1-10;813540.0;text;;[];True;False;398fda1df1ad5f2c;[];serius?
1227;225;11-50;813550.0;text;;[];False;False;a3bdbb2ae32da92a;[];tadi gw makan nasi padang
1228;225;11-50;813555.0;text;;[];False;False;a3bdbb2ae32da92a;[];bakso malang itu buka ga ya
1229;225;11-50;813563.0;text;;[];True;False;398fda1df1ad5f2c;[];itu beneran apa hoax?
1230;225;11-50;813570.0;text;;[];False;False;a3bdbb2ae32da92a;[];gw mau pesen gofood dulu
1231;225;1-10;813581.0;text;;[];False;False;398fda1df1ad5f2c;[];lol
1232;225;0;814075.0;sticker/webp;;[];False;False;398fda1df1ad5f2c;[];[Stiker]
1233;225;0;814095.0;image/jpeg;;[];False;False;a3bdbb2ae32da92a;[];[Foto]
1234;225;11-50;814351.0;text;;[];False;False;423cee2941b71dc3;[];MASAK SENDIRI LEBIH HEMAT SIH
1235;225;11-50;814356.0;text;;[];False;False;423cee2941b71dc3;[];TADI GW MAKAN NASI PADANG
1236;225;11-50;814367.0;text;;[];False;False;423cee2941b71dc3;[];INDOMIE TELOR UDAH CUKUP KOK
1237;225;0;814383.0;sticker/webp;;[];False;False;423cee2941b71dc3;[];[Stiker]
1238;225;11-50;814536.0;text;;[];False;False;a3bdbb2ae32da92a;[];gw mau pesennn gofoodd dulu
1239;225;0;814550.0;sticker/webp;;[];False;False;a3bdbb2ae32da92a;[];[Stiker]
1240;225;0;815924.0;sticker/webp;;[];False;False;423cee2941b71dc3;[];[Stiker]
1241;226;51-100;818580.0;text;;[];True;False;a3bdbb2ae32da92a;[];eh lu udah dapetttt info jadwal ujian akhir semester belum darii prodi?
1242;226;11-50;819074.0;text;;[];False;False;1d6ca29fccb4bf31;[];gw belom mulai tugas
1243;226;11-50;819573.0;text;;[];True;False;1530a0317105342e;[];siapaaaa yang mauuuu ikut?
1244;226;11-50;819582.0;text;;[];False;False;398fda1df1ad5f2c;[];IPK gw turun semester ini
1245;226;11-50;819666.0;text;;[];False;False;1530a0317105342e;[];dosen gw galak banget sih
1246;226;11-50;819680.0;text;;[];False;False;1530a0317105342e;[];ipk gw turunnn semester iniii
1247;226;0;819706.0;sticker/webp;;[];False;False;398fda1df1ad5f2c;[];[Stiker]
1248;226;11-50;819763.0;text;;[];False;False;a3bdbb2ae32da92a;[];ipkkk gw turun semester ini
1249;226;1-10;819764.0;text;;[];False;False;a3bdbb2ae32da92a;[];otw
1250;226;11-50;819792.0;text;;[];False;False;398fda1df1ad5f2c;[];perpus tutup jam berapa ya
1251;226;51-100;819792.0;text;;[];False;False;a3bdbb2ae32da92a;['398fda1df1ad5f2c'];nyokapp gw nelfon tadi nanyain kapannnn pulang, gw bilang ajaa abissss ujian
1252;226;11-50;819817.0;text;;[];False;False;398fda1df1ad5f2c;[];lab komputer penuh... terus
1253;226;0;819817.0;sticker/webp;;[];False;False;398fda1df1ad5f2c;[];[Stiker]
1254;226;0;819825.0;sticker/webp;;[];False;False;a3bdbb2ae32da92a;[];[Stiker]
1255;226;0;819834.0;sticker/webp;;[];False;False;398fda1df1ad5f2c;[];[Stiker]
1256;226;0;819846.0;sticker/webp;;[];False;False;a3bdbb2ae32da92a;[];[Stiker]
1257;226;0;819848.0;sticker/webp;;[];False;False;a3bdbb2ae32da92a;[];[Stiker]
1258;226;0;819856.0;sticker/webp;;[];False;False;a3bdbb2ae32da92a;[];[Stiker]
1259;226;0;819871.0;sticker/webp;;[];False;False;398fda1df1ad5f2c;[];[Stiker]
1260;226;11-50;819872.0;text;;[];False;False;a3bdbb2ae32da92a;[];gw lg ngerjainnnn tugas nih
1261;226;11-50;819873.0;text;;[];True;False;1530a0317105342e;['a3bdbb2ae32da92a'];tugas dikumpul kapan sih?
1262;226;0;819886.0;sticker/webp;;[];False;False;1530a0317105342e;[];[Stiker]
1263;226;0;819890.0;sticker/webp;;[];False;False;398fda1df1ad5f2c;[];[Stiker]
1264;226;11-50;819895.0;text;;[];False;False;a3bdbb2ae32da92a;[];gw lg ngerjainnn tugassss nih
1265;226;0;819909.0;sticker/webp;;[];False;False;1530a0317105342e;[];[Stiker]
1266;226;0;819919.0;sticker/webp;;[];False;False;a3bdbb2ae32da92a;[];[Stiker]
1267;226;11-50;820027.0;image/jpeg;;[];False;False;398fda1df1ad5f2c;[];[Foto]
1268;226;11-50;820108.0;text;;[];False;False;5ff5b84aecfc7b32;[];gw belom mulai tugas...
1269;226;0;820122.0;video/mp4;;[];False;False;a3bdbb2ae32da92a;[];[Video]
1270;226;0;820137.0;sticker/webp;1268.0;[];False;False;a3bdbb2ae32da92a;[];[Stiker]
1271;226;0;820147.0;sticker/webp;1268.0;[];False;False;398fda1df1ad5f2c;[];[Stiker]
1272;226;0;820151.0;sticker/webp;;[];False;False;398fda1df1ad5f2c;[];[Stiker]
1273;226;11-50;820316.0;text;;[];False;False;c58531f5a1cc6b42;[];gw belom mulai tugas
1274;226;11-50;820321.0;text;;[];False;False;c58531f5a1cc6b42;[];presentasi gw amburadul
1275;226;11-50;820384.0;text;1272.0;[];True;False;2f136fe80e312979;[];tugas dikumpul kapan sih?
1276;226;1-10;820682.0;text;;[];False;False;c58531f5a1cc6b42;[];otw
1277;226;1-10;820688.0;text;;[];False;False;c58531f5a1cc6b42;[];siap
1278;226;51-100;820738.0;text;;[];False;False;c58531f5a1cc6b42;[];gw denger katanya semester depan ad mata kuliah baru yg wajib diambil
1279;227;11-50;823257.0;text;;[];False;False;398fda1df1ad5f2c;[];porsi makan gw nambah terus...
1280;227;11-50;823369.0;image/jpeg;;[];False;False;a3bdbb2ae32da92a;['7318fd417024ba90'];[Foto]
1281;227;11-50;823826.0;text;;[];False;False;7318fd417024ba90;[];porsi makan gw nambah terus
1282;227;1-10;823828.0;text;;[];False;False;7318fd417024ba90;[];ngab
1283;227;11-50;823828.0;text;;[];False;False;7318fd417024ba90;[];tadi gw makan nasi,,, padang
1284;227;51-100;823856.0;text;;[];True;False;529638f4b7b8b2f5;[];ada yang tau kenapa kantin kampus tutup lebih awal hari ini ga sih?
1285;227;1-10;823868.0;text;;[];False;False;7318fd417024ba90;[];yep
1286;227;11-50;823897.0;text;;[];True;False;529638f4b7b8b2f5;[];bayar berapa sih tadi?
1287;227;0;823909.0;sticker/webp;;[];False;False;f0cc7620edf4529a;[];[Stiker]
1288;228;51-100;826080.0;text;;[];True;False;15a9a70e8f97fbef;[];ada yang punya softcopyy buku mata kuliah statistikk semester ini ga?
1289;228;1-10;826082.0;text;;[];False;False;15a9a70e8f97fbef;[];okey
1290;228;51-100;826107.0;text;;[];True;False;15a9a70e8f97fbef;[];lu tau ga tempat printtt yang murahhhh dekettt kampus buat tugas akhir?
1291;228;51-100;826516.0;text;;[];False;False;529638f4b7b8b2f5;[];laptop gw mulai lemot nih kayaknya harus install ulang atau ganti RAM
1292;228;11-50;826581.0;text;;[];False;False;15a9a70e8f97fbef;[];hp gw lowbatt nih
1293;228;0;826581.0;image/jpeg;;[];False;False;15a9a70e8f97fbef;[];[Foto]
1294;228;11-50;826680.0;text;;[];False;False;a3bdbb2ae32da92a;[];wifi kampus lemott parah
1295;228;1-10;826686.0;text;;[];False;False;a3bdbb2ae32da92a;[];ah
1296;228;1-10;826703.0;text;;[];False;False;529638f4b7b8b2f5;[];yoii
1297;228;11-50;826823.0;text;;[];False;False;15a9a70e8f97fbef;[];gw lg sibuk bgt minggu ini
1298;228;51-100;826839.0;text;;[];False;False;15a9a70e8f97fbef;[];gw lagii dengerin podcastttt tentanggg psikologi, lumayan buat nambah wawasan
1299;228;11-50;826844.0;text;;[];False;False;15a9a70e8f97fbef;[];ntar gw kabarin lagii dehhhh
1300;228;51-100;826859.0;text;;[];False;False;15a9a70e8f97fbef;[];tadi gw antri di administrasiii kampus 2 jam cuma buat ngurusss surat
1301;228;0;826870.0;sticker/webp;;[];False;False;15a9a70e8f97fbef;[];[Stiker]
1302;228;11-50;826916.0;text;;['❤'];False;False;15a9a70e8f97fbef;[];ntar gw kabarin lagiiii deh
1303;229;11-50;829401.0;text;;[];True;False;eedee5ba1f9092d3;[];ad yg pny catetan?
1304;229;1-10;829417.0;text;;['😂'];False;False;eedee5ba1f9092d3;[];asli
1305;230;0;859483.0;sticker/webp;;[];False;False;a3bdbb2ae32da92a;[];[Stiker]
1306;230;11-50;861654.0;image/jpeg;;[];False;False;a3bdbb2ae32da92a;['7318fd417024ba90'];[Foto]
1307;230;1-10;861690.0;text;;[];False;False;7318fd417024ba90;[];dong
1308;230;1-10;861699.0;text;;[];False;False;7318fd417024ba90;[];cape
1309;230;1-10;861703.0;text;;[];False;False;7318fd417024ba90;[];ywd
1310;230;0;864851.0;image/jpeg;;[];False;False;7318fd417024ba90;[];[Foto]
1311;231;0;872436.0;image/jpeg;;[];False;False;7318fd417024ba90;[];[Foto]
1312;231;0;872559.0;image/jpeg;;[];False;False;8f1d65d9122f92d0;[];[Foto]
1313;231;1-10;872867.0;text;;[];True;False;529638f4b7b8b2f5;[];siapa?
1314;231;51-100;872991.0;text;;['🤣', '👌'];False;False;8f1d65d9122f92d0;[];gw baru aja selesai ngerjain tugassss sampeeee jammmm 3 pagi, mauu matii rasanya
1315;231;1-10;873003.0;text;;['👀'];True;False;8f1d65d9122f92d0;[];apa?
1316;231;51-100;873024.0;text;;[];False;False;529638f4b7b8b2f5;[];gw baru aja selesai ngerjain tugas sampe jam 3 pagi, mau mati rasanya
1317;231;51-100;873065.0;text;;[];False;False;8f1d65d9122f92d0;[];nyokapppp gw nelfon tadi nanyain kapann pulang, gw bilang aja abissss ujian
1318;231;11-50;873248.0;text;;[];True;False;a3bdbb2ae32da92a;[];siapa yang mau ikut?
1319;231;11-50;873261.0;text;;[];False;False;8f1d65d9122f92d0;[];presentasi gw amburadul
1320;231;11-50;873279.0;text;;[];False;False;a3bdbb2ae32da92a;[];gw skip kelas hari ini
1321;231;11-50;873285.0;text;;[];False;False;529638f4b7b8b2f5;[];dosen gw galak banget sih
1322;231;1-10;873285.0;text;;[];False;False;5ff5b84aecfc7b32;[];yoi
1323;231;11-50;873302.0;text;;[];False;False;529638f4b7b8b2f5;[];dosen gw galak banget sih
1324;231;11-50;873321.0;text;;[];False;False;a3bdbb2ae32da92a;[];lab komputer penuh terus
1325;231;11-50;873324.0;text;;[];False;False;5ff5b84aecfc7b32;[];dosen gw galak banget sih
1326;231;11-50;873328.0;text;;[];False;False;a3bdbb2ae32da92a;[];ipk gw turunnn semesterr inii
1327;231;51-100;873328.0;text;;[];False;False;8f1d65d9122f92d0;[];eh besokkk kita jadii ketemuan di kafe deketttt stasiun kan ya jammm 2 sianggg
1328;231;11-50;873336.0;text;;[];False;False;5ff5b84aecfc7b32;[];presentasi gw amburadul
1329;231;1-10;873337.0;text;;[];False;False;8f1d65d9122f92d0;[];yoi
1330;231;11-50;873357.0;text;;[];False;False;a3bdbb2ae32da92a;[];matkul ini susah banget
1331;231;11-50;873364.0;text;;['🌚'];False;False;8f1d65d9122f92d0;[];gw skipp kelas hariiii ini
1332;231;11-50;873386.0;text;;[];False;False;5ff5b84aecfc7b32;[];matkul ini susah banget
1333;231;11-50;873407.0;text;;[];False;False;a3bdbb2ae32da92a;[];matkull ini susahh banget
1334;231;1-10;873409.0;text;;[];False;False;a3bdbb2ae32da92a;[];siap
1335;231;0;873413.0;sticker/webp;;[];False;False;a3bdbb2ae32da92a;[];[Stiker]
1336;231;11-50;874058.0;text;;[];False;False;7318fd417024ba90;[];matkul ini,,, susah banget
1337;231;51-100;874081.0;text;1327.0;[];True;False;7318fd417024ba90;[];eh lu udah dapet info jadwal ujian akhir semester belum dari prodi?,,,
1338;231;1-10;874106.0;text;;[];False;False;7318fd417024ba90;[];dah
1339;231;11-50;874142.0;text;;[];False;False;529638f4b7b8b2f5;[];gw belom mulai tugas
1340;231;11-50;874165.0;text;;[];False;False;a3bdbb2ae32da92a;[];eh tadii kelas seru bangetttt
1341;231;11-50;874215.0;text;;[];False;False;7318fd417024ba90;[];perpus tutup jam berapa ya
1342;231;11-50;874222.0;text;;[];False;False;7318fd417024ba90;[];gw skip kelas hari ini
1343;231;11-50;874222.0;text;;[];False;False;7318fd417024ba90;[];gw skip kelas hari ini
1344;231;11-50;874222.0;text;;[];False;False;7318fd417024ba90;[];gw lg,,, ngerjain tugas nih
1345;231;1-10;874350.0;text;;['😂'];False;False;5ff5b84aecfc7b32;[];siap
1346;231;1-10;874364.0;text;;[];False;False;5ff5b84aecfc7b32;[];oke
1347;231;11-50;874398.0;text;;[];False;False;398fda1df1ad5f2c;[];presentasi gw amburadul
1348;231;0;874415.0;sticker/webp;;[];False;False;398fda1df1ad5f2c;[];[Stiker]
1349;232;0;876420.0;sticker/webp;;[];False;False;6d21d1ebf3c7f5b9;[];[Stiker]
1350;232;11-50;876452.0;text;;[];False;False;2f136fe80e312979;[];podcast yg lu,,, rekomen,,, mana
1351;233;0;877070.0;sticker/webp;;[];False;False;7318fd417024ba90;[];[Stiker]
1352;233;11-50;878088.0;text;;[];False;False;5ff5b84aecfc7b32;[];nongkrong yuk di kafe biasa
1353;233;11-50;878122.0;text;;[];False;False;423cee2941b71dc3;[];KOPI SUSU YG BIASA YA
1354;233;1-10;878127.0;text;;[];False;False;423cee2941b71dc3;[];LOL
1355;233;11-50;878684.0;text;;[];False;False;1530a0317105342e;[];gw mau nyobaaaa restorannn baru
1356;234;11-50;883513.0;text;;[];False;False;7318fd417024ba90;[];gw belom mulai tugas,,,
1357;234;11-50;883525.0;text;;[];False;False;7318fd417024ba90;[];presentasi gw amburadul
1358;234;0;883531.0;sticker/webp;;[];False;False;a3bdbb2ae32da92a;[];[Stiker]
1359;234;0;883571.0;sticker/webp;;[];False;False;7318fd417024ba90;[];[Stiker]
1360;234;11-50;883592.0;text;;['😂'];False;False;5fd9722af1eca87a;[];presentasii gw amburadul
1361;234;0;883860.0;sticker/webp;;[];False;False;a3bdbb2ae32da92a;[];[Stiker]
1362;234;0;884151.0;sticker/webp;;[];False;False;7318fd417024ba90;[];[Stiker]
1363;235;11-50;885740.0;text;;[];False;False;1d6ca29fccb4bf31;[];bsk sore ada... waktu ga
1364;235;11-50;885750.0;text;;[];False;False;1d6ca29fccb4bf31;[];gw naik ojol aja deh
1365;236;51-100;891651.0;text;;[];True;False;2ae8122641b0b5c7;[];menurut lu gw harus ambil mata kuliah pilihan yang mana semester depan?
1366;236;1-10;891666.0;text;;[];False;False;babd75a604c49c23;[];hmm
1367;236;1-10;891677.0;text;;[];False;False;2ae8122641b0b5c7;[];gaje
1368;236;11-50;891981.0;text;;[];False;False;529638f4b7b8b2f5;[];gw laper banget nih
1369;236;1-10;892257.0;text;;[];False;False;2ae8122641b0b5c7;[];done
1370;237;11-50;893609.0;text;;[];False;False;7318fd417024ba90;[];kita ketemuan dimana aja deh
1371;237;51-100;893617.0;text;;[];False;False;7318fd417024ba90;[];gw harus nabung lebih banyak sih buat bayar,,, uang semester,,, yang naik,,,
1372;237;0;893682.0;sticker/webp;;[];False;False;7318fd417024ba90;[];[Stiker]
1373;238;0;894974.0;image/jpeg;;[];False;False;fec47906e94ec1ff;[];[Foto]
1374;238;11-50;895012.0;text;1373.0;['❤'];False;False;7318fd417024ba90;[];eh denger gosip belum
1375;238;1-10;895020.0;text;;[];False;False;398fda1df1ad5f2c;[];hihi
1376;238;11-50;895023.0;text;1373.0;[];False;False;398fda1df1ad5f2c;[];gw kangen temen temen SMA
1377;238;11-50;895036.0;text;;[];False;False;7318fd417024ba90;[];jangan bilang siapa siapa ya
1378;238;11-50;895040.0;text;1373.0;[];False;False;7318fd417024ba90;[];angkot ke,,, sana masih ada ga
1379;238;11-50;895077.0;text;;[];True;False;398fda1df1ad5f2c;[];kos lu dimana sih... tepatnya?
1380;238;11-50;895078.0;text;;[];False;False;398fda1df1ad5f2c;[];temenin gw dong... besok
1381;238;1-10;895085.0;text;;[];True;False;398fda1df1ad5f2c;[];sampe?
1382;238;1-10;895085.0;text;;[];False;False;398fda1df1ad5f2c;[];cape
1383;238;1-10;895095.0;text;;[];False;False;7318fd417024ba90;[];setuju
1384;238;11-50;895096.0;text;;[];False;False;7318fd417024ba90;[];gw berantem sama,,, si anu
1385;238;1-10;895106.0;text;;['😂'];False;False;fec47906e94ec1ff;[];gabut
1386;238;11-50;895111.0;text;;[];False;False;398fda1df1ad5f2c;[];temen gw sakit masuk RS
1387;238;1-10;895118.0;text;;[];False;False;398fda1df1ad5f2c;[];males
1388;238;11-50;895139.0;text;;[];False;False;7318fd417024ba90;[];temenin gw dong,,, besok,,,
1389;238;11-50;895152.0;text;;[];False;False;398fda1df1ad5f2c;[];si itu udah putus... katanya
1390;238;1-10;895154.0;text;;[];False;False;398fda1df1ad5f2c;[];dong
1391;238;11-50;895182.0;application/pdf;;[];False;False;fec47906e94ec1ff;[];[Dokumen PDF]
1392;238;11-50;895189.0;text;;[];False;False;fec47906e94ec1ff;[];temen gw sakit masuk RS
1393;238;11-50;895192.0;text;;[];True;False;7318fd417024ba90;[];jadwal sidang kapan bro?,,,
1394;238;1-10;895218.0;text;;[];False;False;398fda1df1ad5f2c;[];males
1395;238;0;895413.0;unknown;;[];False;False;48b36f924c81d70f;[];[Media tidak dikenal]
1396;238;51-100;895743.0;text;;[];False;False;1d6ca29fccb4bf31;[];hari ini gw ada rapat organisasi... sampe sore jadi ga bisa ikut... nongkrong
1397;238;11-50;895796.0;text;1396.0;[];True;False;7318fd417024ba90;[];kapan terakhir kali ketemu?,,,
1398;238;11-50;895800.0;text;;['👉', '👈'];True;False;135f768d55e52d17;[];KAPAN TERAKHIR KALI KETEMU?
1399;238;1-10;895808.0;text;;[];False;False;7318fd417024ba90;[];amin
1400;238;1-10;895813.0;text;;[];False;False;7318fd417024ba90;[];sama
1401;238;1-10;895894.0;text;;['🙄'];False;False;135f768d55e52d17;[];CAPE
1402;238;1-10;896447.0;text;;[];False;False;da61054e8f48891f;[];gabut
1403;238;51-100;896448.0;text;;[];False;False;da61054e8f48891f;[];lu harus coba kedai kopi baru di jalan belakanggg kampus, enak bangetttt
1404;238;11-50;896465.0;text;;[];False;False;da61054e8f48891f;[];angkotttt ke sanaaa masih adaa ga
1405;238;11-50;896467.0;text;;[];False;False;da61054e8f48891f;[];angkot ke sana masih adaaaa ga
1406;238;51-100;896501.0;text;;[];False;False;b2b7bc2caae9c121;[];gw baru aja dapet kabar kalo... temen kita... diterima kerja di luar... negeri
1407;238;1-10;897086.0;text;;[];False;False;2ae8122641b0b5c7;[];wkwkw
1408;238;1-10;897330.0;text;;[];False;False;398fda1df1ad5f2c;[];gabut
1409;238;1-10;897355.0;text;;[];False;False;b2b7bc2caae9c121;[];setuju
1410;238;11-50;897363.0;text;;[];False;False;b2b7bc2caae9c121;[];pacarnya baru siapa sih
1411;238;1-10;897392.0;text;;[];False;False;a3bdbb2ae32da92a;[];gabut
1412;238;1-10;897403.0;text;;[];True;False;398fda1df1ad5f2c;[];boleh?
1413;238;11-50;897408.0;text;;[];False;False;398fda1df1ad5f2c;[];gw ga percaya sih gosipnya...
1414;238;1-10;897409.0;text;;[];False;False;398fda1df1ad5f2c;[];trus
1415;238;11-50;897419.0;text;;[];False;False;a3bdbb2ae32da92a;[];jangannn bilang siapa siapa ya
1416;238;1-10;897425.0;text;;[];False;False;a3bdbb2ae32da92a;[];amin
1417;238;11-50;897429.0;text;;[];False;False;a3bdbb2ae32da92a;[];reuniii kapan ya kitaaa
1418;238;11-50;897453.0;text;;[];False;False;398fda1df1ad5f2c;[];temen gw sakit masuk... RS
1419;238;51-100;897478.0;text;;[];False;False;a3bdbb2ae32da92a;[];lu harus cobaaa kedaiiii kopiiii baru di jalan belakang kampus, enak banget
1420;238;0;897487.0;sticker/webp;;[];False;False;a3bdbb2ae32da92a;[];[Stiker]
1421;238;11-50;897503.0;text;;[];False;False;398fda1df1ad5f2c;[];temenin gw dong besok
1422;238;1-10;898074.0;image/jpeg;;[];False;False;529638f4b7b8b2f5;[];[Foto]
1423;238;1-10;898075.0;image/jpeg;;[];False;False;529638f4b7b8b2f5;[];[Foto]
1424;238;51-100;898124.0;text;;[];False;False;a3bdbb2ae32da92a;['398fda1df1ad5f2c'];hari inii gw ada rapatt organisasi sampe sore jadi ga bisaa ikut nongkrong
1425;238;11-50;898130.0;text;;[];False;False;a3bdbb2ae32da92a;[];diem diemmm ternyataa jadian
1426;238;11-50;898138.0;text;;[];False;False;a3bdbb2ae32da92a;[];gw berantem samaa si anu
1427;238;1-10;898158.0;text;;[];False;False;398fda1df1ad5f2c;[];amin
1428;239;0;899059.0;image/jpeg;;[];False;False;398fda1df1ad5f2c;[];[Foto]
1429;239;0;899060.0;image/jpeg;;[];False;False;398fda1df1ad5f2c;[];[Foto]
1430;239;0;899062.0;image/jpeg;;[];False;False;398fda1df1ad5f2c;[];[Foto]
1431;239;0;899063.0;image/jpeg;;[];False;False;398fda1df1ad5f2c;[];[Foto]
1432;239;0;899063.0;image/jpeg;;[];False;False;398fda1df1ad5f2c;[];[Foto]
1433;239;0;899064.0;image/jpeg;;[];False;False;398fda1df1ad5f2c;[];[Foto]
1434;239;51-100;899090.0;text;;[];False;False;398fda1df1ad5f2c;[];gw lagi belajar... masak sendiri... biar ga jajan... terus lumayan hemat soalnya
1435;239;11-50;899115.0;text;;[];False;False;a3bdbb2ae32da92a;[];adek gw masuk sma tahunnn ini
1436;239;1-10;899124.0;text;;[];False;False;a3bdbb2ae32da92a;[];magerr
1437;239;11-50;899132.0;text;;[];False;False;398fda1df1ad5f2c;[];gw kangen masakan rumah...
1438;239;11-50;899133.0;text;;[];False;False;398fda1df1ad5f2c;[];keluarga ngumpul lebaran nanti
1439;239;51-100;899153.0;text;;[];False;False;a3bdbb2ae32da92a;[];tadi pagi gw olahraga lari keliling kampussss 5 putaran badan pegel semuaaa
1440;239;0;899211.0;sticker/webp;;[];False;False;398fda1df1ad5f2c;[];[Stiker]
1441;239;11-50;899218.0;text;;[];False;False;398fda1df1ad5f2c;[];nyokap nanya kapan lulus
1442;239;11-50;899243.0;text;;[];False;False;a3bdbb2ae32da92a;[];nyokapppp nanya kapannnn lulusss
1443;239;11-50;899331.0;text;;[];False;False;529638f4b7b8b2f5;[];playlist lo yang mana sih
1444;239;11-50;899547.0;text;;[];False;False;8f1d65d9122f92d0;[];bokap gw lagi di luarrrr kota
1445;239;11-50;899559.0;text;;[];False;False;8f1d65d9122f92d0;[];kakakk gw baruu aja nikah
1446;239;0;899620.0;image/jpeg;;[];False;False;7318fd417024ba90;[];[Foto]
1447;239;1-10;899680.0;text;;[];False;False;398fda1df1ad5f2c;[];hayuk
1448;239;11-50;899681.0;text;;[];False;False;398fda1df1ad5f2c;[];mama minta gw pulang... weekend
1449;239;11-50;899682.0;text;;[];False;False;398fda1df1ad5f2c;[];nyokap nanya kapan lulus...
1450;239;1-10;899690.0;text;;[];False;False;398fda1df1ad5f2c;[];goks
1451;239;0;899703.0;sticker/webp;;[];False;False;f7953c140f0bf984;[];[Stiker]
1452;239;11-50;899706.0;text;;[];False;False;398fda1df1ad5f2c;[];bokap gw lagi di luar kota
1453;239;11-50;899712.0;text;;[];False;False;398fda1df1ad5f2c;[];nyokap nanya kapan lulus
1454;239;11-50;899713.0;text;;[];False;False;398fda1df1ad5f2c;[];adek gw masuk SMA tahun ini...
1455;239;11-50;899718.0;text;;[];False;False;a3bdbb2ae32da92a;[];adek gw masukk sma tahun inii
1456;239;0;899719.0;sticker/webp;;[];False;False;7bc1aedb2478e4be;[];[Stiker]
1457;239;11-50;899733.0;text;;[];False;False;a3bdbb2ae32da92a;[];nyokap nanya kapan lulus
1458;239;11-50;899737.0;text;;[];False;False;398fda1df1ad5f2c;[];gw kangen masakan rumah
1459;239;11-50;899739.0;text;;[];False;False;398fda1df1ad5f2c;[];playlist lo yang mana sih
1460;239;11-50;899746.0;text;;[];False;False;398fda1df1ad5f2c;[];gw baru aja ketemu mantan
1461;239;51-100;900639.0;text;;[];True;False;7318fd417024ba90;[];siapa sih,,, yang spread gosip itu ke grup sebelah, tau ga orangnya?
1462;239;11-50;900677.0;text;;[];False;False;c58531f5a1cc6b42;[];keluarga ngumpul lebaran ntr
1463;239;51-100;900695.0;text;1462.0;[];True;False;7318fd417024ba90;[];siapa sih yang spread gosip itu ke grup sebelah,,,, tau ga orangnya?
1464;239;0;900743.0;unknown;;[];False;False;c58531f5a1cc6b42;[];[Media tidak dikenal]
1465;240;0;903161.0;image/jpeg;;[];False;False;a3bdbb2ae32da92a;[];[Foto]
1466;240;1-10;903166.0;text;;[];False;False;a3bdbb2ae32da92a;[];haha
1467;240;1-10;903196.0;text;;[];False;False;7318fd417024ba90;[];yuk
1468;240;11-50;903207.0;text;;[];False;False;7318fd417024ba90;[];matkul ini,,, susah banget
1469;240;11-50;903208.0;text;;[];False;False;7318fd417024ba90;[];presentasi gw,,, amburadul
1470;240;11-50;903226.0;text;;[];False;False;a3bdbb2ae32da92a;[];lab komputerrr penuh terus
1471;240;11-50;903229.0;text;;[];False;False;806c781beca06410;[];gw lg ngrejain tugas nih
1472;240;11-50;903275.0;text;;[];False;False;806c781beca06410;[];tadi absen ga sih km
1473;240;51-100;903349.0;text;;[];False;False;a3bdbb2ae32da92a;[];eh besokkkk kita jadi ketemuan di kafeee deket stasiunnn kan ya jam 2 siangg
1474;240;11-50;903356.0;text;;[];False;True;a3bdbb2ae32da92a;[];mantap banget hasilnya!
1475;240;1-10;903411.0;text;;[];False;False;7318fd417024ba90;[];yuk
1476;240;11-50;903424.0;text;;[];False;False;7318fd417024ba90;[];deadline besok,,, pagi bro
1477;240;11-50;903448.0;text;;[];False;False;7318fd417024ba90;[];gw lg,,, ngerjain tugas nih
1478;240;11-50;903478.0;text;;[];False;False;a3bdbb2ae32da92a;[];gw belommmm mulai tugas
1479;240;11-50;903498.0;text;;[];False;False;a3bdbb2ae32da92a;[];dosen gw galakkkk banget sih
1480;240;11-50;903517.0;text;;[];False;False;a3bdbb2ae32da92a;[];presentasiiii gw amburadul
1481;241;0;906783.0;sticker/webp;;[];False;False;1a39e64b4276c1f2;[];[Stiker]
1482;241;11-50;907981.0;text;;[];False;False;7bc1aedb2478e4be;[];podcastttt yg lu rekomen mana
1483;242;0;910094.0;image/jpeg;;[];False;False;7318fd417024ba90;[];[Foto]
1484;242;1-10;910452.0;text;;[];False;False;98fc7c19ac28dc31;[];Woles.
1485;243;51-100;944609.0;text;;[];True;False;a3bdbb2ae32da92a;[];menurut lu gw harusss ambilll mataaa kuliah pilihan yangg manaaa semester depan?
1486;244;51-100;948935.0;text;;[];True;False;806c781beca06410;[];kira kira klao gw apply magang skrg msh keburu ga ya?
1487;244;0;953122.0;unknown;;[];False;False;5f5445013ecd8032;[];[Media tidak dikenal]
1488;245;51-100;957463.0;text;;[];True;False;a3bdbb2ae32da92a;[];gimanaaaa sihhh caranya bikinn proposall penelitiann yang bagus menurut dosen?
1489;245;1-10;957464.0;text;;[];False;False;a3bdbb2ae32da92a;[];siapp
1490;245;0;957736.0;image/jpeg;;[];False;False;7318fd417024ba90;[];[Foto]
1491;245;11-50;957784.0;text;;[];False;False;7318fd417024ba90;[];gw lagi di atm,,, sebentar
1492;245;51-100;957810.0;text;;[];False;False;a3bdbb2ae32da92a;[];duitttt jajannn gw abis padahal baru tanggal 15 haruss ngirit banget nih
1493;246;0;960779.0;system;;[];False;False;b644599ab0613309;[];[Pesan sistem]
1494;246;0;963730.0;image/jpeg;;[];False;False;a3bdbb2ae32da92a;[];[Foto]
1495;246;0;963747.0;sticker/webp;;[];False;False;a3bdbb2ae32da92a;[];[Stiker]
1496;247;51-100;964670.0;image/jpeg;;[];False;False;7318fd417024ba90;['8c1932391fcc274e'];[Foto]
1497;247;11-50;964840.0;text;;[];False;False;8f1d65d9122f92d0;[];albummmm baru diaaa enak banget
1498;247;11-50;964921.0;text;;[];False;False;5d5403e046903e00;[];game baru udah download,,, belum
1499;247;11-50;964946.0;text;;[];False;False;7318fd417024ba90;[];konser itu mahal,,, banget tiketnya
1500;247;11-50;964952.0;text;;[];False;False;5d5403e046903e00;[];game baru udah download belum
1501;247;11-50;964969.0;text;;[];False;False;5ff5b84aecfc7b32;[];gw lagi baca novel baru nih
1502;247;11-50;964994.0;text;;[];False;False;cd7132cbaa083ee7;[];series tu endingnya zonk bgt
1503;247;11-50;964994.0;text;;[];True;False;7318fd417024ba90;[];booking duluan apa langsung aja?
1504;247;51-100;965004.0;text;;[];True;False;5d5403e046903e00;[];kira kira kalo gw apply magang sekarang masih keburu ga ya?
1505;247;11-50;965009.0;text;;[];False;False;cd7132cbaa083ee7;[];podcast yg lu rekomen mana
1506;247;51-100;965029.0;text;;[];True;False;5ff5b84aecfc7b32;[];kira kira kalo... gw apply magang sekarang masih... keburu ga ya?
1507;247;11-50;965044.0;text;;[];False;False;5d5403e046903e00;[];game baru udah download belum
1508;247;11-50;965055.0;text;;[];False;False;7318fd417024ba90;[];gym hari ini skip deh
1509;247;11-50;965069.0;text;;[];False;False;5ff5b84aecfc7b32;[];game baru udah download belum
1510;247;1-10;965159.0;text;;[];False;False;cd7132cbaa083ee7;[];hoki
1511;247;11-50;965275.0;text;;[];False;False;a3bdbb2ae32da92a;[];badminton yuk sore ini
1512;247;0;965276.0;sticker/webp;;[];False;False;a3bdbb2ae32da92a;[];[Stiker]
1513;247;11-50;965378.0;text;;[];False;False;5ff5b84aecfc7b32;[];gw abis lari... pagi tadi
1514;247;11-50;965783.0;text;;[];False;False;2ae8122641b0b5c7;[];game baru udah download belum
1515;247;1-10;966822.0;text;;[];False;False;8c1932391fcc274e;[];ih
1516;247;11-50;966835.0;text;;[];False;False;8c1932391fcc274e;['7318fd417024ba90'];album baru dia enak banget
1517;247;1-10;967208.0;text;;[];False;False;7318fd417024ba90;[];btw
1518;248;11-50;976347.0;text;;[];False;False;5fd9722af1eca87a;[];dosen pembimbing susahhh ditemui
1519;248;11-50;976379.0;text;;[];False;False;cd7132cbaa083ee7;[];tugas kelompok bikin pusing
1520;248;11-50;976410.0;text;;['😂'];False;False;5fd9722af1eca87a;[];gw mauuu ambil cuti semesterrrr
1521;249;11-50;978330.0;text;;[];True;False;6d21d1ebf3c7f5b9;[];tu tempatnya jauh ga?
1522;249;1-10;978371.0;text;;[];False;False;e0c6d9457e45dfdd;[];noted!!!
1523;249;11-50;978375.0;text;;[];False;False;e0c6d9457e45dfdd;[];playlist lo yang mana sih!!
1524;249;11-50;978382.0;text;;[];False;False;6d21d1ebf3c7f5b9;[];gw kangen masakan rumah
1525;249;11-50;978387.0;text;;[];False;False;e0c6d9457e45dfdd;[];adek gw masuk SMA tahun ini!!
1526;249;1-10;978391.0;text;;[];False;False;6d21d1ebf3c7f5b9;[];yess
1527;249;1-10;978392.0;text;;[];False;False;6d21d1ebf3c7f5b9;[];nice
1528;249;11-50;978399.0;text;;[];True;False;6d21d1ebf3c7f5b9;[];tu tmepatnya jauh ga?
1529;249;11-50;978408.0;text;;[];False;False;e0c6d9457e45dfdd;[];gw baru aja ketemu mantan!!!
1530;249;1-10;978427.0;text;;[];False;False;6d21d1ebf3c7f5b9;[];goks
1531;249;11-50;978434.0;text;;[];False;False;6d21d1ebf3c7f5b9;[];gw lg marathon drakor nih
1532;249;11-50;978480.0;text;;[];False;False;7318fd417024ba90;[];playlist lo yang mana,,, sih
1533;249;11-50;978481.0;text;;[];False;False;7318fd417024ba90;[];adek gw masuk sma tahun ini
1534;249;11-50;978763.0;text;;[];False;False;a3bdbb2ae32da92a;[];gw lagiiii marathon drakorr nih
1535;249;1-10;978764.0;text;;[];False;False;a3bdbb2ae32da92a;[];goks
1536;249;0;978773.0;unknown;;[];False;False;a3bdbb2ae32da92a;[];[Media tidak dikenal]
1537;249;11-50;978950.0;text;;[];False;False;a3bdbb2ae32da92a;[];gw baruu aja ketemu mantann
1538;249;11-50;978961.0;text;;[];False;False;a3bdbb2ae32da92a;[];nyokap nanya kapannn lulus
1539;249;11-50;979397.0;text;;[];False;False;2ae8122641b0b5c7;[];duit bulanan belum dikirim
1540;250;51-100;993276.0;text;;[];True;False;273640c2ed75341c;[];ada yang mau patungan buat beli kado ulang tahun si anu ga!!!
1541;250;1-10;993318.0;text;;['🙋🏻\u200d♂'];False;False;f0cc7620edf4529a;[];OKEY
1542;251;51-100;996300.0;text;;[];True;False;da61054e8f48891f;[];eh lu udah dapet info jadwal ujiannn akhir semesterr belummm dari prodi?
1543;251;51-100;996878.0;text;;[];False;False;cad8366137434749;[];GW DENGER KATANYA SEMESTER DEPAN ADA MATA KULIAH BARU YANG WAJIB DIAMBIL
1544;251;1-10;996883.0;text;;[];False;False;cad8366137434749;[];OKE
1545;252;1-10;1028189.0;text;;[];False;False;7318fd417024ba90;[];dong
1546;252;11-50;1028230.0;text;;[];False;False;a3bdbb2ae32da92a;[];si ituuuu udah putuss katanyaaa
1547;252;0;1028391.0;sticker/webp;;[];False;False;7318fd417024ba90;[];[Stiker]
1548;252;51-100;1028411.0;text;;[];True;False;a3bdbb2ae32da92a;[];lu pernah cobaaa belajarr barenggg di perpus kota ga, enakkkk ga disana?
1549;252;11-50;1028420.0;text;;[];False;False;a3bdbb2ae32da92a;[];diemmmm diem ternyata jadian
1550;252;51-100;1028437.0;text;;[];False;False;a3bdbb2ae32da92a;[];wifi kosan gw lemot banget jadii gw ke perpus aja buattt ngerjain tugas
1551;252;11-50;1028984.0;text;;[];False;False;395fb5fd1f0ec715;[];GW BERANTEM SAMA SI ANU
1552;252;11-50;1028988.0;text;;[];True;False;395fb5fd1f0ec715;[];KAPAN TERAKHIR KALI KETEMU?
1553;252;51-100;1029180.0;text;;[];False;False;7318fd417024ba90;[];wifi kosan gw lemot,,, banget jadi gw ke perpus aja buat ngerjain,,, tugas
1554;252;1-10;1029186.0;text;;[];False;False;7318fd417024ba90;[];setuju
1555;252;1-10;1029745.0;text;;[];False;False;a3bdbb2ae32da92a;[];wkwkw
1556;252;11-50;1029776.0;text;;[];False;False;7318fd417024ba90;[];gw ga percaya sih gosipnya
1557;252;11-50;1029819.0;text;;[];False;True;7318fd417024ba90;[];gw kaget pas denger itu!
1558;252;51-100;1029867.0;text;;[];False;False;398fda1df1ad5f2c;[];wifi kosan gw... lemot banget jadi gw ke perpus aja buat ngerjain... tugas
1559;252;11-50;1029882.0;text;;[];False;False;398fda1df1ad5f2c;[];eh denger gosip belum
1560;252;1-10;1029887.0;text;;[];False;False;398fda1df1ad5f2c;[];gabut
1561;252;11-50;1029888.0;text;;[];False;False;7318fd417024ba90;[];si itu,,, udah putus katanya
1562;252;11-50;1029896.0;text;;[];False;False;398fda1df1ad5f2c;[];temen gw sakit masuk... RS
1563;252;51-100;1029902.0;text;;[];False;False;7318fd417024ba90;[];gw pengen banget liburan ke pantai,,, tapi duit,,, lagi tipis banget sekarang,,,
1564;252;11-50;1029912.0;text;;[];False;False;7318fd417024ba90;[];angkot ke sana masih,,, ada ga
1565;252;1-10;1029926.0;text;;[];False;False;a3bdbb2ae32da92a;[];maless
1566;252;11-50;1029954.0;text;;[];False;False;7318fd417024ba90;[];pacarnya baru siapa sih
1567;252;11-50;1029960.0;text;;[];False;False;7318fd417024ba90;[];eh denger gosip,,, belum,,,
1568;252;11-50;1030001.0;text;;[];False;False;a3bdbb2ae32da92a;[];eh denger gosipp belum
1569;252;11-50;1030011.0;text;;[];False;False;a3bdbb2ae32da92a;[];gw ga percayaaaa sihhh gosipnyaa
1570;252;11-50;1030021.0;text;;[];False;False;a3bdbb2ae32da92a;[];diem diemmmm ternyataaa jadiannn
1571;252;11-50;1030049.0;text;;[];False;False;7318fd417024ba90;[];temen gw sakit masuk rs
1572;252;0;1030067.0;sticker/webp;;[];False;False;7318fd417024ba90;[];[Stiker]
1573;253;51-100;1030790.0;text;;[];False;False;7318fd417024ba90;[];weekend ini gw mau,,, staycation aja di kosan binge,,, watching series baru
1574;253;51-100;1030987.0;text;;[];False;False;7318fd417024ba90;[];gw udah download semua materi kuliah tapi belum,,, sempat baca sama sekali,,,
1575;253;11-50;1030995.0;text;;[];False;False;7318fd417024ba90;[];bakso malang itu,,, buka ga ya,,,
1576;253;101-500;1031025.0;text;;[];False;False;398fda1df1ad5f2c;[];kemarin malem gw... sama temen temen nongkrong di warkop biasa sampe jam 12 malem. kita ngobrol banyak hal dari mulai... tugas... kuliah, rencana liburan, sampe masalah percintaan.... seru sih walau besoknya gw kesiangan masuk kelas pagi dan dosen negur di... depan semua orang. malu tapi... ya gimana lagi
1577;253;11-50;1031040.0;text;;[];False;False;a3bdbb2ae32da92a;[];gw lagi diettt tapi gagal muluuu
1578;253;51-100;1031069.0;text;;[];False;False;7318fd417024ba90;[];tadi di kantin,,, ketemu anak angkatan bawah yang kenal sama temen sma,,, gw
1579;253;1-10;1031251.0;text;;['🤦🏻\u200d♂'];False;False;1d6ca29fccb4bf31;[];yep
1580;253;101-500;1031301.0;text;;[];False;False;1d6ca29fccb4bf31;[];kemarin malem gw sama temen temen nongkrong di warkop biasa sampe jam 12 malem. kita ngobrol banyak hal... dari mulai... tugas kuliah, rencana liburan,... sampe... masalah percintaan. seru sih walau... besoknya gw kesiangan masuk kelas pagi... dan dosen negur di... depan semua orang. malu tapi... ya gimana lagi
1581;254;11-50;1034394.0;text;;[];True;False;da61054e8f48891f;[];kos lu dimana sihh tepatnya?
1582;254;11-50;1034431.0;text;;[];False;False;a3bdbb2ae32da92a;[];reuni kapan ya kita
1583;254;11-50;1034434.0;text;;[];False;False;a3bdbb2ae32da92a;[];gw kangennnn temen temen sma
1584;254;51-100;1034477.0;text;;[];True;False;da61054e8f48891f;[];lu pernahhh cobaaa belajar bareng di perpussss kotaa ga, enakkkk ga disana?
1585;254;11-50;1034480.0;text;;[];False;False;a3bdbb2ae32da92a;[];gw ga percaya sih gosipnya
1586;254;11-50;1034545.0;text;;['😊'];False;False;da61054e8f48891f;[];diem diemmm ternyataaa jadian
1587;254;11-50;1034568.0;text;;[];False;False;7318fd417024ba90;[];si itu udah,,, putus katanya
1588;254;11-50;1034575.0;text;;[];False;False;7318fd417024ba90;[];pacarnya baru siapa sih
1589;254;51-100;1034586.0;text;;[];False;False;7318fd417024ba90;[];lu harus coba kedai kopi baru di jalan belakang kampus, enak banget,,,
1590;254;11-50;1034599.0;text;;[];False;False;7318fd417024ba90;[];reuni kapan ya,,, kita,,,
1591;254;11-50;1034618.0;text;;[];False;False;423cee2941b71dc3;[];EH DENGER GOSIP BELUM
1592;254;11-50;1034619.0;text;;[];False;False;423cee2941b71dc3;[];GW KANGEN TEMEN TEMEN SMA
1593;254;51-100;1034626.0;text;;[];False;False;da61054e8f48891f;[];wifiiii kosan gw lemottt banget jadi gw ke perpuss aja buat ngerjainnn tugas
1594;254;0;1034633.0;sticker/webp;;[];False;False;423cee2941b71dc3;[];[Stiker]
1595;254;11-50;1034640.0;text;;[];False;False;da61054e8f48891f;[];pacarnya baru siapaaaa sih
1596;254;11-50;1034642.0;text;;[];False;False;da61054e8f48891f;[];si ituuuu udahh putus katanyaaa
1597;254;1-10;1034667.0;text;;[];False;False;7318fd417024ba90;[];gabut
1598;254;11-50;1034670.0;text;;[];False;False;7318fd417024ba90;[];gw kangen temen temen sma
1599;254;11-50;1034671.0;text;;[];False;False;7318fd417024ba90;[];temenin gw dong besok
1600;254;51-100;1034733.0;text;;[];False;False;344a6b278d92e58a;[];lu harus coba kedai kopi baru di jalan belakang kampus, enak banget
1601;254;11-50;1034787.0;text;;[];True;False;da61054e8f48891f;[];kos lu dimana sih tepatnya?
1602;254;11-50;1035256.0;text;;[];False;False;5ff5b84aecfc7b32;[];gw ga percaya sih gosipnya
1603;254;1-10;1035280.0;text;;[];False;False;da61054e8f48891f;[];males
1604;254;11-50;1035367.0;application/zip;;[];False;False;5ff5b84aecfc7b32;[];[application/zip]
1605;254;11-50;1035385.0;text;;[];True;False;1d6ca29fccb4bf31;[];jadwal sidang kapan bro?
1606;254;51-100;1035389.0;text;;[];False;False;5ff5b84aecfc7b32;[];wifi kosan gw... lemot banget jadi gw ke perpus aja... buat ngerjain tugas
1607;254;11-50;1035392.0;text;;[];False;False;a3bdbb2ae32da92a;[];si itu udah putuss katanya
1608;254;11-50;1035394.0;text;;[];False;False;a3bdbb2ae32da92a;[];temen gw sakittt masukkkk rs
1609;254;11-50;1035410.0;text;;[];False;False;5ff5b84aecfc7b32;[];diem diem ternyata jadian
1610;254;11-50;1035415.0;text;;[];False;False;da61054e8f48891f;[];gw berantem sama si anu
1611;254;11-50;1036039.0;text;;[];False;False;7318fd417024ba90;[];temenin gw dong besok
1612;254;1-10;1036044.0;text;;[];False;False;7318fd417024ba90;[];sama
1613;254;51-100;1036070.0;text;;[];False;False;7318fd417024ba90;[];gw pengen,,, banget liburan,,, ke pantai tapi duit lagi,,, tipis banget sekarang,,,
1614;254;11-50;1036077.0;text;;[];False;False;7318fd417024ba90;[];jangan bilang siapa siapa ya
1615;254;1-10;1036078.0;text;;[];False;False;7318fd417024ba90;[];hihi
1616;254;11-50;1036177.0;text;;[];False;False;5ff5b84aecfc7b32;[];angkot ke sana masih ada ga
1617;254;11-50;1036201.0;text;;[];False;False;5ff5b84aecfc7b32;[];temen gw sakit masuk RS
1618;255;1-10;1038745.0;image/jpeg;;[];False;False;7318fd417024ba90;[];[Foto]
1619;255;0;1039078.0;image/jpeg;;[];False;False;398fda1df1ad5f2c;[];[Foto]
1620;255;1-10;1039132.0;text;1619.0;[];False;False;7318fd417024ba90;[];gila
1621;255;11-50;1039133.0;text;;[];False;False;7318fd417024ba90;[];gw lagi marathon drakor nih
1622;255;51-100;1039142.0;text;;[];False;False;7318fd417024ba90;[];gw lagi belajar masak sendiri biar ga jajan terus lumayan hemat soalnya
1623;255;1-10;1039143.0;text;;[];False;False;7318fd417024ba90;[];noted
1624;255;11-50;1039157.0;text;;[];False;False;398fda1df1ad5f2c;[];gw lagi marathon drakor nih...
1625;255;11-50;1039160.0;text;;[];True;False;7318fd417024ba90;[];lu lagi ngapain sih?
1626;255;11-50;1039175.0;text;;[];False;False;7318fd417024ba90;[];nyokap nanya kapan,,, lulus
1627;255;11-50;1039176.0;text;;[];False;False;7318fd417024ba90;[];gw lagi marathon drakor,,, nih
1628;255;11-50;1039194.0;text;;[];False;False;7318fd417024ba90;[];film baru di bioskop,,, bagus ga
1629;255;11-50;1039228.0;text;;[];False;False;398fda1df1ad5f2c;[];playlist lo yang mana sih...
1630;256;51-100;1065036.0;image/jpeg;;[];False;False;7318fd417024ba90;[];[Foto]
1631;256;11-50;1065855.0;text;;[];False;False;c58531f5a1cc6b42;[];gw lg ngerjain tugas nih
1632;257;1-10;1070293.0;text;;[];False;False;8b014979831f3318;[];btw
1633;257;11-50;1070302.0;text;;[];False;False;8b014979831f3318;[];badminton yuk sore ini
1634;257;11-50;1070321.0;text;;[];False;False;8b014979831f3318;[];futsal besok jadi ga
1635;257;11-50;1070797.0;text;;[];False;False;7fb22066811adf30;[];futsallll besok jadiii ga
1636;257;11-50;1070801.0;text;;[];False;False;7fb22066811adf30;[];gw abissss lari pagiiii tadi
1637;257;1-10;1070967.0;text;;[];False;False;d1f705813ccf6e56;[];jir!!!
1638;257;11-50;1070973.0;text;;[];False;False;d1f705813ccf6e56;[];manga terbaru udah keluar loh!!
1639;257;11-50;1071342.0;text;;[];False;False;7318fd417024ba90;[];album baru,,, dia enak banget
1640;257;11-50;1071353.0;text;;[];False;False;7318fd417024ba90;[];album baru dia enak,,, banget
1641;257;11-50;1071361.0;text;;[];True;False;a3bdbb2ae32da92a;['2157908a7d2b490a'];masihhhh bangun ga lu jammmm segini?
1642;257;11-50;1071368.0;text;;[];False;False;a3bdbb2ae32da92a;[];gw abiss lari pagi tadiiii
1643;257;1-10;1071370.0;text;;[];False;False;8b014979831f3318;[];njir
1644;257;11-50;1071379.0;text;;[];False;False;a3bdbb2ae32da92a;[];pertandingan bolaa tadi malam gila
1645;257;11-50;1071395.0;text;;[];False;False;a3bdbb2ae32da92a;[];gw abiss lari pagi tadi
1646;257;51-100;1071397.0;text;;[];True;False;8b014979831f3318;[];kira kira kalo gw apply magang sekarang masih keburu... ga ya?
1647;257;51-100;1071419.0;text;;[];False;False;7318fd417024ba90;[];dosen killer itu,,, ternyata baik banget orangnya kalo,,, diajak,,, ngobrol santai
1648;257;11-50;1071424.0;text;;[];False;False;7318fd417024ba90;[];pertandingan bola tadi malam,,, gila
1649;258;1-10;1073099.0;text;;[];False;False;15a9a70e8f97fbef;[];gila
1650;258;11-50;1073120.0;text;;[];False;False;15a9a70e8f97fbef;[];gw baru aja ketemuuuu mantan
1651;258;11-50;1073140.0;text;;[];True;False;15a9a70e8f97fbef;[];itu tempatnyaaaa jauh ga?
1652;258;11-50;1073158.0;text;;[];True;False;15a9a70e8f97fbef;[];itu tempatnya jauhhhh ga?
1653;258;11-50;1073189.0;text;;[];False;False;398fda1df1ad5f2c;[];duit bulanan belum dikirim
1654;258;0;1073247.0;sticker/webp;;[];False;False;398fda1df1ad5f2c;[];[Stiker]
1655;258;0;1073248.0;sticker/webp;;[];False;False;398fda1df1ad5f2c;[];[Stiker]
1656;258;11-50;1073249.0;text;;[];False;False;74107b7ee42fb2c9;[];gw lg marathon drakor nih
1657;258;11-50;1073257.0;text;;[];False;False;74107b7ee42fb2c9;[];gw baur aja ketemu mnatan
1658;258;11-50;1073287.0;video/mp4;;[];True;False;398fda1df1ad5f2c;[];[Video]
1659;258;1-10;1073306.0;text;;[];False;False;74107b7ee42fb2c9;[];pasti
1660;258;0;1073323.0;sticker/webp;;[];False;False;74107b7ee42fb2c9;[];[Stiker]
1661;258;11-50;1073342.0;text;;[];False;False;15a9a70e8f97fbef;[];adekk gw masukkkk smaaaa tahunnn ini
1662;258;11-50;1073344.0;text;1660.0;[];False;False;398fda1df1ad5f2c;[];duit bulanan belum... dikirim
1663;258;1-10;1073369.0;text;;['😂'];False;False;1d6ca29fccb4bf31;[];hayuk
1664;258;1-10;1073729.0;text;;[];False;False;a3bdbb2ae32da92a;[];hayuk
1665;258;11-50;1073736.0;text;;[];False;False;a3bdbb2ae32da92a;[];nyokappp nanyaa kapan lulusss
1666;259;11-50;1076405.0;text;;[];False;False;2157908a7d2b490a;[];Gw mau nyoba restoran baru.
1667;259;11-50;1076417.0;text;;[];False;False;2157908a7d2b490a;[];Es teh manis satu ya bang.
1668;259;11-50;1076591.0;text;;[];False;False;7318fd417024ba90;[];gw lagi,,, diet tapi gagal mulu,,,
1669;259;11-50;1076596.0;text;;[];False;False;7318fd417024ba90;[];nongkrong yuk di kafe biasa
1670;259;11-50;1076649.0;text;;[];False;False;2157908a7d2b490a;[];Tadi gw makan nasi padang.
1671;259;11-50;1076652.0;text;;[];False;False;2157908a7d2b490a;[];Tadi gw makan nasi padang.
1672;259;11-50;1076663.0;text;;[];False;False;2157908a7d2b490a;[];Porsi makan gw nambah terus.
1673;259;11-50;1076702.0;text;1668.0;[];False;False;5ff5b84aecfc7b32;[];porsi makan gw nambah terus
1674;259;11-50;1077843.0;text;1668.0;[];False;False;16d7d3fd835eaaca;[];Gw mau nyoba restoran baru.
1675;259;11-50;1077870.0;text;;[];False;False;2ae8122641b0b5c7;[];masak sendiri lebih hemat sih
1676;259;1-10;1077874.0;text;;[];False;False;2ae8122641b0b5c7;[];woy
1677;259;11-50;1077877.0;text;;[];False;False;a3bdbb2ae32da92a;[];gw mau nyoba restoran baru
1678;259;11-50;1077883.0;text;;[];False;False;2ae8122641b0b5c7;[];bakso malang itu buka ga ya
1679;259;11-50;1077887.0;text;;[];False;False;a3bdbb2ae32da92a;[];tadi gw makan nasiii padang
1680;259;11-50;1077889.0;text;;[];False;False;a3bdbb2ae32da92a;[];nongkrong yuk di kafe biasaaa
1681;259;11-50;1077910.0;text;;[];False;False;a3bdbb2ae32da92a;[];bakso malang itu bukaaaa ga ya
1682;259;101-500;1077916.0;text;;[];False;False;16d7d3fd835eaaca;[];Kemarin malem gw sama temen temen nongkrong di warkop biasa sampe jam 12 malem. kita ngobrol banyak hal dari mulai tugas kuliah, rencana liburan, sampe masalah percintaan. seru sih walau besoknya gw kesiangan masuk kelas pagi dan dosen negur di depan semua orang. malu tapi ya gimana lagi.
1683;259;1-10;1077924.0;text;;[];False;False;2ae8122641b0b5c7;[];sis
1684;259;11-50;1077946.0;text;;[];False;False;16d7d3fd835eaaca;[];Gw lagi diet tapi gagal mulu.
1685;259;11-50;1078335.0;text;;[];True;False;7318fd417024ba90;[];itu beneran apa hoax?
1686;259;51-100;1078366.0;text;;[];False;False;16d7d3fd835eaaca;[];Weekend ini gw mau staycation aja di kosan binge watching series baru.
1687;259;11-50;1078376.0;text;;[];False;False;16d7d3fd835eaaca;[];Gw mau nyoba restoran baru.
1688;259;11-50;1078381.0;text;;[];False;False;7318fd417024ba90;[];porsi makan,,, gw nambah,,, terus
1689;259;11-50;1078402.0;text;;[];False;False;16d7d3fd835eaaca;[];Gw mau nyoba restoran baru.
1690;259;11-50;1078409.0;text;;[];False;False;7318fd417024ba90;[];es teh manis,,, satu,,, ya bang
1691;259;11-50;1078414.0;text;;[];False;False;7318fd417024ba90;[];sarapan dulu baru mikir
1692;259;0;1078420.0;sticker/webp;;[];False;False;a3bdbb2ae32da92a;[];[Stiker]
1693;259;51-100;1078431.0;text;;['😂'];False;False;16d7d3fd835eaaca;[];Gw lagi bingung milih topik skripsi antara dua tema yang sama menariknya.
1694;259;1-10;1078434.0;text;;[];False;False;8c1932391fcc274e;[];sis
1695;259;11-50;1078446.0;text;;[];False;False;8c1932391fcc274e;[];gw lagi diet tapi gagal mulu
1696;259;11-50;1078457.0;text;;[];False;False;8c1932391fcc274e;[];kopi susu yg biasa,,, ya
1697;259;11-50;1078491.0;text;;[];False;False;16d7d3fd835eaaca;[];Bakso malang itu buka ga ya.
1698;259;11-50;1078592.0;text;1697.0;[];False;False;8c1932391fcc274e;[];gw lagi diet tapi gagal mulu
1699;259;11-50;1078598.0;text;;[];False;False;8c1932391fcc274e;[];gw mau nyoba,,, restoran baru
1700;259;1-10;1078661.0;text;;[];False;False;5d5403e046903e00;[];sis
1701;259;11-50;1078665.0;text;;[];True;False;5d5403e046903e00;[];bawa motor apa naik,,, apa?
1702;259;1-10;1078678.0;text;;[];False;False;7318fd417024ba90;[];woy
1703;259;0;1078694.0;sticker/webp;;[];False;False;babd75a604c49c23;[];[Stiker]
1704;259;1-10;1078704.0;text;;[];False;False;5d5403e046903e00;[];bro
1705;259;51-100;1078743.0;text;;[];False;False;a3bdbb2ae32da92a;[];weekend ini gw mau staycationnnn aja di kosan binge watchinggg seriesss baru
1706;259;11-50;1078747.0;text;;[];True;False;a3bdbb2ae32da92a;[];udah sampe belom?
1707;259;11-50;1078763.0;text;;[];False;False;babd75a604c49c23;[];gw lagi diet tapi gagal mulu
1708;259;11-50;1078769.0;text;;[];False;False;16d7d3fd835eaaca;[];Gw mau nyoba restoran baru.
1709;259;11-50;1078771.0;text;;[];False;False;babd75a604c49c23;[];gw lagi diet tapi gagal mulu
1710;259;11-50;1078776.0;text;;[];False;False;babd75a604c49c23;[];gw mau nyoba restoran baru
1711;259;11-50;1078782.0;text;;[];False;False;5d5403e046903e00;[];indomie telor udah,,, cukup kok
1712;259;1-10;1078793.0;text;;[];False;False;7318fd417024ba90;[];ayok
1713;259;51-100;1078812.0;text;;[];False;False;a3bdbb2ae32da92a;[];gw lagi bingunggg milih topikkkk skripsi antara dua tema yanggg sama menariknyaaaa
1714;259;11-50;1078820.0;text;;[];False;False;7318fd417024ba90;[];gw mau pesen gofood dulu
1715;259;51-100;1078896.0;text;;[];False;False;48b36f924c81d70f;[];dompet gw ilang kemarin di angkot tapi alhamdulillah ada yang nemuin
1716;259;11-50;1078900.0;text;;[];False;False;8f1d65d9122f92d0;[];masak sendiri lebih hemat sih
1717;259;1-10;1078911.0;text;;[];False;False;7318fd417024ba90;[];sip
1718;259;11-50;1078919.0;text;;[];False;False;a3bdbb2ae32da92a;[];sarapann dulu baru mikir
1719;259;1-10;1078921.0;text;;[];False;False;a3bdbb2ae32da92a;[];gass
1720;259;11-50;1078957.0;text;;[];False;False;423cee2941b71dc3;[];TADI GW MAKAN NASI PADANG
1721;259;1-10;1078958.0;text;;['🌚'];False;False;8f1d65d9122f92d0;[];ngab
1722;259;1-10;1078964.0;text;;[];False;False;423cee2941b71dc3;[];BENER
1723;259;11-50;1078966.0;text;;[];False;False;423cee2941b71dc3;[];GW LAGI DIET TAPI GAGAL MULU
1724;259;51-100;1078968.0;text;;[];False;False;5d5403e046903e00;[];tadi di kantin ketemu,,, anak angkatan bawah yang kenal sama temen sma gw
1725;259;11-50;1078975.0;text;;[];False;False;423cee2941b71dc3;[];INDOMIE TELOR UDAH CUKUP KOK
1726;259;1-10;1078994.0;text;;[];False;False;423cee2941b71dc3;[];GASS
1727;259;11-50;1079028.0;text;;[];False;False;7318fd417024ba90;[];indomie telor,,, udah cukup kok
1728;259;51-100;1079038.0;text;;[];False;False;7318fd417024ba90;[];tadi di,,, kantin ketemu,,, anak angkatan bawah yang kenal sama temen sma gw
1729;259;51-100;1079051.0;text;;[];False;False;7318fd417024ba90;[];tadi di kantin ketemu anak angkatan bawah yang kenal sama temen sma gw
1730;259;1-10;1079057.0;text;;[];False;False;a3bdbb2ae32da92a;[];sis
1731;259;0;1079065.0;unknown;;[];False;False;7318fd417024ba90;[];[Media tidak dikenal]
1732;259;11-50;1079068.0;text;;[];False;False;a3bdbb2ae32da92a;[];bakso malangggg itu bukaaaa ga ya
1733;259;1-10;1079072.0;text;;[];False;False;a3bdbb2ae32da92a;[];gass
1734;259;1-10;1079075.0;text;;[];False;False;a3bdbb2ae32da92a;[];gass
1735;259;1-10;1079078.0;text;;[];False;False;a3bdbb2ae32da92a;[];sis
1736;259;11-50;1079082.0;text;;[];False;False;7318fd417024ba90;[];gw mau pesen,,, gofood dulu
1737;259;51-100;1079098.0;text;;[];False;False;a3bdbb2ae32da92a;[];dompet gw ilang kemarinnnn di angkot tapiii alhamdulillah ada yang nemuinn
1738;259;11-50;1079108.0;text;;[];False;False;a3bdbb2ae32da92a;[];es teh manis satu ya bang
1739;259;51-100;1079193.0;text;;[];False;False;628dfc6269999861;[];gw udah download semua materi kuliah tapi belum sempat baca... sama sekali
1740;259;11-50;1079649.0;text;;[];False;False;a3bdbb2ae32da92a;[];gw mau pesen gofood dulu
1741;259;1-10;1079708.0;text;;[];False;False;a3bdbb2ae32da92a;[];yepp
1742;259;1-10;1079764.0;text;;[];False;False;529638f4b7b8b2f5;[];bro
1743;259;11-50;1079853.0;text;;[];False;False;7318fd417024ba90;[];indomie telor udah cukup kok
1744;259;11-50;1080248.0;text;;[];False;False;bf0d1557c3ff93b2;[];sarapan dulu baru mikir!!
1745;259;11-50;1080684.0;text;;[];False;False;5ff5b84aecfc7b32;[];porsi makan gw nambah... terus
1746;259;11-50;1080685.0;text;;[];False;False;5ff5b84aecfc7b32;[];es teh manis satu ya... bang
1747;259;1-10;1080728.0;text;;[];False;False;a3bdbb2ae32da92a;[];cuy
1748;259;1-10;1080728.0;text;;[];False;False;a3bdbb2ae32da92a;[];benerrr
1749;259;11-50;1080740.0;text;;[];False;False;a3bdbb2ae32da92a;[];masak sendiri lebih hematttt sih
1750;259;11-50;1080745.0;text;;[];False;False;5ff5b84aecfc7b32;[];indomie telor udah cukup kok
1751;259;51-100;1080775.0;text;;[];False;False;5ff5b84aecfc7b32;[];tadi di kantin ketemu anak angkatan bawah yang... kenal sama temen SMA gw
1752;259;11-50;1080786.0;text;;[];False;False;a3bdbb2ae32da92a;[];kopiiii susu yg biasa ya
1753;259;11-50;1080796.0;text;;[];False;False;a3bdbb2ae32da92a;[];gw mau nyoba restoran baru
1754;259;11-50;1080799.0;text;;[];False;False;a3bdbb2ae32da92a;[];gw mau nyoba restoran baruu
1755;259;11-50;1080886.0;text;;[];False;False;5ff5b84aecfc7b32;[];gw lagi diet tapi gagal mulu...
1756;260;51-100;1084955.0;text;;[];False;False;15a9a70e8f97fbef;[];gw udah bikinnn slidessss presentasi tapii kayaknyaa masih kurang bagus dehhh isinya
1757;261;0;1087243.0;image/jpeg;;[];False;False;7318fd417024ba90;[];[Foto]
1758;261;51-100;1089516.0;text;;[];True;False;15a9a70e8f97fbef;[];siapaaaa sih yang spread gosippp itu ke grup sebelah, tau ga orangnya?
1759;261;0;1089538.0;unknown;;[];False;False;15a9a70e8f97fbef;[];[Media tidak dikenal]
1760;262;11-50;1111842.0;text;;[];True;False;f7953c140f0bf984;[];gimana kabar lu sekarang?
1761;262;11-50;1111885.0;text;;[];False;False;a3bdbb2ae32da92a;[];dosen pembimbing susah ditemui
1762;262;1-10;1111893.0;text;;[];False;False;f7953c140f0bf984;[];Bet.
1763;262;51-100;1111915.0;text;;[];False;False;a3bdbb2ae32da92a;[];gw udah bikinnn slidess presentasi tapii kayaknyaaaa masihhh kuranggg bagus dehhhh isinya
1764;262;51-100;1111935.0;text;;[];False;False;a3bdbb2ae32da92a;[];kosan gw bocor lagi pas hujan semalam, kasur gw basahhh semua parah bangettt
1765;262;101-500;1112570.0;text;;[];False;False;f7953c140f0bf984;[];Gw lagi galau banget nih soal masa depan. mau lanjut S2 tapi duit ga ada, mau langsung kerja tapi pengalaman masih minim. nyokap bilang terserah gw aja tapi gw tau dia pengen gw cepet kerja biar bisa bantu ekonomi keluarga. bingung banget sih, kayak semua pilihan ada plus minusnya.
1766;262;11-50;1112601.0;text;;[];False;False;7318fd417024ba90;[];tugas kelompok bikin pusing
1767;262;51-100;1112643.0;text;;[];True;False;f7953c140f0bf984;[];menurut lu gw harus ambil mata kuliah pilihan yang mana semester depan?
1768;262;101-500;1113001.0;text;;['😂'];False;False;9f3f4740ef334c72;[];gw lg galau bgt nih soal masa depan. mau lanjut s2 tp duti ga ad, mau langsung keraj tp pengalaman msh minim. nyokap bialng teresrah gw aja tp gw tau dia pengen gw cpeet kerja biar bs banut ekonomi keluarga. bingung bgt sih, kyk smau pilihan ad plus minusnya
1769;262;51-100;1113008.0;text;;['😂'];True;False;9f3f4740ef334c72;[];menurut lu gw hrs amibl mata kuliah pilihan yg mnaa semester depan?
1770;262;11-50;1113190.0;text;;[];True;False;f7953c140f0bf984;[];gimana kabar lu sekarang?
1771;262;11-50;1113442.0;text;;['😂'];False;False;9f3f4740ef334c72;[];gw baru aja dr kampus
1772;262;11-50;1113453.0;text;;[];False;False;9f3f4740ef334c72;[];sidang minggu depan doian ya
1773;262;0;1113623.0;sticker/webp;;[];False;False;f7953c140f0bf984;[];[Stiker]
1774;263;0;1116517.0;image/jpeg;;[];False;False;7318fd417024ba90;[];[Foto]
1775;263;0;1116521.0;image/jpeg;;[];False;False;7318fd417024ba90;[];[Foto]
1776;263;0;1116522.0;image/jpeg;;[];False;False;7318fd417024ba90;[];[Foto]
1777;263;0;1116525.0;image/jpeg;;[];False;False;7318fd417024ba90;[];[Foto]
1778;263;0;1116525.0;image/jpeg;;[];False;False;7318fd417024ba90;[];[Foto]
1779;263;0;1116532.0;image/jpeg;;[];False;False;7318fd417024ba90;[];[Foto]
1780;263;0;1116536.0;image/jpeg;;[];False;False;7318fd417024ba90;[];[Foto]
1781;263;0;1116537.0;image/jpeg;;[];False;False;7318fd417024ba90;[];[Foto]
1782;263;0;1116537.0;image/jpeg;;[];False;False;7318fd417024ba90;[];[Foto]
1783;263;11-50;1116940.0;text;;[];False;False;7318fd417024ba90;[];dompet gw ketinggalan di rumah
1784;263;11-50;1117022.0;text;;[];True;False;04750ee12e6cd329;[];besok libur bukan sih?
1785;263;11-50;1117106.0;text;;[];False;False;7318fd417024ba90;[];wifi kampus lemot parah
1786;263;11-50;1117112.0;text;;[];False;False;f0cc7620edf4529a;[];CAPEK BANGET HARI INI ASLI
1787;263;0;1117123.0;sticker/webp;;[];False;False;7318fd417024ba90;[];[Stiker]
1788;263;0;1117164.0;sticker/webp;;[];False;False;f0cc7620edf4529a;[];[Stiker]
1789;263;0;1117207.0;sticker/webp;;[];False;False;f7953c140f0bf984;[];[Stiker]
1790;264;11-50;1121067.0;image/jpeg;;[];True;False;7318fd417024ba90;['a3bdbb2ae32da92a'];[Foto]
1791;264;1-10;1121535.0;text;;[];False;False;9f3f4740ef334c72;[];saib
1792;264;1-10;1122236.0;text;;[];False;False;8c1932391fcc274e;[];bole
1793;264;1-10;1122325.0;text;;[];False;False;a3bdbb2ae32da92a;[];asli
1794;264;51-100;1122342.0;text;;[];True;False;7318fd417024ba90;[];menurut lu gw harus ambil mata kuliah pilihan yang mana,,, semester depan?
1795;264;11-50;1122346.0;text;;[];False;False;7318fd417024ba90;[];gw laper banget,,, nih,,,
1796;264;1-10;1122348.0;text;;[];False;False;7318fd417024ba90;[];gpp
1797;264;11-50;1122394.0;text;;[];False;False;8c1932391fcc274e;[];seminar tadi lama banget,,,
1798;264;11-50;1122719.0;text;1797.0;[];False;False;395fb5fd1f0ec715;[];SIDANG MINGGU DEPAN DOAIN YA
1799;264;11-50;1123016.0;text;;[];False;False;7318fd417024ba90;[];lu udah makan,,, belum
1800;264;11-50;1123047.0;text;;[];False;False;7318fd417024ba90;[];mie ayam,,, pak kumis juara sih,,,
1801;264;0;1123322.0;sticker/webp;;[];False;False;a3bdbb2ae32da92a;[];[Stiker]
1802;264;11-50;1123437.0;text;;[];False;False;7318fd417024ba90;[];proposal skripsi gw ditolak,,,
1803;264;11-50;1123440.0;text;;[];False;False;7318fd417024ba90;[];seminar tadi lama,,, banget
1804;264;11-50;1123577.0;text;;[];False;False;529638f4b7b8b2f5;['48b36f924c81d70f'];seminar tadi lama banget
1805;264;11-50;1123588.0;text;;[];False;False;7318fd417024ba90;[];dosen pembimbing,,, susah ditemui,,,
1806;264;11-50;1123592.0;text;;[];False;False;7318fd417024ba90;[];gw laper banget nih
1807;264;0;1123978.0;sticker/webp;;[];False;False;529638f4b7b8b2f5;[];[Stiker]
1808;264;1-10;1124088.0;text;;[];False;False;7318fd417024ba90;[];gpp
1809;264;11-50;1124091.0;text;;[];False;False;7318fd417024ba90;[];seminar tadi lama banget
1810;264;1-10;1124092.0;text;;[];False;False;7318fd417024ba90;[];gaje
1811;264;11-50;1124135.0;text;;[];False;False;529638f4b7b8b2f5;[];proposal skripsi gw ditolak
1812;264;11-50;1124307.0;text;1810.0;[];False;False;529638f4b7b8b2f5;[];gw baru aja dari kampus
1813;264;1-10;1124308.0;text;;[];False;False;529638f4b7b8b2f5;[];gaje
1814;264;11-50;1124463.0;text;;[];False;False;e1bcb10894479e11;[];doesn pembimbing susah ditemui
1815;264;51-100;1124495.0;text;;[];False;False;e1bcb10894479e11;['a3bdbb2ae32da92a'];kemarin gw ke toko bkuu beli nvoel baur sm buku refeernsi buat skripsi
1816;264;1-10;1124497.0;text;;['😂'];False;False;e1bcb10894479e11;[];bet
1817;264;101-500;1124584.0;text;;[];False;False;5d5403e046903e00;[];gw lagi galau banget,,, nih soal,,, masa depan.,,, mau lanjut s2 tapi duit ga ada, mau langsung kerja,,, tapi pengalaman,,, masih minim.,,, nyokap bilang terserah gw aja,,, tapi gw tau,,, dia pengen gw,,, cepet kerja biar,,, bisa bantu ekonomi keluarga.,,, bingung banget,,, sih, kayak semua pilihan ada plus,,, minusnya
1818;264;11-50;1125304.0;text;1817.0;[];False;False;529638f4b7b8b2f5;['5ff5b84aecfc7b32'];gw mau ambil cuti semester
1819;264;11-50;1125320.0;text;;[];False;False;5d5403e046903e00;[];mie ayam pak kumis juara sih,,,
1820;264;51-100;1125406.0;text;1817.0;[];False;False;5ff5b84aecfc7b32;[];gw lagi mikirin mau ambil magang... di perusahaan mana buat semester depan...
1821;264;51-100;1125424.0;text;;[];False;False;5ff5b84aecfc7b32;[];jangan lupa besok kumpul... di lobby kampus jam 8 pagi buat berangkat bareng
1822;264;0;1125460.0;sticker/webp;;[];False;False;a3bdbb2ae32da92a;[];[Stiker]
1823;264;11-50;1125726.0;text;;[];False;False;5d5403e046903e00;[];sidang minggu depan,,, doain ya
1824;264;11-50;1125727.0;text;;[];False;False;5d5403e046903e00;[];gw baru,,, aja dari,,, kampus
1825;264;1-10;1126371.0;text;;['🤷🏻\u200d♂'];False;False;5ff5b84aecfc7b32;[];nah
1826;264;1-10;1126624.0;text;;[];False;False;7318fd417024ba90;[];nih
1827;265;1-10;1132669.0;text;;[];False;False;1530a0317105342e;[];asliiii
1828;265;0;1132687.0;unknown;;[];False;False;13f34342b1cf856e;[];[Media tidak dikenal]
1829;265;11-50;1132695.0;text;;[];False;False;1530a0317105342e;[];gw mau ambilll cuti semesterrr
1830;265;51-100;1133278.0;text;;[];True;False;15a9a70e8f97fbef;[];menurut lu gw harussss ambil mataa kuliah pilihan yang mana semester depan?
1831;265;1-10;1133281.0;text;;[];False;False;15a9a70e8f97fbef;[];sabiii
1832;265;11-50;1133287.0;text;;[];False;False;15a9a70e8f97fbef;[];lu udah makannnn belum
1833;265;1-10;1133295.0;text;;[];False;False;15a9a70e8f97fbef;[];bet
1834;265;11-50;1133764.0;text;;[];False;False;f0cc7620edf4529a;[];SEMINAR TADI LAMA BANGET
1835;265;101-500;1133793.0;text;1831.0;[];False;False;f0cc7620edf4529a;[];GW LAGI GALAU BANGET NIH SOAL MASA DEPAN. MAU LANJUT S2 TAPI DUIT GA ADA, MAU LANGSUNG KERJA TAPI PENGALAMAN MASIH MINIM. NYOKAP BILANG TERSERAH GW AJA TAPI GW TAU DIA PENGEN GW CEPET KERJA BIAR BISA BANTU EKONOMI KELUARGA. BINGUNG BANGET SIH, KAYAK SEMUA PILIHAN ADA PLUS MINUSNYA
1836;265;11-50;1133907.0;text;;[];False;False;15a9a70e8f97fbef;[];gw mau ambil cuti semester
1837;265;1-10;1133914.0;text;;['🤗'];False;True;15a9a70e8f97fbef;[];mantap!
1838;265;11-50;1133970.0;text;;[];False;False;f0cc7620edf4529a;[];KELAS TAMBAHAN HARI SABTU SIH
1839;266;0;1143049.0;sticker/webp;;[];False;False;a3bdbb2ae32da92a;[];[Stiker]
1840;266;0;1143050.0;image/jpeg;;[];False;False;a3bdbb2ae32da92a;[];[Foto]
1841;267;11-50;1146848.0;text;;[];False;False;cd7132cbaa083ee7;[];kopi susu yg biasa ya
1842;267;1-10;1146854.0;text;;[];False;False;cd7132cbaa083ee7;[];ngab
1843;268;51-100;1149591.0;text;;['🙃'];True;False;8f1d65d9122f92d0;[];kira kiraaaa kalo gw applyyyy maganggg sekarangggg masihhh keburu ga ya?
1844;268;11-50;1149600.0;text;;[];False;False;8f1d65d9122f92d0;[];game baruuu udah downloadd belumm
1845;268;0;1149612.0;unknown;;[];False;False;a3bdbb2ae32da92a;[];[Media tidak dikenal]
1846;268;0;1149612.0;unknown;;[];False;False;a3bdbb2ae32da92a;[];[Media tidak dikenal]
1847;268;0;1149616.0;unknown;;[];False;False;a3bdbb2ae32da92a;[];[Media tidak dikenal]
1848;268;1-10;1149633.0;text;;[];True;False;b2b7bc2caae9c121;[];ya?
1849;268;11-50;1149642.0;text;;[];False;False;8f1d65d9122f92d0;[];album baru dia enakkkk banget
1850;268;0;1149644.0;sticker/webp;;[];False;False;a3bdbb2ae32da92a;[];[Stiker]
1851;268;51-100;1149667.0;text;;[];False;False;b2b7bc2caae9c121;[];gw baru dapet... info... beasiswa... buat semester depan mau coba daftar deh
1852;268;11-50;1149681.0;text;;[];False;False;a3bdbb2ae32da92a;[];gym harii inii skippp dehh
1853;268;11-50;1149681.0;text;;[];False;False;a3bdbb2ae32da92a;[];gym hari iniiii skip dehhhh
1854;268;1-10;1149685.0;text;;[];False;False;a3bdbb2ae32da92a;[];kuy
1855;268;1-10;1149686.0;text;;[];False;False;48b36f924c81d70f;[];ih
1856;268;0;1149689.0;sticker/webp;;[];False;False;8f1d65d9122f92d0;[];[Stiker]
1857;268;11-50;1149708.0;text;;[];False;False;a3bdbb2ae32da92a;[];podcast yg lu rekomen manaaa
1858;268;11-50;1149720.0;text;;['🙃'];False;False;8f1d65d9122f92d0;[];badminton yuk sore iniiii
1859;268;11-50;1149729.0;text;;[];False;False;a3bdbb2ae32da92a;[];podcastttt yg lu rekomen mana
1860;268;1-10;1149744.0;text;;[];False;False;529638f4b7b8b2f5;[];njir
1861;268;0;1149747.0;video/mp4;;[];False;False;8f1d65d9122f92d0;[];[Video]
1862;268;1-10;1149761.0;text;;[];False;False;48b36f924c81d70f;[];jir
1863;268;11-50;1149763.0;text;;[];False;False;6d21d1ebf3c7f5b9;[];gaem baru udha download blm
1864;268;1-10;1149769.0;text;;[];False;False;48b36f924c81d70f;[];zonk
1865;268;11-50;1149770.0;text;;[];False;False;a3bdbb2ae32da92a;[];gym hari ini skipppp deh
1866;268;11-50;1149773.0;text;;[];False;False;48b36f924c81d70f;[];gym hari ini skip deh
1867;268;1-10;1149779.0;text;;[];False;False;48b36f924c81d70f;[];btw
1868;268;1-10;1149781.0;text;;['😒'];False;False;6d21d1ebf3c7f5b9;[];btw
1869;268;11-50;1149790.0;text;1863.0;[];True;False;a3bdbb2ae32da92a;[];tadi ngomongggg apa sihh dosennya?
1870;268;1-10;1149793.0;text;;[];False;True;a3bdbb2ae32da92a;[];edan!
1871;268;11-50;1149802.0;text;;[];False;False;6d21d1ebf3c7f5b9;[];gw abis lari pagi taid
1872;268;11-50;1149809.0;text;;[];False;False;a3bdbb2ae32da92a;[];konser itu mahallll bangettt tiketnya
1873;268;11-50;1149811.0;text;;[];False;False;6d21d1ebf3c7f5b9;[];album baru dia enak bgt
1874;268;11-50;1149831.0;text;;[];False;False;a3bdbb2ae32da92a;[];series itu endingnya zonk bgtttt
1875;268;51-100;1149848.0;text;;[];False;False;6d21d1ebf3c7f5b9;[];gw hrs ganti strategi belajar sih soalnya nilai uts kemarin jeelk bgt
1876;268;0;1149859.0;sticker/webp;1874.0;[];False;False;48b36f924c81d70f;[];[Stiker]
1877;268;11-50;1149865.0;text;;[];False;False;6d21d1ebf3c7f5b9;[];podcast yg lu rekomen mnaa
1878;268;11-50;1149909.0;text;;[];False;False;a3bdbb2ae32da92a;[];futsal besok jadii ga
1879;268;11-50;1149910.0;text;;[];False;False;a3bdbb2ae32da92a;[];konser itu mahallll bangetttt tiketnya
1880;268;0;1149927.0;sticker/webp;;[];False;False;529638f4b7b8b2f5;[];[Stiker]
1881;268;0;1149928.0;sticker/webp;;[];False;False;a3bdbb2ae32da92a;[];[Stiker]
1882;268;0;1149980.0;video/mp4;;[];False;False;74107b7ee42fb2c9;[];[Video]
1883;268;11-50;1150159.0;text;;[];False;False;15a9a70e8f97fbef;[];manga terbaru udahhhh keluarr loh
1884;268;1-10;1150162.0;text;;[];False;False;a3bdbb2ae32da92a;[];ih
1885;268;11-50;1150167.0;text;;[];False;False;6d21d1ebf3c7f5b9;[];gw abis lari pagi tadi
1886;268;11-50;1150187.0;text;;[];False;False;6d21d1ebf3c7f5b9;[];manga terbaru udah keular loh
1887;268;11-50;1150245.0;text;;[];False;False;a3bdbb2ae32da92a;[];gymmm hari ini skip deh
1888;268;11-50;1150263.0;text;;[];False;False;6d21d1ebf3c7f5b9;[];gw lg baac novel baru nih
1889;269;0;1151101.0;sticker/webp;;[];False;False;15a9a70e8f97fbef;[];[Stiker]
1890;269;11-50;1151685.0;text;;[];False;False;6d21d1ebf3c7f5b9;[];gw ga percaya sih gosipnya
1891;269;11-50;1151764.0;text;;[];False;False;a3bdbb2ae32da92a;[];reuni kapan ya kita
1892;269;1-10;1151818.0;text;;[];False;False;6d21d1ebf3c7f5b9;[];wkwkw
1893;269;11-50;1151835.0;text;;[];False;False;6d21d1ebf3c7f5b9;[];gw kangen temen teemn sma
1894;269;11-50;1151847.0;text;;[];False;False;6d21d1ebf3c7f5b9;[];temenin gw dong besok
1895;269;11-50;1151910.0;text;;[];False;False;15a9a70e8f97fbef;[];eh denger gosip belum
1896;269;51-100;1151970.0;text;;[];False;False;a3bdbb2ae32da92a;[];wifi kosan gw lemot banget jadiiii gw ke perpussss aja buat ngerjain tugas
1897;269;51-100;1152004.0;text;;[];False;False;6d21d1ebf3c7f5b9;[];gw brau aja dapet kabar kalo temen kita diterima kerja di luar negeri
1898;269;1-10;1152012.0;text;;[];False;False;7318fd417024ba90;[];gabut
1899;269;1-10;1152014.0;text;;[];False;False;7318fd417024ba90;[];sama
1900;269;1-10;1152031.0;text;;[];False;False;7318fd417024ba90;[];setuju
1901;269;11-50;1152039.0;text;;[];False;False;398fda1df1ad5f2c;[];diem diem ternyata jadian
1902;269;1-10;1152046.0;text;;[];True;False;8f1d65d9122f92d0;[];bisa?
1903;269;11-50;1152056.0;text;;[];True;False;8f1d65d9122f92d0;[];jadwal sidangggg kapannn bro?
1904;269;51-100;1152056.0;text;;[];False;False;a3bdbb2ae32da92a;[];lu harus cobaaaa kedai kopi baru di jalan belakang kampus, enak banget
1905;269;1-10;1152059.0;text;;[];False;False;7318fd417024ba90;[];sama
1906;269;11-50;1152060.0;text;;[];False;False;7318fd417024ba90;[];gw ga percaya sih gosipnya
1907;269;11-50;1152067.0;text;;[];False;False;7318fd417024ba90;[];gw ga percaya sih gosipnya
1908;269;11-50;1152079.0;text;;[];False;False;a3bdbb2ae32da92a;[];temenin gw dong besokk
1909;269;11-50;1152088.0;text;;[];False;False;7318fd417024ba90;[];eh denger gosip belum
1910;269;1-10;1152101.0;text;;[];True;False;6d21d1ebf3c7f5b9;[];bs?
1911;269;11-50;1152102.0;text;;[];False;False;7318fd417024ba90;[];pacarnya baru siapa sih
1912;269;11-50;1152111.0;text;;[];True;False;6d21d1ebf3c7f5b9;[];kos lu dmn sih tepatnya?
1913;269;1-10;1152117.0;text;;[];False;False;a3bdbb2ae32da92a;[];capee
1914;269;11-50;1152123.0;text;;[];False;False;a3bdbb2ae32da92a;[];si itu udah putus katanya
1915;269;11-50;1152128.0;text;;[];False;False;a3bdbb2ae32da92a;[];angkot ke sanaaaa masihhhh ada ga
1916;269;11-50;1152137.0;text;;[];False;False;a3bdbb2ae32da92a;[];eh denger gosip belum
1917;269;11-50;1152138.0;text;;[];True;False;1d6ca29fccb4bf31;[];kos lu dimana sih... tepatnya?
1918;269;11-50;1152158.0;text;;[];True;False;6d21d1ebf3c7f5b9;[];pinjam catetan boleh ga?
1919;269;1-10;1152206.0;text;;[];False;False;13f34342b1cf856e;[];wkwkw
1920;269;1-10;1152221.0;text;1919.0;[];True;False;6d21d1ebf3c7f5b9;[];ready?
1921;269;51-100;1152223.0;image/jpeg;;[];False;False;a3bdbb2ae32da92a;[];[Foto]
1922;269;11-50;1152227.0;text;;[];True;False;13f34342b1cf856e;[];kos lu dimana sih tepatnya?
1923;269;11-50;1152233.0;text;;['🙏🏼'];False;False;13f34342b1cf856e;[];eh denger gosip belum
1924;269;1-10;1152243.0;text;;[];False;False;13f34342b1cf856e;[];dong
1925;269;11-50;1152262.0;application/x-zip-compressed;;[];False;False;a3bdbb2ae32da92a;[];[application/x-zip-compressed]
1926;269;11-50;1152266.0;text;;['😂'];False;False;6d21d1ebf3c7f5b9;[];angkot ke sana msh ad ga
1927;269;11-50;1152270.0;text;;[];False;False;13f34342b1cf856e;[];pacarnya baru siapa sih
1928;269;11-50;1152271.0;text;;[];False;False;6d21d1ebf3c7f5b9;[];gw beratnem sm si anu
1929;269;11-50;1152276.0;text;1926.0;[];False;False;13f34342b1cf856e;[];jangan bilang siapa siapa ya
1930;269;1-10;1152282.0;text;;['😂'];False;False;13f34342b1cf856e;[];sama
1931;269;1-10;1152284.0;text;;[];False;False;a3bdbb2ae32da92a;[];hihi
1932;269;51-100;1152305.0;text;;[];False;False;13f34342b1cf856e;[];lu harus coba kedai kopi baru di jalan belakang kampus, enak banget
1933;269;1-10;1152308.0;text;;[];False;False;a3bdbb2ae32da92a;[];setuju
1934;269;11-50;1152313.0;text;;[];False;False;a3bdbb2ae32da92a;[];temennnn gw sakit masuk rs
1935;269;11-50;1152318.0;text;;[];False;False;a3bdbb2ae32da92a;[];reuniiii kapan ya kita
1936;269;0;1152859.0;image/jpeg;;[];False;False;395fb5fd1f0ec715;[];[Foto]
1937;269;11-50;1152873.0;text;;[];True;False;395fb5fd1f0ec715;[];KAPAN TERAKHIR KALI KETEMU?
1938;269;11-50;1152889.0;text;;[];False;False;48b36f924c81d70f;[];reuni kapan ya kita
1939;269;1-10;1152894.0;text;;[];False;False;48b36f924c81d70f;[];trus
1940;269;1-10;1152978.0;text;;['😂'];False;False;395fb5fd1f0ec715;[];WKWKW
1941;269;11-50;1152986.0;text;;[];False;False;395fb5fd1f0ec715;[];GW GA PERCAYA SIH GOSIPNYA
1942;269;11-50;1153004.0;text;;[];False;False;a3bdbb2ae32da92a;[];temennn gw sakit masuk rs
1943;269;51-100;1153110.0;text;;[];False;False;7318fd417024ba90;[];hari ini gw ada rapat organisasi sampe sore jadi ga,,, bisa ikut,,, nongkrong
1944;269;11-50;1153114.0;text;;[];False;False;7318fd417024ba90;[];gw ga percaya sih gosipnya
1945;269;11-50;1153126.0;text;;[];False;False;7318fd417024ba90;[];temen gw sakit masuk rs
1946;269;11-50;1153139.0;text;;[];False;False;7318fd417024ba90;[];jangan bilang siapa,,, siapa ya
1947;269;11-50;1153146.0;text;;[];False;False;7318fd417024ba90;[];temen gw sakit masuk rs
1948;269;11-50;1153154.0;text;;[];False;False;7318fd417024ba90;[];jangan bilang siapa siapa ya
1949;269;11-50;1153154.0;text;;[];False;False;423cee2941b71dc3;[];ANGKOT KE SANA MASIH ADA GA
1950;269;11-50;1153156.0;text;;[];False;False;423cee2941b71dc3;[];GW BERANTEM SAMA SI ANU
1951;269;1-10;1153157.0;text;;[];False;False;a3bdbb2ae32da92a;[];udah
1952;269;0;1153161.0;sticker/webp;;[];False;False;7318fd417024ba90;[];[Stiker]
1953;269;0;1153163.0;sticker/webp;;[];False;False;7318fd417024ba90;[];[Stiker]
1954;269;11-50;1153172.0;text;;[];False;False;423cee2941b71dc3;[];REUNI KAPAN YA KITA
1955;269;0;1153175.0;sticker/webp;;[];False;False;7318fd417024ba90;[];[Stiker]
1956;269;11-50;1153179.0;text;;[];False;False;a3bdbb2ae32da92a;[];reuni kapan ya kitaaaa
1957;269;0;1153185.0;sticker/webp;;[];False;False;7318fd417024ba90;[];[Stiker]
1958;269;11-50;1153191.0;text;;[];False;False;a3bdbb2ae32da92a;[];temenin gw dong besok
1959;269;11-50;1153192.0;text;;[];False;False;423cee2941b71dc3;[];DIEM DIEM TERNYATA JADIAN
1960;269;0;1153196.0;sticker/webp;;[];False;False;423cee2941b71dc3;[];[Stiker]
1961;269;0;1153209.0;sticker/webp;;[];False;False;a3bdbb2ae32da92a;[];[Stiker]
1962;269;11-50;1153224.0;text;;[];True;False;423cee2941b71dc3;[];KOS LU DIMANA SIH TEPATNYA?
1963;269;11-50;1153246.0;text;;[];False;False;a3bdbb2ae32da92a;[];gw ga percaya sihhhh gosipnya
1964;269;11-50;1153251.0;text;;[];False;False;a3bdbb2ae32da92a;[];gw kangen temen temennn sma
1965;270;51-100;1155339.0;text;1943.0;['😆'];False;False;1ee3c1560c93cb7b;[];gw baru dapet info beasiswa buat semester depan mau... coba daftar deh...
1966;270;51-100;1155381.0;text;;[];False;False;1d6ca29fccb4bf31;[];semalam hujan gede banget sampe kosan gw mati... lampu semaleman gila
1967;271;11-50;1156457.0;image/jpeg;;[];False;False;48b36f924c81d70f;[];[Foto]
1968;271;11-50;1156479.0;text;;[];False;False;8f1d65d9122f92d0;[];bakso malanggg ituu buka ga ya
1969;271;101-500;1156501.0;text;;[];False;False;74107b7ee42fb2c9;[];kemarin malem gw sm temen temen nongkrong di warokp biaas sampe jam 12 malem. kita ngobrol banyak hal dr mulai tugas kuliah, rencana liburan, sampe masalah percintaan. seru sih walau besoknya gw kesiangan masuk kelas pagi dan dosen negur di depan smua orang. malu tp ya gmn lg
1970;271;1-10;1156504.0;text;;[];False;False;a3bdbb2ae32da92a;[];ngab
1971;271;11-50;1156506.0;text;;[];False;False;a3bdbb2ae32da92a;[];tadi gw makan nasi padang
1972;271;0;1156534.0;image/jpeg;;[];False;False;a3bdbb2ae32da92a;[];[Foto]
1973;271;1-10;1157535.0;text;;[];False;False;7318fd417024ba90;[];bener
1974;271;101-500;1157834.0;image/jpeg;;[];False;False;98fc7c19ac28dc31;[];[Foto]
1975;271;11-50;1158302.0;text;;['🙄'];False;False;8c1932391fcc274e;[];masak sendiri lebih hemat,,, sih
1976;271;11-50;1158313.0;text;;[];False;False;8c1932391fcc274e;[];gw mau nyoba restoran,,, baru
1977;271;51-100;1158349.0;text;;[];False;False;8c1932391fcc274e;[];tadi di kantin ketemu anak angkatan,,, bawah yang,,, kenal sama temen sma gw
1978;271;11-50;1158366.0;text;;[];False;False;8c1932391fcc274e;[];sarapan dulu baru mikir,,,
1979;271;11-50;1158585.0;text;;[];False;False;48b36f924c81d70f;[];gw mau nyoba restoran baru
1980;271;0;1158667.0;video/mp4;;[];False;False;eab4dd87d4666531;[];[Video]
1981;271;11-50;1158670.0;image/jpeg;;[];False;False;a3bdbb2ae32da92a;[];[Foto]
1982;271;1-10;1158679.0;text;;[];False;False;a3bdbb2ae32da92a;[];brooo
1983;271;1-10;1158689.0;text;;[];False;False;48b36f924c81d70f;[];sip
1984;271;1-10;1158721.0;image/jpeg;;['🤷\u200d♂'];False;False;48b36f924c81d70f;[];[Foto]
1985;271;1-10;1158739.0;text;;[];False;False;a3bdbb2ae32da92a;[];sisss
1986;271;11-50;1158745.0;text;;[];False;False;a3bdbb2ae32da92a;[];gw mau pesen gofoodddd dulu
1987;271;11-50;1158749.0;text;;[];False;False;a3bdbb2ae32da92a;[];gw lagi diet tapii gagal mulu
1988;271;1-10;1158752.0;text;;[];False;False;a3bdbb2ae32da92a;[];lol
1989;271;0;1158761.0;sticker/webp;;[];False;False;a3bdbb2ae32da92a;[];[Stiker]
1990;271;1-10;1158782.0;text;;[];False;False;e1bcb10894479e11;[];bro
1991;271;0;1158792.0;image/jpeg;;[];False;False;e1bcb10894479e11;[];[Foto]
1992;271;11-50;1158804.0;text;;[];False;False;e1bcb10894479e11;[];maask sendiri lebih heamt sih
1993;271;11-50;1158823.0;image/jpeg;;[];False;False;da61054e8f48891f;[];[Foto]
1994;271;1-10;1158867.0;text;;[];False;False;a3bdbb2ae32da92a;[];ngabbb
1995;271;0;1158868.0;image/jpeg;;[];False;False;e1bcb10894479e11;[];[Foto]
1996;271;51-100;1158882.0;text;;[];False;False;da61054e8f48891f;[];gw udahh downloaddd semua materi kuliah tapi belummm sempat baca sama sekali
1997;271;11-50;1158889.0;text;;[];False;False;da61054e8f48891f;[];bakso malangggg ituuuu buka ga ya
1998;271;1-10;1158892.0;text;;[];False;False;a3bdbb2ae32da92a;[];cuyy
1999;271;11-50;1158897.0;text;;[];True;False;da61054e8f48891f;[];ituuuu benerannn apa hoax?
2000;271;11-50;1158899.0;image/jpeg;;[];False;False;7318fd417024ba90;[];[Foto]
2001;271;11-50;1158947.0;text;;[];False;False;9f3f4740ef334c72;[];es teh mnais satu ya bnag
2002;271;0;1158973.0;image/jpeg;;[];False;False;9f3f4740ef334c72;[];[Foto]
2003;271;51-100;1158973.0;text;;[];False;False;da61054e8f48891f;[];dompettt gw ilangggg kemarinnn di angkott tapiiii alhamdulillah ada yangggg nemuin
2004;271;1-10;1159025.0;text;;[];False;False;e1bcb10894479e11;[];ngab
2005;271;11-50;1159147.0;text;;[];False;False;a3bdbb2ae32da92a;[];gw mauuuu pesennn gofooddd duluu
2006;271;11-50;1159152.0;text;;[];False;False;13f34342b1cf856e;[];porsi makan gw nambah terus
2007;271;11-50;1159177.0;text;;[];False;False;9f3f4740ef334c72;[];masak sendiri lbeih hemat sih
2008;271;11-50;1159182.0;text;;[];False;False;9f3f4740ef334c72;[];gw mau nyoba restoran baru
2009;271;1-10;1159190.0;text;;[];False;False;a3bdbb2ae32da92a;[];broo
2010;271;11-50;1159198.0;text;;[];False;False;a3bdbb2ae32da92a;[];gw mau pesen gofood duluuu
2011;271;11-50;1159201.0;text;;[];False;False;a3bdbb2ae32da92a;[];nongkrong yuk di kafe biasa
2012;271;1-10;1159234.0;text;;[];False;False;9f3f4740ef334c72;[];ayok
2013;271;51-100;1159263.0;text;;[];False;False;da61054e8f48891f;[];weekend ini gw mauuu staycation ajaa di kosan bingee watching series baruuu
2014;271;11-50;1159270.0;text;;[];False;False;da61054e8f48891f;[];gw mau nyoba restoran baru
2015;271;11-50;1159277.0;text;;[];False;False;a3bdbb2ae32da92a;[];indomie telor udah cukup kok
2016;271;11-50;1159277.0;text;;[];False;False;a3bdbb2ae32da92a;[];bakso malangggg ituuu bukaaaa ga ya
2017;271;11-50;1159278.0;text;;[];False;False;8f1d65d9122f92d0;[];gw lagi diet tapi gagal muluu
2018;271;11-50;1159280.0;text;;[];False;False;8f1d65d9122f92d0;[];gw mauuuu nyoba restorann baru
2019;271;11-50;1159317.0;text;;[];False;False;7318fd417024ba90;[];gw mau nyoba,,, restoran baru
2020;271;1-10;1159317.0;text;;[];False;False;7318fd417024ba90;[];yep
2021;271;11-50;1159320.0;text;;[];False;False;7318fd417024ba90;[];gw mau,,, pesen gofood dulu
2022;271;11-50;1159327.0;text;;[];False;False;7318fd417024ba90;[];gw lagi diet tapi gagal mulu
2023;271;11-50;1159329.0;text;;[];False;False;7318fd417024ba90;[];porsi makan gw,,, nambah terus
2024;271;1-10;1159367.0;text;;[];False;False;a3bdbb2ae32da92a;[];ngab
2025;271;11-50;1159379.0;text;;[];False;False;13f34342b1cf856e;[];nongkrong yuk di kafe biasa
2026;271;11-50;1159382.0;text;;[];False;False;7318fd417024ba90;[];nongkrong yuk,,, di kafe,,, biasa
2027;271;11-50;1159384.0;text;;[];False;False;7318fd417024ba90;[];masak sendiri lebih hemat sih
2028;271;1-10;1159385.0;text;;[];False;False;13f34342b1cf856e;[];yep
2029;271;11-50;1159391.0;text;;[];False;False;7318fd417024ba90;[];kopi susu yg,,, biasa ya
2030;271;11-50;1159419.0;text;;[];False;False;628dfc6269999861;[];es teh manis satu ya bang...
2031;271;11-50;1159450.0;text;;[];True;False;da61054e8f48891f;[];bayarr berapa sihhhh tadi?
2032;271;1-10;1159454.0;text;;[];False;False;7318fd417024ba90;[];ayok
2033;271;51-100;1159479.0;text;;[];False;False;628dfc6269999861;[];tadi di kantin ketemu anak angkatan bawah yang kenal sama... temen SMA gw
2034;271;11-50;1159543.0;text;;[];False;False;9f3f4740ef334c72;[];indomie telor udah cukup kok
2035;271;1-10;1159547.0;text;;[];False;False;9f3f4740ef334c72;[];bro
2036;271;11-50;1159550.0;text;;[];False;False;9f3f4740ef334c72;[];masak sendiri lebih hmeat sih
2037;271;11-50;1159715.0;text;;[];False;False;628dfc6269999861;[];indomie telor udah cukup kok
2038;271;1-10;1159930.0;text;;[];False;False;a3bdbb2ae32da92a;[];fix
2039;271;11-50;1159935.0;text;;[];False;False;a3bdbb2ae32da92a;[];bakso malangg itu buka ga ya
2040;271;1-10;1159938.0;text;;[];False;False;628dfc6269999861;[];sip
2041;271;11-50;1159943.0;text;;[];False;False;628dfc6269999861;[];es teh manis... satu ya bang
2042;271;1-10;1159948.0;text;;[];False;False;a3bdbb2ae32da92a;[];ngab
2043;271;11-50;1159956.0;text;;[];False;False;628dfc6269999861;[];porsi makan gw nambah terus
2044;272;1-10;1161320.0;text;;[];False;False;e1bcb10894479e11;[];udah
2045;272;51-100;1161333.0;text;;[];False;False;e1bcb10894479e11;[];lu hrs coab kedai kpoi baru di jaaln belakang kampus, enak bgt
2046;272;0;1161387.0;image/jpeg;;[];False;False;e1bcb10894479e11;[];[Foto]
2047;272;0;1161442.0;unknown;;[];False;False;13f34342b1cf856e;[];[Media tidak dikenal]
2048;272;0;1161466.0;image/jpeg;;[];False;False;e1bcb10894479e11;[];[Foto]
2049;272;11-50;1161488.0;text;;[];False;False;e1bcb10894479e11;['13f34342b1cf856e'];gw ga percaya sih gosipnya
2050;272;11-50;1161492.0;text;;[];False;False;13f34342b1cf856e;[];gw kangen temen temen sma
2051;272;0;1161492.0;sticker/webp;;[];False;False;42a92bc178083211;[];[Stiker]
2052;272;1-10;1161499.0;text;;[];False;False;13f34342b1cf856e;[];sama
2053;272;0;1161500.0;sticker/webp;;[];False;False;42a92bc178083211;[];[Stiker]
2054;272;1-10;1161836.0;text;2046.0;[];False;False;a3bdbb2ae32da92a;[];sama
2055;272;11-50;1162287.0;text;2046.0;[];False;False;628dfc6269999861;[];eh denger gosip belum
2056;272;11-50;1162522.0;text;;[];False;False;e1bcb10894479e11;[];gw berantem sm si anu
2057;272;51-100;1162909.0;text;;[];False;False;40147fa30bb09c7b;[];hariiii ini gw ada rapat organisasi sampe sore jadi ga bisa ikuttt nongkrong
2058;272;101-500;1162967.0;text;;[];False;False;40147fa30bb09c7b;[];hari ini gw isengggg nyoba bikin kopiiii pakeee metode v60 yang lagi hype di kalangann anak anak kampus. beliii alatnya lumayan mahal sih tapiii hasilnyaa emang beda dari kopiii sachett biasa. kopinyaaa lebih smoothhhh dan ga terlalu pahit. kayaknya gw bakal ketagihan nihh bikin kopiiii sendiri tiapppp pagi sebelum ke kampus
2059;272;51-100;1162979.0;text;;[];False;False;8f1d65d9122f92d0;[];hari ini gw adaa rapat organisasi sampe sore jadii ga bisaaaa ikut nongkrong
2060;272;101-500;1163035.0;text;;[];False;False;40147fa30bb09c7b;[];harii ini gw iseng nyoba bikin kopi pakee metodeee v60 yang lagi hypee di kalangan anakkk anakkk kampus. beli alatnya lumayannnn mahal sihh tapi hasilnya emang bedaaa dariii kopi sachet biasa. kopinyaaa lebih smoothhhh dan ga terlalu pahit. kayaknya gw bakal ketagihan nih bikin kopi sendiriiii tiap pagii sebelum ke kampus
2061;272;11-50;1163062.0;text;;[];False;False;398fda1df1ad5f2c;[];pacarnya baru siapa sih
2062;272;11-50;1163100.0;text;;['🤷\u200d♂'];False;False;398fda1df1ad5f2c;[];reuni kapan ya kita
2063;272;101-500;1163140.0;text;;[];False;False;40147fa30bb09c7b;[];hari iniiii gw isengg nyobaa bikinnnn kopiii pakeeee metode v60 yang lagi hype di kalangan anak anakk kampus. belii alatnya lumayan mahal sih tapi hasilnya emang beda dari kopii sachet biasa. kopinya lebih smooth dann ga terlalu pahit. kayaknya gw bakal ketagihan nih bikinn kopi sendiri tiap pagi sebelum ke kampus
2064;272;11-50;1163228.0;text;;[];False;False;e1bcb10894479e11;[];temen gw sakti masuk rs
2065;272;11-50;1163271.0;text;;[];False;False;e1bcb10894479e11;[];reuni kpaan ya kiat
2066;272;11-50;1163291.0;text;;['😂'];False;False;e1bcb10894479e11;[];jangan bilang siapa siapa ya
2067;272;0;1163593.0;image/jpeg;;[];False;False;a3bdbb2ae32da92a;[];[Foto]
2068;272;11-50;1164342.0;text;;['😂'];False;False;49f5bacc1c302988;[];gw berantem sama si anu
2069;272;11-50;1164361.0;text;2046.0;['👋🏼'];False;False;da61054e8f48891f;[];eh dengerr gosipppp belum
2070;272;11-50;1164380.0;text;2046.0;['💪🏼'];False;False;49f5bacc1c302988;[];gw ga percaya sih gosipnya
2071;272;51-100;1164417.0;text;;[];False;False;e1bcb10894479e11;[];wifi kosan gw lemto bgt jaid gw ke perpus aja buat ngerjain tuags
2072;272;11-50;1164445.0;text;;[];False;False;da61054e8f48891f;[];reuni kapan ya kita
2073;272;11-50;1164451.0;text;;[];False;False;da61054e8f48891f;[];si itu udah putuss katanya
2074;273;1-10;1167712.0;text;;['😂'];False;False;15a9a70e8f97fbef;[];oii
2075;273;11-50;1168772.0;text;2046.0;[];True;False;da61054e8f48891f;[];makan apa ntar siang?
2076;273;101-500;1169029.0;text;2046.0;[];False;False;15a9a70e8f97fbef;[];gw baruu aja beresss beresinnnn kosan dan nemu barangg barang lama dariii jamannnn sma. ada foto kelas, surattt darii mantan, sama bukuuu diaryyyy yang isinyaa cringe bangettt kaloooo dibaca sekarang. jadii nostalgia sendiri inget masa masaaa dulu yangggg lebih sederhana. kadang kangen juga sihh jadi anak sma lagii tanpaaaa mikirin skripsiii
2077;274;0;1200631.0;image/jpeg;;[];False;False;a3bdbb2ae32da92a;[];[Foto]
2078;274;11-50;1200635.0;text;;[];False;False;a3bdbb2ae32da92a;['7318fd417024ba90'];bsk sore adaaa waktu ga
2079;274;1-10;1201248.0;text;2077.0;[];True;False;7318fd417024ba90;[];jadi?
2080;274;11-50;1201312.0;text;;[];True;False;a3bdbb2ae32da92a;[];makann apa ntarr siang?
2081;274;1-10;1201609.0;text;;[];False;False;7318fd417024ba90;[];hoo
2082;274;51-100;1202243.0;text;;[];False;False;a3bdbb2ae32da92a;[];gw harus nabungg lebih banyak sih buat bayar uanggg semesterrr yang naik
2083;274;1-10;1202248.0;text;;['🤣'];False;False;a3bdbb2ae32da92a;[];wah
2084;274;1-10;1202599.0;text;;[];False;False;74107b7ee42fb2c9;[];ahh
2085;274;101-500;1202889.0;text;;[];False;False;a3bdbb2ae32da92a;[];gw baru ajaa beres beresinnnn kosannn dan nemu barangggg baranggg lama dari jaman sma. ada foto kelas, suratt dari mantan, sama buku diaryyy yanggg isinya cringe banget kaloo dibaca sekarang. jadi nostalgiaaa sendiri inget masa masa duluu yanggg lebih sederhana. kadangggg kangen jugaa sih jadiii anak sma lagiiii tanpaaaa mikirin skripsiiii
2086;274;101-500;1202940.0;text;;[];False;False;a3bdbb2ae32da92a;[];gw baru ajaaa beres beresinnn kosan dannnn nemu barangg barang lama dariiii jamannn sma. adaaa fotoooo kelas, surattt dariiii mantan, sama bukuuuu diary yangg isinya cringee banget kaloooo dibaca sekarang. jadi nostalgia sendiriii inget masaa masaaaa dulu yangg lebih sederhana. kadang kangen jugaa sihhh jadiiii anakk sma lagiii tanpa mikirin skripsi
2087;275;11-50;1206733.0;text;;[];False;False;8f1d65d9122f92d0;[];gw baruuu ajaaa ketemuuu mantan
2088;275;0;1206756.0;video/mp4;;[];False;False;8f1d65d9122f92d0;[];[Video]
2089;276;0;1215219.0;image/jpeg;;[];False;False;a3bdbb2ae32da92a;[];[Foto]
2090;276;11-50;1215340.0;text;;[];False;False;628dfc6269999861;[];mama minta gw pulang... weekend
2091;276;11-50;1215369.0;text;;[];True;False;628dfc6269999861;[];siapa aja yg dateng?...
2092;276;11-50;1215566.0;text;;[];False;False;da61054e8f48891f;[];keluarga ngumpul lebaran nanti
2093;276;1-10;1215568.0;text;;[];False;False;98fc7c19ac28dc31;[];Nice.
2094;276;1-10;1215574.0;text;;[];False;False;a3bdbb2ae32da92a;[];gila
2095;276;11-50;1215594.0;text;;[];False;False;da61054e8f48891f;[];keluarga ngumpul lebarannnn nantiiii
2096;276;1-10;1215609.0;text;;[];False;False;a3bdbb2ae32da92a;[];gini
2097;276;11-50;1215775.0;image/jpeg;;[];False;False;f0cc7620edf4529a;[];[Foto]
2098;276;51-100;1215812.0;text;;[];False;False;a3bdbb2ae32da92a;[];besok adaaa bazaar di kampus katanya banyakk makanan murah, padaaa ikutttt ga
2099;276;0;1215815.0;sticker/webp;;[];False;False;a3bdbb2ae32da92a;[];[Stiker]
2100;276;51-100;1215836.0;text;;[];False;False;f0cc7620edf4529a;[];GW NONTON FILM DOKUMENTER SEMALAM TENTANG LAUT DAN IKAN, BAGUS BANGET
2101;276;1-10;1215839.0;text;;['😂'];False;False;f0cc7620edf4529a;[];PASTI
2102;276;0;1215839.0;sticker/webp;;[];False;False;0e74b4125911dad6;[];[Stiker]
2103;276;11-50;1215845.0;text;;[];False;False;a3bdbb2ae32da92a;[];gw kangen masakan rumahhhh
2104;276;1-10;1215849.0;text;;[];False;False;f0cc7620edf4529a;[];GILA
2105;276;11-50;1215851.0;text;;[];False;False;f0cc7620edf4529a;[];GW KANGEN MASAKAN RUMAH
2106;276;11-50;1215862.0;text;;[];False;False;48b36f924c81d70f;['4cd080c91f1bc83c'];kakak gw baru aja nikah
2107;276;1-10;1215862.0;text;;[];False;False;48b36f924c81d70f;[];woles
2108;276;1-10;1215866.0;text;;[];False;False;a3bdbb2ae32da92a;[];anjay
2109;276;1-10;1215877.0;text;;[];True;False;a3bdbb2ae32da92a;[];napa?
2110;276;11-50;1215888.0;text;;[];False;False;48b36f924c81d70f;[];kakak gw baru aja nikah
2111;276;1-10;1215901.0;text;;[];False;False;a3bdbb2ae32da92a;[];gitu
2112;276;11-50;1215907.0;text;;[];False;False;a3bdbb2ae32da92a;[];gw kangen masakan rumah
2113;276;51-100;1215922.0;text;;[];False;False;a3bdbb2ae32da92a;[];besok ada bazaar di kampussss katanya banyakkk makanan murah, pada ikut ga
2114;276;11-50;1215933.0;text;;[];False;False;a3bdbb2ae32da92a;[];keluargaaaa ngumpul lebarannn nantii
2115;276;11-50;1215934.0;text;;[];False;False;48b36f924c81d70f;[];kakak gw baru aja nikah
2116;276;101-500;1216087.0;text;;[];False;False;4cd080c91f1bc83c;[];gw pengen curhat sedikit nih. akhir akhir ini gw ngerasa burnout banget sama rutinitas kuliah yang itu itu aja. bangun pagi, kuliah, tugas, tidur, repeat. kadang gw ngerasa kayak robot yang cuma jalan sesuai program tanpa tau tujuan akhirnya apa. mungkin gw butuh liburan beneran buat refresh otak
2117;276;11-50;1216103.0;text;;[];False;False;a3bdbb2ae32da92a;[];adekk gw masuk sma tahun ini
2118;276;11-50;1216107.0;text;;[];False;False;628dfc6269999861;[];playlist lo yang mana sih
2119;276;11-50;1216130.0;text;;[];False;False;f0cc7620edf4529a;[];KAKAK GW BARU AJA NIKAH
2120;276;1-10;1216130.0;text;;['😂'];False;False;f0cc7620edf4529a;[];GINI
2121;276;11-50;1216140.0;text;;[];False;False;a3bdbb2ae32da92a;[];adek gw masuk sma tahun ini
2122;276;11-50;1216148.0;text;;['🤣'];False;False;48b36f924c81d70f;[];gw baru aja ketemu mantan
2123;276;11-50;1216155.0;text;;[];False;False;628dfc6269999861;[];film baru di bioskop... bagus ga...
2124;276;11-50;1216157.0;text;;[];False;False;4cd080c91f1bc83c;[];bokap gw lagi di luar kota
2125;276;11-50;1216183.0;text;;[];False;False;f0cc7620edf4529a;[];GW BARU AJA KETEMU MANTAN
2126;276;11-50;1216188.0;text;;[];False;False;a3bdbb2ae32da92a;[];gw kangen masakann rumah
2127;276;11-50;1216673.0;text;;[];False;False;5d8b9f76ca1b3a4a;[];playlist lo yg mana sih
2128;277;0;1217887.0;image/jpeg;;[];False;False;a3bdbb2ae32da92a;[];[Foto]
2129;277;1-10;1218272.0;text;;[];False;False;398fda1df1ad5f2c;[];fyi
2130;278;1-10;1219040.0;text;;[];False;False;398fda1df1ad5f2c;[];mah
2131;278;1-10;1219048.0;text;;[];False;False;398fda1df1ad5f2c;[];emm
2132;278;51-100;1219070.0;text;;[];False;False;398fda1df1ad5f2c;[];motor gw mogok di... tengah jalan... tadi pagi jadi gw... telat masuk kelas
2133;279;11-50;1221963.0;text;;[];False;False;1d6ca29fccb4bf31;[];sarapan dulu baru mikir
2134;279;11-50;1222244.0;text;;[];False;False;669693e29acc2603;[];Kopi susu yg biasa ya.
2135;279;11-50;1222362.0;text;;[];False;False;04750ee12e6cd329;[];tadi gw makan nasi padang
2136;279;11-50;1222381.0;text;;[];False;False;04750ee12e6cd329;[];gw mau nyoba restoran baru
2137;279;51-100;1222551.0;text;;[];False;False;669693e29acc2603;[];Gw udah download semua materi kuliah tapi belum sempat baca sama sekali.
2138;279;11-50;1222573.0;text;;[];False;False;04750ee12e6cd329;[];gw lg diet tp gagal mulu
2139;279;11-50;1222578.0;text;;[];False;False;04750ee12e6cd329;[];gw mau nyoba restoran baru
2140;279;1-10;1222643.0;text;;[];False;False;669693e29acc2603;[];Bro.
2141;279;51-100;1223244.0;text;;[];False;False;1d6ca29fccb4bf31;[];dompet gw ilang... kemarin di angkot tapi alhamdulillah ada yang nemuin
2142;279;51-100;1223271.0;text;;['😁'];False;False;1d6ca29fccb4bf31;[];weekend ini gw... mau staycation aja di kosan binge... watching series baru
2143;279;11-50;1223446.0;text;;[];False;False;e1bcb10894479e11;[];bakso malagn tu buka ga ya
2144;279;11-50;1223458.0;text;;[];False;False;e1bcb10894479e11;[];es teh manis stau ya bang
2145;279;11-50;1223614.0;text;;[];False;False;1d6ca29fccb4bf31;[];es teh manis... satu ya bang
2146;279;11-50;1223619.0;text;;[];False;False;1d6ca29fccb4bf31;[];es teh manis satu ya bang
2147;280;51-100;1228453.0;text;;[];True;False;1530a0317105342e;[];menurut lu gw harussss ambil mata kuliah pilihan yang mana semester depan?
2148;280;11-50;1228460.0;text;;[];False;False;1530a0317105342e;[];warteg depann kampussss enakk
2149;280;11-50;1228477.0;text;;[];False;False;1530a0317105342e;[];proposal skripsi gw ditolakkk
2150;280;1-10;1228577.0;text;;[];False;False;13f34342b1cf856e;[];nih
2151;280;1-10;1228580.0;text;;[];True;False;1530a0317105342e;[];dimana?
2152;280;1-10;1228588.0;text;;['🥺'];False;False;1530a0317105342e;[];betttt
2153;280;1-10;1228592.0;text;;[];False;False;13f34342b1cf856e;[];nih
2154;281;0;1229649.0;image/jpeg;;[];False;False;806c781beca06410;[];[Foto]
2155;281;1-10;1229696.0;text;;[];False;False;a3bdbb2ae32da92a;[];sans
2156;281;1-10;1229701.0;text;;[];False;False;a3bdbb2ae32da92a;[];bete
2157;281;11-50;1229832.0;text;;[];True;False;04750ee12e6cd329;[];ad sinyal ga disitu?
2158;281;1-10;1229871.0;text;;[];False;False;529638f4b7b8b2f5;[];fyi
2159;281;11-50;1229885.0;text;;[];False;False;529638f4b7b8b2f5;[];series itu endingnya zonk bgt
2160;281;11-50;1229887.0;text;;[];False;False;529638f4b7b8b2f5;[];pertandingan bola tadi malam gila
2161;281;51-100;1229896.0;text;;[];False;False;04750ee12e6cd329;[];gw hrs ganti strategi belajar sih soalnya nilai uts kemarin jelek bgt
2162;281;51-100;1229972.0;text;;[];False;False;a3bdbb2ae32da92a;[];gw baru dapetttt info beasiswaaaa buat semesterrr depan mau coba daftarrr deh
2163;281;11-50;1230141.0;text;;[];False;False;c58531f5a1cc6b42;[];gym hari ni skip deh
2164;281;51-100;1230154.0;text;;[];False;False;c58531f5a1cc6b42;[];dosen killer tu ternyata baik bgt orangnya kalo diajak ngobrol santai
2165;281;1-10;1230204.0;text;;[];False;False;529638f4b7b8b2f5;[];sans
2166;282;51-100;1235582.0;text;;[];True;False;cf3d8070c6647ca8;[];gimanaa caranya biar bisaaaa fokus belajar tanpa mainnn hp terus ya?
2167;282;1-10;1235677.0;text;;[];True;False;a3bdbb2ae32da92a;[];jadi?
2168;282;1-10;1235696.0;text;;[];False;False;cf3d8070c6647ca8;[];hooo
2169;282;51-100;1235721.0;text;;[];False;False;a3bdbb2ae32da92a;[];temennn sekamar gw pindahhhh kosan jadi sekarang gw sendiriannn di kamarrr
2170;282;11-50;1235725.0;text;;[];False;False;a3bdbb2ae32da92a;[];jangannnn lupaa bawa duit cash
2171;283;0;1236893.0;sticker/webp;;[];False;False;7318fd417024ba90;[];[Stiker]
2172;283;11-50;1237621.0;text;;[];False;False;529638f4b7b8b2f5;[];pertandingan bola tadi malam gila
2173;283;11-50;1237648.0;text;;[];False;False;5ff5b84aecfc7b32;[];album baru dia... enak... banget
2174;283;51-100;1237818.0;text;;[];False;False;398fda1df1ad5f2c;[];dosen killer itu ternyata... baik banget orangnya kalo diajak... ngobrol santai
2175;283;11-50;1237938.0;text;;[];False;False;5ff5b84aecfc7b32;[];konser itu mahal banget... tiketnya...
2176;283;11-50;1238009.0;text;;[];False;False;398fda1df1ad5f2c;[];series itu endingnya zonk bgt
2177;283;11-50;1238015.0;text;;[];False;False;398fda1df1ad5f2c;[];series itu endingnya... zonk bgt
2178;283;1-10;1238016.0;text;;[];False;False;398fda1df1ad5f2c;[];bete
2179;283;1-10;1238016.0;text;;[];False;False;398fda1df1ad5f2c;[];ih
2180;283;51-100;1238491.0;text;;[];False;False;2f136fe80e312979;[];semalam hujan gede banget,,, sampe kosan gw mati lampu semaleman gila
2181;283;11-50;1238726.0;text;;[];False;False;5ff5b84aecfc7b32;[];album baru dia enak banget...
2182;283;11-50;1238830.0;text;;[];False;False;a3bdbb2ae32da92a;[];manga terbaru udah keluar loh
2183;283;1-10;1238872.0;text;;[];False;False;8f1d65d9122f92d0;[];njir
2184;284;51-100;1251181.0;text;;[];True;False;5aebdc3c2b5afaa9;[];eh lu udah dapet info jadwal ujian akhir semester belum dari prodi!!
2185;284;11-50;1251202.0;text;;[];False;False;7318fd417024ba90;[];matkul ini susah banget
2186;284;0;1251212.0;sticker/webp;;[];False;False;a3bdbb2ae32da92a;[];[Stiker]
2187;284;11-50;1251217.0;text;;[];False;False;7318fd417024ba90;[];perpus tutup jam,,, berapa ya
2188;284;0;1251218.0;sticker/webp;;[];False;False;a3bdbb2ae32da92a;[];[Stiker]
2189;284;0;1251220.0;sticker/webp;;[];False;False;a3bdbb2ae32da92a;[];[Stiker]
2190;284;0;1251220.0;sticker/webp;;[];False;False;a3bdbb2ae32da92a;[];[Stiker]
2191;284;0;1251221.0;sticker/webp;;[];False;False;a3bdbb2ae32da92a;[];[Stiker]
2192;284;11-50;1251228.0;text;;[];False;False;7318fd417024ba90;[];deadline besok pagi bro,,,
2193;284;11-50;1251242.0;text;;[];False;False;5aebdc3c2b5afaa9;[];gw lg ngerjain tugas nih!!
2194;284;1-10;1251256.0;text;;[];False;False;7318fd417024ba90;[];yoi
2195;284;11-50;1251259.0;text;;[];False;False;7318fd417024ba90;[];gw belom mulai,,, tugas,,,
2196;284;11-50;1251723.0;text;;[];False;False;398fda1df1ad5f2c;[];gw skip kelas hari... ini
2197;284;11-50;1251732.0;text;;[];False;False;2f136fe80e312979;[];lab komputer penuh,,, terus,,,
2198;284;11-50;1251915.0;text;;[];False;False;bf0d1557c3ff93b2;[];dosen gw galak banget sih!!
2199;284;1-10;1251973.0;text;;[];False;False;16d7d3fd835eaaca;[];Hehe.
2200;284;1-10;1252796.0;text;;[];False;False;c58531f5a1cc6b42;[];iya
2201;284;1-10;1252802.0;text;;[];False;False;c58531f5a1cc6b42;[];yoi
2202;284;0;1252901.0;sticker/webp;;[];False;False;7318fd417024ba90;[];[Stiker]
2203;285;101-500;1254594.0;text;;[];True;False;7318fd417024ba90;[];gw lagi bimbang nih antara mau ikut organisasi kampus atau fokus ke akademik aja. menurut kalian gimana sih, worth it ga sih,,, ikut organisasi? soalnya gw denger banyak yang bilang bisa nambah soft skill tapi di sisi lain waktu buat belajar jadi berkurang kan, gimana pengalaman,,, kalian?
2204;285;11-50;1254826.0;text;;[];False;False;669693e29acc2603;[];Reuni kapan ya kita.
2205;285;1-10;1254932.0;text;;[];False;False;5d8b9f76ca1b3a4a;[];wkwkw
2206;285;51-100;1266820.0;text;;[];True;False;1530a0317105342e;[];lu pernah coba belajar bareng di perpus kota ga, enak ga disana?
2207;286;1-10;1290775.0;text;;['🥺'];False;False;1530a0317105342e;[];oottt
2208;286;0;1290796.0;sticker/webp;;[];False;False;a3bdbb2ae32da92a;[];[Stiker]
2209;286;11-50;1291674.0;text;;[];False;False;1530a0317105342e;[];manga terbaru udah keluarrrr loh
2210;286;11-50;1291687.0;text;;[];False;False;1530a0317105342e;[];album baru dia enakk banget
2211;286;11-50;1291691.0;text;;[];False;False;1530a0317105342e;['a3bdbb2ae32da92a'];pertandingan bolaaaa tadi malamm gila
2212;286;1-10;1293071.0;text;;[];False;False;a3bdbb2ae32da92a;[];zonkkkk
2213;287;0;1302521.0;image/jpeg;;[];False;False;cd7132cbaa083ee7;[];[Foto]
2214;287;11-50;1302562.0;text;;[];False;False;a3bdbb2ae32da92a;[];gw kangen temennnn temennnn sma
2215;287;11-50;1302569.0;text;;[];False;False;a3bdbb2ae32da92a;[];gw berantemmmm sama si anu
2216;287;0;1302569.0;sticker/webp;;[];False;False;a3bdbb2ae32da92a;[];[Stiker]
2217;287;11-50;1302677.0;text;;[];True;False;398fda1df1ad5f2c;[];kapan terakhir kali ketemu?
2218;287;1-10;1302679.0;text;;[];False;False;398fda1df1ad5f2c;[];trus
2219;287;11-50;1302686.0;text;;[];False;False;a3bdbb2ae32da92a;[];pacarnya baru siapa sih
2220;287;51-100;1302686.0;text;;[];False;False;398fda1df1ad5f2c;[];gw pengen banget... liburan ke pantai tapi duit lagi... tipis banget sekarang...
2221;287;11-50;1302697.0;text;;[];False;False;a3bdbb2ae32da92a;[];reuniiii kapann ya kita
2222;287;11-50;1302700.0;text;;[];False;False;a3bdbb2ae32da92a;[];eh dengerr gosip belum
2223;287;11-50;1302701.0;text;;[];False;False;398fda1df1ad5f2c;[];gw berantem sama si anu
2224;287;1-10;1302701.0;text;;[];False;False;a3bdbb2ae32da92a;[];sama
2225;287;1-10;1302702.0;text;;[];False;False;398fda1df1ad5f2c;[];dong
2226;287;1-10;1302705.0;text;;[];False;False;398fda1df1ad5f2c;[];amin
2227;287;1-10;1302707.0;text;;[];False;False;a3bdbb2ae32da92a;[];ywd
2228;287;11-50;1302717.0;text;;[];True;False;398fda1df1ad5f2c;[];pinjam catetan boleh... ga?
2229;287;1-10;1302727.0;text;;[];False;False;398fda1df1ad5f2c;[];males
2230;287;11-50;1302735.0;text;;[];False;False;398fda1df1ad5f2c;[];gw kangen temen temen SMA
2231;287;11-50;1302738.0;text;;[];False;False;398fda1df1ad5f2c;[];angkot ke sana masih ada ga
2232;287;11-50;1302750.0;text;;[];False;False;398fda1df1ad5f2c;[];temenin gw dong besok
2233;287;11-50;1302752.0;text;;[];False;False;398fda1df1ad5f2c;[];pacarnya baru siapa sih...
2234;287;11-50;1302753.0;text;;[];False;False;babd75a604c49c23;[];diem diem ternyata jadian
2235;287;11-50;1302760.0;text;;[];False;False;8f1d65d9122f92d0;[];jangannn bilang siapa siapaa ya
2236;287;1-10;1302763.0;text;;[];False;False;8f1d65d9122f92d0;[];trus
2237;287;11-50;1302780.0;text;;[];False;False;398fda1df1ad5f2c;[];diem diem ternyata jadian
2238;287;51-100;1302784.0;text;;[];False;False;a3bdbb2ae32da92a;[];gw baru ajaa dapet kabar kaloooo temen kita diterima kerja di luar negeri
2239;287;11-50;1302796.0;text;;[];False;False;14950c1be8b7b62b;[];REUNI KAPAN YA KITA
2240;287;1-10;1302806.0;text;;[];False;False;398fda1df1ad5f2c;[];ywd
2241;287;1-10;1302813.0;text;;['🤐'];False;False;398fda1df1ad5f2c;[];gabut
2242;287;11-50;1302825.0;text;;[];True;False;a3bdbb2ae32da92a;[];pinjammm catetann boleh ga?
2243;287;11-50;1302826.0;text;;[];False;False;398fda1df1ad5f2c;[];pacarnya baru siapa... sih...
2244;287;1-10;1302974.0;text;;[];False;False;2157908a7d2b490a;[];Hihi.
2245;287;11-50;1302980.0;text;;[];False;False;2157908a7d2b490a;[];Gw berantem sama si anu.
2246;287;11-50;1302984.0;text;;['😔'];False;False;2157908a7d2b490a;[];Gw ga percaya sih gosipnya.
2247;287;11-50;1302989.0;text;;[];False;False;2157908a7d2b490a;[];Eh denger gosip belum.
2248;287;11-50;1303002.0;text;;[];False;False;a3bdbb2ae32da92a;[];temeninn gw dongggg besok
2249;287;1-10;1303014.0;text;;['😱'];False;False;2157908a7d2b490a;[];Dong.
2250;287;11-50;1303014.0;text;;[];False;False;a3bdbb2ae32da92a;[];gw berantem sama si anu
2251;287;11-50;1303015.0;text;;[];False;False;2157908a7d2b490a;[];Angkot ke sana masih ada ga.
2252;287;0;1303021.0;sticker/webp;;[];False;False;a3bdbb2ae32da92a;[];[Stiker]
2253;288;51-100;1309367.0;text;;[];True;False;6d21d1ebf3c7f5b9;[];menurut lu gw hrs ambil mata kuilah pilihan yg mana semester depan?
2254;288;11-50;1309387.0;text;;[];False;False;6d21d1ebf3c7f5b9;[];dosen pembimbing susah ditemui
2255;288;11-50;1309464.0;text;;[];False;False;15a9a70e8f97fbef;[];mie ayammm pak kumis juara sihhhh
2256;288;11-50;1309495.0;text;;[];False;False;6d21d1ebf3c7f5b9;[];gw mau ambil cuit semester
2257;288;11-50;1309499.0;text;;[];False;False;6d21d1ebf3c7f5b9;[];gw mau abmil ctui semester
2258;288;11-50;1309514.0;text;;[];False;False;6d21d1ebf3c7f5b9;[];kelas tambahan hari sabtu sih
2259;288;1-10;1309520.0;text;;[];False;False;6d21d1ebf3c7f5b9;[];hmm
2260;288;1-10;1309812.0;text;;[];False;False;1530a0317105342e;[];done
2261;288;11-50;1309825.0;text;;[];False;False;1530a0317105342e;[];kelas tambahan hari sabtu sihhhh
2262;288;1-10;1309826.0;text;;['😅'];False;False;1530a0317105342e;[];aman
2263;288;11-50;1309831.0;text;;[];False;False;1530a0317105342e;[];sidang mingguu depan doain ya
2264;288;1-10;1309838.0;text;;[];False;False;a3bdbb2ae32da92a;[];bet
2265;288;1-10;1309839.0;text;;[];False;False;a3bdbb2ae32da92a;[];nih
2266;288;51-100;1309856.0;text;;[];False;False;a3bdbb2ae32da92a;[];gw lagi mikirin mau ambil magangggg di perusahaan mana buat semester depan
2267;288;1-10;1309862.0;text;;[];False;False;1530a0317105342e;[];gajee
2268;288;11-50;1309874.0;text;;[];False;False;1530a0317105342e;[];sidang minggu depan doainnn ya
2269;288;0;1309901.0;sticker/webp;;[];False;False;a3bdbb2ae32da92a;[];[Stiker]
2270;288;11-50;1309902.0;text;;[];False;False;a3bdbb2ae32da92a;[];gw baru ajaaa dari kampus
2271;288;11-50;1309905.0;text;;[];False;False;6d21d1ebf3c7f5b9;[];sidang minggu depan doain ya
2272;288;1-10;1309909.0;text;;[];False;False;6d21d1ebf3c7f5b9;[];asli
2273;288;11-50;1309913.0;text;;[];False;False;1530a0317105342e;[];gw mau ambil cutiiii semesterrr
2274;288;1-10;1309926.0;text;;[];False;False;a3bdbb2ae32da92a;[];nahhh
2275;288;11-50;1309930.0;text;;[];False;False;a3bdbb2ae32da92a;[];lu udahhh makan belum
2276;289;11-50;1312097.0;text;;[];False;False;398fda1df1ad5f2c;[];jangan lupa bawa duit cash
2277;289;11-50;1312144.0;text;;[];False;False;a3bdbb2ae32da92a;[];jangannnn lupa bawaaaa duitt cash
2278;289;11-50;1313141.0;text;;[];False;False;5ff5b84aecfc7b32;[];macet parah di jalan tol
2279;290;11-50;1319741.0;image/jpeg;;[];False;False;806c781beca06410;[];[Foto]
2280;290;1-10;1319762.0;text;;[];False;False;5ff5b84aecfc7b32;[];woy
2281;290;1-10;1319770.0;text;;[];False;False;a3bdbb2ae32da92a;[];sip
2282;290;1-10;1319772.0;text;;[];False;False;a3bdbb2ae32da92a;[];gass
2283;290;1-10;1319891.0;text;;[];False;False;eab4dd87d4666531;[];bro
2284;290;1-10;1319917.0;text;;[];False;False;eab4dd87d4666531;[];bener
2285;290;11-50;1321052.0;text;;[];False;False;49bac0e12df71387;[];gw mau pesen gofood dulu
2286;290;11-50;1321163.0;text;;[];False;False;a3bdbb2ae32da92a;[];nongkrong yuk di kafe biasa
2287;290;1-10;1321176.0;text;;[];False;False;a3bdbb2ae32da92a;[];lol
2288;290;1-10;1321176.0;text;;[];False;False;a3bdbb2ae32da92a;[];yep
2289;291;11-50;1322353.0;text;;[];True;False;7318fd417024ba90;[];mau nitip,,, apa ga?,,,
2290;291;1-10;1322455.0;text;;[];False;False;529638f4b7b8b2f5;[];siapp
2291;291;51-100;1322724.0;text;;['😂'];False;False;1d6ca29fccb4bf31;[];gw lagi dengerin podcast tentang psikologi, lumayan buat nambah wawasan
2292;291;51-100;1322752.0;text;;[];False;False;1d6ca29fccb4bf31;[];gw seneng banget akhirnya bisa ketemu temen temen lama setelah lama ga...
2293;291;11-50;1322767.0;text;;['🤷🏻\u200d♂'];False;False;1d6ca29fccb4bf31;[];capek banget hari ini asli
2294;291;1-10;1322794.0;text;;[];False;False;a3bdbb2ae32da92a;[];ah
2295;291;1-10;1322794.0;text;;[];False;False;a3bdbb2ae32da92a;[];okk
2296;292;1-10;1324676.0;text;;[];False;False;c58531f5a1cc6b42;[];eh
2297;292;11-50;1324689.0;text;;[];False;False;c58531f5a1cc6b42;[];gw mau tidur dulu ya
2298;293;11-50;1337946.0;text;;[];False;False;babd75a604c49c23;[];gw mau,,, pesen gofood dulu
2299;293;51-100;1337957.0;text;;[];True;False;babd75a604c49c23;[];ada yang tau kenapa kantin kampus tutup lebih awal hari ini ga,,, sih?
2300;293;11-50;1337965.0;text;;[];False;False;e0c6d9457e45dfdd;[];nongkrong yuk di kafe biasa!!!
2301;293;1-10;1337992.0;text;;[];False;False;a3bdbb2ae32da92a;[];gass
2302;293;11-50;1338002.0;text;;[];False;False;a3bdbb2ae32da92a;[];porsi makan gw nambahh terussss
2303;293;1-10;1338004.0;text;;[];True;False;babd75a604c49c23;[];kok?
2304;293;1-10;1338005.0;text;;[];False;False;e0c6d9457e45dfdd;[];sip!!!
2305;293;11-50;1338019.0;text;;[];False;False;a3bdbb2ae32da92a;[];baksooo malang itu buka ga ya
2306;293;11-50;1338023.0;text;2303.0;[];False;False;529638f4b7b8b2f5;[];gw mau pesen gofood dulu
2307;293;1-10;1338026.0;text;;[];False;False;babd75a604c49c23;[];fix
2308;293;11-50;1338031.0;text;;[];False;False;babd75a604c49c23;[];bakso malang itu buka ga ya
2309;293;11-50;1338045.0;text;;[];False;False;babd75a604c49c23;[];indomie telor udah cukup kok
2310;294;51-100;1339359.0;text;;[];True;False;7318fd417024ba90;[];eh lu udah dapet info jadwal ujian akhir,,, semester belum dari prodi?,,,
2311;294;11-50;1339404.0;text;;[];False;False;529638f4b7b8b2f5;[];lab komputer penuh terus
2312;294;11-50;1339415.0;text;;[];False;False;529638f4b7b8b2f5;[];deadline besok pagi bro
2313;294;11-50;1339421.0;text;;[];False;False;a3bdbb2ae32da92a;[];gw skip kelas harii ini
2314;294;11-50;1339425.0;text;;[];False;False;a3bdbb2ae32da92a;[];gw belom mulaiiii tugas
2315;294;11-50;1339433.0;text;;[];False;False;7318fd417024ba90;[];ipk gw turun semester ini
2316;294;11-50;1339433.0;text;;[];False;False;7318fd417024ba90;[];gw skip kelas,,, hari ini
2317;294;11-50;1339433.0;text;;[];False;False;7318fd417024ba90;[];tadi absen ga,,, sih kamu
2318;294;1-10;1339433.0;text;;['❤'];False;False;7318fd417024ba90;[];hehe
2319;294;11-50;1339452.0;text;;[];False;False;a3bdbb2ae32da92a;[];tadi absen ga sihh kamuuu
2320;294;0;1339460.0;sticker/webp;;[];False;False;a3bdbb2ae32da92a;[];[Stiker]
2321;294;11-50;1339475.0;text;;[];False;False;529638f4b7b8b2f5;[];gw belom mulai tugas
2322;294;11-50;1339482.0;text;;[];False;False;529638f4b7b8b2f5;[];IPK gw turun semester ini
2323;294;0;1339590.0;image/jpeg;;[];False;False;7318fd417024ba90;[];[Foto]
2324;294;11-50;1339669.0;text;;[];False;False;529638f4b7b8b2f5;[];matkul ini susah banget
2325;294;1-10;1339676.0;text;;[];False;False;529638f4b7b8b2f5;[];oke
2326;294;1-10;1339679.0;text;;[];False;False;7318fd417024ba90;[];dah
2327;294;11-50;1339685.0;text;;[];False;False;7318fd417024ba90;[];dosen gw galak banget sih
2328;294;1-10;1339686.0;text;;[];False;False;7318fd417024ba90;[];dah
2329;294;1-10;1339693.0;text;;[];False;False;7318fd417024ba90;[];ok
2330;294;11-50;1339715.0;text;;[];False;False;7318fd417024ba90;[];deadline besok pagi bro
2331;294;51-100;1339720.0;text;;[];False;False;7318fd417024ba90;[];gw denger katanya,,, semester,,, depan ada mata kuliah,,, baru,,, yang wajib diambil,,,
2332;294;11-50;1339747.0;text;;[];False;False;a3bdbb2ae32da92a;[];perpus tutup jam berapa ya
2333;294;1-10;1339753.0;text;;['🙃'];False;False;a3bdbb2ae32da92a;[];iya
2334;294;11-50;1339763.0;text;;[];False;False;a3bdbb2ae32da92a;[];presentasi gw amburadul
2335;294;11-50;1339765.0;text;;[];False;False;7318fd417024ba90;[];presentasi gw amburadul
2336;294;1-10;1339769.0;text;;[];False;False;7318fd417024ba90;[];siap
2337;294;11-50;1339811.0;text;2332.0;[];False;False;529638f4b7b8b2f5;[];lab komputer penuh terus
2338;294;1-10;1339822.0;text;;[];False;False;529638f4b7b8b2f5;[];wkwk
2339;294;11-50;1339829.0;text;;[];False;False;a3bdbb2ae32da92a;[];perpus tutuppp jam berapaa ya
2340;294;11-50;1339838.0;text;;[];False;False;7318fd417024ba90;[];matkul ini,,, susah banget
2341;294;1-10;1339843.0;text;;[];False;False;7318fd417024ba90;[];dah
2342;294;1-10;1339850.0;text;;[];False;False;529638f4b7b8b2f5;[];haha
2343;294;11-50;1339857.0;text;;[];False;False;529638f4b7b8b2f5;[];lab komputer penuh terus
2344;294;1-10;1339859.0;text;;[];False;False;7318fd417024ba90;[];dah
2345;294;11-50;1339860.0;text;;[];False;False;529638f4b7b8b2f5;[];matkul ini susah banget
2346;294;1-10;1339866.0;text;;[];False;False;7318fd417024ba90;[];oke
2347;294;11-50;1339869.0;text;;[];False;False;529638f4b7b8b2f5;[];presentasi gw amburadul
2348;294;1-10;1339879.0;text;;[];True;False;529638f4b7b8b2f5;[];kapan?
2349;294;0;1339887.0;image/jpeg;;[];False;False;7318fd417024ba90;[];[Foto]
2350;294;1-10;1339896.0;text;;[];False;False;a3bdbb2ae32da92a;[];okeeee
2351;294;11-50;1339900.0;text;;[];False;False;7318fd417024ba90;[];gw skip kelas,,, hari ini
2352;294;11-50;1339908.0;text;;[];False;False;7318fd417024ba90;[];presentasi gw,,, amburadul
2353;294;11-50;1339920.0;text;;[];False;False;7318fd417024ba90;[];gw skip,,, kelas,,, hari ini
2354;294;1-10;1339921.0;text;;[];False;False;a3bdbb2ae32da92a;[];iya
2355;294;11-50;1339922.0;text;;[];False;False;7318fd417024ba90;[];presentasi gw amburadul
2356;294;51-100;1339927.0;text;;[];False;False;7318fd417024ba90;[];eh besok kita jadi ketemuan di kafe deket stasiun kan ya jam,,, 2 siang
2357;294;51-100;1339935.0;text;;[];False;False;7318fd417024ba90;[];eh besok,,, kita,,, jadi ketemuan di kafe deket stasiun kan ya jam,,, 2 siang
2358;294;11-50;1339944.0;text;;[];False;False;7318fd417024ba90;[];presentasi gw amburadul
2359;294;11-50;1339975.0;image/jpeg;;[];False;False;7318fd417024ba90;[];[Foto]
2360;294;11-50;1339975.0;text;;[];False;False;7318fd417024ba90;[];perpus tutup jam berapa ya
2361;294;1-10;1339983.0;text;;[];False;False;a3bdbb2ae32da92a;[];ok
2362;294;11-50;1339994.0;text;;[];False;False;a3bdbb2ae32da92a;[];eh tadi kelas seru bangettt
2363;294;11-50;1339996.0;text;;[];False;False;a3bdbb2ae32da92a;[];matkullll inii susah banget
2364;294;1-10;1340598.0;text;;[];False;False;13f34342b1cf856e;[];gas
2365;294;11-50;1340622.0;text;;[];False;False;a3bdbb2ae32da92a;[];perpussss tutupppp jammm berapaaa ya
2366;294;1-10;1340632.0;text;;[];False;False;a3bdbb2ae32da92a;[];yukkk
2367;294;11-50;1340640.0;text;;[];False;False;2ae8122641b0b5c7;[];tadi absen ga sih kamu
2368;294;1-10;1340640.0;text;;[];False;False;13f34342b1cf856e;[];yuk
2369;294;11-50;1340646.0;text;;[];False;False;a3bdbb2ae32da92a;[];deadline besok pagi broooo
2370;294;11-50;1340649.0;text;;[];False;False;13f34342b1cf856e;[];lab komputer penuh terus
2371;294;11-50;1340653.0;text;;[];False;False;a3bdbb2ae32da92a;[];eh tadi kelas seruuuu banget
2372;294;1-10;1340654.0;text;;[];False;False;2ae8122641b0b5c7;[];wkwk
2373;294;51-100;1340669.0;text;;[];False;False;a3bdbb2ae32da92a;[];tadi gw ketemu dosennnn pembimbing dannn dia minta revisiii lagii untuk bab 3
2374;294;51-100;1340689.0;text;;[];False;False;13f34342b1cf856e;[];tadi gw ketemu dosen pembimbing dan dia minta revisi lagi untuk bab 3
2375;294;11-50;1340691.0;text;;[];False;False;13f34342b1cf856e;[];lab komputer penuh terus
2376;294;11-50;1340713.0;text;;[];False;False;a3bdbb2ae32da92a;[];eh tadiiii kelas seru bangett
2377;294;11-50;1340718.0;text;;[];True;False;529638f4b7b8b2f5;[];tugas dikumpul kapan sih?
2378;294;11-50;1340720.0;text;;[];True;False;13f34342b1cf856e;[];siapa yang mau ikut?
2379;294;1-10;1340727.0;text;;[];False;False;13f34342b1cf856e;[];iya
2380;294;51-100;1340745.0;text;;[];False;False;13f34342b1cf856e;[];gw denger katanya semester depan ada mata kuliah baru yang wajib diambil
2381;294;11-50;1340751.0;text;;[];False;False;529638f4b7b8b2f5;[];dosen gw galak banget sih
2382;294;11-50;1340783.0;text;;[];False;False;13f34342b1cf856e;[];gw belom mulai tugas
2383;294;11-50;1340784.0;text;;[];False;False;13f34342b1cf856e;[];matkul ini susah banget
2384;294;11-50;1340792.0;text;;[];False;False;a3bdbb2ae32da92a;[];gw belom mulai tugas
2385;294;0;1340797.0;sticker/webp;;[];False;False;a3bdbb2ae32da92a;[];[Stiker]
2386;294;0;1340798.0;sticker/webp;;[];False;False;a3bdbb2ae32da92a;[];[Stiker]
2387;294;0;1340799.0;sticker/webp;;[];False;False;a3bdbb2ae32da92a;[];[Stiker]
2388;294;51-100;1340982.0;text;;[];False;False;1d6ca29fccb4bf31;[];nyokap gw nelfon... tadi nanyain kapan pulang, gw bilang aja abis ujian...
2389;294;11-50;1341001.0;text;;[];False;False;13f34342b1cf856e;[];presentasi gw amburadul
2390;294;1-10;1341023.0;text;;[];False;False;a3bdbb2ae32da92a;[];iya
2391;294;1-10;1341028.0;text;;[];False;False;7318fd417024ba90;[];iya
2392;294;11-50;1341030.0;text;;[];False;False;628dfc6269999861;[];IPK gw turun semester ini
2393;294;11-50;1341040.0;text;;[];False;False;a3bdbb2ae32da92a;[];labbbb komputer penuh terusss
2394;294;11-50;1341040.0;text;;[];False;False;13f34342b1cf856e;[];perpus tutup jam berapa ya
2395;294;11-50;1341042.0;text;;[];False;False;13f34342b1cf856e;[];lab komputer penuh terus
2396;294;51-100;1341079.0;text;;[];False;False;628dfc6269999861;[];eh besok kita jadi ketemuan di kafe deket stasiun kan ya jam... 2 siang
2397;294;11-50;1341087.0;text;;[];False;False;628dfc6269999861;[];gw skip kelas hari ini
2398;294;1-10;1341113.0;text;;[];False;False;a3bdbb2ae32da92a;[];wkwk
2399;294;11-50;1341115.0;text;;[];False;False;13f34342b1cf856e;[];tadi absen ga sih kamu
2400;294;51-100;1341168.0;text;;[];False;False;628dfc6269999861;['15a9a70e8f97fbef'];eh besok kita... jadi ketemuan di kafe deket stasiun kan ya jam... 2 siang
2401;294;11-50;1341198.0;text;;[];False;False;a3bdbb2ae32da92a;[];gw skip kelas hariiii ini
2402;294;11-50;1341211.0;text;;[];False;False;628dfc6269999861;[];presentasi gw amburadul...
2403;294;0;1341212.0;video/mp4;;[];False;False;a3bdbb2ae32da92a;[];[Video]
2404;294;51-100;1341236.0;text;;[];False;False;a3bdbb2ae32da92a;[];eh besokkk kitaa jadiii ketemuannnn di kafee deket stasiunnnn kannn ya jam 2 siang
2405;294;11-50;1341238.0;text;;[];False;False;a3bdbb2ae32da92a;[];deadline besokkk pagiii bro
2406;294;11-50;1341266.0;text;;[];False;False;628dfc6269999861;[];tadi absen ga sih kamu
2407;294;11-50;1341276.0;text;;[];False;False;a3bdbb2ae32da92a;[];gw belommmm mulai tugas
2408;294;0;1341584.0;image/jpeg;;[];False;False;49519b53c423dd0d;[];[Foto]
2409;294;11-50;1341600.0;text;;[];False;False;13f34342b1cf856e;[];lab komputer penuh terus
2410;294;0;1341605.0;sticker/webp;;[];False;False;49519b53c423dd0d;[];[Stiker]
2411;294;1-10;1341749.0;text;;[];False;False;529638f4b7b8b2f5;[];oke
2412;294;0;1341801.0;video/mp4;;[];False;False;13f34342b1cf856e;[];[Video]
2413;294;11-50;1341803.0;text;;[];False;False;13f34342b1cf856e;[];gw belom mulai tugas
2414;294;11-50;1341845.0;text;;[];False;False;13f34342b1cf856e;[];gw skip kelas hari ini
2415;294;0;1341846.0;sticker/webp;;[];False;False;49519b53c423dd0d;[];[Stiker]
2416;294;11-50;1341964.0;text;;[];False;False;a3bdbb2ae32da92a;[];presentasi gw amburadull
2417;294;11-50;1342166.0;text;;[];False;False;628dfc6269999861;[];IPK gw turun... semester ini
2418;294;11-50;1342173.0;text;;[];False;False;04750ee12e6cd329;[];lab komputer penuh terus
2419;294;11-50;1342181.0;text;;[];True;False;04750ee12e6cd329;[];jadi ketemuan ga hari ni?
2420;294;11-50;1342219.0;text;;[];False;False;a3bdbb2ae32da92a;[];ipk gw turunn semester ini
2421;294;1-10;1342235.0;text;;[];False;False;04750ee12e6cd329;[];oke
2422;294;11-50;1342243.0;text;;[];False;False;04750ee12e6cd329;[];gw skip kelas hari ni
2423;294;11-50;1342247.0;text;;[];False;False;04750ee12e6cd329;[];deadline besok pagi bro
2424;294;11-50;1342300.0;text;;[];False;False;a3bdbb2ae32da92a;[];matkul ini susah banget
2425;294;1-10;1342301.0;text;;[];False;False;a3bdbb2ae32da92a;[];gas
2426;294;11-50;1342308.0;text;;[];False;False;a3bdbb2ae32da92a;[];presentasi gw amburadul
2427;294;11-50;1342311.0;text;;[];False;False;a3bdbb2ae32da92a;[];dosen gw galak banget sih
2428;294;11-50;1342615.0;text;;[];True;False;628dfc6269999861;[];jadi ketemuan ga hari... ini?
2429;294;11-50;1342778.0;text;;[];False;False;a3bdbb2ae32da92a;[];matkul ini susah bangettt
2430;294;1-10;1342779.0;text;;[];False;False;a3bdbb2ae32da92a;[];haha
2431;294;11-50;1342788.0;text;;[];False;False;a3bdbb2ae32da92a;[];lab komputerrr penuhhhh terus
2432;294;11-50;1342795.0;text;;[];False;False;a3bdbb2ae32da92a;[];gw skip kelas hari ini
2433;294;11-50;1342805.0;text;;[];False;False;a3bdbb2ae32da92a;[];dosen gw galak banget sihhh
2434;294;1-10;1343203.0;text;;[];False;False;423cee2941b71dc3;[];YOI
2435;294;11-50;1343897.0;text;;[];False;False;9f3f4740ef334c72;[];tdai absen ga sih km
2436;294;11-50;1344591.0;text;;[];True;False;a3bdbb2ae32da92a;[];jadi ketemuan ga hari ini?
2437;294;11-50;1344663.0;image/jpeg;;[];False;False;a3bdbb2ae32da92a;[];[Foto]
2438;294;11-50;1344667.0;text;;[];False;False;a3bdbb2ae32da92a;[];deadline besok pagi broooo
2439;294;11-50;1344733.0;text;;[];False;False;9f3f4740ef334c72;[];matkul ni susah bgt
2440;294;11-50;1344735.0;image/jpeg;;[];False;False;a3bdbb2ae32da92a;[];[Foto]
2441;294;11-50;1344755.0;text;;[];False;False;a3bdbb2ae32da92a;[];presentasii gw amburadul
2442;294;11-50;1344756.0;text;;[];False;False;a3bdbb2ae32da92a;[];gw belomm mulai tugas
2443;294;51-100;1344761.0;text;;[];False;False;9f3f4740ef334c72;[];nykoap gw nelfon tadi nanyain kapan pulang, gw bilang aja abis ujian
2444;294;11-50;1344808.0;text;;[];False;False;1530a0317105342e;[];lab komputerrr penuhhh terus
2445;294;11-50;1344831.0;text;;[];False;False;a3bdbb2ae32da92a;[];presentasi gw amburadul
2446;294;11-50;1344838.0;text;;[];False;False;a3bdbb2ae32da92a;[];presentasii gw amburadul
2447;294;51-100;1344872.0;text;2442.0;[];False;False;9f3f4740ef334c72;[];nyokap gw nelfon tadi nanyain kapan pulnag, gw bilang aja abis ujian
2448;294;11-50;1344882.0;text;;[];False;False;628dfc6269999861;[];lab komputer penuh terus...
2449;294;101-500;1344901.0;text;;['😂'];False;False;9f3f4740ef334c72;[];jadi ceritanya kemarin gw ke perpustakaan pusat buat nyari bahan referensi skripsi, ternyata buuknya udha dipinjem smua sm aank angkatan sebela.h akhirnya gw cuma bs ftookopi dr tmeen yg keebtulan pn.y lumayan lah daripada ga dapet sm sekali, tinggal di rangkum aja sisanya
2450;294;11-50;1344923.0;text;;[];False;False;9f3f4740ef334c72;[];gw skip kelas hari ni
2451;294;11-50;1344924.0;text;;[];False;False;a3bdbb2ae32da92a;[];presentasiiii gw amburadul
2452;294;11-50;1344944.0;text;;[];False;False;9f3f4740ef334c72;[];eh tdai kelas seru bgt
2453;294;11-50;1344945.0;text;;[];False;False;a3bdbb2ae32da92a;[];lab komputer penuhhhh terus
2454;294;51-100;1344981.0;text;;[];False;False;a3bdbb2ae32da92a;[];nyokap gw nelfon tadi nanyain kapann pulang, gw bilang aja abis ujian
2455;294;11-50;1344991.0;text;;[];False;False;a3bdbb2ae32da92a;[];ipk gw turunn semesterrr ini
2456;294;11-50;1345003.0;text;;['😂'];True;False;9f3f4740ef334c72;[];tugas dikumpul kaapn si?h
2457;294;1-10;1345011.0;text;;[];False;False;a3bdbb2ae32da92a;[];gass
2458;294;11-50;1345016.0;text;;[];False;False;1530a0317105342e;[];lab komputer penuh terus
2459;294;11-50;1345025.0;text;;[];False;False;a3bdbb2ae32da92a;[];gw skip kelas hari ini
2460;294;11-50;1345038.0;text;;[];False;False;a3bdbb2ae32da92a;[];presentasiiii gw amburadul
2461;294;11-50;1345044.0;text;;[];False;False;a3bdbb2ae32da92a;[];tadii absen ga sihhh kamu
2462;294;11-50;1345046.0;text;;[];False;False;a3bdbb2ae32da92a;[];gw lg ngerjain tugas nih
2463;294;1-10;1345057.0;text;;['😂'];False;False;9f3f4740ef334c72;[];gas
2464;295;0;1346144.0;sticker/webp;;[];False;False;1ee3c1560c93cb7b;[];[Stiker]
2465;295;0;1346165.0;sticker/webp;;[];False;False;1ee3c1560c93cb7b;[];[Stiker]
2466;296;101-500;1369356.0;text;;[];True;False;15a9a70e8f97fbef;[];menurut kalian kenapa ya generasiii kita tuh kayaknyaa lebih gampang stres dan burnout dibanding generasiiii orang tua kitaaaa dulu? apa karena tekanan sosmed atauuu emangggg tuntutan hidup yangggg makin tinggi ya? gw penasarann aja sih soalnyaaaa temen temen gw banyak yangggg ngeluhh hal yang sama
2467;296;11-50;1370716.0;text;;[];False;False;f0cc7620edf4529a;[];BOKAP GW LAGI DI LUAR KOTA
2468;296;11-50;1370814.0;text;;[];False;False;15a9a70e8f97fbef;[];mamaaa minta gw pulang weekend
2469;296;1-10;1370816.0;text;;[];False;False;15a9a70e8f97fbef;[];gitu
2470;296;11-50;1370824.0;text;;[];False;False;15a9a70e8f97fbef;[];duittt bulanannn belum dikirimmm
2471;296;51-100;1370911.0;text;2468.0;[];False;False;f0cc7620edf4529a;[];BESOK ADA BAZAAR DI KAMPUS KATANYA BANYAK MAKANAN MURAH, PADA IKUT GA
2472;296;11-50;1370919.0;text;;['😂', '🤦🏻\u200d♂'];False;False;f0cc7620edf4529a;[];GW BARU AJA KETEMU MANTAN
2473;296;11-50;1370930.0;text;;[];False;False;15a9a70e8f97fbef;[];film baru di bioskop bagussss ga
2474;296;11-50;1370943.0;text;;[];False;False;15a9a70e8f97fbef;[];gw kangennn masakan rumahh
2475;297;11-50;1371564.0;image/jpeg;;[];False;False;f0cc7620edf4529a;[];[Foto]
2476;297;0;1371752.0;sticker/webp;;[];False;False;15a9a70e8f97fbef;[];[Stiker]
2477;298;0;1374806.0;image/jpeg;;[];False;False;49519b53c423dd0d;[];[Foto]
2478;298;0;1374819.0;sticker/webp;;[];False;False;49519b53c423dd0d;[];[Stiker]
2479;298;11-50;1375792.0;text;;[];True;False;6092f9af6f5cb08b;[];ntar malem ngapain?
2480;298;1-10;1376093.0;text;;[];False;False;e0c6d9457e45dfdd;[];nih!!
2481;298;101-500;1376937.0;text;;[];False;False;395fb5fd1f0ec715;[];GW LAGI GALAU BANGET NIH SOAL MASA DEPAN. MAU LANJUT S2 TAPI DUIT GA ADA, MAU LANGSUNG KERJA TAPI PENGALAMAN MASIH MINIM. NYOKAP BILANG TERSERAH GW AJA TAPI GW TAU DIA PENGEN GW CEPET KERJA BIAR BISA BANTU EKONOMI KELUARGA. BINGUNG BANGET SIH, KAYAK SEMUA PILIHAN ADA PLUS MINUSNYA
2482;298;11-50;1376948.0;text;;[];True;False;395fb5fd1f0ec715;[];GIMANA KABAR LU SEKARANG?
2483;298;1-10;1376980.0;text;;[];False;False;5ff5b84aecfc7b32;[];nah
2484;298;1-10;1377515.0;text;;['😭'];False;False;395fb5fd1f0ec715;[];HMM
2485;298;0;1378326.0;sticker/webp;;[];False;False;a3bdbb2ae32da92a;[];[Stiker]
2486;299;0;1384151.0;sticker/webp;;[];False;False;7318fd417024ba90;[];[Stiker]
2487;299;11-50;1384164.0;text;;[];False;False;7318fd417024ba90;[];gw mau pesen gofood dulu
2488;299;11-50;1384198.0;text;;[];False;False;a3bdbb2ae32da92a;[];kopi susu yg biasa ya
2489;299;11-50;1384198.0;text;;[];False;False;a3bdbb2ae32da92a;[];porsi makan gw nambah terus
2490;299;0;1384232.0;image/jpeg;;[];False;False;a3bdbb2ae32da92a;[];[Foto]
2491;299;0;1384382.0;sticker/webp;2481.0;[];False;False;e1bcb10894479e11;[];[Stiker]
2492;299;11-50;1384528.0;text;;[];False;False;e1bcb10894479e11;[];sarapan dulu baru mikir
2493;299;11-50;1384532.0;text;;[];False;False;e1bcb10894479e11;[];nongkrogn yuk di kafe biasa
2494;299;11-50;1384544.0;text;;[];False;False;e1bcb10894479e11;[];tadi gw maakn nasi padang
2495;299;11-50;1384572.0;text;;[];False;False;49519b53c423dd0d;[];indomie telorrr udahhhh cukup kok
2496;299;0;1384592.0;image/jpeg;;[];False;False;7318fd417024ba90;[];[Foto]
2497;299;101-500;1384611.0;text;;[];False;False;49519b53c423dd0d;[];kemarinn malemmm gw sama temen temenn nongkronggg di warkoppp biasaa sampe jamm 12 malem. kita ngobroll banyak halll darii mulaii tugas kuliah, rencanaaaa liburan, sampe masalahhh percintaan. seru sih walauu besoknyaaa gw kesiangann masuk kelas pagii dan dosen negur di depannn semua orang. maluuu tapiiii ya gimana lagiiii
2498;299;51-100;1384716.0;text;;[];False;False;e1bcb10894479e11;[];gw lg bingung milhi topik skripsi atnara dua tema yg sm menariknya
2499;299;11-50;1384719.0;text;;[];False;False;e1bcb10894479e11;[];es teh mains satu ya bang
2500;299;11-50;1384729.0;text;;[];True;False;e1bcb10894479e11;[];bayar berapa sih tadi?
2501;299;1-10;1384771.0;text;;[];False;False;a3bdbb2ae32da92a;[];sipppp
2502;299;11-50;1384804.0;text;;[];False;False;a3bdbb2ae32da92a;['e1bcb10894479e11'];tadi gw makannn nasi padangggg
2503;299;1-10;1384808.0;text;2500.0;[];False;False;49519b53c423dd0d;[];sippp
2504;299;1-10;1384813.0;text;;[];False;False;e1bcb10894479e11;[];sis
2505;299;11-50;1384818.0;text;;[];False;False;e1bcb10894479e11;[];sarapan dulu baru mikir
2506;299;11-50;1384826.0;text;;[];True;False;e1bcb10894479e11;[];tu beneran apa hoax?
2507;299;0;1384828.0;sticker/webp;;[];False;False;49519b53c423dd0d;[];[Stiker]
2508;299;1-10;1384834.0;text;;[];False;False;a3bdbb2ae32da92a;[];cuy
2509;299;1-10;1384834.0;text;;[];False;False;a3bdbb2ae32da92a;[];cuy
2510;299;11-50;1384834.0;text;;[];False;False;a3bdbb2ae32da92a;[];gw mauuuu nyoba restoran baru
2511;299;1-10;1384845.0;text;;[];False;False;e1bcb10894479e11;[];yep
2512;299;11-50;1384852.0;text;;[];False;False;e1bcb10894479e11;[];bakso malang tu buka ga ya
2513;299;11-50;1384869.0;text;;[];False;False;e1bcb10894479e11;[];indmoie telor udah cukup kok
2514;299;51-100;1384901.0;text;;[];False;False;e1bcb10894479e11;[];dompet gw ilang kemarin di agnkot tp alhamdulillah ad yg nemuin
2515;299;0;1384902.0;sticker/webp;;[];False;False;e1bcb10894479e11;[];[Stiker]
2516;299;0;1384910.0;sticker/webp;;[];False;False;a3bdbb2ae32da92a;[];[Stiker]
2517;299;11-50;1384921.0;text;;[];False;False;e1bcb10894479e11;[];tadi gw makan nasi padang
2518;299;11-50;1384928.0;text;;[];False;False;a3bdbb2ae32da92a;[];bakso malanggg itu bukaaa ga ya
2519;299;11-50;1384932.0;text;;[];False;False;e1bcb10894479e11;[];nongkrong yuk di kaef biasa
2520;299;11-50;1384948.0;text;;[];False;False;a3bdbb2ae32da92a;[];porsi makan gw nambah terus
2521;299;51-100;1384961.0;text;;[];False;False;e1bcb10894479e11;[];gw lg bingung milih topik skripsi antara dua tema yg sm menariknya
2522;299;11-50;1384972.0;text;;[];False;False;e1bcb10894479e11;[];nongkrong yuk di kafe baisa
2523;299;11-50;1384987.0;text;;[];False;False;e1bcb10894479e11;[];es teh manis satu ya bang
2524;299;11-50;1385050.0;text;;[];True;False;13f34342b1cf856e;[];bawa motor apa naik apa?
2525;299;11-50;1385056.0;text;;[];False;False;13f34342b1cf856e;[];sarapan dulu baru mikir
2526;299;51-100;1385100.0;text;;[];False;False;e1bcb10894479e11;[];weekend ni gw mau staycation aja di koasn bineg watching series baru
2527;299;51-100;1385138.0;text;;['😂'];False;False;13f34342b1cf856e;[];gw udah download semua materi kuliah tapi belum sempat baca sama sekali
2528;299;11-50;1385255.0;text;;[];False;False;a3bdbb2ae32da92a;['7318fd417024ba90'];masakkkk sendiri lebihhhh hemat sih
2529;299;11-50;1385276.0;text;;[];True;False;a3bdbb2ae32da92a;[];bawa motorrr apa naikk apa?
2530;299;51-100;1385708.0;text;;[];False;False;13f34342b1cf856e;[];weekend ini gw mau staycation aja di kosan binge watching series baru
2531;299;11-50;1385711.0;text;;[];False;False;13f34342b1cf856e;[];porsi makan gw nambah terus
2532;299;11-50;1385722.0;text;;[];False;False;13f34342b1cf856e;[];gw mau pesen gofood dulu
2533;299;51-100;1385755.0;text;;[];False;False;13f34342b1cf856e;[];dompet gw ilang kemarin di angkot tapi alhamdulillah ada yang nemuin
2534;299;1-10;1385755.0;text;;[];False;False;c58531f5a1cc6b42;[];woy
2535;299;11-50;1385770.0;text;;[];False;False;7318fd417024ba90;[];sarapan dulu baru mikir
2536;299;11-50;1385773.0;text;2530.0;[];False;False;a3bdbb2ae32da92a;[];sarapannnn duluu baru mikir
2537;299;1-10;1385808.0;text;;[];False;False;7318fd417024ba90;[];sis
2538;299;11-50;1385826.0;application/pdf;;[];False;False;13f34342b1cf856e;[];[Dokumen PDF]
2539;299;11-50;1385827.0;text;;[];False;False;1530a0317105342e;[];masak sendirii lebih hemat sihh
2540;299;11-50;1385839.0;text;;[];True;False;1530a0317105342e;[];bawa motor apa naik apa?
2541;299;51-100;1385876.0;text;;[];False;False;c58531f5a1cc6b42;['1530a0317105342e'];weekend ni gw mau staycation aja di kosan binge watching series baru
2542;299;11-50;1385890.0;text;;[];False;False;c58531f5a1cc6b42;[];tadi gw makan nasi padang
2543;299;1-10;1386068.0;text;;['🥰'];False;False;27806a8b46c42755;[];Fix.
2544;299;1-10;1387030.0;text;;[];False;False;1530a0317105342e;[];fixxxx
2545;300;0;1391050.0;sticker/webp;;[];False;False;a2956bfc144d8492;[];[Stiker]
2546;300;11-50;1391845.0;text;;[];False;False;529638f4b7b8b2f5;[];perpus tutup jam berapa ya
2547;300;11-50;1392450.0;text;;[];False;False;a3bdbb2ae32da92a;[];dosennn gw galak bangetttt sihh
2548;300;0;1392474.0;video/mp4;;[];False;False;a3bdbb2ae32da92a;[];[Video]
2549;301;11-50;1395246.0;text;;[];True;False;805daa9156dff763;[];nilai keluar kapan ya?
2550;301;1-10;1395257.0;text;;[];False;False;398fda1df1ad5f2c;[];yaa
2551;301;1-10;1395281.0;text;;[];True;False;805daa9156dff763;[];ikut?
2552;301;1-10;1395376.0;text;;[];False;False;7318fd417024ba90;[];kok
2553;301;11-50;1395394.0;text;;[];False;False;a3bdbb2ae32da92a;[];gw naik ojollll ajaaa deh
2554;301;11-50;1395399.0;image/jpeg;;[];False;False;7318fd417024ba90;[];[Foto]
2555;301;1-10;1395460.0;image/jpeg;;[];False;False;a3bdbb2ae32da92a;[];[Foto]
2556;302;51-100;1396790.0;text;;[];True;False;f2fe802025d12f20;[];gimana caranya biar bisa fokus belajar tanpa main hp terus ya!!
2557;302;11-50;1396855.0;text;;[];True;False;7318fd417024ba90;[];wifi password nya apa,,, sih?
2558;302;11-50;1396911.0;text;;[];False;False;529638f4b7b8b2f5;[];macet parah di jalan tol
2559;302;11-50;1396939.0;text;;[];True;False;f2fe802025d12f20;[];ada yg mau bareng!!
2560;302;1-10;1396973.0;text;;[];False;False;a3bdbb2ae32da92a;[];hoo
2561;302;51-100;1397561.0;text;;[];False;False;74107b7ee42fb2c9;[];motor gw mogok di tegnah jalan tadi pagi jadi gw telat masuk kelas
2562;303;0;1398533.0;image/jpeg;;[];False;False;669693e29acc2603;[];[Foto]
2563;303;11-50;1398544.0;text;;[];True;False;669693e29acc2603;[];lu dimana sekarang?
2564;303;11-50;1398549.0;text;;[];True;False;669693e29acc2603;[];siapa yang mau ikut?
2565;303;11-50;1398579.0;text;;[];False;False;398fda1df1ad5f2c;[];dosen gw galak banget sih
2566;303;1-10;1398588.0;text;;[];False;False;da61054e8f48891f;[];oke
2567;303;1-10;1398599.0;text;;[];False;False;da61054e8f48891f;[];otww
2568;303;11-50;1398612.0;text;;[];True;False;398fda1df1ad5f2c;[];lu dimana sekarang?
2569;303;11-50;1398622.0;text;;[];False;False;398fda1df1ad5f2c;[];gw belom mulai... tugas
2570;303;11-50;1398625.0;text;;[];False;False;669693e29acc2603;[];Lab komputer penuh terus.
2571;303;11-50;1398628.0;text;;[];False;False;5ff5b84aecfc7b32;[];gw belom mulai tugas
2572;303;1-10;1398632.0;text;;[];False;False;da61054e8f48891f;[];yuk
2573;303;11-50;1398648.0;text;;[];True;False;669693e29acc2603;[];siapa yang mau ikut?
2574;303;11-50;1398651.0;text;;[];True;False;a3bdbb2ae32da92a;[];siapaaaa yangggg mauu ikut?
2575;303;11-50;1398661.0;text;;[];False;False;5ff5b84aecfc7b32;[];eh tadi kelas seru banget
2576;303;101-500;1398662.0;text;;[];False;False;398fda1df1ad5f2c;[];jadi ceritanya kemarin gw... ke perpustakaan pusat buat nyari bahan referensi skripsi, ternyata bukunya udah dipinjem semua sama anak angkatan sebelah. akhirnya gw cuma... bisa fotokopi dari temen yang kebetulan punya. lumayan lah daripada ga dapet... sama sekali, tinggal di rangkum aja sisanya
2577;303;11-50;1398667.0;text;;[];False;False;398fda1df1ad5f2c;[];matkul ini susah banget
2578;303;11-50;1398689.0;text;;[];False;False;669693e29acc2603;[];Gw belom mulai tugas.
2579;303;0;1398703.0;sticker/webp;;[];False;False;669693e29acc2603;[];[Stiker]
2580;303;0;1398718.0;sticker/webp;;[];False;False;5ff5b84aecfc7b32;[];[Stiker]
2581;303;101-500;1398946.0;text;;[];True;False;398fda1df1ad5f2c;[];eh ada yang punya rekomendasi laptop budget 5... jutaan yang bagus buat kuliah dan ngoding ga? laptop gw yang sekarang... udah mulai lemot dan sering ngehang kalo... buka... banyak tab.... pengennya sih yang ringan buat dibawa ke kampus tapi tetep kenceng performanya, ada saran?
2582;303;101-500;1399219.0;text;;[];False;False;7318fd417024ba90;[];jadi ceritanya kemarin gw ke perpustakaan pusat buat nyari bahan,,, referensi skripsi,,,, ternyata bukunya udah dipinjem semua sama anak angkatan,,, sebelah. akhirnya gw cuma bisa fotokopi,,, dari temen yang kebetulan punya. lumayan lah,,, daripada ga dapet sama sekali, tinggal di rangkum aja,,, sisanya
2583;303;11-50;1399280.0;text;;[];False;False;398fda1df1ad5f2c;[];gw lg ngerjain tugas nih
2584;303;1-10;1399290.0;text;;['😂'];False;False;398fda1df1ad5f2c;[];oke
2585;303;1-10;1399295.0;text;;['🤣'];False;False;7318fd417024ba90;[];iya
2586;303;0;1399555.0;image/jpeg;;[];False;False;5ff5b84aecfc7b32;[];[Foto]
2587;303;0;1399565.0;image/jpeg;;[];False;False;5ff5b84aecfc7b32;[];[Foto]
2588;303;11-50;1399642.0;text;;[];False;False;398fda1df1ad5f2c;[];gw belom mulai tugas
2589;303;11-50;1399665.0;text;;[];False;False;a3bdbb2ae32da92a;[];gw belom mulai tugas
2590;303;11-50;1399675.0;text;;[];False;False;5ff5b84aecfc7b32;[];dosen gw galak banget sih
2591;303;51-100;1399702.0;text;;[];True;False;5ff5b84aecfc7b32;[];eh lu udah dapet info... jadwal ujian akhir semester belum... dari prodi?
2592;303;11-50;1399756.0;text;;['😂'];False;False;398fda1df1ad5f2c;[];eh tadi kelas seru banget
2593;303;11-50;1399768.0;text;;[];True;False;398fda1df1ad5f2c;[];jadi ketemuan ga hari ini?
2594;303;11-50;1399834.0;text;;[];False;False;423cee2941b71dc3;[];GW BELOM MULAI TUGAS
2595;303;11-50;1399839.0;text;;[];False;False;423cee2941b71dc3;[];IPK GW TURUN SEMESTER INI
2596;303;11-50;1399851.0;text;;[];False;False;423cee2941b71dc3;[];DEADLINE BESOK PAGI BRO
2597;303;11-50;1399858.0;text;;[];False;False;5ff5b84aecfc7b32;[];deadline besok pagi bro
2598;303;0;1399980.0;sticker/webp;;[];False;False;a3bdbb2ae32da92a;[];[Stiker]
2599;303;0;1399993.0;sticker/webp;;[];False;False;423cee2941b71dc3;[];[Stiker]
2600;303;0;1400022.0;unknown;;[];False;False;423cee2941b71dc3;[];[Media tidak dikenal]
2601;303;0;1400064.0;sticker/webp;;[];False;False;a3bdbb2ae32da92a;[];[Stiker]
2602;304;51-100;1406495.0;text;;[];True;False;04750ee12e6cd329;[];gmn caranya biar bs fokus belajar tanpa main hp terus ya?
2603;304;11-50;1406536.0;text;;[];False;False;4660cfbd3f9724c3;[];ketemuan di mall jam 3 ya
2604;304;51-100;1406608.0;text;;[];False;False;4660cfbd3f9724c3;[];gw harus nabung lebih banyak sih buat bayar uang semester yang naik
2605;304;1-10;1406637.0;text;;[];False;False;da61054e8f48891f;[];woi
2606;304;101-500;1406647.0;text;;[];False;False;4660cfbd3f9724c3;[];gw baru aja beres beresin kosan dan nemu barang barang lama dari jaman SMA. ada foto kelas, surat dari mantan, sama buku diary yang isinya cringe banget kalo dibaca sekarang. jadi nostalgia sendiri inget masa masa dulu yang lebih sederhana. kadang kangen juga sih jadi anak SMA lagi tanpa mikirin skripsi
2607;304;11-50;1406673.0;text;;[];True;False;da61054e8f48891f;[];nilai keluar kapannn ya?
2608;304;51-100;1406677.0;text;;[];False;False;4660cfbd3f9724c3;[];kemarin malem gw begadang nonton bola sampe subuh terus ketiduran
2609;304;11-50;1406694.0;text;;[];False;False;4660cfbd3f9724c3;[];macet parah di jalan tol
2610;304;11-50;1406738.0;text;;[];False;False;da61054e8f48891f;[];lu dimanaaaa sihhhh lama banget
2611;304;11-50;1406749.0;text;;[];True;False;da61054e8f48891f;[];makannn apa ntarr siang?
2612;304;11-50;1406760.0;text;;[];False;False;04750ee12e6cd329;[];lu dmn sih lama bgt
2613;304;11-50;1406763.0;text;;[];False;False;04750ee12e6cd329;[];jangan lupa bawa duit cash
2614;304;11-50;1406765.0;text;;[];False;False;4660cfbd3f9724c3;[];rame banget disini cuy
2615;304;51-100;1406798.0;text;;[];False;False;4660cfbd3f9724c3;[];gw harus nabung lebih banyak sih buat bayar uang semester yang naik
2616;304;1-10;1406804.0;text;;[];False;False;4660cfbd3f9724c3;[];kan
2617;304;1-10;1406816.0;text;;['🤣'];False;False;da61054e8f48891f;[];oii
2618;304;11-50;1407138.0;text;;[];False;False;a3bdbb2ae32da92a;[];bsk sore ada waktuuu ga
2619;304;11-50;1407152.0;text;;[];False;False;a3bdbb2ae32da92a;[];jangan lupa bawaa duit cash
2620;304;11-50;1407171.0;text;;[];False;False;a3bdbb2ae32da92a;[];gw ngga bisa ikut malem iniii
2621;304;11-50;1407178.0;text;;[];False;False;a3bdbb2ae32da92a;[];gw ngga bisaaa ikuttt malem ini
2622;304;11-50;1407706.0;text;;[];True;False;da61054e8f48891f;[];makan apa ntar siang?
2623;304;51-100;1407940.0;text;2622.0;[];False;False;a3bdbb2ae32da92a;[];motor gw mogok di tengahhhh jalann tadi pagi jadiii gw telat masuk kelas
2624;304;1-10;1407943.0;text;;[];False;False;a3bdbb2ae32da92a;[];wah
2625;304;11-50;1408140.0;text;;[];False;False;da61054e8f48891f;[];gw nyari parkirrr duluuu bentar
2626;304;1-10;1408142.0;text;;['🤣'];False;False;da61054e8f48891f;[];kannn
2627;304;1-10;1408186.0;text;;[];False;False;a3bdbb2ae32da92a;[];ahh
2628;305;1-10;1410652.0;text;;[];False;False;7318fd417024ba90;[];bete
2629;305;51-100;1410656.0;text;;[];False;False;7318fd417024ba90;[];gw harus ganti strategi belajar sih soalnya nilai uts kemarin jelek bgt,,,
2630;306;11-50;1431020.0;text;;[];False;False;a3bdbb2ae32da92a;[];indomie telorr udahh cukuppp kok
2631;306;0;1431039.0;sticker/webp;;[];False;False;a3bdbb2ae32da92a;[];[Stiker]
2632;306;1-10;1431092.0;text;;[];False;False;5ff5b84aecfc7b32;[];ayok
2633;306;1-10;1431122.0;text;;[];False;False;7318fd417024ba90;[];sip
2634;306;11-50;1431130.0;text;;[];False;False;a3bdbb2ae32da92a;[];baksooo malang itu bukaaa ga ya
2635;306;11-50;1431416.0;text;;[];False;False;a3bdbb2ae32da92a;[];masak sendiriii lebihhhh hemat sihh
2636;306;0;1431564.0;sticker/webp;;[];False;False;7318fd417024ba90;[];[Stiker]
2637;307;11-50;1470682.0;text;;[];False;False;8c1932391fcc274e;[];es teh manis,,, satu ya bang,,,
2638;307;1-10;1470742.0;text;;[];False;False;d7b62a4985897b80;[];ngab
2639;307;11-50;1470777.0;text;;[];False;False;a3bdbb2ae32da92a;[];masak sendiri lebihhh hemattt sih
2640;307;11-50;1470780.0;text;;[];False;False;1530a0317105342e;[];gw mau nyoba restoran baru
2641;307;11-50;1470881.0;text;;[];False;False;49519b53c423dd0d;[];gw lagiii diet tapi gagal mulu
2642;307;0;1471117.0;sticker/webp;;[];False;False;423cee2941b71dc3;[];[Stiker]
2643;307;11-50;1472794.0;image/jpeg;;[];False;False;7318fd417024ba90;[];[Foto]
2644;308;11-50;1474496.0;image/jpeg;;[];False;False;398fda1df1ad5f2c;[];[Foto]
2645;308;0;1474641.0;sticker/webp;;[];False;False;f7953c140f0bf984;[];[Stiker]
2646;308;0;1474651.0;sticker/webp;;[];False;False;f7953c140f0bf984;[];[Stiker]
2647;308;1-10;1474661.0;text;;[];False;False;398fda1df1ad5f2c;[];cape
2648;308;0;1474908.0;sticker/webp;;[];False;False;a3bdbb2ae32da92a;[];[Stiker]
2649;309;51-100;1496993.0;text;;[];True;False;15a9a70e8f97fbef;[];gimana sih caranyaa bikinn proposallll penelitian yang bagussss menurutt dosen?
2650;309;0;1496993.0;image/jpeg;;[];False;False;15a9a70e8f97fbef;[];[Foto]
2651;309;1-10;1496994.0;text;;[];False;False;15a9a70e8f97fbef;[];yoiii
2652;309;11-50;1497073.0;text;;[];True;False;395fb5fd1f0ec715;[];LU PUNYA KONTAK DIA GA?
2653;309;51-100;1497254.0;text;;[];False;False;15a9a70e8f97fbef;[];gw lagi dengerinn podcastttt tentang psikologi, lumayannnn buat nambah wawasannnn
2654;309;11-50;1497350.0;text;;[];False;False;395fb5fd1f0ec715;[];BENTAR YA GW LG DI JALAN
2655;309;51-100;1497364.0;text;;[];False;False;395fb5fd1f0ec715;[];GW SENENG BANGET AKHIRNYA BISA KETEMU TEMEN TEMEN LAMA SETELAH LAMA GA
2656;309;51-100;1497387.0;text;;[];False;False;395fb5fd1f0ec715;[];DUIT JAJAN GW ABIS PADAHAL BARU TANGGAL 15 HARUS NGIRIT BANGET NIH
2657;309;11-50;1497395.0;text;;[];False;False;395fb5fd1f0ec715;[];CUACA HARI INI PANAS BANGET
2658;309;11-50;1497409.0;text;;[];False;False;da61054e8f48891f;[];cuaca hariii iniiii panas banget
2659;309;11-50;1497411.0;text;;[];False;False;398fda1df1ad5f2c;[];bentar ya gw lg di... jalan
2660;309;11-50;1497416.0;text;;[];False;False;398fda1df1ad5f2c;[];lu tim mana dukungnya
2661;309;51-100;1497430.0;text;;[];False;False;da61054e8f48891f;[];gw seneng banget akhirnya bisaa ketemu temen temenn lama setelah lama ga
2662;309;1-10;1497457.0;text;;[];False;False;da61054e8f48891f;[];ah
2663;309;11-50;1497488.0;text;;[];False;False;15a9a70e8f97fbef;[];lu tim mana dukungnya
2664;309;11-50;1497489.0;text;;[];False;False;15a9a70e8f97fbef;[];lu tim mana dukungnya
2665;309;11-50;1497494.0;text;;[];False;False;15a9a70e8f97fbef;[];cuaca hari inii panasss banget
2666;309;11-50;1497502.0;text;;[];False;False;15a9a70e8f97fbef;[];wifii kampus lemott parah
2667;309;101-500;1497528.0;text;;[];False;False;15a9a70e8f97fbef;[];kemarin gw ikut kegiatan baktii sosiallll yang diadainn sama bem fakultas. kitaaa ke pantii asuhann di pinggiran kota buatt ngajar anak anakk dan bagiii bagi sembako. seru banget sih dan bikinnnn hatiiii adem. anakk anaknya lucu lucuuu dan semangat banget belajarrr walau fasilitass mereka terbatas. jadi pengenn rutin kesana
2668;309;11-50;1497547.0;text;;[];False;False;15a9a70e8f97fbef;[];gw lg sibuk bgtttt mingguuu ini
2669;309;51-100;1497569.0;text;;[];False;False;15a9a70e8f97fbef;[];tadi gw antriii di administrasi kampus 2 jam cuma buat ngurus surat
2670;309;51-100;1497591.0;text;;[];False;False;15a9a70e8f97fbef;[];gw seneng banget akhirnya bisa ketemuuu temen temen lamaaaa setelahhh lama ga
2671;309;51-100;1497742.0;text;;[];False;False;395fb5fd1f0ec715;[];DUIT JAJAN GW ABIS PADAHAL BARU TANGGAL 15 HARUS NGIRIT BANGET NIH
2672;310;11-50;1552138.0;text;;[];False;False;15a9a70e8f97fbef;[];gw nggaa bisa ikut malem iniiii
2673;310;11-50;1552146.0;text;;[];True;False;15a9a70e8f97fbef;[];nilai keluar kapannnn ya?
2674;310;11-50;1552149.0;text;;[];False;False;15a9a70e8f97fbef;[];gw naik ojol aja deh
2675;310;11-50;1552163.0;text;;[];False;False;15a9a70e8f97fbef;[];gw nyarii parkir dulu bentar
2676;310;0;1552164.0;image/jpeg;;[];False;False;15a9a70e8f97fbef;[];[Foto]
2677;310;51-100;1552168.0;text;;[];False;False;15a9a70e8f97fbef;[];kemarin malem gw begadang nonton bolaa sampeee subuh teruss ketiduran
2678;310;11-50;1552352.0;text;;[];True;False;a3bdbb2ae32da92a;[];nilaiiii keluarrr kapannnn ya?
2679;310;11-50;1552359.0;text;;[];False;False;a3bdbb2ae32da92a;[];kita ketemuan dimana aja deh
2680;310;1-10;1552360.0;text;;[];True;False;a3bdbb2ae32da92a;[];mau?
2681;310;1-10;1552367.0;text;;[];False;False;5ff5b84aecfc7b32;[];oii
2682;310;11-50;1552372.0;text;;[];False;False;5ff5b84aecfc7b32;[];gw lagi di warkop nih
2683;310;11-50;1552379.0;text;;[];False;False;15a9a70e8f97fbef;[];lu dimana sihhhh lama banget
2684;310;1-10;1552393.0;text;;[];False;False;15a9a70e8f97fbef;[];ahhhh
2685;310;11-50;1552393.0;text;;[];False;False;15a9a70e8f97fbef;[];ketemuan di mall jammmm 3 ya
2686;310;0;1552408.0;image/jpeg;;[];False;False;15a9a70e8f97fbef;[];[Foto]
2687;310;11-50;1552420.0;text;;[];True;False;15a9a70e8f97fbef;[];ada yg mau bareng?
2688;310;101-500;1552640.0;text;;[];False;False;15a9a70e8f97fbef;[];gw baruuuu ajaaaa beres beresinn kosann dan nemu barang barang lamaa dari jaman sma. ada fotooo kelas, surat dari mantan, sama buku diaryyyy yang isinyaaa cringe banget kaloooo dibacaaa sekarang. jadi nostalgia sendiriiii inget masaaaa masa dulu yanggg lebih sederhana. kadang kangen juga sih jadi anak sma lagii tanpa mikirin skripsi
2689;311;11-50;1554232.0;text;;[];False;False;13f34342b1cf856e;['15a9a70e8f97fbef'];pacarnya baru siapa sih
2690;311;0;1554328.0;sticker/webp;;[];False;False;15a9a70e8f97fbef;[];[Stiker]
2691;312;11-50;1558128.0;text;2683.0;[];True;False;9f3f4740ef334c72;[];ad yg pny cateta?n
2692;312;51-100;1558155.0;text;;[];False;False;a3bdbb2ae32da92a;[];kosan gw bocorrr lagi pas hujan semalam, kasur gw basah semua parah banget
2693;312;1-10;1558158.0;text;;[];False;False;a3bdbb2ae32da92a;[];aman
2694;312;0;1558174.0;sticker/webp;;[];False;False;a3bdbb2ae32da92a;[];[Stiker]
2695;312;0;1558301.0;sticker/webp;;[];False;False;15a9a70e8f97fbef;[];[Stiker]
2696;312;0;1559059.0;video/mp4;;[];False;False;a3bdbb2ae32da92a;[];[Video]
2697;312;51-100;1559392.0;text;;[];False;False;74107b7ee42fb2c9;[];gw lg mikirin mau abmil magang di perusahana maan buat semester depan
2698;312;11-50;1559421.0;text;;[];False;False;15a9a70e8f97fbef;[];gw baru aja dari kampus
2699;312;11-50;1559428.0;text;;[];False;False;15a9a70e8f97fbef;[];tugas kelompok bikinnn pusing
2700;312;11-50;1559429.0;text;;[];False;False;15a9a70e8f97fbef;[];gw baru ajaaa dariii kampus
2701;312;0;1559437.0;sticker/webp;;[];False;False;15a9a70e8f97fbef;[];[Stiker]
2702;312;1-10;1559442.0;text;;[];False;False;74107b7ee42fb2c9;[];hmm
2703;312;11-50;1559450.0;text;;[];False;False;74107b7ee42fb2c9;[];lu udah makan blm
2704;312;1-10;1559459.0;text;;[];False;False;74107b7ee42fb2c9;[];done
2705;312;1-10;1559460.0;text;;[];False;False;74107b7ee42fb2c9;[];gaje
2706;312;11-50;1559463.0;text;;[];False;False;74107b7ee42fb2c9;[];seminar taid lama bgt
2707;312;11-50;1559469.0;text;;[];False;False;74107b7ee42fb2c9;[];warteg depan kamups eank
2708;312;11-50;1559471.0;text;;[];False;False;74107b7ee42fb2c9;[];kelas tamabhan hari sabtu sih
2709;313;51-100;1561449.0;image/jpeg;;[];True;False;13f34342b1cf856e;[];[Foto]
2710;313;11-50;1561501.0;text;;[];True;False;1d6ca29fccb4bf31;[];bawa motor apa naik... apa?
2711;313;11-50;1561506.0;text;;[];False;False;a3bdbb2ae32da92a;[];es tehhhh manissss satu ya bangggg
2712;313;11-50;1561525.0;text;;[];False;False;1d6ca29fccb4bf31;[];bakso malang itu... buka... ga ya
2713;313;11-50;1561528.0;text;;[];False;False;1d6ca29fccb4bf31;[];gw mau pesen gofood dulu
2714;313;11-50;1561528.0;text;;[];False;False;a3bdbb2ae32da92a;[];porsiii makan gw nambah terus
2715;313;1-10;1561529.0;text;;[];False;False;a3bdbb2ae32da92a;[];yepppp
2716;313;51-100;1561530.0;text;;[];False;False;e5363115ad09c4c4;[];gw udah download semua materi kuliah tapi belum sempat baca sama sekali!!
2717;313;11-50;1561553.0;text;;[];False;False;13f34342b1cf856e;[];sarapan dulu baru mikir
2718;313;1-10;1561563.0;text;;[];False;False;e5363115ad09c4c4;[];gass!!!
2719;313;11-50;1561567.0;text;;[];False;False;e5363115ad09c4c4;[];sarapan dulu baru mikir!!
2720;313;11-50;1561574.0;text;;[];False;False;13f34342b1cf856e;[];es teh manis satu ya bang
2721;313;11-50;1561581.0;text;;[];False;False;1d6ca29fccb4bf31;[];porsi makan gw... nambah terus
2722;313;11-50;1561594.0;text;;[];False;False;a3bdbb2ae32da92a;[];es tehh manis satuuu ya bang
2723;313;11-50;1561600.0;text;;[];False;False;a3bdbb2ae32da92a;[];gw mau nyoba restorann baru
2724;313;11-50;1561608.0;text;;[];False;False;a3bdbb2ae32da92a;[];gw lagi diet tapi gagal muluu
2725;313;11-50;1561611.0;text;;[];False;False;a3bdbb2ae32da92a;[];sarapan dulu baruuu mikir
2726;313;1-10;1561624.0;text;;[];False;False;1d6ca29fccb4bf31;[];lol
2727;313;11-50;1561643.0;text;;[];False;False;a3bdbb2ae32da92a;[];gw mauu nyoba restorannn baruuu
2728;313;1-10;1561644.0;text;;[];False;False;1d6ca29fccb4bf31;[];fix
2729;313;0;1561651.0;sticker/webp;2728.0;[];False;False;a3bdbb2ae32da92a;[];[Stiker]
2730;313;11-50;1561677.0;text;;[];False;False;e5363115ad09c4c4;[];gw mau nyoba restoran baru!!
2731;313;11-50;1562207.0;text;;[];False;False;398fda1df1ad5f2c;[];gw lagi diet... tapi gagal mulu...
2732;313;1-10;1562242.0;text;;[];False;False;13f34342b1cf856e;[];bener
2733;313;11-50;1562260.0;text;;[];False;False;13f34342b1cf856e;[];tadi gw makan nasi padang
2734;314;11-50;1563355.0;image/jpeg;;[];True;False;c48a6d7e6c38f787;[];[Foto]
2735;314;51-100;1563387.0;text;;[];True;False;395fb5fd1f0ec715;[];KIRA KIRA KALO GW APPLY MAGANG SEKARANG MASIH KEBURU GA YA?
2736;314;1-10;1563444.0;text;;[];False;False;da61054e8f48891f;[];ih
2737;314;11-50;1563679.0;text;;[];False;False;f0cc7620edf4529a;[];GAME BARU UDAH DOWNLOAD BELUM
2738;314;51-100;1563697.0;text;;[];False;False;f0cc7620edf4529a;[];GW BARU DAPET INFO BEASISWA BUAT SEMESTER DEPAN MAU COBA DAFTAR DEH
2739;314;1-10;1563703.0;text;;[];False;False;f0cc7620edf4529a;[];IH
2740;314;1-10;1563706.0;text;;[];False;False;f0cc7620edf4529a;[];DIH
2741;314;11-50;1563714.0;text;;[];False;False;f0cc7620edf4529a;[];PODCAST YG LU REKOMEN MANA
2742;314;1-10;1563835.0;text;;[];False;False;395fb5fd1f0ec715;[];ZONK
2743;315;11-50;1570604.0;text;;[];True;False;a3bdbb2ae32da92a;[];makan apaaaa ntar siang?
2744;315;1-10;1570622.0;text;;[];False;False;babd75a604c49c23;[];kok
2745;315;11-50;1570735.0;text;;[];False;False;a3bdbb2ae32da92a;[];rameee bangettt disiniii cuyyyy
2746;315;11-50;1570739.0;text;;[];False;False;a3bdbb2ae32da92a;[];jangan lupa bawa duit cashhhh
2747;315;1-10;1570821.0;text;;[];False;False;babd75a604c49c23;[];kan
2748;315;1-10;1571304.0;text;;[];False;False;7318fd417024ba90;[];deh
2749;315;11-50;1571308.0;text;;[];True;False;7318fd417024ba90;[];ada yg mau bareng?
2750;315;1-10;1571504.0;text;;[];False;False;a3bdbb2ae32da92a;[];mahhh
2751;315;11-50;1571504.0;text;;[];False;False;a3bdbb2ae32da92a;[];gw ngga bisa ikut malem inii
2752;315;11-50;1571900.0;text;;[];True;False;395fb5fd1f0ec715;[];MAKAN APA NTAR SIANG?
2753;315;11-50;1571964.0;text;;[];False;False;da61054e8f48891f;[];lu dimanaaaa sihh lama banget
2754;315;51-100;1572150.0;text;;[];True;False;13f34342b1cf856e;[];gimana caranya biar bisa fokus belajar tanpa main hp terus ya?
2755;315;11-50;1572199.0;text;;[];False;False;7318fd417024ba90;[];gw nyari parkir dulu bentar
2756;315;101-500;1572200.0;text;;[];False;False;13f34342b1cf856e;[];gw baru aja beres beresin kosan dan nemu barang barang lama dari jaman sma. ada foto kelas, surat dari mantan, sama buku diary yang isinya cringe banget kalo dibaca sekarang. jadi nostalgia sendiri inget masa masa dulu yang lebih sederhana. kadang kangen juga sih jadi anak sma lagi tanpa mikirin skripsi
2757;315;11-50;1572202.0;text;;[];False;False;7318fd417024ba90;[];kita ketemuan,,, dimana aja,,, deh
2758;315;51-100;1572225.0;text;;[];False;False;7318fd417024ba90;[];gw harus nabung,,, lebih banyak sih buat bayar uang semester yang naik
2759;315;1-10;1572291.0;text;;[];False;False;13f34342b1cf856e;[];ahh
2760;315;11-50;1572297.0;text;;[];False;False;13f34342b1cf856e;[];gw nyari parkir dulu bentar
2761;316;101-500;1573909.0;text;;[];True;False;cd7132cbaa083ee7;[];guys ad yg... tau ga sih knp sistem registrasi online kampus sering... bgt error pas... masa... pengisian krs? tiap semester selalu gitu bikin stres, mana hrs rebutan mata kuliah yg kuotanya dikit... bgt lg. apa emang servernya ga kuat ya nampung banyak... mahasiswa sekaligus?
2762;316;51-100;1573971.0;text;;[];True;False;b2f5370fd3485bb1;[];siapa sih yang spread gosip itu ke grup sebelah, tau ga orangnya?
2763;316;11-50;1574145.0;text;;[];False;False;628dfc6269999861;[];film baru di bioskop bagus ga...
2764;316;51-100;1574215.0;text;;[];False;False;628dfc6269999861;[];gw lagi belajar masak sendiri biar ga jajan terus lumayan hemat soalnya...
2765;316;101-500;1574369.0;text;;['👌'];False;False;b2f5370fd3485bb1;[];gw pengen curhat sedikit nih. akhir akhir ini gw ngerasa burnout banget sama rutinitas kuliah yang itu itu aja. bangun pagi, kuliah, tugas, tidur, repeat. kadang gw ngerasa kayak robot yang cuma jalan sesuai program tanpa tau tujuan akhirnya apa. mungkin gw butuh liburan beneran buat refresh otak
2766;316;11-50;1574604.0;text;;['🤢'];False;False;628dfc6269999861;[];nyokap nanya kapan lulus...
2767;316;51-100;1576045.0;text;;[];True;False;806c781beca06410;['5ff5b84aecfc7b32'];siapa sih yg spread gosip tu ke grup sebleah, tau ga orangnay?
2768;317;11-50;1578074.0;text;;[];False;False;5ff5b84aecfc7b32;[];dosen pembimbing susah ditemui
2769;317;0;1578621.0;image/jpeg;;[];False;False;f0cc7620edf4529a;[];[Foto]
2770;317;51-100;1578680.0;text;;[];False;False;15a9a70e8f97fbef;[];kemarin gw ke toko buku beli novel baru sama buku referensiii buattt skripsi
2771;317;51-100;1578699.0;text;;[];False;False;15a9a70e8f97fbef;[];jangan lupa besok kumpull di lobbyyyy kampuss jammmm 8 pagi buat berangkatttt barenggg
2772;317;51-100;1578741.0;text;;[];False;False;f0cc7620edf4529a;[];GW LAGI MIKIRIN MAU AMBIL MAGANG DI PERUSAHAAN MANA BUAT SEMESTER DEPAN
2773;317;11-50;1578746.0;text;;[];False;False;f0cc7620edf4529a;[];GW MAU AMBIL CUTI SEMESTER
2774;317;1-10;1578755.0;text;;['😂'];False;False;f0cc7620edf4529a;[];BET
2775;317;11-50;1578778.0;text;;[];False;False;f0cc7620edf4529a;[];GW LAPER BANGET NIH
2776;317;11-50;1578840.0;text;;[];False;False;13f34342b1cf856e;[];gw baru aja dari kampus
2777;317;0;1579087.0;image/jpeg;;[];False;False;a3bdbb2ae32da92a;[];[Foto]
2778;317;11-50;1579096.0;text;;[];False;False;a3bdbb2ae32da92a;[];seminar tadiii lama banget
2779;317;11-50;1579385.0;text;;[];False;False;2ae8122641b0b5c7;[];gw laper banget nih
2780;317;0;1579411.0;sticker/webp;;[];False;False;a3bdbb2ae32da92a;[];[Stiker]
2781;317;11-50;1579430.0;text;;[];False;False;74107b7ee42fb2c9;[];gw baru aja dr kampus
2782;317;1-10;1579433.0;text;;[];False;False;2ae8122641b0b5c7;[];done
2783;317;11-50;1579438.0;text;;[];True;False;74107b7ee42fb2c9;[];boleh gw ikut ga?
2784;317;51-100;1579504.0;text;;[];False;False;398fda1df1ad5f2c;[];jangan lupa besok kumpul di lobby... kampus jam 8 pagi buat berangkat bareng
2785;317;1-10;1579508.0;text;;[];False;False;2ae8122641b0b5c7;[];gpp
2786;317;101-500;1579556.0;text;;[];False;False;398fda1df1ad5f2c;[];gw lagi galau banget nih soal masa depan. mau lanjut S2 tapi... duit ga ada,... mau langsung kerja tapi pengalaman masih minim. nyokap bilang... terserah gw aja tapi... gw tau dia pengen gw cepet kerja biar bisa bantu ekonomi keluarga. bingung banget sih, kayak semua... pilihan ada plus minusnya
2787;317;11-50;1579614.0;text;;[];False;False;398fda1df1ad5f2c;[];dosen pembimbing susah ditemui
2788;317;11-50;1579616.0;text;;[];False;False;398fda1df1ad5f2c;[];proposal skripsi gw ditolak
2789;317;11-50;1579623.0;text;;[];False;False;398fda1df1ad5f2c;[];mie ayam pak kumis juara sih
2790;317;1-10;1579625.0;text;;['😂'];False;False;398fda1df1ad5f2c;[];bole
2791;317;11-50;1579627.0;text;;[];False;False;74107b7ee42fb2c9;[];mie aaym pak kmuis juara sih
2792;317;1-10;1579645.0;text;;[];True;False;398fda1df1ad5f2c;[];bener?
2793;317;11-50;1579646.0;text;;[];False;False;74107b7ee42fb2c9;[];kelas tambahan hari sabtu sih
2794;317;11-50;1579652.0;text;;[];True;False;398fda1df1ad5f2c;[];ada yang punya... catetan?
2795;317;11-50;1579658.0;text;;[];False;False;398fda1df1ad5f2c;[];mie ayam pak... kumis juara sih
2796;317;11-50;1579659.0;text;;[];False;False;74107b7ee42fb2c9;[];gw baur aja dr kampus
2797;317;11-50;1579666.0;text;;[];False;False;398fda1df1ad5f2c;[];kelas tambahan hari sabtu sih
2798;317;101-500;1579673.0;text;;[];False;False;74107b7ee42fb2c9;[];gw lg galau bgt nih soal masa depan. mau lanjut s2 tp duit ga ad, mau langsnug kerja tp pengalaman msh minmi. nykoap bilagn tersearh gw aja tp gw tau dia pegnen gw cepet kerja biar bs bantu ekonomi keluarga. bignung bgt sih, kyk smua pilihan ad plus minusnya
2799;317;11-50;1579678.0;text;;[];False;False;74107b7ee42fb2c9;[];mie ayam pak kumis juara sih
2800;317;1-10;1579689.0;text;;[];False;False;5ff5b84aecfc7b32;[];bole
2801;317;11-50;1579693.0;text;;[];False;False;74107b7ee42fb2c9;[];seminar taid laam bgt
2802;317;11-50;1579695.0;text;;[];True;False;398fda1df1ad5f2c;[];gimana kabar lu sekarang?...
2803;317;1-10;1579697.0;text;;[];False;False;2f136fe80e312979;[];done
2804;317;1-10;1579717.0;text;;[];False;False;2ae8122641b0b5c7;[];sabi
2805;317;0;1579730.0;image/jpeg;;[];False;False;74107b7ee42fb2c9;[];[Foto]
2806;317;51-100;1579731.0;text;;[];False;False;2ae8122641b0b5c7;[];gw lagi mikirin mau ambil magang di perusahaan mana buat semester depan
2807;317;1-10;1579742.0;text;;[];False;False;5ff5b84aecfc7b32;[];done
2808;317;1-10;1579745.0;text;;[];False;False;398fda1df1ad5f2c;[];bole
2809;317;1-10;1579746.0;text;;[];False;False;5ff5b84aecfc7b32;[];gpp
2810;317;11-50;1579749.0;text;;[];False;False;398fda1df1ad5f2c;[];warteg depan kampus... enak
2811;317;0;1579759.0;image/jpeg;;[];False;False;5ff5b84aecfc7b32;[];[Foto]
2812;317;11-50;1579759.0;text;;[];False;False;398fda1df1ad5f2c;[];sidang minggu depan doain ya
2813;317;11-50;1579779.0;text;;[];False;False;7318fd417024ba90;[];mie ayam pak kumis,,, juara sih
2814;317;11-50;1579786.0;text;;[];False;False;398fda1df1ad5f2c;[];lu udah makan belum
2815;317;11-50;1579798.0;text;;[];False;False;2ae8122641b0b5c7;[];gw laper banget nih
2816;317;51-100;1579801.0;text;;[];False;False;7318fd417024ba90;[];kosan gw,,, bocor lagi pas hujan,,, semalam, kasur gw basah semua parah banget
2817;317;11-50;1579806.0;text;;[];False;False;7318fd417024ba90;[];seminar tadi lama banget,,,
2818;317;1-10;1579813.0;text;;[];False;False;398fda1df1ad5f2c;[];gpp
2819;317;51-100;1579836.0;text;;[];False;False;7318fd417024ba90;[];gw udah bikin slides presentasi tapi,,, kayaknya masih kurang bagus deh isinya,,,
2820;317;11-50;1579839.0;text;;[];True;False;5ff5b84aecfc7b32;[];ntar malem ngapain?
2821;317;51-100;1579854.0;text;;[];False;False;7318fd417024ba90;[];kosan gw,,, bocor lagi pas hujan semalam, kasur gw basah semua parah banget
2822;317;11-50;1579864.0;text;;[];False;False;5ff5b84aecfc7b32;[];gw laper banget nih
2823;317;51-100;1579873.0;text;;[];False;False;7318fd417024ba90;['ca82d65643542a06'];gw udah,,, bikin slides presentasi tapi,,, kayaknya masih,,, kurang bagus,,, deh isinya
2824;317;51-100;1579902.0;text;;[];False;False;7318fd417024ba90;[];kosan gw bocor lagi pas hujan semalam, kasur gw basah semua parah banget
2825;317;1-10;1579908.0;text;;[];False;False;7318fd417024ba90;[];asli
2826;317;51-100;1579940.0;text;;[];False;False;398fda1df1ad5f2c;[];gw udah bikin slides... presentasi tapi kayaknya masih kurang bagus deh isinya
2827;317;1-10;1579954.0;text;;[];False;False;74107b7ee42fb2c9;[];nah
2828;317;1-10;1579956.0;text;;['🤣'];False;False;398fda1df1ad5f2c;[];done
2829;317;1-10;1579959.0;text;;[];False;False;398fda1df1ad5f2c;[];bole
2830;317;1-10;1579960.0;text;;[];False;False;398fda1df1ad5f2c;[];done
2831;317;11-50;1579964.0;text;;[];False;False;398fda1df1ad5f2c;[];mie ayam pak kumis juara sih
2832;317;11-50;1579996.0;text;;[];False;False;5ff5b84aecfc7b32;[];sidang minggu depan doain ya
2833;317;11-50;1580012.0;text;;[];False;False;74107b7ee42fb2c9;[];proposal skripsi gw ditolak
2834;317;101-500;1580012.0;text;;[];False;False;398fda1df1ad5f2c;[];gw lagi galau banget nih soal masa depan. mau lanjut... S2 tapi duit ga ada, mau langsung kerja tapi pengalaman masih minim. nyokap bilang terserah gw aja tapi gw tau... dia pengen gw cepet kerja biar bisa bantu ekonomi keluarga. bingung banget sih, kayak... semua pilihan ada plus minusnya
2835;317;11-50;1580012.0;text;;['😂'];False;False;398fda1df1ad5f2c;[];gw laper banget nih
2836;317;11-50;1580013.0;text;;[];False;False;74107b7ee42fb2c9;[];sidang minggu depan doain ya
2837;317;11-50;1580018.0;text;;[];False;False;74107b7ee42fb2c9;[];dosen pembimbing susah diteumi
2838;317;11-50;1580044.0;text;;[];True;False;5ff5b84aecfc7b32;[];boleh gw ikut ga?...
2839;317;1-10;1580054.0;text;;[];False;False;398fda1df1ad5f2c;[];nah
2840;317;11-50;1580062.0;text;;['🌚'];False;False;49519b53c423dd0d;[];tugas kelompok bikin pusing
2841;317;11-50;1580068.0;text;;[];False;False;5ff5b84aecfc7b32;[];sidang minggu depan doain ya...
2842;317;11-50;1580082.0;text;;[];False;False;a3bdbb2ae32da92a;[];lu udah makannn belum
2843;317;51-100;1580092.0;text;;[];True;False;398fda1df1ad5f2c;['a3bdbb2ae32da92a'];menurut lu gw harus ambil mata kuliah pilihan yang mana semester depan?
2844;317;11-50;1580095.0;text;;[];False;False;a3bdbb2ae32da92a;[];mie ayam pakkk kumisss juaraaa sihhh
2845;317;11-50;1580097.0;text;;[];False;False;398fda1df1ad5f2c;[];lu udah makan belum
2846;317;11-50;1580108.0;text;;[];False;False;398fda1df1ad5f2c;[];lu udah makan belum
2847;317;51-100;1580112.0;text;;[];False;False;a3bdbb2ae32da92a;[];jangan lupaaaa besok kumpul di lobby kampussss jam 8 pagi buattt berangkat bareng
2848;317;0;1580126.0;sticker/webp;;[];False;False;a3bdbb2ae32da92a;[];[Stiker]
2849;317;11-50;1580137.0;text;;[];False;False;398fda1df1ad5f2c;[];dosen pembimbing susah ditemui
2850;317;11-50;1580138.0;image/jpeg;;[];True;False;f0cc7620edf4529a;[];[Foto]
2851;317;11-50;1580138.0;text;;[];False;False;f0cc7620edf4529a;[];SIDANG MINGGU DEPAN DOAIN YA
2852;317;11-50;1580950.0;text;;[];False;False;529638f4b7b8b2f5;[];proposal skripsi gw ditolak
2853;317;1-10;1580954.0;text;;[];False;False;529638f4b7b8b2f5;[];bole
2854;317;1-10;1581116.0;text;;[];False;False;13f34342b1cf856e;[];aman
2855;317;0;1581168.0;image/jpeg;;[];False;False;13f34342b1cf856e;[];[Foto]
2856;317;51-100;1581171.0;text;;[];False;False;7318fd417024ba90;[];kosan gw,,, bocor lagi,,, pas hujan,,, semalam, kasur gw basah,,, semua parah,,, banget
2857;317;51-100;1581175.0;text;;[];False;False;13f34342b1cf856e;[];gw lagi mikirin mau ambil magang di perusahaan mana buat semester depan
2858;317;1-10;1581203.0;text;;[];False;False;f0cc7620edf4529a;[];ASLI
2859;317;11-50;1581213.0;text;;[];False;False;f0cc7620edf4529a;[];TUGAS KELOMPOK BIKIN PUSING
2860;317;1-10;1581217.0;text;;[];False;False;f0cc7620edf4529a;[];GPP
2861;317;51-100;1581335.0;image/jpeg;;[];False;False;398fda1df1ad5f2c;[];[Foto]
2862;317;1-10;1581469.0;text;;['🙏🏻'];False;False;da61054e8f48891f;[];bole
2863;317;1-10;1581470.0;text;;[];False;False;9f3f4740ef334c72;[];nah
2864;317;1-10;1581503.0;text;;[];False;False;a3bdbb2ae32da92a;[];nah
2865;317;1-10;1581504.0;text;;[];False;False;a3bdbb2ae32da92a;[];doneee
2866;317;1-10;1581513.0;text;;['😂'];False;False;398fda1df1ad5f2c;[];tuh
2867;317;11-50;1581520.0;text;;[];False;False;398fda1df1ad5f2c;[];gw laper banget... nih
2868;317;1-10;1581530.0;text;;[];False;False;f0cc7620edf4529a;[];NAH
2869;317;51-100;1581537.0;text;;[];False;False;398fda1df1ad5f2c;[];gw udah bikin slides presentasi tapi kayaknya masih kurang bagus... deh isinya
2870;317;1-10;1581542.0;text;;[];False;False;398fda1df1ad5f2c;[];hmm
2871;317;0;1581572.0;sticker/webp;;[];False;False;a3bdbb2ae32da92a;[];[Stiker]
2872;317;1-10;1581624.0;text;;[];False;False;74107b7ee42fb2c9;[];gpp
2873;317;11-50;1581633.0;text;;[];False;False;74107b7ee42fb2c9;[];tugsa kelompok bikin pusing
2874;317;11-50;1581637.0;text;;[];False;False;74107b7ee42fb2c9;[];gw laper bgt nih
2875;317;11-50;1581639.0;text;;[];False;False;74107b7ee42fb2c9;[];gw laper bgt nih
2876;317;11-50;1581646.0;text;;[];False;False;74107b7ee42fb2c9;[];kelas tambaahn hari sabtu sih
2877;317;11-50;1581654.0;text;;[];False;False;398fda1df1ad5f2c;[];sidang minggu depan doain ya
2878;317;11-50;1581663.0;text;;[];True;False;398fda1df1ad5f2c;[];gimana kabar lu sekarang?
2879;317;11-50;1581665.0;text;;[];True;False;398fda1df1ad5f2c;[];gimana kabar lu sekarang?
2880;317;1-10;1581671.0;text;;[];False;False;74107b7ee42fb2c9;[];tuh
2881;317;11-50;1581683.0;text;;[];False;False;398fda1df1ad5f2c;[];dosen pembimbing susah ditemui...
2882;317;1-10;1581687.0;text;;['😂', '🤦🏻\u200d♂'];False;False;f0cc7620edf4529a;[];ASLI
2883;317;11-50;1581700.0;text;;[];False;False;a3bdbb2ae32da92a;[];gw laper banget nih
2884;317;101-500;1581703.0;text;;[];False;False;74107b7ee42fb2c9;[];gw lg galau bgt nih soal msaa depa.n mau lanjut s2 tp diut ga ad, mau langsung kerja tp pengalaman msh minim. nyokap bilang terserah gw aja tp gw tau dia pnegen gw cepet keraj biar bs bantu ekonomi keluarga. bingung bgt sih, kyk smua pilihan ad plus minusnya
2885;317;11-50;1581720.0;text;;[];False;False;a3bdbb2ae32da92a;[];proposal skripsi gw ditolakk
2886;317;11-50;1581722.0;text;;[];True;False;398fda1df1ad5f2c;[];gimana kabar lu sekarang?
2887;317;11-50;1581728.0;text;;[];False;False;a3bdbb2ae32da92a;[];mie ayam pak kumis juara sih
2888;317;11-50;1581759.0;text;;[];False;False;74107b7ee42fb2c9;[];seminar tadi lama bgt
2889;317;51-100;1581777.0;text;;[];False;False;398fda1df1ad5f2c;[];gw udah bikin slides presentasi tapi kayaknya masih kurang bagus... deh isinya...
2890;317;11-50;1581780.0;text;;[];False;False;74107b7ee42fb2c9;[];seminar tdai lama bgt
2891;317;1-10;1581802.0;text;;[];False;False;74107b7ee42fb2c9;[];nah
2892;317;11-50;1581802.0;text;;[];False;False;a3bdbb2ae32da92a;[];seminar tadi lamaa banget
2893;317;11-50;1581811.0;text;;[];False;False;a3bdbb2ae32da92a;[];tugas kelompok bikin pusing
2894;317;11-50;1581812.0;text;;[];False;False;a3bdbb2ae32da92a;[];warteggg depan kampus enakkk
2895;317;11-50;1581814.0;text;;[];False;False;74107b7ee42fb2c9;[];mie ayam pak kumis juaar sih
2896;317;51-100;1581842.0;text;;[];False;False;74107b7ee42fb2c9;[];jangan lupa besok kumpul di lobby kampus jam 8 paig buat berangkat bareng
2897;317;11-50;1582710.0;text;;[];False;False;398fda1df1ad5f2c;[];warteg depan kampus... enak
2898;318;11-50;1589292.0;text;;[];False;False;398fda1df1ad5f2c;['7318fd417024ba90'];gw kangen masakan rumah
2899;318;11-50;1589308.0;image/jpeg;;[];True;False;398fda1df1ad5f2c;[];[Foto]
2900;318;11-50;1589319.0;text;;[];False;False;398fda1df1ad5f2c;[];nyokap nanya kapan lulus
2901;318;11-50;1589323.0;text;;[];False;False;398fda1df1ad5f2c;[];playlist lo yang mana sih...
2902;318;1-10;1589383.0;text;;[];False;False;8f1d65d9122f92d0;[];hayuk
2903;318;1-10;1589396.0;text;;[];False;False;398fda1df1ad5f2c;[];noted
2904;318;11-50;1589404.0;text;;[];False;False;529638f4b7b8b2f5;[];film baru di bioskop bagus ga
2905;318;11-50;1589406.0;text;;[];False;False;8f1d65d9122f92d0;[];playlist lo yangggg manaaa sih
2906;318;0;1589408.0;sticker/webp;;[];False;False;8f1d65d9122f92d0;[];[Stiker]
2907;318;11-50;1589418.0;text;;[];False;False;529638f4b7b8b2f5;[];kakak gw baru aja nikah
2908;318;1-10;1589450.0;text;;['💩'];False;False;2f136fe80e312979;[];gini
2909;318;11-50;1589586.0;text;;[];False;False;1530a0317105342e;[];adek gw masuk sma tahun ini
2910;318;11-50;1589607.0;text;;[];False;False;1530a0317105342e;[];nyokap nanya kapann lulus
2911;318;51-100;1589652.0;image/jpeg;;[];True;False;398fda1df1ad5f2c;[];[Foto]
2912;318;11-50;1589713.0;text;;[];False;False;529638f4b7b8b2f5;[];duit bulanan belum dikirim
2913;318;51-100;1589775.0;text;;[];True;False;398fda1df1ad5f2c;[];siapa sih yang... spread... gosip itu ke grup sebelah, tau ga orangnya?
2914;318;51-100;1589799.0;text;;[];False;False;398fda1df1ad5f2c;[];gw nonton film dokumenter semalam tentang laut dan ikan, bagus banget
2915;318;11-50;1589815.0;text;;[];False;False;1530a0317105342e;[];bokap gw lagiiii di luar kotaaaa
2916;318;11-50;1589831.0;text;;[];False;False;398fda1df1ad5f2c;[];duit bulanan belum dikirim
2917;318;11-50;1589835.0;text;;[];False;False;1530a0317105342e;[];gw lagi marathon drakorr nih
2918;318;11-50;1589838.0;text;;[];False;False;398fda1df1ad5f2c;[];duit bulanan belum dikirim
2919;318;11-50;1589850.0;text;;[];False;False;1530a0317105342e;[];duitttt bulanan belum dikirim
2920;318;1-10;1589853.0;text;;[];False;False;1530a0317105342e;[];yess
2921;318;1-10;1589858.0;text;;[];True;False;398fda1df1ad5f2c;[];napa?
2922;318;11-50;1589871.0;text;;[];True;False;398fda1df1ad5f2c;[];itu tempatnya jauh ga?
2923;318;1-10;1589871.0;text;;[];False;False;529638f4b7b8b2f5;[];gitu
2924;318;51-100;1589874.0;text;;[];False;False;1530a0317105342e;[];tadi pagii gw olahragaa lariii keliling kampussss 5 putaran badan pegel semua
2925;318;1-10;1589876.0;text;;[];False;False;529638f4b7b8b2f5;[];mager
2926;318;11-50;1589876.0;text;;[];False;False;398fda1df1ad5f2c;[];gw lagi marathon drakor nih
2927;318;1-10;1589884.0;text;;[];False;False;398fda1df1ad5f2c;[];gitu
2928;318;51-100;1589919.0;text;;[];False;False;1530a0317105342e;[];tadi pagiii gw olahraga lariii keliling kampus 5 putarannn badan pegellll semuaaa
2929;318;11-50;1589922.0;text;;[];True;False;15a9a70e8f97fbef;[];lu lagi ngapain sih?
2930;318;101-500;1589948.0;text;;[];False;False;1530a0317105342e;[];gw pengen curhatttt sedikittt nih. akhirrr akhir ini gw ngerasaaa burnouttt banget sama rutinitas kuliah yangg itu ituu aja. bangun pagi, kuliah, tugas, tidur, repeat. kadang gw ngerasa kayakkkk robot yang cumaaa jalan sesuai program tanpaa tau tujuan akhirnya apa. mungkinn gw butuh liburannn beneran buatt refreshh otak
2931;318;1-10;1589949.0;text;;[];False;False;529638f4b7b8b2f5;[];noted
2932;318;11-50;1589960.0;text;;[];False;False;1530a0317105342e;[];playlist lo yanggg mana sihhhh
2933;318;11-50;1589970.0;text;;[];False;False;1530a0317105342e;[];gw lagi marathon drakor nih
2934;318;11-50;1589985.0;text;;[];False;False;529638f4b7b8b2f5;[];mama minta gw pulang weekend
2935;318;11-50;1590001.0;text;;[];True;False;15a9a70e8f97fbef;[];siapa aja yg dateng?
2936;318;1-10;1590012.0;text;;[];False;False;7318fd417024ba90;[];goks
2937;318;1-10;1590015.0;text;;[];False;False;7318fd417024ba90;[];gila
2938;318;1-10;1590018.0;text;;[];False;False;1530a0317105342e;[];yess
2939;318;1-10;1590020.0;text;;[];False;False;1530a0317105342e;[];anjay
2940;318;1-10;1590029.0;text;;[];False;False;1530a0317105342e;[];gini
2941;318;11-50;1590046.0;text;;[];False;False;1530a0317105342e;[];playlistttt lo yang manaa sihh
2942;318;101-500;1590057.0;text;;[];False;False;529638f4b7b8b2f5;[];gw pengen curhat sedikit nih. akhir akhir ini gw ngerasa burnout banget sama rutinitas kuliah yang itu itu aja. bangun pagi, kuliah, tugas, tidur, repeat. kadang gw ngerasa kayak robot yang cuma jalan sesuai program tanpa tau tujuan akhirnya apa. mungkin gw butuh liburan beneran buat refresh otak
2943;318;11-50;1590060.0;text;;[];False;False;1530a0317105342e;[];duitttt bulanan belum dikirim
2944;318;11-50;1590067.0;text;;[];False;False;1530a0317105342e;[];gw baruuuu ajaaa ketemu mantan
2945;318;11-50;1590075.0;text;;[];False;False;529638f4b7b8b2f5;['1530a0317105342e'];keluarga ngumpul lebaran nanti
2946;318;1-10;1590075.0;text;;[];False;False;1530a0317105342e;[];mager
2947;318;1-10;1590087.0;text;;[];False;False;529638f4b7b8b2f5;[];mager
2948;318;11-50;1590156.0;text;;[];False;False;a3bdbb2ae32da92a;[];gw lagi marathonnnn drakor nih
2949;318;11-50;1590157.0;text;;[];False;False;a3bdbb2ae32da92a;[];bokap gw lagii di luar kotaa
2950;318;11-50;1590197.0;text;;[];False;False;7318fd417024ba90;[];gw kangen masakan rumah,,,
2951;318;1-10;1590199.0;text;;[];False;False;7318fd417024ba90;[];anjay
2952;318;11-50;1590223.0;text;;[];False;False;398fda1df1ad5f2c;[];bokap gw lagi di luar... kota
2953;318;11-50;1590249.0;text;;[];True;False;eab4dd87d4666531;[];lu lg ngapain sih?
2954;318;11-50;1590252.0;text;;[];False;False;529638f4b7b8b2f5;[];playlist lo yang mana sih
2955;318;11-50;1590271.0;text;;[];False;False;2f136fe80e312979;[];gw lagi marathon drakor nih
2956;318;11-50;1590273.0;text;;[];False;False;398fda1df1ad5f2c;[];film baru di bioskop bagus ga
2957;318;11-50;1590279.0;text;;[];False;False;7318fd417024ba90;[];gw kangen masakan rumah
2958;318;11-50;1590280.0;text;;[];True;False;7318fd417024ba90;[];itu tempatnya jauh ga?
2959;318;11-50;1590282.0;text;;[];False;False;1530a0317105342e;[];filmmm baru di bioskoppp bagus ga
2960;318;1-10;1590300.0;text;;[];False;False;398fda1df1ad5f2c;[];woles
2961;318;11-50;1590305.0;text;;[];False;False;398fda1df1ad5f2c;[];gw kangen masakan rumah
2962;318;1-10;1590312.0;text;;['😂'];False;False;1530a0317105342e;[];gini
2963;318;1-10;1590316.0;text;;[];False;False;398fda1df1ad5f2c;[];goks
2964;318;1-10;1590317.0;text;;[];False;False;eab4dd87d4666531;[];noted
2965;318;11-50;1590321.0;text;;[];False;False;eab4dd87d4666531;[];duit bulanan blm dikirim
2966;318;0;1590333.0;video/mp4;;[];False;False;398fda1df1ad5f2c;[];[Video]
2967;318;1-10;1590334.0;text;;[];False;False;398fda1df1ad5f2c;[];anjay
2968;318;11-50;1590355.0;text;2965.0;[];False;False;398fda1df1ad5f2c;[];gw lagi marathon drakor nih
2969;318;11-50;1590363.0;text;;[];False;False;398fda1df1ad5f2c;[];gw kangen masakan rumah
2970;318;11-50;1590439.0;text;2965.0;[];False;False;a3bdbb2ae32da92a;[];mamaaa mintaaa gw pulang weekend
2971;318;11-50;1590448.0;text;2970.0;[];False;False;398fda1df1ad5f2c;[];film baru di bioskop bagus ga
2972;318;0;1590467.0;sticker/webp;;[];False;False;398fda1df1ad5f2c;[];[Stiker]
2973;318;0;1590478.0;sticker/webp;2970.0;[];False;False;0e74b4125911dad6;[];[Stiker]
2974;318;0;1590527.0;sticker/webp;;[];False;False;eab4dd87d4666531;[];[Stiker]
2975;318;1-10;1590530.0;text;;[];False;False;eab4dd87d4666531;[];gitu
2976;318;1-10;1590535.0;text;;[];False;False;a3bdbb2ae32da92a;[];nice
2977;318;1-10;1590550.0;text;2970.0;['😂'];False;False;2f136fe80e312979;[];noted
2978;318;0;1590552.0;sticker/webp;;[];False;False;0e74b4125911dad6;[];[Stiker]
2979;318;0;1590577.0;sticker/webp;;[];False;False;398fda1df1ad5f2c;[];[Stiker]
2980;318;0;1590581.0;sticker/webp;;[];False;False;48b36f924c81d70f;[];[Stiker]
2981;318;0;1590584.0;sticker/webp;;[];False;False;0e74b4125911dad6;[];[Stiker]
2982;318;0;1590596.0;sticker/webp;;[];False;False;0e74b4125911dad6;[];[Stiker]
2983;318;11-50;1590603.0;text;;[];False;False;a3bdbb2ae32da92a;[];duitttt bulanannn belummm dikirimm
2984;318;0;1590603.0;video/mp4;;[];False;False;a3bdbb2ae32da92a;[];[Video]
2985;318;0;1590609.0;sticker/webp;;[];False;False;398fda1df1ad5f2c;[];[Stiker]
2986;318;11-50;1590627.0;text;;[];False;False;398fda1df1ad5f2c;[];kakak gw baru aja... nikah
2987;318;0;1590710.0;sticker/webp;;[];False;False;eab4dd87d4666531;[];[Stiker]
2988;318;0;1590721.0;sticker/webp;;[];False;False;eab4dd87d4666531;[];[Stiker]
2989;318;1-10;1590732.0;text;;[];False;False;48b36f924c81d70f;[];gila
2990;318;51-100;1590734.0;text;;[];False;False;48b36f924c81d70f;[];gw nonton film dokumenter semalam tentang laut dan ikan, bagus banget
2991;318;0;1590974.0;sticker/webp;;[];False;False;398fda1df1ad5f2c;[];[Stiker]
2992;318;0;1590988.0;sticker/webp;;[];False;False;a3bdbb2ae32da92a;[];[Stiker]
2993;318;0;1590992.0;sticker/webp;;[];False;False;a3bdbb2ae32da92a;[];[Stiker]
2994;318;0;1591108.0;sticker/webp;2990.0;[];False;False;7318fd417024ba90;[];[Stiker]
2995;318;0;1591189.0;sticker/webp;;[];False;False;398fda1df1ad5f2c;[];[Stiker]
2996;318;0;1591263.0;sticker/webp;;[];False;False;48b36f924c81d70f;[];[Stiker]
2997;318;1-10;1591399.0;text;;[];False;False;a3bdbb2ae32da92a;[];gini
2998;318;1-10;1591401.0;text;;[];False;False;a3bdbb2ae32da92a;[];gila
2999;318;11-50;1591415.0;text;;[];False;False;a3bdbb2ae32da92a;[];mamaaa minta gw pulang weekendd
3000;318;11-50;1591416.0;text;;[];False;False;a3bdbb2ae32da92a;[];bokapp gw lagiii di luarrrr kota
