id;conversation_id;num_characters;relative_time_seconds;message_type;responds_to_id;array_emojis;interrogative;exclamatory;sender_hash;mentioned_phones_hash;message_content
1;1;0;0.0;system;;[];False;False;51a65177c4aeefc9;[];[Pesan sistem]
2;1;11-50;1.0;text;;[];False;False;7c76a5054399f04a;[];game baru udah download belum
3;1;11-50;14.0;text;;[];True;False;7c76a5054399f04a;[];masih bangun ga lu jam segini?
4;1;11-50;105.0;text;;[];False;False;7c76a5054399f04a;[];konser itu mahal banget tiketnya
5;1;11-50;108.0;text;;[];False;False;7c76a5054399f04a;[];series itu endingnya zonk bgt
6;1;1-10;126.0;text;;[];False;False;7c76a5054399f04a;[];ih
7;1;1-10;137.0;text;;[];False;False;7c76a5054399f04a;[];njir
8;1;1-10;138.0;text;;[];False;False;7c76a5054399f04a;[];sans
9;1;11-50;153.0;text;;[];False;False;7c76a5054399f04a;[];gym hari ini skip deh
10;1;11-50;155.0;text;;[];False;False;7c76a5054399f04a;[];game baru udah download belum
11;1;1-10;166.0;text;;[];True;False;7c76a5054399f04a;[];gmana?
12;2;11-50;81588.0;text;;[];True;False;c05cbb005b92b220;[];KAPAN TERAKHIR KALI KETEMU?
13;2;51-100;81642.0;text;;[];True;False;c05cbb005b92b220;[];LU PERNAH COBA BELAJAR BARENG DI PERPUS KOTA GA, ENAK GA DISANA?
14;2;11-50;81662.0;text;;[];False;False;c05cbb005b92b220;[];JANGAN BILANG SIAPA SIAPA YA
15;2;51-100;81716.0;text;;[];False;False;c05cbb005b92b220;[];WIFI KOSAN GW LEMOT BANGET JADI GW KE PERPUS AJA BUAT NGERJAIN TUGAS
16;2;1-10;81729.0;text;;[];False;False;c05cbb005b92b220;[];YWD
17;2;11-50;82191.0;text;;[];False;False;113cf0a6225f0471;[];gw kangen temen temen sma
18;2;11-50;82212.0;text;;[];False;False;113cf0a6225f0471;[];eh denger gosip blm
19;2;11-50;82292.0;text;;[];False;False;c05cbb005b92b220;[];DIEM DIEM TERNYATA JADIAN
20;2;1-10;82306.0;text;;['😂'];False;False;113cf0a6225f0471;[];setuju
21;2;1-10;82310.0;text;;[];False;False;c05cbb005b92b220;[];GABUT
22;2;11-50;82321.0;text;;[];False;False;c05cbb005b92b220;[];REUNI KAPAN YA KITA
23;2;1-10;82340.0;text;;[];False;False;113cf0a6225f0471;[];gabut
24;2;11-50;82383.0;text;;[];False;False;c05cbb005b92b220;[];REUNI KAPAN YA KITA
25;2;0;85441.0;image/jpeg;;[];False;False;96e4f2ffacb103eb;[];[Foto]
26;2;11-50;85554.0;text;;[];True;False;c05cbb005b92b220;[];KOS LU DIMANA SIH TEPATNYA?
27;2;1-10;85565.0;text;;[];False;False;c05cbb005b92b220;[];CAPE
28;2;51-100;85701.0;text;;[];False;False;424c99b44372877d;[];wifi kosan gw lemot... banget jadi gw ke perpus... aja buat ngerjain tugas
29;2;11-50;86272.0;text;;[];False;False;83fb2138165f19e9;[];diemm diemm ternyata jadian
30;2;1-10;88463.0;text;;[];False;False;c05cbb005b92b220;[];MALES
31;2;11-50;88480.0;text;;[];False;False;c05cbb005b92b220;[];GW KANGEN TEMEN TEMEN SMA
32;2;11-50;88505.0;text;;[];False;False;c05cbb005b92b220;[];SI ITU UDAH PUTUS KATANYA
33;2;11-50;88580.0;text;;[];True;False;c05cbb005b92b220;[];KOS LU DIMANA SIH TEPATNYA?
34;2;11-50;88598.0;text;;[];False;False;c05cbb005b92b220;[];PACARNYA BARU SIAPA SIH
35;3;11-50;193693.0;text;;[];True;False;424c99b44372877d;[];itu beneran apa hoax?
36;3;51-100;194400.0;text;;[];False;False;113cf0a6225f0471;[];weekend ni gw mau staycation aja di kosan binge watching series baru
37;3;51-100;195679.0;text;;[];False;False;424c99b44372877d;[];gw udah download semua materi kuliah tapi belum... sempat baca sama sekali...
38;3;11-50;195732.0;text;;[];False;False;113cf0a6225f0471;[];gw mau nyoba restoran baru
39;3;11-50;195747.0;text;;[];False;False;113cf0a6225f0471;[];tadi gw makan nasi padang
40;3;11-50;195911.0;text;;[];False;False;424c99b44372877d;[];masak sendiri lebih hemat sih
41;3;1-10;195938.0;text;;[];False;False;113cf0a6225f0471;[];ngab
42;4;101-500;787995.0;text;;['😂'];False;True;b28bd15b439f0e78;[];YESSS gw akhirnya dapet nilai A di mata kuliah yang paling gw takutin selama ini! padahal gw udah pasrah banget pas ujian soalnya soalnya susah parah. ternyata tugas dan presentasi gw nilainya bagus jadi bisa nutupin nilai ujian. alhamdulillah banget perjuangan ga sia sia!!!
43;4;1-10;788869.0;text;;['😂'];False;False;3672f4e79ea59fcd;[];Noted.
44;4;11-50;788888.0;text;;['🤷🏽\u200d♀', '😂'];False;False;b28bd15b439f0e78;[];gw kangen masakan rumah!!
45;4;11-50;788959.0;text;;['🙋🏼'];False;False;bca3089cd372cdce;[];duit bulanan blm dikirim
46;4;11-50;790717.0;text;;[];False;False;7c76a5054399f04a;[];keluarga ngumpul lebaran nanti
47;4;11-50;790726.0;text;;[];False;False;7c76a5054399f04a;[];keluarga ngumpul lebaran nanti
48;4;11-50;790849.0;text;;[];False;False;424c99b44372877d;[];film baru di bioskop bagus... ga
49;5;0;2617676.0;image/jpeg;;[];False;False;424c99b44372877d;[];[Foto]
50;5;11-50;2617847.0;text;;[];False;True;113cf0a6225f0471;[];gokil abis pertandingannya!
51;5;1-10;2617851.0;text;;['😍'];False;False;96e4f2ffacb103eb;[];iyaa
52;5;51-100;2618086.0;text;;['👏🏻', '👍🏻', '😉'];False;False;bca3089cd372cdce;[];duit jajan gw abis padahal baru tanggal 15 hrs ngirit bgt nih
53;6;11-50;4913453.0;text;;[];False;False;c05cbb005b92b220;[];GW LAGI BACA NOVEL BARU NIH
54;6;1-10;4913551.0;text;;[];False;False;424c99b44372877d;[];btw
55;6;11-50;4929981.0;text;;[];False;True;96e4f2ffacb103eb;[];stress berat gw sama tugas!
56;6;0;4941590.0;image/jpeg;;[];False;False;bca3089cd372cdce;[];[Foto]
57;6;0;4941619.0;image/jpeg;;[];False;False;bca3089cd372cdce;[];[Foto]
58;6;0;4941652.0;image/jpeg;;[];False;False;bca3089cd372cdce;[];[Foto]
59;6;0;4941670.0;image/jpeg;;[];False;False;bca3089cd372cdce;[];[Foto]
60;6;0;4941683.0;image/jpeg;;[];False;False;bca3089cd372cdce;[];[Foto]
61;6;11-50;4953321.0;text;;[];True;False;3672f4e79ea59fcd;[];tadi ngomong apa sih dosennya?
62;6;11-50;4953334.0;text;;[];True;False;3672f4e79ea59fcd;[];tadi ngomong apa sih dosennya?
63;6;1-10;4953717.0;text;;[];False;False;bca3089cd372cdce;[];hoki
64;6;51-100;4962292.0;text;;[];False;True;7c76a5054399f04a;[];sedih banget gw harus pisah sama temen kos gw yang udah pindah!
65;6;1-10;4962294.0;text;;[];False;False;7c76a5054399f04a;[];oot
66;6;11-50;4962298.0;text;;[];False;False;7c76a5054399f04a;[];game baru udah download belum
67;6;0;4974877.0;video/mp4;;[];False;False;3672f4e79ea59fcd;[];[Video]
68;7;51-100;6069320.0;text;;['🍾', '🎂', '😜'];False;True;113cf0a6225f0471;[];seneng bgt gw dapet tawaran magang di perusahaan impian gw!
69;7;11-50;6069341.0;text;;[];False;True;b5b98bb9a35603dd;[];gw kaget pas... denger... tu!...
70;7;1-10;6069456.0;text;;[];False;False;83fb2138165f19e9;[];dong
71;7;11-50;6069628.0;text;;[];False;False;424c99b44372877d;[];angkot ke sana masih ada ga...
72;7;11-50;6070329.0;text;;[];False;True;96e4f2ffacb103eb;[];gw kaget pas denger itu!
73;7;500+;6673393.0;text;;['🎵', '😍', '🎙', '💧', '💪'];True;True;113cf0a6225f0471;[];jadwal sidang kapan bro?
74;8;0;8514022.0;image/jpeg;;[];False;False;113cf0a6225f0471;[];[Foto]
75;8;0;8514032.0;image/jpeg;;[];False;False;113cf0a6225f0471;[];[Foto]
76;8;0;8514047.0;image/jpeg;;[];False;False;113cf0a6225f0471;[];[Foto]
77;9;11-50;9877807.0;text;;['🍾', '🎂'];False;True;113cf0a6225f0471;[];enak bgt makanannya!
78;9;11-50;9877877.0;text;;[];False;True;b5b98bb9a35603dd;[];enak bgt makanannya!
79;9;11-50;9878346.0;text;;[];False;False;96e4f2ffacb103eb;[];masak sendiri lebih hemat,,, sih
80;9;11-50;9879318.0;text;;[];False;False;424c99b44372877d;[];kopi susu yg... biasa ya
81;9;11-50;9879346.0;text;;[];False;False;83fb2138165f19e9;[];indomieee telor udah cukup kokkk
82;9;11-50;9880798.0;text;;['😘'];False;True;3672f4e79ea59fcd;[];capek banget hari ini!
83;9;11-50;9892335.0;text;;['😘'];False;False;b28bd15b439f0e78;[];gw mau pesen gofood dulu!!!
84;10;0;12062488.0;image/jpeg;;[];False;False;b28bd15b439f0e78;[];[Foto]
85;10;11-50;12082901.0;text;;[];False;True;113cf0a6225f0471;[];gw kaget pas denger tu!
86;10;11-50;12099284.0;text;;[];True;False;7c76a5054399f04a;[];pinjam catetan boleh ga?
87;10;0;12129140.0;image/jpeg;;[];False;False;113cf0a6225f0471;[];[Foto]
88;10;11-50;12129184.0;text;;[];True;False;113cf0a6225f0471;[];pinjam catetan boleh ga?
89;10;1-10;12129195.0;text;;['😂', '💦'];False;False;bca3089cd372cdce;[];udah
90;10;0;12134062.0;video/mp4;;[];False;False;96e4f2ffacb103eb;[];[Video]
91;10;51-100;12134257.0;text;;[];False;False;424c99b44372877d;[];gw baru aja dapet kabar kalo temen kita diterima kerja... di luar negeri
92;10;11-50;12134391.0;text;;['😱'];False;True;bca3089cd372cdce;[];sdeih bgt ceritanya!
93;10;11-50;12135031.0;text;;[];True;False;113cf0a6225f0471;[];jadwal sidang kapan bro?
94;10;51-100;12135594.0;text;;[];False;False;424c99b44372877d;[];lu harus coba kedai kopi baru di jalan belakang kampus, enak banget
95;10;1-10;12135764.0;text;;['😱'];False;False;113cf0a6225f0471;[];ywd
96;10;101-500;12136319.0;text;;[];False;False;96e4f2ffacb103eb;[];hari ini gw,,, iseng nyoba bikin,,, kopi pake metode v60 yang lagi,,, hype di kalangan,,, anak anak kampus. beli alatnya,,, lumayan mahal,,, sih tapi,,, hasilnya emang beda dari kopi sachet,,, biasa. kopinya lebih smooth dan ga terlalu pahit. kayaknya gw bakal ketagihan nih bikin kopi sendiri tiap pagi sebelum ke kampus
97;10;11-50;12136565.0;text;;[];False;True;113cf0a6225f0471;[];gw kaget pas denger tu!
98;11;11-50;13420273.0;image/jpeg;;[];False;False;83fb2138165f19e9;[];[Foto]
99;11;0;13420278.0;image/jpeg;;[];False;False;83fb2138165f19e9;[];[Foto]
100;11;1-10;13422957.0;text;;['😂'];False;False;113cf0a6225f0471;[];yess
101;12;11-50;13475698.0;application/pdf;;[];False;False;113cf0a6225f0471;[];[Dokumen PDF]
102;12;11-50;13477424.0;text;;[];False;False;bca3089cd372cdce;[];tdai asben ga sih km
103;13;11-50;13595578.0;text;;[];False;False;424c99b44372877d;[];indomie telor udah cukup kok
104;13;11-50;13596092.0;text;;['👏🏼'];False;False;96e4f2ffacb103eb;[];nongkrong yuk,,, di kafe biasa
105;13;11-50;13596119.0;text;;[];False;False;c05cbb005b92b220;[];ES TEH MANIS SATU YA BANG
106;13;1-10;13596130.0;text;;[];False;False;c05cbb005b92b220;[];BRO
107;13;11-50;13596171.0;text;;[];False;False;c05cbb005b92b220;[];NONGKRONG YUK DI KAFE BIASA
108;13;11-50;13596629.0;text;;[];False;False;83fb2138165f19e9;[];gw mauu pesen gofood dulu
109;13;1-10;13597012.0;text;;[];False;False;c05cbb005b92b220;[];NGAB
110;13;11-50;13600344.0;text;;[];False;True;b5b98bb9a35603dd;[];enak bgt makanannya!
111;13;51-100;13600468.0;text;;[];False;False;c05cbb005b92b220;[];DOMPET GW ILANG KEMARIN DI ANGKOT TAPI ALHAMDULILLAH ADA YANG NEMUIN
112;13;1-10;13600530.0;text;;[];False;False;b5b98bb9a35603dd;[];fix
113;14;51-100;13947315.0;text;;[];True;False;424c99b44372877d;[];menurut lu gw harus ambil... mata kuliah pilihan yang mana semester depan?...
114;14;1-10;13947341.0;text;;[];False;False;c05cbb005b92b220;[];TUH
115;14;1-10;13947359.0;text;;['👏'];False;False;113cf0a6225f0471;[];nah
116;14;11-50;13947360.0;text;;[];False;False;c05cbb005b92b220;[];MIE AYAM PAK KUMIS JUARA SIH
117;14;11-50;13947444.0;text;;[];True;False;c05cbb005b92b220;[];GIMANA KABAR LU SEKARANG?
118;14;11-50;13947532.0;text;;[];True;False;c05cbb005b92b220;[];BOLEH GW IKUT GA?
119;14;11-50;13947545.0;text;;[];False;False;c05cbb005b92b220;[];TUGAS KELOMPOK BIKIN PUSING
120;14;11-50;13947587.0;text;;[];True;False;424c99b44372877d;[];boleh gw ikut ga?...
121;14;11-50;13947613.0;text;;[];False;False;c05cbb005b92b220;[];DOSEN PEMBIMBING SUSAH DITEMUI
122;14;11-50;13947652.0;text;;[];True;False;c05cbb005b92b220;[];ADA YANG PUNYA CATETAN?
123;14;11-50;13947668.0;text;;[];True;False;424c99b44372877d;[];ntar malem ngapain?
124;14;1-10;13947696.0;text;;[];False;False;424c99b44372877d;[];nah
125;14;11-50;13947698.0;text;;[];False;False;c05cbb005b92b220;[];SIDANG MINGGU DEPAN DOAIN YA
126;14;11-50;13947829.0;text;;[];False;False;c05cbb005b92b220;[];TUGAS KELOMPOK BIKIN PUSING
127;14;11-50;13947838.0;text;;[];False;False;424c99b44372877d;[];kelas tambahan hari sabtu sih
128;14;1-10;13947847.0;text;;[];False;False;c05cbb005b92b220;[];NIH
129;14;11-50;13947854.0;text;;[];False;False;424c99b44372877d;[];gw baru aja... dari kampus
130;14;11-50;13947877.0;text;;[];False;False;c05cbb005b92b220;[];MIE AYAM PAK KUMIS JUARA SIH
131;14;1-10;13947880.0;text;;[];False;False;c05cbb005b92b220;[];HMM
132;14;1-10;13947912.0;text;;[];False;False;424c99b44372877d;[];sabi
133;15;11-50;14898339.0;text;;['😘'];False;True;113cf0a6225f0471;[];gw seneng bgt dapet a!
134;15;1-10;14898772.0;text;;['😜'];False;False;96e4f2ffacb103eb;[];woi
135;15;11-50;14899377.0;text;;['🥂', '🎂'];False;True;bca3089cd372cdce;[];gw seneng bgt dapet a!
136;15;11-50;14899557.0;text;;[];False;False;c05cbb005b92b220;[];KETEMUAN DI MALL JAM 3 YA
137;16;101-500;17534519.0;text;;[];False;False;113cf0a6225f0471;[];hari ni gw iseng nyoba bikin kopi pake metode v60 yg lg hype di kalangan anak anak kampus. beli alatnya lumayan mahal sih tp hasilnya emang beda dr kopi sachet biasa. kopinya lebih smooth dan ga terlalu pahit. kayaknya gw bakal ketagihan nih bikin kopi sendiri tiap pagi sebelum ke kampus
138;16;11-50;17645560.0;text;;['❗'];False;True;7c76a5054399f04a;[];sedih banget ceritanya!
139;16;11-50;17645867.0;text;;[];False;False;424c99b44372877d;[];jangan bilang siapa siapa ya
140;16;11-50;17645887.0;text;;[];False;True;b5b98bb9a35603dd;[];sedih bgt ceritanya!
141;16;11-50;17648575.0;text;;[];False;False;83fb2138165f19e9;[];diemm diem ternyata jadian
142;16;11-50;17648981.0;text;;[];False;True;bca3089cd372cdce;[];gw kaget pas dneger tu!
143;16;0;17649246.0;sticker/webp;;[];False;False;bca3089cd372cdce;[];[Stiker]
144;17;0;17654744.0;image/jpeg;;[];False;False;bca3089cd372cdce;[];[Foto]
145;17;11-50;17655191.0;text;;['😊'];False;False;bca3089cd372cdce;[];masak sendiri lbeih hemat sih
146;17;11-50;17670829.0;text;;[];False;False;96e4f2ffacb103eb;[];gw mau,,, pesen gofood dulu
147;18;1-10;17749857.0;text;;[];False;False;83fb2138165f19e9;[];udahhhh
148;18;11-50;17750032.0;text;;['👏🏻'];False;False;bca3089cd372cdce;[];jangna bilang siapa siapa ya
149;18;11-50;17750143.0;text;;[];False;False;c05cbb005b92b220;[];TEMENIN GW DONG BESOK
150;18;11-50;17756657.0;text;;[];False;False;424c99b44372877d;[];temen gw sakit masuk RS
151;19;0;18075831.0;image/jpeg;;[];False;False;7c76a5054399f04a;[];[Foto]
152;19;0;18075834.0;image/jpeg;;[];False;False;7c76a5054399f04a;[];[Foto]
153;19;0;18075834.0;image/jpeg;;[];False;False;7c76a5054399f04a;[];[Foto]
154;19;0;18075835.0;image/jpeg;;[];False;False;7c76a5054399f04a;[];[Foto]
155;19;0;18075836.0;image/jpeg;;[];False;False;7c76a5054399f04a;[];[Foto]
156;19;0;18075836.0;image/jpeg;;[];False;False;7c76a5054399f04a;[];[Foto]
157;19;0;18075838.0;image/jpeg;;[];False;False;7c76a5054399f04a;[];[Foto]
158;19;0;18075838.0;image/jpeg;;[];False;False;7c76a5054399f04a;[];[Foto]
159;19;0;18075839.0;image/jpeg;;[];False;False;7c76a5054399f04a;[];[Foto]
160;19;0;18075840.0;image/jpeg;;[];False;False;7c76a5054399f04a;[];[Foto]
161;19;0;18075841.0;image/jpeg;;[];False;False;7c76a5054399f04a;[];[Foto]
162;19;0;18076020.0;image/jpeg;;[];False;False;7c76a5054399f04a;[];[Foto]
163;20;1-10;19901994.0;image/jpeg;;[];False;False;113cf0a6225f0471;[];[Foto]
164;20;1-10;19902087.0;image/jpeg;;[];False;False;113cf0a6225f0471;[];[Foto]
165;21;0;20227605.0;image/jpeg;;[];False;False;424c99b44372877d;[];[Foto]
166;21;11-50;20332347.0;image/jpeg;;[];False;False;c05cbb005b92b220;[];[Foto]
167;21;0;20334511.0;image/jpeg;;[];False;False;113cf0a6225f0471;[];[Foto]
168;21;1-10;20334539.0;text;;['🍀'];False;False;113cf0a6225f0471;[];nah
169;22;0;20375564.0;image/jpeg;;[];False;False;83fb2138165f19e9;[];[Foto]
170;22;11-50;20375742.0;text;;[];False;True;c05cbb005b92b220;[];ENAK BANGET MAKANANNYA!
171;22;1-10;20375901.0;text;;['😂'];False;False;113cf0a6225f0471;[];yep
172;22;11-50;20375943.0;text;;[];False;False;83fb2138165f19e9;[];sarapannnn dulu baruuu mikirr
173;23;0;20567484.0;video/mp4;;[];False;False;113cf0a6225f0471;[];[Video]
174;23;1-10;20567541.0;text;;['🤣', '😂'];False;False;bca3089cd372cdce;[];gpp
175;24;0;20779238.0;video/mp4;;[];False;False;83fb2138165f19e9;[];[Video]
176;24;51-100;20790880.0;text;;[];True;False;96e4f2ffacb103eb;[];siapa sih yang spread gosip itu ke grup,,, sebelah, tau ga orangnya?
177;25;11-50;20791559.0;text;;[];False;False;96e4f2ffacb103eb;[];gw mau,,, ambil cuti semester
178;25;11-50;20791572.0;text;;[];False;False;83fb2138165f19e9;[];lu udah makannn belummmm
179;25;11-50;20791582.0;text;;[];False;False;c05cbb005b92b220;[];GW LAPER BANGET NIH
180;25;11-50;20791590.0;text;;[];False;False;83fb2138165f19e9;[];gw mau ambill cutiii semester
181;25;11-50;20791639.0;text;;[];False;False;c05cbb005b92b220;[];PROPOSAL SKRIPSI GW DITOLAK
182;25;11-50;20791641.0;text;;[];False;False;c05cbb005b92b220;[];GW BARU AJA DARI KAMPUS
183;26;0;21364498.0;image/jpeg;;[];False;False;3672f4e79ea59fcd;[];[Foto]
184;26;11-50;21364589.0;text;;[];False;False;424c99b44372877d;[];series itu endingnya... zonk bgt...
185;26;0;21364858.0;video/mp4;;[];False;False;113cf0a6225f0471;[];[Video]
186;27;0;21365480.0;video/mp4;;[];False;False;113cf0a6225f0471;[];[Video]
187;27;0;21373564.0;video/mp4;;[];False;False;bca3089cd372cdce;[];[Video]
188;27;1-10;21387823.0;text;;[];False;True;b5b98bb9a35603dd;[];asik!
189;28;0;21864558.0;video/mp4;;[];False;False;113cf0a6225f0471;[];[Video]
190;28;11-50;21864591.0;text;;[];False;False;113cf0a6225f0471;[];kelas tambahan hari sabtu sih
191;28;1-10;21864695.0;text;;['😅'];False;False;bca3089cd372cdce;[];done
192;29;11-50;21895721.0;image/jpeg;;[];True;False;bca3089cd372cdce;[];[Foto]
193;29;1-10;21896489.0;text;;[];False;False;113cf0a6225f0471;[];okey
194;30;11-50;23402737.0;text;;[];False;False;c05cbb005b92b220;[];KETEMUAN DI MALL JAM 3 YA
195;30;11-50;23403224.0;text;;['🥳'];False;True;b5b98bb9a35603dd;[];asik besok libur guys!
196;30;11-50;23403252.0;text;;[];False;True;96e4f2ffacb103eb;[];asik besok,,, libur guys!,,,
197;30;11-50;23414839.0;text;;[];False;False;424c99b44372877d;[];kita ketemuan dimana... aja deh
198;30;11-50;23418111.0;text;;[];False;False;83fb2138165f19e9;[];bskkkk sore ada waktu ga
199;30;11-50;23429301.0;text;;[];False;True;113cf0a6225f0471;[];gw seneng bgt dapet a!
200;31;0;23605946.0;image/jpeg;;[];False;False;bca3089cd372cdce;[];[Foto]
201;31;0;23605977.0;image/jpeg;;[];False;False;bca3089cd372cdce;[];[Foto]
202;32;101-500;26524382.0;text;;[];False;False;113cf0a6225f0471;[];kemarin malem gw sm temen temen nongkrong di warkop biasa sampe jam 12 malem. kita ngobrol banyak hal dr mulai tugas kuliah, rencana liburan, sampe masalah percintaan. seru sih walau besoknya gw kesiangan masuk kelas pagi dan dosen negur di depan smua orang. malu tp ya gmn lg
203;32;11-50;26524453.0;text;;[];False;False;b5b98bb9a35603dd;[];gw mau pesen gofood dulu
204;32;11-50;26524923.0;text;;['😂'];False;True;113cf0a6225f0471;[];capek bgt hari ni!
205;32;1-10;26524957.0;text;;[];False;False;b5b98bb9a35603dd;[];ayok
206;33;51-100;27585891.0;text;;[];True;False;96e4f2ffacb103eb;[];mendingan naik kereta apa,,, bus sih,,, kalo mau ke bandung dari sini?
207;33;1-10;27586274.0;text;;['👍🏻'];False;False;bca3089cd372cdce;[];ah
208;34;11-50;27850842.0;text;;[];False;False;113cf0a6225f0471;[];podcast yg lu rekomen mana
209;34;101-500;27850888.0;text;;['😂', '🙌', '👏'];True;False;113cf0a6225f0471;[];guys ad yg tau ga sih knp sistem registrasi online kampus sering bgt error pas masa pengisian krs? tiap semester selalu gitu bikin stres, mana hrs rebutan mata kuliah yg kuotanya dikit bgt lg. apa emang servernya ga kuat ya nampung banyak mahasiswa sekaligus?
210;35;0;27913377.0;sticker/webp;;[];False;False;3672f4e79ea59fcd;[];[Stiker]
211;35;51-100;27913584.0;text;;[];False;False;424c99b44372877d;[];gw lagi bingung milih topik skripsi antara dua tema... yang sama menariknya
212;35;11-50;27913604.0;text;;[];False;True;3672f4e79ea59fcd;[];enak banget makanannya!
213;35;11-50;27913689.0;text;;[];False;False;424c99b44372877d;[];indomie telor udah cukup... kok
214;35;1-10;27913741.0;text;;['😂'];False;False;b28bd15b439f0e78;[];lol!!!
215;35;1-10;27913867.0;text;;['😂'];False;False;3672f4e79ea59fcd;[];Cuy.
216;35;11-50;27914921.0;text;;[];True;False;b5b98bb9a35603dd;[];udah sampe belom?
217;35;11-50;27915288.0;text;;[];False;False;c05cbb005b92b220;[];GW MAU NYOBA RESTORAN BARU
218;35;1-10;27915381.0;text;;[];False;False;b5b98bb9a35603dd;[];woy
219;35;1-10;27915502.0;text;;['😂'];False;False;113cf0a6225f0471;[];bro
220;35;0;27932720.0;video/mp4;;[];False;False;bca3089cd372cdce;[];[Video]
221;35;0;27935809.0;video/mp4;;[];False;False;83fb2138165f19e9;[];[Video]
222;35;1-10;27940777.0;text;;['🤦🏻\u200d♀️'];False;False;113cf0a6225f0471;[];bro
223;35;0;27986735.0;video/mp4;;[];False;False;96e4f2ffacb103eb;[];[Video]
224;35;101-500;28028490.0;text;;[];True;False;113cf0a6225f0471;[];guys ad yg tau ga sih knp sistem registrasi online kampus sering bgt error pas masa pengisian krs? tiap semester selalu gitu bikin stres, mana hrs rebutan mata kuliah yg kuotanya dikit bgt lg. apa emang servernya ga kuat ya nampung banyak mahasiswa sekaligus?
225;35;101-500;28074373.0;text;;[];False;True;bca3089cd372cdce;[];parha bgt banjir di daerah kosan gw semalam smp air masuk ke kamar setinggi betis! barang barang gw banyak yg kerendem termasuk buku kuliah dan sepatu. gw hrs ngungis ke kosan temen dan skrg lg bersihin smau barang. semoga ga ad yg rusak parah sih!
226;35;11-50;28168936.0;text;;[];False;False;113cf0a6225f0471;[];sarapan dulu baru mikir
227;36;1-10;28345648.0;text;;['😂'];False;False;113cf0a6225f0471;[];woy
228;36;0;28347235.0;video/mp4;;[];False;False;bca3089cd372cdce;[];[Video]
229;37;11-50;28356592.0;application/pdf;;[];False;False;bca3089cd372cdce;[];[Dokumen PDF]
230;37;11-50;28356593.0;application/pdf;;[];False;False;bca3089cd372cdce;[];[Dokumen PDF]
231;37;11-50;28356594.0;application/pdf;;[];False;False;bca3089cd372cdce;[];[Dokumen PDF]
232;37;11-50;28356596.0;application/pdf;;[];False;False;bca3089cd372cdce;[];[Dokumen PDF]
233;37;51-100;28356596.0;application/pdf;;[];False;False;bca3089cd372cdce;[];[Dokumen PDF]
234;37;11-50;28356597.0;application/pdf;;[];False;False;bca3089cd372cdce;[];[Dokumen PDF]
235;37;11-50;28356598.0;application/pdf;;[];False;False;bca3089cd372cdce;[];[Dokumen PDF]
236;37;11-50;28356598.0;application/pdf;;[];False;False;bca3089cd372cdce;[];[Dokumen PDF]
237;37;11-50;28356599.0;application/pdf;;[];False;False;bca3089cd372cdce;[];[Dokumen PDF]
238;37;11-50;28356600.0;application/pdf;;[];False;False;bca3089cd372cdce;[];[Dokumen PDF]
239;37;51-100;28356600.0;application/pdf;;[];False;False;bca3089cd372cdce;[];[Dokumen PDF]
240;37;11-50;28356601.0;application/pdf;;[];False;False;bca3089cd372cdce;[];[Dokumen PDF]
241;37;11-50;28356601.0;application/pdf;;[];False;False;bca3089cd372cdce;[];[Dokumen PDF]
242;37;11-50;28356603.0;application/pdf;;[];False;False;bca3089cd372cdce;[];[Dokumen PDF]
243;37;11-50;28356626.0;text;;[];False;False;bca3089cd372cdce;[];dosen pembimbing susah diteumi
244;37;11-50;28357140.0;text;;['😘'];False;False;bca3089cd372cdce;[];wartge depan kampus enak
245;37;11-50;28357161.0;application/pdf;;[];False;False;bca3089cd372cdce;[];[Dokumen PDF]
246;37;11-50;28357162.0;application/pdf;;[];False;False;bca3089cd372cdce;[];[Dokumen PDF]
247;37;11-50;28357164.0;application/pdf;;[];False;False;bca3089cd372cdce;[];[Dokumen PDF]
248;37;11-50;28458374.0;text;;[];False;False;113cf0a6225f0471;[];lu udah makan blm
249;38;11-50;28893783.0;text;;[];False;False;113cf0a6225f0471;[];gw kangen masakan rumah
250;38;0;29030193.0;video/mp4;;[];False;False;113cf0a6225f0471;[];[Video]
251;39;0;29541979.0;video/mp4;;[];False;False;113cf0a6225f0471;[];[Video]
252;39;0;29548722.0;video/mp4;;[];False;False;113cf0a6225f0471;[];[Video]
253;39;11-50;29548747.0;text;;['😂'];False;False;113cf0a6225f0471;[];rame bgt disini cuy
254;39;1-10;29549074.0;text;;['🤣'];False;False;424c99b44372877d;[];kok
255;39;1-10;29561529.0;text;;['🤣'];False;False;b5b98bb9a35603dd;[];yaa
256;39;0;29562312.0;image/jpeg;;[];False;False;3672f4e79ea59fcd;[];[Foto]
257;39;0;29562373.0;image/jpeg;;[];False;False;3672f4e79ea59fcd;[];[Foto]
258;39;1-10;29562653.0;text;;['🤣'];False;False;113cf0a6225f0471;[];wah
259;39;1-10;29578618.0;text;;[];False;False;96e4f2ffacb103eb;[];kan
260;40;11-50;30006169.0;image/jpeg;;[];False;True;bca3089cd372cdce;[];[Foto]
261;40;11-50;30006184.0;text;;['🤣'];False;False;bca3089cd372cdce;[];gw kangen temen temen sma
262;40;11-50;30006268.0;text;;['😂'];False;False;bca3089cd372cdce;[];temne gw skait masuk rs
263;40;11-50;30006308.0;text;;['😂'];False;False;b28bd15b439f0e78;[];temenin gw dong besok!!!
264;40;11-50;30006321.0;text;;[];False;False;b28bd15b439f0e78;[];jangan bilang siapa siapa ya!!
265;40;1-10;30006356.0;text;;[];False;False;424c99b44372877d;[];wkwkw
266;40;1-10;30006727.0;text;;['😋'];False;False;96e4f2ffacb103eb;[];setuju
267;40;11-50;30006747.0;text;;[];True;False;96e4f2ffacb103eb;[];jadwal sidang kapan bro?,,,
268;40;11-50;30006868.0;text;;[];True;False;bca3089cd372cdce;[];kapan terakhir kali ketemu?
269;40;11-50;30006972.0;text;;[];False;False;113cf0a6225f0471;[];si tu udah putus katanya
270;40;101-500;30006978.0;text;;['🤣'];False;False;bca3089cd372cdce;[];hair ni gw iseng nyoba bikni kopi paek metode v60 yg lg hpye di kalangan anka anka kampus. beli alantya lumayan mahal sih tp hasilnya emang beda dr kopi sachet biasa. kopinya lebih smooth dan ga terlaul phait. kayaknya gw bakal ketagihan nih bikin koip sendiri tiap pagi sebelum ke kampus
271;40;1-10;30007000.0;text;;[];False;False;83fb2138165f19e9;[];dong
272;40;11-50;30007012.0;text;;[];False;False;83fb2138165f19e9;[];diem diem ternyata jadian
273;40;11-50;30007047.0;text;;[];False;True;113cf0a6225f0471;[];gw kaget pas denger tu!
274;40;11-50;30007048.0;text;;[];False;False;113cf0a6225f0471;[];gw ga percaya sih gosipnya
275;40;11-50;30007056.0;text;;['😱'];True;False;bca3089cd372cdce;[];jadwal sidang kapan bro?
276;40;0;30007066.0;audio;;[];False;False;83fb2138165f19e9;[];[Voice Note]
277;40;51-100;30007143.0;text;;[];False;False;424c99b44372877d;[];gw pengen banget liburan ke... pantai tapi duit... lagi tipis... banget sekarang...
278;40;51-100;30007174.0;text;;['🤣'];False;True;113cf0a6225f0471;[];seneng bgt gw dapet tawaran magang di perusahaan impian gw!
279;40;11-50;30007240.0;text;277.0;[];False;False;113cf0a6225f0471;[];gw berantem sm si anu
280;40;11-50;30007312.0;text;;['😂'];False;False;bca3089cd372cdce;[];diem diem ternyata jadian
281;40;11-50;30007386.0;text;;[];False;False;424c99b44372877d;[];si itu udah putus katanya
282;40;11-50;30007418.0;text;;[];False;False;83fb2138165f19e9;[];gw berantemmm sama si anu
283;40;11-50;30007473.0;text;;[];False;False;96e4f2ffacb103eb;[];jangan bilang,,, siapa siapa,,, ya
284;40;51-100;30007484.0;text;;[];False;False;bca3089cd372cdce;[];gw pengen bgt liburan ke pantai tp duit lg tipis bgt skrg
285;40;11-50;30007592.0;text;;[];True;False;424c99b44372877d;[];kapan terakhir kali ketemu?...
286;40;11-50;30007624.0;text;;[];False;False;83fb2138165f19e9;[];temeninnnn gw dongggg besok
287;40;51-100;30007647.0;text;;['😭'];False;False;bca3089cd372cdce;[];hari ni gw ad rapat organisasi sampe sore jadi ga bs ikut nongkrong
288;40;11-50;30007806.0;text;;['🤣'];False;False;424c99b44372877d;[];temenin gw dong besok
289;40;1-10;30007833.0;text;;['👏🏻'];False;False;bca3089cd372cdce;[];gabtu
290;40;11-50;30007860.0;text;;[];False;False;bca3089cd372cdce;[];eh denger gosip blm
291;40;51-100;30007884.0;text;;['🤣'];False;False;bca3089cd372cdce;[];hrai ni gw ad rapat orgainsasi sampe soer jadi ga bs ikut nongkrong
292;40;0;30007904.0;audio;;[];False;False;83fb2138165f19e9;[];[Voice Note]
293;40;51-100;30008402.0;text;;[];False;False;424c99b44372877d;[];gw pengen banget... liburan ke pantai... tapi duit lagi tipis banget sekarang
294;41;1-10;30073747.0;text;;['👀'];False;False;113cf0a6225f0471;[];zonk
295;41;1-10;30073802.0;text;;[];True;False;c05cbb005b92b220;[];YA?
296;41;11-50;30073808.0;text;;[];True;False;c05cbb005b92b220;[];ADA SINYAL GA DISITU?
297;41;11-50;30074435.0;text;;[];False;True;113cf0a6225f0471;[];akhirnya kelar jg nih!
298;41;11-50;30074450.0;text;;[];False;True;113cf0a6225f0471;[];akhirnya kelar jg nih!
299;41;11-50;30075251.0;image/jpeg;;['😂'];False;False;bca3089cd372cdce;[];[Foto]
300;41;11-50;30075351.0;text;;[];False;True;113cf0a6225f0471;[];stress berat gw sm tugas!
301;41;0;30075450.0;image/jpeg;;[];False;False;113cf0a6225f0471;[];[Foto]
302;41;0;30075868.0;image/jpeg;;[];False;False;bca3089cd372cdce;[];[Foto]
303;41;11-50;30075898.0;text;;['😋'];False;True;bca3089cd372cdce;[];stress berat gw sm tugas!
304;41;11-50;30075935.0;text;;['😊'];False;False;bca3089cd372cdce;[];pertanidngan bola taid malam glia
305;41;51-100;30075937.0;text;;[];False;False;c05cbb005b92b220;[];GW HARUS GANTI STRATEGI BELAJAR SIH SOALNYA NILAI UTS KEMARIN JELEK BGT
306;41;11-50;30075948.0;text;;[];True;False;c05cbb005b92b220;[];ADA SINYAL GA DISITU?
307;41;1-10;30075978.0;text;;[];False;False;113cf0a6225f0471;[];dih
308;41;0;30076109.0;image/jpeg;;[];False;False;424c99b44372877d;[];[Foto]
309;41;11-50;30076180.0;text;;[];False;False;424c99b44372877d;[];futsal besok jadi ga
310;41;11-50;30076216.0;text;;[];False;False;c05cbb005b92b220;[];GW LAGI BACA NOVEL BARU NIH
311;41;0;30076230.0;image/jpeg;;[];False;False;424c99b44372877d;[];[Foto]
312;41;0;30076299.0;image/jpeg;;[];False;False;424c99b44372877d;[];[Foto]
313;41;11-50;30076329.0;text;;[];False;True;bca3089cd372cdce;[];akhirnya kealr jg nih!
314;41;0;30076655.0;image/jpeg;;[];False;False;b28bd15b439f0e78;[];[Foto]
315;41;0;30076858.0;image/jpeg;;[];False;False;113cf0a6225f0471;[];[Foto]
316;41;11-50;30076882.0;text;;[];False;True;113cf0a6225f0471;[];stress berat gw sm tugas!
317;41;11-50;30078335.0;text;;['😅'];False;True;bca3089cd372cdce;[];akhirnya kealr jg nih!
318;41;11-50;30078525.0;text;;[];False;True;c05cbb005b92b220;[];STRESS BERAT GW SAMA TUGAS!
319;41;11-50;30078559.0;text;;[];False;True;c05cbb005b92b220;[];AKHIRNYA KELAR JUGA NIH!
320;41;11-50;30078596.0;text;;[];False;False;113cf0a6225f0471;[];badminton yuk sore ni
321;41;51-100;30078655.0;text;;[];False;True;c05cbb005b92b220;[];SEDIH BANGET GW HARUS PISAH SAMA TEMEN KOS GW YANG UDAH PINDAH!
322;41;51-100;30078699.0;text;;[];False;False;c05cbb005b92b220;[];GW GAGAL DIET LAGI SOALNYA TADI SORE DIAJAK MAKAN BAKSO SAMA TEMEN
323;41;1-10;30078704.0;text;;['👍'];False;False;113cf0a6225f0471;[];njir
324;41;1-10;30078751.0;text;;[];False;False;424c99b44372877d;[];sans
325;41;51-100;30078818.0;text;;[];False;False;c05cbb005b92b220;[];GW GAGAL DIET LAGI SOALNYA TADI SORE DIAJAK MAKAN BAKSO SAMA TEMEN
326;41;1-10;30078829.0;text;;[];False;False;c05cbb005b92b220;[];NJIR
327;42;0;30258355.0;image/jpeg;;[];False;False;bca3089cd372cdce;[];[Foto]
328;42;0;30258390.0;image/jpeg;;[];False;False;bca3089cd372cdce;[];[Foto]
329;43;11-50;32055805.0;text;;[];False;False;c05cbb005b92b220;[];NONGKRONG YUK DI KAFE BIASA
330;43;11-50;32077832.0;text;;[];False;True;113cf0a6225f0471;[];enak bgt makanannya!
331;43;11-50;32090009.0;text;;[];False;False;424c99b44372877d;[];masak sendiri lebih... hemat sih
332;43;0;32137079.0;unknown;;[];False;False;96e4f2ffacb103eb;[];[Media tidak dikenal]
333;43;51-100;32167264.0;text;;[];False;False;b28bd15b439f0e78;[];gw lagi bingung milih topik skripsi antara dua tema yang sama menariknya!!!
334;43;51-100;32167264.0;application/pdf;;[];False;False;113cf0a6225f0471;[];[Dokumen PDF]
335;43;11-50;32167306.0;text;;[];False;False;b28bd15b439f0e78;[];es teh manis satu ya bang!!
336;43;11-50;32168277.0;text;;[];False;False;424c99b44372877d;[];tadi gw makan nasi padang
337;43;11-50;32168306.0;text;;[];False;False;424c99b44372877d;[];bakso malang itu... buka ga ya
338;43;1-10;32170424.0;text;;['🤣'];False;False;113cf0a6225f0471;[];sip
339;44;0;32563041.0;image/jpeg;;[];False;False;113cf0a6225f0471;[];[Foto]
340;44;11-50;32563158.0;text;;['😄'];False;False;424c99b44372877d;[];gw mau nyoba restoran... baru
341;44;1-10;32564281.0;text;;['🤣'];False;False;113cf0a6225f0471;[];ayok
342;44;1-10;32564319.0;text;;['👏🏻'];False;False;bca3089cd372cdce;[];fix
343;44;11-50;32564552.0;text;;['😩', '😭'];False;False;bca3089cd372cdce;[];koip susu yg biaas ya
344;44;1-10;32565309.0;text;;['😰', '😥', '😓'];False;False;83fb2138165f19e9;[];ayokkkk
345;44;11-50;32650544.0;text;;[];False;False;113cf0a6225f0471;[];gw mau nyoba restoran baru
346;45;11-50;32912689.0;text;;['😘'];False;True;b5b98bb9a35603dd;[];akhirnya kelar jg nih!...
347;45;11-50;32914330.0;text;;[];False;False;96e4f2ffacb103eb;[];pertandingan bola tadi malam gila
348;45;11-50;32914445.0;text;;[];False;False;c05cbb005b92b220;[];BADMINTON YUK SORE INI
349;45;11-50;32914487.0;text;;[];False;False;c05cbb005b92b220;[];ALBUM BARU DIA ENAK BANGET
350;45;11-50;32914535.0;text;;[];False;False;c05cbb005b92b220;[];SERIES ITU ENDINGNYA ZONK BGT
351;45;11-50;32914858.0;text;;['❤️'];False;False;b28bd15b439f0e78;[];series itu endingnya zonk bgt!!
352;45;11-50;32932654.0;text;;[];False;False;424c99b44372877d;[];badminton yuk sore ini
353;45;11-50;32933019.0;text;;['🥂', '😘'];False;True;bca3089cd372cdce;[];akhirnya kelar jg ni!h
354;45;11-50;32933342.0;text;;[];False;True;7c76a5054399f04a;[];stress berat gw sama tugas!
355;45;11-50;32933556.0;text;;[];False;False;83fb2138165f19e9;[];gym hari ini skip deh
356;45;1-10;32934268.0;text;;['❤️'];False;False;b28bd15b439f0e78;[];oot!!
357;46;11-50;33544846.0;text;;[];True;False;c05cbb005b92b220;[];TADI NGOMONG APA SIH DOSENNYA?
358;46;11-50;33544909.0;text;;[];False;False;c05cbb005b92b220;[];GW ABIS LARI PAGI TADI
359;46;1-10;33544918.0;text;;[];False;False;c05cbb005b92b220;[];JIR
360;46;1-10;33545403.0;text;;[];True;False;83fb2138165f19e9;[];ya?
361;46;11-50;33545419.0;text;;[];False;False;83fb2138165f19e9;[];pertandingan bolaa tadi malam gilaa
362;46;11-50;33545450.0;text;;[];True;False;c05cbb005b92b220;[];BOOKING DULUAN APA LANGSUNG AJA?
363;46;1-10;33545460.0;text;;[];False;False;83fb2138165f19e9;[];kuy
364;46;11-50;33545475.0;text;;[];False;False;83fb2138165f19e9;[];gw lagi bacaa novellll baru nih
365;46;11-50;33545478.0;text;;[];False;False;c05cbb005b92b220;[];SERIES ITU ENDINGNYA ZONK BGT
366;46;11-50;33545497.0;text;;[];False;False;c05cbb005b92b220;[];KONSER ITU MAHAL BANGET TIKETNYA
367;46;11-50;33545518.0;text;;[];False;False;83fb2138165f19e9;[];badminton yuk sore iniii
368;46;11-50;33545531.0;text;;[];False;False;c05cbb005b92b220;[];PODCAST YG LU REKOMEN MANA
369;46;11-50;33545549.0;text;;[];False;False;83fb2138165f19e9;[];futsal besokk jadi ga
370;46;1-10;33545559.0;text;;[];False;False;83fb2138165f19e9;[];dih
371;46;11-50;33545579.0;text;;[];False;False;c05cbb005b92b220;[];PODCAST YG LU REKOMEN MANA
372;46;1-10;33545608.0;text;;[];False;False;c05cbb005b92b220;[];FYI
373;46;11-50;33545629.0;text;;[];False;False;c05cbb005b92b220;[];PERTANDINGAN BOLA TADI MALAM GILA
374;46;11-50;33545656.0;text;;[];False;False;83fb2138165f19e9;[];gym hari ini skip deh
375;46;1-10;33545714.0;text;;[];False;False;7c76a5054399f04a;[];dih
376;46;11-50;33545716.0;text;;[];False;False;7c76a5054399f04a;[];gw lagi baca novel baru nih
377;46;1-10;33545729.0;text;;['👌🏻'];False;False;7c76a5054399f04a;[];zonk
378;46;1-10;33545762.0;text;;[];False;False;83fb2138165f19e9;[];zonkk
379;46;11-50;33545777.0;text;;[];False;False;c05cbb005b92b220;[];GW ABIS LARI PAGI TADI
380;46;11-50;33545817.0;text;;[];False;False;83fb2138165f19e9;[];gw abissss lariii pagiii tadii
381;46;51-100;33546855.0;text;;[];False;False;b28bd15b439f0e78;[];gw gagal diet lagi soalnya tadi sore diajak makan bakso sama temen!!!
382;46;11-50;33546863.0;text;;[];False;False;b28bd15b439f0e78;[];podcast yg lu rekomen mana!!
383;46;11-50;33546936.0;text;;[];False;True;c05cbb005b92b220;[];AKHIRNYA KELAR JUGA NIH!
384;46;11-50;33546966.0;text;;[];False;False;c05cbb005b92b220;[];SERIES ITU ENDINGNYA ZONK BGT
385;46;11-50;33546981.0;text;;[];False;False;b28bd15b439f0e78;[];badminton yuk sore ini!!!
386;46;51-100;33547283.0;text;;['😨'];False;False;bca3089cd372cdce;[];semalam hjuan gede bgt sampe kosan gw mati lapmu semaleman gila
387;46;11-50;33547308.0;text;;[];False;False;83fb2138165f19e9;[];manga terbaru udahh keluar lohhhh
388;46;11-50;33547316.0;text;;[];False;False;83fb2138165f19e9;[];gymmmm hari iniiii skip dehhh
389;46;51-100;33547328.0;text;;[];False;False;bca3089cd372cdce;[];semalam hujan geed bgt sampe kosan gw mati lmapu semaleman gila
390;46;11-50;33547356.0;text;;[];False;False;83fb2138165f19e9;[];konser ituuu mahal banget tiketnyaaaa
391;46;11-50;33547365.0;text;;[];False;False;83fb2138165f19e9;[];gym hari ini skip deh
392;46;11-50;33547447.0;text;;[];False;False;bca3089cd372cdce;[];gw lg baca novel baru nih
393;46;51-100;33547513.0;text;;[];True;False;83fb2138165f19e9;[];kira kira kalo gw apply magangggg sekaranggg masihh keburu ga ya?
394;46;101-500;33547565.0;text;;[];False;False;b28bd15b439f0e78;[];tadi siang gw makan di warung makan baru deket gerbang belakang kampus. nasi gorengnya lumayan enak dan harganya murah banget cuma 12 ribu udah sama es teh. kayaknya bakal jadi langganan baru deh soalnya warteg biasa gw udah mulai naik harga dan porsinya makin dikit aja!!
395;46;51-100;33547835.0;text;;[];False;False;c05cbb005b92b220;[];DOSEN KILLER ITU TERNYATA BAIK BANGET ORANGNYA KALO DIAJAK NGOBROL SANTAI
396;46;11-50;33547876.0;text;;[];False;False;83fb2138165f19e9;[];series itu endingnya zonk bgt
397;46;11-50;33547912.0;text;;[];False;False;c05cbb005b92b220;[];GAME BARU UDAH DOWNLOAD BELUM
398;46;51-100;33547920.0;text;;[];False;False;c05cbb005b92b220;[];GW HARUS GANTI STRATEGI BELAJAR SIH SOALNYA NILAI UTS KEMARIN JELEK BGT
399;46;11-50;33547954.0;text;;[];False;False;83fb2138165f19e9;[];gw lagiiii baca novelll baru nih
400;46;11-50;33547962.0;text;;[];False;False;c05cbb005b92b220;[];MANGA TERBARU UDAH KELUAR LOH
401;46;1-10;33547963.0;text;;[];False;False;c05cbb005b92b220;[];FYI
402;46;11-50;33547977.0;text;;[];False;False;83fb2138165f19e9;[];badmintonn yuk soree ini
403;46;11-50;33548008.0;text;;[];False;False;83fb2138165f19e9;[];manga terbaru udah keluar loh
404;46;11-50;33548018.0;text;;[];False;False;83fb2138165f19e9;[];gw lagi bacaaa novellll baru nih
405;46;1-10;33550668.0;text;;['🤣'];False;False;113cf0a6225f0471;[];fyi
406;47;11-50;33552247.0;text;;[];False;False;113cf0a6225f0471;[];pacarnya baru siapa sih
407;47;11-50;33552272.0;text;;[];True;False;113cf0a6225f0471;[];kapan terakhir kali ketemu?
408;47;11-50;33552343.0;text;;[];False;False;c05cbb005b92b220;[];SI ITU UDAH PUTUS KATANYA
409;47;11-50;33552354.0;text;;[];False;False;c05cbb005b92b220;[];DIEM DIEM TERNYATA JADIAN
410;47;1-10;33552379.0;text;;[];False;False;113cf0a6225f0471;[];dong
411;47;11-50;33552410.0;text;;[];False;True;c05cbb005b92b220;[];SEDIH BANGET CERITANYA!
412;47;11-50;33552415.0;text;;[];False;False;113cf0a6225f0471;[];reuni kapan ya kita
413;47;11-50;33552437.0;text;;[];False;False;c05cbb005b92b220;[];EH DENGER GOSIP BELUM
414;47;51-100;33552519.0;text;;[];False;False;113cf0a6225f0471;[];lu hrs coba kedai kopi baru di jalan belakang kampus, enak bgt
415;48;11-50;33885968.0;text;;[];True;False;424c99b44372877d;[];kenapa ga bales... chat gw?
416;48;51-100;33886088.0;text;;['🤣', '😂'];False;False;bca3089cd372cdce;[];besok ad bazaar di kampus katanya banyak makanan mruah, pada ikut ga
417;48;1-10;33886091.0;image/jpeg;;[];False;False;b28bd15b439f0e78;[];[Foto]
418;48;51-100;33886149.0;text;;['😊'];False;False;bca3089cd372cdce;[];gw nonton film dokumenter semalam tentang laut dan ika,n bagus bgt
419;49;11-50;34492801.0;video/mp4;;[];False;False;3672f4e79ea59fcd;[];[Video]
420;49;1-10;34496324.0;text;;['😱'];False;False;96e4f2ffacb103eb;[];oii
421;50;0;34840732.0;video/mp4;;[];False;False;113cf0a6225f0471;[];[Video]
422;50;11-50;34840741.0;text;;['😘'];False;True;113cf0a6225f0471;[];sedih bgt ceritanya!
423;50;11-50;34840771.0;text;;['🥰'];False;False;b28bd15b439f0e78;[];temenin gw dong besok!!!
424;50;11-50;34841666.0;text;;[];False;True;7c76a5054399f04a;[];gw kaget pas denger itu!
425;50;11-50;34841765.0;text;;[];False;True;bca3089cd372cdce;[];gw kaegt pas denger tu!
426;50;11-50;34842050.0;text;;['🤗'];False;True;b5b98bb9a35603dd;[];sedih bgt ceritanya!
427;50;11-50;34842444.0;text;;[];False;False;83fb2138165f19e9;[];diem diem ternyataa jadian
428;50;11-50;34843085.0;text;;[];True;True;c05cbb005b92b220;[];KAPAN TERAKHIR KALI KETEMU?
429;50;11-50;34843102.0;text;;[];False;True;c05cbb005b92b220;[];SEDIH BANGET CERITANYA!
430;50;1-10;34843129.0;text;;[];False;False;b5b98bb9a35603dd;[];gabut
431;50;51-100;34843200.0;text;;[];False;False;c05cbb005b92b220;[];GW BARU AJA DAPET KABAR KALO TEMEN KITA DITERIMA KERJA DI LUAR NEGERI
432;50;11-50;34843211.0;text;;[];False;False;c05cbb005b92b220;[];TEMEN GW SAKIT MASUK RS
433;50;11-50;34843513.0;text;;[];False;False;b5b98bb9a35603dd;[];diem diem ternyata jadian
434;51;11-50;36542690.0;text;;['😘'];False;True;b5b98bb9a35603dd;[];parah sih tadi... kejadiannya!
435;51;11-50;36544288.0;text;;[];False;False;96e4f2ffacb103eb;[];tugas kelompok bikin pusing
436;51;51-100;36546690.0;video/mp4;;[];False;False;113cf0a6225f0471;[];[Video]
437;51;11-50;36552778.0;text;;[];False;False;424c99b44372877d;[];warteg depan kampus... enak
438;51;11-50;36564928.0;text;;[];False;False;7c76a5054399f04a;[];seminar tadi lama banget
439;51;11-50;36564929.0;text;;['😁'];False;True;7c76a5054399f04a;[];keren abis presentasinya!
440;52;11-50;37655251.0;text;;[];False;True;96e4f2ffacb103eb;[];parah sih,,, tadi kejadiannya!,,,
441;52;11-50;37655306.0;text;;[];False;False;c05cbb005b92b220;[];GW BARU AJA DARI KAMPUS
442;52;11-50;37661234.0;text;;['😘'];False;True;b5b98bb9a35603dd;[];keren abis presentasinya!...
443;52;11-50;37663028.0;text;;['😘'];False;True;bca3089cd372cdce;[];keren abis presentasinya!
444;52;1-10;37689157.0;text;;[];False;False;83fb2138165f19e9;[];nihhhh
445;52;11-50;37698242.0;text;;[];False;True;113cf0a6225f0471;[];parah sih tadi kejadiannya!
446;52;1-10;37700452.0;text;;[];False;False;83fb2138165f19e9;[];tuhhh
447;52;11-50;37700811.0;text;;[];False;False;424c99b44372877d;[];gw mau ambil cuti semester
448;52;1-10;37700974.0;text;;[];False;False;83fb2138165f19e9;[];nihhh
449;53;0;39874319.0;image/jpeg;;[];False;False;113cf0a6225f0471;[];[Foto]
450;53;0;39874321.0;image/jpeg;;[];False;False;113cf0a6225f0471;[];[Foto]
451;53;0;39874322.0;image/jpeg;;[];False;False;113cf0a6225f0471;[];[Foto]
452;53;0;39874325.0;image/jpeg;;[];False;False;113cf0a6225f0471;[];[Foto]
453;53;0;39874325.0;image/jpeg;;[];False;False;113cf0a6225f0471;[];[Foto]
454;53;0;39874327.0;image/jpeg;;[];False;False;113cf0a6225f0471;[];[Foto]
455;53;11-50;39874361.0;text;;[];False;True;113cf0a6225f0471;[];parah sih tadi kejadiannya!
456;53;11-50;39874473.0;text;;['😉'];False;False;b5b98bb9a35603dd;[];kelas tambahan hari sabtu sih
457;54;11-50;41477590.0;text;;['💃🏽', '🥂'];False;True;113cf0a6225f0471;[];seru bgt tadi malem!
458;54;1-10;41478459.0;text;;[];False;False;3672f4e79ea59fcd;[];Gini.
459;54;11-50;41479790.0;text;;[];False;False;424c99b44372877d;[];playlist lo yang mana sih
460;54;11-50;41482505.0;text;;[];False;True;96e4f2ffacb103eb;[];seru banget tadi,,, malem!,,,
461;54;1-10;41482520.0;text;;[];True;False;96e4f2ffacb103eb;[];terus?
462;54;1-10;41482529.0;text;;['🤭'];False;False;96e4f2ffacb103eb;[];pasti
463;54;11-50;41483665.0;text;;[];False;False;c05cbb005b92b220;[];BOKAP GW LAGI DI LUAR KOTA
464;54;11-50;41483702.0;text;;[];False;False;c05cbb005b92b220;[];ADEK GW MASUK SMA TAHUN INI
465;54;11-50;41483780.0;text;;[];False;True;3672f4e79ea59fcd;[];ngakak gw liat video itu!
466;55;0;41672055.0;video/mp4;;[];False;False;3672f4e79ea59fcd;[];[Video]
467;55;1-10;41678627.0;text;;['😂'];False;False;113cf0a6225f0471;[];aman
468;56;11-50;41743196.0;image/jpeg;;[];False;False;113cf0a6225f0471;[];[Foto]
469;56;1-10;41743735.0;text;;['😄', '😂', '💦'];False;False;bca3089cd372cdce;[];emm
470;56;11-50;41743747.0;text;;[];False;True;c05cbb005b92b220;[];ASIK BESOK LIBUR GUYS!
471;56;1-10;41756043.0;text;;[];False;False;7c76a5054399f04a;[];mah
472;56;1-10;41756050.0;text;;[];False;False;7c76a5054399f04a;[];ahh
473;57;0;43122861.0;image/jpeg;;[];False;False;bca3089cd372cdce;[];[Foto]
474;57;0;43122863.0;image/jpeg;;[];False;False;bca3089cd372cdce;[];[Foto]
475;57;0;43122863.0;image/jpeg;;[];False;False;bca3089cd372cdce;[];[Foto]
476;57;0;43122865.0;image/jpeg;;[];False;False;bca3089cd372cdce;[];[Foto]
477;57;0;43122868.0;image/jpeg;;[];False;False;bca3089cd372cdce;[];[Foto]
478;57;0;43122869.0;image/jpeg;;[];False;False;bca3089cd372cdce;[];[Foto]
479;57;0;43122870.0;image/jpeg;;[];False;False;bca3089cd372cdce;[];[Foto]
480;57;0;43122870.0;image/jpeg;;[];False;False;bca3089cd372cdce;[];[Foto]
481;57;0;43122872.0;image/jpeg;;[];False;False;bca3089cd372cdce;[];[Foto]
482;57;0;43122873.0;image/jpeg;;[];False;False;bca3089cd372cdce;[];[Foto]
483;57;0;43122874.0;image/jpeg;;[];False;False;bca3089cd372cdce;[];[Foto]
484;57;11-50;43123270.0;text;;['🤪', '😘'];False;True;96e4f2ffacb103eb;[];stress berat gw sama,,, tugas!
485;58;11-50;45224843.0;text;;['💃🏽', '🎂'];False;True;113cf0a6225f0471;[];ngakak gw liat video tu!
486;58;11-50;45225070.0;text;;[];False;False;424c99b44372877d;[];gw baru aja ketemu mantan
487;58;11-50;45227442.0;text;;[];False;False;c05cbb005b92b220;[];MAMA MINTA GW PULANG WEEKEND
488;58;11-50;45227444.0;text;;[];False;False;c05cbb005b92b220;[];BOKAP GW LAGI DI LUAR KOTA
489;58;11-50;45227446.0;text;;[];False;False;c05cbb005b92b220;[];MAMA MINTA GW PULANG WEEKEND
490;58;11-50;45229193.0;text;;[];False;True;96e4f2ffacb103eb;[];ngakak gw liat video itu!
491;58;11-50;45229235.0;text;;[];False;False;c05cbb005b92b220;[];NYOKAP NANYA KAPAN LULUS
492;58;11-50;45229617.0;text;;['😘'];False;True;b5b98bb9a35603dd;[];ngakak gw liat video tu!
493;58;11-50;45229788.0;text;;[];False;True;c05cbb005b92b220;[];NGAKAK GW LIAT VIDEO ITU!
494;58;11-50;45229919.0;text;;[];False;False;c05cbb005b92b220;[];FILM BARU DI BIOSKOP BAGUS GA
495;58;11-50;45230333.0;text;;[];False;True;b5b98bb9a35603dd;[];seru bgt tadi malem!
496;58;11-50;45230440.0;text;;[];False;True;c05cbb005b92b220;[];SERU BANGET TADI MALEM!
497;58;11-50;45230490.0;text;;[];False;False;c05cbb005b92b220;[];PLAYLIST LO YANG MANA SIH
498;59;51-100;45655281.0;text;;[];False;False;c05cbb005b92b220;[];GW UDAH DOWNLOAD SEMUA MATERI KULIAH TAPI BELUM SEMPAT BACA SAMA SEKALI
499;59;11-50;45655338.0;text;;[];False;False;c05cbb005b92b220;[];GW LAGI DIET TAPI GAGAL MULU
500;59;1-10;45655349.0;text;;[];False;False;c05cbb005b92b220;[];SIS
501;59;11-50;45655514.0;text;;[];True;False;3672f4e79ea59fcd;[];udah sampe belom?
502;59;11-50;45655537.0;text;;[];False;False;7c76a5054399f04a;[];kopi susu yg biasa ya
503;59;11-50;45655540.0;text;;[];False;False;7c76a5054399f04a;[];masak sendiri lebih hemat sih
504;59;11-50;45655543.0;text;;[];False;False;c05cbb005b92b220;[];GW MAU PESEN GOFOOD DULU
505;59;11-50;45655544.0;text;;[];False;False;c05cbb005b92b220;[];INDOMIE TELOR UDAH CUKUP KOK
506;59;11-50;45655590.0;text;;[];True;False;7c76a5054399f04a;[];bawa motor apa naik apa?
507;59;51-100;45655647.0;text;;[];False;False;c05cbb005b92b220;[];TADI DI KANTIN KETEMU ANAK ANGKATAN BAWAH YANG KENAL SAMA TEMEN SMA GW
508;59;0;45659673.0;sticker/webp;;[];False;False;113cf0a6225f0471;[];[Stiker]
509;59;11-50;45659764.0;text;;[];False;True;113cf0a6225f0471;[];capek bgt hari ni!
510;59;11-50;45659829.0;text;;[];True;False;c05cbb005b92b220;[];ITU BENERAN APA HOAX?
511;59;1-10;45659841.0;text;;[];False;False;113cf0a6225f0471;[];sip
512;60;0;46066551.0;image/jpeg;;[];False;False;bca3089cd372cdce;[];[Foto]
513;60;0;46066557.0;image/jpeg;;[];False;False;bca3089cd372cdce;[];[Foto]
514;60;0;46066559.0;image/jpeg;;[];False;False;bca3089cd372cdce;[];[Foto]
515;60;0;46066560.0;image/jpeg;;[];False;False;bca3089cd372cdce;[];[Foto]
516;60;0;46066560.0;image/jpeg;;[];False;False;bca3089cd372cdce;[];[Foto]
517;60;0;46066561.0;image/jpeg;;[];False;False;bca3089cd372cdce;[];[Foto]
518;60;0;46066561.0;image/jpeg;;[];False;False;bca3089cd372cdce;[];[Foto]
519;60;0;46066563.0;image/jpeg;;[];False;False;bca3089cd372cdce;[];[Foto]
520;61;0;49006176.0;image/jpeg;;[];False;False;bca3089cd372cdce;[];[Foto]
521;61;0;49006179.0;image/jpeg;;[];False;False;bca3089cd372cdce;[];[Foto]
522;61;0;49006179.0;image/jpeg;;[];False;False;bca3089cd372cdce;[];[Foto]
523;61;0;49006180.0;image/jpeg;;[];False;False;bca3089cd372cdce;[];[Foto]
524;61;0;49006186.0;image/jpeg;;[];False;False;bca3089cd372cdce;[];[Foto]
525;61;0;49006187.0;image/jpeg;;[];False;False;bca3089cd372cdce;[];[Foto]
526;61;11-50;49014973.0;text;;['😘'];False;True;b5b98bb9a35603dd;[];capek bgt hari ni!
527;61;11-50;49017119.0;text;;['🥳', '😘'];False;True;96e4f2ffacb103eb;[];enak banget makanannya!
528;61;11-50;49025750.0;text;;[];False;False;424c99b44372877d;[];kopi susu yg biasa... ya
529;62;101-500;49783117.0;text;;[];False;True;bca3089cd372cdce;[];yesss gw akhirnya dapet nilai a di mata kuliah yg paling gw takutin selama ni! padahal gw uadh pasrah bgt pas ujian soalnya soalnya suash parah. ternyata tugas dan presentais gw nialinya bagus jadi bs nutupin nilai ujian. alhamdulillah bgt perjuangan ga sia sia!
530;62;51-100;49783118.0;text;;[];False;False;bca3089cd372cdce;[];besok ad bazaar di kampus katanya banyak mkaanan murah, paad ikut ga
531;62;11-50;49783118.0;text;;[];False;False;bca3089cd372cdce;[];gw baru aja ketemu mantan
532;62;51-100;49783119.0;text;;[];False;False;bca3089cd372cdce;[];tadi pagi gw oalhraga lrai keliling kampus 5 putaran badan pegel smua
533;62;51-100;49783121.0;text;;[];False;False;bca3089cd372cdce;[];adek gw mau msauk kuliah tahnu depan gw hrs bantu cariin info jurusan
534;62;101-500;49783122.0;text;;[];False;False;bca3089cd372cdce;[];gw pengen curhat sedikit ni.h akhir akihr ni gw ngerasa burnout bgt sm rutinitas kuliah yg tu tu aaj. bangun pagi, kuliah, tugas, tidur, repaet. kadang gw ngerasa kyk roobt yg cmua jalan sesuai program tanpa tau tujuan akhirnya ap.a mgnk gw butuh liburan beneran buat refresh otak
535;62;101-500;49783122.0;text;;[];False;False;bca3089cd372cdce;[];gw pengen curhat sedikit nhi. akhir akhir ni gw ngearsa bunrout bgt sm rutinitas kuliah yg tu tu aja. bangun pagi, kuliah, tugas, tidur, repeat. kadang gw ngerasa kyk robot yg cuma jalan sesuai program tanpa tau tujuan akhirnya apa. mkgn gw butuh liburan beneran buat refrehs otak
536;62;101-500;49783123.0;text;;[];False;False;bca3089cd372cdce;[];gw pengen curhat sediikt nih. akhir ahkir ni gw ngerasa burnout bgt sm rutinitas kuliah yg tu tu aja. bangun pagi, kuliah, tugas, tidur, repeat. kadagn gw ngreasa kyk robot yg cuma jlaan sesuai program tanap tau tujuan akhirnya apa. mkgn gw butuh liburan benerna buat refresh otak
537;62;101-500;49783124.0;text;;['🤔', '🤣', '😂', '😅'];False;False;bca3089cd372cdce;[];gw pengen curhat sedikit ni.h akhir ahkir ni gw ngreasa buronut bgt sm rutinitas kuliah yg tu tu aja. bagnun pagi, kulia,h tugas, tidur, repeat. kadang gw ngerasa kyk robot yg cuma jalan sesuai program tanpa tau tujuan akhirnya ap.a mgkn gw butuh liburan beneran baut refresh otak
538;62;51-100;49783125.0;text;;[];False;False;bca3089cd372cdce;[];gw lg belajar masak senidri biar ga jajan terus lumayan hemat soalnya
539;62;11-50;49791721.0;text;;['😁'];False;True;113cf0a6225f0471;[];seru bgt tadi malem!
540;62;1-10;49793474.0;text;;['🤪'];False;False;96e4f2ffacb103eb;[];noted
541;63;1-10;50310687.0;text;;[];False;False;bca3089cd372cdce;[];yoii
542;63;51-100;50310764.0;text;;[];False;False;bca3089cd372cdce;[];gw senegn bgt akhirnya bs ketmeu temen temen lama setelah lama ga
543;63;11-50;50369555.0;text;;[];True;False;b5b98bb9a35603dd;[];msh buka ga warungnya?...
544;63;11-50;50369690.0;text;;[];False;False;c05cbb005b92b220;[];GW MAU TIDUR DULU YA
545;63;11-50;50369720.0;text;;[];False;True;b5b98bb9a35603dd;[];sumpah tu lucu... parah!
546;63;11-50;50369790.0;text;;[];False;True;c05cbb005b92b220;[];BAHAYA BANGET JALANANNYA!
547;63;11-50;50370027.0;text;;[];False;False;b5b98bb9a35603dd;[];hujan deres ga... bawa payung
548;63;11-50;50370041.0;text;;[];False;False;b5b98bb9a35603dd;[];hp gw lowbat nih
549;63;11-50;50370074.0;text;;[];False;False;c05cbb005b92b220;[];BARU BANGUN NIH MASIH NGANTUK
550;63;1-10;50370074.0;text;;[];False;False;c05cbb005b92b220;[];SEEP
551;63;11-50;50370137.0;text;;[];False;True;b5b98bb9a35603dd;[];sakit hati gw dengernya!...
552;63;1-10;50398429.0;text;;[];False;False;346f3cd7c6627b2d;[];ah
553;63;1-10;50398485.0;text;;[];False;True;c05cbb005b92b220;[];HEBAT!
554;63;1-10;50398492.0;text;;[];False;False;c05cbb005b92b220;[];SIAPP
555;64;0;50497248.0;system;;[];False;False;d66adb2b8964bc4f;[];[Pesan sistem]
556;64;0;50497277.0;system;;[];False;False;d66adb2b8964bc4f;[];[Pesan sistem]
557;65;51-100;51092565.0;image/jpeg;;[];False;True;346f3cd7c6627b2d;[];[Foto]
558;65;11-50;51092664.0;text;;[];False;False;113cf0a6225f0471;[];series tu endingnya zonk bgt
559;65;51-100;51092670.0;image/jpeg;;[];False;True;346f3cd7c6627b2d;[];[Foto]
560;66;1-10;51331256.0;text;;[];False;False;c05cbb005b92b220;[];OOT
561;66;11-50;51331289.0;text;;[];False;True;c05cbb005b92b220;[];STRESS BERAT GW SAMA TUGAS!
562;66;51-100;51331360.0;text;;[];False;False;c05cbb005b92b220;[];GW BARU DAPET INFO BEASISWA BUAT SEMESTER DEPAN MAU COBA DAFTAR DEH
563;66;11-50;51331389.0;text;;[];False;False;c05cbb005b92b220;[];GW ABIS LARI PAGI TADI
564;66;51-100;51331584.0;text;;[];False;False;c05cbb005b92b220;[];SEMALAM HUJAN GEDE BANGET SAMPE KOSAN GW MATI LAMPU SEMALEMAN GILA
565;66;51-100;51331666.0;text;;[];False;False;c05cbb005b92b220;[];GW HARUS GANTI STRATEGI BELAJAR SIH SOALNYA NILAI UTS KEMARIN JELEK BGT
566;67;11-50;51332491.0;text;;[];False;False;c05cbb005b92b220;[];KELUARGA NGUMPUL LEBARAN NANTI
567;67;11-50;51332513.0;text;;[];False;False;c05cbb005b92b220;[];DUIT BULANAN BELUM DIKIRIM
568;67;51-100;51333360.0;text;;['😁'];False;False;b5b98bb9a35603dd;[];gw nonton film... dokumenter semalam tentang laut dan ikan, bagus... bgt
569;67;11-50;51333451.0;text;;[];False;False;c05cbb005b92b220;[];KAKAK GW BARU AJA NIKAH
570;67;51-100;51333545.0;text;;[];False;False;c05cbb005b92b220;[];GW NONTON FILM DOKUMENTER SEMALAM TENTANG LAUT DAN IKAN, BAGUS BANGET
571;67;51-100;51334036.0;text;;['🤣'];True;True;bca3089cd372cdce;[];siapa sih yg spread gosip tu ke grup sebelah, tau ga orangnya?
572;67;11-50;51334938.0;text;;['😆'];False;False;b5b98bb9a35603dd;[];adek gw masuk... sma tahun ni
573;67;11-50;51335021.0;text;;[];False;True;c05cbb005b92b220;[];NGAKAK GW LIAT VIDEO ITU!
574;67;11-50;51336952.0;text;;[];False;False;113cf0a6225f0471;[];nyokap nanya kapan lulus
575;67;11-50;51337006.0;text;;['😋'];False;False;113cf0a6225f0471;[];nyokap nanya kapan lulus
576;68;51-100;51866117.0;image/jpeg;;[];False;False;c05cbb005b92b220;[];[Foto]
577;68;0;51926929.0;image/jpeg;;[];False;False;424c99b44372877d;[];[Foto]
578;68;11-50;51929165.0;text;;[];False;False;c05cbb005b92b220;[];TUGAS KELOMPOK BIKIN PUSING
579;69;0;52014876.0;image/jpeg;;[];False;False;113cf0a6225f0471;[];[Foto]
580;69;11-50;52014907.0;text;;[];False;False;c05cbb005b92b220;[];GW LG SIBUK BGT MINGGU INI
581;69;11-50;52014917.0;text;;[];False;True;c05cbb005b92b220;[];GW BANGGA SAMA LU BRO!
582;70;0;52130157.0;image/jpeg;;[];False;False;83fb2138165f19e9;[];[Foto]
583;70;11-50;52130236.0;text;;[];False;False;c05cbb005b92b220;[];PROPOSAL SKRIPSI GW DITOLAK
584;70;11-50;52133281.0;text;;['👏'];False;True;113cf0a6225f0471;[];keren abis presentasinya!
585;71;0;52374991.0;video/mp4;;[];False;False;bca3089cd372cdce;[];[Video]
586;71;0;52378212.0;video/mp4;;[];False;False;113cf0a6225f0471;[];[Video]
587;71;11-50;52385739.0;text;;[];False;True;c05cbb005b92b220;[];GW SENENG BANGET DAPET A!
588;71;0;52385757.0;video/mp4;;[];False;False;c05cbb005b92b220;[];[Video]
589;71;11-50;52392627.0;text;;[];False;False;424c99b44372877d;[];lu dimana sih... lama banget...
590;71;0;52399732.0;image/jpeg;;[];False;False;bca3089cd372cdce;[];[Foto]
591;71;51-100;52400000.0;text;;[];False;False;c05cbb005b92b220;[];MOTOR GW MOGOK DI TENGAH JALAN TADI PAGI JADI GW TELAT MASUK KELAS
592;72;0;52464551.0;image/jpeg;;[];False;False;bca3089cd372cdce;[];[Foto]
593;72;0;52464552.0;image/jpeg;;[];False;False;bca3089cd372cdce;[];[Foto]
594;72;0;52464555.0;image/jpeg;;[];False;False;bca3089cd372cdce;[];[Foto]
595;72;0;52464563.0;image/jpeg;;[];False;False;bca3089cd372cdce;[];[Foto]
596;72;0;52464566.0;image/jpeg;;[];False;False;bca3089cd372cdce;[];[Foto]
597;72;0;52464568.0;image/jpeg;;[];False;False;bca3089cd372cdce;[];[Foto]
598;73;0;52793745.0;image/jpeg;;[];False;False;346f3cd7c6627b2d;[];[Foto]
599;73;11-50;52793819.0;text;;[];False;False;346f3cd7c6627b2d;[];keluarga ngumpul lebaran nanti
600;74;0;52900051.0;image/jpeg;;[];False;False;83fb2138165f19e9;[];[Foto]
601;74;1-10;52900059.0;text;;[];False;False;83fb2138165f19e9;[];ahh
602;74;11-50;52900141.0;text;;[];False;False;c05cbb005b92b220;[];MACET PARAH DI JALAN TOL
603;75;0;52986338.0;image/jpeg;;[];False;False;bca3089cd372cdce;[];[Foto]
604;75;0;52987828.0;image/jpeg;;[];False;False;113cf0a6225f0471;[];[Foto]
605;75;11-50;52987862.0;text;;['🥂'];False;True;113cf0a6225f0471;[];parah sih tadi kejadiannya!
606;75;11-50;52988114.0;text;;[];False;False;424c99b44372877d;[];warteg depan kampus enak
607;75;11-50;52989585.0;text;;[];False;False;c05cbb005b92b220;[];LU UDAH MAKAN BELUM
608;75;11-50;53009127.0;text;;[];False;True;7c76a5054399f04a;[];parah sih tadi kejadiannya!
609;75;1-10;53009335.0;text;;[];False;False;4ed45b19de47f740;[];asli
610;75;1-10;53009993.0;text;;[];False;True;b5b98bb9a35603dd;[];mantap!
611;75;11-50;53010092.0;text;;[];False;True;c05cbb005b92b220;[];PARAH SIH TADI KEJADIANNYA!
612;75;1-10;53013694.0;text;;[];False;False;96e4f2ffacb103eb;[];aman
613;75;11-50;53013903.0;text;;[];False;False;c05cbb005b92b220;[];SEMINAR TADI LAMA BANGET
614;76;11-50;54942490.0;text;;['🍻', '🎂', '🥂'];False;True;bca3089cd372cdce;[];glia sih lu bs gitu!
615;76;11-50;54943347.0;text;;[];False;True;c05cbb005b92b220;[];GILA SIH LU BISA GITU!
616;76;1-10;54943430.0;text;;[];False;True;113cf0a6225f0471;[];asik!
617;76;11-50;54943838.0;text;;[];False;True;96e4f2ffacb103eb;[];mantap banget hasilnya!
618;76;11-50;54943875.0;text;;['😘'];False;True;b5b98bb9a35603dd;[];gila sih lu bs gitu!
619;76;11-50;54943898.0;text;;[];False;False;83fb2138165f19e9;[];tadi absennnn ga sih kamu
620;76;11-50;54951057.0;text;;[];False;False;424c99b44372877d;[];matkul ini susah banget
621;76;11-50;54951530.0;text;;['😘'];False;True;113cf0a6225f0471;[];gila sih lu bs gitu!
622;77;51-100;55308305.0;application/pdf;;[];False;False;bca3089cd372cdce;[];[Dokumen PDF]
623;77;51-100;55308389.0;text;;[];False;False;bca3089cd372cdce;[];gw lg mikirin mau amibl magagn di perusahaan mana buat semester depan
624;78;0;56349860.0;image/jpeg;;[];False;False;bca3089cd372cdce;[];[Foto]
625;78;11-50;56349921.0;application/pdf;;[];False;False;bca3089cd372cdce;[];[Dokumen PDF]
626;79;101-500;56526288.0;text;;[];True;True;b5b98bb9a35603dd;[];guys ad yg tau ga sih knp sistem registrasi... online... kampus sering bgt error pas masa pengisian krs?... tiap semester... selalu... gitu bikin stres, mana hrs rebutan mata... kuliah yg kuotanya dikit bgt lg. apa emang servernya ga kuat... ya nampung banyak mahasiswa sekaligus?
627;79;11-50;56526353.0;text;;[];True;False;bca3089cd372cdce;[];kos lu dmn sih tepatnya?
628;79;101-500;56526448.0;text;;[];False;False;b5b98bb9a35603dd;[];hari ni gw iseng... nyoba bikin... kopi pake metode v60 yg lg hype di kalangan... anak anak kampus. beli alatnya lumayan mahal sih tp... hasilnya emang beda dr kopi sachet biasa. kopinya lebih smooth dan ga... terlalu pahit. kayaknya... gw bakal ketagihan... nih bikin kopi sendiri tiap pagi... sebelum ke kampus
629;79;101-500;56526628.0;text;;[];False;False;bca3089cd372cdce;[];hari ni gw iseng nyoba bikin kpoi pkae metode v60 yg lg hype di kalangan anak anak kampus. blei alatnya lumayan mahal sih tp hasilnya emnag beda dr kpoi sachet biasa. kopinya lebih smooth dan ga terlalu pahit. kayaknya gw bakal ketagihan nih biikn koip sendiri tiap pagi sebelum ke kampus
630;79;11-50;56526877.0;text;;['😊'];False;True;b5b98bb9a35603dd;[];gw kaget pas denger tu!
631;79;51-100;56527768.0;text;;[];False;False;bca3089cd372cdce;[];gw pengen bgt liburan ke pantia tp diut lg tipis bgt skrg
632;79;0;56527770.0;audio;;[];False;False;bca3089cd372cdce;[];[Voice Note]
633;79;0;56527773.0;audio;;[];False;False;bca3089cd372cdce;[];[Voice Note]
634;79;11-50;56528195.0;text;;[];False;True;b5b98bb9a35603dd;[];gw kaget pas denger tu!...
635;79;11-50;56528313.0;text;;[];False;False;bca3089cd372cdce;[];angkot ke saan msh ad ga
636;79;51-100;56528364.0;text;;[];False;False;bca3089cd372cdce;[];wifi kosan gw lemot bgt jadi gw ke perpus aja buat ngerjain tguas
637;79;11-50;56528386.0;text;;[];False;False;bca3089cd372cdce;[];rueni kapan ya kita
638;79;1-10;56528397.0;text;;[];False;False;b5b98bb9a35603dd;[];ywd
639;79;0;56528407.0;audio;;[];False;False;bca3089cd372cdce;[];[Voice Note]
640;79;0;56528413.0;audio;;[];False;False;bca3089cd372cdce;[];[Voice Note]
641;79;1-10;56528506.0;text;;[];False;True;b5b98bb9a35603dd;[];joss!
642;79;101-500;56528520.0;text;;[];False;False;bca3089cd372cdce;[];hrai ni gw isneg nyoba bikin kopi pake metode v60 yg lg hpye di kalangan anak aank kampus. beli alatnya lumayan mahla sih tp hasilnya emang beda dr kopi sachet bias.a kpoinya lebih smooth dan ga terlalu pahit. kaykanya gw bakal ketagihan nih bikin kopi sendiri taip pgai sebelum ke kampus
643;79;51-100;56528576.0;text;;[];False;False;bca3089cd372cdce;[];wifi kosan gw lmeot bgt jadi gw ke perpus aja buat ngerjain tugas
644;79;11-50;56528596.0;text;;[];False;False;bca3089cd372cdce;[];si tu udah putus katanya
645;79;51-100;56528877.0;text;;['😅'];False;False;b5b98bb9a35603dd;[];gw baru aja dapet kabar... kalo temen kita diterima kerja... di luar negeri
646;79;101-500;56529093.0;text;;[];False;False;bca3089cd372cdce;[];hrai ni gw isegn nyoba bikin koip pkae metode v60 yg lg hype di kalangan anak anak kampus. beli alatnya lumayan mahal sih tp hasilnya emang beda dr kopi sachet biasa. kpoinya lebih smotoh dan ga trelalu pahit. kayaknya gw bkaal ketagihan nih biikn kopi sendiri tiap pagi sebelum ke kampus
647;79;11-50;56529115.0;text;;[];False;False;bca3089cd372cdce;[];temen gw sakit mausk rs
648;79;51-100;56529158.0;text;;[];False;False;bca3089cd372cdce;[];gw pengen bgt liburan ke pantai tp duti lg tipis bgt skrg
649;79;0;56529468.0;audio;;[];False;False;bca3089cd372cdce;[];[Voice Note]
650;79;51-100;56529832.0;text;;[];False;False;b5b98bb9a35603dd;[];lu hrs coba kedai kopi baru di jalan belakang kampus, enak bgt...
651;79;11-50;56529861.0;text;;[];False;False;bca3089cd372cdce;[];gw ga percaya sih gosipnya
652;80;51-100;56530959.0;text;;[];False;False;bca3089cd372cdce;[];wifi kosan gw lemot bgt jadi gw ke perpus aja buat ngerjain tugas
653;80;11-50;56531757.0;text;;['🤗'];False;False;b5b98bb9a35603dd;[];angkot ke sana msh ad ga
654;80;51-100;56593070.0;text;;[];True;False;96e4f2ffacb103eb;[];lu pernah coba belajar,,, bareng di,,, perpus kota,,, ga, enak ga disana?,,,
655;80;11-50;56593188.0;text;;[];False;False;bca3089cd372cdce;[];pacarnya baru siapa sih
656;80;51-100;56593265.0;text;;[];False;False;bca3089cd372cdce;[];wiif kosan gw lemot bgt jadi gw ke perpus aja baut ngerjain tugas
657;80;11-50;56593287.0;text;;[];False;False;c05cbb005b92b220;[];REUNI KAPAN YA KITA
658;80;51-100;56593329.0;text;;[];False;False;c05cbb005b92b220;[];GW BARU AJA DAPET KABAR KALO TEMEN KITA DITERIMA KERJA DI LUAR NEGERI
659;80;101-500;56593379.0;text;;[];False;False;bca3089cd372cdce;[];hari ni gw iseng nyoba bikin kopi pake metode v60 yg lg hype di kalangan anka anka kampus. beli alantya lumayan mahal sih tp hasilnya emang beda dr kopi sachet bisaa. kopinya lebih smooth dan ga trelalu pahit. kayaknya gw bakal ketagihan nih bkiin kopi sendiri tiap pgai sbeelum ke kampus
660;80;1-10;56593817.0;text;;['👍🏼'];False;False;96e4f2ffacb103eb;[];udah
661;80;11-50;56593833.0;text;;[];False;False;96e4f2ffacb103eb;[];reuni kapan ya kita
662;81;51-100;56708302.0;text;;[];True;False;113cf0a6225f0471;[];ad yg tau knp kantin kampus tutup lebih awal hari ni ga sih?
663;81;11-50;56726669.0;text;;[];False;False;3672f4e79ea59fcd;[];Gw mau pesen gofood dulu.
664;81;11-50;56783771.0;text;;[];False;False;7c76a5054399f04a;[];bakso malang itu buka ga ya
665;81;51-100;56783791.0;text;;[];False;False;7c76a5054399f04a;[];gw lagi bingung milih topik skripsi antara dua tema yang sama menariknya
666;82;51-100;60396757.0;text;;[];True;True;b5b98bb9a35603dd;[];eh lu udah dapet info jadwal ujian akhir semester blm dr prodi?...
667;82;11-50;60396824.0;text;;[];False;False;bca3089cd372cdce;[];gw lg ngerjain tugas nih
668;82;51-100;60396888.0;application/pdf;;[];False;False;bca3089cd372cdce;[];[Dokumen PDF]
669;82;11-50;60396911.0;text;;[];False;False;bca3089cd372cdce;[];deadline besok pagi bro
670;82;11-50;60397505.0;text;;['😉'];False;False;b5b98bb9a35603dd;[];matkul ni susah bgt
671;83;51-100;60565181.0;text;;[];True;False;c05cbb005b92b220;[];MENURUT LU GW HARUS AMBIL MATA KULIAH PILIHAN YANG MANA SEMESTER DEPAN?
672;83;11-50;60565183.0;text;;[];False;False;c05cbb005b92b220;[];SIDANG MINGGU DEPAN DOAIN YA
673;83;1-10;60595332.0;text;;['🤷🏻\u200d♀️'];False;False;113cf0a6225f0471;[];nah
674;83;11-50;60596091.0;text;;[];False;False;424c99b44372877d;[];seminar tadi lama... banget
675;83;11-50;60599777.0;text;;[];False;False;c05cbb005b92b220;[];PROPOSAL SKRIPSI GW DITOLAK
676;83;11-50;60599807.0;text;;[];True;False;c05cbb005b92b220;[];BOLEH GW IKUT GA?
677;83;11-50;60599877.0;text;;[];False;False;c05cbb005b92b220;[];WARTEG DEPAN KAMPUS ENAK
678;83;1-10;60600515.0;text;;[];False;False;3672f4e79ea59fcd;[];Asli.
679;83;51-100;60602308.0;text;;[];False;False;113cf0a6225f0471;[];jangan lupa besok kumpul di lobby kampus jam 8 pagi buat berangkat bareng
680;83;51-100;60603076.0;text;;[];False;False;c05cbb005b92b220;[];KEMARIN GW KE TOKO BUKU BELI NOVEL BARU SAMA BUKU REFERENSI BUAT SKRIPSI
681;83;1-10;60689284.0;text;;['🤷🏻\u200d♀️'];False;False;113cf0a6225f0471;[];hmm
682;84;101-500;61805314.0;text;;[];False;False;bca3089cd372cdce;[];jadi ceritanya kemarin gw ke perpustakaan pusat baut nyari bahan referensi skripis, ternyata bukunay udah dipinjem smua sm anak angkatan sebleah. akhirnya gw cuam bs fotokopi dr tmeen yg kebetulan pny. lumayan lah daripada ga dapet sm sekali, tigngal di rangkum aja sisanya
683;84;11-50;61805334.0;text;;['😱'];False;True;bca3089cd372cdce;[];mantap bgt hasilnya!
684;84;1-10;61805466.0;text;;[];False;False;bca3089cd372cdce;[];iya
685;84;51-100;61805874.0;application/pdf;;[];False;False;bca3089cd372cdce;[];[Dokumen PDF]
686;85;101-500;61884680.0;text;;[];False;False;113cf0a6225f0471;[];jadi ceritanya kemarin gw ke perpustakaan pusat buat nyari bahan referensi skripsi, ternyata bukunya udah dipinjem smua sm anak angkatan sebelah. akhirnya gw cuma bs fotokopi dr temen yg kebetulan pny. lumayan lah daripada ga dapet sm sekali, tinggal di rangkum aja sisanya
687;85;11-50;61884697.0;text;;[];False;False;113cf0a6225f0471;[];dosen gw galak bgt sih
688;85;51-100;61888747.0;text;;[];False;False;7c76a5054399f04a;[];tadi gw ketemu dosen pembimbing dan dia minta revisi lagi untuk bab 3
689;85;11-50;61888765.0;text;;[];False;True;7c76a5054399f04a;[];gila sih lu bisa gitu!
690;85;11-50;61888810.0;text;;[];False;False;7c76a5054399f04a;[];presentasi gw amburadul
691;85;51-100;61888846.0;text;;[];False;True;7c76a5054399f04a;[];gila sih dosen gw tiba tiba kasih tugas tambahan padahal besok uas!
692;85;51-100;61888938.0;text;;['👏🏻'];False;True;b5b98bb9a35603dd;[];gila sih dosen gw tiba tiba kasih tugas tambahan padahal besok uas!...
693;85;51-100;61889002.0;text;;['😅'];True;False;b5b98bb9a35603dd;[];eh lu udah... dapet info jadwal ujian akhir semester blm dr prodi?
694;85;11-50;61890886.0;text;;['👏🏻'];False;True;bca3089cd372cdce;[];gila sih lu bs git!u
695;85;11-50;61890913.0;text;;['😍'];False;True;bca3089cd372cdce;[];manatp bgt hasilnya!
696;85;101-500;61891142.0;text;;['😂'];True;False;bca3089cd372cdce;[];gw lg bimbnag nih antara mau ikut organisais kampus atau fokus ke akademik aja. menurut kalian gmn shi, wotrh it ga sih ikut organisasi? soalnya gw denger banyak yg bilang bs nambah soft skill tp di sisi lain waktu buat belajar jadi berkurang kan, gmn pengalaman kalian?
697;85;11-50;61891239.0;text;;[];False;True;bca3089cd372cdce;[];glia sih lu bs gitu!
698;85;51-100;61893172.0;text;;[];False;False;424c99b44372877d;[];eh besok kita jadi ketemuan di kafe deket stasiun kan ya jam 2 siang
699;85;51-100;61893902.0;text;;['😥'];True;False;c05cbb005b92b220;[];EH LU UDAH DAPET INFO JADWAL UJIAN AKHIR SEMESTER BELUM DARI PRODI?
700;85;51-100;61894541.0;text;;['😆'];False;False;b5b98bb9a35603dd;[];nyokap gw nelfon tadi... nanyain kapan pulang, gw bilang aja abis ujian
701;86;51-100;64204356.0;application/pdf;;[];False;False;bca3089cd372cdce;[];[Dokumen PDF]
702;86;51-100;64204399.0;text;;[];False;False;bca3089cd372cdce;[];laptop gw muali lemot nih kayaknya hrs install ulang aatu ganti ram
703;87;11-50;64468059.0;text;;['😘'];False;True;bca3089cd372cdce;[];gw seneng bgt dapet a!
704;87;1-10;64479026.0;text;;['🥰'];False;False;b28bd15b439f0e78;[];kok!!!
705;87;11-50;64479262.0;text;;[];False;False;424c99b44372877d;[];gw ngga bisa... ikut malem ini
706;87;11-50;64479450.0;text;;['🥳'];False;False;96e4f2ffacb103eb;[];gw lagi di warkop nih
707;87;11-50;64479633.0;text;;[];False;True;c05cbb005b92b220;[];GW SENENG BANGET DAPET A!
708;87;11-50;64479653.0;text;;[];False;True;c05cbb005b92b220;[];ASIK BESOK LIBUR GUYS!
709;87;11-50;64479673.0;text;;[];False;False;c05cbb005b92b220;[];KETEMUAN DI MALL JAM 3 YA
710;87;11-50;64479701.0;text;;[];False;False;c05cbb005b92b220;[];KETEMUAN DI MALL JAM 3 YA
711;87;1-10;64480253.0;text;;['🥰'];False;False;b28bd15b439f0e78;[];yaa!!!
712;87;11-50;64480255.0;text;;[];False;False;b28bd15b439f0e78;[];gw naik ojol aja deh!!!
713;87;51-100;64483058.0;text;;[];False;True;7c76a5054399f04a;[];parah banget macetnya tadi di jalan, gw sampe telat 1 jam ke kampus!
714;87;1-10;64488262.0;text;;['🥰'];False;False;b28bd15b439f0e78;[];ooh!!!
715;88;51-100;64828660.0;text;;[];True;False;113cf0a6225f0471;[];ad yg tau knp kantin kampus tutup lebih awal hari ni ga sih?
716;88;1-10;64828700.0;text;;['🙋🏻\u200d♀️'];False;False;bca3089cd372cdce;[];ayok
717;88;11-50;64834766.0;text;;[];False;False;424c99b44372877d;[];kopi susu yg biasa... ya
718;88;11-50;64835882.0;text;;[];True;False;113cf0a6225f0471;[];udah sampe belom?
719;88;11-50;64835909.0;text;;[];False;True;113cf0a6225f0471;[];enak bgt makanannya!
720;88;11-50;64837109.0;text;;[];False;False;b5b98bb9a35603dd;[];es teh manis satu ya... bang
721;88;1-10;64837170.0;text;;['👍'];False;False;113cf0a6225f0471;[];bener
722;88;11-50;64871873.0;text;;['😔'];False;False;96e4f2ffacb103eb;[];gw mau pesen gofood dulu
723;89;51-100;64993926.0;text;;[];True;False;b5b98bb9a35603dd;[];siapa sih yg spread gosip tu ke grup sebelah, tau ga orangnya?
724;89;11-50;64993981.0;text;;[];False;False;bca3089cd372cdce;[];gw kangne masakan rumah
725;89;1-10;64994491.0;text;;[];False;False;b5b98bb9a35603dd;[];gini
726;90;0;65348801.0;image/jpeg;;[];False;False;bca3089cd372cdce;[];[Foto]
727;90;1-10;65348801.0;image/jpeg;;['😅'];False;False;bca3089cd372cdce;[];[Foto]
728;90;0;65348803.0;image/jpeg;;[];False;False;bca3089cd372cdce;[];[Foto]
729;90;0;65348804.0;image/jpeg;;[];False;False;bca3089cd372cdce;[];[Foto]
730;90;0;65348806.0;image/jpeg;;[];False;False;bca3089cd372cdce;[];[Foto]
731;90;0;65348807.0;image/jpeg;;[];False;False;bca3089cd372cdce;[];[Foto]
732;90;0;65348808.0;image/jpeg;;[];False;False;bca3089cd372cdce;[];[Foto]
733;90;0;65348808.0;image/jpeg;;[];False;False;bca3089cd372cdce;[];[Foto]
734;90;0;65348809.0;image/jpeg;;[];False;False;bca3089cd372cdce;[];[Foto]
735;90;0;65348809.0;image/jpeg;;[];False;False;bca3089cd372cdce;[];[Foto]
736;90;0;65348812.0;image/jpeg;;[];False;False;bca3089cd372cdce;[];[Foto]
737;90;11-50;65349986.0;text;;[];False;False;113cf0a6225f0471;[];lu dmn sih lama bgt
738;90;1-10;65350406.0;text;;[];False;False;b28bd15b439f0e78;[];ooh!!
739;91;11-50;66737700.0;text;;[];True;False;b5b98bb9a35603dd;[];kos lu dmn sih... tepatnya?...
740;91;11-50;66737777.0;text;;[];False;True;c05cbb005b92b220;[];GW KAGET PAS DENGER ITU!
741;91;1-10;66737824.0;text;;['👍🏻'];False;False;bca3089cd372cdce;[];wkwkw
742;91;51-100;66738200.0;text;;[];False;False;7c76a5054399f04a;[];hari ini gw ada rapat organisasi sampe sore jadi ga bisa ikut nongkrong
743;91;11-50;66738286.0;text;;[];True;False;bca3089cd372cdce;[];kos lu dmn sih tpeatnya?
744;91;11-50;66738313.0;text;;[];False;False;113cf0a6225f0471;[];gw kangen temen temen sma
745;91;51-100;66738362.0;text;;[];False;True;b5b98bb9a35603dd;[];seneng bgt gw dapet tawaran magang di perusahaan impian... gw!
746;91;1-10;66738378.0;text;;['👍'];False;False;113cf0a6225f0471;[];cape
747;91;11-50;66738378.0;text;;[];False;False;c05cbb005b92b220;[];TEMENIN GW DONG BESOK
748;91;11-50;66738398.0;text;;[];True;False;113cf0a6225f0471;[];jadwal sidang kapan bro?
749;91;11-50;66738416.0;text;;[];False;False;c05cbb005b92b220;[];DIEM DIEM TERNYATA JADIAN
750;91;51-100;66738741.0;text;;[];True;False;c05cbb005b92b220;[];LU PERNAH COBA BELAJAR BARENG DI PERPUS KOTA GA, ENAK GA DISANA?
751;91;11-50;66739031.0;text;;[];True;False;424c99b44372877d;[];pinjam catetan boleh ga?
752;92;51-100;66814376.0;text;;['🤨'];True;True;bca3089cd372cdce;[];gmn caranya biar bs fokus belaajr tanpa main hp terus ya?
753;92;1-10;66814578.0;text;;['😞'];False;False;113cf0a6225f0471;[];deh
754;92;11-50;66814599.0;text;;['🥺'];False;False;bca3089cd372cdce;[];gw nyair parkir duul bentar
755;92;11-50;66814635.0;text;;[];True;False;113cf0a6225f0471;[];wifi password nya apa sih?
756;92;11-50;66814806.0;text;;['🤷🏻\u200d♀️'];False;False;113cf0a6225f0471;[];gw nyari parkir dulu bentar
757;93;51-100;67478563.0;application/pdf;;[];False;False;bca3089cd372cdce;[];[Dokumen PDF]
758;93;51-100;67497373.0;text;;[];False;False;bca3089cd372cdce;[];besok ad bazaar di kamups katanay banyak makanan mruah, pada ikut ga
759;93;11-50;67559372.0;text;;[];True;False;96e4f2ffacb103eb;[];siapa aja yg dateng?
760;93;11-50;67561509.0;text;;[];False;False;c05cbb005b92b220;[];ADEK GW MASUK SMA TAHUN INI
761;93;51-100;67561563.0;text;;[];False;False;c05cbb005b92b220;[];TADI PAGI GW OLAHRAGA LARI KELILING KAMPUS 5 PUTARAN BADAN PEGEL SEMUA
762;93;101-500;67575542.0;text;;[];False;False;bca3089cd372cdce;[];gw pengen cruhat sedikit nih. akhir akhir ni gw ngerasa burnout bgt sm rutinitas kuliah yg tu tu aja. bnagun pagi, kuliah, tugsa, tidur, repea.t kadang gw ngerasa kyk robot yg cuam jlaan sesaui program tapna tau tujuan akhirnya aap. mgnk gw butuh liburan benrean buat refresh otak
763;93;11-50;67575571.0;text;;[];False;False;bca3089cd372cdce;[];bokap gw lg di laur kota
764;93;1-10;67580911.0;text;;['😔'];False;False;96e4f2ffacb103eb;[];hayuk
765;94;11-50;68114061.0;text;;[];False;False;424c99b44372877d;[];ketemuan di mall jam 3 ya...
766;94;11-50;68116103.0;text;;['🥳', '🥰'];False;False;b28bd15b439f0e78;[];rame banget disini cuy!!!
767;94;11-50;68116831.0;text;;[];False;True;96e4f2ffacb103eb;[];asik besok,,, libur guys!
768;94;11-50;68116876.0;text;;[];False;True;b5b98bb9a35603dd;[];asik besok libur guys!
769;94;1-10;68165812.0;text;;[];False;False;7c76a5054399f04a;[];ahh
770;94;1-10;68165821.0;text;;[];False;True;7c76a5054399f04a;[];aduh!
771;94;1-10;68165857.0;text;;['😁'];False;False;7c76a5054399f04a;[];mah
772;94;11-50;68166811.0;text;;[];False;False;83fb2138165f19e9;[];gw lagiii di warkop nih
773;94;11-50;68198392.0;text;;['😱'];False;True;113cf0a6225f0471;[];asik besok libur guys!
774;95;11-50;68632020.0;text;;[];False;False;c05cbb005b92b220;[];EH DENGER GOSIP BELUM
775;95;51-100;68632021.0;text;;[];False;False;c05cbb005b92b220;[];WIFI KOSAN GW LEMOT BANGET JADI GW KE PERPUS AJA BUAT NGERJAIN TUGAS
776;95;11-50;68632025.0;text;;[];False;False;c05cbb005b92b220;[];TEMENIN GW DONG BESOK
777;95;51-100;68632026.0;text;;[];False;False;c05cbb005b92b220;[];GW PENGEN BANGET LIBURAN KE PANTAI TAPI DUIT LAGI TIPIS BANGET SEKARANG
778;95;11-50;68632030.0;text;;[];False;False;c05cbb005b92b220;[];GW BERANTEM SAMA SI ANU
779;95;11-50;68632273.0;text;;[];False;False;424c99b44372877d;[];jangan bilang siapa siapa ya
780;95;1-10;68632292.0;text;;[];False;False;bca3089cd372cdce;[];amin
781;95;51-100;68632518.0;text;;[];False;False;424c99b44372877d;[];lu harus coba... kedai kopi... baru di jalan belakang kampus, enak banget
782;96;0;68904200.0;image/jpeg;;[];False;False;bca3089cd372cdce;[];[Foto]
783;96;0;68904200.0;image/jpeg;;[];False;False;bca3089cd372cdce;[];[Foto]
784;96;0;68904202.0;image/jpeg;;[];False;False;bca3089cd372cdce;[];[Foto]
785;96;0;68904202.0;image/jpeg;;[];False;False;bca3089cd372cdce;[];[Foto]
786;96;0;68904202.0;image/jpeg;;[];False;False;bca3089cd372cdce;[];[Foto]
787;96;0;68904203.0;image/jpeg;;[];False;False;bca3089cd372cdce;[];[Foto]
788;96;0;68904204.0;image/jpeg;;[];False;False;bca3089cd372cdce;[];[Foto]
789;96;0;68904204.0;image/jpeg;;[];False;False;bca3089cd372cdce;[];[Foto]
790;96;0;68904205.0;image/jpeg;;[];False;False;bca3089cd372cdce;[];[Foto]
791;96;0;68904206.0;image/jpeg;;[];False;False;bca3089cd372cdce;[];[Foto]
792;97;11-50;69241235.0;text;;[];False;False;424c99b44372877d;[];nongkrong yuk di kafe biasa
793;97;11-50;69241458.0;text;;[];False;False;c05cbb005b92b220;[];PORSI MAKAN GW NAMBAH TERUS
794;97;11-50;69243151.0;text;;[];False;True;113cf0a6225f0471;[];capek bgt hari ni!
795;97;11-50;69245353.0;text;;['😘'];False;True;96e4f2ffacb103eb;[];capek banget hari,,, ini!,,,
796;97;11-50;69246827.0;text;;['😘'];False;True;bca3089cd372cdce;[];capek bgt hari ni!
797;97;11-50;69247686.0;text;;[];False;True;b5b98bb9a35603dd;[];capek bgt hari ni!
798;97;1-10;69307057.0;text;;[];False;False;83fb2138165f19e9;[];sip
799;98;0;69725700.0;image/jpeg;;[];False;False;96e4f2ffacb103eb;[];[Foto]
800;98;11-50;69725711.0;text;;[];True;False;96e4f2ffacb103eb;[];tadi ngomong apa sih dosennya?
801;98;51-100;69725753.0;text;;[];False;False;3672f4e79ea59fcd;[];Gw harus ganti strategi belajar sih soalnya nilai UTS kemarin jelek bgt.
802;98;1-10;69725788.0;text;;['👍🏼'];False;False;96e4f2ffacb103eb;[];zonk
803;98;11-50;69728368.0;text;;[];False;False;bca3089cd372cdce;[];manga terbaru udah keluar loh
804;98;11-50;69728426.0;text;;[];False;False;bca3089cd372cdce;[];badminton yuk sore ni
805;98;101-500;69728601.0;text;;[];False;False;bca3089cd372cdce;[];tadi saing gw makan di warugn makan baru deket grebang belakang kampus. nasi gorengnya lumayan enak dan harganya murah bgt cuma 12 ribu udah sm es teh. kayaknya bkaal jadi langganan brau deh soalnya wartge biasa gw udha mulai naik harga dan porsinya makin dikit aja
806;98;0;69729158.0;image/jpeg;;[];False;False;7c76a5054399f04a;[];[Foto]
807;98;11-50;69729175.0;text;;[];False;False;7c76a5054399f04a;[];konser itu mahal banget tiketnya
808;98;101-500;69729505.0;text;;[];False;False;bca3089cd372cdce;[];tadi siang gw makan di warung makan baru deket gerbang belakang kampus. nasi gorengnya lumayan enka dan harganya mruah bgt cuma 12 ribu udah sm es teh. kayaknya bakal jadi langganan baru deh solanya warteg biasa gw udah mulai naik harga dan porsinya mkain dikit aja
809;98;101-500;69729610.0;text;;[];False;False;96e4f2ffacb103eb;[];tadi siang gw makan di warung makan baru deket gerbang belakang kampus. nasi gorengnya lumayan,,, enak dan harganya murah banget cuma 12,,, ribu udah sama es teh. kayaknya bakal jadi langganan baru,,, deh soalnya warteg biasa gw udah mulai naik harga dan,,, porsinya makin,,, dikit aja,,,
810;98;11-50;69729854.0;text;;['😃'];False;False;bca3089cd372cdce;[];album baru dia enak bgt
811;99;51-100;71366894.0;text;;[];False;False;c05cbb005b92b220;[];GW UDAH DOWNLOAD SEMUA MATERI KULIAH TAPI BELUM SEMPAT BACA SAMA SEKALI
812;99;1-10;71366906.0;text;;[];False;False;c05cbb005b92b220;[];FIX
813;100;11-50;71372751.0;text;;[];False;False;c05cbb005b92b220;[];CUACA HARI INI PANAS BANGET
814;100;0;71396769.0;image/jpeg;;[];False;False;bca3089cd372cdce;[];[Foto]
815;100;0;71396911.0;image/jpeg;;[];False;False;bca3089cd372cdce;[];[Foto]
816;100;0;71397713.0;image/jpeg;;[];False;False;3672f4e79ea59fcd;[];[Foto]
817;100;0;71397716.0;image/jpeg;;[];False;False;3672f4e79ea59fcd;[];[Foto]
818;100;0;71397716.0;image/jpeg;;[];False;False;3672f4e79ea59fcd;[];[Foto]
819;100;1-10;71404092.0;text;;[];False;False;b5b98bb9a35603dd;[];okk
820;100;11-50;71404142.0;text;;[];False;False;c05cbb005b92b220;[];NTAR GW KABARIN LAGI DEH
821;100;0;71408052.0;image/jpeg;;[];False;False;b28bd15b439f0e78;[];[Foto]
822;100;0;71408053.0;image/jpeg;;[];False;False;b28bd15b439f0e78;[];[Foto]
823;100;0;71408053.0;image/jpeg;;[];False;False;b28bd15b439f0e78;[];[Foto]
824;100;0;71408054.0;image/jpeg;;[];False;False;b28bd15b439f0e78;[];[Foto]
825;100;0;71408055.0;image/jpeg;;[];False;False;b28bd15b439f0e78;[];[Foto]
826;100;0;71408056.0;image/jpeg;;[];False;False;b28bd15b439f0e78;[];[Foto]
827;100;0;71408056.0;image/jpeg;;[];False;False;b28bd15b439f0e78;[];[Foto]
828;100;0;71408059.0;image/jpeg;;[];False;False;b28bd15b439f0e78;[];[Foto]
829;100;11-50;71410842.0;image/jpeg;;[];True;False;bca3089cd372cdce;[];[Foto]
830;101;0;73036752.0;video/mp4;;[];False;False;113cf0a6225f0471;[];[Video]
831;101;11-50;73036765.0;text;;[];False;True;113cf0a6225f0471;[];gila sih lu bs gitu!
832;101;11-50;73036852.0;text;;['😊'];False;True;3672f4e79ea59fcd;[];gila sih lu bisa gitu!
833;101;11-50;73037877.0;text;;[];True;True;96e4f2ffacb103eb;[];tugas dikumpul,,, kapan sih?,,,
834;101;1-10;73037885.0;text;;['😱'];False;False;96e4f2ffacb103eb;[];haha
835;101;11-50;73037910.0;text;;[];False;True;b5b98bb9a35603dd;[];gila sih lu bs... gitu!
836;101;11-50;73037985.0;text;;[];False;False;424c99b44372877d;[];lab komputer penuh terus
837;101;11-50;73038002.0;text;;['😘'];False;False;b28bd15b439f0e78;[];lab komputer penuh terus!!!
838;101;11-50;73040624.0;text;;[];False;False;83fb2138165f19e9;[];deadline besokkk pagii bro
839;102;11-50;75266305.0;application/pdf;;[];False;False;bca3089cd372cdce;[];[Dokumen PDF]
840;102;51-100;75266627.0;text;;[];True;False;bca3089cd372cdce;[];ad yg tau knp kantin kampus ttuup lebih awal hari ni ga sih?
841;102;51-100;75267472.0;text;;[];False;False;96e4f2ffacb103eb;[];dompet gw ilang kemarin di angkot tapi alhamdulillah,,, ada yang nemuin
842;102;1-10;75267496.0;text;;[];False;True;bca3089cd372cdce;[];keren!
843;102;0;75267521.0;unknown;;[];False;False;113cf0a6225f0471;[];[Media tidak dikenal]
844;102;101-500;75267581.0;text;;[];False;False;bca3089cd372cdce;[];kemarin malem gw sm teemn temen nongkrnog di warkop biasa sampe jam 12 malem. kita ngobrol banyak hal dr mulia tugsa kuliah, rencana liburan, sampe masalah percintaan. seru sih walau besoknya gw kesiangan masuk kelas pagi dan dosen negur di depan smau oragn. malu tp ya gmn lg
845;103;101-500;75283489.0;text;;[];False;False;bca3089cd372cdce;[];kemairn malem gw sm temen temen nongkrong di wakrop biasa sampe jam 12 malme. kita ngobrol bnayak hal dr mulai tugas kuliah, rencana liburan, sampe masalah percinatan. seru sih walau besoknya gw kesianagn masuk kelas paig dan dosen negur di depan smua orang. malu tp ya gmn lg
846;103;51-100;75283550.0;text;;[];False;False;bca3089cd372cdce;[];weekend ni gw mau staycation aja di kosan bigne watching series baru
847;103;51-100;75283614.0;text;;[];False;False;bca3089cd372cdce;[];gw lg bingung milih topik srkipsi antara dua tmea yg sm menarinkya
848;103;0;75283867.0;unknown;;[];False;False;113cf0a6225f0471;[];[Media tidak dikenal]
849;103;11-50;75283920.0;text;;[];True;False;bca3089cd372cdce;[];tu beneran apa hoax?
850;103;101-500;75284032.0;text;;[];False;False;bca3089cd372cdce;[];kemarin malem gw sm temen temne nongkrong di warkpo biasa samep jam 12 malem. kita ngobrol banyak hal dr muali tugas kuliah, recnana liburan, sampe masalha pericntaan. seru sih walau besoknya gw kesiangan masku kelas pagi dan dosen negur di depan smua orang. malu tp ya gmn lg
851;103;0;75284141.0;unknown;;[];False;False;b28bd15b439f0e78;[];[Media tidak dikenal]
852;103;51-100;75284146.0;text;;[];False;False;bca3089cd372cdce;[];weekend ni gw mau staycation aja di kosna binge watching serise baur
853;103;101-500;75284365.0;text;;[];False;False;96e4f2ffacb103eb;[];kemarin malem,,, gw sama,,, temen temen,,, nongkrong di warkop biasa sampe jam,,, 12 malem. kita ngobrol,,, banyak hal,,, dari mulai,,, tugas kuliah,,,, rencana liburan, sampe masalah percintaan. seru sih walau besoknya gw kesiangan masuk kelas pagi,,, dan dosen negur di,,, depan semua,,, orang. malu,,, tapi ya gimana lagi,,,
854;103;0;75284476.0;unknown;;[];False;False;b28bd15b439f0e78;[];[Media tidak dikenal]
855;103;0;75284501.0;unknown;;[];False;False;b28bd15b439f0e78;[];[Media tidak dikenal]
856;103;51-100;75284945.0;text;;['😅'];False;False;b5b98bb9a35603dd;[];dompet gw ilang kemarin di... angkot tp alhamdulillah ad yg nemuin
857;103;11-50;75293890.0;text;;[];False;False;3672f4e79ea59fcd;[];Porsi makan gw nambah terus.
858;103;0;75337054.0;unknown;;[];False;False;b28bd15b439f0e78;[];[Media tidak dikenal]
859;103;1-10;75338850.0;text;;[];False;False;b5b98bb9a35603dd;[];lol
860;103;0;75339791.0;unknown;;[];False;False;b28bd15b439f0e78;[];[Media tidak dikenal]
861;103;11-50;75339923.0;text;;['😅', '😞'];False;False;b5b98bb9a35603dd;[];kopi susu yg biasa ya...
862;104;11-50;76758560.0;text;;[];False;False;424c99b44372877d;[];kelas tambahan hari sabtu sih
863;104;1-10;76758600.0;text;;[];False;False;c05cbb005b92b220;[];AMAN
864;104;11-50;76758621.0;text;;['🎂'];False;True;113cf0a6225f0471;[];parah sih tadi kejadiannya!
865;104;11-50;76758626.0;text;;[];False;False;c05cbb005b92b220;[];MIE AYAM PAK KUMIS JUARA SIH
866;104;11-50;76758655.0;text;;[];False;False;c05cbb005b92b220;[];SEMINAR TADI LAMA BANGET
867;104;11-50;76758681.0;text;;['🥳'];False;False;96e4f2ffacb103eb;[];kelas tambahan,,, hari sabtu sih
868;104;1-10;76758728.0;text;;['😃'];False;False;c05cbb005b92b220;[];ASLI
869;105;11-50;77193633.0;text;;[];False;True;c05cbb005b92b220;[];NGAKAK GW LIAT VIDEO ITU!
870;105;11-50;77193659.0;text;;[];False;True;c05cbb005b92b220;[];NGAKAK GW LIAT VIDEO ITU!
871;105;11-50;77193732.0;text;;[];False;False;c05cbb005b92b220;[];PLAYLIST LO YANG MANA SIH
872;105;11-50;77193794.0;text;;[];False;False;c05cbb005b92b220;[];DUIT BULANAN BELUM DIKIRIM
873;105;11-50;77193810.0;text;;[];False;False;c05cbb005b92b220;[];GW KANGEN MASAKAN RUMAH
874;105;11-50;77193838.0;text;;[];False;False;c05cbb005b92b220;[];DUIT BULANAN BELUM DIKIRIM
875;105;1-10;77261149.0;text;;['👏', '🥳'];False;False;113cf0a6225f0471;[];woles
876;106;0;77603930.0;image/jpeg;;[];False;False;bca3089cd372cdce;[];[Foto]
877;106;0;77603934.0;image/jpeg;;[];False;False;bca3089cd372cdce;[];[Foto]
878;106;0;77603934.0;image/jpeg;;[];False;False;bca3089cd372cdce;[];[Foto]
879;106;0;77603937.0;image/jpeg;;[];False;False;bca3089cd372cdce;[];[Foto]
880;106;0;77603938.0;image/jpeg;;[];False;False;bca3089cd372cdce;[];[Foto]
881;106;0;77603972.0;image/jpeg;;[];False;False;bca3089cd372cdce;[];[Foto]
882;106;0;77614850.0;image/jpeg;;[];False;False;3672f4e79ea59fcd;[];[Foto]
883;106;11-50;77614959.0;text;;[];False;True;113cf0a6225f0471;[];bahaya bgt jalanannya!
884;106;11-50;77615286.0;text;;['👏🏻'];False;True;bca3089cd372cdce;[];maaksih bgt ya semuayna!
885;106;1-10;77615445.0;text;;['😊'];False;False;3672f4e79ea59fcd;[];Hem.
886;107;11-50;80801788.0;text;;[];False;True;113cf0a6225f0471;[];enak bgt makanannya!
887;107;11-50;80801951.0;text;;[];False;True;bca3089cd372cdce;[];capek bgt hari ni!
888;107;11-50;80801999.0;text;;[];True;False;bca3089cd372cdce;[];udah sampe belom?
889;107;11-50;80802098.0;text;;[];False;True;b5b98bb9a35603dd;[];enak bgt makanannya!
890;107;11-50;80802152.0;text;;[];False;False;424c99b44372877d;[];porsi makan gw nambah terus
891;107;11-50;80803346.0;text;;[];False;False;c05cbb005b92b220;[];NONGKRONG YUK DI KAFE BIASA
892;107;51-100;80803389.0;text;;[];False;False;c05cbb005b92b220;[];DOMPET GW ILANG KEMARIN DI ANGKOT TAPI ALHAMDULILLAH ADA YANG NEMUIN
893;107;11-50;80803498.0;text;;[];False;True;96e4f2ffacb103eb;[];enak banget makanannya!
894;107;11-50;80804224.0;text;;[];False;False;83fb2138165f19e9;[];nongkrong yuk di kafe biasa
895;107;11-50;80810975.0;text;;['🥳'];False;True;7c76a5054399f04a;[];enak banget makanannya!
896;108;0;81581816.0;image/jpeg;;[];False;False;b5b98bb9a35603dd;[];[Foto]
897;108;11-50;81584054.0;text;;[];True;False;3672f4e79ea59fcd;[];ada sinyal ga disitu?
898;108;0;81584102.0;video/mp4;;[];False;False;7c76a5054399f04a;[];[Video]
899;108;11-50;81584102.0;text;;[];False;False;bca3089cd372cdce;[];series tu endingnya zonk bgt
900;108;0;81584198.0;video/mp4;;[];False;False;b5b98bb9a35603dd;[];[Video]
901;108;11-50;81585333.0;image/jpeg;;[];False;False;3672f4e79ea59fcd;[];[Foto]
902;108;0;81587654.0;video/mp4;;[];False;False;bca3089cd372cdce;[];[Video]
903;109;0;81588991.0;image/jpeg;;[];False;False;bca3089cd372cdce;[];[Foto]
904;109;0;81594833.0;video/mp4;;[];False;False;346f3cd7c6627b2d;[];[Video]
905;110;0;81675211.0;image/jpeg;;[];False;False;bca3089cd372cdce;[];[Foto]
906;110;1-10;81680416.0;text;;['👏🏼'];False;False;96e4f2ffacb103eb;[];kan
907;110;0;81905823.0;unknown;;[];False;False;b5b98bb9a35603dd;[];[Media tidak dikenal]
908;111;51-100;83467059.0;text;;[];True;False;c05cbb005b92b220;[];SIAPA SIH YANG SPREAD GOSIP ITU KE GRUP SEBELAH, TAU GA ORANGNYA?
909;111;51-100;83467101.0;text;;[];False;False;c05cbb005b92b220;[];BESOK ADA BAZAAR DI KAMPUS KATANYA BANYAK MAKANAN MURAH, PADA IKUT GA
910;111;11-50;83467119.0;text;;[];False;False;c05cbb005b92b220;[];FILM BARU DI BIOSKOP BAGUS GA
911;111;11-50;83467150.0;text;;[];False;False;c05cbb005b92b220;[];NYOKAP NANYA KAPAN LULUS
912;111;11-50;83467161.0;text;;[];False;False;c05cbb005b92b220;[];ADEK GW MASUK SMA TAHUN INI
913;111;11-50;83467186.0;text;;[];False;False;c05cbb005b92b220;[];NYOKAP NANYA KAPAN LULUS
914;111;11-50;83467199.0;text;;[];False;False;c05cbb005b92b220;[];GW LAGI MARATHON DRAKOR NIH
915;111;51-100;83467585.0;text;;[];False;False;113cf0a6225f0471;[];tadi pagi gw olahraga lari keliling kampus 5 putaran badan pegel smua
916;111;11-50;83467654.0;text;;[];False;False;c05cbb005b92b220;[];FILM BARU DI BIOSKOP BAGUS GA
917;111;11-50;83488028.0;text;;[];False;False;424c99b44372877d;[];gw lagi marathon drakor... nih
918;112;11-50;83574608.0;text;;[];False;False;346f3cd7c6627b2d;[];gw baruu ajaaaa dariii kampusss
919;112;11-50;83574610.0;text;;[];False;False;346f3cd7c6627b2d;[];tugas kelompokk bikinnn pusing
920;112;0;83574613.0;image/jpeg;;[];False;False;346f3cd7c6627b2d;[];[Foto]
921;112;0;83574615.0;image/jpeg;;[];False;False;346f3cd7c6627b2d;[];[Foto]
922;112;51-100;83574793.0;text;;[];False;False;346f3cd7c6627b2d;[];gw udah bikinnn slidesss presentasi tapi kayaknya masih kurang bagus deh isinya
923;112;11-50;83575116.0;text;;[];False;True;c05cbb005b92b220;[];PARAH SIH TADI KEJADIANNYA!
924;113;11-50;83585877.0;image/jpeg;;[];False;False;c05cbb005b92b220;[];[Foto]
925;113;11-50;83586088.0;text;;[];False;False;424c99b44372877d;[];bakso malang itu... buka ga ya
926;113;0;83586142.0;image/jpeg;;[];False;False;424c99b44372877d;[];[Foto]
927;114;11-50;83660551.0;text;;[];False;False;424c99b44372877d;[];tadi gw makan nasi padang...
928;114;51-100;83660642.0;text;;[];False;False;c05cbb005b92b220;[];GW LAGI BINGUNG MILIH TOPIK SKRIPSI ANTARA DUA TEMA YANG SAMA MENARIKNYA
929;114;0;83666171.0;image/jpeg;;[];False;False;113cf0a6225f0471;[];[Foto]
930;114;1-10;83666173.0;text;;[];False;False;113cf0a6225f0471;[];ayok
931;114;0;83701152.0;image/jpeg;;[];False;False;83fb2138165f19e9;[];[Foto]
932;115;0;83888458.0;video/mp4;;[];False;False;bca3089cd372cdce;[];[Video]
933;115;11-50;83915549.0;image/jpeg;;[];False;False;424c99b44372877d;[];[Foto]
934;115;1-10;83915572.0;text;;[];False;True;c05cbb005b92b220;[];WOW!
935;115;11-50;83915592.0;text;;[];False;False;c05cbb005b92b220;[];ES TEH MANIS SATU YA BANG
936;115;0;83916961.0;image/jpeg;;[];False;False;3672f4e79ea59fcd;[];[Foto]
937;115;11-50;83917530.0;text;;[];False;False;c05cbb005b92b220;[];PORSI MAKAN GW NAMBAH TERUS
938;116;51-100;83927192.0;text;;[];False;True;c05cbb005b92b220;[];SUMPAH GW KAGET BANGET PAS TAU NILAI UJIAN GW TERNYATA BAGUS BANGET!
939;116;11-50;83928528.0;text;;[];False;False;b5b98bb9a35603dd;[];porsi makan gw nambah terus
940;116;0;83928556.0;unknown;;[];False;False;bca3089cd372cdce;[];[Media tidak dikenal]
941;116;11-50;83928577.0;text;;[];False;False;bca3089cd372cdce;[];kopi susu yg biasa ya
942;116;0;83928639.0;unknown;;[];False;False;bca3089cd372cdce;[];[Media tidak dikenal]
943;116;11-50;83928938.0;text;;[];False;False;b5b98bb9a35603dd;[];sarapan dulu baru mikir
944;116;11-50;83945034.0;text;;[];False;False;bca3089cd372cdce;[];gw lg diet tp gagal mulu
945;116;11-50;83945092.0;text;;[];False;False;c05cbb005b92b220;[];GW MAU PESEN GOFOOD DULU
946;116;51-100;83945246.0;text;;[];False;True;bca3089cd372cdce;[];supmah gw kagte bgt pas tau nilai ujian gw ternyata bagus bgt!
947;116;0;83945256.0;unknown;;[];False;False;346f3cd7c6627b2d;[];[Media tidak dikenal]
948;116;11-50;83945272.0;text;;[];False;False;bca3089cd372cdce;[];nongkrong yuk di kfae biasa
949;116;11-50;83945518.0;text;;[];False;False;113cf0a6225f0471;[];bakso malang tu buka ga ya
950;116;0;83945564.0;unknown;;[];False;False;4ed45b19de47f740;[];[Media tidak dikenal]
951;116;11-50;83945830.0;text;;[];False;False;4ed45b19de47f740;[];gw mau nyoba restoran baru
952;116;11-50;83945854.0;text;;['🤣', '😂'];False;False;bca3089cd372cdce;[];tadi gw makan nasi padang
953;116;0;83945929.0;unknown;;[];False;False;4ed45b19de47f740;[];[Media tidak dikenal]
954;116;51-100;83945940.0;text;;[];True;False;bca3089cd372cdce;[];ad yg tau knp kantin kampus ttuup lebih aawl hari ni ga si?h
955;116;11-50;83946094.0;text;;[];False;False;4ed45b19de47f740;[];nongkrong yuk di kafe biasa
956;116;11-50;83946401.0;text;;[];False;False;4ed45b19de47f740;[];sarapan dulu baru mikir
957;116;11-50;83946508.0;text;;[];False;False;346f3cd7c6627b2d;[];tadii gw makan nasiii padang
958;116;11-50;83947842.0;text;;[];False;False;3672f4e79ea59fcd;[];Gw lagi diet tapi gagal mulu.
959;116;0;83949038.0;unknown;;[];False;False;96e4f2ffacb103eb;[];[Media tidak dikenal]
960;116;11-50;83949089.0;text;;[];False;False;96e4f2ffacb103eb;[];tadi gw makan nasi padang
961;116;11-50;83949147.0;text;;[];False;False;96e4f2ffacb103eb;[];gw lagi diet tapi gagal mulu
962;116;11-50;83949869.0;text;;[];False;False;b28bd15b439f0e78;[];bakso malang itu buka ga ya!!
963;116;11-50;83951139.0;text;;[];False;False;b5b98bb9a35603dd;[];tadi gw makan nasi padang
964;116;101-500;83971553.0;text;;[];False;False;bca3089cd372cdce;[];keamrin malem gw sm temen temen nongkrong di warkop biasa sapme jam 12 malem. kita ngobrol banyak hal dr mulai tugas kuliah, rencana liburan, sampe masalah percintaan. sreu sih walau bseoknya gw kesiangan masku kelas pagi dan dosen negur di depan suma orang. malu tp ya gmn lg
965;116;11-50;83976051.0;text;;[];False;False;b5b98bb9a35603dd;[];indomie telor udah cukup kok...
966;116;11-50;83976054.0;text;;[];False;False;b5b98bb9a35603dd;['7c76a5054399f04a'];nongkrong yuk di kafe biasa...
967;116;11-50;83976071.0;text;;[];False;False;b5b98bb9a35603dd;[];tadi gw makan... nasi padang...
968;116;11-50;83976163.0;text;;[];False;False;7c76a5054399f04a;[];gw mau pesen gofood dulu
969;116;1-10;83976173.0;text;;[];False;False;7c76a5054399f04a;[];ngab
970;116;0;83976224.0;audio;;[];False;False;7c76a5054399f04a;[];[Voice Note]
971;116;11-50;83979765.0;text;;[];False;False;b5b98bb9a35603dd;[];gw mau nyoba restoran baru
972;116;11-50;83979789.0;text;;[];False;False;b5b98bb9a35603dd;[];bakso malang tu buka ga ya
973;116;11-50;83979858.0;text;;[];False;False;c05cbb005b92b220;[];ES TEH MANIS SATU YA BANG
974;116;51-100;83979944.0;text;;[];False;False;4ed45b19de47f740;[];weekend ini gw mau staycation aja di kosan binge watching series baru
975;116;1-10;83980434.0;text;974.0;['🤣', '😂'];False;False;bca3089cd372cdce;[];lol
976;116;11-50;83980455.0;text;;['👍🏻'];False;False;bca3089cd372cdce;[];gw mau nyoba restoarn baru
977;116;51-100;83980551.0;text;;[];True;False;bca3089cd372cdce;[];ad yg tau knp kantin kampus tutup lebih awal hair ni ga sih?
978;116;51-100;83980645.0;text;;[];False;False;b5b98bb9a35603dd;[];gw lg bingung milih topik skripsi antara dua tema yg sm menariknya
979;116;11-50;83980653.0;text;;[];False;False;b5b98bb9a35603dd;[];nongkrong yuk di kafe biasa...
980;116;11-50;83980654.0;text;;[];False;False;b5b98bb9a35603dd;[];porsi makan gw nambah terus
981;116;11-50;83981185.0;text;;[];False;False;c05cbb005b92b220;[];GW MAU NYOBA RESTORAN BARU
982;116;11-50;83981210.0;text;;[];False;False;c05cbb005b92b220;[];SARAPAN DULU BARU MIKIR
983;116;11-50;83981460.0;text;;[];False;False;96e4f2ffacb103eb;[];bakso malang itu buka ga ya
984;116;11-50;83981685.0;text;;[];True;False;bca3089cd372cdce;[];bayar berapa sih tadi?
985;116;51-100;83981734.0;text;;['😝'];False;False;bca3089cd372cdce;[];gw lg bnigung milih topki skripsi anatra dua tema yg sm menariknya
986;116;11-50;83982373.0;text;;[];False;False;3672f4e79ea59fcd;[];Bakso malang itu buka ga ya.
987;116;11-50;83983954.0;text;;[];False;False;b28bd15b439f0e78;[];gw mau pesen gofood dulu!!
988;116;11-50;83985369.0;text;;[];False;False;83fb2138165f19e9;[];porsii makan gw nambahhh terusss
989;116;1-10;83985871.0;text;988.0;[];False;False;b28bd15b439f0e78;[];bro!!
990;116;1-10;83986242.0;text;;[];False;False;b5b98bb9a35603dd;[];cuy
991;116;11-50;83986259.0;text;;[];False;False;b5b98bb9a35603dd;[];gw mau nyoba restoran baru
992;116;11-50;83986424.0;text;;[];False;False;b5b98bb9a35603dd;[];indomie telor udah cukup kok
993;116;0;83986430.0;unknown;;[];False;False;b5b98bb9a35603dd;[];[Media tidak dikenal]
994;116;1-10;83986565.0;text;;['👍🏻'];False;False;bca3089cd372cdce;[];lol
995;116;11-50;83986570.0;text;;[];False;False;b5b98bb9a35603dd;[];gw mau pesen gofood dulu
996;116;11-50;83986624.0;text;;[];False;False;4ed45b19de47f740;[];indomie telor udah cukup kok
997;116;1-10;84163391.0;text;;['👌🏼'];False;False;3672f4e79ea59fcd;[];Yep.
998;117;11-50;84452448.0;text;;['😊'];False;False;b28bd15b439f0e78;[];charger hp gw rusak lagi!!!
999;117;101-500;84452710.0;text;;['🤣'];False;False;bca3089cd372cdce;[];kemarin gw ikut kegiatan bakti sosial yg diadain sm bem fakultas. kita ke patni asuhan di pinggiran koat baut ngajar anak anka dan baig baig sembako. seru bgt sih dan bikin hati adem. anka anaknya lucu lucu dan semangat bgt belajar walau fasiliats mrk terbatas. jaid pengen rutin kesana
1000;118;51-100;84535019.0;text;;['🎁', '👇'];True;False;113cf0a6225f0471;[];siapa sih yg spread gosip tu ke grup sebelah, tau ga orangnya?
1001;118;11-50;84550911.0;text;;[];False;False;424c99b44372877d;[];keluarga ngumpul lebaran nanti
1002;118;11-50;84550977.0;text;;['🍾', '🥳'];False;True;b5b98bb9a35603dd;[];seru bgt tadi malem!
1003;118;1-10;84575297.0;text;;[];False;True;c05cbb005b92b220;[];DUH!
1004;118;1-10;84580825.0;text;;[];False;False;4ed45b19de47f740;[];woles
1005;118;11-50;84581946.0;text;;[];False;True;bca3089cd372cdce;[];seru bgt tdai malme!
1006;118;11-50;84582935.0;text;;[];False;True;96e4f2ffacb103eb;[];ngakak gw,,, liat video itu!
1007;118;11-50;84606869.0;text;;[];False;False;7c76a5054399f04a;[];bokap gw lagi di luar kota
1008;118;1-10;84606875.0;text;;[];False;True;7c76a5054399f04a;[];duh!
1009;119;0;84705426.0;video/mp4;;[];False;False;83fb2138165f19e9;[];[Video]
1010;119;101-500;84705492.0;text;;[];False;False;83fb2138165f19e9;[];gw lagiii galauuuu banget nih soal masa depan. mau lanjut s2 tapi duit ga ada, mau langsung kerja tapi pengalaman masihhh minim. nyokap bilang terserah gw aja tapi gw tau dia pengennnn gw cepett kerja biarrrr bisaaa bantuuuu ekonomi keluarga. bingunggg banget sih, kayak semua pilihan ada plusss minusnya
1011;120;1-10;84775648.0;text;;[];True;False;b28bd15b439f0e78;[];dimana!!
1012;120;1-10;84775809.0;text;;['👍🏻'];False;False;bca3089cd372cdce;[];gaje
1013;120;51-100;84776437.0;text;;[];False;False;3672f4e79ea59fcd;[];Kemarin gw ke toko buku beli novel baru sama buku referensi buat skripsi.
1014;120;11-50;84776444.0;text;;[];False;False;3672f4e79ea59fcd;[];Proposal skripsi gw ditolak.
1015;120;1-10;84776875.0;text;;['👀'];False;False;113cf0a6225f0471;[];hmm
1016;120;11-50;84778471.0;text;;[];True;False;b5b98bb9a35603dd;[];boleh gw ikut... ga?
1017;120;1-10;84779187.0;text;;[];False;False;3672f4e79ea59fcd;[];Bole.
1018;120;11-50;84779191.0;text;;[];False;False;3672f4e79ea59fcd;[];Kelas tambahan hari sabtu sih.
1019;120;11-50;84779203.0;text;;[];False;False;3672f4e79ea59fcd;[];Proposal skripsi gw ditolak.
1020;120;101-500;84779225.0;text;;[];False;False;3672f4e79ea59fcd;[];Gw lagi galau banget nih soal masa depan. mau lanjut S2 tapi duit ga ada, mau langsung kerja tapi pengalaman masih minim. nyokap bilang terserah gw aja tapi gw tau dia pengen gw cepet kerja biar bisa bantu ekonomi keluarga. bingung banget sih, kayak semua pilihan ada plus minusnya.
1021;120;11-50;84779231.0;text;;[];False;False;3672f4e79ea59fcd;[];Gw laper banget nih.
1022;120;101-500;84779546.0;text;;[];False;False;3672f4e79ea59fcd;[];Gw lagi galau banget nih soal masa depan. mau lanjut S2 tapi duit ga ada, mau langsung kerja tapi pengalaman masih minim. nyokap bilang terserah gw aja tapi gw tau dia pengen gw cepet kerja biar bisa bantu ekonomi keluarga. bingung banget sih, kayak semua pilihan ada plus minusnya.
1023;120;51-100;84779562.0;text;;[];False;False;3672f4e79ea59fcd;[];Kemarin gw ke toko buku beli novel baru sama buku referensi buat skripsi.
1024;120;11-50;84779573.0;text;;[];False;False;3672f4e79ea59fcd;[];Dosen pembimbing susah ditemui.
1025;121;0;84956573.0;image/jpeg;;[];False;False;bca3089cd372cdce;[];[Foto]
1026;121;1-10;84956648.0;text;;['😂'];False;False;113cf0a6225f0471;[];trus
1027;121;0;84967355.0;image/jpeg;;[];False;False;bca3089cd372cdce;[];[Foto]
1028;121;0;84976585.0;image/jpeg;;[];False;False;3672f4e79ea59fcd;[];[Foto]
1029;122;0;85049458.0;image/jpeg;;[];False;False;7c76a5054399f04a;[];[Foto]
1030;122;0;85049465.0;image/jpeg;;[];False;False;7c76a5054399f04a;[];[Foto]
1031;122;11-50;85049558.0;text;;['🤣', '😂'];False;False;bca3089cd372cdce;[];gw lg di warkop nih
1032;123;11-50;86235794.0;text;;[];False;False;346f3cd7c6627b2d;[];mie ayam pakkkk kumis juara sih
1033;123;0;86235850.0;image/jpeg;;[];False;False;346f3cd7c6627b2d;[];[Foto]
1034;123;0;86235883.0;image/jpeg;;[];False;False;346f3cd7c6627b2d;[];[Foto]
1035;123;1-10;86238829.0;text;;[];False;False;c05cbb005b92b220;[];AMAN
1036;124;51-100;86396294.0;text;;[];True;True;113cf0a6225f0471;[];gmn caranya biar bs fokus belajar tanpa main hp terus ya?
1037;124;11-50;86396370.0;text;;['🤔'];True;False;bca3089cd372cdce;[];makan apa natr siang?
1038;124;1-10;86396372.0;text;;['🤣', '😂'];False;False;bca3089cd372cdce;[];kok
1039;124;11-50;86396389.0;text;;[];False;True;bca3089cd372cdce;[];asik besok libur gusy!
1040;124;11-50;86418500.0;text;;['😞'];False;False;b5b98bb9a35603dd;[];jangan lupa bawa duit cash
1041;124;1-10;86425081.0;text;;['🤷🏻\u200d♀️'];False;False;113cf0a6225f0471;[];ahh
1042;124;11-50;86425358.0;text;;[];False;False;424c99b44372877d;[];macet parah di jalan tol
1043;124;1-10;86426064.0;text;;[];False;False;113cf0a6225f0471;[];yaa
1044;124;11-50;86480484.0;text;;['😘'];False;True;b5b98bb9a35603dd;[];asik besok libur guys!
1045;124;11-50;86481559.0;text;;['😘'];False;False;96e4f2ffacb103eb;[];gw nyari parkir dulu bentar
1046;124;11-50;86483667.0;text;;['😘'];False;True;113cf0a6225f0471;[];gw seneng bgt dapet a!
1047;124;11-50;86488034.0;text;;[];False;False;424c99b44372877d;[];gw lagi di warkop... nih
1048;124;11-50;86495031.0;text;;['😁'];False;False;113cf0a6225f0471;[];ketemuan di mall jam 3 ya
1049;125;51-100;86762666.0;text;;[];True;False;bca3089cd372cdce;[];gmn caranya biar bs fokus belajar tnapa main hp terus ya?
1050;125;0;86773770.0;video/mp4;;[];False;False;113cf0a6225f0471;[];[Video]
1051;125;1-10;86774067.0;text;;['🤣'];False;False;424c99b44372877d;[];kan
1052;125;1-10;86785943.0;text;;['😂'];False;False;bca3089cd372cdce;[];oii
1053;125;11-50;86843948.0;text;;[];False;False;346f3cd7c6627b2d;[];gw nyari parkir duluu bentar
1054;125;0;86843986.0;image/jpeg;;[];False;False;346f3cd7c6627b2d;[];[Foto]
1055;125;0;86844076.0;image/jpeg;;[];False;False;346f3cd7c6627b2d;[];[Foto]
1056;126;11-50;87448099.0;text;;[];False;False;346f3cd7c6627b2d;[];gw abis lari pagi tadiiii
1057;126;0;87448149.0;image/jpeg;;[];False;False;346f3cd7c6627b2d;[];[Foto]
1058;126;0;87448189.0;image/jpeg;;[];False;False;346f3cd7c6627b2d;[];[Foto]
1059;126;11-50;87448248.0;text;;[];False;True;c05cbb005b92b220;[];AKHIRNYA KELAR JUGA NIH!
1060;126;11-50;87448268.0;text;;[];False;True;c05cbb005b92b220;[];STRESS BERAT GW SAMA TUGAS!
1061;126;11-50;87448302.0;text;;[];False;False;346f3cd7c6627b2d;[];manga terbaru udah keluar lohhhh
1062;126;1-10;87448341.0;text;;[];False;False;c05cbb005b92b220;[];BTW
1063;126;1-10;87448357.0;text;;[];True;False;c05cbb005b92b220;[];YA?
1064;126;11-50;87448359.0;text;;[];False;False;c05cbb005b92b220;[];GW LAGI BACA NOVEL BARU NIH
1065;127;11-50;88051495.0;text;;[];False;False;346f3cd7c6627b2d;[];gw mau pesen gofooddd dulu
1066;127;0;88051570.0;image/jpeg;;[];False;False;346f3cd7c6627b2d;[];[Foto]
1067;127;0;88051593.0;image/jpeg;;[];False;False;346f3cd7c6627b2d;[];[Foto]
1068;127;11-50;88051697.0;text;;[];False;False;346f3cd7c6627b2d;[];gw mau pesen gofoodd dulu
1069;127;1-10;88057295.0;text;;[];False;False;c05cbb005b92b220;[];LOL
1070;128;11-50;88653476.0;text;;[];False;False;346f3cd7c6627b2d;[];diemm diem ternyata jadian
1071;128;0;88653529.0;image/jpeg;;[];False;False;346f3cd7c6627b2d;[];[Foto]
1072;128;0;88653568.0;image/jpeg;;[];False;False;346f3cd7c6627b2d;[];[Foto]
1073;128;11-50;88660901.0;text;;[];False;False;346f3cd7c6627b2d;[];temen gw sakitt masukk rs
1074;128;0;89066619.0;image/jpeg;;[];False;False;bca3089cd372cdce;[];[Foto]
1075;129;0;94947570.0;image/jpeg;;[];False;False;bca3089cd372cdce;[];[Foto]
1076;129;11-50;94956183.0;text;;['😘'];False;True;b5b98bb9a35603dd;[];gw kaget pas denger tu!
1077;129;11-50;94956539.0;text;;[];False;False;424c99b44372877d;[];jangan bilang siapa siapa ya...
1078;130;11-50;96030798.0;text;;[];False;False;c05cbb005b92b220;[];MIE AYAM PAK KUMIS JUARA SIH
1079;130;11-50;96030819.0;text;;[];False;True;c05cbb005b92b220;[];KEREN ABIS PRESENTASINYA!
1080;130;11-50;96031036.0;text;;['😘'];False;True;bca3089cd372cdce;[];parah sih tadi kejadianny!a
1081;130;11-50;96068693.0;text;;[];False;False;83fb2138165f19e9;[];gw mau ambil cuti semester
1082;130;11-50;96068979.0;text;;[];False;False;96e4f2ffacb103eb;[];tugas kelompok bikin pusing
1083;130;1-10;96076181.0;text;;['🥰'];False;False;b28bd15b439f0e78;[];aman!!!
1084;130;11-50;96076363.0;text;;[];False;False;424c99b44372877d;[];seminar tadi lama banget
1085;130;11-50;96077688.0;text;;[];False;True;7c76a5054399f04a;[];keren abis presentasinya!
1086;131;11-50;97924991.0;text;;['😘'];False;True;113cf0a6225f0471;[];gw kaget pas denger tu!
1087;131;11-50;97925298.0;text;;[];False;True;c05cbb005b92b220;[];GW KAGET PAS DENGER ITU!
1088;131;1-10;97929578.0;text;;['😘'];False;False;b5b98bb9a35603dd;[];hihi
1089;131;11-50;97929694.0;text;;['😘'];False;True;bca3089cd372cdce;[];gw kaget pas denger tu!
1090;131;1-10;97931150.0;text;;['😘'];False;False;b5b98bb9a35603dd;[];trus
1091;132;11-50;100766544.0;text;;[];True;False;c05cbb005b92b220;[];UDAH SAMPE BELOM?
1092;132;11-50;100766547.0;text;;[];False;True;c05cbb005b92b220;[];CAPEK BANGET HARI INI!
1093;132;11-50;100766581.0;text;;[];True;False;c05cbb005b92b220;[];BAYAR BERAPA SIH TADI?
1094;132;11-50;100766660.0;text;;['🎂'];False;True;113cf0a6225f0471;[];enak bgt makanannya!
1095;132;11-50;100766839.0;text;;[];False;False;424c99b44372877d;[];kopi susu yg biasa ya
1096;132;11-50;100767515.0;text;;[];False;False;83fb2138165f19e9;[];indomiee telor udahhh cukupp kok
1097;132;11-50;100767679.0;text;;['😝'];False;True;96e4f2ffacb103eb;[];enak banget makanannya!,,,
1098;132;1-10;100768196.0;text;;[];False;False;83fb2138165f19e9;[];fixx
1099;132;11-50;100769362.0;text;;['👴🏼', '🥳'];False;False;b28bd15b439f0e78;[];indomie telor udah cukup kok!!
1100;133;11-50;102492140.0;text;;[];False;False;c05cbb005b92b220;[];GW LAGI DIET TAPI GAGAL MULU
1101;133;11-50;102492170.0;text;;[];False;True;c05cbb005b92b220;[];ENAK BANGET MAKANANNYA!
1102;133;11-50;102492192.0;text;;[];True;False;c05cbb005b92b220;[];BAYAR BERAPA SIH TADI?
1103;133;1-10;102492195.0;text;;['👏', '🙋🏻\u200d♀️'];False;False;113cf0a6225f0471;[];woy
1104;133;1-10;102492219.0;text;;[];False;False;83fb2138165f19e9;[];ngab
1105;133;1-10;102492321.0;text;;['✌🏻'];False;False;b28bd15b439f0e78;[];gass!!!
1106;133;11-50;102492370.0;text;;[];False;False;424c99b44372877d;[];porsi makan gw nambah terus
1107;133;11-50;102493286.0;text;;[];True;False;c05cbb005b92b220;[];BAWA MOTOR APA NAIK APA?
1108;134;0;102925625.0;image/jpeg;;[];False;False;113cf0a6225f0471;[];[Foto]
1109;134;0;102925626.0;image/jpeg;;[];False;False;113cf0a6225f0471;[];[Foto]
1110;134;0;102925630.0;image/jpeg;;[];False;False;113cf0a6225f0471;[];[Foto]
1111;134;0;102925632.0;image/jpeg;;[];False;False;113cf0a6225f0471;[];[Foto]
1112;134;0;102925633.0;image/jpeg;;[];False;False;113cf0a6225f0471;[];[Foto]
1113;134;0;103191729.0;image/jpeg;;[];False;False;346f3cd7c6627b2d;[];[Foto]
1114;135;11-50;104546996.0;video/mp4;;['🎂', '💃🏻'];False;True;113cf0a6225f0471;[];[Video]
1115;135;11-50;104548022.0;text;;[];False;False;3672f4e79ea59fcd;[];Ntar gw kabarin lagi deh.
1116;135;11-50;104548587.0;text;;[];False;True;b5b98bb9a35603dd;[];gokil abis pertandingannya!
1117;135;11-50;104548807.0;text;;['🥳'];False;False;96e4f2ffacb103eb;[];gw lagi,,, di,,, atm sebentar
1118;135;11-50;104557343.0;text;;[];False;False;424c99b44372877d;[];capek banget hari ini... asli
1119;135;11-50;104560730.0;text;;[];False;False;83fb2138165f19e9;[];baru bangun nihhhh masih ngantuk
1120;136;51-100;107056742.0;text;;[];False;False;bca3089cd372cdce;[];tadi di kantin ketemu aank angkatan bawah yg kneal sm teemn sma gw
1121;136;11-50;107056747.0;text;;[];False;False;bca3089cd372cdce;[];nongkrong yuk di kafe biasa
1122;137;101-500;107576068.0;text;;[];False;False;c05cbb005b92b220;[];JADI CERITANYA KEMARIN GW KE PERPUSTAKAAN PUSAT BUAT NYARI BAHAN REFERENSI SKRIPSI, TERNYATA BUKUNYA UDAH DIPINJEM SEMUA SAMA ANAK ANGKATAN SEBELAH. AKHIRNYA GW CUMA BISA FOTOKOPI DARI TEMEN YANG KEBETULAN PUNYA. LUMAYAN LAH DARIPADA GA DAPET SAMA SEKALI, TINGGAL DI RANGKUM AJA SISANYA
1123;137;101-500;107576179.0;text;;[];False;False;c05cbb005b92b220;[];JADI CERITANYA KEMARIN GW KE PERPUSTAKAAN PUSAT BUAT NYARI BAHAN REFERENSI SKRIPSI, TERNYATA BUKUNYA UDAH DIPINJEM SEMUA SAMA ANAK ANGKATAN SEBELAH. AKHIRNYA GW CUMA BISA FOTOKOPI DARI TEMEN YANG KEBETULAN PUNYA. LUMAYAN LAH DARIPADA GA DAPET SAMA SEKALI, TINGGAL DI RANGKUM AJA SISANYA
1124;137;51-100;107576294.0;text;;[];False;False;c05cbb005b92b220;[];GW DENGER KATANYA SEMESTER DEPAN ADA MATA KULIAH BARU YANG WAJIB DIAMBIL
1125;137;51-100;107576331.0;text;;[];False;False;c05cbb005b92b220;[];GW DENGER KATANYA SEMESTER DEPAN ADA MATA KULIAH BARU YANG WAJIB DIAMBIL
1126;137;11-50;107576353.0;text;;[];False;False;c05cbb005b92b220;[];LAB KOMPUTER PENUH TERUS
1127;137;51-100;107576690.0;text;;[];False;False;b5b98bb9a35603dd;[];nyokap gw nelfon tadi nanyain kapan pulang, gw bilang aja abis ujian
1128;137;11-50;107576756.0;text;;[];False;False;c05cbb005b92b220;[];DEADLINE BESOK PAGI BRO
1129;137;51-100;107590781.0;text;;[];False;False;96e4f2ffacb103eb;[];nyokap gw nelfon tadi nanyain kapan pulang, gw bilang aja,,, abis ujian,,,
1130;137;1-10;107590785.0;text;;['😬'];False;False;96e4f2ffacb103eb;[];siap
1131;137;101-500;107590933.0;text;;[];False;False;c05cbb005b92b220;[];JADI CERITANYA KEMARIN GW KE PERPUSTAKAAN PUSAT BUAT NYARI BAHAN REFERENSI SKRIPSI, TERNYATA BUKUNYA UDAH DIPINJEM SEMUA SAMA ANAK ANGKATAN SEBELAH. AKHIRNYA GW CUMA BISA FOTOKOPI DARI TEMEN YANG KEBETULAN PUNYA. LUMAYAN LAH DARIPADA GA DAPET SAMA SEKALI, TINGGAL DI RANGKUM AJA SISANYA
1132;137;11-50;107590952.0;text;;[];False;True;c05cbb005b92b220;[];MANTAP BANGET HASILNYA!
1133;137;11-50;107591919.0;text;;['🤞'];False;False;113cf0a6225f0471;[];gw skip kelas hari ni
1134;138;51-100;107658196.0;text;;[];False;False;b5b98bb9a35603dd;[];gw pengen bgt liburan ke pantai tp duit lg tipis... bgt skrg
1135;138;1-10;107658214.0;text;;[];False;False;83fb2138165f19e9;[];cape
1136;138;11-50;107659450.0;text;;[];True;False;113cf0a6225f0471;[];kos lu dmn sih tepatnya?
1137;138;51-100;107661628.0;text;;['😆'];False;False;b5b98bb9a35603dd;[];hari ni gw ad rapat organisasi sampe sore jadi ga bs ikut nongkrong
1138;138;11-50;107661712.0;text;;['😉'];False;True;113cf0a6225f0471;[];sedih bgt ceritanya!
1139;138;11-50;107661810.0;text;;[];False;False;b5b98bb9a35603dd;[];temen gw sakit... masuk rs
1140;138;1-10;107661840.0;text;;['👍'];False;False;113cf0a6225f0471;[];cape
1141;139;51-100;108879185.0;text;;[];False;True;c05cbb005b92b220;[];GILA SIH DOSEN GW TIBA TIBA KASIH TUGAS TAMBAHAN PADAHAL BESOK UAS!
1142;139;11-50;108879202.0;text;;[];True;False;c05cbb005b92b220;[];SIAPA YANG MAU IKUT?
1143;139;11-50;108879246.0;text;;[];False;False;c05cbb005b92b220;[];DOSEN GW GALAK BANGET SIH
1144;139;1-10;108879434.0;text;;['👏'];False;False;113cf0a6225f0471;[];haha
1145;139;1-10;108879965.0;text;;['🥳'];False;False;b28bd15b439f0e78;[];ok!!!
1146;140;51-100;109128446.0;text;;[];False;False;b28bd15b439f0e78;[];nyokap gw nelfon tadi nanyain kapan pulang, gw bilang aja abis ujian!!
1147;140;1-10;109128462.0;text;;[];False;False;bca3089cd372cdce;[];oke
1148;140;11-50;109128963.0;text;;[];False;False;83fb2138165f19e9;[];dosennn gw galak banget sih
1149;140;0;109139580.0;image/jpeg;;[];False;False;c05cbb005b92b220;[];[Foto]
1150;140;0;109139581.0;image/jpeg;;[];False;False;c05cbb005b92b220;[];[Foto]
1151;140;0;109139586.0;image/jpeg;;[];False;False;c05cbb005b92b220;[];[Foto]
1152;141;11-50;112336506.0;video/mp4;;[];False;True;bca3089cd372cdce;[];[Video]
1153;141;11-50;112337892.0;text;;[];True;True;c05cbb005b92b220;[];LU PUNYA KONTAK DIA GA?
1154;141;11-50;112338130.0;text;;['🎊', '🥳'];False;False;b5b98bb9a35603dd;[];baru bangun nih... msh ngantuk
1155;141;11-50;112338765.0;text;;[];False;False;83fb2138165f19e9;[];lu tim manaaa dukungnya
1156;141;11-50;112338995.0;text;;[];False;False;96e4f2ffacb103eb;[];dompet gw ketinggalan di rumah
1157;141;11-50;112340725.0;text;;[];False;False;424c99b44372877d;[];gw lg sibuk bgt minggu ini
1158;141;11-50;112353764.0;text;;['😁'];False;True;7c76a5054399f04a;[];sakit hati gw dengernya!
1159;141;0;112584486.0;image/jpeg;;[];False;False;bca3089cd372cdce;[];[Foto]
1160;142;51-100;114936772.0;image/jpeg;;[];False;False;346f3cd7c6627b2d;[];[Foto]
1161;142;11-50;114936799.0;image/jpeg;;[];False;False;346f3cd7c6627b2d;[];[Foto]
1162;143;0;115096630.0;image/jpeg;;[];False;False;113cf0a6225f0471;[];[Foto]
1163;143;11-50;115096693.0;text;;[];False;True;113cf0a6225f0471;[];gw seneng bgt dapet a!
1164;143;11-50;115096725.0;text;;[];False;False;113cf0a6225f0471;[];ketemuan di mall jam 3 ya
1165;143;1-10;115098853.0;text;;[];False;False;c05cbb005b92b220;[];DEH
1166;143;0;115109518.0;image/jpeg;;[];False;False;424c99b44372877d;[];[Foto]
1167;143;11-50;115109570.0;text;;[];False;False;c05cbb005b92b220;[];JANGAN LUPA BAWA DUIT CASH
1168;143;11-50;115109733.0;text;;[];False;False;424c99b44372877d;[];rame banget disini cuy
1169;143;1-10;115109759.0;text;;['👏'];False;False;113cf0a6225f0471;[];mah
1170;143;11-50;115109781.0;text;;[];False;False;c05cbb005b92b220;[];KETEMUAN DI MALL JAM 3 YA
1171;143;11-50;115109792.0;text;;[];False;False;c05cbb005b92b220;[];GW LAGI DI WARKOP NIH
1172;144;11-50;115111978.0;image/jpeg;;[];False;False;c05cbb005b92b220;[];[Foto]
1173;144;11-50;115111994.0;text;;[];False;False;c05cbb005b92b220;[];GW MAU NYOBA RESTORAN BARU
1174;145;11-50;115180702.0;text;;[];False;False;c05cbb005b92b220;[];TEMEN GW SAKIT MASUK RS
1175;145;11-50;115180766.0;text;;[];False;False;c05cbb005b92b220;[];ANGKOT KE SANA MASIH ADA GA
1176;145;11-50;115180782.0;text;;[];False;False;c05cbb005b92b220;[];EH DENGER GOSIP BELUM
1177;145;0;115194251.0;image/jpeg;;[];False;False;83fb2138165f19e9;[];[Foto]
1178;145;1-10;115194368.0;text;;[];False;True;c05cbb005b92b220;[];JOSS!
1179;146;0;115276440.0;image/jpeg;;[];False;False;b5b98bb9a35603dd;[];[Foto]
1180;146;0;115276441.0;image/jpeg;;[];False;False;b5b98bb9a35603dd;[];[Foto]
1181;146;1-10;115277352.0;text;;[];False;False;c05cbb005b92b220;[];IYAA
1182;146;11-50;115277355.0;text;;[];False;False;c05cbb005b92b220;[];DOMPET GW KETINGGALAN DI RUMAH
1183;146;1-10;115278076.0;text;;[];False;False;346f3cd7c6627b2d;[];okeyy
1184;146;1-10;115280025.0;text;;['👏🏻'];False;False;bca3089cd372cdce;[];seep
1185;146;1-10;115290752.0;text;;['👏'];False;False;113cf0a6225f0471;[];hem
1186;147;0;115432521.0;video/mp4;;[];False;False;bca3089cd372cdce;[];[Video]
1187;147;1-10;115520568.0;text;;[];False;False;c05cbb005b92b220;[];JIR
1188;147;1-10;115520570.0;text;;[];False;False;c05cbb005b92b220;[];OOT
1189;147;51-100;115538845.0;text;;[];False;False;bca3089cd372cdce;[];gw baru dapet inof besaiswa buat semester deapn mau coab daftar deh
1190;148;0;115540594.0;video/mp4;;[];False;False;bca3089cd372cdce;[];[Video]
1191;148;1-10;115540611.0;video/mp4;;[];False;False;bca3089cd372cdce;[];[Video]
1192;148;51-100;115599656.0;text;;['😱'];False;True;113cf0a6225f0471;[];parah bgt macetnya tadi di jalan, gw sampe telat 1 jam ke kampus!
1193;148;1-10;115599665.0;text;;['😅'];False;False;b28bd15b439f0e78;[];oii!!!
1194;148;11-50;115599694.0;text;;[];True;False;113cf0a6225f0471;[];wifi password nya apa sih?
1195;148;11-50;115599755.0;text;;[];False;False;424c99b44372877d;[];kita ketemuan dimana aja deh
1196;148;11-50;115599765.0;text;;[];False;False;83fb2138165f19e9;[];gw naikkk ojollll aja deh
1197;148;1-10;115600162.0;text;;['😂'];False;False;113cf0a6225f0471;[];emm
1198;148;11-50;115600196.0;text;;[];False;True;113cf0a6225f0471;[];gw seneng bgt dapet a!
1199;148;51-100;115600288.0;text;;[];False;False;bca3089cd372cdce;[];kemarin malme gw begadang nonton bola sampe subuh treus ketiduran
1200;148;1-10;115600372.0;text;;['👍'];False;False;113cf0a6225f0471;[];ooh
1201;148;11-50;115600419.0;text;;[];False;False;83fb2138165f19e9;[];gw udah di parkirannn nih
1202;148;11-50;115600497.0;text;;['😂'];False;False;113cf0a6225f0471;[];rame bgt disini cuy
1203;148;11-50;115636351.0;text;;[];False;True;c05cbb005b92b220;[];ASIK BESOK LIBUR GUYS!
1204;148;11-50;115636372.0;text;;[];False;True;c05cbb005b92b220;[];ASIK BESOK LIBUR GUYS!
1205;148;11-50;115636419.0;text;;[];False;True;c05cbb005b92b220;[];ASIK BESOK LIBUR GUYS!
1206;148;1-10;115636455.0;text;;['😂'];False;False;113cf0a6225f0471;[];kok
1207;148;11-50;115636476.0;text;;[];True;False;113cf0a6225f0471;[];wifi password nya apa sih?
1208;148;51-100;115636477.0;text;;[];False;False;c05cbb005b92b220;[];TEMEN SEKAMAR GW PINDAH KOSAN JADI SEKARANG GW SENDIRIAN DI KAMAR
1209;148;11-50;115636495.0;text;;[];False;True;113cf0a6225f0471;[];gw seneng bgt dapet a!
1210;148;11-50;115636518.0;text;;[];False;False;c05cbb005b92b220;[];LU DIMANA SIH LAMA BANGET
1211;148;1-10;115636529.0;text;;[];False;False;113cf0a6225f0471;[];yaa
1212;148;51-100;115637091.0;text;;['🤔'];False;False;b28bd15b439f0e78;[];gw harus nabung lebih banyak sih buat bayar uang semester yang naik!!
1213;148;11-50;115637262.0;text;;[];False;False;c05cbb005b92b220;[];GW NAIK OJOL AJA DEH
1214;148;11-50;115637296.0;text;;[];False;False;c05cbb005b92b220;[];JANGAN LUPA BAWA DUIT CASH
1215;148;1-10;115640161.0;text;;['🙄'];False;False;b28bd15b439f0e78;[];kan!!!
1216;149;1-10;115720819.0;text;;[];False;False;c05cbb005b92b220;[];WOI
1217;149;11-50;115720839.0;text;;[];False;False;c05cbb005b92b220;[];JANGAN LUPA BAWA DUIT CASH
1218;150;0;116042003.0;image/jpeg;;[];False;False;113cf0a6225f0471;[];[Foto]
1219;150;1-10;116042033.0;text;;[];False;False;c05cbb005b92b220;[];LOL
1220;150;0;116042065.0;image/jpeg;;[];False;False;113cf0a6225f0471;[];[Foto]
1221;150;11-50;116042084.0;text;;[];False;False;113cf0a6225f0471;[];tadi gw makan nasi padang
1222;150;1-10;116087658.0;text;;[];False;False;424c99b44372877d;[];lol
1223;150;11-50;116087712.0;text;;[];False;True;c05cbb005b92b220;[];CAPEK BANGET HARI INI!
1224;150;11-50;116088220.0;text;;['🥳'];False;False;b5b98bb9a35603dd;[];kopi susu yg biasa... ya
1225;150;11-50;116088317.0;text;;[];False;False;96e4f2ffacb103eb;[];nongkrong yuk di kafe biasa
1226;150;11-50;116121081.0;text;;['😘'];False;True;113cf0a6225f0471;[];enak bgt makanannya!
1227;151;11-50;116229579.0;image/jpeg;;[];False;False;c05cbb005b92b220;[];[Foto]
1228;151;0;116281485.0;image/jpeg;;[];False;False;424c99b44372877d;[];[Foto]
1229;151;0;116281508.0;image/jpeg;;[];False;False;424c99b44372877d;[];[Foto]
1230;151;11-50;116281525.0;text;;[];False;False;424c99b44372877d;[];lu udah makan belum...
1231;151;1-10;116281563.0;text;;['👏'];False;False;113cf0a6225f0471;[];hmm
1232;151;0;116312886.0;image/jpeg;;[];False;False;83fb2138165f19e9;[];[Foto]
1233;151;11-50;116313840.0;text;;['🤦🏻\u200d♀️'];False;False;113cf0a6225f0471;[];proposal skripsi gw ditolak
1234;152;101-500;116562659.0;text;;[];False;False;3672f4e79ea59fcd;[];Tadi siang gw makan di warung makan baru deket gerbang belakang kampus. nasi gorengnya lumayan enak dan harganya murah banget cuma 12 ribu udah sama es teh. kayaknya bakal jadi langganan baru deh soalnya warteg biasa gw udah mulai naik harga dan porsinya makin dikit aja.
1235;152;11-50;116562670.0;text;;[];True;False;3672f4e79ea59fcd;[];masih bangun ga lu jam segini?
1236;152;51-100;116562966.0;text;;[];True;False;bca3089cd372cdce;[];kria kiar kalo gw apply magang skrg msh keburu ga ya?
1237;152;11-50;116562995.0;text;;['😘'];False;True;bca3089cd372cdce;[];akhirnya klear jg nih!
1238;152;11-50;116563035.0;text;;['😉'];False;True;bca3089cd372cdce;[];stress berat gw sm tugas!
1239;152;1-10;116563175.0;text;;[];False;False;3672f4e79ea59fcd;[];Bete.
1240;152;1-10;116563186.0;text;;['🎊', '🍾'];False;False;3672f4e79ea59fcd;[];Njir.
1241;152;0;116563354.0;video/mp4;;[];False;False;bca3089cd372cdce;[];[Video]
1242;152;1-10;116563453.0;text;;[];False;False;424c99b44372877d;[];oot
1243;152;11-50;116564339.0;text;;['🤣', '😂'];False;True;bca3089cd372cdce;[];stress berat gw sm tugas!
1244;152;0;116564444.0;video/mp4;;[];False;False;424c99b44372877d;[];[Video]
1245;152;11-50;116564455.0;text;;['👏'];False;True;113cf0a6225f0471;[];stress berat gw sm tugas!
1246;152;1-10;116565252.0;text;;['😍'];False;False;bca3089cd372cdce;[];zonk
1247;152;11-50;116565331.0;text;;[];False;True;c05cbb005b92b220;[];AKHIRNYA KELAR JUGA NIH!
1248;152;11-50;116566539.0;image/jpeg;;[];False;False;96e4f2ffacb103eb;[];[Foto]
1249;152;11-50;116566629.0;text;;[];False;False;424c99b44372877d;[];badminton yuk sore... ini
1250;152;0;116569935.0;image/jpeg;;[];False;False;b5b98bb9a35603dd;[];[Foto]
1251;153;0;116592758.0;image/jpeg;;[];False;False;b5b98bb9a35603dd;[];[Foto]
1252;153;0;116592760.0;image/jpeg;;[];False;False;b5b98bb9a35603dd;[];[Foto]
1253;153;0;116592762.0;image/jpeg;;[];False;False;b5b98bb9a35603dd;[];[Foto]
1254;153;0;116592763.0;image/jpeg;;[];False;False;b5b98bb9a35603dd;[];[Foto]
1255;154;0;116754014.0;image/jpeg;;[];False;False;96e4f2ffacb103eb;[];[Foto]
1256;154;0;116754015.0;image/jpeg;;[];False;False;96e4f2ffacb103eb;[];[Foto]
1257;154;0;116754016.0;image/jpeg;;[];False;False;96e4f2ffacb103eb;[];[Foto]
1258;154;0;116754021.0;image/jpeg;;[];False;False;96e4f2ffacb103eb;[];[Foto]
1259;154;11-50;116756289.0;text;;[];False;True;c05cbb005b92b220;[];PARAH SIH TADI KEJADIANNYA!
1260;154;11-50;116756311.0;text;;[];False;True;c05cbb005b92b220;[];KEREN ABIS PRESENTASINYA!
1261;154;11-50;116756323.0;text;;['✨'];False;True;3672f4e79ea59fcd;[];keren abis presentasinya!
1262;154;11-50;116756330.0;text;;[];False;False;3672f4e79ea59fcd;[];Gw laper banget nih.
1263;154;11-50;116756331.0;text;;[];False;True;113cf0a6225f0471;[];keren abis presentasinya!
1264;154;11-50;116757678.0;text;;[];False;False;96e4f2ffacb103eb;[];seminar tadi lama,,, banget
1265;154;11-50;116760573.0;text;;['💜'];False;False;b28bd15b439f0e78;[];gw laper banget nih!!!
1266;154;0;116760764.0;sticker/webp;;[];False;False;83fb2138165f19e9;[];[Stiker]
1267;154;0;116760766.0;sticker/webp;;[];False;False;83fb2138165f19e9;[];[Stiker]
1268;154;1-10;116760772.0;text;;[];False;False;83fb2138165f19e9;[];nahhh
1269;154;11-50;116760827.0;text;;['😍'];False;True;bca3089cd372cdce;[];parah sih tadi kejadiannya!
1270;154;11-50;116760930.0;text;;[];True;False;bca3089cd372cdce;[];natr mlaem ngapani?
1271;154;51-100;116767418.0;text;;[];False;False;96e4f2ffacb103eb;[];kosan gw bocor lagi pas hujan,,, semalam, kasur gw,,, basah semua parah banget
1272;154;101-500;116767684.0;text;;['🤣', '😂'];False;True;bca3089cd372cdce;[];parha bgt banjir di dareah kosan gw semalam smp air masuk ke kamar setinggi betis! barang barang gw banyak yg kerendem termausk buku kuliah dan sepatu. gw hrs ngnugsi ke kosan temen dan skrg lg bersihin smua barang. semoga ga ad yg rusak parah sih!
1273;154;1-10;116769930.0;text;;['🤗'];False;False;96e4f2ffacb103eb;[];hmm
1274;155;11-50;117015147.0;application/pdf;;[];False;False;bca3089cd372cdce;[];[Dokumen PDF]
1275;155;0;117017333.0;image/jpeg;;[];False;False;bca3089cd372cdce;[];[Foto]
1276;156;51-100;117669582.0;text;;[];True;False;b5b98bb9a35603dd;[];siapa sih yg spread gosip... tu ke grup sebelah, tau ga orangnya?
1277;156;11-50;117669647.0;text;;[];False;False;bca3089cd372cdce;[];gw lg marathon drakor nih
1278;156;101-500;117669897.0;text;;[];False;False;bca3089cd372cdce;[];gw penegn curhat sedikit nhi. akhir akihr ni gw ngerasa burnout bgt sm rutinitas kuliah yg tu tu aja. bangun paig, kuliah, tguas, tidru, repeat. kadang gw ngerasa kyk robot yg cuma jaaln sesuai program tanpa tau tuujan akhirnya apa. mgkn gw butuh lbiuran beneran buat refresh otak
1279;156;101-500;117670008.0;text;;[];False;False;bca3089cd372cdce;[];gw pengen curhat sdeikit nhi. akhir ahkir ni gw ngreasa burnout bgt sm rutinitas kuilah yg tu tu aja. bangun pagi, kuliha, tugas, tidur, repeat. kadang gw ngerasa kyk roobt yg cuma jalan sesuai program tanpa tau tujuan akhirnya apa. mgkn gw butuh liburan beneran buat refresh otka
1280;156;101-500;117671313.0;text;;[];False;False;b5b98bb9a35603dd;[];gw pengen curhat sedikit nih. akhir akhir ni... gw ngerasa burnout bgt sm rutinitas kuliah... yg tu tu... aja. bangun pagi, kuliah, tugas, tidur, repeat.... kadang gw ngerasa... kyk robot yg cuma... jalan... sesuai program tanpa... tau tujuan akhirnya apa. mgkn gw butuh liburan beneran buat refresh otak
1281;156;101-500;117671414.0;text;;[];False;False;bca3089cd372cdce;[];gw pengen curhat sedikit nhi. akhir akhir ni gw ngerasa burnout bgt sm rutinitas kuliha yg tu tu aja. bangun paig, kuliah, tguas, tiudr, repeat. kdaang gw ngerasa kyk robot yg cuma jalan sesuai program tanpa tau tujuna akhirnya apa. mgkn gw butuh liburan bneeran buta refresh oatk
1282;156;1-10;117682594.0;text;;['😞'];False;False;b5b98bb9a35603dd;[];anjay
1283;157;11-50;118057120.0;text;;['🥳'];False;True;b5b98bb9a35603dd;[];stress berat gw sm tugas!
1284;157;11-50;118057173.0;text;;[];False;False;c05cbb005b92b220;[];KONSER ITU MAHAL BANGET TIKETNYA
1285;157;11-50;118058584.0;text;;[];False;False;83fb2138165f19e9;[];pertandingan bola tadi malam gila
1286;157;11-50;118059092.0;text;;['🥳'];False;False;96e4f2ffacb103eb;[];futsal besok jadi ga
1287;157;11-50;118098456.0;text;;['😘'];False;True;113cf0a6225f0471;[];stress berat gw sm tugas!
1288;158;11-50;118545261.0;text;;[];False;False;bca3089cd372cdce;[];gw lg marathon drakor nih
1289;158;11-50;118545272.0;text;;[];True;False;bca3089cd372cdce;[];siapa aja yg dateng?
1290;158;11-50;118545293.0;text;;[];True;False;bca3089cd372cdce;[];lu lg ngapain sih?
1291;159;11-50;118546577.0;text;;[];False;False;bca3089cd372cdce;[];mama minat gw pulang weekend
1292;159;11-50;118546817.0;text;;[];False;False;bca3089cd372cdce;[];diut bulanan blm dikirim
1293;159;0;118552073.0;unknown;;[];False;False;96e4f2ffacb103eb;[];[Media tidak dikenal]
1294;159;51-100;118559619.0;text;;['😂', '😘'];False;False;bca3089cd372cdce;[];gw lg belajar msaak sendiri biar ga jajan terus lumayan hemat soalnya
1295;159;1-10;118560208.0;text;;['👍🏼'];False;False;96e4f2ffacb103eb;[];anjay
1296;159;0;118564928.0;image/jpeg;;[];False;False;b5b98bb9a35603dd;[];[Foto]
1297;159;0;118564934.0;image/jpeg;;[];False;False;b5b98bb9a35603dd;[];[Foto]
1298;159;0;118564938.0;image/jpeg;;[];False;False;b5b98bb9a35603dd;[];[Foto]
1299;159;1-10;118565534.0;text;;['😍'];False;False;b28bd15b439f0e78;[];pasti!!
1300;159;0;118569112.0;video/mp4;;[];False;False;96e4f2ffacb103eb;[];[Video]
1301;159;1-10;118569181.0;text;;['🤣', '😂', '😍'];False;False;bca3089cd372cdce;[];pasit
1302;160;51-100;119876259.0;text;;[];False;False;bca3089cd372cdce;[];gw denger katanya semester depan ad mata kuliah baru yg wajib diambil
1303;160;51-100;120133457.0;text;;[];False;False;83fb2138165f19e9;[];nyokap gw nelfon tadi nanyain kapann pulang, gw bilang ajaa abis ujian
1304;160;11-50;120133504.0;text;;['🤣', '😂'];True;False;bca3089cd372cdce;[];jadi ketemuan ga hari ni?
1305;160;11-50;120133521.0;text;;[];True;False;c05cbb005b92b220;[];TUGAS DIKUMPUL KAPAN SIH?
1306;160;11-50;120133532.0;text;;[];False;True;c05cbb005b92b220;[];GILA SIH LU BISA GITU!
1307;160;11-50;120133587.0;text;;[];True;False;113cf0a6225f0471;[];tugas dikumpul kapan sih?
1308;160;11-50;120133827.0;text;;[];True;False;424c99b44372877d;[];jadi ketemuan ga hari ini?
1309;160;11-50;120134213.0;text;;[];False;False;83fb2138165f19e9;[];deadline besok pagi broo
1310;160;51-100;120191738.0;text;;[];True;True;c05cbb005b92b220;[];EH LU UDAH DAPET INFO JADWAL UJIAN AKHIR SEMESTER BELUM DARI PRODI?
1311;160;11-50;120199883.0;text;;[];False;False;83fb2138165f19e9;[];presentasi gw amburadul
1312;160;1-10;120199891.0;text;;[];False;False;83fb2138165f19e9;[];otw
1313;160;1-10;120200589.0;text;;[];False;False;c05cbb005b92b220;[];OTW
1314;160;0;120208582.0;system;;[];False;False;b28bd15b439f0e78;[];[Pesan sistem]
1315;160;0;120901714.0;system;;[];False;False;7c76a5054399f04a;[];[Pesan sistem]
1316;161;0;122781736.0;unknown;;[];False;False;96e4f2ffacb103eb;[];[Media tidak dikenal]
1317;161;1-10;122781766.0;text;;['👍'];False;False;113cf0a6225f0471;[];gas
1318;161;0;122781841.0;unknown;;[];False;False;96e4f2ffacb103eb;[];[Media tidak dikenal]
1319;161;1-10;122781901.0;text;;['👍'];False;False;113cf0a6225f0471;[];wkwk
1320;162;0;123058445.0;image/jpeg;;[];False;False;96e4f2ffacb103eb;[];[Foto]
1321;162;0;123058450.0;image/jpeg;;[];False;False;96e4f2ffacb103eb;[];[Foto]
1322;162;11-50;123058544.0;text;;['😂', '😍'];False;True;bca3089cd372cdce;[];enak bgt makanannya!
1323;162;11-50;123058574.0;text;;['😍'];False;True;113cf0a6225f0471;[];capek bgt hari ni!
1324;163;0;124448234.0;image/jpeg;;[];False;False;7c76a5054399f04a;[];[Foto]
1325;163;0;124448240.0;image/jpeg;;[];False;False;7c76a5054399f04a;[];[Foto]
1326;163;0;124448297.0;image/jpeg;;[];False;False;7c76a5054399f04a;[];[Foto]
1327;164;101-500;126484792.0;image/jpeg;;['🥰'];False;True;3672f4e79ea59fcd;[];[Foto]
1328;164;11-50;126484909.0;text;;['😍'];False;True;b5b98bb9a35603dd;[];akhirnya kelar jg nih!
1329;164;11-50;126485160.0;text;;['😍'];False;False;96e4f2ffacb103eb;[];game baru,,, udah,,, download belum
1330;164;11-50;126486291.0;text;;['😍', '😘'];False;True;113cf0a6225f0471;[];stress berat gw sm tugas!
1331;164;11-50;126486498.0;text;;['🫶🏼'];False;False;b28bd15b439f0e78;[];pertandingan bola tadi malam gila!!!
1332;164;0;126486644.0;image/jpeg;;[];False;False;c05cbb005b92b220;[];[Foto]
1333;164;11-50;126486662.0;text;;[];False;False;c05cbb005b92b220;[];BADMINTON YUK SORE INI
1334;164;11-50;126486812.0;text;;[];False;True;113cf0a6225f0471;[];stress berat gw sm tugas!
1335;164;11-50;126488414.0;image/jpeg;;['😂'];False;True;bca3089cd372cdce;[];[Foto]
1336;164;11-50;126488416.0;text;;[];False;False;bca3089cd372cdce;[];gym hari ni skip deh
1337;164;0;126488480.0;image/jpeg;;[];False;False;bca3089cd372cdce;[];[Foto]
1338;164;1-10;126488524.0;text;;['😍'];False;False;96e4f2ffacb103eb;[];ih
1339;164;0;126488595.0;image/jpeg;;[];False;False;bca3089cd372cdce;[];[Foto]
1340;164;11-50;126488616.0;text;;[];False;False;424c99b44372877d;[];badminton yuk sore ini
1341;164;11-50;126489000.0;text;;['😍'];False;True;113cf0a6225f0471;[];akhirnya kelar jg nih!
1342;164;1-10;126489008.0;text;;['😍'];False;False;424c99b44372877d;[];bete
1343;164;11-50;126489253.0;text;;['😂'];False;False;bca3089cd372cdce;[];konser tu mahal bgt tiketnya
1344;164;11-50;126489339.0;text;;[];True;False;b5b98bb9a35603dd;[];msh bangun ga lu jam segini?
1345;164;1-10;126489402.0;text;;[];False;False;3672f4e79ea59fcd;[];Ih.
1346;164;11-50;126489627.0;text;;['😂'];False;True;113cf0a6225f0471;[];akhirnya kelar jg nih!
1347;164;11-50;126512630.0;text;;[];False;False;83fb2138165f19e9;[];gameee baru udahh download belum
1348;164;11-50;126512706.0;text;;[];False;False;c05cbb005b92b220;[];GYM HARI INI SKIP DEH
1349;165;0;126569240.0;image/jpeg;;[];False;False;424c99b44372877d;[];[Foto]
1350;165;0;126569242.0;image/jpeg;;[];False;False;424c99b44372877d;[];[Foto]
1351;165;0;126569243.0;image/jpeg;;[];False;False;424c99b44372877d;[];[Foto]
1352;165;0;126569244.0;image/jpeg;;[];False;False;424c99b44372877d;[];[Foto]
1353;165;0;126569244.0;image/jpeg;;[];False;False;424c99b44372877d;[];[Foto]
1354;165;0;126569245.0;image/jpeg;;[];False;False;424c99b44372877d;[];[Foto]
1355;165;0;126569245.0;image/jpeg;;[];False;False;424c99b44372877d;[];[Foto]
1356;165;0;126569245.0;image/jpeg;;[];False;False;424c99b44372877d;[];[Foto]
1357;165;0;126569246.0;image/jpeg;;[];False;False;424c99b44372877d;[];[Foto]
1358;165;0;126569246.0;image/jpeg;;[];False;False;424c99b44372877d;[];[Foto]
1359;165;0;126569247.0;image/jpeg;;[];False;False;424c99b44372877d;[];[Foto]
1360;165;0;126569247.0;image/jpeg;;[];False;False;424c99b44372877d;[];[Foto]
1361;165;0;126569248.0;image/jpeg;;[];False;False;424c99b44372877d;[];[Foto]
1362;165;0;126569250.0;image/jpeg;;[];False;False;424c99b44372877d;[];[Foto]
1363;165;11-50;126569362.0;text;;[];False;True;c05cbb005b92b220;[];GW SENENG BANGET DAPET A!
1364;165;11-50;126569388.0;text;;['😃'];False;False;bca3089cd372cdce;[];ketemuan di mall jam 3 ya
1365;165;11-50;126569395.0;text;;[];False;True;c05cbb005b92b220;[];ASIK BESOK LIBUR GUYS!
1366;165;11-50;126569429.0;text;;['😍'];False;False;bca3089cd372cdce;[];macet paarh di jalan tol
1367;165;11-50;126571708.0;text;;['😂'];False;False;113cf0a6225f0471;[];gw ngga bs ikut malem ni
1368;165;51-100;126571815.0;text;;['🤣', '😂'];False;False;bca3089cd372cdce;[];motor gw mogok di tengah jalan tadi pagi jadi gw telat masuk kelas
1369;166;51-100;126581814.0;text;;['😄'];False;True;bca3089cd372cdce;[];sumpah gw kagte bgt pas tau nilai ujain gw ternyata bagus bgt!
1370;166;1-10;126581832.0;text;;[];False;False;c05cbb005b92b220;[];NGAB
1371;166;11-50;126581833.0;text;;[];True;False;bca3089cd372cdce;[];bawa mtoor apa naik ap?a
1372;166;1-10;126581858.0;text;;[];False;False;c05cbb005b92b220;[];SIP
1373;166;51-100;126581881.0;text;;['🤣', '😂'];False;False;bca3089cd372cdce;[];tadi di kantin ketemu anak angkaatn bawah yg kenal sm temne sma gw
1374;166;11-50;126581933.0;text;;[];False;False;bca3089cd372cdce;[];bakso malang tu bkua ga ya
1375;166;11-50;126582173.0;text;;['🤷🏻\u200d♀️'];False;False;113cf0a6225f0471;[];gw mau pesen gofood dulu
1376;167;0;126685566.0;image/jpeg;;[];False;False;3672f4e79ea59fcd;[];[Foto]
1377;167;0;126685570.0;image/jpeg;;[];False;False;3672f4e79ea59fcd;[];[Foto]
1378;167;11-50;126689448.0;text;;['😍'];False;False;424c99b44372877d;[];ntar gw kabarin lagi deh
1379;167;1-10;126692519.0;text;;['😍'];False;False;113cf0a6225f0471;[];siapp
1380;167;1-10;126756071.0;text;;['🤷🏻\u200d♀️'];False;False;bca3089cd372cdce;[];hem
1381;167;11-50;126756193.0;text;;['😳', '😱'];False;False;bca3089cd372cdce;[];cauca hari ni panas bgt
1382;167;11-50;126756833.0;text;;[];False;False;b28bd15b439f0e78;[];dompet gw ketinggalan di rumah!!
1383;167;11-50;126757728.0;text;;[];False;False;c05cbb005b92b220;[];CUACA HARI INI PANAS BANGET
1384;167;11-50;126757737.0;text;;[];True;False;c05cbb005b92b220;[];MAU NITIP APA GA?
1385;167;11-50;126757753.0;text;;[];False;False;c05cbb005b92b220;[];HUJAN DERES GA BAWA PAYUNG
1386;168;11-50;126758429.0;text;;[];True;False;c05cbb005b92b220;[];PINJAM CATETAN BOLEH GA?
1387;168;1-10;126758435.0;text;;[];True;False;c05cbb005b92b220;[];READY?
1388;168;11-50;126758462.0;text;;[];True;False;c05cbb005b92b220;[];KAPAN TERAKHIR KALI KETEMU?
1389;168;1-10;126758526.0;text;1387.0;['🤤'];False;False;b28bd15b439f0e78;[];males!!!
1390;168;1-10;126758868.0;text;;[];False;False;83fb2138165f19e9;[];trus
1391;168;51-100;126758964.0;text;;[];False;True;c05cbb005b92b220;[];SENENG BANGET GW DAPET TAWARAN MAGANG DI PERUSAHAAN IMPIAN GW!
1392;168;1-10;126758986.0;text;;['😖'];False;False;b28bd15b439f0e78;[];males!!
1393;168;51-100;126759072.0;text;;[];False;False;c05cbb005b92b220;[];LU HARUS COBA KEDAI KOPI BARU DI JALAN BELAKANG KAMPUS, ENAK BANGET
1394;168;0;126762345.0;image/jpeg;;[];False;False;3672f4e79ea59fcd;[];[Foto]
1395;168;51-100;126762366.0;text;;['🏡'];False;False;3672f4e79ea59fcd;[];Hari ini gw ada rapat organisasi sampe sore jadi ga bisa ikut nongkrong.
1396;168;11-50;126764623.0;text;;[];False;False;113cf0a6225f0471;[];temen gw sakit masuk rs
1397;168;1-10;126771860.0;text;;['👏🏼', '🥳'];False;False;96e4f2ffacb103eb;[];cape
1398;169;0;126925710.0;image/jpeg;;[];False;False;3672f4e79ea59fcd;[];[Foto]
1399;169;11-50;126925965.0;text;;['😍'];False;False;424c99b44372877d;[];dosen pembimbing susah ditemui
1400;169;1-10;126926284.0;text;;['😍'];False;False;b5b98bb9a35603dd;[];bet
1401;169;11-50;126926362.0;text;;['👏🏻'];False;True;bca3089cd372cdce;[];keren aibs presentasinya!
1402;169;11-50;126926760.0;text;;['😍'];False;False;113cf0a6225f0471;[];lu udah makan blm
1403;169;1-10;126932230.0;text;;['😍'];False;False;96e4f2ffacb103eb;[];bole
1404;170;0;127014370.0;image/jpeg;;[];False;False;113cf0a6225f0471;[];[Foto]
1405;170;11-50;127014407.0;text;;[];False;True;113cf0a6225f0471;[];gila sih lu bs gitu!
1406;170;51-100;127014512.0;text;;[];False;True;113cf0a6225f0471;[];gila sih dosen gw tiba tiba kasih tugas tambahan padahal besok uas!
1407;170;11-50;127025234.0;text;;[];False;False;424c99b44372877d;[];IPK gw turun semester ini
1408;170;11-50;127027712.0;text;;['🏡'];False;True;3672f4e79ea59fcd;[];mantap banget hasilnya!
1409;170;1-10;127027998.0;text;;[];False;False;b5b98bb9a35603dd;[];yuk
1410;170;1-10;127028462.0;text;;[];False;False;3672f4e79ea59fcd;[];Ok.
1411;170;0;127031074.0;image/jpeg;;[];False;False;b28bd15b439f0e78;[];[Foto]
1412;170;0;127031074.0;image/jpeg;;[];False;False;b28bd15b439f0e78;[];[Foto]
1413;170;0;127031076.0;image/jpeg;;[];False;False;b28bd15b439f0e78;[];[Foto]
1414;170;0;127031386.0;image/jpeg;;[];False;False;b28bd15b439f0e78;[];[Foto]
1415;170;0;127031387.0;image/jpeg;;[];False;False;b28bd15b439f0e78;[];[Foto]
1416;170;0;127031387.0;image/jpeg;;[];False;False;b28bd15b439f0e78;[];[Foto]
1417;170;11-50;127031677.0;application/pdf;;[];False;False;3672f4e79ea59fcd;[];[Dokumen PDF]
1418;170;0;127032576.0;image/jpeg;;[];False;False;b28bd15b439f0e78;[];[Foto]
1419;171;0;127037236.0;image/jpeg;;[];False;False;b28bd15b439f0e78;[];[Foto]
1420;171;0;127039097.0;image/jpeg;;[];False;False;b5b98bb9a35603dd;[];[Foto]
1421;171;0;127039100.0;image/jpeg;;[];False;False;b5b98bb9a35603dd;[];[Foto]
1422;171;0;127039105.0;image/jpeg;;[];False;False;b5b98bb9a35603dd;[];[Foto]
1423;171;11-50;127039180.0;text;;[];True;True;bca3089cd372cdce;[];kapan terakhir kali ketemu?
1424;171;11-50;127039260.0;text;;[];False;True;113cf0a6225f0471;[];sedih bgt ceritanya!
1425;172;11-50;127620682.0;text;;['🤔', '🤪'];True;False;bca3089cd372cdce;[];booking duluan apa langsung aja?
1426;172;0;127620698.0;sticker/webp;;[];False;False;bca3089cd372cdce;[];[Stiker]
1427;172;11-50;127620712.0;text;;['😘'];False;True;bca3089cd372cdce;[];akhirnya kelar jg nih!
1428;172;11-50;127621039.0;text;;['🥳'];False;True;c05cbb005b92b220;[];STRESS BERAT GW SAMA TUGAS!
1429;172;11-50;127622493.0;text;;['☺️'];False;False;b28bd15b439f0e78;[];konser itu mahal banget tiketnya!!!
1430;172;11-50;127623698.0;text;;[];False;True;b5b98bb9a35603dd;[];akhirnya kelar jg... nih!...
1431;172;11-50;127625966.0;text;;[];False;False;424c99b44372877d;[];pertandingan bola tadi... malam gila
1432;172;11-50;127629189.0;text;;['🥳'];False;False;96e4f2ffacb103eb;[];manga terbaru udah keluar loh
1433;172;11-50;127629994.0;text;;[];False;False;83fb2138165f19e9;[];gw lagi baca novel baru nih
1434;172;11-50;127645840.0;text;;['🫶🏼'];False;False;b28bd15b439f0e78;[];badminton yuk sore ini!!!
1435;173;11-50;128036590.0;text;;['🎉'];True;True;bca3089cd372cdce;[];jadwal sidnag kapan bro?
1436;173;0;128036608.0;sticker/webp;;[];False;False;bca3089cd372cdce;[];[Stiker]
1437;173;11-50;128036630.0;text;;[];False;True;c05cbb005b92b220;[];SEDIH BANGET CERITANYA!
1438;173;11-50;128037264.0;text;;[];False;False;424c99b44372877d;[];temen gw sakit... masuk RS
1439;173;0;128063156.0;audio;;[];False;False;83fb2138165f19e9;[];[Voice Note]
1440;173;11-50;128063187.0;text;;[];False;True;b5b98bb9a35603dd;[];gw kaget pas denger tu!
1441;173;1-10;128063189.0;text;;['😘'];False;False;b5b98bb9a35603dd;[];wkwkw
1442;173;1-10;128063193.0;text;;['😍'];False;False;b28bd15b439f0e78;[];ywd!!!
1443;173;11-50;128063199.0;text;;['🫶🏼'];False;False;b28bd15b439f0e78;[];pacarnya baru siapa sih!!
1444;173;11-50;128063330.0;text;;['😘'];False;False;96e4f2ffacb103eb;[];diem diem ternyata jadian
1445;173;51-100;128067142.0;text;;[];True;False;113cf0a6225f0471;[];lu prnh coba belajar bareng di perpus kota ga, enak ga disana?
1446;174;11-50;128073932.0;text;;[];False;False;113cf0a6225f0471;[];baru bangun nih msh ngantuk
1447;174;1-10;128073956.0;text;;[];False;False;c05cbb005b92b220;[];SEEP
1448;174;1-10;128073979.0;text;;[];True;False;c05cbb005b92b220;[];YG MN?
1449;174;1-10;128122569.0;text;;['😁'];False;False;113cf0a6225f0471;[];yoii
1450;175;11-50;128137184.0;text;;[];False;True;113cf0a6225f0471;[];capek bgt hari ni!
1451;175;11-50;128137200.0;text;;[];True;False;113cf0a6225f0471;[];bayar berapa sih tadi?
1452;175;1-10;128148651.0;text;;[];False;False;7c76a5054399f04a;[];bener
1453;175;11-50;128148724.0;text;;[];False;True;c05cbb005b92b220;[];CAPEK BANGET HARI INI!
1454;175;11-50;128150939.0;text;;[];False;False;424c99b44372877d;[];masak sendiri lebih hemat sih
1455;176;51-100;128223487.0;text;;['😅', '😄'];False;False;346f3cd7c6627b2d;[];motor gw mogokk di tengahh jalan tadi pagi jadiiii gw telatt masukkk kelassss
1456;176;0;128233855.0;image/jpeg;;[];False;False;7c76a5054399f04a;[];[Foto]
1457;176;0;128233858.0;image/jpeg;;[];False;False;7c76a5054399f04a;[];[Foto]
1458;176;0;128233860.0;image/jpeg;;[];False;False;7c76a5054399f04a;[];[Foto]
1459;176;0;128233860.0;video/mp4;;[];False;False;7c76a5054399f04a;[];[Video]
1460;176;0;128233861.0;image/jpeg;;[];False;False;7c76a5054399f04a;[];[Foto]
1461;176;0;128233862.0;image/jpeg;;[];False;False;7c76a5054399f04a;[];[Foto]
1462;176;0;128233863.0;image/jpeg;;[];False;False;7c76a5054399f04a;[];[Foto]
1463;176;0;128233864.0;image/jpeg;;[];False;False;7c76a5054399f04a;[];[Foto]
1464;176;0;128233864.0;image/jpeg;;[];False;False;7c76a5054399f04a;[];[Foto]
1465;176;0;128233865.0;image/jpeg;;[];False;False;7c76a5054399f04a;[];[Foto]
1466;176;0;128233867.0;image/jpeg;;[];False;False;7c76a5054399f04a;[];[Foto]
1467;176;0;128275305.0;system;;[];False;False;4ed45b19de47f740;[];[Pesan sistem]
1468;177;11-50;129457894.0;text;;['🎂', '🥳'];False;True;113cf0a6225f0471;[];stress berat gw sm tugas!
1469;177;11-50;129459281.0;text;;['🫶🏼'];False;False;b28bd15b439f0e78;[];futsal besok jadi ga!!!
1470;177;11-50;129460101.0;text;;['😘'];False;True;b5b98bb9a35603dd;[];akhirnya kelar jg nih!
1471;177;11-50;129462523.0;text;;[];False;True;c05cbb005b92b220;[];AKHIRNYA KELAR JUGA NIH!
1472;177;11-50;129462854.0;text;;['🤣', '😊'];False;True;b5b98bb9a35603dd;[];stress berat gw... sm tugas!
1473;177;11-50;129462915.0;text;;['😘'];False;True;bca3089cd372cdce;[];srtess berat gw sm tugas!
1474;177;1-10;129463139.0;text;;['😘'];False;False;b5b98bb9a35603dd;[];oot
1475;178;51-100;129800139.0;text;;['🤪'];False;True;113cf0a6225f0471;[];ngakak parah tadi di kelas ad yg ketiduran pas dosen nerangin!
1476;178;0;129800497.0;image/jpeg;;[];False;False;3672f4e79ea59fcd;[];[Foto]
1477;178;0;129800501.0;image/jpeg;;[];False;False;3672f4e79ea59fcd;[];[Foto]
1478;178;11-50;129800511.0;text;1477.0;[];False;True;3672f4e79ea59fcd;[];seru banget tadi malem!
1479;178;11-50;129800773.0;text;;['😍'];False;True;113cf0a6225f0471;[];ngakak gw liat video tu!
1480;178;1-10;129800859.0;text;;['😍'];False;False;bca3089cd372cdce;[];noted
1481;179;1-10;130289890.0;text;;[];False;False;7c76a5054399f04a;[];noted
1482;179;51-100;130289909.0;text;;[];True;False;7c76a5054399f04a;[];siapa sih yang spread gosip itu ke grup sebelah, tau ga orangnya?
1483;179;11-50;130289920.0;text;;['😂'];False;False;7c76a5054399f04a;[];adek gw masuk sma tahun ini
1484;179;11-50;130289940.0;text;;[];False;False;7c76a5054399f04a;[];keluarga ngumpul lebaran nanti
1485;179;11-50;130290297.0;text;;[];False;False;b5b98bb9a35603dd;[];bokap gw lg di luar kota
1486;179;11-50;130290314.0;text;;[];False;True;3672f4e79ea59fcd;[];ngakak gw liat video itu!
1487;179;11-50;130292611.0;text;;['😔'];False;False;b28bd15b439f0e78;[];film baru di bioskop bagus ga!!
1488;179;11-50;130294949.0;text;;[];False;False;96e4f2ffacb103eb;[];duit bulanan,,, belum dikirim
1489;179;11-50;130296811.0;text;;[];False;False;83fb2138165f19e9;[];kakak gw baru aja nikah
1490;179;1-10;130296829.0;text;;['🙋🏻\u200d♀️'];False;False;113cf0a6225f0471;[];gitu
1491;179;11-50;130311878.0;text;;[];False;True;c05cbb005b92b220;[];NGAKAK GW LIAT VIDEO ITU!
1492;179;11-50;130314001.0;text;;[];False;False;424c99b44372877d;[];mama minta gw pulang weekend...
1493;179;1-10;130322793.0;text;;[];False;False;7c76a5054399f04a;[];mager
1494;179;1-10;130322813.0;text;;[];False;False;c05cbb005b92b220;[];ANJAY
1495;179;51-100;130322822.0;text;;[];False;False;7c76a5054399f04a;[];adek gw mau masuk kuliah tahun depan gw harus bantu cariin info jurusan
1496;179;11-50;130322851.0;text;;[];False;False;c05cbb005b92b220;[];DUIT BULANAN BELUM DIKIRIM
1497;179;11-50;130322865.0;text;;[];False;False;7c76a5054399f04a;[];bokap gw lagi di luar kota
1498;179;11-50;130322896.0;text;;[];False;False;7c76a5054399f04a;[];mama minta gw pulang weekend
1499;179;11-50;130322899.0;text;;[];False;False;c05cbb005b92b220;[];GW KANGEN MASAKAN RUMAH
1500;179;51-100;130322972.0;text;;[];False;False;c05cbb005b92b220;[];GW NONTON FILM DOKUMENTER SEMALAM TENTANG LAUT DAN IKAN, BAGUS BANGET
1501;179;11-50;130323101.0;text;;[];False;False;b28bd15b439f0e78;[];duit bulanan belum dikirim!!
1502;179;11-50;130323110.0;text;;[];False;False;b28bd15b439f0e78;[];gw kangen masakan rumah!!
1503;179;11-50;130323199.0;text;;[];False;False;7c76a5054399f04a;[];gw lagi marathon drakor nih
1504;179;11-50;130323230.0;text;;['😅'];True;False;7c76a5054399f04a;[];lu lagi ngapain sih?
1505;179;101-500;130323393.0;text;;[];False;False;7c76a5054399f04a;[];gw pengen curhat sedikit nih. akhir akhir ini gw ngerasa burnout banget sama rutinitas kuliah yang itu itu aja. bangun pagi, kuliah, tugas, tidur, repeat. kadang gw ngerasa kayak robot yang cuma jalan sesuai program tanpa tau tujuan akhirnya apa. mungkin gw butuh liburan beneran buat refresh otak
1506;179;11-50;130323410.0;text;;['😂'];False;False;7c76a5054399f04a;[];kakak gw baru aja nikah
1507;179;1-10;130323574.0;text;;['😉'];False;True;113cf0a6225f0471;[];astaga!
1508;179;101-500;130325040.0;text;;[];True;False;c05cbb005b92b220;[];MENURUT KALIAN KENAPA YA GENERASI KITA TUH KAYAKNYA LEBIH GAMPANG STRES DAN BURNOUT DIBANDING GENERASI ORANG TUA KITA DULU? APA KARENA TEKANAN SOSMED ATAU EMANG TUNTUTAN HIDUP YANG MAKIN TINGGI YA? GW PENASARAN AJA SIH SOALNYA TEMEN TEMEN GW BANYAK YANG NGELUH HAL YANG SAMA
1509;179;11-50;130325048.0;text;;[];True;False;c05cbb005b92b220;[];KENAPA GA BALES CHAT GW?
1510;179;1-10;130325178.0;text;;[];False;False;c05cbb005b92b220;[];GITU
1511;179;11-50;130325982.0;text;;[];False;True;3672f4e79ea59fcd;[];ngakak gw liat video itu!
1512;179;1-10;130326005.0;text;;[];False;True;c05cbb005b92b220;[];DUH!
1513;179;1-10;130328601.0;text;;[];False;False;83fb2138165f19e9;[];pasti
1514;180;11-50;130378510.0;image/jpeg;;[];True;False;b5b98bb9a35603dd;[];[Foto]
1515;180;11-50;130378761.0;text;;[];False;False;3672f4e79ea59fcd;[];Pacarnya baru siapa sih.
1516;180;11-50;130378783.0;text;;[];False;False;3672f4e79ea59fcd;[];Diem diem ternyata jadian.
1517;180;51-100;130378830.0;text;;[];False;False;3672f4e79ea59fcd;[];Gw baru aja dapet kabar kalo temen kita diterima kerja di luar negeri.
1518;180;11-50;130378840.0;text;;[];False;False;3672f4e79ea59fcd;[];Gw berantem sama si anu.
1519;180;11-50;130378847.0;text;;[];False;False;3672f4e79ea59fcd;[];Temenin gw dong besok.
1520;180;101-500;130378973.0;text;;[];False;False;bca3089cd372cdce;[];hari ni gw isegn noyba bikin kopi pake metode v60 yg lg hpye di kalangan anak anka kmapus. beli alatnya lumayan mahal sih tp hasilnya emang beda dr kpoi sachet biasa. kopinya lebih smooth dan ga terlalu pahit. kayaknya gw bakal ketagihan nih bikin kopi sendiri tipa pgai sebelum ke kampsu
1521;180;51-100;130379019.0;text;;[];False;False;bca3089cd372cdce;[];lu hrs coba kedai kopi baru di jalan bealkang kapmus, enak bgt
1522;180;1-10;130379132.0;text;;[];False;False;3672f4e79ea59fcd;[];Trus.
1523;180;101-500;130381636.0;text;;[];False;False;7c76a5054399f04a;[];hari ini gw iseng nyoba bikin kopi pake metode v60 yang lagi hype di kalangan anak anak kampus. beli alatnya lumayan mahal sih tapi hasilnya emang beda dari kopi sachet biasa. kopinya lebih smooth dan ga terlalu pahit. kayaknya gw bakal ketagihan nih bikin kopi sendiri tiap pagi sebelum ke kampus
1524;180;0;130384852.0;unknown;;[];False;False;b28bd15b439f0e78;[];[Media tidak dikenal]
1525;180;1-10;130385629.0;text;;[];False;True;113cf0a6225f0471;[];sabi!
1526;180;11-50;130388000.0;text;;[];False;False;b5b98bb9a35603dd;[];gw kangen temen temen sma
1527;180;1-10;130389277.0;text;;[];False;True;c05cbb005b92b220;[];GOKS!
1528;180;11-50;130402956.0;text;;['😅'];False;False;b5b98bb9a35603dd;[];pacarnya baru siapa... sih
1529;180;11-50;130403038.0;text;;[];False;True;c05cbb005b92b220;[];SEDIH BANGET CERITANYA!
1530;180;11-50;130404257.0;text;;['🤦🏼\u200d♂️'];False;False;3672f4e79ea59fcd;[];Gw ga percaya sih gosipnya.
1531;180;11-50;130404315.0;text;;[];False;False;c05cbb005b92b220;[];GW GA PERCAYA SIH GOSIPNYA
1532;180;0;130943663.0;system;;[];False;False;7c76a5054399f04a;[];[Pesan sistem]
1533;181;11-50;132058626.0;text;;[];False;False;bca3089cd372cdce;[];gw baru aja ketemu mantan
1534;181;1-10;132058640.0;text;;[];False;False;bca3089cd372cdce;[];anjay
1535;181;11-50;132058690.0;application/vnd.android.package-archive;;[];False;False;bca3089cd372cdce;[];[application/vnd.android.package-archive]
1536;181;11-50;132058760.0;text;;[];False;False;bca3089cd372cdce;[];gw lg marahton drkaor nih
1537;181;11-50;132097803.0;text;;[];True;False;113cf0a6225f0471;[];siapa aja yg dateng?
1538;181;1-10;132097813.0;text;;['🤭'];False;False;113cf0a6225f0471;[];mager
1539;181;11-50;132103530.0;text;;['😊'];False;False;7c76a5054399f04a;[];mama minta gw pulang weekend
1540;182;11-50;132285073.0;text;;[];False;True;c05cbb005b92b220;[];MANTAP BANGET HASILNYA!
1541;182;11-50;132285088.0;text;;[];False;True;c05cbb005b92b220;[];GILA SIH LU BISA GITU!
1542;182;11-50;132285119.0;text;;['😘'];False;True;bca3089cd372cdce;[];gila sih lu bs gitu!
1543;182;11-50;132285176.0;text;;[];True;False;c05cbb005b92b220;[];LU DIMANA SEKARANG?
1544;182;11-50;132285182.0;text;;[];False;True;b5b98bb9a35603dd;[];gila sih lu bs gitu!
1545;182;1-10;132285464.0;text;;[];False;False;83fb2138165f19e9;[];wkwk
1546;182;11-50;132286753.0;text;;['😜'];False;True;96e4f2ffacb103eb;[];gila sih lu bisa,,, gitu!
1547;182;11-50;132286834.0;text;;['🎂'];False;True;113cf0a6225f0471;[];mantap bgt hasilnya!
1548;182;11-50;132287139.0;text;;[];False;False;b28bd15b439f0e78;[];perpus tutup jam berapa ya!!!
1549;182;11-50;132287160.0;text;;[];False;True;7c76a5054399f04a;[];gila sih lu bisa gitu!
1550;182;11-50;132287351.0;text;;[];False;False;424c99b44372877d;[];dosen gw galak banget... sih
1551;182;1-10;132290957.0;text;;[];False;False;83fb2138165f19e9;[];otw
1552;183;11-50;132811253.0;text;;[];False;False;83fb2138165f19e9;[];ketemuan di mall jam 3 ya
1553;183;1-10;132811360.0;text;;[];False;False;c05cbb005b92b220;[];KAN
1554;183;11-50;132811378.0;text;;[];True;False;c05cbb005b92b220;[];MAKAN APA NTAR SIANG?
1555;183;51-100;132819778.0;text;;[];False;False;83fb2138165f19e9;[];gw lagi nyoba masakkk rendang reseppp nyokap tapi kayaknya gagallll total dehh
1556;183;11-50;132819827.0;text;;[];False;True;c05cbb005b92b220;[];GW SENENG BANGET DAPET A!
1557;183;11-50;132819857.0;text;;[];True;False;c05cbb005b92b220;[];NILAI KELUAR KAPAN YA?
1558;183;1-10;132822828.0;text;;[];False;False;7c76a5054399f04a;[];ahh
1559;183;1-10;132826127.0;text;;['🙋🏻\u200d♀️'];False;False;113cf0a6225f0471;[];yaa
1560;183;11-50;132826447.0;text;;[];False;False;424c99b44372877d;[];lu dimana sih lama banget...
1561;183;1-10;132826711.0;text;;[];False;False;b28bd15b439f0e78;[];ooh!!!
1562;183;51-100;132829792.0;text;;[];False;False;c05cbb005b92b220;[];MOTOR GW MOGOK DI TENGAH JALAN TADI PAGI JADI GW TELAT MASUK KELAS
1563;184;11-50;132994956.0;text;;[];True;False;c05cbb005b92b220;[];KOS LU DIMANA SIH TEPATNYA?
1564;184;11-50;132995485.0;text;;['🏃🏽\u200d♀️'];False;False;bca3089cd372cdce;[];si tu udah putus katanya
1565;184;0;133008779.0;image/jpeg;;[];False;False;c05cbb005b92b220;[];[Foto]
1566;184;0;133008779.0;image/jpeg;;[];False;False;c05cbb005b92b220;[];[Foto]
1567;184;0;133008780.0;image/jpeg;;[];False;False;c05cbb005b92b220;[];[Foto]
1568;184;0;133008780.0;image/jpeg;;[];False;False;c05cbb005b92b220;[];[Foto]
1569;184;0;133008781.0;video/mp4;;[];False;False;c05cbb005b92b220;[];[Video]
1570;184;0;133008781.0;image/jpeg;;[];False;False;c05cbb005b92b220;[];[Foto]
1571;184;0;133008781.0;image/jpeg;;[];False;False;c05cbb005b92b220;[];[Foto]
1572;184;0;133008786.0;image/jpeg;;[];False;False;c05cbb005b92b220;[];[Foto]
1573;184;11-50;133055171.0;text;;[];True;False;113cf0a6225f0471;[];pinjam catetan boleh ga?
1574;185;51-100;133493625.0;text;;[];True;False;c05cbb005b92b220;[];ADA YANG TAU KENAPA KANTIN KAMPUS TUTUP LEBIH AWAL HARI INI GA SIH?
1575;185;11-50;133493775.0;text;;[];False;False;113cf0a6225f0471;[];indomie telor udah cukup kok
1576;185;11-50;133494039.0;text;;[];False;False;c05cbb005b92b220;[];GW MAU PESEN GOFOOD DULU
1577;185;1-10;133494615.0;text;;[];True;False;c05cbb005b92b220;[];KOK?
1578;186;11-50;133495657.0;text;;[];False;False;c05cbb005b92b220;[];PERPUS TUTUP JAM BERAPA YA
1579;186;51-100;133496342.0;text;;[];False;False;c05cbb005b92b220;[];NYOKAP GW NELFON TADI NANYAIN KAPAN PULANG, GW BILANG AJA ABIS UJIAN
1580;186;11-50;133496446.0;text;;[];False;False;c05cbb005b92b220;[];PRESENTASI GW AMBURADUL
1581;186;11-50;133496565.0;text;;[];False;False;424c99b44372877d;[];dosen gw galak banget sih
1582;186;51-100;133496650.0;text;;[];False;False;c05cbb005b92b220;[];TADI GW KETEMU DOSEN PEMBIMBING DAN DIA MINTA REVISI LAGI UNTUK BAB 3
1583;186;11-50;133496713.0;text;;[];False;False;113cf0a6225f0471;[];gw lg ngerjain tugas nih
1584;186;51-100;133496784.0;text;;[];False;True;c05cbb005b92b220;[];GILA SIH DOSEN GW TIBA TIBA KASIH TUGAS TAMBAHAN PADAHAL BESOK UAS!
1585;186;11-50;133498765.0;text;;[];True;False;b5b98bb9a35603dd;[];tugas dikumpul kapan sih?...
1586;186;1-10;133498798.0;text;;[];True;False;b5b98bb9a35603dd;[];apa?
1587;186;11-50;133498806.0;text;;[];False;False;c05cbb005b92b220;[];GW BELOM MULAI TUGAS
1588;186;11-50;133498913.0;text;;[];True;False;c05cbb005b92b220;[];JADI KETEMUAN GA HARI INI?
1589;186;51-100;133499236.0;text;;[];False;False;b5b98bb9a35603dd;[];gw baru aja... selesai ngerjain tugas sampe jam 3 pagi, mau mati... rasanya
1590;186;11-50;133499267.0;text;;[];False;False;b5b98bb9a35603dd;[];presentasi gw amburadul
1591;186;51-100;133499333.0;text;;[];False;False;c05cbb005b92b220;[];TADI GW KETEMU DOSEN PEMBIMBING DAN DIA MINTA REVISI LAGI UNTUK BAB 3
1592;186;1-10;133508362.0;text;;[];False;True;113cf0a6225f0471;[];asik!
1593;186;1-10;133508394.0;text;;[];False;False;83fb2138165f19e9;[];haha
1594;186;101-500;133508541.0;text;;[];False;False;c05cbb005b92b220;[];JADI CERITANYA KEMARIN GW KE PERPUSTAKAAN PUSAT BUAT NYARI BAHAN REFERENSI SKRIPSI, TERNYATA BUKUNYA UDAH DIPINJEM SEMUA SAMA ANAK ANGKATAN SEBELAH. AKHIRNYA GW CUMA BISA FOTOKOPI DARI TEMEN YANG KEBETULAN PUNYA. LUMAYAN LAH DARIPADA GA DAPET SAMA SEKALI, TINGGAL DI RANGKUM AJA SISANYA
1595;186;1-10;133508543.0;text;;[];False;False;bca3089cd372cdce;[];yuk
1596;186;51-100;133508665.0;text;;[];False;False;c05cbb005b92b220;[];GW BARU AJA SELESAI NGERJAIN TUGAS SAMPE JAM 3 PAGI, MAU MATI RASANYA
1597;187;51-100;133509314.0;text;;[];False;False;c05cbb005b92b220;[];GW GAGAL DIET LAGI SOALNYA TADI SORE DIAJAK MAKAN BAKSO SAMA TEMEN
1598;187;11-50;133509366.0;text;;[];False;False;83fb2138165f19e9;[];series itu endingnyaa zonkkk bgt
1599;187;51-100;133509371.0;text;;[];True;False;c05cbb005b92b220;[];KIRA KIRA KALO GW APPLY MAGANG SEKARANG MASIH KEBURU GA YA?
1600;187;11-50;133573139.0;text;;[];False;False;3672f4e79ea59fcd;[];Gw abis lari pagi tadi.
1601;187;101-500;133604576.0;video/mp4;;[];False;False;113cf0a6225f0471;[];[Video]
1602;187;11-50;133604660.0;text;;['😁'];False;False;113cf0a6225f0471;[];podcast yg lu rekomen mana
1603;187;51-100;133604761.0;text;;[];False;False;c05cbb005b92b220;[];DOSEN KILLER ITU TERNYATA BAIK BANGET ORANGNYA KALO DIAJAK NGOBROL SANTAI
1604;187;1-10;133604780.0;text;;['👍'];False;False;113cf0a6225f0471;[];sans
1605;188;11-50;134266503.0;text;;[];True;False;96e4f2ffacb103eb;[];kenapa ga bales chat gw?
1606;188;11-50;134266553.0;text;;[];False;False;c05cbb005b92b220;[];GW KANGEN MASAKAN RUMAH
1607;188;11-50;134266577.0;text;;[];False;False;c05cbb005b92b220;[];GW KANGEN MASAKAN RUMAH
1608;188;11-50;134266596.0;text;;[];False;True;c05cbb005b92b220;[];NGAKAK GW LIAT VIDEO ITU!
1609;188;11-50;134266625.0;text;;[];False;False;c05cbb005b92b220;[];BOKAP GW LAGI DI LUAR KOTA
1610;188;0;134290196.0;audio;;[];False;False;113cf0a6225f0471;[];[Voice Note]
1611;188;0;134290242.0;audio;;[];False;False;c05cbb005b92b220;[];[Voice Note]
1612;188;11-50;134290268.0;text;;[];False;False;3672f4e79ea59fcd;[];Kakak gw baru aja nikah.
1613;188;0;134290280.0;audio;;[];False;False;c05cbb005b92b220;[];[Voice Note]
1614;188;0;134290295.0;audio;;[];False;False;113cf0a6225f0471;[];[Voice Note]
1615;188;11-50;134291597.0;text;;[];False;False;b5b98bb9a35603dd;[];bokap gw lg... di luar kota
1616;188;1-10;134291602.0;text;;[];False;False;b5b98bb9a35603dd;[];mager
1617;188;1-10;134292157.0;text;;[];False;True;c05cbb005b92b220;[];ASTAGA!
1618;188;0;134300025.0;image/jpeg;;[];False;False;3672f4e79ea59fcd;[];[Foto]
1619;188;0;134300026.0;image/jpeg;;[];False;False;3672f4e79ea59fcd;[];[Foto]
1620;188;0;134300027.0;image/jpeg;;[];False;False;3672f4e79ea59fcd;[];[Foto]
1621;188;0;134300030.0;image/jpeg;;[];False;False;3672f4e79ea59fcd;[];[Foto]
1622;188;0;134300030.0;image/jpeg;;[];False;False;3672f4e79ea59fcd;[];[Foto]
1623;188;0;134300031.0;image/jpeg;;[];False;False;3672f4e79ea59fcd;[];[Foto]
1624;188;0;134300031.0;image/jpeg;;[];False;False;3672f4e79ea59fcd;[];[Foto]
1625;188;0;134300032.0;image/jpeg;;[];False;False;3672f4e79ea59fcd;[];[Foto]
1626;188;0;134300033.0;image/jpeg;;[];False;False;3672f4e79ea59fcd;[];[Foto]
1627;188;0;134300033.0;image/jpeg;;[];False;False;3672f4e79ea59fcd;[];[Foto]
1628;188;0;134300034.0;image/jpeg;;[];False;False;3672f4e79ea59fcd;[];[Foto]
1629;188;0;134309015.0;image/jpeg;;[];False;False;b28bd15b439f0e78;[];[Foto]
1630;188;0;134309016.0;image/jpeg;;[];False;False;b28bd15b439f0e78;[];[Foto]
1631;188;0;134309017.0;image/jpeg;;[];False;False;b28bd15b439f0e78;[];[Foto]
1632;188;0;134309017.0;image/jpeg;;[];False;False;b28bd15b439f0e78;[];[Foto]
1633;188;0;134309019.0;image/jpeg;;[];False;False;b28bd15b439f0e78;[];[Foto]
1634;188;0;134309019.0;image/jpeg;;[];False;False;b28bd15b439f0e78;[];[Foto]
1635;188;0;134309019.0;image/jpeg;;[];False;False;b28bd15b439f0e78;[];[Foto]
1636;188;0;134309020.0;image/jpeg;;[];False;False;b28bd15b439f0e78;[];[Foto]
1637;188;0;134309021.0;image/jpeg;;[];False;False;b28bd15b439f0e78;[];[Foto]
1638;188;0;134309022.0;image/jpeg;;[];False;False;b28bd15b439f0e78;[];[Foto]
1639;188;0;134309022.0;image/jpeg;;[];False;False;b28bd15b439f0e78;[];[Foto]
1640;188;0;134309023.0;image/jpeg;;[];False;False;b28bd15b439f0e78;[];[Foto]
1641;188;0;134309024.0;image/jpeg;;[];False;False;b28bd15b439f0e78;[];[Foto]
1642;188;0;134309024.0;image/jpeg;;[];False;False;b28bd15b439f0e78;[];[Foto]
1643;188;0;134309026.0;image/jpeg;;[];False;False;b28bd15b439f0e78;[];[Foto]
1644;188;0;134309027.0;image/jpeg;;[];False;False;b28bd15b439f0e78;[];[Foto]
1645;188;0;134309034.0;image/jpeg;;[];False;False;b28bd15b439f0e78;[];[Foto]
1646;189;11-50;136101956.0;text;;['🎂', '😘'];False;True;113cf0a6225f0471;[];keren abis presentasinya!
1647;189;11-50;136101995.0;text;;[];False;False;c05cbb005b92b220;[];SEMINAR TADI LAMA BANGET
1648;189;11-50;136102036.0;text;;[];False;False;83fb2138165f19e9;[];tugasss kelompok bikin pusing
1649;189;11-50;136102072.0;text;;[];False;False;424c99b44372877d;[];seminar tadi lama banget
1650;189;11-50;136102408.0;text;;['🥳'];False;False;b5b98bb9a35603dd;[];seminar tadi lama bgt
1651;189;11-50;136103291.0;text;;['🫶🏼'];False;False;b28bd15b439f0e78;[];dosen pembimbing susah ditemui!!
1652;189;11-50;136107155.0;text;;[];False;True;96e4f2ffacb103eb;[];keren abis presentasinya!
1653;189;11-50;136107191.0;text;;[];False;True;3672f4e79ea59fcd;[];parah sih tadi kejadiannya!
1654;190;51-100;136515009.0;text;;[];True;False;c05cbb005b92b220;[];EH LU UDAH DAPET INFO JADWAL UJIAN AKHIR SEMESTER BELUM DARI PRODI?
1655;190;11-50;136515021.0;text;;[];False;False;c05cbb005b92b220;[];GW BELOM MULAI TUGAS
1656;191;11-50;136524540.0;text;;[];False;False;c05cbb005b92b220;[];IPK GW TURUN SEMESTER INI
1657;191;1-10;136524901.0;text;;[];False;False;83fb2138165f19e9;[];siap
1658;191;1-10;136524940.0;text;;[];False;True;c05cbb005b92b220;[];ASIK!
1659;191;1-10;136533293.0;text;;['🙋🏻\u200d♀️'];False;False;113cf0a6225f0471;[];gas
1660;191;11-50;136533339.0;text;;[];False;False;c05cbb005b92b220;[];IPK GW TURUN SEMESTER INI
1661;191;11-50;136533371.0;text;;[];False;False;424c99b44372877d;[];gw skip kelas hari ini
1662;191;1-10;136533520.0;text;;[];False;False;c05cbb005b92b220;[];DAH
1663;191;11-50;136545861.0;text;;[];False;False;b5b98bb9a35603dd;[];lab komputer penuh terus
1664;191;1-10;136545898.0;text;;[];False;True;c05cbb005b92b220;[];ASIK!
1665;191;1-10;136551847.0;text;;[];False;False;7c76a5054399f04a;[];yoi
1666;191;11-50;136551908.0;text;;[];False;False;96e4f2ffacb103eb;[];eh tadi kelas seru banget
1667;191;1-10;136551914.0;text;;[];False;False;c05cbb005b92b220;[];OKE
1668;191;51-100;136551997.0;text;;[];False;True;c05cbb005b92b220;[];GILA SIH DOSEN GW TIBA TIBA KASIH TUGAS TAMBAHAN PADAHAL BESOK UAS!
1669;191;1-10;136552272.0;text;;['😂'];False;False;96e4f2ffacb103eb;[];ok
1670;192;11-50;136689109.0;text;;[];False;False;b5b98bb9a35603dd;[];tadi gw makan nasi padang...
1671;192;11-50;136689291.0;text;;[];False;False;c05cbb005b92b220;[];KOPI SUSU YG BIASA YA
1672;192;0;136702391.0;image/jpeg;;[];False;False;3672f4e79ea59fcd;[];[Foto]
1673;192;0;136702411.0;image/jpeg;;[];False;False;3672f4e79ea59fcd;[];[Foto]
1674;192;0;136702551.0;image/jpeg;;[];False;False;3672f4e79ea59fcd;[];[Foto]
1675;192;0;136702555.0;image/jpeg;;[];False;False;3672f4e79ea59fcd;[];[Foto]
1676;193;0;136706164.0;image/jpeg;;[];False;False;3672f4e79ea59fcd;[];[Foto]
1677;193;0;136706185.0;image/jpeg;;[];False;False;3672f4e79ea59fcd;[];[Foto]
1678;194;1-10;137396453.0;text;;[];False;True;bca3089cd372cdce;[];asik!
1679;194;11-50;137396463.0;text;;[];True;False;bca3089cd372cdce;[];jadi kteemuan ga hari ni?
1680;194;11-50;137396483.0;text;;['😘'];False;True;bca3089cd372cdce;[];mantap bgt hasilnya!
1681;195;51-100;137577930.0;text;;[];True;False;c05cbb005b92b220;[];GIMANA CARANYA BIAR BISA FOKUS BELAJAR TANPA MAIN HP TERUS YA?
1682;195;1-10;137577972.0;text;;[];False;False;b28bd15b439f0e78;[];yaa!!
1683;195;11-50;137578001.0;text;;[];True;False;c05cbb005b92b220;[];NILAI KELUAR KAPAN YA?
1684;196;11-50;137579543.0;text;;[];True;False;c05cbb005b92b220;[];BAWA MOTOR APA NAIK APA?
1685;196;1-10;137579585.0;text;;['🙋🏻\u200d♀️'];False;False;113cf0a6225f0471;[];gass
1686;196;11-50;137581103.0;text;;[];False;False;c05cbb005b92b220;[];SARAPAN DULU BARU MIKIR
1687;196;11-50;137581123.0;text;;[];False;False;c05cbb005b92b220;[];GW LAGI DIET TAPI GAGAL MULU
1688;196;11-50;137581396.0;text;;[];False;False;3672f4e79ea59fcd;[];Gw mau pesen gofood dulu.
1689;196;11-50;137581496.0;text;;[];False;True;c05cbb005b92b220;[];CAPEK BANGET HARI INI!
1690;196;11-50;137581747.0;text;;['😞'];False;False;b5b98bb9a35603dd;[];kopi susu yg biasa ya
1691;196;1-10;137585415.0;text;;['😥'];False;False;c05cbb005b92b220;[];SIS
1692;196;1-10;137586559.0;text;;[];False;False;424c99b44372877d;[];bro
1693;196;1-10;137616919.0;text;;['😥'];False;False;c05cbb005b92b220;[];WOY
1694;197;51-100;137720385.0;text;;['😱'];True;False;bca3089cd372cdce;[];knp ya akhir akhir ni gw susah bgt tidur padahal capek?
1695;197;101-500;137720550.0;text;;['🤷🏻\u200d♀️'];False;False;bca3089cd372cdce;[];rencana liburan semester ni gw mau road trip sm temen temne ke jogja. kita udah pautngan buat sewa mobil dan bokoing penginapan muarh di daerah malioboro. itinerary nya uadh gw bikin detail dr hari pertama sampe hari ketiga. tinggal eksekusi aja nih semoag cuaca mendukung dan ga ad halangan
1696;197;1-10;137736852.0;text;;[];False;False;83fb2138165f19e9;[];eh
1697;197;1-10;137736877.0;text;;[];False;False;c05cbb005b92b220;[];GASSSS
1698;197;11-50;137736900.0;text;;[];False;False;c05cbb005b92b220;[];HP GW LOWBAT NIH
1699;197;1-10;137737902.0;text;;[];False;False;113cf0a6225f0471;[];okk
1700;197;11-50;137738851.0;text;;[];True;False;c05cbb005b92b220;[];MAU NITIP APA GA?
1701;197;11-50;137738890.0;text;;[];False;False;c05cbb005b92b220;[];LU TIM MANA DUKUNGNYA
1702;197;11-50;137741410.0;text;;[];False;False;113cf0a6225f0471;[];gw baru ganti nomor btw
1703;197;1-10;137741431.0;text;;[];False;False;c05cbb005b92b220;[];YOII
1704;197;11-50;137741445.0;text;;[];True;False;c05cbb005b92b220;[];LU PUNYA KONTAK DIA GA?
1705;197;1-10;137741534.0;text;;[];False;False;83fb2138165f19e9;[];okk
1706;198;0;137824631.0;image/jpeg;;[];False;False;7c76a5054399f04a;[];[Foto]
1707;198;0;137824634.0;image/jpeg;;[];False;False;7c76a5054399f04a;[];[Foto]
1708;198;0;137824634.0;image/jpeg;;[];False;False;7c76a5054399f04a;[];[Foto]
1709;198;0;137824634.0;image/jpeg;;[];False;False;7c76a5054399f04a;[];[Foto]
1710;198;0;137824634.0;image/jpeg;;[];False;False;7c76a5054399f04a;[];[Foto]
1711;198;0;137824634.0;image/jpeg;;[];False;False;7c76a5054399f04a;[];[Foto]
1712;198;0;137824635.0;image/jpeg;;[];False;False;7c76a5054399f04a;[];[Foto]
1713;198;0;137824636.0;image/jpeg;;[];False;False;7c76a5054399f04a;[];[Foto]
1714;198;0;137824636.0;image/jpeg;;[];False;False;7c76a5054399f04a;[];[Foto]
1715;198;0;137824636.0;image/jpeg;;[];False;False;7c76a5054399f04a;[];[Foto]
1716;198;0;137824637.0;image/jpeg;;[];False;False;7c76a5054399f04a;[];[Foto]
1717;198;0;137824637.0;image/jpeg;;[];False;False;7c76a5054399f04a;[];[Foto]
1718;198;0;137824637.0;image/jpeg;;[];False;False;7c76a5054399f04a;[];[Foto]
1719;198;0;137824638.0;image/jpeg;;[];False;False;7c76a5054399f04a;[];[Foto]
1720;198;0;137824639.0;image/jpeg;;[];False;False;7c76a5054399f04a;[];[Foto]
1721;198;0;137824639.0;image/jpeg;;[];False;False;7c76a5054399f04a;[];[Foto]
1722;198;0;137824641.0;image/jpeg;;[];False;False;7c76a5054399f04a;[];[Foto]
1723;198;0;137824641.0;image/jpeg;;[];False;False;7c76a5054399f04a;[];[Foto]
1724;199;11-50;139828203.0;text;;[];False;False;424c99b44372877d;[];gw lg ngerjain tugas nih...
1725;199;11-50;139828246.0;text;;['🥳'];False;False;b5b98bb9a35603dd;[];ipk gw turun semester ni
1726;199;11-50;139828776.0;text;;['🎂'];False;True;113cf0a6225f0471;[];mantap bgt hasilnya!
1727;199;11-50;139828798.0;text;;[];False;False;c05cbb005b92b220;[];MATKUL INI SUSAH BANGET
1728;199;11-50;139828923.0;text;;['💪'];False;False;c05cbb005b92b220;[];IPK GW TURUN SEMESTER INI
1729;199;11-50;139829419.0;text;;['👏🏼'];False;False;96e4f2ffacb103eb;[];gw belom mulai tugas
1730;199;11-50;139829725.0;text;;['🫶🏼'];False;False;b28bd15b439f0e78;[];tadi absen ga sih kamu!!
1731;199;1-10;139829863.0;text;;[];False;False;c05cbb005b92b220;[];HAHA
1732;199;11-50;139866128.0;text;;[];False;False;83fb2138165f19e9;[];dosen gw galak banget sih
1733;199;1-10;139867691.0;text;;[];False;False;c05cbb005b92b220;[];SIAP
1734;200;51-100;139991810.0;text;;[];False;False;424c99b44372877d;[];gw gagal diet lagi soalnya tadi sore diajak makan... bakso... sama temen...
1735;200;1-10;139991848.0;text;;['👏🏻', '😃'];False;False;bca3089cd372cdce;[];fyi
1736;200;11-50;139991854.0;text;;[];False;False;c05cbb005b92b220;[];PERTANDINGAN BOLA TADI MALAM GILA
1737;201;51-100;140159441.0;text;;['😍'];False;True;3672f4e79ea59fcd;[];seneng banget gw dapet tawaran magang di perusahaan impian gw!
1738;201;1-10;140159974.0;text;;[];False;False;83fb2138165f19e9;[];sama
1739;201;0;140160128.0;image/jpeg;;[];False;False;3672f4e79ea59fcd;[];[Foto]
1740;201;11-50;140160134.0;text;;[];False;False;3672f4e79ea59fcd;[];Gw berantem sama si anu.
1741;201;1-10;140163614.0;text;;['👏🏼'];False;False;96e4f2ffacb103eb;[];dong
1742;202;0;140409106.0;image/jpeg;;[];False;False;3672f4e79ea59fcd;[];[Foto]
1743;202;0;140409107.0;image/jpeg;;[];False;False;3672f4e79ea59fcd;[];[Foto]
1744;202;0;140409108.0;image/jpeg;;[];False;False;3672f4e79ea59fcd;[];[Foto]
1745;202;0;140409110.0;image/jpeg;;[];False;False;3672f4e79ea59fcd;[];[Foto]
1746;202;0;140409111.0;image/jpeg;;[];False;False;3672f4e79ea59fcd;[];[Foto]
1747;202;0;140409111.0;image/jpeg;;[];False;False;3672f4e79ea59fcd;[];[Foto]
1748;202;0;140409112.0;image/jpeg;;[];False;False;3672f4e79ea59fcd;[];[Foto]
1749;202;0;140409113.0;image/jpeg;;[];False;False;3672f4e79ea59fcd;[];[Foto]
1750;202;0;140409113.0;image/jpeg;;[];False;False;3672f4e79ea59fcd;[];[Foto]
1751;202;0;140409115.0;image/jpeg;;[];False;False;3672f4e79ea59fcd;[];[Foto]
1752;202;0;140410572.0;image/jpeg;;[];False;False;3672f4e79ea59fcd;[];[Foto]
1753;203;0;140421054.0;image/jpeg;;[];False;False;3672f4e79ea59fcd;[];[Foto]
1754;203;0;140421055.0;image/jpeg;;[];False;False;3672f4e79ea59fcd;[];[Foto]
1755;203;0;140421055.0;image/jpeg;;[];False;False;3672f4e79ea59fcd;[];[Foto]
1756;203;0;140421056.0;image/jpeg;;[];False;False;3672f4e79ea59fcd;[];[Foto]
1757;203;0;140421060.0;image/jpeg;;[];False;False;3672f4e79ea59fcd;[];[Foto]
1758;203;0;140421061.0;image/jpeg;;[];False;False;3672f4e79ea59fcd;[];[Foto]
1759;203;0;140421061.0;image/jpeg;;[];False;False;3672f4e79ea59fcd;[];[Foto]
1760;203;0;140421064.0;image/jpeg;;[];False;False;3672f4e79ea59fcd;[];[Foto]
1761;203;0;140421065.0;image/jpeg;;[];False;False;3672f4e79ea59fcd;[];[Foto]
1762;203;0;140421066.0;image/jpeg;;[];False;False;3672f4e79ea59fcd;[];[Foto]
1763;203;0;140421067.0;image/jpeg;;[];False;False;3672f4e79ea59fcd;[];[Foto]
1764;203;0;140421067.0;image/jpeg;;[];False;False;3672f4e79ea59fcd;[];[Foto]
1765;203;0;140421067.0;image/jpeg;;[];False;False;3672f4e79ea59fcd;[];[Foto]
1766;203;11-50;140421921.0;text;;['😍'];False;False;113cf0a6225f0471;[];lu dmn sih lama bgt
1767;203;11-50;140422677.0;text;;['😔'];False;False;113cf0a6225f0471;[];rame bgt disini cuy
1768;204;0;141054430.0;system;;[];False;False;96e4f2ffacb103eb;[];[Pesan sistem]
1769;204;11-50;141366430.0;text;;[];True;False;c05cbb005b92b220;[];JADWAL SIDANG KAPAN BRO?
1770;204;1-10;141368364.0;text;;['🙋🏻\u200d♂️'];False;False;83fb2138165f19e9;[];setujuuuu
1771;204;1-10;141371374.0;text;;['🙋🏻\u200d♀️'];False;False;113cf0a6225f0471;[];gabut
1772;205;1-10;141436168.0;text;;[];False;False;b28bd15b439f0e78;[];iya!!
1773;205;1-10;141436193.0;text;;['🙌🏼'];False;False;3672f4e79ea59fcd;[];Gas.
1774;206;1-10;143724781.0;text;;['🙋🏻\u200d♀️', '😊'];False;False;bca3089cd372cdce;[];trus
1775;206;1-10;143725744.0;text;;[];False;False;c05cbb005b92b220;[];SETUJU
1776;206;1-10;143775139.0;text;;[];False;False;7c76a5054399f04a;[];sama
1777;206;1-10;143775143.0;text;;[];False;False;7c76a5054399f04a;[];trus
1778;206;11-50;143775218.0;text;;[];False;False;96e4f2ffacb103eb;[];temenin gw dong besok,,,
1779;206;1-10;143777053.0;text;;[];False;False;424c99b44372877d;[];dong
1780;206;11-50;143780332.0;text;;[];False;False;83fb2138165f19e9;[];diemmmm diem ternyata jadiannn
1781;207;0;143881320.0;image/jpeg;;[];False;False;c05cbb005b92b220;[];[Foto]
1782;207;0;143881321.0;image/jpeg;;[];False;False;c05cbb005b92b220;[];[Foto]
1783;207;0;143881321.0;image/jpeg;;[];False;False;c05cbb005b92b220;[];[Foto]
1784;207;0;143881323.0;image/jpeg;;[];False;False;c05cbb005b92b220;[];[Foto]
1785;207;0;143881324.0;image/jpeg;;[];False;False;c05cbb005b92b220;[];[Foto]
1786;207;0;143881324.0;video/mp4;;[];False;False;c05cbb005b92b220;[];[Video]
1787;207;11-50;143881633.0;text;;[];False;False;424c99b44372877d;[];podcast yg lu rekomen... mana...
1788;207;101-500;143884511.0;text;;[];False;True;c05cbb005b92b220;[];YESSS GW AKHIRNYA DAPET NILAI A DI MATA KULIAH YANG PALING GW TAKUTIN SELAMA INI! PADAHAL GW UDAH PASRAH BANGET PAS UJIAN SOALNYA SOALNYA SUSAH PARAH. TERNYATA TUGAS DAN PRESENTASI GW NILAINYA BAGUS JADI BISA NUTUPIN NILAI UJIAN. ALHAMDULILLAH BANGET PERJUANGAN GA SIA SIA!
1789;207;1-10;143884784.0;text;;['😄'];False;False;424c99b44372877d;[];fyi
1790;207;11-50;143889210.0;text;;[];True;False;bca3089cd372cdce;[];ad sinyal ga disitu?
1791;207;0;143889244.0;image/jpeg;;[];False;False;bca3089cd372cdce;[];[Foto]
1792;207;11-50;143889280.0;text;;['😂'];False;True;bca3089cd372cdce;[];ahkirnya kelar jg nih!
1793;207;11-50;143889326.0;text;;[];False;False;c05cbb005b92b220;[];GW ABIS LARI PAGI TADI
1794;208;0;143950276.0;image/jpeg;;[];False;False;7c76a5054399f04a;[];[Foto]
1795;208;0;143950277.0;image/jpeg;;[];False;False;7c76a5054399f04a;[];[Foto]
1796;208;0;143950278.0;image/jpeg;;[];False;False;7c76a5054399f04a;[];[Foto]
1797;208;0;143950280.0;image/jpeg;;[];False;False;7c76a5054399f04a;[];[Foto]
1798;208;0;143950280.0;image/jpeg;;[];False;False;7c76a5054399f04a;[];[Foto]
1799;208;0;143950280.0;image/jpeg;;[];False;False;7c76a5054399f04a;[];[Foto]
1800;208;0;143950280.0;image/jpeg;;[];False;False;7c76a5054399f04a;[];[Foto]
1801;208;0;143950281.0;image/jpeg;;[];False;False;7c76a5054399f04a;[];[Foto]
1802;208;0;143950281.0;image/jpeg;;[];False;False;7c76a5054399f04a;[];[Foto]
1803;208;0;143950282.0;image/jpeg;;[];False;False;7c76a5054399f04a;[];[Foto]
1804;208;0;143950282.0;image/jpeg;;[];False;False;7c76a5054399f04a;[];[Foto]
1805;208;0;143950282.0;image/jpeg;;[];False;False;7c76a5054399f04a;[];[Foto]
1806;208;0;143950285.0;image/jpeg;;[];False;False;7c76a5054399f04a;[];[Foto]
1807;209;0;146532391.0;image/jpeg;;[];False;False;346f3cd7c6627b2d;[];[Foto]
1808;209;11-50;146532427.0;text;;[];False;False;346f3cd7c6627b2d;[];gw belommmm mulaiii tugas
1809;209;11-50;146532459.0;text;;[];False;False;c05cbb005b92b220;[];PERPUS TUTUP JAM BERAPA YA
1810;209;0;146532463.0;image/jpeg;;[];False;False;346f3cd7c6627b2d;[];[Foto]
1811;209;11-50;146532493.0;text;;[];False;False;346f3cd7c6627b2d;[];dosennn gw galak banget sih
1812;209;11-50;146532602.0;text;;[];False;False;346f3cd7c6627b2d;[];eh tadi kelas seruuuu banget
1813;209;51-100;146532749.0;text;;[];False;False;346f3cd7c6627b2d;[];nyokap gw nelfon tadi nanyainn kapan pulang, gw bilang aja abissss ujian
1814;209;11-50;146534782.0;text;;[];False;False;c05cbb005b92b220;[];PRESENTASI GW AMBURADUL
1815;209;11-50;146542748.0;image/jpeg;;[];False;False;c05cbb005b92b220;[];[Foto]
1816;210;0;146613996.0;image/jpeg;;[];False;False;424c99b44372877d;[];[Foto]
1817;210;11-50;146614082.0;text;;[];False;False;424c99b44372877d;[];gw lg ngerjain tugas nih
1818;210;0;146641893.0;unknown;;[];False;False;113cf0a6225f0471;[];[Media tidak dikenal]
1819;210;1-10;146641908.0;text;;[];False;False;113cf0a6225f0471;[];yoi
1820;210;0;146643850.0;image/jpeg;;[];False;False;113cf0a6225f0471;[];[Foto]
1821;210;0;146728813.0;image/jpeg;;[];False;False;83fb2138165f19e9;[];[Foto]
1822;211;101-500;146830639.0;image/jpeg;;['💫', '❤️'];False;True;96e4f2ffacb103eb;[];[Foto]
1823;211;101-500;146830643.0;image/jpeg;;['💫', '❤️'];False;True;96e4f2ffacb103eb;[];[Foto]
1824;211;101-500;146830643.0;image/jpeg;;['💫', '❤️'];False;True;96e4f2ffacb103eb;[];[Foto]
1825;211;11-50;146830747.0;text;;['😍'];False;True;bca3089cd372cdce;[];sedih bgt ceritanya!
1826;211;11-50;146830752.0;text;;[];False;True;c05cbb005b92b220;[];SEDIH BANGET CERITANYA!
1827;211;0;146830838.0;unknown;;[];False;False;bca3089cd372cdce;[];[Media tidak dikenal]
1828;211;11-50;146830985.0;text;;['😍'];False;True;113cf0a6225f0471;[];sedih bgt ceritanya!
1829;212;0;146975122.0;image/jpeg;;[];False;False;c05cbb005b92b220;[];[Foto]
1830;212;11-50;146975136.0;text;;[];False;True;c05cbb005b92b220;[];GW KAGET PAS DENGER ITU!
1831;212;11-50;146975198.0;text;;[];False;True;b5b98bb9a35603dd;[];gw kaget pas denger tu!
1832;212;11-50;146980937.0;video/mp4;;[];False;True;113cf0a6225f0471;[];[Video]
1833;212;11-50;146984177.0;text;;[];False;True;96e4f2ffacb103eb;[];gw kaget pas,,, denger itu!
1834;212;11-50;146988428.0;text;;[];False;False;424c99b44372877d;[];reuni kapan ya kita
1835;212;11-50;146994910.0;text;;[];False;False;b5b98bb9a35603dd;[];eh denger gosip blm...
1836;212;11-50;146998446.0;image/jpeg;;[];False;True;c05cbb005b92b220;[];[Foto]
1837;212;11-50;146998466.0;text;;[];False;False;c05cbb005b92b220;[];DIEM DIEM TERNYATA JADIAN
1838;212;11-50;146998902.0;text;;[];False;True;b5b98bb9a35603dd;[];gw kaget pas denger... tu!
1839;212;51-100;147009077.0;image/jpeg;;['😋'];False;False;7c76a5054399f04a;[];[Foto]
1840;213;101-500;147079207.0;text;;[];True;True;113cf0a6225f0471;[];menurut kalian knp ya generasi kita tuh kayaknya lebih gampang stres dan burnout dibanding generasi orang tua kita dulu? apa krn tekanan sosmed atau emang tuntutan hidup yg makin tinggi ya? gw penasaran aja sih soalnya temen temen gw banyak yg ngeluh hal yg sm
1841;213;11-50;147079409.0;text;;['🤣', '😂'];True;True;bca3089cd372cdce;[];ad yg pny catetan?
1842;213;51-100;147079609.0;text;;[];False;False;b28bd15b439f0e78;[];gw lagi mikirin mau ambil magang di perusahaan mana buat semester depan!!!
1843;213;11-50;147079609.0;text;;[];False;False;b28bd15b439f0e78;[];warteg depan kampus enak!!
1844;213;1-10;147079614.0;text;;[];False;False;b28bd15b439f0e78;[];bole!!!
1845;213;11-50;147079654.0;text;;[];False;False;bca3089cd372cdce;[];gw baru aja dr kampus
1846;213;11-50;147079673.0;text;;[];False;False;113cf0a6225f0471;[];seminar tadi lama bgt
1847;213;11-50;147079703.0;text;;[];False;False;b28bd15b439f0e78;[];dosen pembimbing susah ditemui!!
1848;213;11-50;147079738.0;text;;[];False;False;3672f4e79ea59fcd;[];Warteg depan kampus enak.
1849;213;11-50;147079752.0;text;;[];False;False;c05cbb005b92b220;[];KELAS TAMBAHAN HARI SABTU SIH
1850;213;11-50;147079765.0;text;;[];False;False;b5b98bb9a35603dd;[];tugas kelompok bikin pusing
1851;213;11-50;147079769.0;text;;[];False;False;3672f4e79ea59fcd;[];Kelas tambahan hari sabtu sih.
1852;213;11-50;147079797.0;text;;[];False;False;b5b98bb9a35603dd;[];gw mau ambil cuti semester
1853;213;11-50;147079910.0;text;;[];False;False;96e4f2ffacb103eb;[];gw baru,,, aja dari kampus
1854;213;11-50;147079911.0;text;;[];True;False;113cf0a6225f0471;[];gmn kabar lu skrg?
1855;213;11-50;147079942.0;text;;[];False;False;96e4f2ffacb103eb;[];gw mau ambil cuti semester
1856;213;11-50;147080664.0;text;;[];False;False;b28bd15b439f0e78;[];tugas kelompok bikin pusing!!
1857;213;11-50;147081442.0;text;;[];False;False;83fb2138165f19e9;[];tugasss kelompokkk bikin pusing
1858;213;11-50;147081526.0;text;;[];False;False;bca3089cd372cdce;[];gw baru aja dr kampus
1859;213;11-50;147081545.0;text;;[];True;False;b28bd15b439f0e78;[];gimana kabar lu sekarang!!!
1860;213;101-500;147081604.0;text;;[];False;False;bca3089cd372cdce;[];gw lg galau bgt nih soal masa deapn. mau lanjut s2 tp duit ga ad, mau langsung kejra tp pengalaman msh minim. nyokap bilang terserah gw aja tp gw tau dia pengen gw cepet kerja bira bs bantu ekonomi keluarga. bingung bgt sih, kyk smua pilihan ad puls minusnya
1861;213;11-50;147081654.0;text;;[];True;False;bca3089cd372cdce;[];ad yg pny catetan?
1862;213;11-50;147081710.0;text;;[];False;False;83fb2138165f19e9;[];seminar tadi lama bangett
1863;213;11-50;147082153.0;text;;[];False;False;7c76a5054399f04a;[];sidang minggu depan doain ya
1864;213;11-50;147082614.0;text;;[];False;False;bca3089cd372cdce;[];gw mau abmil cuti semestre
1865;213;11-50;147082634.0;text;;[];False;False;bca3089cd372cdce;[];gw lapre bgt nih
1866;213;51-100;147082766.0;text;;[];True;False;b5b98bb9a35603dd;[];menurut lu gw hrs ambil... mata kuliah pilihan yg mana semester depan?
1867;213;51-100;147082856.0;text;;[];False;False;bca3089cd372cdce;[];kosan gw bocor lg pas hujan semalam, kasur gw basah smua parha bgt
1868;213;11-50;147083035.0;text;;[];False;False;bca3089cd372cdce;[];gw baur aja dr kampsu
1869;213;11-50;147083078.0;text;;[];False;False;113cf0a6225f0471;[];tugas kelompok bikin pusing
1870;213;11-50;147083402.0;text;;[];False;False;c05cbb005b92b220;[];PROPOSAL SKRIPSI GW DITOLAK
1871;213;11-50;147083421.0;text;;[];False;False;c05cbb005b92b220;[];LU UDAH MAKAN BELUM
1872;213;51-100;147092126.0;text;;[];False;False;3672f4e79ea59fcd;[];Jangan lupa besok kumpul di lobby kampus jam 8 pagi buat berangkat bareng.
1873;213;1-10;147092178.0;text;;[];False;False;c05cbb005b92b220;[];ASLI
1874;214;51-100;147148898.0;text;;[];False;False;c05cbb005b92b220;[];GW PENGEN BANGET LIBURAN KE PANTAI TAPI DUIT LAGI TIPIS BANGET SEKARANG
1875;214;51-100;147148998.0;text;;[];False;False;c05cbb005b92b220;[];WIFI KOSAN GW LEMOT BANGET JADI GW KE PERPUS AJA BUAT NGERJAIN TUGAS
1876;214;11-50;147149204.0;text;;[];False;False;c05cbb005b92b220;[];GW GA PERCAYA SIH GOSIPNYA
1877;214;1-10;147167619.0;text;;[];False;True;b5b98bb9a35603dd;[];sabi!
1878;214;1-10;147167632.0;text;;['👍'];False;False;113cf0a6225f0471;[];gabut
1879;214;1-10;147167677.0;text;;[];False;False;424c99b44372877d;[];ywd
1880;214;1-10;147167706.0;text;;['👍'];False;False;83fb2138165f19e9;[];hihi
1881;214;11-50;147168311.0;text;;[];True;False;96e4f2ffacb103eb;[];kos lu dimana,,, sih,,, tepatnya?
1882;214;11-50;147170678.0;text;;[];False;False;c05cbb005b92b220;[];PACARNYA BARU SIAPA SIH
1883;214;11-50;147171738.0;text;;[];False;False;b28bd15b439f0e78;[];gw kangen temen temen SMA!!!
1884;215;0;147599490.0;video/mp4;;[];False;False;113cf0a6225f0471;[];[Video]
1885;215;11-50;147605975.0;text;;[];False;False;c05cbb005b92b220;[];GW KANGEN MASAKAN RUMAH
1886;215;1-10;147605984.0;text;;[];False;True;c05cbb005b92b220;[];TOP!
1887;215;11-50;147606001.0;text;;['😘'];False;True;b5b98bb9a35603dd;[];ngakak gw liat... video... tu!
1888;215;11-50;147606393.0;text;;['🤪'];False;False;96e4f2ffacb103eb;[];nyokap nanya kapan lulus
1889;215;11-50;147606521.0;text;;[];False;False;424c99b44372877d;[];kakak gw baru... aja nikah
1890;215;0;147618802.0;image/jpeg;;[];False;False;bca3089cd372cdce;[];[Foto]
1891;215;101-500;147665866.0;image/jpeg;;['💪', '🚴\u200d♂️'];False;False;bca3089cd372cdce;[];[Foto]
1892;215;11-50;147745800.0;image/jpeg;;[];False;False;346f3cd7c6627b2d;[];[Foto]
1893;216;0;148093770.0;unknown;;[];False;False;96e4f2ffacb103eb;[];[Media tidak dikenal]
1894;216;11-50;148094618.0;text;;['😘'];False;False;96e4f2ffacb103eb;[];indomie telor udah cukup kok
1895;216;11-50;148094878.0;text;;[];False;False;c05cbb005b92b220;[];ES TEH MANIS SATU YA BANG
1896;216;0;148095032.0;video/mp4;;[];False;False;bca3089cd372cdce;[];[Video]
1897;216;11-50;148095948.0;text;;['🥲'];False;False;b28bd15b439f0e78;[];sarapan dulu baru mikir!!
1898;216;11-50;148096317.0;text;;[];False;True;113cf0a6225f0471;[];capek bgt hari ni!
1899;217;11-50;148204031.0;image/jpeg;;['😃'];False;False;bca3089cd372cdce;[];[Foto]
1900;217;1-10;148204076.0;text;;['🔍'];False;False;b28bd15b439f0e78;[];wkwk!!!
1901;217;0;148204180.0;video/mp4;;[];False;False;bca3089cd372cdce;[];[Video]
1902;217;1-10;148204318.0;text;;[];False;False;b28bd15b439f0e78;[];yuk!!
1903;217;1-10;148204319.0;text;;['🥰'];False;False;b28bd15b439f0e78;[];yoi!!!
1904;218;0;148354517.0;image/jpeg;;[];False;False;346f3cd7c6627b2d;[];[Foto]
1905;218;0;148354548.0;image/jpeg;;[];False;False;346f3cd7c6627b2d;[];[Foto]
1906;218;51-100;148354660.0;text;;[];False;False;346f3cd7c6627b2d;[];adek gw mau masukkkk kuliah tahun depan gw harus bantu cariin info jurusan
1907;218;1-10;148355133.0;text;;[];False;False;c05cbb005b92b220;[];HAYUK
1908;218;11-50;148359704.0;text;;['😁'];True;False;113cf0a6225f0471;[];tu tempatnya jauh ga?
1909;218;51-100;148364479.0;text;;[];False;False;424c99b44372877d;[];tadi pagi gw olahraga lari keliling kampus 5 putaran badan pegel semua
1910;218;0;148372414.0;image/jpeg;;[];False;False;96e4f2ffacb103eb;[];[Foto]
1911;218;0;148372415.0;image/jpeg;;[];False;False;96e4f2ffacb103eb;[];[Foto]
1912;218;0;148372423.0;image/jpeg;;[];False;False;96e4f2ffacb103eb;[];[Foto]
1913;218;0;148372423.0;image/jpeg;;[];False;False;96e4f2ffacb103eb;[];[Foto]
1914;218;0;148372423.0;image/jpeg;;[];False;False;96e4f2ffacb103eb;[];[Foto]
1915;219;11-50;149845815.0;text;;[];False;True;c05cbb005b92b220;[];SERU BANGET TADI MALEM!
1916;219;11-50;149845834.0;text;;[];False;False;c05cbb005b92b220;[];DUIT BULANAN BELUM DIKIRIM
1917;219;11-50;149845891.0;text;;['😂'];False;True;113cf0a6225f0471;[];ngakak gw liat video tu!
1918;219;11-50;149845929.0;text;;[];True;False;c05cbb005b92b220;[];LU LAGI NGAPAIN SIH?
1919;219;11-50;149846090.0;text;;[];False;False;113cf0a6225f0471;[];mama minta gw pulang weekend
1920;219;11-50;149846936.0;text;;[];False;True;96e4f2ffacb103eb;[];seru banget tadi malem!,,,
1921;219;11-50;149848955.0;text;;['😘'];False;True;113cf0a6225f0471;[];ngakak gw liat video tu!
1922;220;51-100;152271078.0;text;;[];True;False;c05cbb005b92b220;[];ADA YANG TAU KENAPA KANTIN KAMPUS TUTUP LEBIH AWAL HARI INI GA SIH?
1923;220;1-10;152271285.0;text;;['🙋🏻\u200d♀️'];False;False;113cf0a6225f0471;[];ngab
1924;220;11-50;152271500.0;text;;[];False;False;c05cbb005b92b220;[];NONGKRONG YUK DI KAFE BIASA
1925;220;51-100;152272236.0;text;;[];False;True;3672f4e79ea59fcd;[];sumpah gw kaget banget pas tau nilai ujian gw ternyata bagus banget!
1926;220;1-10;152272271.0;text;;[];False;False;c05cbb005b92b220;[];NGAB
1927;220;11-50;152272294.0;text;;[];False;False;83fb2138165f19e9;[];kopiii susuu yg biasaaaa ya
1928;220;1-10;152272375.0;text;;[];False;False;7c76a5054399f04a;[];cuy
1929;220;1-10;152274507.0;text;;[];False;True;c05cbb005b92b220;[];KEREN!
1930;220;11-50;152275719.0;text;;[];False;False;424c99b44372877d;[];es teh manis... satu ya bang
1931;220;11-50;152275761.0;text;;[];False;True;c05cbb005b92b220;[];ENAK BANGET MAKANANNYA!
1932;220;11-50;152275881.0;text;;[];False;False;424c99b44372877d;[];gw lagi diet... tapi gagal mulu
1933;220;1-10;152275948.0;text;;[];False;False;c05cbb005b92b220;[];SIS
1934;220;11-50;152328303.0;text;;['😬'];False;False;96e4f2ffacb103eb;[];tadi gw makan nasi padang
1935;220;1-10;152338549.0;text;;['😥'];False;False;c05cbb005b92b220;[];SIP
1936;220;11-50;152416675.0;text;;[];False;False;113cf0a6225f0471;[];indomie telor udah cukup kok
1937;221;11-50;153539344.0;text;;[];True;False;113cf0a6225f0471;[];kapan terakhir kali ketemu?
1938;221;11-50;153539756.0;text;;['🙋🏻\u200d♀️'];False;False;bca3089cd372cdce;[];rueni kaapn ya kita
1939;221;1-10;153539797.0;text;;['👏'];False;False;113cf0a6225f0471;[];udah
1940;221;1-10;153540517.0;text;;[];False;True;c05cbb005b92b220;[];GOKS!
1941;221;11-50;153540530.0;text;;[];True;False;c05cbb005b92b220;[];PINJAM CATETAN BOLEH GA?
1942;221;1-10;153540551.0;text;;[];False;False;113cf0a6225f0471;[];cape
1943;221;1-10;153558537.0;text;;[];False;False;7c76a5054399f04a;[];cape
1944;221;1-10;153559421.0;text;;[];False;False;b28bd15b439f0e78;[];trus!!!
1945;222;11-50;154263185.0;image/jpeg;;['✨'];False;True;3672f4e79ea59fcd;[];[Foto]
1946;222;11-50;154263186.0;image/jpeg;;['✨'];False;True;3672f4e79ea59fcd;[];[Foto]
1947;222;11-50;154263501.0;text;;['😍'];False;True;113cf0a6225f0471;[];parah sih tadi kejadiannya!
1948;222;11-50;154263623.0;text;;['👏🏻', '😃', '😍'];False;False;bca3089cd372cdce;[];semianr tadi lama bgt
1949;222;11-50;154264135.0;text;;[];False;False;424c99b44372877d;[];seminar tadi lama... banget
1950;223;0;157418622.0;video/mp4;;[];False;False;bca3089cd372cdce;[];[Video]
1951;223;0;158122091.0;image/jpeg;;[];False;False;3672f4e79ea59fcd;[];[Foto]
1952;223;11-50;158124872.0;text;;[];False;False;424c99b44372877d;[];gw lagi di atm sebentar
1953;223;11-50;158124971.0;text;;[];False;True;b5b98bb9a35603dd;[];gw bangga sm lu... bro!
1954;223;11-50;158126451.0;video/mp4;;[];False;True;113cf0a6225f0471;[];[Video]
1955;223;0;158128252.0;image/jpeg;;[];False;False;3672f4e79ea59fcd;[];[Foto]
1956;224;11-50;158226256.0;text;;[];True;False;c05cbb005b92b220;[];ITU TEMPATNYA JAUH GA?
1957;224;11-50;158226353.0;text;;[];False;False;c05cbb005b92b220;[];GW BARU AJA KETEMU MANTAN
1958;224;11-50;158226359.0;text;;[];True;False;113cf0a6225f0471;[];tu tempatnya jauh ga?
1959;224;1-10;158226370.0;text;;[];False;False;b28bd15b439f0e78;[];woles!!
1960;224;51-100;158226395.0;text;;['🤣', '😂'];False;False;bca3089cd372cdce;[];besok ad bazaar di kampsu ktaanya banyak maknaan murah, pada ikut ga
1961;224;1-10;158229307.0;text;;['😂'];False;False;113cf0a6225f0471;[];woles
1962;225;51-100;158358046.0;text;;[];False;True;c05cbb005b92b220;[];GW BANGGA BANGET SAMA KALIAN SEMUA YANG UDAH LULUS SEMESTER INI!
1963;225;11-50;158358063.0;text;;[];False;False;c05cbb005b92b220;[];BENTAR YA GW LG DI JALAN
1964;225;11-50;158358077.0;text;;[];False;False;83fb2138165f19e9;[];gw lagiii di atm sebentarrr
1965;225;11-50;158365980.0;text;;[];False;False;c05cbb005b92b220;[];BARU BANGUN NIH MASIH NGANTUK
1966;225;51-100;158366065.0;text;;['🤣'];False;True;c05cbb005b92b220;[];GOKIL SIH MAKANAN DI TEMPAT BARU ITU ENAK BANGET HARGANYA MURAH LAGI!
1967;225;51-100;158368237.0;text;;[];False;True;c05cbb005b92b220;[];GOKIL SIH MAKANAN DI TEMPAT BARU ITU ENAK BANGET HARGANYA MURAH LAGI!
1968;226;0;158465187.0;image/jpeg;;[];False;False;b5b98bb9a35603dd;[];[Foto]
1969;226;0;158465188.0;image/jpeg;;[];False;False;b5b98bb9a35603dd;[];[Foto]
1970;226;0;158465195.0;image/jpeg;;[];False;False;b5b98bb9a35603dd;[];[Foto]
1971;226;0;158465195.0;image/jpeg;;[];False;False;b5b98bb9a35603dd;[];[Foto]
1972;226;0;158465196.0;image/jpeg;;[];False;False;b5b98bb9a35603dd;[];[Foto]
1973;226;0;158465199.0;image/jpeg;;[];False;False;b5b98bb9a35603dd;[];[Foto]
1974;226;0;158465199.0;image/jpeg;;[];False;False;b5b98bb9a35603dd;[];[Foto]
1975;226;0;158465201.0;image/jpeg;;[];False;False;b5b98bb9a35603dd;[];[Foto]
1976;226;0;158481134.0;video/mp4;;[];False;False;bca3089cd372cdce;[];[Video]
1977;227;0;158845116.0;system;;[];False;False;113cf0a6225f0471;[];[Pesan sistem]
1978;227;11-50;159190101.0;text;;['😅', '🎂'];False;True;bca3089cd372cdce;[];sreu bgt taid malem!
1979;227;11-50;159190375.0;text;;['⏱️', '😂'];False;False;b28bd15b439f0e78;[];duit bulanan belum dikirim!!!
1980;227;11-50;159218760.0;text;;[];False;False;96e4f2ffacb103eb;[];gw kangen masakan rumah,,,
1981;227;11-50;159219064.0;text;;[];False;True;b5b98bb9a35603dd;[];seru bgt tadi malem!...
1982;227;11-50;159219078.0;text;;[];False;False;424c99b44372877d;[];mama minta gw pulang weekend
1983;227;11-50;159243863.0;text;;[];False;False;83fb2138165f19e9;[];adek gw masukk sma tahun ini
1984;227;11-50;159244991.0;text;;[];False;False;c05cbb005b92b220;[];DUIT BULANAN BELUM DIKIRIM
1985;227;1-10;159245595.0;text;;['🥰'];False;False;b28bd15b439f0e78;[];yess!!
1986;228;51-100;159443029.0;text;;[];False;True;113cf0a6225f0471;[];parah bgt macetnya tadi di jalan, gw sampe telat 1 jam ke kampus!
1987;228;11-50;159443059.0;text;;[];True;False;113cf0a6225f0471;[];nilai keluar kapan ya?
1988;228;1-10;159444626.0;text;;[];False;False;c05cbb005b92b220;[];OOH
1989;228;11-50;159444794.0;text;;['🙋🏻\u200d♀️'];False;True;bca3089cd372cdce;[];gw sneeng bgt dapet a!
1990;228;11-50;159444804.0;text;;['😞'];False;False;b5b98bb9a35603dd;[];rame bgt disini cuy
1991;228;11-50;159445557.0;text;;[];False;False;424c99b44372877d;[];gw naik ojol... aja deh
1992;229;11-50;159522367.0;text;;[];False;False;96e4f2ffacb103eb;[];playlist lo,,, yang mana,,, sih
1993;229;51-100;159522829.0;text;;[];True;False;bca3089cd372cdce;[];siapa sih yg spread gosip tu ke grup sebelah, tau ga orangnya?
1994;229;51-100;159522904.0;text;;['🤗'];False;False;b28bd15b439f0e78;[];tadi pagi gw olahraga lari keliling kampus 5 putaran badan pegel semua!!
1995;229;11-50;159522965.0;text;;['🤣', '😂'];True;False;bca3089cd372cdce;[];siapa aja yg daten?g
1996;229;101-500;159523471.0;text;;[];False;False;b28bd15b439f0e78;[];gw pengen curhat sedikit nih. akhir akhir ini gw ngerasa burnout banget sama rutinitas kuliah yang itu itu aja. bangun pagi, kuliah, tugas, tidur, repeat. kadang gw ngerasa kayak robot yang cuma jalan sesuai program tanpa tau tujuan akhirnya apa. mungkin gw butuh liburan beneran buat refresh otak!!
1997;229;51-100;159523482.0;text;;[];False;False;b28bd15b439f0e78;[];gw lagi belajar masak sendiri biar ga jajan terus lumayan hemat soalnya!!!
1998;230;11-50;159524952.0;text;;[];False;False;b28bd15b439f0e78;[];adek gw masuk SMA tahun ini!!
1999;230;11-50;159528272.0;text;;[];False;True;bca3089cd372cdce;[];seru bgt tadi malem!
2000;230;101-500;159529123.0;text;;[];False;False;3672f4e79ea59fcd;[];Gw pengen curhat sedikit nih. akhir akhir ini gw ngerasa burnout banget sama rutinitas kuliah yang itu itu aja. bangun pagi, kuliah, tugas, tidur, repeat. kadang gw ngerasa kayak robot yang cuma jalan sesuai program tanpa tau tujuan akhirnya apa. mungkin gw butuh liburan beneran buat refresh otak.
2001;230;1-10;159532017.0;text;;['👏'];False;False;113cf0a6225f0471;[];anjay
2002;230;51-100;159581971.0;text;;['🤪'];False;False;96e4f2ffacb103eb;[];gw nonton film dokumenter,,, semalam tentang laut dan ikan,,,, bagus banget
2003;230;1-10;159582381.0;text;;[];False;True;c05cbb005b92b220;[];TOP!
2004;230;1-10;159582385.0;text;;[];False;False;c05cbb005b92b220;[];NOTED
2005;230;1-10;159606662.0;text;;[];False;True;113cf0a6225f0471;[];astaga!
2006;231;0;159688362.0;image/jpeg;;[];False;False;83fb2138165f19e9;[];[Foto]
2007;231;0;159688363.0;image/jpeg;;[];False;False;83fb2138165f19e9;[];[Foto]
2008;231;0;159688364.0;image/jpeg;;[];False;False;83fb2138165f19e9;[];[Foto]
2009;231;0;159688364.0;image/jpeg;;[];False;False;83fb2138165f19e9;[];[Foto]
2010;231;0;159688365.0;image/jpeg;;[];False;False;83fb2138165f19e9;[];[Foto]
2011;231;0;159688367.0;image/jpeg;;[];False;False;83fb2138165f19e9;[];[Foto]
2012;231;0;159688368.0;image/jpeg;;[];False;False;83fb2138165f19e9;[];[Foto]
2013;231;0;159689549.0;image/jpeg;;[];False;False;c05cbb005b92b220;[];[Foto]
2014;231;0;159689550.0;image/jpeg;;[];False;False;c05cbb005b92b220;[];[Foto]
2015;231;0;159689550.0;image/jpeg;;[];False;False;c05cbb005b92b220;[];[Foto]
2016;231;0;159689553.0;image/jpeg;;[];False;False;c05cbb005b92b220;[];[Foto]
2017;231;0;159689553.0;image/jpeg;;[];False;False;c05cbb005b92b220;[];[Foto]
2018;231;0;159689553.0;image/jpeg;;[];False;False;c05cbb005b92b220;[];[Foto]
2019;231;0;159689557.0;image/jpeg;;[];False;False;c05cbb005b92b220;[];[Foto]
2020;231;11-50;159697989.0;text;;[];False;False;424c99b44372877d;[];gw kangen masakan rumah
2021;231;11-50;159698440.0;text;;['🎊'];False;True;b5b98bb9a35603dd;[];ngakak gw liat video... tu!
2022;232;11-50;161159351.0;text;;['🎂'];False;True;c05cbb005b92b220;[];GOKIL ABIS PERTANDINGANNYA!
2023;232;11-50;161159372.0;text;;[];False;True;c05cbb005b92b220;[];SAKIT HATI GW DENGERNYA!
2024;232;1-10;161159440.0;text;;['😘'];False;False;b5b98bb9a35603dd;[];hem
2025;232;51-100;161159593.0;text;;['😄'];False;False;c05cbb005b92b220;[];LAPTOP GW MULAI LEMOT NIH KAYAKNYA HARUS INSTALL ULANG ATAU GANTI RAM
2026;232;101-500;161159718.0;text;;[];True;False;b5b98bb9a35603dd;[];menurut kalian knp ya... generasi kita tuh kayaknya lebih... gampang stres dan burnout dibanding generasi orang tua kita dulu? apa krn tekanan sosmed atau... emang tuntutan hidup... yg makin tinggi ya? gw penasaran aja sih soalnya temen temen gw banyak yg ngeluh hal yg... sm
2027;232;11-50;161159766.0;text;;[];False;False;c05cbb005b92b220;[];GW LG SIBUK BGT MINGGU INI
2028;232;11-50;161160270.0;text;;['😘'];False;True;bca3089cd372cdce;[];gokil abis pretandingannya!
2029;232;1-10;161171104.0;text;;['😘'];False;False;b5b98bb9a35603dd;[];oh
2030;232;1-10;161172827.0;text;;['☺️'];False;False;b5b98bb9a35603dd;[];eh
2031;233;11-50;161419585.0;image/jpeg;;[];False;False;c05cbb005b92b220;[];[Foto]
2032;233;11-50;161419586.0;image/jpeg;;[];False;False;c05cbb005b92b220;[];[Foto]
2033;233;51-100;161419653.0;text;;[];False;False;c05cbb005b92b220;[];WEEKEND INI GW MAU STAYCATION AJA DI KOSAN BINGE WATCHING SERIES BARU
2034;233;1-10;161420914.0;text;;['👏'];False;False;113cf0a6225f0471;[];ngab
2035;234;0;162777737.0;sticker/webp;;[];False;False;113cf0a6225f0471;[];[Stiker]
2036;234;51-100;162777739.0;text;;[];False;True;113cf0a6225f0471;[];seneng bgt gw dapet tawaran magang di perusahaan impian gw!
2037;234;11-50;162778662.0;text;;[];False;True;b28bd15b439f0e78;[];sedih banget ceritanya!!!
2038;234;11-50;162778767.0;text;;['😂'];False;False;7c76a5054399f04a;[];jangan bilang siapa siapa ya
2039;234;1-10;162778777.0;text;;[];False;True;7c76a5054399f04a;[];joss!
2040;234;11-50;162784668.0;text;;[];False;False;424c99b44372877d;[];gw berantem sama si anu
2041;234;11-50;162786536.0;text;;[];False;True;96e4f2ffacb103eb;[];sedih banget,,, ceritanya!
2042;234;11-50;162875124.0;text;;['🥰'];False;True;7c76a5054399f04a;[];gw kaget pas denger itu!
2043;235;11-50;163896425.0;text;;['🤔'];False;False;113cf0a6225f0471;[];keluarga ngumpul lebaran ntr
2044;235;11-50;163896464.0;text;;[];True;False;113cf0a6225f0471;[];lu lg ngapain sih?
2045;235;51-100;163896542.0;text;;['😁'];False;True;113cf0a6225f0471;[];ngakak parah tadi di kelas ad yg ketiduran pas dosen nerangin!
2046;235;11-50;163897877.0;text;;['🤪'];False;False;96e4f2ffacb103eb;[];gw baru aja,,, ketemu mantan
2047;235;11-50;163898057.0;text;;[];False;False;424c99b44372877d;[];nyokap nanya kapan... lulus
2048;235;11-50;163898142.0;text;;[];False;True;c05cbb005b92b220;[];SERU BANGET TADI MALEM!
2049;235;11-50;163898967.0;text;;[];False;False;83fb2138165f19e9;[];film baruuu di bioskoppp bagusss ga
2050;235;11-50;163921265.0;text;;[];False;True;7c76a5054399f04a;[];seru banget tadi malem!
2051;235;11-50;163921303.0;text;;['😘'];False;True;bca3089cd372cdce;[];ngakak gw liat video tu!
2052;235;11-50;163921319.0;text;;[];False;True;b28bd15b439f0e78;[];ngakak gw liat video itu!!
2053;236;51-100;164099602.0;text;;[];False;False;83fb2138165f19e9;[];semalam hujan gede banget sampe kosannnn gw mati lampu semaleman gila
2054;236;1-10;164099637.0;text;;[];False;True;c05cbb005b92b220;[];EDAN!
2055;236;1-10;164099700.0;text;;['🙋🏻\u200d♀️'];False;False;113cf0a6225f0471;[];dih
2056;236;1-10;164099779.0;text;;['😄'];False;True;bca3089cd372cdce;[];buset!
2057;236;1-10;164100367.0;text;;[];False;False;b28bd15b439f0e78;[];btw!!!
2058;236;1-10;164100614.0;text;;[];False;False;424c99b44372877d;[];dih
2059;236;1-10;164100706.0;text;;['🔥'];False;False;7c76a5054399f04a;[];bete
2060;236;11-50;164154195.0;text;;['😬'];False;False;96e4f2ffacb103eb;[];game baru udah download belum
2061;237;1-10;164276056.0;text;;[];False;False;b5b98bb9a35603dd;[];kok
2062;237;11-50;164276083.0;text;;[];True;False;b28bd15b439f0e78;[];wifi password nya apa sih!!
2063;237;1-10;164276114.0;text;;[];False;False;83fb2138165f19e9;[];wahhh
2064;237;11-50;164304940.0;text;;[];False;False;c05cbb005b92b220;[];JANGAN LUPA BAWA DUIT CASH
2065;238;11-50;164417067.0;text;;[];False;True;c05cbb005b92b220;[];GW KAGET PAS DENGER ITU!
2066;238;1-10;164422366.0;text;;[];False;False;83fb2138165f19e9;[];dongggg
2067;238;11-50;164446088.0;image/jpeg;;['😄'];False;True;bca3089cd372cdce;[];[Foto]
2068;238;0;164462144.0;image/jpeg;;[];False;False;113cf0a6225f0471;[];[Foto]
2069;238;0;164462145.0;image/jpeg;;[];False;False;113cf0a6225f0471;[];[Foto]
2070;238;0;164462145.0;image/jpeg;;[];False;False;113cf0a6225f0471;[];[Foto]
2071;238;0;164462148.0;image/jpeg;;[];False;False;113cf0a6225f0471;[];[Foto]
2072;238;0;164462148.0;image/jpeg;;[];False;False;113cf0a6225f0471;[];[Foto]
2073;238;0;164462148.0;image/jpeg;;[];False;False;113cf0a6225f0471;[];[Foto]
2074;238;0;164462150.0;image/jpeg;;[];False;False;113cf0a6225f0471;[];[Foto]
2075;238;0;164462151.0;image/jpeg;;[];False;False;113cf0a6225f0471;[];[Foto]
2076;239;51-100;165049431.0;text;;[];False;False;c05cbb005b92b220;[];GW PENGEN BANGET LIBURAN KE PANTAI TAPI DUIT LAGI TIPIS BANGET SEKARANG
2077;239;101-500;165049536.0;text;;[];False;True;c05cbb005b92b220;[];PARAH BANGET BANJIR DI DAERAH KOSAN GW SEMALAM SAMPAI AIR MASUK KE KAMAR SETINGGI BETIS! BARANG BARANG GW BANYAK YANG KERENDEM TERMASUK BUKU KULIAH DAN SEPATU. GW HARUS NGUNGSI KE KOSAN TEMEN DAN SEKARANG LAGI BERSIHIN SEMUA BARANG. SEMOGA GA ADA YANG RUSAK PARAH SIH!
2078;239;1-10;165059078.0;text;;['👍'];False;False;96e4f2ffacb103eb;[];wkwkw
2079;239;1-10;165059083.0;text;;[];False;False;96e4f2ffacb103eb;[];gabut
2080;239;1-10;165127816.0;text;;['🙋🏻\u200d♀️'];False;False;113cf0a6225f0471;[];hihi
2081;240;51-100;166090379.0;text;;[];False;True;113cf0a6225f0471;[];sedih bgt gw hrs pisah sm temen kos gw yg udah pindah!
2082;240;1-10;166091169.0;text;;[];False;True;c05cbb005b92b220;[];BUSET!
2083;240;11-50;166091181.0;text;;[];False;True;c05cbb005b92b220;[];STRESS BERAT GW SAMA TUGAS!
2084;240;1-10;166092828.0;text;;['🤦🏻\u200d♀️'];False;False;113cf0a6225f0471;[];njir
2085;241;51-100;166428459.0;text;;[];True;False;b5b98bb9a35603dd;[];gmn caranya biar bs... fokus belajar... tanpa main hp terus ya?
2086;241;1-10;166428477.0;text;;[];False;True;113cf0a6225f0471;[];yay!
2087;241;1-10;166429155.0;text;;[];False;False;b5b98bb9a35603dd;[];woi
2088;242;0;166887954.0;image/jpeg;;[];False;False;c05cbb005b92b220;[];[Foto]
2089;242;0;166887957.0;image/jpeg;;[];False;False;c05cbb005b92b220;[];[Foto]
2090;242;0;166887958.0;image/jpeg;;[];False;False;c05cbb005b92b220;[];[Foto]
2091;242;0;166887960.0;image/jpeg;;[];False;False;c05cbb005b92b220;[];[Foto]
2092;242;0;166887960.0;image/jpeg;;[];False;False;c05cbb005b92b220;[];[Foto]
2093;242;0;166887963.0;image/jpeg;;[];False;False;c05cbb005b92b220;[];[Foto]
2094;242;0;166887964.0;image/jpeg;;[];False;False;c05cbb005b92b220;[];[Foto]
2095;242;0;166887966.0;image/jpeg;;[];False;False;c05cbb005b92b220;[];[Foto]
2096;242;0;166887966.0;image/jpeg;;[];False;False;c05cbb005b92b220;[];[Foto]
2097;242;11-50;166918482.0;image/jpeg;;[];True;False;bca3089cd372cdce;[];[Foto]
2098;242;1-10;166919952.0;text;;[];False;False;b28bd15b439f0e78;[];goks!!
2099;242;11-50;166920751.0;image/jpeg;;[];True;False;bca3089cd372cdce;[];[Foto]
2100;242;11-50;166920770.0;text;;[];False;False;b28bd15b439f0e78;[];playlist lo yang mana sih!!!
2101;242;1-10;166920779.0;text;;['😂'];False;False;b28bd15b439f0e78;[];gila!!
2102;242;1-10;166920797.0;text;;['🙋🏻\u200d♀️'];False;False;113cf0a6225f0471;[];pasti
2103;242;11-50;166920811.0;text;;['😂'];False;True;bca3089cd372cdce;[];seru bgt tadi malem!
2104;242;1-10;166920824.0;text;;['🤷🏻\u200d♀️'];False;False;113cf0a6225f0471;[];hayuk
2105;243;11-50;167719618.0;video/mp4;;[];False;True;113cf0a6225f0471;[];[Video]
2106;243;11-50;167719640.0;text;;[];False;False;83fb2138165f19e9;[];gw lagi diet tapiii gagal muluuu
2107;243;11-50;167719918.0;text;;[];False;True;96e4f2ffacb103eb;[];enak banget,,, makanannya!,,,
2108;244;0;168313743.0;system;;[];False;False;3672f4e79ea59fcd;[];[Pesan sistem]
2109;244;11-50;168656392.0;image/jpeg;;[];False;False;c05cbb005b92b220;[];[Foto]
2110;244;11-50;168656537.0;text;;[];False;False;7c76a5054399f04a;[];game baru udah download belum
2111;244;1-10;168656574.0;text;;[];False;True;113cf0a6225f0471;[];buset!
2112;244;11-50;168657782.0;image/jpeg;;[];False;True;c05cbb005b92b220;[];[Foto]
2113;244;0;168850053.0;system;;[];False;False;424c99b44372877d;[];[Pesan sistem]
2114;245;51-100;169261863.0;text;;[];True;True;113cf0a6225f0471;[];gmn caranya biar bs fokus belajar tanpa main hp terus ya?
2115;245;11-50;169261939.0;text;;[];False;False;113cf0a6225f0471;[];gw udah di parkiran nih
2116;245;11-50;169261939.0;text;;[];False;False;113cf0a6225f0471;[];jangan lupa bawa duit cash
2117;245;11-50;169261942.0;text;;[];False;False;113cf0a6225f0471;[];macet parah di jalan tol
2118;245;11-50;169261943.0;text;;[];False;False;113cf0a6225f0471;[];kita ketemuan dmn aja deh
2119;245;11-50;169261943.0;text;;[];False;False;113cf0a6225f0471;[];kita ketemuan dmn aja deh
2120;245;11-50;169261943.0;text;;[];False;False;113cf0a6225f0471;[];rame bgt disini cuy
2121;245;11-50;169261944.0;text;;[];False;False;113cf0a6225f0471;[];gw lg di warkop nih
2122;245;11-50;169261947.0;text;;[];False;False;113cf0a6225f0471;[];ketemuan di mall jam 3 ya
2123;245;51-100;169261957.0;text;;['😄'];False;False;bca3089cd372cdce;[];gw lg nyoba masak rendang resep nyokap tp kyaaknya gagal total deh
2124;245;1-10;169262002.0;text;;[];False;True;113cf0a6225f0471;[];aduh!
2125;246;11-50;171418439.0;text;;['🎂'];False;True;113cf0a6225f0471;[];sumpah tu lucu parah!
2126;246;11-50;171426028.0;text;;[];False;True;b5b98bb9a35603dd;[];gw bangga sm lu... bro!...
2127;246;11-50;171429015.0;text;;[];False;True;c05cbb005b92b220;[];MAKASIH BANGET YA SEMUANYA!
2128;246;11-50;171429486.0;text;;[];False;True;b28bd15b439f0e78;[];bahaya banget jalanannya!!!
2129;246;11-50;171430137.0;text;;[];False;False;83fb2138165f19e9;[];bentarrrr ya gw lg di jalannn
2130;246;11-50;171433223.0;text;;[];False;False;c05cbb005b92b220;[];CHARGER HP GW RUSAK LAGI
2131;246;11-50;171435184.0;text;;[];False;True;96e4f2ffacb103eb;[];bahaya banget jalanannya!
2132;246;1-10;171435196.0;text;;[];True;False;96e4f2ffacb103eb;[];ada?
2133;246;11-50;171437148.0;text;;[];False;False;424c99b44372877d;[];gw baru ganti nomor btw
2134;246;1-10;171442383.0;text;;[];False;False;c05cbb005b92b220;[];HEM
2135;246;51-100;171442421.0;text;;[];False;False;c05cbb005b92b220;[];DUIT JAJAN GW ABIS PADAHAL BARU TANGGAL 15 HARUS NGIRIT BANGET NIH
2136;246;11-50;171442734.0;text;;[];False;False;424c99b44372877d;[];ntar gw kabarin lagi... deh
2137;246;1-10;171444188.0;text;;['😂'];False;False;96e4f2ffacb103eb;[];oh
2138;247;101-500;171756705.0;text;;[];False;False;c05cbb005b92b220;[];KEMARIN GW IKUT KEGIATAN BAKTI SOSIAL YANG DIADAIN SAMA BEM FAKULTAS. KITA KE PANTI ASUHAN DI PINGGIRAN KOTA BUAT NGAJAR ANAK ANAK DAN BAGI BAGI SEMBAKO. SERU BANGET SIH DAN BIKIN HATI ADEM. ANAK ANAKNYA LUCU LUCU DAN SEMANGAT BANGET BELAJAR WALAU FASILITAS MEREKA TERBATAS. JADI PENGEN RUTIN KESANA
2139;247;101-500;171756708.0;text;;[];False;False;c05cbb005b92b220;[];GW LAGI BELAJAR CODING OTODIDAK DARI YOUTUBE BUAT NAMBAH SKILL. MULAI DARI HTML CSS DULU BARU PELAN PELAN KE JAVASCRIPT. LUMAYAN SUSAH SIH AWALNYA TAPI LAMA LAMA MULAI PAHAM JUGA. SIAPA TAU NANTI BISA BIKIN PORTFOLIO SENDIRI DAN DAPET KERJAAN FREELANCE BUAT NAMBAH UANG JAJAN SELAMA KULIAH
2140;247;51-100;171756731.0;text;;[];False;False;c05cbb005b92b220;[];TADI GW ANTRI DI ADMINISTRASI KAMPUS 2 JAM CUMA BUAT NGURUS SURAT
2141;247;51-100;171756817.0;text;;[];False;True;c05cbb005b92b220;[];STRESS LEVEL GW UDAH MAXIMUM NIH SAMA TUGAS YANG NUMPUK KEMANA MANA!
2142;247;1-10;171767569.0;text;;['👏', '🙋🏻\u200d♀️'];False;False;113cf0a6225f0471;[];okey
2143;247;51-100;171768046.0;text;;[];True;False;c05cbb005b92b220;[];ADA YANG PUNYA SOFTCOPY BUKU MATA KULIAH STATISTIK SEMESTER INI GA?
2144;247;11-50;171876244.0;text;;[];False;True;3672f4e79ea59fcd;[];sumpah itu lucu parah!
2145;248;0;172387876.0;image/jpeg;;[];False;False;b28bd15b439f0e78;[];[Foto]
2146;248;0;172387876.0;image/jpeg;;[];False;False;b28bd15b439f0e78;[];[Foto]
2147;248;0;172387877.0;image/jpeg;;[];False;False;b28bd15b439f0e78;[];[Foto]
2148;248;0;172387878.0;image/jpeg;;[];False;False;b28bd15b439f0e78;[];[Foto]
2149;248;0;172387879.0;image/jpeg;;[];False;False;b28bd15b439f0e78;[];[Foto]
2150;248;0;172387879.0;image/jpeg;;[];False;False;b28bd15b439f0e78;[];[Foto]
2151;248;0;172387880.0;image/jpeg;;[];False;False;b28bd15b439f0e78;[];[Foto]
2152;248;0;172387880.0;image/jpeg;;[];False;False;b28bd15b439f0e78;[];[Foto]
2153;248;0;172387880.0;image/jpeg;;[];False;False;b28bd15b439f0e78;[];[Foto]
2154;248;0;172387882.0;image/jpeg;;[];False;False;b28bd15b439f0e78;[];[Foto]
2155;248;0;172387883.0;image/jpeg;;[];False;False;b28bd15b439f0e78;[];[Foto]
2156;248;0;172387884.0;image/jpeg;;[];False;False;b28bd15b439f0e78;[];[Foto]
2157;248;0;172387885.0;image/jpeg;;[];False;False;b28bd15b439f0e78;[];[Foto]
2158;248;0;172402014.0;image/jpeg;;[];False;False;3672f4e79ea59fcd;[];[Foto]
2159;248;0;172402036.0;image/jpeg;;[];False;False;3672f4e79ea59fcd;[];[Foto]
2160;248;0;172402063.0;image/jpeg;;[];False;False;3672f4e79ea59fcd;[];[Foto]
2161;248;0;172402065.0;image/jpeg;;[];False;False;3672f4e79ea59fcd;[];[Foto]
2162;249;11-50;172741893.0;text;;['🎂'];False;True;113cf0a6225f0471;[];enak bgt makanannya!
2163;249;0;172741895.0;sticker/webp;;[];False;False;113cf0a6225f0471;[];[Stiker]
2164;249;11-50;172741922.0;text;;[];False;False;83fb2138165f19e9;[];indomie telorrr udah cukup kokkkk
2165;249;11-50;172745126.0;text;;['🎁', '🎊', '🎉'];False;True;bca3089cd372cdce;[];enak bgt makanannya!
2166;249;11-50;172745747.0;text;;[];False;True;c05cbb005b92b220;[];ENAK BANGET MAKANANNYA!
2167;249;11-50;172745751.0;text;;[];False;True;b28bd15b439f0e78;[];enak banget makanannya!!
2168;249;11-50;172747535.0;text;;[];False;True;96e4f2ffacb103eb;[];capek banget hari ini!
2169;249;11-50;172971987.0;image/jpeg;;[];True;False;113cf0a6225f0471;[];[Foto]
2170;249;11-50;174530437.0;image/jpeg;;[];False;False;c05cbb005b92b220;[];[Foto]
2171;250;1-10;176459753.0;image/jpeg;;[];False;False;113cf0a6225f0471;[];[Foto]
2172;250;1-10;176459785.0;image/jpeg;;[];False;False;113cf0a6225f0471;[];[Foto]
2173;251;0;176631557.0;image/jpeg;;[];False;False;113cf0a6225f0471;[];[Foto]
2174;251;11-50;176631600.0;text;;[];True;False;113cf0a6225f0471;[];gw hrs bawa apa aja?
2175;251;1-10;176632100.0;text;;[];False;False;83fb2138165f19e9;[];yoiiiii
2176;251;11-50;176632367.0;text;;['😂'];True;False;113cf0a6225f0471;[];besok libur bukan sih?
2177;252;0;177311683.0;image/jpeg;;[];False;False;83fb2138165f19e9;[];[Foto]
2178;252;11-50;177666215.0;text;;[];True;False;bca3089cd372cdce;[];msh buka ga warungnya?
2179;252;1-10;177666237.0;text;;['😋', '😊'];False;False;bca3089cd372cdce;[];yoii
2180;252;1-10;177674714.0;text;;[];False;False;113cf0a6225f0471;[];iyaa
2181;252;0;177722179.0;image/jpeg;;[];False;False;424c99b44372877d;[];[Foto]
2182;253;11-50;177900037.0;image/jpeg;;[];False;False;c05cbb005b92b220;[];[Foto]
2183;253;0;177928115.0;image/jpeg;;[];False;False;113cf0a6225f0471;[];[Foto]
2184;253;11-50;177928181.0;text;;[];False;True;113cf0a6225f0471;[];asik besok libur guys!
2185;254;51-100;178626049.0;image/jpeg;;[];False;True;3672f4e79ea59fcd;[];[Foto]
2186;254;11-50;178628015.0;text;;['🎉', '😚'];False;True;b5b98bb9a35603dd;[];parah sih tadi kejadiannya!
2187;254;11-50;178629659.0;image/jpeg;;[];False;True;bca3089cd372cdce;[];[Foto]
2188;254;11-50;178634420.0;text;;[];False;False;96e4f2ffacb103eb;[];kelas tambahan hari sabtu sih
2189;254;11-50;178642086.0;text;;[];True;False;3672f4e79ea59fcd;[];gimana kabar lu sekarang?
2190;254;1-10;178642089.0;text;;[];False;False;3672f4e79ea59fcd;[];Hmm.
2191;254;1-10;178642108.0;text;;[];False;False;3672f4e79ea59fcd;[];Gpp.
2192;254;11-50;178642245.0;text;;['👌🏼', '✨'];False;False;3672f4e79ea59fcd;[];Kelas tambahan hari sabtu sih.
2193;254;11-50;178642978.0;text;;[];False;False;b28bd15b439f0e78;[];sidang minggu depan doain ya!!!
2194;254;51-100;178643002.0;text;;[];False;False;b28bd15b439f0e78;[];jangan lupa besok kumpul di lobby kampus jam 8 pagi buat berangkat bareng!!!
2195;254;11-50;178643686.0;text;;[];True;False;3672f4e79ea59fcd;[];gimana kabar lu sekarang?
2196;254;11-50;178644088.0;text;;[];False;False;c05cbb005b92b220;[];LU UDAH MAKAN BELUM
2197;254;1-10;178644519.0;text;;[];False;False;3672f4e79ea59fcd;[];Gaje.
2198;255;0;179038699.0;system;;[];False;False;424c99b44372877d;[];[Pesan sistem]
2199;255;11-50;179240176.0;text;;[];False;False;424c99b44372877d;[];ntar gw kabarin lagi... deh
2200;255;11-50;179240247.0;text;;[];False;True;c05cbb005b92b220;[];MAKASIH BANGET YA SEMUANYA!
2201;255;11-50;179240327.0;image/jpeg;;['😘'];False;True;b5b98bb9a35603dd;[];[Foto]
2202;255;0;179240369.0;image/jpeg;;[];False;False;bca3089cd372cdce;[];[Foto]
2203;255;11-50;179240390.0;text;;[];False;True;bca3089cd372cdce;[];sakit hati gw dengernya!
2204;255;11-50;179240557.0;text;;['❤️', '✨'];False;True;3672f4e79ea59fcd;[];sakit hati gw dengernya!
2205;255;11-50;179276994.0;text;;[];False;True;96e4f2ffacb103eb;[];sumpah itu lucu parah!
2206;255;11-50;179279118.0;text;;['😂'];True;True;113cf0a6225f0471;[];mau nitip apa ga?
2207;256;101-500;179654888.0;text;;[];False;False;113cf0a6225f0471;[];gw baru aja beres beresin kosan dan nemu barang barang lama dr jaman sma. ad foto kelas, surat dr mantan, sm buku diary yg isinya cringe bgt kalo dibaca skrg. jadi nostalgia sendiri inget masa masa dulu yg lebih sederhana. kadang kangen jg sih jadi anak sma lg tanpa mikirin skripsi
2208;256;11-50;179656012.0;text;;[];False;False;96e4f2ffacb103eb;[];ketemuan di,,, mall jam 3 ya
2209;256;11-50;179656031.0;text;;[];False;False;96e4f2ffacb103eb;[];lu dimana sih lama banget
2210;256;11-50;179714956.0;text;;[];False;True;c05cbb005b92b220;[];GW SENENG BANGET DAPET A!
2211;256;11-50;179714994.0;text;;[];False;True;c05cbb005b92b220;[];ASIK BESOK LIBUR GUYS!
2212;256;11-50;179717045.0;text;;[];True;False;113cf0a6225f0471;[];makan apa ntar siang?
2213;256;1-10;179731028.0;text;;['😘'];False;False;96e4f2ffacb103eb;[];wah
2214;256;0;179734986.0;video/mp4;;[];False;False;bca3089cd372cdce;[];[Video]
2215;256;1-10;180264025.0;text;;[];False;False;113cf0a6225f0471;[];mah
2216;257;0;180911590.0;system;;[];False;False;96e4f2ffacb103eb;[];[Pesan sistem]
2217;257;11-50;181206856.0;text;;['🥳'];False;False;96e4f2ffacb103eb;[];dosen gw,,, galak banget,,, sih
2218;257;11-50;181206935.0;text;;[];False;True;c05cbb005b92b220;[];MANTAP BANGET HASILNYA!
2219;257;11-50;181207003.0;text;;['😘'];False;True;113cf0a6225f0471;[];gila sih lu bs gitu!
2220;257;11-50;181207771.0;text;;[];False;False;83fb2138165f19e9;[];eh tadi kelassss seru banget
2221;257;11-50;181208008.0;text;;['🎉', '🥳'];False;True;b5b98bb9a35603dd;[];mantap bgt hasilnya!
2222;257;11-50;181208559.0;text;;[];False;False;424c99b44372877d;[];presentasi gw amburadul...
2223;257;11-50;181208835.0;text;;['😘'];False;True;113cf0a6225f0471;[];mantap bgt hasilnya!
2224;258;0;182117650.0;system;;[];False;False;96e4f2ffacb103eb;[];[Pesan sistem]
2225;258;0;182120367.0;system;;[];False;False;96e4f2ffacb103eb;[];[Pesan sistem]
2226;259;11-50;182502192.0;text;;[];True;True;113cf0a6225f0471;[];tugas dikumpul kapan sih?
2227;259;1-10;182502256.0;text;;['😋', '😊'];False;False;bca3089cd372cdce;[];gas
2228;259;1-10;182502257.0;text;;['👏'];False;False;113cf0a6225f0471;[];oke
2229;259;1-10;182502281.0;text;;[];False;True;113cf0a6225f0471;[];asik!
2230;259;1-10;182508734.0;text;;[];False;False;c05cbb005b92b220;[];HAHA
2231;259;11-50;182517194.0;text;;[];False;False;424c99b44372877d;[];presentasi gw amburadul
2232;259;1-10;182550698.0;text;;['👏'];False;False;113cf0a6225f0471;[];oke
2233;259;1-10;182559155.0;text;;[];False;False;b28bd15b439f0e78;[];haha!!!
2234;259;11-50;182573228.0;text;;['😔'];False;False;96e4f2ffacb103eb;[];perpus tutup jam berapa,,, ya
2235;259;1-10;182573424.0;text;;[];False;True;113cf0a6225f0471;[];gila!
2236;260;11-50;185932343.0;text;;['🥳'];False;True;113cf0a6225f0471;[];gokil abis pertandingannya!
2237;260;11-50;185933037.0;text;;[];False;True;c05cbb005b92b220;[];GOKIL ABIS PERTANDINGANNYA!
2238;260;11-50;185939568.0;text;;[];False;False;424c99b44372877d;[];charger hp gw rusak... lagi
2239;260;11-50;185940713.0;text;;['🎉'];False;True;bca3089cd372cdce;[];makasih bgt ya semuanya!
2240;261;11-50;188528705.0;text;;[];True;False;c05cbb005b92b220;[];LU PUNYA KONTAK DIA GA?
2241;261;11-50;188528718.0;text;;[];True;False;c05cbb005b92b220;[];MAU NITIP APA GA?
2242;261;51-100;188528779.0;text;;[];False;False;c05cbb005b92b220;[];GW SENENG BANGET AKHIRNYA BISA KETEMU TEMEN TEMEN LAMA SETELAH LAMA GA
2243;261;1-10;188528960.0;text;;['😱'];False;False;113cf0a6225f0471;[];oh
2244;262;0;188747190.0;system;;[];False;False;bca3089cd372cdce;[];[Pesan sistem]
2245;262;0;188774454.0;system;;[];False;False;bca3089cd372cdce;[];[Pesan sistem]
2246;263;0;188912641.0;system;;[];False;False;96e4f2ffacb103eb;[];[Pesan sistem]
2247;263;0;188914344.0;system;;[];False;False;96e4f2ffacb103eb;[];[Pesan sistem]
2248;264;11-50;189649772.0;text;;[];False;True;113cf0a6225f0471;[];seru bgt tadi malem!
2249;264;11-50;189649848.0;text;;['🎉'];False;False;b5b98bb9a35603dd;[];kakak gw baru aja nikah
2250;264;51-100;189650095.0;text;;[];True;False;113cf0a6225f0471;[];siapa sih yg spread gosip tu ke grup sebelah, tau ga orangnya?
2251;264;11-50;189650103.0;text;;['🎂'];False;False;424c99b44372877d;[];kakak gw baru aja nikah
2252;264;51-100;189650205.0;text;;[];True;True;113cf0a6225f0471;[];siapa sih yg spread gosip tu ke grup sebelah, tau ga orangnya?
2253;264;1-10;189651987.0;text;;[];False;False;c05cbb005b92b220;[];NICE
2254;264;11-50;189681854.0;image/jpeg;;['✨'];False;True;3672f4e79ea59fcd;[];[Foto]
2255;264;1-10;189682209.0;text;;['😍'];False;False;113cf0a6225f0471;[];hayuk
2256;264;1-10;189689912.0;text;;['🥰'];False;False;96e4f2ffacb103eb;[];anjay
2257;265;11-50;191021385.0;text;;[];True;True;113cf0a6225f0471;[];wifi password nya apa sih?
2258;265;11-50;191021437.0;text;;[];True;False;c05cbb005b92b220;[];NILAI KELUAR KAPAN YA?
2259;265;11-50;191021511.0;text;;['🤔'];False;False;113cf0a6225f0471;[];gw nyari parkir dulu bentar
2260;265;11-50;191021561.0;text;;[];False;True;c05cbb005b92b220;[];ASIK BESOK LIBUR GUYS!
2261;265;11-50;191021583.0;text;;[];False;True;c05cbb005b92b220;[];ASIK BESOK LIBUR GUYS!
2262;265;11-50;191023570.0;text;;[];False;True;3672f4e79ea59fcd;[];gw seneng banget dapet A!
2263;265;1-10;191026602.0;text;;[];False;True;113cf0a6225f0471;[];yay!
2264;265;11-50;191028530.0;text;;['😔'];False;False;96e4f2ffacb103eb;[];lu dimana,,, sih lama,,, banget
2265;265;1-10;191029421.0;text;;['😞'];False;False;113cf0a6225f0471;[];mah
2266;266;0;191144557.0;unknown;;[];False;False;c05cbb005b92b220;[];[Media tidak dikenal]
2267;266;0;191144561.0;image/jpeg;;[];False;False;c05cbb005b92b220;[];[Foto]
2268;266;0;191144562.0;image/jpeg;;[];False;False;c05cbb005b92b220;[];[Foto]
2269;266;0;191144564.0;image/jpeg;;[];False;False;c05cbb005b92b220;[];[Foto]
2270;266;0;191144564.0;image/jpeg;;[];False;False;c05cbb005b92b220;[];[Foto]
2271;266;0;191144566.0;image/jpeg;;[];False;False;c05cbb005b92b220;[];[Foto]
2272;266;11-50;191146105.0;text;;[];False;False;424c99b44372877d;[];gw lagi diet tapi gagal mulu
2273;267;11-50;191146778.0;text;;[];False;False;424c99b44372877d;[];gw lg sibuk bgt... minggu ini...
2274;267;11-50;191146893.0;text;2273.0;[];False;False;113cf0a6225f0471;[];hujan deres ga bawa payung
2275;268;11-50;192540113.0;text;;[];False;True;c05cbb005b92b220;[];ASIK BESOK LIBUR GUYS!
2276;268;11-50;192540140.0;text;;[];True;False;c05cbb005b92b220;[];WIFI PASSWORD NYA APA SIH?
2277;268;11-50;192540169.0;text;;[];False;True;c05cbb005b92b220;[];GW SENENG BANGET DAPET A!
2278;268;11-50;192540561.0;text;;[];False;False;424c99b44372877d;[];kita ketemuan dimana aja deh
2279;268;11-50;192540778.0;text;;[];False;False;c05cbb005b92b220;[];GW UDAH DI PARKIRAN NIH
2280;268;1-10;192568821.0;text;2275.0;['😘'];False;True;b5b98bb9a35603dd;[];aduh!
2281;268;11-50;192572177.0;text;;['🎉', '🎊', '🎈', '🎂', '😘'];False;True;bca3089cd372cdce;[];gw seneng bgt dapet a!
2282;268;11-50;192572867.0;text;;['💜'];False;False;b28bd15b439f0e78;[];rame banget disini cuy!!
2283;268;11-50;192579447.0;text;;['😘'];False;True;b5b98bb9a35603dd;[];asik besok libur... guys!
2284;268;11-50;192580512.0;text;;[];False;True;113cf0a6225f0471;[];gw seneng bgt dapet a!
2285;268;11-50;192580533.0;text;;[];False;False;83fb2138165f19e9;[];lu dimana sih lama banget
2286;268;0;192580574.0;sticker/webp;;[];False;False;113cf0a6225f0471;[];[Stiker]
2287;268;1-10;192581257.0;text;;['😘'];False;True;b5b98bb9a35603dd;[];aduh!
2288;269;1-10;194050467.0;text;;[];False;False;7c76a5054399f04a;[];sans
2289;269;51-100;194050484.0;text;;[];True;False;7c76a5054399f04a;[];kira kira kalo gw apply magang sekarang masih keburu ga ya?
2290;269;51-100;194050507.0;text;;[];False;False;7c76a5054399f04a;[];gw harus ganti strategi belajar sih soalnya nilai uts kemarin jelek bgt
2291;269;1-10;194050521.0;text;;['😁', '♥️'];False;False;7c76a5054399f04a;[];kuy
2292;269;1-10;194050729.0;text;;[];False;False;b28bd15b439f0e78;[];btw!!
2293;269;11-50;194053909.0;text;;['👏🏻'];False;True;c05cbb005b92b220;[];AKHIRNYA KELAR JUGA NIH!
2294;269;1-10;194053970.0;text;;['🥳', '🎉'];False;False;bca3089cd372cdce;[];oot
2295;269;1-10;194054985.0;text;;[];False;False;424c99b44372877d;[];hoki
2296;269;1-10;194055053.0;text;;['👏', '💃'];False;False;113cf0a6225f0471;[];jir
