id;conversation_id;num_characters;relative_time_seconds;message_type;responds_to_id;array_emojis;interrogative;exclamatory;sender_hash;mentioned_phones_hash;message_content
1;1;1-10;0.0;text;;[];False;False;b50f70a2cfd73bfa;[];ywd
2;1;1-10;9197356.0;text;;[];False;False;40b724e59d03bfd8;[];cape
3;1;11-50;9197363.0;text;;[];False;False;40b724e59d03bfd8;[];reuni kapan ya kita
4;1;1-10;9197367.0;text;;[];False;False;679dfa676830dcbd;[];HIHI
5;1;0;9197369.0;sticker/webp;;[];False;False;40b724e59d03bfd8;[];[Stiker]
6;1;0;9197371.0;sticker/webp;;[];False;False;40b724e59d03bfd8;[];[Stiker]
7;1;0;9197376.0;sticker/webp;;[];False;False;40b724e59d03bfd8;[];[Stiker]
8;1;1-10;9197377.0;text;;[];False;False;b50f70a2cfd73bfa;[];hihi
9;1;1-10;9197381.0;text;;[];False;False;679dfa676830dcbd;[];UDAH
10;1;0;9197384.0;sticker/webp;;[];False;False;40b724e59d03bfd8;[];[Stiker]
11;1;11-50;9197393.0;text;;[];False;False;b50f70a2cfd73bfa;[];jangan bilang siapa siapa ya
12;1;0;9197393.0;sticker/webp;;[];False;False;679dfa676830dcbd;[];[Stiker]
13;1;0;9197412.0;sticker/webp;;[];False;False;679dfa676830dcbd;[];[Stiker]
14;1;11-50;9197413.0;text;;[];False;False;b50f70a2cfd73bfa;[];reuni kapan ya kita
15;1;0;9197426.0;sticker/webp;;[];False;False;b50f70a2cfd73bfa;[];[Stiker]
16;1;0;9197427.0;sticker/webp;;[];False;False;679dfa676830dcbd;[];[Stiker]
17;1;0;9197436.0;sticker/webp;;[];False;False;679dfa676830dcbd;[];[Stiker]
18;1;1-10;9197438.0;text;;[];False;False;b50f70a2cfd73bfa;[];males
19;1;1-10;9197451.0;text;;[];False;False;b50f70a2cfd73bfa;[];cape
20;1;0;9197452.0;sticker/webp;;[];False;False;679dfa676830dcbd;[];[Stiker]
21;1;0;9197466.0;sticker/webp;;[];False;False;b50f70a2cfd73bfa;[];[Stiker]
22;1;0;9197853.0;sticker/webp;;[];False;False;b50f70a2cfd73bfa;[];[Stiker]
23;1;0;9197973.0;sticker/webp;;[];False;False;af6cebae94247a0c;[];[Stiker]
24;1;0;9198096.0;sticker/webp;;[];False;False;af028d1b69bef1f6;[];[Stiker]
25;1;0;9198098.0;sticker/webp;;[];False;False;af028d1b69bef1f6;[];[Stiker]
26;1;0;9198103.0;sticker/webp;;[];False;False;af028d1b69bef1f6;[];[Stiker]
27;1;0;9198108.0;sticker/webp;;[];False;False;af028d1b69bef1f6;[];[Stiker]
28;1;0;9198111.0;sticker/webp;;[];False;False;af028d1b69bef1f6;[];[Stiker]
29;1;0;9198116.0;sticker/webp;;[];False;False;af028d1b69bef1f6;[];[Stiker]
30;2;0;9208896.0;sticker/webp;;[];False;False;2b6eeb123b473098;[];[Stiker]
31;2;11-50;9214682.0;text;;[];False;False;19e7bb7d7c25ecf7;['b50f70a2cfd73bfa'];gw mauuuu ambil cutiiii semester
32;2;0;9214694.0;sticker/webp;;[];False;False;19e7bb7d7c25ecf7;[];[Stiker]
33;2;11-50;9216305.0;text;;[];False;False;df199a0a50f00e15;['b50f70a2cfd73bfa'];warteg depan kampus enak!!
34;2;0;9216312.0;sticker/webp;;[];False;False;df199a0a50f00e15;[];[Stiker]
35;2;0;9219815.0;sticker/webp;;[];False;False;6a53153b47c29a18;[];[Stiker]
36;3;0;9232389.0;sticker/webp;;[];False;False;e79c1e623185af08;[];[Stiker]
37;3;11-50;9232583.0;text;31.0;['☺'];False;True;b50f70a2cfd73bfa;[];keren abis presentasinya!
38;3;11-50;9232598.0;text;33.0;['☺'];False;True;b50f70a2cfd73bfa;[];keren abis presentasinya!
39;3;11-50;9233330.0;text;;[];False;False;6a53153b47c29a18;['b50f70a2cfd73bfa'];Gw mau ambil cuti semester.
40;3;11-50;9234087.0;text;;['😘'];False;True;b50f70a2cfd73bfa;[];parah sih tadi kejadiannya!
41;3;0;9234592.0;image/jpeg;;[];False;False;36ee274c26c96793;[];[Foto]
42;3;0;9239044.0;sticker/webp;;[];False;False;19e7bb7d7c25ecf7;[];[Stiker]
43;4;0;9252190.0;sticker/webp;;[];False;False;2b6eeb123b473098;[];[Stiker]
44;4;0;9254346.0;sticker/webp;;[];False;False;43bbe0b0bef6d330;[];[Stiker]
45;4;0;9254367.0;sticker/webp;;[];False;False;a3609e3bf750f2b5;[];[Stiker]
46;4;0;9254368.0;sticker/webp;;[];False;False;a3609e3bf750f2b5;[];[Stiker]
47;4;0;9254373.0;sticker/webp;;[];False;False;a3609e3bf750f2b5;[];[Stiker]
48;4;0;9254499.0;sticker/webp;;[];False;False;df199a0a50f00e15;[];[Stiker]
49;4;0;9254827.0;sticker/webp;;[];False;False;19e7bb7d7c25ecf7;[];[Stiker]
50;5;0;9256432.0;sticker/webp;;[];False;False;a0cfcd7ab8baf416;[];[Stiker]
51;5;0;9256515.0;sticker/webp;;[];False;False;19e7bb7d7c25ecf7;[];[Stiker]
52;5;0;9256546.0;sticker/webp;;[];False;False;a0cfcd7ab8baf416;[];[Stiker]
53;5;0;9256558.0;sticker/webp;;[];False;False;a0cfcd7ab8baf416;[];[Stiker]
54;5;0;9256944.0;sticker/webp;;[];False;False;b70842ce22a7beeb;[];[Stiker]
55;5;0;9257125.0;sticker/webp;;[];False;False;b50f70a2cfd73bfa;[];[Stiker]
56;6;0;9260731.0;sticker/webp;54.0;[];False;False;1817f44e77f2b816;[];[Stiker]
57;6;0;9260777.0;sticker/webp;;[];False;False;2b6eeb123b473098;[];[Stiker]
58;6;0;9260783.0;sticker/webp;;[];False;False;19e7bb7d7c25ecf7;[];[Stiker]
59;6;0;9260785.0;sticker/webp;;[];False;False;2b6eeb123b473098;[];[Stiker]
60;6;0;9260788.0;sticker/webp;;[];False;False;2b6eeb123b473098;[];[Stiker]
61;6;0;9260806.0;sticker/webp;;[];False;False;9df52873f2e4bc67;[];[Stiker]
62;6;0;9261193.0;sticker/webp;;[];False;False;19e7bb7d7c25ecf7;[];[Stiker]
63;7;0;9262325.0;sticker/webp;;[];False;False;b50f70a2cfd73bfa;[];[Stiker]
64;7;0;9262520.0;sticker/webp;;[];False;False;d04a0c8557641b1f;[];[Stiker]
65;7;0;9262648.0;unknown;;[];False;False;b50f70a2cfd73bfa;[];[Media tidak dikenal]
66;7;0;9262686.0;sticker/webp;;[];False;False;b50f70a2cfd73bfa;[];[Stiker]
67;7;0;9262819.0;sticker/webp;66.0;[];False;False;d04a0c8557641b1f;[];[Stiker]
68;7;0;9263363.0;sticker/webp;;[];False;False;36ee274c26c96793;[];[Stiker]
69;7;0;9263404.0;sticker/webp;;[];False;False;2b6eeb123b473098;[];[Stiker]
70;7;0;9263413.0;sticker/webp;;[];False;False;2b6eeb123b473098;[];[Stiker]
71;7;0;9263414.0;sticker/webp;;[];False;False;2b6eeb123b473098;[];[Stiker]
72;7;0;9263417.0;sticker/webp;;[];False;False;2b6eeb123b473098;[];[Stiker]
73;8;0;9266687.0;sticker/webp;;[];False;False;278d6403ae567bca;[];[Stiker]
74;8;0;9266691.0;sticker/webp;;[];False;False;278d6403ae567bca;[];[Stiker]
75;8;11-50;9266832.0;text;;[];False;False;953643d0f5728a1b;[];tadi gw makan nasi padang!!!
76;8;11-50;9266882.0;text;;[];False;False;278d6403ae567bca;[];tadi gw makan nasi padangggg
77;8;11-50;9267941.0;text;;[];False;False;953643d0f5728a1b;[];masak sendiri lebih hemat sih!!!
78;8;11-50;9267944.0;text;;[];False;False;953643d0f5728a1b;[];tadi gw makan nasi padang!!!
79;8;11-50;9267982.0;text;;[];False;False;953643d0f5728a1b;[];sarapan dulu baru mikir!!!
80;8;1-10;9268208.0;text;;[];False;False;278d6403ae567bca;[];fix
81;8;11-50;9268221.0;text;;[];False;False;278d6403ae567bca;[];masak sendiriii lebihh hemat sih
82;8;0;9268430.0;sticker/webp;;[];False;False;9922dfb95c03e61b;[];[Stiker]
83;8;0;9268535.0;sticker/webp;;[];False;False;a0cfcd7ab8baf416;[];[Stiker]
84;8;11-50;9268702.0;text;;[];True;False;17b1dca768bf9831;[];tu beneran apa hoax?
85;8;1-10;9269502.0;text;;[];False;False;ac4cf7af14792c7c;[];sip
86;8;1-10;9269504.0;text;;[];False;False;ac4cf7af14792c7c;[];sip
87;8;0;9269519.0;sticker/webp;;[];False;False;db8bb6fc941e628f;[];[Stiker]
88;8;11-50;9269548.0;text;;[];False;False;953643d0f5728a1b;[];gw mau nyoba restoran baru!!
89;8;1-10;9269581.0;text;;[];False;False;19e7bb7d7c25ecf7;[];ayokkk
90;8;0;9269648.0;sticker/webp;;[];False;False;ac4cf7af14792c7c;[];[Stiker]
91;8;1-10;9269653.0;text;;[];False;False;ac4cf7af14792c7c;[];sis
92;8;0;9269685.0;sticker/webp;;[];False;False;953643d0f5728a1b;[];[Stiker]
93;8;0;9269688.0;sticker/webp;;[];False;False;953643d0f5728a1b;[];[Stiker]
94;8;0;9270168.0;sticker/webp;;[];False;False;ac4cf7af14792c7c;[];[Stiker]
95;8;0;9270792.0;sticker/webp;;[];False;False;953643d0f5728a1b;[];[Stiker]
96;8;0;9270847.0;sticker/webp;;[];False;False;b70ef4ef7981af70;[];[Stiker]
97;8;0;9270967.0;sticker/webp;;[];False;False;b2e30db9a9d3e420;[];[Stiker]
98;8;0;9270982.0;sticker/webp;;[];False;False;b70ef4ef7981af70;[];[Stiker]
99;8;0;9271053.0;sticker/webp;;[];False;False;19e7bb7d7c25ecf7;[];[Stiker]
100;8;0;9271164.0;sticker/webp;;[];False;False;b50f70a2cfd73bfa;[];[Stiker]
101;8;0;9271502.0;sticker/webp;;[];False;False;768b79893ae15e12;[];[Stiker]
102;8;0;9271548.0;sticker/webp;;[];False;False;2b6eeb123b473098;[];[Stiker]
103;8;11-50;9272496.0;text;;[];False;False;8bcf2f108677ac21;[];porsi makan gw nambah terus
104;8;11-50;9272617.0;text;;[];False;False;953643d0f5728a1b;[];porsi makan gw nambah terus!!!
105;8;0;9272786.0;sticker/webp;;[];False;False;6a53153b47c29a18;[];[Stiker]
106;8;0;9272810.0;video/mp4;;[];False;False;a0cfcd7ab8baf416;[];[Video]
107;8;0;9272999.0;sticker/webp;;[];False;False;ac4cf7af14792c7c;[];[Stiker]
108;8;0;9273180.0;sticker/webp;;[];False;False;19e7bb7d7c25ecf7;[];[Stiker]
109;9;0;9274410.0;sticker/webp;;[];False;False;a0cfcd7ab8baf416;[];[Stiker]
110;9;0;9274635.0;sticker/webp;;[];False;False;1860a59877c848a0;[];[Stiker]
111;9;0;9274680.0;sticker/webp;;[];False;False;b50f70a2cfd73bfa;[];[Stiker]
112;9;0;9275335.0;sticker/webp;;[];False;False;19e7bb7d7c25ecf7;[];[Stiker]
113;9;0;9275490.0;sticker/webp;;[];False;False;b50f70a2cfd73bfa;[];[Stiker]
114;9;0;9275915.0;sticker/webp;;[];False;False;19e7bb7d7c25ecf7;[];[Stiker]
115;10;0;9276933.0;sticker/webp;;[];False;False;b50f70a2cfd73bfa;[];[Stiker]
116;10;0;9277053.0;sticker/webp;;[];False;False;19e7bb7d7c25ecf7;[];[Stiker]
117;10;0;9277169.0;sticker/webp;;[];False;False;36ee274c26c96793;[];[Stiker]
118;10;0;9277176.0;sticker/webp;;[];False;False;36ee274c26c96793;[];[Stiker]
119;10;0;9277244.0;sticker/webp;;[];False;False;b50f70a2cfd73bfa;[];[Stiker]
120;10;11-50;9277260.0;text;;['☺'];False;True;b50f70a2cfd73bfa;['19e7bb7d7c25ecf7'];gw kaget pas denger itu!
121;10;0;9277293.0;sticker/webp;;[];False;False;19e7bb7d7c25ecf7;[];[Stiker]
122;10;1-10;9277295.0;text;;[];False;False;19e7bb7d7c25ecf7;[];udahhh
123;10;0;9277323.0;sticker/webp;;[];False;False;b50f70a2cfd73bfa;[];[Stiker]
124;10;0;9277340.0;sticker/webp;;[];False;False;19e7bb7d7c25ecf7;[];[Stiker]
125;10;0;9277396.0;sticker/webp;;[];False;False;19e7bb7d7c25ecf7;[];[Stiker]
126;10;0;9277557.0;sticker/webp;;[];False;False;b50f70a2cfd73bfa;[];[Stiker]
127;10;0;9277559.0;sticker/webp;;[];False;False;b50f70a2cfd73bfa;[];[Stiker]
128;10;0;9277746.0;sticker/webp;;[];False;False;19e7bb7d7c25ecf7;[];[Stiker]
129;10;0;9278655.0;sticker/webp;;[];False;False;b50f70a2cfd73bfa;[];[Stiker]
130;11;0;9293281.0;sticker/webp;;[];False;False;2b6eeb123b473098;[];[Stiker]
131;11;0;9293285.0;sticker/webp;;[];False;False;2b6eeb123b473098;[];[Stiker]
132;11;0;9294095.0;sticker/webp;;[];False;False;43bbe0b0bef6d330;[];[Stiker]
133;12;11-50;9314170.0;text;;[];False;False;83382ececfccc714;['776844a5191ef22f'];reuni kapan ya kita
134;12;1-10;9314181.0;text;;[];True;False;776844a5191ef22f;[];boleh?
135;12;11-50;9315374.0;text;;['🌱'];False;False;6a53153b47c29a18;[];Reuni kapan ya kita.
136;12;11-50;9315391.0;text;;[];False;False;6a53153b47c29a18;[];Temen gw sakit masuk RS.
137;12;11-50;9315797.0;text;;[];False;False;2e54515fa88f804f;['776844a5191ef22f'];temenin gw dong besok!!!
138;12;11-50;9315869.0;text;;[];False;False;df199a0a50f00e15;['776844a5191ef22f'];gw ga percaya sih gosipnya!!
139;12;11-50;9316875.0;text;;[];False;False;278d6403ae567bca;[];jangann bilang siapa siapa ya
140;12;0;9316906.0;sticker/webp;;[];False;False;427c13cc8caaadce;[];[Stiker]
141;12;11-50;9317285.0;text;;['😞'];False;False;b70842ce22a7beeb;[];PACARNYA BARU SIAPA SIH
142;12;0;9317301.0;sticker/webp;;[];False;False;b70842ce22a7beeb;[];[Stiker]
143;12;0;9317550.0;sticker/webp;;[];False;False;b50f70a2cfd73bfa;[];[Stiker]
144;12;0;9317632.0;sticker/webp;;[];False;False;19e7bb7d7c25ecf7;[];[Stiker]
145;12;1-10;9318446.0;text;;[];False;False;ac4cf7af14792c7c;[];setuju
146;13;11-50;9320718.0;text;;[];False;False;36ee274c26c96793;[];pertandingan bola tadi malam gila
147;13;0;9320722.0;sticker/webp;;[];False;False;36ee274c26c96793;[];[Stiker]
148;13;0;9320727.0;sticker/webp;;[];False;False;36ee274c26c96793;[];[Stiker]
149;13;0;9321138.0;sticker/webp;;[];False;False;427c13cc8caaadce;[];[Stiker]
150;13;0;9321251.0;system;;[];False;False;1fb9dd13045184f9;[];[Pesan sistem]
151;13;0;9322010.0;sticker/webp;;[];False;False;6a53153b47c29a18;[];[Stiker]
152;13;0;9322088.0;sticker/webp;;[];False;False;36ee274c26c96793;[];[Stiker]
153;13;0;9322090.0;sticker/webp;;[];False;False;36ee274c26c96793;[];[Stiker]
154;13;0;9322101.0;sticker/webp;;[];False;False;36ee274c26c96793;[];[Stiker]
155;13;0;9322102.0;sticker/webp;;[];False;False;36ee274c26c96793;[];[Stiker]
156;13;0;9322110.0;sticker/webp;;[];False;False;36ee274c26c96793;[];[Stiker]
157;13;0;9322113.0;sticker/webp;;[];False;False;36ee274c26c96793;[];[Stiker]
158;13;0;9322118.0;sticker/webp;;[];False;False;36ee274c26c96793;[];[Stiker]
159;13;0;9322157.0;sticker/webp;;[];False;False;427c13cc8caaadce;[];[Stiker]
160;13;0;9322158.0;sticker/webp;;[];False;False;b70842ce22a7beeb;[];[Stiker]
161;13;0;9322163.0;sticker/webp;;[];False;False;427c13cc8caaadce;[];[Stiker]
162;13;0;9322163.0;sticker/webp;;[];False;False;427c13cc8caaadce;[];[Stiker]
163;13;0;9322165.0;sticker/webp;;[];False;False;b70842ce22a7beeb;[];[Stiker]
164;13;0;9322166.0;system;;[];False;False;368208498d025647;[];[Pesan sistem]
165;13;0;9322167.0;sticker/webp;;[];False;False;b70842ce22a7beeb;[];[Stiker]
166;13;0;9322168.0;sticker/webp;;[];False;False;b70842ce22a7beeb;[];[Stiker]
167;13;0;9322168.0;sticker/webp;;[];False;False;427c13cc8caaadce;[];[Stiker]
168;13;0;9322168.0;sticker/webp;;[];False;False;427c13cc8caaadce;[];[Stiker]
169;13;0;9322168.0;sticker/webp;;[];False;False;427c13cc8caaadce;[];[Stiker]
170;13;0;9322168.0;sticker/webp;;[];False;False;427c13cc8caaadce;[];[Stiker]
171;13;0;9322169.0;sticker/webp;;[];False;False;b70842ce22a7beeb;[];[Stiker]
172;13;0;9322170.0;sticker/webp;;[];False;False;427c13cc8caaadce;[];[Stiker]
173;13;0;9322170.0;sticker/webp;;[];False;False;b70842ce22a7beeb;[];[Stiker]
174;13;0;9322171.0;sticker/webp;;[];False;False;b70842ce22a7beeb;[];[Stiker]
175;13;0;9322172.0;sticker/webp;;[];False;False;427c13cc8caaadce;[];[Stiker]
176;13;1-10;9322173.0;text;;[];False;False;19e7bb7d7c25ecf7;[];btw
177;13;0;9322173.0;sticker/webp;;[];False;False;427c13cc8caaadce;[];[Stiker]
178;13;0;9322174.0;sticker/webp;;[];False;False;427c13cc8caaadce;[];[Stiker]
179;13;0;9322174.0;sticker/webp;;[];False;False;b70842ce22a7beeb;[];[Stiker]
180;13;0;9322175.0;sticker/webp;;[];False;False;427c13cc8caaadce;[];[Stiker]
181;13;0;9322176.0;sticker/webp;;[];False;False;427c13cc8caaadce;[];[Stiker]
182;13;0;9322176.0;sticker/webp;;[];False;False;427c13cc8caaadce;[];[Stiker]
183;13;0;9322177.0;sticker/webp;;[];False;False;427c13cc8caaadce;[];[Stiker]
184;13;0;9322177.0;sticker/webp;;[];False;False;b70842ce22a7beeb;[];[Stiker]
185;13;0;9322178.0;sticker/webp;;[];False;False;427c13cc8caaadce;[];[Stiker]
186;13;0;9322178.0;sticker/webp;;[];False;False;427c13cc8caaadce;[];[Stiker]
187;13;0;9322179.0;sticker/webp;;[];False;False;b70842ce22a7beeb;[];[Stiker]
188;13;0;9322180.0;sticker/webp;;[];False;False;b70842ce22a7beeb;[];[Stiker]
189;13;0;9322181.0;sticker/webp;;[];False;False;b70842ce22a7beeb;[];[Stiker]
190;13;0;9322181.0;sticker/webp;;[];False;False;427c13cc8caaadce;[];[Stiker]
191;13;0;9322182.0;sticker/webp;;[];False;False;b70842ce22a7beeb;[];[Stiker]
192;13;0;9322183.0;sticker/webp;;[];False;False;b70842ce22a7beeb;[];[Stiker]
193;13;0;9322184.0;sticker/webp;;[];False;False;427c13cc8caaadce;[];[Stiker]
194;13;0;9322184.0;sticker/webp;;[];False;False;427c13cc8caaadce;[];[Stiker]
195;13;0;9322184.0;sticker/webp;;[];False;False;427c13cc8caaadce;[];[Stiker]
196;13;0;9322185.0;sticker/webp;;[];False;False;b70842ce22a7beeb;[];[Stiker]
197;13;0;9322186.0;sticker/webp;;[];False;False;b70842ce22a7beeb;[];[Stiker]
198;13;0;9322186.0;sticker/webp;;[];False;False;427c13cc8caaadce;[];[Stiker]
199;13;0;9322187.0;sticker/webp;;[];False;False;b70842ce22a7beeb;[];[Stiker]
200;13;0;9322188.0;sticker/webp;;[];False;False;427c13cc8caaadce;[];[Stiker]
201;13;0;9322189.0;sticker/webp;;[];False;False;b70842ce22a7beeb;[];[Stiker]
202;13;0;9322190.0;sticker/webp;;[];False;False;b70842ce22a7beeb;[];[Stiker]
203;13;0;9322190.0;sticker/webp;;[];False;False;427c13cc8caaadce;[];[Stiker]
204;13;0;9322191.0;sticker/webp;;[];False;False;427c13cc8caaadce;[];[Stiker]
205;13;0;9322191.0;sticker/webp;;[];False;False;b70842ce22a7beeb;[];[Stiker]
206;13;0;9322191.0;sticker/webp;;[];False;False;427c13cc8caaadce;[];[Stiker]
207;13;0;9322191.0;sticker/webp;;[];False;False;427c13cc8caaadce;[];[Stiker]
208;13;0;9322192.0;sticker/webp;;[];False;False;427c13cc8caaadce;[];[Stiker]
209;13;0;9322192.0;sticker/webp;;[];False;False;427c13cc8caaadce;[];[Stiker]
210;13;0;9322193.0;sticker/webp;;[];False;False;b70842ce22a7beeb;[];[Stiker]
211;13;0;9322193.0;sticker/webp;;[];False;False;b70842ce22a7beeb;[];[Stiker]
212;13;0;9322193.0;sticker/webp;;[];False;False;b70842ce22a7beeb;[];[Stiker]
213;13;0;9322195.0;sticker/webp;;[];False;False;b70842ce22a7beeb;[];[Stiker]
214;13;0;9322195.0;sticker/webp;;[];False;False;427c13cc8caaadce;[];[Stiker]
215;13;0;9322195.0;sticker/webp;;[];False;False;427c13cc8caaadce;[];[Stiker]
216;13;0;9322195.0;sticker/webp;;[];False;False;427c13cc8caaadce;[];[Stiker]
217;13;0;9322196.0;sticker/webp;;[];False;False;b70842ce22a7beeb;[];[Stiker]
218;13;0;9322196.0;sticker/webp;;[];False;False;427c13cc8caaadce;[];[Stiker]
219;13;0;9322197.0;sticker/webp;;[];False;False;b70842ce22a7beeb;[];[Stiker]
220;13;0;9322197.0;sticker/webp;;[];False;False;b70842ce22a7beeb;[];[Stiker]
221;13;0;9322198.0;sticker/webp;;[];False;False;b70842ce22a7beeb;[];[Stiker]
222;13;0;9322200.0;sticker/webp;;[];False;False;427c13cc8caaadce;[];[Stiker]
223;13;0;9322202.0;sticker/webp;;[];False;False;427c13cc8caaadce;[];[Stiker]
224;13;0;9322203.0;sticker/webp;;[];False;False;b70842ce22a7beeb;[];[Stiker]
225;13;0;9322203.0;sticker/webp;;[];False;False;427c13cc8caaadce;[];[Stiker]
226;13;0;9322203.0;sticker/webp;;[];False;False;b70842ce22a7beeb;[];[Stiker]
227;13;1-10;9322204.0;text;;[];False;False;83382ececfccc714;[];zonk
228;13;0;9322204.0;sticker/webp;;[];False;False;427c13cc8caaadce;[];[Stiker]
229;13;0;9322204.0;sticker/webp;;[];False;False;b70842ce22a7beeb;[];[Stiker]
230;13;0;9322204.0;sticker/webp;;[];False;False;427c13cc8caaadce;[];[Stiker]
231;13;0;9322205.0;sticker/webp;;[];False;False;427c13cc8caaadce;[];[Stiker]
232;13;0;9322205.0;sticker/webp;;[];False;False;b70842ce22a7beeb;[];[Stiker]
233;13;0;9322205.0;sticker/webp;;[];False;False;427c13cc8caaadce;[];[Stiker]
234;13;0;9322207.0;sticker/webp;;[];False;False;b70842ce22a7beeb;[];[Stiker]
235;13;0;9322207.0;sticker/webp;;[];False;False;427c13cc8caaadce;[];[Stiker]
236;13;0;9322207.0;sticker/webp;;[];False;False;427c13cc8caaadce;[];[Stiker]
237;13;0;9322209.0;sticker/webp;;[];False;False;b70842ce22a7beeb;[];[Stiker]
238;13;0;9322210.0;sticker/webp;;[];False;False;b70842ce22a7beeb;[];[Stiker]
239;13;0;9322212.0;sticker/webp;;[];False;False;427c13cc8caaadce;[];[Stiker]
240;13;0;9322212.0;sticker/webp;;[];False;False;427c13cc8caaadce;[];[Stiker]
241;13;0;9322212.0;sticker/webp;;[];False;False;b70842ce22a7beeb;[];[Stiker]
242;13;0;9322213.0;sticker/webp;;[];False;False;b70842ce22a7beeb;[];[Stiker]
243;13;0;9322215.0;sticker/webp;;[];False;False;427c13cc8caaadce;[];[Stiker]
244;13;0;9322215.0;sticker/webp;;[];False;False;19e7bb7d7c25ecf7;[];[Stiker]
245;13;0;9322216.0;sticker/webp;;[];False;False;427c13cc8caaadce;[];[Stiker]
246;13;0;9322216.0;sticker/webp;;[];False;False;427c13cc8caaadce;[];[Stiker]
247;13;0;9322216.0;sticker/webp;;[];False;False;427c13cc8caaadce;[];[Stiker]
248;13;0;9322216.0;sticker/webp;;[];False;False;19e7bb7d7c25ecf7;[];[Stiker]
249;13;0;9322217.0;sticker/webp;;[];False;False;19e7bb7d7c25ecf7;[];[Stiker]
250;13;0;9322217.0;sticker/webp;;[];False;False;427c13cc8caaadce;[];[Stiker]
251;13;0;9322217.0;sticker/webp;;[];False;False;427c13cc8caaadce;[];[Stiker]
252;13;0;9322219.0;sticker/webp;;[];False;False;b70842ce22a7beeb;[];[Stiker]
253;13;0;9322219.0;sticker/webp;;[];False;False;427c13cc8caaadce;[];[Stiker]
254;13;0;9322219.0;sticker/webp;;[];False;False;427c13cc8caaadce;[];[Stiker]
255;13;0;9322220.0;sticker/webp;;[];False;False;19e7bb7d7c25ecf7;[];[Stiker]
256;13;0;9322225.0;sticker/webp;;[];False;False;427c13cc8caaadce;[];[Stiker]
257;13;0;9322227.0;sticker/webp;;[];False;False;19e7bb7d7c25ecf7;[];[Stiker]
258;13;0;9322228.0;sticker/webp;;[];False;False;b70842ce22a7beeb;[];[Stiker]
259;13;0;9322228.0;sticker/webp;;[];False;False;b70842ce22a7beeb;[];[Stiker]
260;13;0;9322229.0;sticker/webp;;[];False;False;19e7bb7d7c25ecf7;[];[Stiker]
261;13;0;9322231.0;sticker/webp;;[];False;False;19e7bb7d7c25ecf7;[];[Stiker]
262;13;0;9322248.0;sticker/webp;;[];False;False;19e7bb7d7c25ecf7;[];[Stiker]
263;13;0;9322252.0;sticker/webp;;[];False;False;b70842ce22a7beeb;[];[Stiker]
264;13;0;9322254.0;sticker/webp;;[];False;False;19e7bb7d7c25ecf7;[];[Stiker]
265;13;0;9322256.0;sticker/webp;;[];False;False;19e7bb7d7c25ecf7;[];[Stiker]
266;13;0;9322256.0;sticker/webp;;[];False;False;19e7bb7d7c25ecf7;[];[Stiker]
267;13;11-50;9322258.0;text;;[];False;False;83382ececfccc714;[];pertandingan bola tadi malam gila
268;13;0;9322275.0;sticker/webp;;[];False;False;b70842ce22a7beeb;[];[Stiker]
269;13;0;9322285.0;sticker/webp;;[];False;False;6a53153b47c29a18;[];[Stiker]
270;13;0;9322287.0;system;;[];False;False;b70842ce22a7beeb;[];[Pesan sistem]
271;13;0;9322313.0;sticker/webp;;[];False;False;de28124b7c7eb132;[];[Stiker]
272;13;0;9322315.0;sticker/webp;;[];False;False;de28124b7c7eb132;[];[Stiker]
273;13;0;9322316.0;sticker/webp;267.0;[];False;False;427c13cc8caaadce;[];[Stiker]
274;13;0;9322320.0;sticker/webp;;[];False;False;de28124b7c7eb132;[];[Stiker]
275;13;0;9322322.0;sticker/webp;;[];False;False;de28124b7c7eb132;[];[Stiker]
276;13;0;9322326.0;sticker/webp;;[];False;False;19e7bb7d7c25ecf7;[];[Stiker]
277;13;0;9322328.0;sticker/webp;271.0;[];False;False;427c13cc8caaadce;[];[Stiker]
278;13;0;9322331.0;sticker/webp;;[];False;False;de28124b7c7eb132;[];[Stiker]
279;13;0;9322344.0;sticker/webp;;[];False;False;19e7bb7d7c25ecf7;[];[Stiker]
280;13;0;9322344.0;sticker/webp;267.0;[];False;False;de28124b7c7eb132;[];[Stiker]
281;13;0;9322392.0;sticker/webp;;[];False;False;83382ececfccc714;[];[Stiker]
282;13;0;9322402.0;sticker/webp;;[];False;False;b70842ce22a7beeb;[];[Stiker]
283;13;0;9322405.0;sticker/webp;;[];False;False;b70842ce22a7beeb;[];[Stiker]
284;13;0;9322409.0;sticker/webp;;[];False;False;19e7bb7d7c25ecf7;[];[Stiker]
285;13;0;9322415.0;sticker/webp;;[];False;False;de28124b7c7eb132;[];[Stiker]
286;13;0;9322419.0;sticker/webp;;[];False;False;83382ececfccc714;[];[Stiker]
287;13;0;9322430.0;sticker/webp;;[];False;False;83382ececfccc714;[];[Stiker]
288;13;0;9322431.0;sticker/webp;;[];False;False;19e7bb7d7c25ecf7;[];[Stiker]
289;13;0;9322431.0;sticker/webp;;[];False;False;83382ececfccc714;[];[Stiker]
290;13;0;9322432.0;sticker/webp;267.0;[];False;False;427c13cc8caaadce;[];[Stiker]
291;13;0;9322438.0;sticker/webp;;[];False;False;83382ececfccc714;[];[Stiker]
292;13;0;9322449.0;sticker/webp;;[];False;False;427c13cc8caaadce;[];[Stiker]
293;13;0;9322452.0;sticker/webp;;[];False;False;b70842ce22a7beeb;[];[Stiker]
294;13;0;9322453.0;sticker/webp;;[];False;False;19e7bb7d7c25ecf7;[];[Stiker]
295;13;0;9322461.0;sticker/webp;;[];False;False;af6cebae94247a0c;[];[Stiker]
296;13;0;9322468.0;sticker/webp;;[];False;False;de28124b7c7eb132;[];[Stiker]
297;13;0;9322474.0;sticker/webp;;[];False;False;83382ececfccc714;[];[Stiker]
298;13;11-50;9322479.0;text;295.0;[];False;False;b70842ce22a7beeb;[];BADMINTON YUK SORE INI
299;13;1-10;9322496.0;text;;[];False;False;b70842ce22a7beeb;[];FYI
300;13;0;9322497.0;sticker/webp;;[];False;False;b70842ce22a7beeb;[];[Stiker]
301;13;0;9322499.0;sticker/webp;;[];False;False;b70842ce22a7beeb;[];[Stiker]
302;13;0;9322512.0;sticker/webp;;[];False;False;de28124b7c7eb132;[];[Stiker]
303;13;0;9322524.0;sticker/webp;;[];False;False;de28124b7c7eb132;[];[Stiker]
304;13;0;9322524.0;sticker/webp;;[];False;False;de28124b7c7eb132;[];[Stiker]
305;13;0;9322527.0;sticker/webp;;[];False;False;de28124b7c7eb132;[];[Stiker]
306;13;0;9322531.0;sticker/webp;;[];False;False;af6cebae94247a0c;[];[Stiker]
307;13;0;9322534.0;sticker/webp;;[];False;False;de28124b7c7eb132;[];[Stiker]
308;13;0;9322536.0;sticker/webp;;[];False;False;de28124b7c7eb132;[];[Stiker]
309;13;0;9322544.0;sticker/webp;;[];False;False;de28124b7c7eb132;[];[Stiker]
310;13;0;9322545.0;sticker/webp;;[];False;False;de28124b7c7eb132;[];[Stiker]
311;13;0;9322545.0;sticker/webp;;[];False;False;de28124b7c7eb132;[];[Stiker]
312;13;0;9322546.0;sticker/webp;;[];False;False;af6cebae94247a0c;[];[Stiker]
313;13;0;9322548.0;sticker/webp;;[];False;False;de28124b7c7eb132;[];[Stiker]
314;13;0;9322552.0;sticker/webp;;[];False;False;de28124b7c7eb132;[];[Stiker]
315;13;0;9322557.0;sticker/webp;;[];False;False;de28124b7c7eb132;[];[Stiker]
316;13;0;9322560.0;sticker/webp;;[];False;False;de28124b7c7eb132;[];[Stiker]
317;13;51-100;9322560.0;text;;[];False;False;b70842ce22a7beeb;[];GW BARU DAPET INFO BEASISWA BUAT SEMESTER DEPAN MAU COBA DAFTAR DEH
318;13;0;9322564.0;sticker/webp;;[];False;False;19e7bb7d7c25ecf7;[];[Stiker]
319;13;11-50;9322568.0;text;;[];False;False;b70842ce22a7beeb;[];BADMINTON YUK SORE INI
320;13;0;9322568.0;sticker/webp;;[];False;False;de28124b7c7eb132;[];[Stiker]
321;13;0;9322570.0;sticker/webp;;[];False;False;de28124b7c7eb132;[];[Stiker]
322;13;11-50;9322587.0;text;;[];False;False;de28124b7c7eb132;[];podcast yg lu rekomen mana
323;13;0;9322599.0;sticker/webp;;[];False;False;19e7bb7d7c25ecf7;[];[Stiker]
324;13;0;9322641.0;sticker/webp;;[];False;False;19e7bb7d7c25ecf7;[];[Stiker]
325;13;0;9322684.0;sticker/webp;;[];False;False;b70842ce22a7beeb;[];[Stiker]
326;13;0;9322690.0;sticker/webp;;[];False;False;b70842ce22a7beeb;[];[Stiker]
327;13;0;9322914.0;sticker/webp;;[];False;False;b70ef4ef7981af70;[];[Stiker]
328;14;0;9328537.0;sticker/webp;;[];False;False;3021f4f98144fc23;[];[Stiker]
329;14;0;9328775.0;sticker/webp;328.0;[];False;False;de28124b7c7eb132;[];[Stiker]
330;14;0;9328964.0;sticker/webp;;[];False;False;3021f4f98144fc23;[];[Stiker]
331;15;0;9330344.0;sticker/webp;;[];False;False;6d15194e777f90fc;[];[Stiker]
332;15;0;9330344.0;sticker/webp;;[];False;False;6d15194e777f90fc;[];[Stiker]
333;15;0;9330345.0;sticker/webp;;[];False;False;6d15194e777f90fc;[];[Stiker]
334;15;0;9330351.0;sticker/webp;;[];False;False;6d15194e777f90fc;[];[Stiker]
335;15;0;9330469.0;sticker/webp;;[];False;False;b50f70a2cfd73bfa;[];[Stiker]
336;15;0;9330643.0;sticker/webp;;[];False;False;af6cebae94247a0c;[];[Stiker]
337;15;0;9330864.0;audio;;[];False;False;3e3f03312c07a4f0;[];[Voice Note]
338;15;0;9331069.0;sticker/webp;;[];False;False;9922dfb95c03e61b;[];[Stiker]
339;15;0;9331290.0;sticker/webp;;[];False;False;9922dfb95c03e61b;[];[Stiker]
340;15;0;9331435.0;sticker/webp;;[];False;False;b50f70a2cfd73bfa;[];[Stiker]
341;15;0;9331454.0;sticker/webp;;[];False;False;53c5f6555e154af2;[];[Stiker]
342;15;0;9331472.0;sticker/webp;;[];False;False;53c5f6555e154af2;[];[Stiker]
343;15;0;9331474.0;sticker/webp;;[];False;False;53c5f6555e154af2;[];[Stiker]
344;15;0;9331477.0;sticker/webp;;[];False;False;53c5f6555e154af2;[];[Stiker]
345;15;0;9331478.0;sticker/webp;;[];False;False;53c5f6555e154af2;[];[Stiker]
346;15;0;9331572.0;sticker/webp;;[];False;False;1817f44e77f2b816;[];[Stiker]
347;15;0;9331576.0;sticker/webp;;[];False;False;1817f44e77f2b816;[];[Stiker]
348;15;0;9331592.0;sticker/webp;;[];False;False;1817f44e77f2b816;[];[Stiker]
349;16;0;9333918.0;sticker/webp;;[];False;False;88ed4926f3b98145;[];[Stiker]
350;16;0;9334037.0;sticker/webp;;[];False;False;b2e30db9a9d3e420;[];[Stiker]
351;17;11-50;9349450.0;text;;[];False;False;ac4cf7af14792c7c;['19e7bb7d7c25ecf7'];tugas kelompok bikin pusing
352;17;0;9349455.0;sticker/webp;;[];False;False;ac4cf7af14792c7c;[];[Stiker]
353;17;11-50;9349500.0;text;;[];False;False;953643d0f5728a1b;['19e7bb7d7c25ecf7'];gw laper banget nih!!!
354;17;0;9349521.0;sticker/webp;;[];False;False;953643d0f5728a1b;[];[Stiker]
355;17;51-100;9350030.0;text;;['🧐'];False;False;19e7bb7d7c25ecf7;[];kemarin gw ke tokooo buku beliiii novel baru sama buku referensi buat skripsi
356;17;0;9350049.0;sticker/webp;;[];False;False;19e7bb7d7c25ecf7;[];[Stiker]
357;17;0;9350059.0;sticker/webp;;[];False;False;803862b310d6795b;[];[Stiker]
358;17;0;9350074.0;sticker/webp;;[];False;False;19e7bb7d7c25ecf7;[];[Stiker]
359;17;0;9350196.0;sticker/webp;;[];False;False;ac4cf7af14792c7c;[];[Stiker]
360;17;0;9350228.0;sticker/webp;;[];False;False;803862b310d6795b;[];[Stiker]
361;17;0;9350274.0;sticker/webp;;[];False;False;b50f70a2cfd73bfa;[];[Stiker]
362;17;0;9350300.0;sticker/webp;;[];False;False;ac4cf7af14792c7c;[];[Stiker]
363;17;0;9350315.0;sticker/webp;;[];False;False;ac4cf7af14792c7c;[];[Stiker]
364;17;0;9350759.0;sticker/webp;;[];False;False;953643d0f5728a1b;[];[Stiker]
365;17;0;9350829.0;sticker/webp;;[];False;False;624291528f41db39;[];[Stiker]
366;17;0;9351168.0;sticker/webp;;[];False;False;b7523acee217e877;[];[Stiker]
367;18;0;9356202.0;sticker/webp;;[];False;False;b50f70a2cfd73bfa;[];[Stiker]
368;18;0;9356412.0;sticker/webp;;[];False;False;2b6eeb123b473098;[];[Stiker]
369;18;0;9356419.0;sticker/webp;;[];False;False;2b6eeb123b473098;[];[Stiker]
370;18;0;9356422.0;sticker/webp;;[];False;False;2b6eeb123b473098;[];[Stiker]
371;18;0;9356425.0;sticker/webp;;[];False;False;2b6eeb123b473098;[];[Stiker]
372;18;0;9356560.0;sticker/webp;;[];False;False;19e7bb7d7c25ecf7;[];[Stiker]
373;18;0;9356596.0;sticker/webp;;[];False;False;36ee274c26c96793;[];[Stiker]
374;18;0;9356705.0;sticker/webp;;[];False;False;c180a5c6da3252f3;[];[Stiker]
375;18;0;9356728.0;sticker/webp;;[];False;False;c180a5c6da3252f3;[];[Stiker]
376;18;0;9356762.0;sticker/webp;;[];False;False;c180a5c6da3252f3;[];[Stiker]
377;19;0;9366808.0;sticker/webp;;[];False;False;b50f70a2cfd73bfa;[];[Stiker]
378;19;0;9366824.0;sticker/webp;;[];False;False;b50f70a2cfd73bfa;[];[Stiker]
379;20;0;9369001.0;sticker/webp;;[];False;False;af6cebae94247a0c;[];[Stiker]
380;20;0;9370530.0;sticker/webp;;[];False;False;240fd4d57c14dc07;[];[Stiker]
381;20;0;9370532.0;sticker/webp;;[];False;False;240fd4d57c14dc07;[];[Stiker]
382;20;11-50;9370582.0;text;;[];False;False;af6cebae94247a0c;[];duit bulanan blm dikirim
383;21;0;9375725.0;sticker/webp;;[];False;False;7393a3427f9b74c7;[];[Stiker]
384;21;0;9377303.0;sticker/webp;;[];False;False;53c5f6555e154af2;[];[Stiker]
385;21;0;9377312.0;sticker/webp;;[];False;False;53c5f6555e154af2;[];[Stiker]
386;21;0;9377323.0;sticker/webp;;[];False;False;53c5f6555e154af2;[];[Stiker]
387;21;0;9377337.0;sticker/webp;;[];False;False;53c5f6555e154af2;[];[Stiker]
388;22;0;9392915.0;sticker/webp;;[];False;False;9922dfb95c03e61b;[];[Stiker]
389;22;0;9393151.0;sticker/webp;;[];False;False;70ef24ee635b8696;[];[Stiker]
390;22;0;9395178.0;sticker/webp;;[];False;False;36ee274c26c96793;[];[Stiker]
391;23;11-50;9403710.0;text;;[];False;False;af6cebae94247a0c;[];gw mau nyoba restoran baru
392;23;0;9403782.0;sticker/webp;;[];False;False;19e7bb7d7c25ecf7;[];[Stiker]
393;23;0;9403798.0;sticker/webp;;[];False;False;5e4880656e196c35;[];[Stiker]
394;23;0;9404081.0;sticker/webp;;[];False;False;19e7bb7d7c25ecf7;[];[Stiker]
395;23;0;9404122.0;sticker/webp;;[];False;False;a0cfcd7ab8baf416;[];[Stiker]
396;23;0;9404133.0;sticker/webp;;[];False;False;19e7bb7d7c25ecf7;[];[Stiker]
397;24;0;9408373.0;sticker/webp;;[];False;False;b50f70a2cfd73bfa;[];[Stiker]
398;24;0;9408381.0;sticker/webp;;[];False;False;b50f70a2cfd73bfa;[];[Stiker]
399;25;0;9423721.0;sticker/webp;;[];False;False;2b6eeb123b473098;[];[Stiker]
400;25;0;9423724.0;sticker/webp;;[];False;False;2b6eeb123b473098;[];[Stiker]
401;26;0;9442695.0;system;;[];False;False;543c9b4795ec648b;[];[Pesan sistem]
402;26;0;9443361.0;sticker/webp;;[];False;False;3e2545391d6d03e6;[];[Stiker]
403;26;0;9443364.0;sticker/webp;;[];False;False;3e2545391d6d03e6;[];[Stiker]
404;26;0;9443369.0;sticker/webp;;[];False;False;3e2545391d6d03e6;[];[Stiker]
405;26;0;9443370.0;sticker/webp;;[];False;False;3e2545391d6d03e6;[];[Stiker]
406;26;0;9443373.0;sticker/webp;;[];False;False;3e2545391d6d03e6;[];[Stiker]
407;26;0;9443377.0;sticker/webp;;[];False;False;3e2545391d6d03e6;[];[Stiker]
408;26;0;9443390.0;sticker/webp;;[];False;False;3e2545391d6d03e6;[];[Stiker]
409;26;0;9443391.0;sticker/webp;;[];False;False;3e2545391d6d03e6;[];[Stiker]
410;26;0;9443392.0;sticker/webp;;[];False;False;3e2545391d6d03e6;[];[Stiker]
411;27;0;9449163.0;sticker/webp;;[];False;False;b50f70a2cfd73bfa;[];[Stiker]
412;27;0;9449239.0;sticker/webp;;[];False;False;a0cfcd7ab8baf416;[];[Stiker]
413;27;0;9449679.0;sticker/webp;;[];False;False;b50f70a2cfd73bfa;[];[Stiker]
414;27;0;9450478.0;sticker/webp;;[];False;False;278d6403ae567bca;[];[Stiker]
415;28;0;9455363.0;sticker/webp;;[];False;False;6c25b31bedef18ca;[];[Stiker]
416;28;0;9455378.0;sticker/webp;;[];False;False;b50f70a2cfd73bfa;[];[Stiker]
417;28;0;9455383.0;sticker/webp;;[];False;False;6c25b31bedef18ca;[];[Stiker]
418;28;0;9457451.0;sticker/webp;;[];False;False;ddad39c47f8cd3fc;[];[Stiker]
419;29;11-50;9480593.0;text;;[];False;False;6a53153b47c29a18;[];Mie ayam pak kumis juara sih.
420;29;11-50;9481998.0;text;;[];False;False;66846fcb74c9a8d3;[];proposal skripsi gw ditolak
421;29;0;9482151.0;sticker/webp;;[];False;False;0f955f1b70353022;[];[Stiker]
422;29;11-50;9482338.0;text;;[];False;False;19e7bb7d7c25ecf7;[];warteg depan kampus enak
423;29;1-10;9482339.0;text;;[];False;False;19e7bb7d7c25ecf7;[];tuhhhh
424;29;0;9482773.0;sticker/webp;;[];False;False;2e54515fa88f804f;[];[Stiker]
425;30;0;9484302.0;sticker/webp;;[];False;False;0f955f1b70353022;[];[Stiker]
426;30;0;9484635.0;sticker/webp;;[];False;False;66846fcb74c9a8d3;[];[Stiker]
427;30;0;9484820.0;sticker/webp;;[];False;False;9922dfb95c03e61b;[];[Stiker]
428;31;0;9488397.0;sticker/webp;;[];False;False;6c25b31bedef18ca;[];[Stiker]
429;31;11-50;9488474.0;text;;[];False;False;6a53153b47c29a18;[];Gw lagi di atm sebentar.
430;31;1-10;9488477.0;text;;[];False;False;6a53153b47c29a18;[];Gassss.
431;31;11-50;9488487.0;text;;[];False;False;6a53153b47c29a18;[];Internet mati lagi di kosan.
432;31;11-50;9488492.0;text;;[];False;False;6a53153b47c29a18;[];Lu tim mana dukungnya.
433;31;0;9488530.0;sticker/webp;;[];False;False;6a53153b47c29a18;[];[Stiker]
434;31;0;9488616.0;sticker/webp;429.0;[];False;False;66846fcb74c9a8d3;[];[Stiker]
435;31;0;9488757.0;system;;[];False;False;b70842ce22a7beeb;[];[Pesan sistem]
436;31;0;9488898.0;sticker/webp;;[];False;False;b70842ce22a7beeb;[];[Stiker]
437;31;0;9488922.0;sticker/webp;;[];False;False;53c5f6555e154af2;[];[Stiker]
438;31;0;9488926.0;sticker/webp;;[];False;False;53c5f6555e154af2;[];[Stiker]
439;31;0;9488945.0;sticker/webp;;[];False;False;66846fcb74c9a8d3;[];[Stiker]
440;31;0;9489010.0;sticker/webp;;[];False;False;9922dfb95c03e61b;[];[Stiker]
441;31;0;9489069.0;sticker/webp;;[];False;False;53c5f6555e154af2;[];[Stiker]
442;31;0;9489091.0;sticker/webp;;[];False;False;53c5f6555e154af2;[];[Stiker]
443;31;0;9489095.0;sticker/webp;;[];False;False;9922dfb95c03e61b;[];[Stiker]
444;31;11-50;9489138.0;text;;[];False;False;427c13cc8caaadce;[];Gw lg sibuk bgt minggu ini.
445;31;0;9489150.0;sticker/webp;;[];False;False;b70842ce22a7beeb;[];[Stiker]
446;31;0;9489245.0;sticker/webp;;[];False;False;53c5f6555e154af2;[];[Stiker]
447;31;0;9489248.0;sticker/webp;;[];False;False;53c5f6555e154af2;[];[Stiker]
448;31;0;9489295.0;sticker/webp;;[];False;False;66846fcb74c9a8d3;[];[Stiker]
449;31;0;9489335.0;sticker/webp;;[];False;False;427c13cc8caaadce;[];[Stiker]
450;31;0;9489374.0;sticker/webp;;[];False;False;66846fcb74c9a8d3;[];[Stiker]
451;31;0;9489392.0;sticker/webp;;[];False;False;427c13cc8caaadce;[];[Stiker]
452;31;0;9489591.0;sticker/webp;;[];False;False;53c5f6555e154af2;[];[Stiker]
453;32;0;9491425.0;sticker/webp;;[];False;False;9922dfb95c03e61b;[];[Stiker]
454;32;0;9491569.0;sticker/webp;;[];False;False;53c5f6555e154af2;[];[Stiker]
455;32;0;9491592.0;sticker/webp;;[];False;False;9922dfb95c03e61b;[];[Stiker]
456;32;0;9492532.0;sticker/webp;;[];False;False;19e7bb7d7c25ecf7;[];[Stiker]
457;32;0;9492717.0;sticker/webp;;[];False;False;c180a5c6da3252f3;[];[Stiker]
458;32;0;9492842.0;sticker/webp;;[];False;False;19e7bb7d7c25ecf7;[];[Stiker]
459;32;0;9492938.0;sticker/webp;;[];False;False;19e7bb7d7c25ecf7;[];[Stiker]
460;32;0;9492944.0;sticker/webp;;[];False;False;19e7bb7d7c25ecf7;[];[Stiker]
461;32;0;9492949.0;sticker/webp;;[];False;False;c180a5c6da3252f3;[];[Stiker]
462;32;0;9492957.0;sticker/webp;;[];False;False;19e7bb7d7c25ecf7;[];[Stiker]
463;32;0;9492972.0;sticker/webp;;[];False;False;19e7bb7d7c25ecf7;[];[Stiker]
464;32;0;9493000.0;sticker/webp;;[];False;False;c180a5c6da3252f3;[];[Stiker]
465;32;0;9493042.0;sticker/webp;;[];False;False;b50f70a2cfd73bfa;[];[Stiker]
466;32;0;9493049.0;sticker/webp;;[];False;False;b50f70a2cfd73bfa;[];[Stiker]
467;32;0;9493071.0;sticker/webp;;[];False;False;19e7bb7d7c25ecf7;[];[Stiker]
468;32;0;9493162.0;sticker/webp;;[];False;False;b50f70a2cfd73bfa;[];[Stiker]
469;32;0;9493212.0;sticker/webp;;[];False;False;b50f70a2cfd73bfa;[];[Stiker]
470;32;0;9493275.0;sticker/webp;;[];False;False;19e7bb7d7c25ecf7;[];[Stiker]
471;32;0;9494031.0;sticker/webp;;[];False;False;ac4cf7af14792c7c;[];[Stiker]
472;32;0;9494129.0;sticker/webp;;[];False;False;19e7bb7d7c25ecf7;[];[Stiker]
473;32;0;9494135.0;sticker/webp;;[];False;False;b50f70a2cfd73bfa;[];[Stiker]
474;32;0;9494149.0;sticker/webp;;[];False;False;19e7bb7d7c25ecf7;[];[Stiker]
475;32;0;9494266.0;sticker/webp;;[];False;False;ddad39c47f8cd3fc;[];[Stiker]
476;32;0;9494266.0;sticker/webp;;[];False;False;ddad39c47f8cd3fc;[];[Stiker]
477;32;0;9494269.0;sticker/webp;;[];False;False;ddad39c47f8cd3fc;[];[Stiker]
478;32;0;9494273.0;sticker/webp;;[];False;False;ddad39c47f8cd3fc;[];[Stiker]
479;32;0;9494281.0;sticker/webp;;[];False;False;b50f70a2cfd73bfa;[];[Stiker]
480;32;0;9494309.0;sticker/webp;;[];False;False;ac4cf7af14792c7c;[];[Stiker]
481;32;0;9494373.0;sticker/webp;;[];False;False;19e7bb7d7c25ecf7;[];[Stiker]
482;32;0;9494400.0;sticker/webp;;[];False;False;19e7bb7d7c25ecf7;[];[Stiker]
483;32;0;9494421.0;sticker/webp;;[];False;False;ac4cf7af14792c7c;[];[Stiker]
484;32;0;9494531.0;sticker/webp;;[];False;False;19e7bb7d7c25ecf7;[];[Stiker]
485;32;0;9494678.0;unknown;;[];False;False;ddad39c47f8cd3fc;[];[Media tidak dikenal]
486;32;0;9494684.0;sticker/webp;;[];False;False;ddad39c47f8cd3fc;[];[Stiker]
487;32;0;9494783.0;sticker/webp;;[];False;False;b50f70a2cfd73bfa;[];[Stiker]
488;32;0;9494790.0;sticker/webp;;[];False;False;b50f70a2cfd73bfa;[];[Stiker]
489;32;0;9495023.0;sticker/webp;;[];False;False;ac4cf7af14792c7c;[];[Stiker]
490;32;0;9495155.0;sticker/webp;;[];False;False;19e7bb7d7c25ecf7;[];[Stiker]
491;32;0;9495321.0;sticker/webp;;[];False;False;b50f70a2cfd73bfa;[];[Stiker]
492;32;0;9496040.0;sticker/webp;;[];False;False;1817f44e77f2b816;[];[Stiker]
493;33;0;9497987.0;sticker/webp;;[];False;False;768b79893ae15e12;[];[Stiker]
494;33;0;9498356.0;sticker/webp;;[];False;False;df199a0a50f00e15;[];[Stiker]
495;33;0;9498467.0;sticker/webp;;[];False;False;876f1021eb272c59;[];[Stiker]
496;33;0;9498490.0;sticker/webp;;[];False;False;19e7bb7d7c25ecf7;[];[Stiker]
497;33;0;9498550.0;sticker/webp;429.0;[];False;False;6c25b31bedef18ca;[];[Stiker]
498;33;0;9498667.0;sticker/webp;;[];False;False;b50f70a2cfd73bfa;[];[Stiker]
499;33;0;9498801.0;sticker/webp;429.0;[];False;False;1e2c6eff38097636;[];[Stiker]
500;34;0;9504854.0;sticker/webp;;[];False;False;53c5f6555e154af2;[];[Stiker]
501;34;0;9505380.0;sticker/webp;;[];False;False;470b16c809686b17;[];[Stiker]
502;34;0;9505720.0;sticker/webp;;[];False;False;19e7bb7d7c25ecf7;[];[Stiker]
503;34;0;9505839.0;sticker/webp;;[];False;False;1817f44e77f2b816;[];[Stiker]
504;34;0;9505843.0;sticker/webp;;[];False;False;1817f44e77f2b816;[];[Stiker]
505;34;0;9505847.0;sticker/webp;;[];False;False;df199a0a50f00e15;[];[Stiker]
506;34;0;9505851.0;sticker/webp;;[];False;False;df199a0a50f00e15;[];[Stiker]
507;34;0;9505859.0;sticker/webp;;[];False;False;df199a0a50f00e15;[];[Stiker]
508;34;0;9505865.0;sticker/webp;;[];False;False;df199a0a50f00e15;[];[Stiker]
509;34;0;9506117.0;sticker/webp;;[];False;False;53c5f6555e154af2;[];[Stiker]
510;34;0;9506118.0;sticker/webp;;[];False;False;53c5f6555e154af2;[];[Stiker]
511;34;0;9506155.0;sticker/webp;;[];False;False;b50f70a2cfd73bfa;[];[Stiker]
512;34;0;9506157.0;sticker/webp;;[];False;False;b50f70a2cfd73bfa;[];[Stiker]
513;34;0;9506167.0;sticker/webp;;[];False;False;9922dfb95c03e61b;[];[Stiker]
514;34;0;9506204.0;sticker/webp;;[];False;False;53c5f6555e154af2;[];[Stiker]
515;34;0;9506207.0;sticker/webp;;[];False;False;b50f70a2cfd73bfa;[];[Stiker]
516;34;0;9506219.0;sticker/webp;515.0;[];False;False;9922dfb95c03e61b;[];[Stiker]
517;34;0;9506338.0;sticker/webp;;[];False;False;b50f70a2cfd73bfa;[];[Stiker]
518;34;11-50;9506458.0;text;;[];False;False;9922dfb95c03e61b;[];Gw mau pesen gofood dulu.
519;34;1-10;9506515.0;text;;[];False;False;b50f70a2cfd73bfa;[];gass
520;34;11-50;9506527.0;text;;[];False;False;b50f70a2cfd73bfa;[];masak sendiri lebih hemat sih
521;34;0;9506538.0;sticker/webp;;[];False;False;9922dfb95c03e61b;[];[Stiker]
522;35;0;9511146.0;sticker/webp;;[];False;False;a0cfcd7ab8baf416;[];[Stiker]
523;35;0;9511417.0;sticker/webp;;[];False;False;19e7bb7d7c25ecf7;[];[Stiker]
524;36;0;9517646.0;sticker/webp;;[];False;False;b50f70a2cfd73bfa;[];[Stiker]
525;36;0;9517699.0;unknown;;[];False;False;2b6eeb123b473098;[];[Media tidak dikenal]
526;36;0;9517743.0;sticker/webp;;[];False;False;803862b310d6795b;[];[Stiker]
527;36;0;9517775.0;sticker/webp;;[];False;False;2b6eeb123b473098;[];[Stiker]
528;36;0;9517784.0;sticker/webp;;[];False;False;2b6eeb123b473098;[];[Stiker]
529;36;0;9517786.0;sticker/webp;;[];False;False;2b6eeb123b473098;[];[Stiker]
530;36;0;9517790.0;sticker/webp;;[];False;False;2b6eeb123b473098;[];[Stiker]
531;36;0;9517801.0;sticker/webp;;[];False;False;66846fcb74c9a8d3;[];[Stiker]
532;36;0;9517891.0;sticker/webp;;[];False;False;2b6eeb123b473098;[];[Stiker]
533;36;0;9517908.0;sticker/webp;;[];False;False;2b6eeb123b473098;[];[Stiker]
534;36;0;9517910.0;sticker/webp;;[];False;False;2b6eeb123b473098;[];[Stiker]
535;36;0;9517926.0;sticker/webp;;[];False;False;2b6eeb123b473098;[];[Stiker]
536;36;0;9517937.0;sticker/webp;;[];False;False;2b6eeb123b473098;[];[Stiker]
537;36;0;9517942.0;sticker/webp;;[];False;False;2b6eeb123b473098;[];[Stiker]
538;36;0;9517959.0;sticker/webp;;[];False;False;2b6eeb123b473098;[];[Stiker]
539;36;0;9517961.0;sticker/webp;;[];False;False;2b6eeb123b473098;[];[Stiker]
540;36;0;9517962.0;sticker/webp;;[];False;False;2b6eeb123b473098;[];[Stiker]
541;36;0;9517964.0;sticker/webp;;[];False;False;2b6eeb123b473098;[];[Stiker]
542;36;0;9519907.0;sticker/webp;;[];False;False;1817f44e77f2b816;[];[Stiker]
543;36;0;9529478.0;system;;[];False;False;4dc692a8c6168cb5;[];[Pesan sistem]
544;37;0;9543651.0;sticker/webp;;[];False;False;b50f70a2cfd73bfa;[];[Stiker]
545;37;0;9549494.0;sticker/webp;;[];False;False;77d77e06613167c3;[];[Stiker]
546;38;11-50;9588764.0;text;;[];False;False;96d598c43defc391;[];ketemuan di mall jam 3 ya
547;38;0;9588882.0;sticker/webp;;[];False;False;53c5f6555e154af2;[];[Stiker]
548;38;0;9588956.0;sticker/webp;;[];False;False;9922dfb95c03e61b;[];[Stiker]
549;38;11-50;9589090.0;text;;[];False;False;96d598c43defc391;[];gw lagi di warkop nih
550;38;0;9589131.0;sticker/webp;;[];False;False;53c5f6555e154af2;[];[Stiker]
551;38;0;9589588.0;sticker/webp;;[];False;False;b50f70a2cfd73bfa;[];[Stiker]
552;38;0;9589589.0;sticker/webp;;[];False;False;9922dfb95c03e61b;[];[Stiker]
553;38;0;9589629.0;sticker/webp;;[];False;False;b50f70a2cfd73bfa;[];[Stiker]
554;38;0;9589638.0;sticker/webp;;[];False;False;c180a5c6da3252f3;[];[Stiker]
555;39;0;9591789.0;sticker/webp;;[];False;False;1817f44e77f2b816;[];[Stiker]
556;39;0;9591891.0;sticker/webp;;[];False;False;36ee274c26c96793;[];[Stiker]
557;39;0;9591902.0;sticker/webp;;[];False;False;36ee274c26c96793;[];[Stiker]
558;39;0;9591907.0;sticker/webp;;[];False;False;36ee274c26c96793;[];[Stiker]
559;39;0;9591911.0;sticker/webp;;[];False;False;36ee274c26c96793;[];[Stiker]
560;39;0;9591911.0;sticker/webp;;[];False;False;36ee274c26c96793;[];[Stiker]
561;39;0;9591915.0;sticker/webp;;[];False;False;36ee274c26c96793;[];[Stiker]
562;39;0;9591924.0;sticker/webp;;[];False;False;36ee274c26c96793;[];[Stiker]
563;39;0;9591928.0;sticker/webp;;[];False;False;36ee274c26c96793;[];[Stiker]
564;39;0;9591931.0;sticker/webp;;[];False;False;36ee274c26c96793;[];[Stiker]
565;39;0;9591932.0;sticker/webp;;[];False;False;36ee274c26c96793;[];[Stiker]
566;39;0;9591934.0;sticker/webp;;[];False;False;36ee274c26c96793;[];[Stiker]
567;39;0;9591936.0;sticker/webp;;[];False;False;36ee274c26c96793;[];[Stiker]
568;39;0;9591942.0;sticker/webp;;[];False;False;36ee274c26c96793;[];[Stiker]
569;39;0;9591949.0;sticker/webp;;[];False;False;36ee274c26c96793;[];[Stiker]
570;39;0;9591953.0;sticker/webp;;[];False;False;36ee274c26c96793;[];[Stiker]
571;39;0;9591954.0;sticker/webp;;[];False;False;36ee274c26c96793;[];[Stiker]
572;39;0;9591956.0;sticker/webp;;[];False;False;36ee274c26c96793;[];[Stiker]
573;39;0;9591963.0;sticker/webp;;[];False;False;36ee274c26c96793;[];[Stiker]
574;39;0;9591964.0;sticker/webp;;[];False;False;36ee274c26c96793;[];[Stiker]
575;39;0;9591969.0;sticker/webp;;[];False;False;36ee274c26c96793;[];[Stiker]
576;39;0;9592050.0;sticker/webp;;[];False;False;1817f44e77f2b816;[];[Stiker]
577;39;1-10;9592197.0;text;;[];False;False;96d598c43defc391;[];setuju
578;39;0;9592208.0;sticker/webp;;[];False;False;96d598c43defc391;[];[Stiker]
579;39;0;9592212.0;sticker/webp;;[];False;False;96d598c43defc391;[];[Stiker]
580;39;0;9592213.0;sticker/webp;;[];False;False;96d598c43defc391;[];[Stiker]
581;39;0;9592214.0;sticker/webp;;[];False;False;96d598c43defc391;[];[Stiker]
582;39;0;9592386.0;system;;[];False;False;9fd86ec08cbb37bf;[];[Pesan sistem]
583;39;0;9592663.0;sticker/webp;;[];False;False;1817f44e77f2b816;[];[Stiker]
584;39;0;9592728.0;sticker/webp;;[];False;False;1817f44e77f2b816;[];[Stiker]
585;39;0;9592904.0;sticker/webp;;[];False;False;a0cfcd7ab8baf416;[];[Stiker]
586;40;0;9595712.0;sticker/webp;;[];False;False;c180a5c6da3252f3;[];[Stiker]
587;40;0;9595716.0;sticker/webp;;[];False;False;c180a5c6da3252f3;[];[Stiker]
588;40;0;9595932.0;sticker/webp;;[];False;False;9922dfb95c03e61b;[];[Stiker]
589;41;0;9643350.0;system;;[];False;False;b8dcfbf998b6099b;[];[Pesan sistem]
590;41;0;9683340.0;sticker/webp;;[];False;False;375a5cb8a1a3b336;[];[Stiker]
591;41;0;9683391.0;sticker/webp;;[];False;False;b50f70a2cfd73bfa;[];[Stiker]
592;41;0;9683452.0;sticker/webp;;[];False;False;19e7bb7d7c25ecf7;[];[Stiker]
593;41;0;9683697.0;sticker/webp;;[];False;False;1817f44e77f2b816;[];[Stiker]
594;41;0;9683705.0;system;;[];False;False;3d98f3b38ea9140c;[];[Pesan sistem]
595;41;0;9683754.0;sticker/webp;;[];False;False;19e7bb7d7c25ecf7;[];[Stiker]
596;41;11-50;9683775.0;text;;[];False;False;1817f44e77f2b816;[];ntar gw kabarin lg deh
597;41;11-50;9683775.0;text;;[];False;False;1817f44e77f2b816;[];charger hp gw rusak lg
598;41;11-50;9683786.0;text;;[];False;False;1817f44e77f2b816;[];lu tim mana dukungnya
599;41;1-10;9683791.0;text;;[];False;False;1817f44e77f2b816;[];yoii
600;41;11-50;9683792.0;text;;[];False;False;19e7bb7d7c25ecf7;[];bentar ya gw lg di jalan
601;41;0;9683802.0;sticker/webp;;[];False;False;19e7bb7d7c25ecf7;[];[Stiker]
602;41;0;9683809.0;sticker/webp;;[];False;False;1817f44e77f2b816;[];[Stiker]
603;41;0;9683841.0;sticker/webp;;[];False;False;b50f70a2cfd73bfa;[];[Stiker]
604;41;0;9683883.0;sticker/webp;;[];False;False;19e7bb7d7c25ecf7;[];[Stiker]
605;41;0;9683988.0;sticker/webp;;[];False;False;2b6eeb123b473098;[];[Stiker]
606;41;0;9684044.0;sticker/webp;;[];False;False;19e7bb7d7c25ecf7;[];[Stiker]
607;41;0;9684854.0;sticker/webp;;[];False;False;2b6eeb123b473098;[];[Stiker]
608;41;0;9684856.0;sticker/webp;;[];False;False;2b6eeb123b473098;[];[Stiker]
609;41;0;9684861.0;sticker/webp;;[];False;False;2b6eeb123b473098;[];[Stiker]
610;41;0;9684871.0;sticker/webp;;[];False;False;2b6eeb123b473098;[];[Stiker]
611;41;0;9684873.0;sticker/webp;;[];False;False;2b6eeb123b473098;[];[Stiker]
612;41;0;9684877.0;sticker/webp;;[];False;False;2b6eeb123b473098;[];[Stiker]
613;41;0;9684877.0;sticker/webp;;[];False;False;2b6eeb123b473098;[];[Stiker]
614;41;0;9684878.0;sticker/webp;;[];False;False;2b6eeb123b473098;[];[Stiker]
615;41;0;9684887.0;sticker/webp;;[];False;False;2b6eeb123b473098;[];[Stiker]
616;41;0;9684889.0;sticker/webp;;[];False;False;2b6eeb123b473098;[];[Stiker]
617;41;0;9684890.0;sticker/webp;;[];False;False;2b6eeb123b473098;[];[Stiker]
618;41;0;9684894.0;sticker/webp;;[];False;False;2b6eeb123b473098;[];[Stiker]
619;41;0;9684895.0;sticker/webp;;[];False;False;2b6eeb123b473098;[];[Stiker]
620;41;0;9684906.0;sticker/webp;;[];False;False;2b6eeb123b473098;[];[Stiker]
621;41;0;9684907.0;sticker/webp;;[];False;False;2b6eeb123b473098;[];[Stiker]
622;41;0;9685151.0;sticker/webp;;[];False;False;768b79893ae15e12;[];[Stiker]
623;41;0;9685285.0;sticker/webp;;[];False;False;1817f44e77f2b816;[];[Stiker]
624;41;0;9685312.0;sticker/webp;;[];False;False;36ee274c26c96793;[];[Stiker]
625;41;0;9685324.0;sticker/webp;;[];False;False;2b6eeb123b473098;[];[Stiker]
626;41;0;9685332.0;sticker/webp;;[];False;False;2b6eeb123b473098;[];[Stiker]
627;41;0;9685334.0;sticker/webp;;[];False;False;2b6eeb123b473098;[];[Stiker]
628;41;0;9685349.0;sticker/webp;;[];False;False;36ee274c26c96793;[];[Stiker]
629;41;0;9685374.0;sticker/webp;;[];False;False;1817f44e77f2b816;[];[Stiker]
630;41;0;9685391.0;sticker/webp;;[];False;False;1817f44e77f2b816;[];[Stiker]
631;42;0;9693103.0;sticker/webp;;[];False;False;1817f44e77f2b816;[];[Stiker]
632;42;0;9693667.0;sticker/webp;;[];False;False;b50f70a2cfd73bfa;[];[Stiker]
633;42;0;9702634.0;system;;[];False;False;8a01210ac930c761;[];[Pesan sistem]
634;43;1-10;9715726.0;text;;[];True;False;36ee274c26c96793;[];apa?
635;43;11-50;9715730.0;text;;[];False;False;36ee274c26c96793;[];lab komputer penuh terus
636;43;1-10;9715777.0;text;;[];False;False;c180a5c6da3252f3;[];Ok.
637;43;11-50;9715792.0;text;;[];False;False;c180a5c6da3252f3;[];Deadline besok pagi bro.
638;43;0;9715807.0;sticker/webp;;[];False;False;c180a5c6da3252f3;[];[Stiker]
639;43;0;9715839.0;sticker/webp;;[];False;False;36ee274c26c96793;[];[Stiker]
640;43;0;9715982.0;sticker/webp;;[];False;False;1e2c6eff38097636;[];[Stiker]
641;43;0;9716160.0;sticker/webp;;[];False;False;db8bb6fc941e628f;[];[Stiker]
642;43;0;9716497.0;sticker/webp;;[];False;False;83382ececfccc714;[];[Stiker]
643;43;0;9717424.0;sticker/webp;;[];False;False;b50f70a2cfd73bfa;[];[Stiker]
644;43;0;9717472.0;sticker/webp;;[];False;False;d04a0c8557641b1f;[];[Stiker]
645;43;0;9717769.0;sticker/webp;;[];False;False;b50f70a2cfd73bfa;[];[Stiker]
646;43;0;9717804.0;sticker/webp;;[];False;False;d04a0c8557641b1f;[];[Stiker]
647;43;0;9717866.0;sticker/webp;;[];False;False;d04a0c8557641b1f;[];[Stiker]
648;43;0;9718221.0;sticker/webp;;[];False;False;96d598c43defc391;[];[Stiker]
649;44;0;9748816.0;sticker/webp;;[];False;False;2b6eeb123b473098;[];[Stiker]
650;44;0;9751232.0;sticker/webp;;[];False;False;470b16c809686b17;[];[Stiker]
651;44;0;9751420.0;sticker/webp;;[];False;False;19e7bb7d7c25ecf7;[];[Stiker]
652;44;0;9752180.0;sticker/webp;;[];False;False;2b6eeb123b473098;[];[Stiker]
653;44;0;9752193.0;sticker/webp;;[];False;False;2b6eeb123b473098;[];[Stiker]
654;44;0;9752212.0;sticker/webp;;[];False;False;2b6eeb123b473098;[];[Stiker]
655;44;0;9752212.0;sticker/webp;;[];False;False;2b6eeb123b473098;[];[Stiker]
656;44;0;9752243.0;sticker/webp;;[];False;False;2b6eeb123b473098;[];[Stiker]
657;44;0;9752257.0;sticker/webp;;[];False;False;2b6eeb123b473098;[];[Stiker]
658;44;0;9752272.0;sticker/webp;;[];False;False;2b6eeb123b473098;[];[Stiker]
659;44;0;9752289.0;sticker/webp;;[];False;False;2b6eeb123b473098;[];[Stiker]
660;44;0;9752292.0;sticker/webp;;[];False;False;2b6eeb123b473098;[];[Stiker]
661;44;0;9752294.0;sticker/webp;;[];False;False;2b6eeb123b473098;[];[Stiker]
662;44;11-50;9752515.0;text;;[];False;False;1817f44e77f2b816;[];gw belom mulai tugas
663;44;1-10;9752516.0;text;;[];False;False;1817f44e77f2b816;[];yuk
664;44;11-50;9752516.0;text;;[];False;False;1817f44e77f2b816;[];matkul ni susah bgt
665;44;1-10;9752524.0;text;;[];False;False;1817f44e77f2b816;[];yoi
666;44;1-10;9752524.0;text;;['😂'];False;False;1817f44e77f2b816;[];wkwk
667;44;1-10;9752532.0;text;663.0;[];False;False;1817f44e77f2b816;[];hehe
668;44;1-10;9752538.0;text;;[];True;False;2b6eeb123b473098;[];apa?
669;44;1-10;9752539.0;text;;[];False;False;2b6eeb123b473098;[];dah
670;44;0;9752565.0;sticker/webp;;[];False;False;2b6eeb123b473098;[];[Stiker]
671;44;51-100;9752645.0;text;;[];False;False;1817f44e77f2b816;[];tadi gw ketemu dosen pembimbing dan dia minta revisi lg utk bab 3
672;44;11-50;9752660.0;text;;[];False;False;1817f44e77f2b816;[];perpus tutup jam berapa ya
673;44;11-50;9752704.0;text;;[];False;False;1817f44e77f2b816;[];presentasi gw amburadul
674;44;0;9752707.0;sticker/webp;;[];False;False;1817f44e77f2b816;[];[Stiker]
675;44;0;9752720.0;sticker/webp;;[];False;False;768b79893ae15e12;[];[Stiker]
676;44;11-50;9752776.0;text;673.0;[];False;False;2b6eeb123b473098;[];gw lg ngerjain tugas nih
677;44;0;9752803.0;sticker/webp;;[];False;False;2b6eeb123b473098;[];[Stiker]
678;44;51-100;9752840.0;text;;[];False;False;1817f44e77f2b816;[];gw baru aja selesai ngerjain tugas sampe jam 3 pagi, mau mati rasanya
679;44;11-50;9752849.0;text;;[];False;False;1817f44e77f2b816;[];matkul ni susah bgt
680;44;1-10;9752853.0;text;;[];False;False;1817f44e77f2b816;[];haha
681;44;11-50;9752855.0;text;;[];False;False;1817f44e77f2b816;[];gw belom mulai tugas
682;44;11-50;9752866.0;text;;[];False;False;1817f44e77f2b816;[];deadline besok pagi bro
683;44;11-50;9752874.0;text;;[];False;False;1817f44e77f2b816;[];gw lg ngerjain tugas nih
684;44;51-100;9752879.0;text;;[];False;False;1817f44e77f2b816;[];eh besok kita jadi ketemuan di kafe deket stasiun kan ya jam 2 siang
685;44;0;9753340.0;unknown;;[];False;False;2b6eeb123b473098;[];[Media tidak dikenal]
686;44;0;9753352.0;image/jpeg;;[];False;False;36ee274c26c96793;[];[Foto]
687;44;0;9753383.0;sticker/webp;;[];False;False;2b6eeb123b473098;[];[Stiker]
688;44;1-10;9753394.0;text;;[];False;False;2b6eeb123b473098;[];yoi
689;44;1-10;9753396.0;text;;[];False;False;2b6eeb123b473098;[];wkwk
690;44;11-50;9753397.0;text;;[];False;False;2b6eeb123b473098;[];gw skip kelas... hari ini
691;44;0;9753451.0;sticker/webp;;[];False;False;2b6eeb123b473098;[];[Stiker]
692;44;0;9753630.0;sticker/webp;;[];False;False;2b6eeb123b473098;[];[Stiker]
693;44;0;9753632.0;sticker/webp;;[];False;False;2b6eeb123b473098;[];[Stiker]
694;44;0;9753651.0;sticker/webp;;[];False;False;2b6eeb123b473098;[];[Stiker]
695;44;0;9753732.0;sticker/webp;;[];False;False;2b6eeb123b473098;[];[Stiker]
696;44;0;9753739.0;sticker/webp;;[];False;False;2b6eeb123b473098;[];[Stiker]
697;44;0;9753797.0;sticker/webp;;[];False;False;2b6eeb123b473098;[];[Stiker]
698;44;0;9753986.0;sticker/webp;;[];False;False;2b6eeb123b473098;[];[Stiker]
699;44;0;9754019.0;sticker/webp;;[];False;False;db8bb6fc941e628f;[];[Stiker]
700;44;0;9754080.0;sticker/webp;;[];False;False;768b79893ae15e12;[];[Stiker]
701;44;0;9754262.0;sticker/webp;;[];False;False;2b6eeb123b473098;[];[Stiker]
702;45;0;9767611.0;sticker/webp;;[];False;False;b50f70a2cfd73bfa;[];[Stiker]
703;45;0;9779397.0;image/jpeg;;[];False;False;36ee274c26c96793;[];[Foto]
704;45;11-50;9779413.0;text;;[];False;False;36ee274c26c96793;[];gw berantem sm si anu
705;45;1-10;9779524.0;text;;[];False;False;1817f44e77f2b816;[];dong
706;45;11-50;9779542.0;text;;[];False;False;1817f44e77f2b816;[];si tu udah putus katanya
707;45;0;9779687.0;sticker/webp;;[];False;False;3d123d7d2d1771a3;[];[Stiker]
708;45;0;9779822.0;sticker/webp;;[];False;False;427c13cc8caaadce;[];[Stiker]
709;45;0;9779822.0;sticker/webp;;[];False;False;427c13cc8caaadce;[];[Stiker]
710;45;0;9779825.0;sticker/webp;;[];False;False;427c13cc8caaadce;[];[Stiker]
711;45;0;9779830.0;sticker/webp;;[];False;False;427c13cc8caaadce;[];[Stiker]
712;45;0;9780275.0;sticker/webp;;[];False;False;470b16c809686b17;[];[Stiker]
713;46;0;9786068.0;system;;[];False;False;0a3debe694f66aa0;[];[Pesan sistem]
714;46;0;9788226.0;unknown;;[];False;False;36ee274c26c96793;[];[Media tidak dikenal]
715;46;0;9788382.0;sticker/webp;;[];False;False;96d598c43defc391;[];[Stiker]
716;46;0;9788386.0;sticker/webp;;[];False;False;96d598c43defc391;[];[Stiker]
717;46;0;9788388.0;sticker/webp;;[];False;False;96d598c43defc391;[];[Stiker]
718;46;0;9788396.0;sticker/webp;;[];False;False;96d598c43defc391;[];[Stiker]
719;46;0;9788431.0;sticker/webp;;[];False;False;218dae5dc875875a;[];[Stiker]
720;46;0;9788432.0;sticker/webp;;[];False;False;218dae5dc875875a;[];[Stiker]
721;46;0;9788432.0;sticker/webp;;[];False;False;218dae5dc875875a;[];[Stiker]
722;46;0;9788435.0;sticker/webp;;[];False;False;218dae5dc875875a;[];[Stiker]
723;46;1-10;9788459.0;text;;[];False;False;df199a0a50f00e15;[];okey!!!
724;46;1-10;9788563.0;text;;[];False;False;36ee274c26c96793;[];yess
725;46;0;9788568.0;sticker/webp;;[];False;False;36ee274c26c96793;[];[Stiker]
726;46;0;9788582.0;sticker/webp;;[];False;False;9922dfb95c03e61b;[];[Stiker]
727;46;1-10;9788648.0;text;;[];True;False;df199a0a50f00e15;[];gk!!
728;46;1-10;9788661.0;text;;[];False;False;36ee274c26c96793;[];eh
729;46;11-50;9788713.0;text;;[];True;False;df199a0a50f00e15;[];mau nitip apa ga!!!
730;46;11-50;9788740.0;text;;[];False;False;36ee274c26c96793;[];gw lg di atm btr
731;46;0;9788742.0;sticker/webp;;[];False;False;98529e8c9e10d5ac;[];[Stiker]
732;46;11-50;9788742.0;text;;['😂'];False;False;98529e8c9e10d5ac;[];internet mtai lg di kosna
733;46;1-10;9788744.0;text;;[];True;False;36ee274c26c96793;[];gk?
734;46;0;9788761.0;sticker/webp;;[];False;False;98529e8c9e10d5ac;[];[Stiker]
735;46;0;9788769.0;sticker/webp;;[];False;False;218dae5dc875875a;[];[Stiker]
736;46;0;9788769.0;sticker/webp;;[];False;False;98529e8c9e10d5ac;[];[Stiker]
737;46;0;9788771.0;sticker/webp;;[];False;False;218dae5dc875875a;[];[Stiker]
738;46;0;9788772.0;sticker/webp;;[];False;False;218dae5dc875875a;[];[Stiker]
739;46;0;9788772.0;sticker/webp;;[];False;False;218dae5dc875875a;[];[Stiker]
740;46;0;9788773.0;sticker/webp;;[];False;False;218dae5dc875875a;[];[Stiker]
741;46;0;9788774.0;sticker/webp;;[];False;False;218dae5dc875875a;[];[Stiker]
742;46;0;9788775.0;sticker/webp;;[];False;False;218dae5dc875875a;[];[Stiker]
743;46;0;9788775.0;sticker/webp;;[];False;False;218dae5dc875875a;[];[Stiker]
744;46;0;9788775.0;sticker/webp;;[];False;False;218dae5dc875875a;[];[Stiker]
745;46;0;9788779.0;sticker/webp;;[];False;False;218dae5dc875875a;[];[Stiker]
746;46;0;9788779.0;sticker/webp;;[];False;False;218dae5dc875875a;[];[Stiker]
747;46;0;9788781.0;sticker/webp;;[];False;False;218dae5dc875875a;[];[Stiker]
748;46;0;9788783.0;sticker/webp;;[];False;False;218dae5dc875875a;[];[Stiker]
749;46;11-50;9788786.0;text;;[];False;False;98529e8c9e10d5ac;[];ntar gw kabarin lg deh
750;46;0;9788789.0;sticker/webp;;[];False;False;98529e8c9e10d5ac;[];[Stiker]
751;46;0;9788803.0;sticker/webp;;[];False;False;96d598c43defc391;[];[Stiker]
752;46;0;9788809.0;sticker/webp;;[];False;False;98529e8c9e10d5ac;[];[Stiker]
753;46;0;9788820.0;sticker/webp;;[];False;False;96d598c43defc391;[];[Stiker]
754;46;0;9788822.0;sticker/webp;;[];False;False;98529e8c9e10d5ac;[];[Stiker]
755;46;11-50;9788824.0;text;;['😂'];False;False;98529e8c9e10d5ac;[];cuaca hari ni panas bgt
756;46;0;9788835.0;sticker/webp;;[];False;False;96d598c43defc391;[];[Stiker]
757;46;0;9788844.0;sticker/webp;;[];False;False;36ee274c26c96793;[];[Stiker]
758;46;0;9788844.0;sticker/webp;;[];False;False;302a1b1033520a61;[];[Stiker]
759;46;0;9788860.0;sticker/webp;;[];False;False;96d598c43defc391;[];[Stiker]
760;46;0;9788860.0;sticker/webp;;[];False;False;98529e8c9e10d5ac;[];[Stiker]
761;46;0;9788865.0;sticker/webp;;[];False;False;36ee274c26c96793;[];[Stiker]
762;46;0;9788865.0;sticker/webp;;[];False;False;302a1b1033520a61;[];[Stiker]
763;46;0;9788871.0;sticker/webp;;[];False;False;302a1b1033520a61;[];[Stiker]
764;46;0;9788874.0;sticker/webp;;[];False;False;302a1b1033520a61;[];[Stiker]
765;46;0;9788881.0;sticker/webp;;[];False;False;302a1b1033520a61;[];[Stiker]
766;46;0;9788889.0;sticker/webp;;[];False;False;98529e8c9e10d5ac;[];[Stiker]
767;46;0;9788896.0;sticker/webp;;[];False;False;218dae5dc875875a;[];[Stiker]
768;46;0;9788896.0;sticker/webp;;[];False;False;218dae5dc875875a;[];[Stiker]
769;46;0;9788897.0;sticker/webp;;[];False;False;218dae5dc875875a;[];[Stiker]
770;46;0;9788898.0;sticker/webp;;[];False;False;218dae5dc875875a;[];[Stiker]
771;46;0;9788902.0;sticker/webp;;[];False;False;218dae5dc875875a;[];[Stiker]
772;46;0;9788904.0;sticker/webp;;[];False;False;218dae5dc875875a;[];[Stiker]
773;46;0;9788904.0;sticker/webp;;[];False;False;96d598c43defc391;[];[Stiker]
774;46;0;9788904.0;sticker/webp;;[];False;False;218dae5dc875875a;[];[Stiker]
775;46;0;9788905.0;sticker/webp;;[];False;False;218dae5dc875875a;[];[Stiker]
776;46;0;9788906.0;sticker/webp;;[];False;False;218dae5dc875875a;[];[Stiker]
777;46;0;9788907.0;sticker/webp;;[];False;False;218dae5dc875875a;[];[Stiker]
778;46;0;9788913.0;sticker/webp;;[];False;False;96d598c43defc391;[];[Stiker]
779;46;0;9788916.0;sticker/webp;;[];False;False;98529e8c9e10d5ac;[];[Stiker]
780;46;11-50;9788921.0;text;;[];False;False;98529e8c9e10d5ac;[];chargre hp gw ruska lg
781;46;0;9788925.0;unknown;;[];False;False;98529e8c9e10d5ac;[];[Media tidak dikenal]
782;46;0;9788929.0;sticker/webp;;[];False;False;98529e8c9e10d5ac;[];[Stiker]
783;46;0;9788935.0;sticker/webp;;[];False;False;96d598c43defc391;[];[Stiker]
784;46;0;9788940.0;sticker/webp;;[];False;False;96d598c43defc391;[];[Stiker]
785;46;0;9788940.0;sticker/webp;;[];False;False;96d598c43defc391;[];[Stiker]
786;46;0;9788945.0;sticker/webp;;[];False;False;96d598c43defc391;[];[Stiker]
787;46;0;9788955.0;sticker/webp;;[];False;False;96d598c43defc391;[];[Stiker]
788;46;0;9788972.0;image/jpeg;;[];False;False;36ee274c26c96793;[];[Foto]
789;46;0;9788997.0;image/jpeg;;[];False;False;96d598c43defc391;[];[Foto]
790;46;0;9789021.0;image/jpeg;;[];False;False;36ee274c26c96793;[];[Foto]
791;46;0;9789070.0;image/jpeg;;[];False;False;96d598c43defc391;[];[Foto]
792;46;0;9789140.0;image/jpeg;;[];False;False;98529e8c9e10d5ac;[];[Foto]
793;46;0;9789253.0;image/jpeg;;[];False;False;98529e8c9e10d5ac;[];[Foto]
794;46;11-50;9789273.0;text;;[];False;False;98529e8c9e10d5ac;[];gw lg sibuk bgt minggu ni
795;46;0;9789281.0;image/jpeg;;[];False;False;98529e8c9e10d5ac;[];[Foto]
796;46;0;9789399.0;video/mp4;;[];False;False;98529e8c9e10d5ac;[];[Video]
797;46;0;9789437.0;sticker/webp;;[];False;False;98529e8c9e10d5ac;[];[Stiker]
798;46;0;9789493.0;sticker/webp;;[];False;False;a123717fb9ea6d0e;[];[Stiker]
799;46;0;9789584.0;system;;[];False;False;2e1726f7d2f0f74f;[];[Pesan sistem]
800;46;0;9790036.0;sticker/webp;;[];False;False;96d598c43defc391;[];[Stiker]
801;46;0;9791432.0;sticker/webp;;[];False;False;e2d0f307441f593f;[];[Stiker]
802;47;0;9794076.0;sticker/webp;;[];False;False;b50f70a2cfd73bfa;[];[Stiker]
803;47;0;9794236.0;sticker/webp;;[];False;False;98529e8c9e10d5ac;[];[Stiker]
804;47;0;9794250.0;sticker/webp;;[];False;False;98529e8c9e10d5ac;[];[Stiker]
805;47;0;9794251.0;sticker/webp;;[];False;False;98529e8c9e10d5ac;[];[Stiker]
806;47;0;9794253.0;sticker/webp;;[];False;False;98529e8c9e10d5ac;[];[Stiker]
807;47;0;9794580.0;sticker/webp;;[];False;False;96d598c43defc391;[];[Stiker]
808;47;0;9794656.0;sticker/webp;;[];False;False;98529e8c9e10d5ac;[];[Stiker]
809;47;0;9794668.0;sticker/webp;;[];False;False;98529e8c9e10d5ac;[];[Stiker]
810;48;11-50;9842457.0;text;;[];False;False;96d598c43defc391;[];gw lagi marathon drakor nih
811;48;0;9842485.0;sticker/webp;;[];False;False;427c13cc8caaadce;[];[Stiker]
812;48;11-50;9842509.0;text;;[];False;False;96d598c43defc391;[];adek gw masuk SMA tahun ini
813;48;1-10;9842513.0;text;;[];False;False;96d598c43defc391;[];mager
814;48;1-10;9842537.0;text;;[];False;False;427c13cc8caaadce;[];Gitu.
815;48;11-50;9842555.0;text;;[];False;False;96d598c43defc391;[];adek gw masuk SMA tahun ini
816;48;0;9842587.0;sticker/webp;;[];False;False;b70842ce22a7beeb;[];[Stiker]
817;48;0;9842607.0;sticker/webp;;[];False;False;19e7bb7d7c25ecf7;[];[Stiker]
818;48;0;9842649.0;sticker/webp;;[];False;False;19e7bb7d7c25ecf7;[];[Stiker]
819;48;0;9842669.0;sticker/webp;;[];False;False;3b6e144ae7c220dc;[];[Stiker]
820;48;0;9842719.0;sticker/webp;;[];False;False;19e7bb7d7c25ecf7;[];[Stiker]
821;48;0;9842771.0;sticker/webp;;[];False;False;218dae5dc875875a;[];[Stiker]
822;48;0;9842772.0;sticker/webp;;[];False;False;218dae5dc875875a;[];[Stiker]
823;48;0;9842800.0;sticker/webp;;[];False;False;36ee274c26c96793;[];[Stiker]
824;48;0;9842826.0;sticker/webp;;[];False;False;ac4cf7af14792c7c;[];[Stiker]
825;48;1-10;9842864.0;text;;[];False;False;40b724e59d03bfd8;[];gini
826;48;0;9842881.0;sticker/webp;;[];False;False;98529e8c9e10d5ac;[];[Stiker]
827;48;0;9842885.0;sticker/webp;;[];False;False;218dae5dc875875a;[];[Stiker]
828;48;0;9842906.0;sticker/webp;;[];False;False;218dae5dc875875a;[];[Stiker]
829;48;0;9842921.0;sticker/webp;;[];False;False;218dae5dc875875a;[];[Stiker]
830;48;0;9842928.0;sticker/webp;;[];False;False;218dae5dc875875a;[];[Stiker]
831;48;0;9842936.0;sticker/webp;;[];False;False;218dae5dc875875a;[];[Stiker]
832;48;0;9842936.0;sticker/webp;;[];False;False;218dae5dc875875a;[];[Stiker]
833;48;0;9842947.0;sticker/webp;;[];False;False;ac4cf7af14792c7c;[];[Stiker]
834;48;0;9842949.0;sticker/webp;;[];False;False;98529e8c9e10d5ac;[];[Stiker]
835;48;0;9842958.0;sticker/webp;;[];False;False;ac4cf7af14792c7c;[];[Stiker]
836;48;0;9842972.0;sticker/webp;;[];False;False;218dae5dc875875a;[];[Stiker]
837;48;0;9842973.0;sticker/webp;;[];False;False;98529e8c9e10d5ac;[];[Stiker]
838;48;0;9842978.0;sticker/webp;;[];False;False;ac4cf7af14792c7c;[];[Stiker]
839;48;0;9842982.0;sticker/webp;;[];False;False;218dae5dc875875a;[];[Stiker]
840;48;11-50;9842987.0;text;;['🙄', '😂'];False;False;98529e8c9e10d5ac;[];mama minta gw pulang weekend
841;48;0;9842989.0;sticker/webp;;[];False;False;19e7bb7d7c25ecf7;[];[Stiker]
842;48;0;9843000.0;sticker/webp;;[];False;False;218dae5dc875875a;[];[Stiker]
843;48;0;9843007.0;sticker/webp;;[];False;False;ac4cf7af14792c7c;[];[Stiker]
844;48;0;9843020.0;sticker/webp;;[];False;False;218dae5dc875875a;[];[Stiker]
845;48;0;9843021.0;sticker/webp;;[];False;False;ac4cf7af14792c7c;[];[Stiker]
846;48;11-50;9843032.0;text;;[];False;False;db8bb6fc941e628f;[];gw baru aja ketemuuuu mantan
847;48;0;9843033.0;sticker/webp;;[];False;False;19e7bb7d7c25ecf7;[];[Stiker]
848;48;0;9843033.0;sticker/webp;;[];False;False;218dae5dc875875a;[];[Stiker]
849;48;0;9843045.0;sticker/webp;;[];False;False;98529e8c9e10d5ac;[];[Stiker]
850;48;0;9843046.0;sticker/webp;;[];False;False;ac4cf7af14792c7c;[];[Stiker]
851;48;11-50;9843060.0;text;;[];False;True;218dae5dc875875a;[];ngakak gw liat video itu!
852;48;1-10;9843061.0;text;;['😨'];False;False;218dae5dc875875a;[];Noted.
853;48;0;9843070.0;sticker/webp;;[];False;False;0f955f1b70353022;[];[Stiker]
854;48;0;9843073.0;sticker/webp;;[];False;False;ac4cf7af14792c7c;[];[Stiker]
855;48;0;9843076.0;sticker/webp;;[];False;False;0f955f1b70353022;[];[Stiker]
856;48;0;9843083.0;sticker/webp;;[];False;False;db8bb6fc941e628f;[];[Stiker]
857;48;1-10;9843089.0;text;;[];False;False;96d598c43defc391;[];gitu
858;48;0;9843107.0;sticker/webp;;[];False;False;218dae5dc875875a;[];[Stiker]
859;48;0;9843108.0;sticker/webp;;[];False;False;218dae5dc875875a;[];[Stiker]
860;48;11-50;9843108.0;text;;[];False;False;96d598c43defc391;[];film baru di bioskop bagus ga
861;48;11-50;9843114.0;text;;[];False;False;218dae5dc875875a;[];Keluarga ngumpul lebaran nanti.
862;48;0;9843116.0;sticker/webp;;[];False;False;ac4cf7af14792c7c;[];[Stiker]
863;48;0;9843160.0;sticker/webp;;[];False;False;ac4cf7af14792c7c;[];[Stiker]
864;48;0;9843163.0;sticker/webp;;[];False;False;36ee274c26c96793;[];[Stiker]
865;48;0;9843214.0;sticker/webp;;[];False;False;218dae5dc875875a;[];[Stiker]
866;48;0;9843219.0;sticker/webp;;[];False;False;36ee274c26c96793;[];[Stiker]
867;48;0;9843233.0;sticker/webp;;[];False;False;218dae5dc875875a;[];[Stiker]
868;48;0;9843235.0;sticker/webp;;[];False;False;36ee274c26c96793;[];[Stiker]
869;48;0;9843236.0;sticker/webp;;[];False;False;218dae5dc875875a;[];[Stiker]
870;48;0;9843263.0;sticker/webp;;[];False;False;96d598c43defc391;[];[Stiker]
871;48;0;9843266.0;sticker/webp;;[];False;False;96d598c43defc391;[];[Stiker]
872;48;0;9843301.0;sticker/webp;;[];False;False;ac4cf7af14792c7c;[];[Stiker]
873;48;0;9843327.0;sticker/webp;;[];False;False;218dae5dc875875a;[];[Stiker]
874;48;0;9843349.0;sticker/webp;;[];False;False;98529e8c9e10d5ac;[];[Stiker]
875;48;0;9843358.0;sticker/webp;;[];False;False;98529e8c9e10d5ac;[];[Stiker]
876;48;0;9843385.0;sticker/webp;;[];False;False;96d598c43defc391;[];[Stiker]
877;48;1-10;9843412.0;text;;[];True;False;218dae5dc875875a;[];napa?
878;48;0;9843425.0;sticker/webp;;[];False;False;218dae5dc875875a;[];[Stiker]
879;48;0;9843439.0;video/mp4;;[];False;False;36ee274c26c96793;[];[Video]
880;48;11-50;9843544.0;text;;[];False;False;96d598c43defc391;[];keluarga ngumpul lebaran nanti
881;48;0;9843556.0;sticker/webp;;[];False;False;c180a5c6da3252f3;[];[Stiker]
882;48;1-10;9843559.0;text;;[];True;False;218dae5dc875875a;[];dimana?
883;48;0;9843564.0;sticker/webp;;[];False;False;218dae5dc875875a;[];[Stiker]
884;48;0;9843580.0;sticker/webp;883.0;[];False;False;96d598c43defc391;[];[Stiker]
885;48;0;9843580.0;sticker/webp;;[];False;False;96d598c43defc391;[];[Stiker]
886;48;11-50;9843584.0;text;;[];False;False;218dae5dc875875a;[];Gw lagi marathon drakor nih.
887;48;1-10;9843584.0;text;;[];True;False;218dae5dc875875a;[];dimana?
888;48;1-10;9843591.0;text;;[];False;True;218dae5dc875875a;[];duh!
889;48;0;9843594.0;sticker/webp;;[];False;False;96d598c43defc391;[];[Stiker]
890;48;1-10;9843600.0;text;;[];True;False;218dae5dc875875a;[];terus?
891;48;11-50;9843608.0;text;;[];False;False;218dae5dc875875a;[];Mama minta gw pulang weekend.
892;48;0;9843609.0;sticker/webp;;[];False;False;96d598c43defc391;[];[Stiker]
893;48;1-10;9843610.0;text;;[];True;False;218dae5dc875875a;[];dimana?
894;48;1-10;9843623.0;text;;[];False;False;218dae5dc875875a;[];Pasti.
895;48;1-10;9843627.0;text;;[];True;False;218dae5dc875875a;[];napa?
896;48;51-100;9843640.0;text;;[];False;False;96d598c43defc391;[];adek gw mau masuk kuliah tahun depan gw harus bantu cariin info jurusan
897;48;1-10;9843646.0;text;;['😱'];False;False;218dae5dc875875a;[];Gitu.
898;48;11-50;9843654.0;text;;[];True;False;218dae5dc875875a;[];itu tempatnya jauh ga?
899;48;1-10;9843658.0;text;;['😱'];False;False;218dae5dc875875a;[];Gitu.
900;48;0;9843667.0;sticker/webp;;[];False;False;218dae5dc875875a;[];[Stiker]
901;48;0;9843669.0;sticker/webp;;[];False;False;96d598c43defc391;[];[Stiker]
902;48;0;9843676.0;sticker/webp;;[];False;False;96d598c43defc391;[];[Stiker]
903;48;0;9843678.0;sticker/webp;;[];False;False;218dae5dc875875a;[];[Stiker]
904;48;1-10;9843679.0;text;;[];False;False;218dae5dc875875a;[];Gitu.
905;48;0;9843688.0;sticker/webp;;[];False;False;96d598c43defc391;[];[Stiker]
906;48;1-10;9843694.0;text;;[];False;False;218dae5dc875875a;[];Noted.
907;48;1-10;9843695.0;text;;['😨'];False;False;218dae5dc875875a;[];Noted.
908;48;0;9843706.0;sticker/webp;;[];False;False;96d598c43defc391;[];[Stiker]
909;48;11-50;9843727.0;text;;[];False;False;218dae5dc875875a;[];Film baru di bioskop bagus ga.
910;48;0;9843737.0;sticker/webp;;[];False;False;218dae5dc875875a;[];[Stiker]
911;48;0;9843741.0;sticker/webp;;[];False;False;36ee274c26c96793;[];[Stiker]
912;48;0;9843743.0;sticker/webp;;[];False;False;96d598c43defc391;[];[Stiker]
913;48;0;9843744.0;sticker/webp;;[];False;False;218dae5dc875875a;[];[Stiker]
914;48;0;9843761.0;sticker/webp;;[];False;False;96d598c43defc391;[];[Stiker]
915;48;11-50;9843779.0;text;;[];False;False;96d598c43defc391;[];film baru di bioskop bagus ga
916;48;1-10;9843792.0;text;;[];False;False;96d598c43defc391;[];pasti
917;48;11-50;9843798.0;text;;[];False;False;218dae5dc875875a;[];Nyokap nanya kapan lulus.
918;48;11-50;9843799.0;text;;[];False;False;218dae5dc875875a;[];Playlist lo yang mana sih.
919;48;1-10;9843804.0;text;;['😂'];False;False;218dae5dc875875a;[];Woles.
920;48;51-100;9843814.0;text;;[];False;False;218dae5dc875875a;[];Gw lagi belajar masak sendiri biar ga jajan terus lumayan hemat soalnya.
921;48;0;9843815.0;sticker/webp;;[];False;False;96d598c43defc391;[];[Stiker]
922;48;0;9843821.0;sticker/webp;;[];False;False;218dae5dc875875a;[];[Stiker]
923;48;0;9843835.0;sticker/webp;;[];False;False;1860a59877c848a0;[];[Stiker]
924;48;0;9843838.0;sticker/webp;;[];False;False;96d598c43defc391;[];[Stiker]
925;48;1-10;9843884.0;text;923.0;[];False;False;96d598c43defc391;[];woles
926;48;0;9843905.0;sticker/webp;922.0;[];False;False;c180a5c6da3252f3;[];[Stiker]
927;48;0;9843921.0;sticker/webp;;[];False;False;40b724e59d03bfd8;[];[Stiker]
928;48;0;9844066.0;sticker/webp;;[];False;False;36ee274c26c96793;[];[Stiker]
929;48;1-10;9844392.0;text;;[];False;False;36ee274c26c96793;[];noted
930;48;0;9844523.0;sticker/webp;;[];False;False;36ee274c26c96793;[];[Stiker]
931;49;0;9845892.0;sticker/webp;;[];False;False;b50f70a2cfd73bfa;[];[Stiker]
932;49;51-100;9845954.0;text;;[];False;False;96d598c43defc391;[];duit jajan gw abis padahal baru tanggal 15 harus ngirit banget nih
933;49;11-50;9845972.0;text;;[];False;False;36ee274c26c96793;[];hp gw lowbat nih...
934;49;11-50;9845988.0;text;;[];False;False;36ee274c26c96793;[];charger hp gw rusak... lg...
935;49;0;9846053.0;sticker/webp;;[];False;False;96d598c43defc391;[];[Stiker]
936;49;0;9846075.0;sticker/webp;;[];False;False;36ee274c26c96793;[];[Stiker]
937;49;0;9847480.0;system;;[];False;False;d276f36635566ab2;[];[Pesan sistem]
938;50;0;9852610.0;sticker/webp;;[];False;False;de28124b7c7eb132;[];[Stiker]
939;50;0;9852686.0;sticker/webp;;[];False;False;6c25b31bedef18ca;[];[Stiker]
940;50;51-100;9852701.0;text;;['🙇🏻'];False;False;36ee274c26c96793;[];gw nonton film dokumenter... semalam... tentang... laut dan ikan,... bagus bgt
941;50;0;9852839.0;sticker/webp;;[];False;False;427c13cc8caaadce;[];[Stiker]
942;50;0;9852928.0;sticker/webp;;[];False;False;768b79893ae15e12;[];[Stiker]
943;50;0;9852972.0;sticker/webp;;[];False;False;953643d0f5728a1b;[];[Stiker]
944;50;11-50;9853370.0;text;;[];False;False;b50f70a2cfd73bfa;[];kakak gw baru aja nikah
945;50;11-50;9853416.0;text;;[];False;False;36ee274c26c96793;[];kakak gw baru aja... nikah
946;50;11-50;9853513.0;text;;[];False;False;1e2c6eff38097636;[];Nyokap nanya kapan lulus.
947;50;0;9853678.0;sticker/webp;;[];False;False;19e7bb7d7c25ecf7;[];[Stiker]
948;50;0;9853901.0;image/jpeg;;[];False;False;c180a5c6da3252f3;[];[Foto]
949;50;0;9854239.0;sticker/webp;;[];False;False;b50f70a2cfd73bfa;[];[Stiker]
950;51;11-50;9861799.0;text;;[];True;False;218dae5dc875875a;[];jadwal sidang kapan bro?
951;51;1-10;9862485.0;text;;[];False;False;c180a5c6da3252f3;[];Hihi.
952;51;0;9862491.0;sticker/webp;;[];False;False;7393a3427f9b74c7;[];[Stiker]
953;51;0;9862500.0;audio;;[];False;False;2b2ec5a0d197cdbf;[];[Voice Note]
954;51;1-10;9862555.0;text;;['😂'];False;False;218dae5dc875875a;[];Dong.
955;51;11-50;9862557.0;text;;[];False;False;218dae5dc875875a;[];Gw ga percaya sih gosipnya.
956;51;11-50;9862576.0;text;;[];False;False;427c13cc8caaadce;[];Diem diem ternyata jadian.
957;51;11-50;9863104.0;text;;[];False;False;c180a5c6da3252f3;[];Angkot ke sana masih ada ga.
958;51;0;9863127.0;sticker/webp;;[];False;False;c180a5c6da3252f3;[];[Stiker]
959;51;0;9863162.0;sticker/webp;;[];False;False;b70842ce22a7beeb;[];[Stiker]
960;51;11-50;9863228.0;text;;[];False;False;427c13cc8caaadce;[];Gw kangen temen temen SMA.
961;51;0;9863239.0;sticker/webp;;[];False;False;88ed4926f3b98145;[];[Stiker]
962;51;0;9863240.0;sticker/webp;;[];False;False;a0cfcd7ab8baf416;[];[Stiker]
963;51;0;9863248.0;sticker/webp;;[];False;False;a0cfcd7ab8baf416;[];[Stiker]
964;51;0;9863264.0;sticker/webp;;[];False;False;88ed4926f3b98145;[];[Stiker]
965;51;0;9863270.0;sticker/webp;;[];False;False;88ed4926f3b98145;[];[Stiker]
966;51;0;9863271.0;sticker/webp;;[];False;False;a0cfcd7ab8baf416;[];[Stiker]
967;51;0;9863442.0;sticker/webp;;[];False;False;b50f70a2cfd73bfa;[];[Stiker]
968;51;0;9863456.0;sticker/webp;;[];False;False;88ed4926f3b98145;[];[Stiker]
969;51;0;9863497.0;sticker/webp;968.0;[];False;False;b50f70a2cfd73bfa;[];[Stiker]
970;51;0;9863570.0;sticker/webp;969.0;[];False;False;88ed4926f3b98145;[];[Stiker]
971;51;0;9863615.0;sticker/webp;;[];False;False;b50f70a2cfd73bfa;[];[Stiker]
972;51;0;9863647.0;sticker/webp;;[];False;False;88ed4926f3b98145;[];[Stiker]
973;51;0;9863689.0;sticker/webp;;[];False;False;a0cfcd7ab8baf416;[];[Stiker]
974;51;0;9863750.0;sticker/webp;;[];False;False;88ed4926f3b98145;[];[Stiker]
975;51;0;9863842.0;sticker/webp;;[];False;False;a0cfcd7ab8baf416;[];[Stiker]
976;51;0;9863875.0;sticker/webp;;[];False;False;b2e30db9a9d3e420;[];[Stiker]
977;51;0;9863891.0;sticker/webp;;[];False;False;88ed4926f3b98145;[];[Stiker]
978;51;0;9863892.0;sticker/webp;;[];False;False;88ed4926f3b98145;[];[Stiker]
979;51;0;9863944.0;sticker/webp;;[];False;False;b2e30db9a9d3e420;[];[Stiker]
980;51;0;9864003.0;sticker/webp;;[];False;False;88ed4926f3b98145;[];[Stiker]
981;51;0;9864047.0;sticker/webp;;[];False;False;b50f70a2cfd73bfa;[];[Stiker]
982;51;11-50;9864070.0;text;;[];False;False;88ed4926f3b98145;[];temen gw sakit masuk rs
983;51;0;9864073.0;sticker/webp;;[];False;False;88ed4926f3b98145;[];[Stiker]
984;51;0;9864155.0;sticker/webp;;[];False;False;b2e30db9a9d3e420;[];[Stiker]
985;51;0;9864187.0;sticker/webp;;[];False;False;427c13cc8caaadce;[];[Stiker]
986;51;0;9864281.0;sticker/webp;;[];False;False;a0cfcd7ab8baf416;[];[Stiker]
987;51;0;9864406.0;sticker/webp;;[];False;False;b50f70a2cfd73bfa;[];[Stiker]
988;51;0;9864493.0;sticker/webp;;[];False;False;d04a0c8557641b1f;[];[Stiker]
989;51;0;9864516.0;sticker/webp;;[];False;False;b50f70a2cfd73bfa;[];[Stiker]
990;51;0;9864849.0;sticker/webp;;[];False;False;88ed4926f3b98145;[];[Stiker]
991;51;0;9864885.0;sticker/webp;;[];False;False;a0cfcd7ab8baf416;[];[Stiker]
992;51;0;9864891.0;sticker/webp;;[];False;False;b2e30db9a9d3e420;[];[Stiker]
993;51;1-10;9864914.0;text;;[];False;False;88ed4926f3b98145;[];hihi
994;51;0;9865114.0;sticker/webp;;[];False;False;b2e30db9a9d3e420;[];[Stiker]
995;51;11-50;9865154.0;text;;[];False;False;88ed4926f3b98145;[];temenin gw dong besok
996;51;0;9865177.0;sticker/webp;;[];False;False;6dcf6d8bf114a6c3;[];[Stiker]
997;51;0;9865177.0;sticker/webp;;[];False;False;88ed4926f3b98145;[];[Stiker]
998;51;11-50;9865183.0;text;;[];False;False;b2e30db9a9d3e420;[];temen gw sakit masuk rs
999;51;0;9865231.0;image/jpeg;;[];False;False;88ed4926f3b98145;[];[Foto]
1000;51;11-50;9865274.0;text;;[];False;False;b2e30db9a9d3e420;[];reuni kapan ya kita
1001;51;1-10;9865280.0;text;;[];False;False;b2e30db9a9d3e420;[];males
1002;51;1-10;9865294.0;text;;[];False;False;b2e30db9a9d3e420;[];hihi
1003;51;0;9865295.0;sticker/webp;;[];False;False;b2e30db9a9d3e420;[];[Stiker]
1004;51;0;9865512.0;sticker/webp;1003.0;[];False;False;88ed4926f3b98145;[];[Stiker]
1005;51;0;9865710.0;sticker/webp;;[];False;False;b2e30db9a9d3e420;[];[Stiker]
1006;51;0;9865731.0;sticker/webp;;[];False;False;1817f44e77f2b816;[];[Stiker]
1007;51;11-50;9865731.0;text;;[];False;False;1817f44e77f2b816;[];diem diem ternyata jadian
1008;51;500+;9865818.0;text;;['😍', '❤', '💗', '💘', '😭', '😂', '☀', '🌞', '😘', '😛', '😐', '😕', '👗', '😉', '😳', '☺'];False;False;b2e30db9a9d3e420;[];eh denger gosip belum
1009;51;11-50;9865829.0;text;;['🤞'];False;False;b2e30db9a9d3e420;[];jangan bilang siapa siapa ya
1010;51;1-10;9865850.0;text;;[];False;False;de28124b7c7eb132;[];hihi
1011;51;0;9865881.0;sticker/webp;;[];False;False;c180a5c6da3252f3;[];[Stiker]
1012;51;0;9865883.0;sticker/webp;;[];False;False;c180a5c6da3252f3;[];[Stiker]
1013;51;0;9865888.0;sticker/webp;;[];False;False;c180a5c6da3252f3;[];[Stiker]
1014;51;0;9865909.0;sticker/webp;;[];False;False;1817f44e77f2b816;[];[Stiker]
1015;51;1-10;9865915.0;text;;[];False;False;88ed4926f3b98145;[];sama
1016;51;0;9865918.0;sticker/webp;;[];False;False;1817f44e77f2b816;[];[Stiker]
1017;51;0;9865924.0;sticker/webp;;[];False;False;b2e30db9a9d3e420;[];[Stiker]
1018;51;11-50;9865929.0;text;;[];False;False;88ed4926f3b98145;[];jangan bilang siapa siapa,,, ya
1019;51;0;9865941.0;sticker/webp;;[];False;False;88ed4926f3b98145;[];[Stiker]
1020;51;11-50;9865956.0;text;;['😂'];False;False;1817f44e77f2b816;[];jangan bilang siapa siapa ya
1021;51;11-50;9865971.0;text;;[];True;False;1817f44e77f2b816;[];jadwal sidang kapan bro?
1022;51;0;9865974.0;sticker/webp;;[];False;False;c1a88bb7effbfae4;[];[Stiker]
1023;51;0;9865975.0;sticker/webp;;[];False;False;1817f44e77f2b816;[];[Stiker]
1024;51;1-10;9865991.0;text;;['😍'];False;False;b2e30db9a9d3e420;[];dong
1025;51;0;9866017.0;sticker/webp;;[];False;False;b2e30db9a9d3e420;[];[Stiker]
1026;51;0;9866021.0;sticker/webp;;[];False;False;1817f44e77f2b816;[];[Stiker]
1027;51;0;9866022.0;sticker/webp;;[];False;False;1817f44e77f2b816;[];[Stiker]
1028;51;0;9866028.0;sticker/webp;;[];False;False;db8bb6fc941e628f;[];[Stiker]
1029;51;0;9866188.0;sticker/webp;;[];False;False;88ed4926f3b98145;[];[Stiker]
1030;51;0;9866359.0;sticker/webp;1029.0;[];False;False;b2e30db9a9d3e420;[];[Stiker]
1031;51;0;9866373.0;sticker/webp;;[];False;False;2b2ec5a0d197cdbf;[];[Stiker]
1032;51;0;9866494.0;sticker/webp;;[];False;False;2b6eeb123b473098;[];[Stiker]
1033;52;0;9868119.0;sticker/webp;;[];False;False;768b79893ae15e12;[];[Stiker]
1034;52;0;9869731.0;sticker/webp;;[];False;False;302a1b1033520a61;[];[Stiker]
1035;52;0;9869754.0;sticker/webp;;[];False;False;302a1b1033520a61;[];[Stiker]
1036;52;0;9869842.0;sticker/webp;;[];False;False;768b79893ae15e12;[];[Stiker]
1037;52;0;9869864.0;sticker/webp;;[];False;False;302a1b1033520a61;[];[Stiker]
1038;52;0;9869904.0;sticker/webp;;[];False;False;6c25b31bedef18ca;[];[Stiker]
1039;52;0;9869907.0;sticker/webp;;[];False;False;302a1b1033520a61;[];[Stiker]
1040;52;0;9869911.0;sticker/webp;;[];False;False;302a1b1033520a61;[];[Stiker]
1041;52;0;9869912.0;sticker/webp;;[];False;False;302a1b1033520a61;[];[Stiker]
1042;52;0;9869929.0;sticker/webp;;[];False;False;19e7bb7d7c25ecf7;[];[Stiker]
1043;52;0;9869941.0;sticker/webp;;[];False;False;2b6eeb123b473098;[];[Stiker]
1044;52;0;9869963.0;sticker/webp;;[];False;False;2b6eeb123b473098;[];[Stiker]
1045;52;0;9869966.0;sticker/webp;;[];False;False;2b6eeb123b473098;[];[Stiker]
1046;52;0;9869973.0;sticker/webp;;[];False;False;2b6eeb123b473098;[];[Stiker]
1047;52;1-10;9870356.0;text;1044.0;[];False;False;6c25b31bedef18ca;[];wah
1048;52;0;9870433.0;sticker/webp;;[];False;False;2b6eeb123b473098;[];[Stiker]
1049;52;0;9870791.0;sticker/webp;;[];False;False;c180a5c6da3252f3;[];[Stiker]
1050;52;0;9871345.0;sticker/webp;;[];False;False;9922dfb95c03e61b;[];[Stiker]
1051;52;11-50;9871346.0;text;;[];False;False;9922dfb95c03e61b;['700c1ffc61318d71'];Kita ketemuan dimana aja deh.
1052;52;0;9871774.0;sticker/webp;;[];False;False;9aa93dd8905ab4a5;[];[Stiker]
1053;52;0;9871957.0;sticker/webp;;[];False;False;6dcf6d8bf114a6c3;[];[Stiker]
1054;52;0;9872677.0;sticker/webp;;[];False;False;a0cfcd7ab8baf416;[];[Stiker]
1055;52;11-50;9872733.0;text;;[];False;False;db8bb6fc941e628f;[];rame bangettt disini cuyyyy
1056;52;11-50;9872782.0;text;;['😂'];False;False;768b79893ae15e12;[];BSK SORE ADA WAKTU GA
1057;52;0;9873286.0;sticker/webp;;[];False;False;a0cfcd7ab8baf416;[];[Stiker]
1058;52;0;9873746.0;sticker/webp;;[];False;False;b50f70a2cfd73bfa;[];[Stiker]
1059;52;0;9873748.0;sticker/webp;;[];False;False;b50f70a2cfd73bfa;[];[Stiker]
1060;52;0;9873784.0;sticker/webp;;[];False;False;6dcf6d8bf114a6c3;[];[Stiker]
1061;52;0;9873785.0;image/jpeg;;[];False;False;a0cfcd7ab8baf416;[];[Foto]
1062;52;0;9873946.0;sticker/webp;;[];False;False;2b6eeb123b473098;[];[Stiker]
1063;52;0;9874588.0;sticker/webp;;[];False;False;1817f44e77f2b816;[];[Stiker]
1064;53;0;9875228.0;sticker/webp;;[];False;False;1817f44e77f2b816;[];[Stiker]
1065;53;0;9875232.0;sticker/webp;;[];False;False;1817f44e77f2b816;[];[Stiker]
1066;53;0;9875248.0;sticker/webp;;[];False;False;9f0ced31f1f4a534;[];[Stiker]
1067;54;0;9876573.0;sticker/webp;;[];False;False;a0cfcd7ab8baf416;[];[Stiker]
1068;54;0;9877636.0;sticker/webp;;[];False;False;b50f70a2cfd73bfa;[];[Stiker]
1069;54;0;9878018.0;sticker/webp;;[];False;False;b50f70a2cfd73bfa;[];[Stiker]
1070;55;0;9883783.0;sticker/webp;;[];False;False;e2d0f307441f593f;[];[Stiker]
1071;55;0;9883791.0;sticker/webp;;[];False;False;36ee274c26c96793;[];[Stiker]
1072;55;1-10;9883803.0;text;;[];False;False;36ee274c26c96793;[];cuy
1073;55;0;9883842.0;sticker/webp;;[];False;False;98529e8c9e10d5ac;[];[Stiker]
1074;55;0;9883859.0;sticker/webp;;[];False;False;36ee274c26c96793;[];[Stiker]
1075;55;0;9883873.0;sticker/webp;;[];False;False;e2d0f307441f593f;[];[Stiker]
1076;55;1-10;9883880.0;text;;[];False;False;36ee274c26c96793;[];lol
1077;55;0;9883893.0;sticker/webp;;[];False;False;36ee274c26c96793;[];[Stiker]
1078;55;0;9883913.0;sticker/webp;;[];False;False;98529e8c9e10d5ac;[];[Stiker]
1079;55;0;9883946.0;sticker/webp;;[];False;False;36ee274c26c96793;[];[Stiker]
1080;55;0;9884250.0;sticker/webp;;[];False;False;98529e8c9e10d5ac;[];[Stiker]
1081;55;0;9884300.0;sticker/webp;;[];False;False;98529e8c9e10d5ac;[];[Stiker]
1082;55;0;9884304.0;sticker/webp;;[];False;False;98529e8c9e10d5ac;[];[Stiker]
1083;55;11-50;9884496.0;text;;[];False;False;36ee274c26c96793;[];porsi makan gw nambah terus...
1084;55;0;9884498.0;sticker/webp;;[];False;False;36ee274c26c96793;[];[Stiker]
1085;55;11-50;9884549.0;text;;['😂'];False;False;98529e8c9e10d5ac;[];porsi makan gw nmabah treus
1086;55;11-50;9884566.0;text;;[];False;False;88ed4926f3b98145;[];gw lagi,,, diet,,, tapi gagal mulu,,,
1087;55;11-50;9884577.0;text;;[];False;False;218dae5dc875875a;[];Nongkrong yuk di kafe biasa.
1088;55;1-10;9884579.0;text;;[];False;False;98529e8c9e10d5ac;[];gsas
1089;55;11-50;9884580.0;text;;[];False;False;218dae5dc875875a;[];Porsi makan gw nambah terus.
1090;55;1-10;9884588.0;text;;[];False;False;218dae5dc875875a;[];Ngab.
1091;55;0;9884603.0;sticker/webp;;[];False;False;98529e8c9e10d5ac;[];[Stiker]
1092;55;0;9884620.0;sticker/webp;;[];False;False;88ed4926f3b98145;[];[Stiker]
1093;55;1-10;9884624.0;text;1089.0;[];False;False;36ee274c26c96793;[];sis
1094;55;11-50;9884628.0;text;;[];False;False;36ee274c26c96793;[];sarapan dulu baru mikir
1095;55;0;9884640.0;sticker/webp;;[];False;False;98529e8c9e10d5ac;[];[Stiker]
1096;55;11-50;9884647.0;text;;[];False;False;36ee274c26c96793;[];bakso malang tu buka ga ya
1097;55;11-50;9884651.0;text;;[];True;False;88ed4926f3b98145;[];itu beneran apa hoax?
1098;55;0;9884664.0;sticker/webp;;[];False;False;98529e8c9e10d5ac;[];[Stiker]
1099;55;0;9884670.0;sticker/webp;;[];False;False;98529e8c9e10d5ac;[];[Stiker]
1100;55;1-10;9884671.0;text;;[];False;False;36ee274c26c96793;[];woy
1101;55;11-50;9884675.0;text;;[];True;False;218dae5dc875875a;[];bayar berapa sih tadi?
1102;55;1-10;9884683.0;text;;[];False;False;88ed4926f3b98145;[];sis
1103;55;0;9884700.0;sticker/webp;;[];False;False;98529e8c9e10d5ac;[];[Stiker]
1104;55;0;9884711.0;sticker/webp;;[];False;False;88ed4926f3b98145;[];[Stiker]
1105;55;11-50;9884721.0;text;;[];False;False;36ee274c26c96793;[];kopi susu yg biasa... ya
1106;55;1-10;9884725.0;text;;[];False;False;218dae5dc875875a;[];Bener.
1107;55;11-50;9884728.0;text;;[];False;True;218dae5dc875875a;[];capek banget hari ini!
1108;55;1-10;9884736.0;text;;['😂'];False;False;218dae5dc875875a;[];Fix.
1109;55;0;9884737.0;sticker/webp;;[];False;False;98529e8c9e10d5ac;[];[Stiker]
1110;55;1-10;9884740.0;text;;[];True;False;88ed4926f3b98145;[];yakin?
1111;55;1-10;9884748.0;text;;[];False;False;218dae5dc875875a;[];Ayok.
1112;55;11-50;9884760.0;text;;[];False;False;36ee274c26c96793;[];sarapan dulu baru mikir
1113;55;1-10;9884767.0;text;;['😂'];False;False;36ee274c26c96793;[];woy
1114;55;11-50;9884768.0;text;;[];False;False;218dae5dc875875a;[];Es teh manis satu ya bang.
1115;55;1-10;9884769.0;text;;['😂'];False;False;88ed4926f3b98145;[];sis
1116;55;11-50;9884777.0;text;;[];False;False;98529e8c9e10d5ac;[];gw mau nyoba restoran baur
1117;55;1-10;9884784.0;text;;[];False;False;88ed4926f3b98145;[];cuy
1118;55;11-50;9884791.0;text;;['😏'];False;False;98529e8c9e10d5ac;[];es teh manis saut ya bang
1119;55;0;9884792.0;sticker/webp;;[];False;False;218dae5dc875875a;[];[Stiker]
1120;55;0;9884796.0;sticker/webp;;[];False;False;98529e8c9e10d5ac;[];[Stiker]
1121;55;11-50;9884803.0;text;;[];False;False;88ed4926f3b98145;[];sarapan dulu baru mikir
1122;55;1-10;9884803.0;text;1118.0;[];False;False;36ee274c26c96793;[];woy
1123;55;11-50;9884803.0;text;;[];False;False;218dae5dc875875a;[];Sarapan dulu baru mikir.
1124;55;11-50;9884809.0;text;;[];False;False;36ee274c26c96793;[];gw lg diet tp gagal mulu
1125;55;1-10;9884809.0;text;;['😂'];False;False;98529e8c9e10d5ac;[];fix
1126;55;11-50;9884815.0;text;;[];False;False;218dae5dc875875a;[];Masak sendiri lebih hemat sih.
1127;55;11-50;9884815.0;text;;[];False;False;218dae5dc875875a;[];Es teh manis satu ya bang.
1128;55;11-50;9884820.0;text;;[];False;False;98529e8c9e10d5ac;[];taid gw makan nasi padang
1129;55;11-50;9884821.0;text;;[];False;False;36ee274c26c96793;[];masak sendiri lebih hemat sih
1130;55;11-50;9884830.0;text;;[];False;False;218dae5dc875875a;[];Gw lagi diet tapi gagal mulu.
1131;55;1-10;9884833.0;text;;['😂'];False;False;218dae5dc875875a;[];Ngab.
1132;55;0;9884834.0;sticker/webp;;[];False;False;36ee274c26c96793;[];[Stiker]
1133;55;0;9884835.0;sticker/webp;;[];False;False;218dae5dc875875a;[];[Stiker]
1134;55;11-50;9884836.0;text;;['😂'];False;False;98529e8c9e10d5ac;[];kopi susu yg biasa ya
1135;55;11-50;9884839.0;text;;[];False;False;88ed4926f3b98145;[];porsi makan gw nambah terus
1136;55;0;9884839.0;sticker/webp;;[];False;False;88ed4926f3b98145;[];[Stiker]
1137;55;11-50;9884853.0;text;;['😂'];False;False;98529e8c9e10d5ac;[];kopi susu yg biasa ya
1138;55;0;9884863.0;sticker/webp;;[];False;False;98529e8c9e10d5ac;[];[Stiker]
1139;55;0;9884895.0;sticker/webp;;[];False;False;98529e8c9e10d5ac;[];[Stiker]
1140;55;0;9884898.0;sticker/webp;;[];False;False;36ee274c26c96793;[];[Stiker]
1141;55;0;9884922.0;sticker/webp;;[];False;False;98529e8c9e10d5ac;[];[Stiker]
1142;55;0;9884924.0;sticker/webp;;[];False;False;98529e8c9e10d5ac;[];[Stiker]
1143;55;0;9884930.0;sticker/webp;;[];False;False;88ed4926f3b98145;[];[Stiker]
1144;55;0;9884931.0;sticker/webp;;[];False;False;218dae5dc875875a;[];[Stiker]
1145;55;0;9884936.0;sticker/webp;;[];False;False;218dae5dc875875a;[];[Stiker]
1146;55;0;9884937.0;sticker/webp;;[];False;False;98529e8c9e10d5ac;[];[Stiker]
1147;55;0;9884939.0;sticker/webp;;[];False;False;98529e8c9e10d5ac;[];[Stiker]
1148;55;0;9884963.0;sticker/webp;;[];False;False;98529e8c9e10d5ac;[];[Stiker]
1149;55;51-100;9884971.0;text;1145.0;[];False;False;36ee274c26c96793;[];gw udah download... smua materi... kuliah tp blm sempat... baca sm sekali
1150;55;0;9884971.0;sticker/webp;;[];False;False;218dae5dc875875a;[];[Stiker]
1151;55;0;9885008.0;sticker/webp;;[];False;False;98529e8c9e10d5ac;[];[Stiker]
1152;55;0;9885013.0;sticker/webp;;[];False;False;98529e8c9e10d5ac;[];[Stiker]
1153;55;0;9885015.0;sticker/webp;;[];False;False;98529e8c9e10d5ac;[];[Stiker]
1154;55;0;9885021.0;sticker/webp;;[];False;False;218dae5dc875875a;[];[Stiker]
1155;55;1-10;9885023.0;text;;[];False;False;36ee274c26c96793;[];fix
1156;55;0;9885031.0;sticker/webp;;[];False;False;98529e8c9e10d5ac;[];[Stiker]
1157;55;0;9885054.0;sticker/webp;;[];False;False;98529e8c9e10d5ac;[];[Stiker]
1158;55;1-10;9885149.0;text;;[];False;False;88ed4926f3b98145;[];ngab
1159;55;0;9885160.0;sticker/webp;;[];False;False;98529e8c9e10d5ac;[];[Stiker]
1160;55;0;9885186.0;sticker/webp;;[];False;False;98529e8c9e10d5ac;[];[Stiker]
1161;55;51-100;9885189.0;text;;[];False;False;218dae5dc875875a;[];Weekend ini gw mau staycation aja di kosan binge watching series baru.
1162;55;1-10;9885197.0;text;;[];False;False;218dae5dc875875a;[];Woy.
1163;55;0;9885225.0;sticker/webp;;[];False;False;98529e8c9e10d5ac;[];[Stiker]
1164;55;11-50;9885254.0;text;;[];False;False;98529e8c9e10d5ac;[];koip ssuu yg biasa ya
1165;55;11-50;9885264.0;text;;[];False;False;218dae5dc875875a;[];Gw mau nyoba restoran baru.
1166;55;1-10;9885267.0;text;;['🙄'];False;False;98529e8c9e10d5ac;[];fix
1167;55;1-10;9885267.0;text;;[];False;False;218dae5dc875875a;[];Fix.
1168;55;11-50;9885271.0;text;;[];False;False;98529e8c9e10d5ac;[];tadi gw makan nsai padang
1169;55;11-50;9885324.0;text;;[];False;False;e2d0f307441f593f;[];bakso malang itu buka ga ya
1170;55;1-10;9885327.0;text;;['🤷🏻\u200d♀'];False;False;e2d0f307441f593f;[];gass
1171;55;11-50;9885337.0;text;1169.0;[];False;True;218dae5dc875875a;[];capek banget hari ini!
1172;55;0;9885339.0;sticker/webp;;[];False;False;88ed4926f3b98145;[];[Stiker]
1173;55;1-10;9885339.0;text;;['😂'];False;False;218dae5dc875875a;[];Bro.
1174;55;1-10;9885341.0;text;1169.0;['🙄'];False;False;98529e8c9e10d5ac;[];yep
1175;55;0;9885342.0;video/mp4;;[];False;False;98529e8c9e10d5ac;[];[Video]
1176;55;1-10;9885345.0;text;;[];False;False;218dae5dc875875a;[];Ayok.
1177;55;11-50;9885348.0;text;;[];True;False;218dae5dc875875a;[];itu beneran apa hoax?
1178;55;0;9885367.0;sticker/webp;;[];False;False;e2d0f307441f593f;[];[Stiker]
1179;55;11-50;9885371.0;text;1169.0;[];False;False;98529e8c9e10d5ac;[];tadi gw makan nasi padang
1180;55;11-50;9885375.0;text;;['😂', '❤'];False;False;98529e8c9e10d5ac;[];sarapan dulu baru mikir
1181;55;11-50;9885386.0;text;;[];False;True;218dae5dc875875a;[];capek banget hari ini!
1182;55;11-50;9885389.0;text;;[];False;False;36ee274c26c96793;[];es teh manis satu... ya bang
1183;55;1-10;9885392.0;text;;[];False;False;218dae5dc875875a;[];Bener.
1184;55;1-10;9885398.0;text;;['😂'];False;False;98529e8c9e10d5ac;[];sip
1185;55;0;9885415.0;sticker/webp;;[];False;False;e2d0f307441f593f;[];[Stiker]
1186;55;0;9885427.0;sticker/webp;;[];False;False;88ed4926f3b98145;[];[Stiker]
1187;55;0;9885432.0;sticker/webp;;[];False;False;e2d0f307441f593f;[];[Stiker]
1188;55;11-50;9885450.0;text;;['😂'];False;False;218dae5dc875875a;[];Indomie telor udah cukup kok.
1189;55;11-50;9885451.0;text;;[];False;False;e2d0f307441f593f;[];bakso malang itu buka ga ya
1190;55;11-50;9885454.0;text;;[];False;False;98529e8c9e10d5ac;[];es teh manis saut ya bang
1191;55;11-50;9885459.0;text;;[];False;False;218dae5dc875875a;[];Kopi susu yg biasa ya.
1192;55;0;9885460.0;sticker/webp;;[];False;False;98529e8c9e10d5ac;[];[Stiker]
1193;55;0;9885460.0;sticker/webp;;[];False;False;98529e8c9e10d5ac;[];[Stiker]
1194;55;11-50;9885464.0;text;;[];False;True;218dae5dc875875a;[];capek banget hari ini!
1195;55;0;9885469.0;sticker/webp;;[];False;False;98529e8c9e10d5ac;[];[Stiker]
1196;55;0;9885469.0;sticker/webp;;[];False;False;98529e8c9e10d5ac;[];[Stiker]
1197;55;0;9885470.0;sticker/webp;;[];False;False;98529e8c9e10d5ac;[];[Stiker]
1198;55;0;9885474.0;sticker/webp;;[];False;False;98529e8c9e10d5ac;[];[Stiker]
1199;55;0;9885475.0;sticker/webp;;[];False;False;98529e8c9e10d5ac;[];[Stiker]
1200;55;11-50;9885492.0;text;;[];False;False;e2d0f307441f593f;[];es teh manis satu ya bang
1201;55;0;9885504.0;sticker/webp;;[];False;False;e2d0f307441f593f;[];[Stiker]
1202;55;0;9885506.0;sticker/webp;;[];False;False;88ed4926f3b98145;[];[Stiker]
1203;55;1-10;9885512.0;text;;[];True;False;218dae5dc875875a;[];serius?
1204;55;1-10;9885522.0;text;;['😂'];False;False;98529e8c9e10d5ac;[];sis
1205;55;1-10;9885527.0;text;;[];False;False;88ed4926f3b98145;[];fix
1206;55;0;9885539.0;sticker/webp;;[];False;False;218dae5dc875875a;[];[Stiker]
1207;55;0;9885548.0;sticker/webp;;[];False;False;98529e8c9e10d5ac;[];[Stiker]
1208;55;11-50;9885550.0;text;;[];False;False;218dae5dc875875a;[];Nongkrong yuk di kafe biasa.
1209;55;0;9885587.0;sticker/webp;;[];False;False;98529e8c9e10d5ac;[];[Stiker]
1210;55;11-50;9885606.0;text;1208.0;[];False;False;88ed4926f3b98145;[];masak sendiri lebih,,, hemat,,, sih
1211;55;0;9885606.0;sticker/webp;1203.0;[];False;False;e2d0f307441f593f;[];[Stiker]
1212;55;0;9885625.0;sticker/webp;;[];False;False;98529e8c9e10d5ac;[];[Stiker]
1213;55;0;9885627.0;sticker/webp;;[];False;False;88ed4926f3b98145;[];[Stiker]
1214;55;0;9885632.0;sticker/webp;;[];False;False;98529e8c9e10d5ac;[];[Stiker]
1215;55;51-100;9885647.0;text;;[];False;False;218dae5dc875875a;[];Gw lagi bingung milih topik skripsi antara dua tema yang sama menariknya.
1216;55;0;9885664.0;sticker/webp;;[];False;False;98529e8c9e10d5ac;[];[Stiker]
1217;55;0;9885677.0;sticker/webp;;[];False;False;e2d0f307441f593f;[];[Stiker]
1218;55;0;9885690.0;sticker/webp;;[];False;False;e2d0f307441f593f;[];[Stiker]
1219;55;0;9885723.0;sticker/webp;;[];False;False;218dae5dc875875a;[];[Stiker]
1220;55;11-50;9885736.0;text;;['😂'];False;False;218dae5dc875875a;[];Kopi susu yg biasa ya.
1221;55;0;9885779.0;sticker/webp;;[];False;False;88ed4926f3b98145;[];[Stiker]
1222;55;11-50;9885790.0;text;;[];False;False;218dae5dc875875a;[];Sarapan dulu baru mikir.
1223;55;0;9885800.0;sticker/webp;;[];False;False;98529e8c9e10d5ac;[];[Stiker]
1224;55;0;9885810.0;sticker/webp;;[];False;False;98529e8c9e10d5ac;[];[Stiker]
1225;55;11-50;9885815.0;text;;[];False;False;e2d0f307441f593f;[];kopi susu yg biasa ya
1226;55;0;9885841.0;sticker/webp;;[];False;False;88ed4926f3b98145;[];[Stiker]
1227;55;0;9885847.0;sticker/webp;;[];False;False;e2d0f307441f593f;[];[Stiker]
1228;55;0;9885852.0;sticker/webp;;[];False;False;98529e8c9e10d5ac;[];[Stiker]
1229;55;0;9885857.0;sticker/webp;;[];False;False;98529e8c9e10d5ac;[];[Stiker]
1230;55;0;9885876.0;sticker/webp;;[];False;False;e2d0f307441f593f;[];[Stiker]
1231;55;0;9885884.0;sticker/webp;;[];False;False;98529e8c9e10d5ac;[];[Stiker]
1232;55;0;9885902.0;sticker/webp;;[];False;False;e2d0f307441f593f;[];[Stiker]
1233;55;0;9885924.0;sticker/webp;;[];False;False;36ee274c26c96793;[];[Stiker]
1234;55;0;9885929.0;sticker/webp;;[];False;False;88ed4926f3b98145;[];[Stiker]
1235;55;0;9885931.0;sticker/webp;;[];False;False;36ee274c26c96793;[];[Stiker]
1236;55;1-10;9885932.0;text;;[];False;False;36ee274c26c96793;[];bro
1237;55;0;9885933.0;sticker/webp;;[];False;False;36ee274c26c96793;[];[Stiker]
1238;55;0;9885940.0;sticker/webp;;[];False;False;e2d0f307441f593f;[];[Stiker]
1239;55;0;9885944.0;sticker/webp;;[];False;False;96d598c43defc391;[];[Stiker]
1240;55;0;9885946.0;sticker/webp;;[];False;False;96d598c43defc391;[];[Stiker]
1241;55;0;9885949.0;sticker/webp;;[];False;False;96d598c43defc391;[];[Stiker]
1242;55;0;9885950.0;sticker/webp;;[];False;False;98529e8c9e10d5ac;[];[Stiker]
1243;55;0;9885951.0;sticker/webp;;[];False;False;96d598c43defc391;[];[Stiker]
1244;55;11-50;9885953.0;text;;[];False;False;218dae5dc875875a;[];Nongkrong yuk di kafe biasa.
1245;55;0;9885953.0;sticker/webp;;[];False;False;e2d0f307441f593f;[];[Stiker]
1246;55;0;9885955.0;sticker/webp;;[];False;False;98529e8c9e10d5ac;[];[Stiker]
1247;55;0;9885955.0;sticker/webp;;[];False;False;96d598c43defc391;[];[Stiker]
1248;55;0;9885956.0;sticker/webp;;[];False;False;96d598c43defc391;[];[Stiker]
1249;55;0;9885958.0;sticker/webp;;[];False;False;96d598c43defc391;[];[Stiker]
1250;55;0;9885959.0;sticker/webp;;[];False;False;36ee274c26c96793;[];[Stiker]
1251;55;0;9885960.0;sticker/webp;;[];False;False;96d598c43defc391;[];[Stiker]
1252;55;0;9885960.0;sticker/webp;;[];False;False;96d598c43defc391;[];[Stiker]
1253;55;0;9885964.0;sticker/webp;;[];False;False;88ed4926f3b98145;[];[Stiker]
1254;55;0;9885975.0;sticker/webp;;[];False;False;98529e8c9e10d5ac;[];[Stiker]
1255;55;0;9885979.0;sticker/webp;;[];False;False;88ed4926f3b98145;[];[Stiker]
1256;55;0;9885981.0;sticker/webp;;[];False;False;98529e8c9e10d5ac;[];[Stiker]
1257;55;11-50;9885985.0;text;;[];False;False;218dae5dc875875a;[];Bakso malang itu buka ga ya.
1258;55;0;9885987.0;sticker/webp;;[];False;False;98529e8c9e10d5ac;[];[Stiker]
1259;55;0;9885992.0;sticker/webp;;[];False;False;98529e8c9e10d5ac;[];[Stiker]
1260;55;0;9885993.0;sticker/webp;;[];False;False;98529e8c9e10d5ac;[];[Stiker]
1261;55;0;9885995.0;sticker/webp;;[];False;False;98529e8c9e10d5ac;[];[Stiker]
1262;55;0;9886039.0;sticker/webp;;[];False;False;e2d0f307441f593f;[];[Stiker]
1263;55;11-50;9886040.0;text;;[];False;False;96d598c43defc391;[];gw lagi diet tapi gagal mulu
1264;55;0;9886053.0;sticker/webp;;[];False;False;98529e8c9e10d5ac;[];[Stiker]
1265;55;0;9886054.0;sticker/webp;;[];False;False;98529e8c9e10d5ac;[];[Stiker]
1266;55;11-50;9886088.0;text;;[];False;False;98529e8c9e10d5ac;[];nongkrong yuk di kfae biasa
1267;55;0;9886107.0;sticker/webp;;[];False;False;98529e8c9e10d5ac;[];[Stiker]
1268;55;0;9886123.0;sticker/webp;;[];False;False;98529e8c9e10d5ac;[];[Stiker]
1269;55;0;9886266.0;image/jpeg;;[];False;False;36ee274c26c96793;[];[Foto]
1270;55;0;9886286.0;sticker/webp;;[];False;False;88ed4926f3b98145;[];[Stiker]
1271;55;1-10;9886343.0;video/mp4;;[];False;False;98529e8c9e10d5ac;[];[Video]
1272;55;11-50;9886550.0;video/mp4;;[];False;False;98529e8c9e10d5ac;[];[Video]
1273;55;11-50;9886574.0;image/jpeg;;[];False;False;36ee274c26c96793;[];[Foto]
1274;55;0;9886615.0;sticker/webp;;[];False;False;88ed4926f3b98145;[];[Stiker]
1275;55;0;9886621.0;sticker/webp;;[];False;False;b2e30db9a9d3e420;[];[Stiker]
1276;55;11-50;9886627.0;video/mp4;;[];False;False;98529e8c9e10d5ac;[];[Video]
1277;55;0;9886661.0;sticker/webp;;[];False;False;98529e8c9e10d5ac;[];[Stiker]
1278;55;11-50;9886663.0;text;;[];False;False;36ee274c26c96793;[];gw lg diet tp gagal mulu
1279;55;0;9886665.0;sticker/webp;;[];False;False;98529e8c9e10d5ac;[];[Stiker]
1280;55;0;9886666.0;sticker/webp;;[];False;False;98529e8c9e10d5ac;[];[Stiker]
1281;55;11-50;9886684.0;text;;[];False;False;98529e8c9e10d5ac;[];kopi susu yg biasa ya
1282;55;1-10;9886692.0;text;;[];False;False;36ee274c26c96793;[];fix
1283;55;1-10;9886693.0;text;;[];True;False;98529e8c9e10d5ac;[];ko?k
1284;55;0;9886700.0;sticker/webp;;[];False;False;ac4cf7af14792c7c;[];[Stiker]
1285;55;11-50;9886700.0;text;;[];False;False;36ee274c26c96793;[];kopi susu yg biasa ya
1286;55;0;9886707.0;sticker/webp;;[];False;False;98529e8c9e10d5ac;[];[Stiker]
1287;55;11-50;9886715.0;text;;[];False;False;36ee274c26c96793;[];indomie telor udah... cukup kok
1288;55;11-50;9886720.0;text;;[];False;False;218dae5dc875875a;[];Tadi gw makan nasi padang.
1289;55;11-50;9886729.0;text;;[];False;False;98529e8c9e10d5ac;[];nongkrong yuk di kafe biasa
1290;55;1-10;9886730.0;text;;['😌'];False;False;218dae5dc875875a;[];Gass.
1291;55;1-10;9886736.0;text;;[];True;False;36ee274c26c96793;[];masa?
1292;55;11-50;9886737.0;text;;[];False;False;218dae5dc875875a;[];Kopi susu yg biasa ya.
1293;55;11-50;9886747.0;text;;[];False;False;218dae5dc875875a;[];Kopi susu yg biasa ya.
1294;55;11-50;9886761.0;text;;[];False;False;36ee274c26c96793;[];sarapan dulu baru mikir
1295;55;1-10;9886780.0;text;;[];True;False;218dae5dc875875a;[];masa?
1296;55;1-10;9886792.0;text;;[];True;False;36ee274c26c96793;[];kok?
1297;55;11-50;9886796.0;text;;[];False;False;36ee274c26c96793;[];bakso malang tu buka ga ya
1298;55;1-10;9886803.0;text;;[];True;False;218dae5dc875875a;[];masa?
1299;55;1-10;9886806.0;text;;['😂'];False;False;36ee274c26c96793;[];sis
1300;55;11-50;9886814.0;text;;[];True;False;218dae5dc875875a;[];itu beneran apa hoax?
1301;55;1-10;9886814.0;text;;[];True;False;218dae5dc875875a;[];serius?
1302;55;11-50;9886817.0;text;;[];False;False;36ee274c26c96793;[];bakso malang tu buka ga ya
1303;55;11-50;9886819.0;text;;[];False;False;218dae5dc875875a;[];Masak sendiri lebih hemat sih.
1304;55;0;9886836.0;video/mp4;;[];False;False;98529e8c9e10d5ac;[];[Video]
1305;55;11-50;9886845.0;text;;[];False;False;88ed4926f3b98145;[];nongkrong yuk di kafe biasa
1306;55;11-50;9886848.0;text;;[];False;False;88ed4926f3b98145;[];kopi susu yg,,, biasa ya
1307;55;1-10;9886857.0;text;;[];True;False;98529e8c9e10d5ac;[];serius?
1308;55;1-10;9886860.0;text;;['😂'];False;False;98529e8c9e10d5ac;[];bro
1309;55;1-10;9886863.0;text;;[];False;False;98529e8c9e10d5ac;[];sip
1310;55;11-50;9886871.0;text;;[];False;False;98529e8c9e10d5ac;[];es teh manis satu ya bang
1311;55;11-50;9886873.0;text;;[];False;False;88ed4926f3b98145;[];nongkrong yuk di kafe biasa
1312;55;11-50;9886876.0;text;;[];False;False;88ed4926f3b98145;[];sarapan dulu baru mikir,,,
1313;55;11-50;9886942.0;text;;[];False;False;218dae5dc875875a;[];Tadi gw makan nasi padang.
1314;55;1-10;9886946.0;text;;[];True;False;218dae5dc875875a;[];serius?
1315;55;1-10;9886949.0;text;;['😂'];False;False;98529e8c9e10d5ac;[];sip
1316;55;0;9886951.0;video/mp4;;[];False;False;98529e8c9e10d5ac;[];[Video]
1317;55;11-50;9886954.0;text;;['😂'];False;False;98529e8c9e10d5ac;[];tadi gw makna nasi padang
1318;55;11-50;9886957.0;text;;[];False;False;98529e8c9e10d5ac;[];kopi suus yg biasa ya
1319;55;11-50;9886995.0;text;;[];False;False;36ee274c26c96793;[];nongkrong yuk di kafe biasa
1320;55;0;9886998.0;sticker/webp;;[];False;False;2e54515fa88f804f;[];[Stiker]
1321;55;1-10;9887007.0;text;;[];False;False;36ee274c26c96793;[];woy
1322;55;0;9887018.0;audio;;[];False;False;218dae5dc875875a;[];[Voice Note]
1323;55;1-10;9887021.0;text;;[];False;False;36ee274c26c96793;[];bro
1324;55;1-10;9887036.0;text;;[];True;False;98529e8c9e10d5ac;[];serius?
1325;55;0;9887044.0;audio;;[];False;False;218dae5dc875875a;[];[Voice Note]
1326;55;0;9887044.0;sticker/webp;;[];False;False;98529e8c9e10d5ac;[];[Stiker]
1327;55;0;9887055.0;audio;;[];False;False;98529e8c9e10d5ac;[];[Voice Note]
1328;55;11-50;9887096.0;text;;[];True;False;36ee274c26c96793;[];tu beneran apa hoax?
1329;55;1-10;9887119.0;text;;[];False;False;88ed4926f3b98145;[];woy
1330;55;11-50;9887130.0;text;;[];False;False;36ee274c26c96793;[];tadi gw makan nasi padang
1331;55;0;9887146.0;sticker/webp;;[];False;False;36ee274c26c96793;[];[Stiker]
1332;55;1-10;9887152.0;text;;[];False;False;218dae5dc875875a;[];Sis.
1333;55;0;9887163.0;sticker/webp;;[];False;False;88ed4926f3b98145;[];[Stiker]
1334;55;0;9887189.0;audio;;[];False;False;218dae5dc875875a;[];[Voice Note]
1335;55;1-10;9887257.0;text;;[];True;False;36ee274c26c96793;[];yakin?
1336;55;1-10;9887259.0;text;;[];False;False;36ee274c26c96793;[];ayok
1337;55;11-50;9887263.0;text;;[];False;False;36ee274c26c96793;[];porsi makan gw nambah terus
1338;55;0;9887270.0;audio;;[];False;False;218dae5dc875875a;[];[Voice Note]
1339;55;0;9887285.0;audio;;[];False;False;218dae5dc875875a;[];[Voice Note]
1340;55;0;9887288.0;sticker/webp;;[];False;False;2e54515fa88f804f;[];[Stiker]
1341;55;0;9887293.0;video/mp4;;[];False;False;36ee274c26c96793;[];[Video]
1342;55;0;9887302.0;audio;;[];False;False;218dae5dc875875a;[];[Voice Note]
1343;55;11-50;9887334.0;text;;[];False;False;36ee274c26c96793;[];tadi gw makan nasi... padang
1344;55;11-50;9887344.0;text;;[];False;False;88ed4926f3b98145;[];masak sendiri lebih hemat sih
1345;55;11-50;9887352.0;text;;[];False;False;218dae5dc875875a;[];Porsi makan gw nambah terus.
1346;55;0;9887355.0;sticker/webp;;[];False;False;88ed4926f3b98145;[];[Stiker]
1347;55;1-10;9887355.0;text;;[];False;False;36ee274c26c96793;[];ngab
1348;55;1-10;9887356.0;text;;[];False;False;36ee274c26c96793;[];fix
1349;55;11-50;9887361.0;text;;[];False;False;218dae5dc875875a;[];Nongkrong yuk di kafe biasa.
1350;55;0;9887380.0;sticker/webp;;[];False;False;36ee274c26c96793;[];[Stiker]
1351;55;0;9887469.0;system;;[];False;False;4625cd256b09b16a;[];[Pesan sistem]
1352;55;0;9887483.0;audio;;[];False;False;218dae5dc875875a;[];[Voice Note]
1353;55;11-50;9887815.0;text;;[];True;False;218dae5dc875875a;[];bawa motor apa naik apa?
1354;55;1-10;9887835.0;text;;[];False;False;36ee274c26c96793;[];bener
1355;55;0;9887845.0;audio;;[];False;False;218dae5dc875875a;[];[Voice Note]
1356;55;1-10;9887942.0;text;;[];False;False;36ee274c26c96793;[];yep
1357;55;0;9888007.0;sticker/webp;;[];False;False;ac4cf7af14792c7c;[];[Stiker]
1358;55;11-50;9888032.0;text;;[];False;True;218dae5dc875875a;[];enak banget makanannya!
1359;55;0;9888067.0;sticker/webp;;[];False;False;ac4cf7af14792c7c;[];[Stiker]
1360;55;11-50;9888077.0;text;;[];False;False;218dae5dc875875a;[];Gw lagi diet tapi gagal mulu.
1361;55;11-50;9888081.0;text;;[];False;False;218dae5dc875875a;[];Gw mau nyoba restoran baru.
1362;55;0;9888120.0;sticker/webp;;[];False;False;ac4cf7af14792c7c;[];[Stiker]
1363;55;1-10;9888225.0;text;;[];False;False;36ee274c26c96793;[];fix
1364;55;0;9888237.0;audio;;[];False;False;36ee274c26c96793;[];[Voice Note]
1365;55;1-10;9888289.0;text;;[];False;True;218dae5dc875875a;[];wow!
1366;55;1-10;9888290.0;text;;['😂'];False;False;218dae5dc875875a;[];Bener.
1367;55;0;9888293.0;sticker/webp;;[];False;False;953643d0f5728a1b;[];[Stiker]
1368;55;0;9888499.0;video/mp4;;[];False;False;98529e8c9e10d5ac;[];[Video]
1369;55;0;9888639.0;video/mp4;;[];False;False;98529e8c9e10d5ac;[];[Video]
1370;55;0;9888852.0;sticker/webp;;[];False;False;96d598c43defc391;[];[Stiker]
1371;56;1-10;9890992.0;text;;['🙄'];False;False;98529e8c9e10d5ac;[];okk
1372;56;0;9891004.0;sticker/webp;;[];False;False;98529e8c9e10d5ac;[];[Stiker]
1373;56;0;9891019.0;sticker/webp;;[];False;False;98529e8c9e10d5ac;[];[Stiker]
1374;57;0;9907805.0;system;;[];False;False;240fd4d57c14dc07;[];[Pesan sistem]
1375;58;0;9920101.0;system;;[];False;False;a0ee7cdac971307a;[];[Pesan sistem]
1376;58;0;9930794.0;system;;[];False;False;a63143527c266560;[];[Pesan sistem]
1377;59;0;9947712.0;sticker/webp;;[];False;False;98529e8c9e10d5ac;[];[Stiker]
1378;59;0;9947729.0;sticker/webp;;[];False;False;98529e8c9e10d5ac;[];[Stiker]
1379;59;0;9947947.0;sticker/webp;;[];False;False;af6cebae94247a0c;[];[Stiker]
1380;59;0;9947982.0;sticker/webp;;[];False;False;53c5f6555e154af2;[];[Stiker]
1381;59;0;9947999.0;sticker/webp;;[];False;False;5e4880656e196c35;[];[Stiker]
1382;59;0;9948057.0;sticker/webp;;[];False;False;98529e8c9e10d5ac;[];[Stiker]
1383;59;0;9948066.0;sticker/webp;;[];False;False;98529e8c9e10d5ac;[];[Stiker]
1384;59;0;9948084.0;sticker/webp;;[];False;False;53c5f6555e154af2;[];[Stiker]
1385;59;0;9948335.0;sticker/webp;;[];False;False;98529e8c9e10d5ac;[];[Stiker]
1386;59;0;9948438.0;sticker/webp;;[];False;False;9922dfb95c03e61b;[];[Stiker]
1387;59;0;9948533.0;sticker/webp;;[];False;False;98529e8c9e10d5ac;[];[Stiker]
1388;60;0;9950564.0;system;;[];False;False;d2c119ef07dd6369;[];[Pesan sistem]
1389;60;11-50;9950585.0;text;;[];True;False;af028d1b69bef1f6;[];siapa aja,,, yg,,, dateng?
1390;60;0;9950620.0;sticker/webp;;[];False;False;b50f70a2cfd73bfa;[];[Stiker]
1391;60;11-50;9951332.0;text;;[];False;False;1817f44e77f2b816;[];mama minta gw pulang weekend
1392;60;1-10;9951334.0;text;;[];False;False;1817f44e77f2b816;[];woles
1393;60;51-100;9951334.0;text;;[];False;False;1817f44e77f2b816;[];gw lg belajar masak sendiri biar ga jajan terus lumayan hemat soalnya
1394;60;0;9951338.0;sticker/webp;;[];False;False;1817f44e77f2b816;[];[Stiker]
1395;60;0;9951343.0;sticker/webp;;[];False;False;1817f44e77f2b816;[];[Stiker]
1396;60;0;9951345.0;sticker/webp;;[];False;False;1817f44e77f2b816;[];[Stiker]
1397;60;0;9951349.0;sticker/webp;;[];False;False;1817f44e77f2b816;[];[Stiker]
1398;60;0;9951350.0;sticker/webp;;[];False;False;1817f44e77f2b816;[];[Stiker]
1399;60;1-10;9951354.0;text;;[];False;False;1817f44e77f2b816;[];hayuk
1400;60;0;9951358.0;sticker/webp;;[];False;False;1817f44e77f2b816;[];[Stiker]
1401;60;0;9951360.0;sticker/webp;;[];False;False;1817f44e77f2b816;[];[Stiker]
1402;60;0;9951381.0;sticker/webp;;[];False;False;a0cfcd7ab8baf416;[];[Stiker]
1403;60;0;9951399.0;sticker/webp;;[];False;False;ac4cf7af14792c7c;[];[Stiker]
1404;60;0;9951624.0;sticker/webp;;[];False;False;b70842ce22a7beeb;[];[Stiker]
1405;60;0;9951672.0;sticker/webp;;[];False;False;1817f44e77f2b816;[];[Stiker]
1406;60;0;9951684.0;sticker/webp;;[];False;False;1817f44e77f2b816;[];[Stiker]
1407;60;0;9951696.0;sticker/webp;;[];False;False;1817f44e77f2b816;[];[Stiker]
1408;60;0;9951705.0;sticker/webp;;[];False;False;1817f44e77f2b816;[];[Stiker]
1409;60;0;9951735.0;sticker/webp;;[];False;False;98529e8c9e10d5ac;[];[Stiker]
1410;60;0;9951736.0;sticker/webp;;[];False;False;98529e8c9e10d5ac;[];[Stiker]
1411;60;0;9953416.0;sticker/webp;;[];False;False;b50f70a2cfd73bfa;[];[Stiker]
1412;61;11-50;9956784.0;text;;[];True;False;91ceb0493c972141;[];jadi ketemuan ga hari ini?
1413;61;0;9956826.0;sticker/webp;;[];False;False;a0cfcd7ab8baf416;[];[Stiker]
1414;61;11-50;9956832.0;text;;[];False;False;a0cfcd7ab8baf416;[];ipk gw turun semester ini
1415;61;1-10;9957063.0;text;;[];False;False;db8bb6fc941e628f;[];iyaaaa
1416;61;11-50;9957079.0;text;;['😬'];False;False;db8bb6fc941e628f;[];deadline besok pagi bro
1417;61;0;9957789.0;sticker/webp;;[];False;False;9922dfb95c03e61b;[];[Stiker]
1418;61;0;9958150.0;sticker/webp;;[];False;False;db8bb6fc941e628f;[];[Stiker]
1419;61;0;9958152.0;sticker/webp;;[];False;False;db8bb6fc941e628f;[];[Stiker]
1420;61;0;9958164.0;sticker/webp;;[];False;False;db8bb6fc941e628f;[];[Stiker]
1421;61;0;9958165.0;sticker/webp;;[];False;False;db8bb6fc941e628f;[];[Stiker]
1422;61;0;9958168.0;sticker/webp;;[];False;False;db8bb6fc941e628f;[];[Stiker]
1423;61;0;9958178.0;sticker/webp;;[];False;False;db8bb6fc941e628f;[];[Stiker]
1424;61;0;9958182.0;sticker/webp;;[];False;False;db8bb6fc941e628f;[];[Stiker]
1425;61;0;9958186.0;sticker/webp;;[];False;False;db8bb6fc941e628f;[];[Stiker]
1426;61;0;9958193.0;sticker/webp;;[];False;False;db8bb6fc941e628f;[];[Stiker]
1427;61;0;9958198.0;sticker/webp;;[];False;False;db8bb6fc941e628f;[];[Stiker]
1428;61;0;9958205.0;sticker/webp;;[];False;False;db8bb6fc941e628f;[];[Stiker]
1429;61;0;9958207.0;sticker/webp;;[];False;False;db8bb6fc941e628f;[];[Stiker]
1430;61;0;9958208.0;sticker/webp;;[];False;False;db8bb6fc941e628f;[];[Stiker]
1431;61;0;9958219.0;sticker/webp;;[];False;False;db8bb6fc941e628f;[];[Stiker]
1432;61;0;9958225.0;sticker/webp;;[];False;False;db8bb6fc941e628f;[];[Stiker]
1433;61;0;9958226.0;sticker/webp;;[];False;False;db8bb6fc941e628f;[];[Stiker]
1434;61;0;9958229.0;sticker/webp;;[];False;False;db8bb6fc941e628f;[];[Stiker]
1435;61;0;9958237.0;sticker/webp;;[];False;False;db8bb6fc941e628f;[];[Stiker]
1436;61;0;9958246.0;sticker/webp;;[];False;False;db8bb6fc941e628f;[];[Stiker]
1437;61;0;9958246.0;sticker/webp;;[];False;False;db8bb6fc941e628f;[];[Stiker]
1438;61;0;9958250.0;sticker/webp;;[];False;False;db8bb6fc941e628f;[];[Stiker]
1439;61;0;9958261.0;sticker/webp;;[];False;False;db8bb6fc941e628f;[];[Stiker]
1440;61;0;9958270.0;sticker/webp;;[];False;False;db8bb6fc941e628f;[];[Stiker]
1441;61;0;9958274.0;sticker/webp;;[];False;False;db8bb6fc941e628f;[];[Stiker]
1442;61;0;9958278.0;sticker/webp;;[];False;False;db8bb6fc941e628f;[];[Stiker]
1443;61;0;9958286.0;sticker/webp;;[];False;False;db8bb6fc941e628f;[];[Stiker]
1444;61;0;9958307.0;sticker/webp;;[];False;False;db8bb6fc941e628f;[];[Stiker]
1445;61;0;9958314.0;sticker/webp;;[];False;False;db8bb6fc941e628f;[];[Stiker]
1446;61;0;9958316.0;sticker/webp;;[];False;False;db8bb6fc941e628f;[];[Stiker]
1447;61;0;9958323.0;sticker/webp;;[];False;False;db8bb6fc941e628f;[];[Stiker]
1448;61;0;9958328.0;sticker/webp;;[];False;False;db8bb6fc941e628f;[];[Stiker]
1449;61;0;9958335.0;sticker/webp;;[];False;False;db8bb6fc941e628f;[];[Stiker]
1450;61;0;9958347.0;sticker/webp;;[];False;False;db8bb6fc941e628f;[];[Stiker]
1451;61;0;9958359.0;sticker/webp;;[];False;False;db8bb6fc941e628f;[];[Stiker]
1452;61;0;9958365.0;sticker/webp;;[];False;False;db8bb6fc941e628f;[];[Stiker]
1453;61;0;9958378.0;sticker/webp;;[];False;False;db8bb6fc941e628f;[];[Stiker]
1454;61;0;9958384.0;sticker/webp;;[];False;False;db8bb6fc941e628f;[];[Stiker]
1455;61;0;9958394.0;sticker/webp;;[];False;False;db8bb6fc941e628f;[];[Stiker]
1456;61;0;9958395.0;sticker/webp;;[];False;False;db8bb6fc941e628f;[];[Stiker]
1457;61;0;9958403.0;sticker/webp;;[];False;False;db8bb6fc941e628f;[];[Stiker]
1458;61;0;9958407.0;sticker/webp;;[];False;False;db8bb6fc941e628f;[];[Stiker]
1459;61;0;9958407.0;sticker/webp;;[];False;False;db8bb6fc941e628f;[];[Stiker]
1460;61;0;9958412.0;sticker/webp;;[];False;False;db8bb6fc941e628f;[];[Stiker]
1461;61;0;9958419.0;sticker/webp;;[];False;False;db8bb6fc941e628f;[];[Stiker]
1462;61;0;9958432.0;sticker/webp;;[];False;False;b2e30db9a9d3e420;[];[Stiker]
1463;61;1-10;9958448.0;text;;[];False;True;91ceb0493c972141;[];wah!
1464;61;0;9959378.0;sticker/webp;;[];False;False;9922dfb95c03e61b;[];[Stiker]
1465;62;0;10020366.0;sticker/webp;;[];False;False;a3609e3bf750f2b5;[];[Stiker]
1466;62;0;10020368.0;sticker/webp;;[];False;False;a3609e3bf750f2b5;[];[Stiker]
1467;62;0;10020368.0;sticker/webp;;[];False;False;a3609e3bf750f2b5;[];[Stiker]
1468;62;0;10020368.0;sticker/webp;;[];False;False;a3609e3bf750f2b5;[];[Stiker]
1469;62;0;10020370.0;sticker/webp;;[];False;False;a3609e3bf750f2b5;[];[Stiker]
1470;62;0;10020370.0;sticker/webp;;[];False;False;a3609e3bf750f2b5;[];[Stiker]
1471;62;0;10020377.0;sticker/webp;;[];False;False;a3609e3bf750f2b5;[];[Stiker]
1472;62;0;10020467.0;sticker/webp;;[];False;False;40b724e59d03bfd8;[];[Stiker]
1473;62;0;10020476.0;sticker/webp;;[];False;False;40b724e59d03bfd8;[];[Stiker]
1474;63;0;10024241.0;sticker/webp;;[];False;False;b50f70a2cfd73bfa;[];[Stiker]
1475;63;1-10;10024427.0;text;;['🐊'];False;False;19e7bb7d7c25ecf7;[];wkwkkkk
1476;63;0;10024436.0;sticker/webp;;[];False;False;19e7bb7d7c25ecf7;[];[Stiker]
1477;63;0;10025318.0;sticker/webp;;[];False;False;b50f70a2cfd73bfa;[];[Stiker]
1478;63;0;10025420.0;sticker/webp;;[];False;False;2b6eeb123b473098;[];[Stiker]
1479;63;0;10025427.0;sticker/webp;;[];False;False;2b6eeb123b473098;[];[Stiker]
1480;63;0;10025434.0;sticker/webp;;[];False;False;2b6eeb123b473098;[];[Stiker]
1481;63;0;10025440.0;sticker/webp;;[];False;False;2b6eeb123b473098;[];[Stiker]
1482;63;0;10025449.0;sticker/webp;;[];False;False;2b6eeb123b473098;[];[Stiker]
1483;63;0;10025454.0;sticker/webp;;[];False;False;2b6eeb123b473098;[];[Stiker]
1484;63;0;10025458.0;sticker/webp;;[];False;False;2b6eeb123b473098;[];[Stiker]
1485;63;0;10025458.0;sticker/webp;;[];False;False;2b6eeb123b473098;[];[Stiker]
1486;63;0;10025463.0;sticker/webp;;[];False;False;2b6eeb123b473098;[];[Stiker]
1487;63;0;10025475.0;sticker/webp;;[];False;False;19e7bb7d7c25ecf7;[];[Stiker]
1488;64;0;10031451.0;sticker/webp;;[];False;False;a0cfcd7ab8baf416;[];[Stiker]
1489;64;0;10031572.0;sticker/webp;;[];False;False;a3609e3bf750f2b5;[];[Stiker]
1490;64;0;10031619.0;sticker/webp;;[];False;False;2b6eeb123b473098;[];[Stiker]
1491;65;0;10033341.0;sticker/webp;;[];False;False;b50f70a2cfd73bfa;[];[Stiker]
1492;65;0;10033394.0;sticker/webp;;[];False;False;98529e8c9e10d5ac;[];[Stiker]
1493;65;0;10033429.0;sticker/webp;;[];False;False;b50f70a2cfd73bfa;[];[Stiker]
1494;65;0;10033478.0;sticker/webp;;[];False;False;98529e8c9e10d5ac;[];[Stiker]
1495;65;0;10034057.0;sticker/webp;;[];False;False;88ed4926f3b98145;[];[Stiker]
1496;65;0;10034064.0;sticker/webp;;[];False;False;88ed4926f3b98145;[];[Stiker]
1497;65;0;10034095.0;sticker/webp;;[];False;False;b50f70a2cfd73bfa;[];[Stiker]
1498;65;0;10034404.0;sticker/webp;;[];False;False;98529e8c9e10d5ac;[];[Stiker]
1499;65;0;10034531.0;system;;[];False;False;6c25b31bedef18ca;[];[Pesan sistem]
1500;66;0;10036428.0;sticker/webp;;[];False;False;36ee274c26c96793;[];[Stiker]
1501;66;0;10037222.0;sticker/webp;;[];False;False;88ed4926f3b98145;[];[Stiker]
1502;67;0;10040172.0;sticker/webp;;[];False;False;b27b892e158c570e;[];[Stiker]
1503;67;0;10040681.0;sticker/webp;;[];False;False;98529e8c9e10d5ac;[];[Stiker]
1504;67;11-50;10040682.0;text;;[];False;False;98529e8c9e10d5ac;[];ipk gw turun semester ni
1505;67;0;10040692.0;sticker/webp;;[];False;False;96d598c43defc391;[];[Stiker]
1506;67;0;10040703.0;sticker/webp;;[];False;False;98529e8c9e10d5ac;[];[Stiker]
1507;67;0;10040712.0;sticker/webp;;[];False;False;96d598c43defc391;[];[Stiker]
1508;67;0;10040738.0;sticker/webp;;[];False;False;98529e8c9e10d5ac;[];[Stiker]
1509;67;0;10040814.0;sticker/webp;;[];False;False;96d598c43defc391;[];[Stiker]
1510;67;0;10040833.0;sticker/webp;;[];False;False;98529e8c9e10d5ac;[];[Stiker]
1511;67;0;10040846.0;sticker/webp;;[];False;False;98529e8c9e10d5ac;[];[Stiker]
1512;67;0;10040855.0;sticker/webp;;[];False;False;96d598c43defc391;[];[Stiker]
1513;67;0;10040863.0;sticker/webp;;[];False;False;98529e8c9e10d5ac;[];[Stiker]
1514;67;0;10040868.0;sticker/webp;;[];False;False;98529e8c9e10d5ac;[];[Stiker]
1515;67;0;10040880.0;sticker/webp;;[];False;False;98529e8c9e10d5ac;[];[Stiker]
1516;67;0;10040926.0;sticker/webp;;[];False;False;96d598c43defc391;[];[Stiker]
1517;67;0;10040929.0;sticker/webp;;[];False;False;96d598c43defc391;[];[Stiker]
1518;67;0;10040968.0;sticker/webp;;[];False;False;96d598c43defc391;[];[Stiker]
1519;68;0;10042577.0;sticker/webp;;[];False;False;98529e8c9e10d5ac;[];[Stiker]
1520;68;0;10042580.0;sticker/webp;;[];False;False;98529e8c9e10d5ac;[];[Stiker]
1521;68;0;10042586.0;sticker/webp;;[];False;False;98529e8c9e10d5ac;[];[Stiker]
1522;68;0;10042592.0;sticker/webp;;[];False;False;98529e8c9e10d5ac;[];[Stiker]
1523;68;0;10042594.0;sticker/webp;;[];False;False;98529e8c9e10d5ac;[];[Stiker]
1524;68;0;10042615.0;sticker/webp;;[];False;False;98529e8c9e10d5ac;[];[Stiker]
1525;68;0;10042626.0;sticker/webp;;[];False;False;98529e8c9e10d5ac;[];[Stiker]
1526;68;0;10042630.0;sticker/webp;;[];False;False;98529e8c9e10d5ac;[];[Stiker]
1527;68;0;10042642.0;sticker/webp;;[];False;False;98529e8c9e10d5ac;[];[Stiker]
1528;68;0;10042677.0;sticker/webp;;[];False;False;98529e8c9e10d5ac;[];[Stiker]
1529;68;0;10042701.0;sticker/webp;;[];False;False;98529e8c9e10d5ac;[];[Stiker]
1530;68;0;10042705.0;sticker/webp;;[];False;False;98529e8c9e10d5ac;[];[Stiker]
1531;68;0;10042711.0;sticker/webp;;[];False;False;98529e8c9e10d5ac;[];[Stiker]
1532;68;0;10042759.0;sticker/webp;;[];False;False;98529e8c9e10d5ac;[];[Stiker]
1533;68;0;10042854.0;sticker/webp;;[];False;False;98529e8c9e10d5ac;[];[Stiker]
1534;68;0;10042869.0;sticker/webp;;[];False;False;98529e8c9e10d5ac;[];[Stiker]
1535;68;0;10043705.0;sticker/webp;;[];False;False;768b79893ae15e12;[];[Stiker]
1536;69;0;10051509.0;sticker/webp;;[];False;False;2b6eeb123b473098;[];[Stiker]
1537;69;0;10052378.0;sticker/webp;;[];False;False;98529e8c9e10d5ac;[];[Stiker]
1538;69;0;10052512.0;sticker/webp;;[];False;False;b2e30db9a9d3e420;[];[Stiker]
1539;69;0;10052891.0;sticker/webp;;[];False;False;98529e8c9e10d5ac;[];[Stiker]
1540;69;0;10052901.0;sticker/webp;;[];False;False;98529e8c9e10d5ac;[];[Stiker]
1541;69;0;10052906.0;sticker/webp;;[];False;False;98529e8c9e10d5ac;[];[Stiker]
1542;69;0;10052908.0;sticker/webp;;[];False;False;98529e8c9e10d5ac;[];[Stiker]
1543;69;0;10052961.0;sticker/webp;;[];False;False;679dfa676830dcbd;[];[Stiker]
1544;69;0;10053020.0;sticker/webp;;[];False;False;98529e8c9e10d5ac;[];[Stiker]
1545;70;0;10060322.0;sticker/webp;;[];False;False;f070baa00e9423f1;[];[Stiker]
1546;70;0;10060481.0;sticker/webp;;[];False;False;7c2ae6cb0e8dee0e;[];[Stiker]
1547;70;0;10060684.0;sticker/webp;;[];False;False;f070baa00e9423f1;[];[Stiker]
1548;70;0;10060802.0;sticker/webp;;[];False;False;2e54515fa88f804f;[];[Stiker]
1549;70;0;10060959.0;sticker/webp;;[];False;False;de28124b7c7eb132;[];[Stiker]
1550;71;0;10073103.0;sticker/webp;;[];False;False;5e4880656e196c35;[];[Stiker]
1551;71;0;10073830.0;sticker/webp;;[];False;False;b2e30db9a9d3e420;[];[Stiker]
1552;72;0;10094057.0;sticker/webp;;[];False;False;b50f70a2cfd73bfa;[];[Stiker]
1553;72;0;10094301.0;sticker/webp;;[];False;False;19e7bb7d7c25ecf7;[];[Stiker]
1554;72;0;10094866.0;sticker/webp;;[];False;False;a0cfcd7ab8baf416;[];[Stiker]
1555;72;0;10094930.0;sticker/webp;;[];False;False;19e7bb7d7c25ecf7;[];[Stiker]
1556;72;0;10094937.0;sticker/webp;;[];False;False;19e7bb7d7c25ecf7;[];[Stiker]
1557;72;0;10094941.0;sticker/webp;;[];False;False;a0cfcd7ab8baf416;[];[Stiker]
1558;72;0;10094947.0;sticker/webp;;[];False;False;a0cfcd7ab8baf416;[];[Stiker]
1559;72;0;10095481.0;sticker/webp;;[];False;False;b50f70a2cfd73bfa;[];[Stiker]
1560;72;0;10095543.0;sticker/webp;;[];False;False;19e7bb7d7c25ecf7;[];[Stiker]
1561;72;0;10095618.0;sticker/webp;1560.0;[];False;False;b50f70a2cfd73bfa;[];[Stiker]
1562;72;0;10096206.0;sticker/webp;;[];False;False;19e7bb7d7c25ecf7;[];[Stiker]
1563;72;0;10096522.0;sticker/webp;;[];False;False;b50f70a2cfd73bfa;[];[Stiker]
1564;72;0;10096861.0;sticker/webp;;[];False;False;19e7bb7d7c25ecf7;[];[Stiker]
1565;73;0;10098407.0;sticker/webp;;[];False;False;b50f70a2cfd73bfa;[];[Stiker]
1566;73;0;10098813.0;sticker/webp;;[];False;False;19e7bb7d7c25ecf7;[];[Stiker]
1567;74;0;10099992.0;sticker/webp;;[];False;False;b50f70a2cfd73bfa;[];[Stiker]
1568;74;0;10100031.0;sticker/webp;;[];False;False;b70842ce22a7beeb;[];[Stiker]
1569;74;0;10100050.0;sticker/webp;;[];False;False;2b6eeb123b473098;[];[Stiker]
1570;74;0;10100130.0;sticker/webp;;[];False;False;19e7bb7d7c25ecf7;[];[Stiker]
1571;74;0;10101257.0;sticker/webp;;[];False;False;b50f70a2cfd73bfa;[];[Stiker]
1572;75;0;10105648.0;sticker/webp;;[];False;False;a0cfcd7ab8baf416;[];[Stiker]
1573;75;0;10105689.0;sticker/webp;;[];False;False;19e7bb7d7c25ecf7;[];[Stiker]
1574;76;0;10109471.0;sticker/webp;1573.0;[];False;False;b50f70a2cfd73bfa;[];[Stiker]
1575;76;0;10109882.0;sticker/webp;;[];False;False;7d3ac5fcba389eed;[];[Stiker]
1576;76;0;10110331.0;sticker/webp;;[];False;False;2b2ec5a0d197cdbf;[];[Stiker]
1577;76;11-50;10110813.0;text;;[];False;False;1817f44e77f2b816;[];gw baru aja ketemu mantan
1578;76;1-10;10110830.0;text;;[];False;False;1817f44e77f2b816;[];anjay
1579;76;1-10;10111034.0;text;;[];False;False;df199a0a50f00e15;[];goks!!
1580;76;1-10;10111267.0;text;;[];False;False;1817f44e77f2b816;[];goks
1581;76;11-50;10111270.0;text;;[];False;False;1817f44e77f2b816;[];duit bulanan blm dikirim
1582;76;0;10111327.0;sticker/webp;;[];False;False;d04a0c8557641b1f;[];[Stiker]
1583;76;11-50;10111362.0;text;;[];False;False;36ee274c26c96793;[];gw baru aja ketemu... mantan
1584;76;1-10;10111366.0;text;;[];False;False;1817f44e77f2b816;[];nice
1585;76;1-10;10111372.0;text;;['😂'];False;False;1817f44e77f2b816;[];gila
1586;76;11-50;10111374.0;text;;['😂'];False;False;36ee274c26c96793;[];keluarga ngumpul lebaran ntr
1587;76;11-50;10111375.0;text;;[];False;False;1817f44e77f2b816;[];gw kangen masakan rumah
1588;76;11-50;10111390.0;text;;[];False;False;36ee274c26c96793;[];kakak gw baru aja nikah
1589;76;1-10;10111397.0;text;;['😂'];False;False;36ee274c26c96793;[];mager
1590;76;51-100;10111409.0;text;;[];False;False;1817f44e77f2b816;[];adek gw mau masuk kuliah tahun depan gw hrs bantu cariin info jurusan
1591;76;11-50;10111420.0;text;;[];False;False;1817f44e77f2b816;[];kakak gw baru aja nikah
1592;76;11-50;10111427.0;text;;[];False;False;1817f44e77f2b816;[];bokap gw lg di luar kota
1593;76;0;10111583.0;sticker/webp;;[];False;False;b50f70a2cfd73bfa;[];[Stiker]
1594;76;0;10111940.0;sticker/webp;;[];False;False;1817f44e77f2b816;[];[Stiker]
1595;76;500+;10112426.0;text;;[];False;False;df199a0a50f00e15;[];nyokap nanya kapan lulus!!
1596;76;0;10112757.0;sticker/webp;;[];False;False;53c5f6555e154af2;[];[Stiker]
1597;76;11-50;10112782.0;text;;[];False;False;54967cf823339c0d;[];film baru di bioskop baguss ga
1598;76;0;10113009.0;sticker/webp;;[];False;False;df199a0a50f00e15;[];[Stiker]
1599;76;0;10113024.0;sticker/webp;;[];False;False;df199a0a50f00e15;[];[Stiker]
1600;76;0;10113147.0;sticker/webp;1598.0;[];False;False;53c5f6555e154af2;[];[Stiker]
1601;76;0;10113440.0;sticker/webp;;[];False;False;768b79893ae15e12;[];[Stiker]
1602;76;1-10;10113867.0;text;;[];False;False;c5bdec442b4740af;[];hayuk!!
1603;76;11-50;10113878.0;text;;[];False;False;df199a0a50f00e15;[];film baru di bioskop bagus ga!!
1604;76;11-50;10113924.0;text;;[];False;False;c5bdec442b4740af;[];film baru di bioskop bagus ga!!!
1605;76;1-10;10114089.0;text;;[];False;False;df199a0a50f00e15;[];goks!!
1606;76;0;10115384.0;sticker/webp;;[];False;False;a0cfcd7ab8baf416;[];[Stiker]
1607;77;0;10123936.0;sticker/webp;;[];False;False;2b6eeb123b473098;[];[Stiker]
1608;77;0;10123945.0;sticker/webp;;[];False;False;2b6eeb123b473098;[];[Stiker]
1609;77;0;10123947.0;sticker/webp;;[];False;False;2b6eeb123b473098;[];[Stiker]
1610;77;0;10123952.0;sticker/webp;;[];False;False;2b6eeb123b473098;[];[Stiker]
1611;77;0;10123955.0;sticker/webp;;[];False;False;2b6eeb123b473098;[];[Stiker]
1612;77;0;10123957.0;sticker/webp;;[];False;False;2b6eeb123b473098;[];[Stiker]
1613;77;0;10123960.0;sticker/webp;;[];False;False;2b6eeb123b473098;[];[Stiker]
1614;77;0;10124341.0;sticker/webp;;[];False;False;470b16c809686b17;[];[Stiker]
1615;77;0;10124567.0;image/jpeg;;[];False;False;36ee274c26c96793;[];[Foto]
1616;77;11-50;10124578.0;text;;[];False;False;36ee274c26c96793;['98529e8c9e10d5ac'];dompet gw ketinggalan... di rumah
1617;77;11-50;10124594.0;text;;[];False;False;98529e8c9e10d5ac;['36ee274c26c96793'];gw lg di atm btr
1618;77;0;10124597.0;video/mp4;;[];False;False;98529e8c9e10d5ac;[];[Video]
1619;77;0;10124657.0;video/mp4;;[];False;False;36ee274c26c96793;[];[Video]
1620;77;0;10124665.0;video/mp4;;[];False;False;98529e8c9e10d5ac;[];[Video]
1621;77;11-50;10124702.0;text;;[];False;False;98529e8c9e10d5ac;['218dae5dc875875a'];hujan derse ga bawa payung
1622;77;1-10;10124716.0;text;;['😂'];False;False;98529e8c9e10d5ac;[];hem
1623;77;0;10124770.0;video/mp4;;[];False;False;98529e8c9e10d5ac;[];[Video]
1624;77;0;10124813.0;sticker/webp;;[];False;False;e2d0f307441f593f;[];[Stiker]
1625;77;0;10124878.0;sticker/webp;1624.0;[];False;False;768b79893ae15e12;[];[Stiker]
1626;77;0;10124893.0;sticker/webp;;[];False;False;e2d0f307441f593f;[];[Stiker]
1627;77;1-10;10124907.0;text;;[];False;False;768b79893ae15e12;[];EH
1628;77;0;10124913.0;sticker/webp;;[];False;False;768b79893ae15e12;[];[Stiker]
1629;77;0;10124928.0;sticker/webp;;[];False;False;98529e8c9e10d5ac;[];[Stiker]
1630;77;0;10125130.0;sticker/webp;1628.0;[];False;False;470b16c809686b17;[];[Stiker]
1631;77;11-50;10125245.0;text;;[];False;False;e2d0f307441f593f;[];gw lg sibuk bgt minggu ini
1632;77;0;10125263.0;sticker/webp;1628.0;[];False;False;e2d0f307441f593f;[];[Stiker]
1633;77;0;10125424.0;sticker/webp;;[];False;False;768b79893ae15e12;[];[Stiker]
1634;77;0;10126104.0;sticker/webp;;[];False;False;e2d0f307441f593f;[];[Stiker]
1635;77;0;10126144.0;sticker/webp;1634.0;[];False;False;768b79893ae15e12;[];[Stiker]
1636;77;0;10126697.0;sticker/webp;;[];False;False;e2d0f307441f593f;[];[Stiker]
1637;78;0;10128318.0;sticker/webp;;[];False;False;98529e8c9e10d5ac;[];[Stiker]
1638;78;0;10128558.0;sticker/webp;;[];False;False;a0cfcd7ab8baf416;[];[Stiker]
1639;78;0;10128581.0;sticker/webp;;[];False;False;9922dfb95c03e61b;[];[Stiker]
1640;78;0;10128624.0;sticker/webp;;[];False;False;a0cfcd7ab8baf416;[];[Stiker]
1641;78;0;10129514.0;sticker/webp;;[];False;False;e2d0f307441f593f;[];[Stiker]
1642;78;0;10129516.0;sticker/webp;;[];False;False;e2d0f307441f593f;[];[Stiker]
1643;79;0;10133963.0;sticker/webp;;[];False;False;768b79893ae15e12;[];[Stiker]
1644;79;0;10134281.0;sticker/webp;;[];False;False;a0cfcd7ab8baf416;[];[Stiker]
1645;79;0;10134796.0;sticker/webp;;[];False;False;9922dfb95c03e61b;[];[Stiker]
1646;80;0;10136126.0;sticker/webp;;[];False;False;803862b310d6795b;[];[Stiker]
1647;80;11-50;10136138.0;text;;[];False;False;803862b310d6795b;[];eh tadi kelas seru banget...
1648;80;0;10136174.0;sticker/webp;;[];False;False;66846fcb74c9a8d3;[];[Stiker]
1649;80;0;10136175.0;sticker/webp;;[];False;False;66846fcb74c9a8d3;[];[Stiker]
1650;80;0;10136188.0;sticker/webp;;[];False;False;66846fcb74c9a8d3;[];[Stiker]
1651;80;0;10136189.0;sticker/webp;;[];False;False;66846fcb74c9a8d3;[];[Stiker]
1652;80;0;10136191.0;sticker/webp;;[];False;False;66846fcb74c9a8d3;[];[Stiker]
1653;80;0;10136200.0;sticker/webp;;[];False;False;66846fcb74c9a8d3;[];[Stiker]
1654;80;0;10136204.0;sticker/webp;;[];False;False;66846fcb74c9a8d3;[];[Stiker]
1655;80;0;10136207.0;sticker/webp;;[];False;False;66846fcb74c9a8d3;[];[Stiker]
1656;80;0;10136208.0;sticker/webp;;[];False;False;66846fcb74c9a8d3;[];[Stiker]
1657;80;0;10136213.0;sticker/webp;;[];False;False;66846fcb74c9a8d3;[];[Stiker]
1658;80;0;10136222.0;sticker/webp;;[];False;False;66846fcb74c9a8d3;[];[Stiker]
1659;80;0;10136222.0;sticker/webp;;[];False;False;66846fcb74c9a8d3;[];[Stiker]
1660;80;0;10136229.0;sticker/webp;;[];False;False;66846fcb74c9a8d3;[];[Stiker]
1661;80;0;10136230.0;sticker/webp;;[];False;False;66846fcb74c9a8d3;[];[Stiker]
1662;80;0;10136240.0;sticker/webp;;[];False;False;66846fcb74c9a8d3;[];[Stiker]
1663;80;0;10136240.0;sticker/webp;;[];False;False;66846fcb74c9a8d3;[];[Stiker]
1664;80;0;10136244.0;sticker/webp;;[];False;False;66846fcb74c9a8d3;[];[Stiker]
1665;80;0;10136244.0;sticker/webp;;[];False;False;66846fcb74c9a8d3;[];[Stiker]
1666;80;0;10136250.0;sticker/webp;;[];False;False;66846fcb74c9a8d3;[];[Stiker]
1667;80;0;10136255.0;sticker/webp;;[];False;False;66846fcb74c9a8d3;[];[Stiker]
1668;80;0;10136260.0;sticker/webp;;[];False;False;66846fcb74c9a8d3;[];[Stiker]
1669;80;0;10136260.0;sticker/webp;;[];False;False;66846fcb74c9a8d3;[];[Stiker]
1670;80;0;10136261.0;sticker/webp;;[];False;False;66846fcb74c9a8d3;[];[Stiker]
1671;80;0;10136271.0;sticker/webp;;[];False;False;66846fcb74c9a8d3;[];[Stiker]
1672;80;0;10136273.0;sticker/webp;;[];False;False;66846fcb74c9a8d3;[];[Stiker]
1673;80;0;10136275.0;sticker/webp;;[];False;False;66846fcb74c9a8d3;[];[Stiker]
1674;81;0;10138176.0;sticker/webp;;[];False;False;a0cfcd7ab8baf416;[];[Stiker]
1675;81;0;10138223.0;sticker/webp;;[];False;False;66846fcb74c9a8d3;[];[Stiker]
1676;81;0;10138231.0;sticker/webp;;[];False;False;66846fcb74c9a8d3;[];[Stiker]
1677;82;0;10140282.0;sticker/webp;;[];False;False;a0cfcd7ab8baf416;[];[Stiker]
1678;82;0;10140296.0;sticker/webp;;[];False;False;a0cfcd7ab8baf416;[];[Stiker]
1679;83;0;10142762.0;sticker/webp;;[];False;False;d04a0c8557641b1f;[];[Stiker]
1680;83;0;10143104.0;sticker/webp;;[];False;False;36ee274c26c96793;[];[Stiker]
1681;83;0;10143169.0;sticker/webp;;[];False;False;b50f70a2cfd73bfa;[];[Stiker]
1682;83;0;10158593.0;sticker/webp;;[];False;False;e2d0f307441f593f;[];[Stiker]
1683;84;0;10187501.0;sticker/webp;1623.0;[];False;False;427c13cc8caaadce;[];[Stiker]
1684;84;0;10188406.0;image/jpeg;;[];False;False;a3bc4c37422d3e3e;[];[Foto]
1685;84;1-10;10188623.0;text;;[];False;False;48c5e469edc4c118;[];sans
1686;85;0;10193464.0;sticker/webp;;[];False;False;a0cfcd7ab8baf416;[];[Stiker]
1687;85;0;10193620.0;system;;[];False;False;ce2cbf047980eca4;[];[Pesan sistem]
1688;85;0;10194332.0;sticker/webp;;[];False;False;af6cebae94247a0c;[];[Stiker]
1689;85;0;10194598.0;sticker/webp;;[];False;False;a0cfcd7ab8baf416;[];[Stiker]
1690;86;0;10202028.0;sticker/webp;;[];False;False;488d9e52c4298670;[];[Stiker]
1691;86;0;10204613.0;sticker/webp;;[];False;False;a3609e3bf750f2b5;[];[Stiker]
1692;86;0;10204711.0;sticker/webp;;[];False;False;b50f70a2cfd73bfa;[];[Stiker]
1693;87;0;10208578.0;sticker/webp;;[];False;False;2b6eeb123b473098;[];[Stiker]
1694;87;0;10208584.0;sticker/webp;;[];False;False;2b6eeb123b473098;[];[Stiker]
1695;87;0;10208595.0;sticker/webp;;[];False;False;2b6eeb123b473098;[];[Stiker]
1696;87;0;10208595.0;sticker/webp;;[];False;False;2b6eeb123b473098;[];[Stiker]
1697;87;0;10208602.0;sticker/webp;;[];False;False;2b6eeb123b473098;[];[Stiker]
1698;87;11-50;10208722.0;text;;[];False;False;1817f44e77f2b816;[];dosen pembimbing susah ditemui
1699;87;0;10208891.0;sticker/webp;;[];False;False;a0cfcd7ab8baf416;[];[Stiker]
1700;87;0;10209109.0;sticker/webp;;[];False;False;2b6eeb123b473098;[];[Stiker]
1701;87;1-10;10209116.0;text;;['😂'];False;False;2b6eeb123b473098;[];sabi
1702;88;0;10211514.0;sticker/webp;;[];False;False;1817f44e77f2b816;[];[Stiker]
1703;88;0;10211537.0;sticker/webp;;[];False;False;1817f44e77f2b816;[];[Stiker]
1704;88;0;10211551.0;sticker/webp;;[];False;False;2b6eeb123b473098;[];[Stiker]
1705;88;0;10211577.0;sticker/webp;;[];False;False;53c5f6555e154af2;[];[Stiker]
1706;88;0;10211582.0;sticker/webp;;[];False;False;2b6eeb123b473098;[];[Stiker]
1707;88;0;10211623.0;sticker/webp;;[];False;False;53c5f6555e154af2;[];[Stiker]
1708;88;0;10211624.0;sticker/webp;;[];False;False;53c5f6555e154af2;[];[Stiker]
1709;88;1-10;10211650.0;text;;[];False;False;2b6eeb123b473098;[];oke
1710;88;0;10211656.0;sticker/webp;;[];False;False;2b6eeb123b473098;[];[Stiker]
1711;88;0;10211672.0;sticker/webp;;[];False;False;2b6eeb123b473098;[];[Stiker]
1712;88;0;10211686.0;sticker/webp;;[];False;False;6c25b31bedef18ca;[];[Stiker]
1713;88;0;10211731.0;sticker/webp;;[];False;False;2b6eeb123b473098;[];[Stiker]
1714;88;0;10211736.0;sticker/webp;;[];False;False;2b6eeb123b473098;[];[Stiker]
1715;88;0;10211741.0;sticker/webp;;[];False;False;2b6eeb123b473098;[];[Stiker]
1716;88;0;10211751.0;sticker/webp;;[];False;False;2b6eeb123b473098;[];[Stiker]
1717;88;0;10211795.0;sticker/webp;;[];False;False;53c5f6555e154af2;[];[Stiker]
1718;88;0;10211836.0;sticker/webp;;[];False;False;2b6eeb123b473098;[];[Stiker]
1719;88;0;10211848.0;sticker/webp;;[];False;False;2b6eeb123b473098;[];[Stiker]
1720;88;0;10211867.0;sticker/webp;;[];False;False;53c5f6555e154af2;[];[Stiker]
1721;88;0;10212192.0;sticker/webp;;[];False;False;db8bb6fc941e628f;[];[Stiker]
1722;88;0;10212272.0;sticker/webp;;[];False;False;53c5f6555e154af2;[];[Stiker]
1723;88;0;10212288.0;sticker/webp;;[];False;False;2b6eeb123b473098;[];[Stiker]
1724;88;0;10212705.0;sticker/webp;;[];False;False;9df52873f2e4bc67;[];[Stiker]
1725;88;0;10212782.0;sticker/webp;;[];False;False;19e7bb7d7c25ecf7;[];[Stiker]
1726;88;0;10213720.0;sticker/webp;;[];False;False;a0cfcd7ab8baf416;[];[Stiker]
1727;88;11-50;10213919.0;text;;[];False;False;19e7bb7d7c25ecf7;[];deadlineeee besok pagiii bro
1728;88;0;10213937.0;sticker/webp;;[];False;False;db8bb6fc941e628f;[];[Stiker]
1729;88;0;10214036.0;sticker/webp;;[];False;False;98529e8c9e10d5ac;[];[Stiker]
1730;88;0;10214491.0;sticker/webp;;[];False;False;19e7bb7d7c25ecf7;[];[Stiker]
1731;88;0;10214541.0;sticker/webp;;[];False;False;36ee274c26c96793;[];[Stiker]
1732;88;0;10214655.0;sticker/webp;;[];False;False;98529e8c9e10d5ac;[];[Stiker]
1733;88;0;10214656.0;sticker/webp;;[];False;False;98529e8c9e10d5ac;[];[Stiker]
1734;88;0;10214659.0;sticker/webp;;[];False;False;98529e8c9e10d5ac;[];[Stiker]
1735;88;0;10214792.0;sticker/webp;1733.0;[];False;False;427c13cc8caaadce;[];[Stiker]
1736;89;0;10220641.0;sticker/webp;;[];False;False;53c5f6555e154af2;[];[Stiker]
1737;89;0;10220647.0;sticker/webp;;[];False;False;53c5f6555e154af2;[];[Stiker]
1738;90;11-50;10225338.0;text;;[];False;False;21b9996b66b2bf60;[];badminton yuk sore ini
1739;90;1-10;10225351.0;text;;[];False;False;21b9996b66b2bf60;[];oot
1740;90;1-10;10225368.0;text;;[];False;False;40b724e59d03bfd8;[];kuy
1741;90;0;10225425.0;sticker/webp;;[];False;False;db8bb6fc941e628f;[];[Stiker]
1742;90;0;10225436.0;sticker/webp;;[];False;False;6c25b31bedef18ca;[];[Stiker]
1743;90;0;10225446.0;unknown;;[];False;False;21b9996b66b2bf60;[];[Media tidak dikenal]
1744;90;0;10226180.0;sticker/webp;;[];False;False;1e2c6eff38097636;[];[Stiker]
1745;90;0;10226222.0;sticker/webp;;[];False;False;19e7bb7d7c25ecf7;[];[Stiker]
1746;90;0;10226240.0;sticker/webp;;[];False;False;b50f70a2cfd73bfa;[];[Stiker]
1747;90;0;10226257.0;sticker/webp;;[];False;False;b50f70a2cfd73bfa;[];[Stiker]
1748;90;0;10226263.0;sticker/webp;;[];False;False;427c13cc8caaadce;[];[Stiker]
1749;90;0;10226308.0;sticker/webp;;[];False;False;b70842ce22a7beeb;[];[Stiker]
1750;90;0;10226309.0;sticker/webp;;[];False;False;b70842ce22a7beeb;[];[Stiker]
1751;90;0;10226311.0;sticker/webp;;[];False;False;b70842ce22a7beeb;[];[Stiker]
1752;90;0;10226313.0;sticker/webp;;[];False;False;b70842ce22a7beeb;[];[Stiker]
1753;90;0;10226314.0;sticker/webp;;[];False;False;427c13cc8caaadce;[];[Stiker]
1754;90;0;10226314.0;sticker/webp;;[];False;False;427c13cc8caaadce;[];[Stiker]
1755;90;0;10226315.0;sticker/webp;;[];False;False;427c13cc8caaadce;[];[Stiker]
1756;90;0;10226315.0;sticker/webp;;[];False;False;b70842ce22a7beeb;[];[Stiker]
1757;90;0;10226316.0;sticker/webp;;[];False;False;b70842ce22a7beeb;[];[Stiker]
1758;90;0;10226316.0;sticker/webp;;[];False;False;b70842ce22a7beeb;[];[Stiker]
1759;90;0;10226317.0;sticker/webp;;[];False;False;427c13cc8caaadce;[];[Stiker]
1760;90;0;10226319.0;sticker/webp;;[];False;False;427c13cc8caaadce;[];[Stiker]
1761;90;0;10226319.0;sticker/webp;;[];False;False;b70842ce22a7beeb;[];[Stiker]
1762;90;0;10226320.0;sticker/webp;;[];False;False;b70842ce22a7beeb;[];[Stiker]
1763;90;0;10226321.0;sticker/webp;;[];False;False;427c13cc8caaadce;[];[Stiker]
1764;90;0;10226321.0;sticker/webp;;[];False;False;427c13cc8caaadce;[];[Stiker]
1765;90;0;10226322.0;sticker/webp;;[];False;False;427c13cc8caaadce;[];[Stiker]
1766;90;0;10226322.0;sticker/webp;;[];False;False;427c13cc8caaadce;[];[Stiker]
1767;90;0;10226322.0;sticker/webp;;[];False;False;b70842ce22a7beeb;[];[Stiker]
1768;90;0;10226323.0;sticker/webp;;[];False;False;427c13cc8caaadce;[];[Stiker]
1769;90;0;10226324.0;sticker/webp;;[];False;False;b70842ce22a7beeb;[];[Stiker]
1770;90;0;10226325.0;sticker/webp;;[];False;False;427c13cc8caaadce;[];[Stiker]
1771;90;0;10226326.0;sticker/webp;;[];False;False;b70842ce22a7beeb;[];[Stiker]
1772;90;0;10226326.0;sticker/webp;;[];False;False;427c13cc8caaadce;[];[Stiker]
1773;90;0;10226327.0;sticker/webp;;[];False;False;427c13cc8caaadce;[];[Stiker]
1774;90;0;10226327.0;sticker/webp;;[];False;False;b70842ce22a7beeb;[];[Stiker]
1775;90;0;10226327.0;sticker/webp;;[];False;False;b70842ce22a7beeb;[];[Stiker]
1776;90;0;10226327.0;sticker/webp;;[];False;False;b70842ce22a7beeb;[];[Stiker]
1777;90;0;10226328.0;sticker/webp;;[];False;False;427c13cc8caaadce;[];[Stiker]
1778;90;0;10226329.0;sticker/webp;;[];False;False;427c13cc8caaadce;[];[Stiker]
1779;90;0;10226329.0;sticker/webp;;[];False;False;b70842ce22a7beeb;[];[Stiker]
1780;90;0;10226329.0;sticker/webp;;[];False;False;427c13cc8caaadce;[];[Stiker]
1781;90;0;10226329.0;sticker/webp;;[];False;False;b70842ce22a7beeb;[];[Stiker]
1782;90;0;10226329.0;sticker/webp;;[];False;False;b70842ce22a7beeb;[];[Stiker]
1783;90;0;10226330.0;sticker/webp;;[];False;False;427c13cc8caaadce;[];[Stiker]
1784;90;0;10226331.0;sticker/webp;;[];False;False;b70842ce22a7beeb;[];[Stiker]
1785;90;0;10226332.0;sticker/webp;;[];False;False;427c13cc8caaadce;[];[Stiker]
1786;90;0;10226332.0;sticker/webp;;[];False;False;b70842ce22a7beeb;[];[Stiker]
1787;90;0;10226333.0;sticker/webp;;[];False;False;427c13cc8caaadce;[];[Stiker]
1788;90;0;10226334.0;sticker/webp;;[];False;False;b70842ce22a7beeb;[];[Stiker]
1789;90;0;10226334.0;sticker/webp;;[];False;False;427c13cc8caaadce;[];[Stiker]
1790;90;0;10226334.0;sticker/webp;;[];False;False;b70842ce22a7beeb;[];[Stiker]
1791;90;0;10226335.0;sticker/webp;;[];False;False;b70842ce22a7beeb;[];[Stiker]
1792;90;0;10226335.0;sticker/webp;;[];False;False;427c13cc8caaadce;[];[Stiker]
1793;90;0;10226335.0;sticker/webp;;[];False;False;b70842ce22a7beeb;[];[Stiker]
1794;90;0;10226336.0;sticker/webp;;[];False;False;427c13cc8caaadce;[];[Stiker]
1795;90;0;10226337.0;sticker/webp;;[];False;False;427c13cc8caaadce;[];[Stiker]
1796;90;0;10226337.0;sticker/webp;;[];False;False;b70842ce22a7beeb;[];[Stiker]
1797;90;0;10226341.0;sticker/webp;;[];False;False;b70842ce22a7beeb;[];[Stiker]
1798;90;0;10226341.0;sticker/webp;;[];False;False;b70842ce22a7beeb;[];[Stiker]
1799;90;0;10226633.0;sticker/webp;;[];False;False;19e7bb7d7c25ecf7;[];[Stiker]
1800;91;0;10228865.0;sticker/webp;;[];False;False;53c5f6555e154af2;[];[Stiker]
1801;91;0;10229255.0;sticker/webp;;[];False;False;b50f70a2cfd73bfa;[];[Stiker]
1802;91;0;10230544.0;sticker/webp;;[];False;False;166211d458f363e8;[];[Stiker]
1803;92;0;10267077.0;sticker/webp;;[];False;False;b50f70a2cfd73bfa;[];[Stiker]
1804;92;0;10267101.0;sticker/webp;;[];False;False;2b6eeb123b473098;[];[Stiker]
1805;92;11-50;10267183.0;text;;['😂'];True;False;2b6eeb123b473098;[];udah sampe belom?
1806;92;11-50;10268038.0;text;;[];True;False;e2d4e32a3938e8cf;[];UDAH SAMPE BELOM?
1807;92;0;10268977.0;sticker/webp;;[];False;False;b50f70a2cfd73bfa;[];[Stiker]
1808;92;0;10269089.0;sticker/webp;;[];False;False;af6cebae94247a0c;[];[Stiker]
1809;92;0;10269185.0;sticker/webp;;[];False;False;e9914f9d9728f10f;[];[Stiker]
1810;92;0;10269490.0;sticker/webp;;[];False;False;e2d4e32a3938e8cf;[];[Stiker]
1811;93;51-100;10290237.0;text;;[];True;False;9dc05535ca34fd5d;[];eh lu udah dapet info jadwal,,, ujian akhir semester belum dari prodi?,,,
1812;93;11-50;10290353.0;text;;[];False;False;2b6eeb123b473098;[];tadi absen ga sih... kamu...
1813;93;1-10;10290421.0;text;;[];True;False;af6cebae94247a0c;[];kapan?
1814;93;11-50;10290652.0;text;;['🤣'];False;False;9dc05535ca34fd5d;[];gw belom mulai tugas
1815;93;51-100;10290686.0;text;;[];False;False;af6cebae94247a0c;[];eh besok kita jadi ketemuan di kafe deket stasiun kan ya jam 2 siang
1816;93;11-50;10290716.0;text;;[];False;False;af6cebae94247a0c;[];gw lg ngerjain tugas nih
1817;93;1-10;10290834.0;text;;['🤣'];False;False;9dc05535ca34fd5d;[];gas
1818;93;1-10;10290849.0;text;;[];False;False;af6cebae94247a0c;[];wkwk
1819;93;51-100;10290869.0;text;;[];False;False;af6cebae94247a0c;[];tadi gw ketemu dosen pembimbing dan dia minta revisi lg utk bab 3
1820;93;11-50;10292768.0;text;;[];False;False;db8bb6fc941e628f;[];gw lg ngerjain tugas nih
1821;93;0;10294904.0;sticker/webp;;[];False;False;679dfa676830dcbd;[];[Stiker]
1822;94;0;10302388.0;sticker/webp;;[];False;False;a0cfcd7ab8baf416;[];[Stiker]
1823;94;0;10302525.0;sticker/webp;;[];False;False;427c13cc8caaadce;[];[Stiker]
1824;94;0;10302551.0;sticker/webp;;[];False;False;427c13cc8caaadce;[];[Stiker]
1825;95;0;10307204.0;sticker/webp;;[];False;False;d4cf5805e115d566;[];[Stiker]
1826;95;0;10308415.0;sticker/webp;;[];False;False;2b6eeb123b473098;[];[Stiker]
1827;95;0;10308453.0;sticker/webp;;[];False;False;53c5f6555e154af2;[];[Stiker]
1828;96;11-50;10311240.0;text;;[];False;False;40b724e59d03bfd8;[];rame banget disini cuy
1829;96;11-50;10311248.0;text;;[];False;False;40b724e59d03bfd8;[];kita ketemuan dimana aja deh
1830;96;0;10311248.0;unknown;;[];False;False;776d34182ee98a5d;[];[Media tidak dikenal]
1831;96;1-10;10311257.0;text;;[];False;False;40b724e59d03bfd8;[];kan
1832;96;0;10311341.0;sticker/webp;;[];False;False;40b724e59d03bfd8;[];[Stiker]
1833;96;0;10311357.0;sticker/webp;;[];False;False;427c13cc8caaadce;[];[Stiker]
1834;96;0;10311476.0;sticker/webp;;[];False;False;53c5f6555e154af2;[];[Stiker]
1835;96;0;10312275.0;sticker/webp;;[];False;False;00e7e15097837e5d;[];[Stiker]
1836;96;0;10312281.0;sticker/webp;;[];False;False;00e7e15097837e5d;[];[Stiker]
1837;96;0;10312284.0;sticker/webp;;[];False;False;00e7e15097837e5d;[];[Stiker]
1838;96;0;10312292.0;sticker/webp;;[];False;False;00e7e15097837e5d;[];[Stiker]
1839;96;0;10312387.0;sticker/webp;;[];False;False;53c5f6555e154af2;[];[Stiker]
1840;96;0;10312411.0;sticker/webp;;[];False;False;53c5f6555e154af2;[];[Stiker]
1841;97;51-100;10317677.0;text;;[];True;False;53c5f6555e154af2;[];gmn caranya biar bs fokus belajar tanpa main hp terus ya?
1842;97;1-10;10317867.0;text;;[];True;False;2b6eeb123b473098;[];ikut?
1843;97;0;10317876.0;sticker/webp;;[];False;False;2b6eeb123b473098;[];[Stiker]
1844;97;0;10318253.0;sticker/webp;;[];False;False;53c5f6555e154af2;[];[Stiker]
1845;98;0;10325282.0;sticker/webp;;[];False;False;9922dfb95c03e61b;[];[Stiker]
1846;98;0;10325439.0;sticker/webp;;[];False;False;b70842ce22a7beeb;[];[Stiker]
1847;98;0;10325471.0;sticker/webp;;[];False;False;427c13cc8caaadce;[];[Stiker]
1848;98;0;10325507.0;sticker/webp;;[];False;False;b70842ce22a7beeb;[];[Stiker]
1849;99;0;10327572.0;sticker/webp;;[];False;False;00e7e15097837e5d;[];[Stiker]
1850;99;0;10327601.0;sticker/webp;;[];False;False;af028d1b69bef1f6;[];[Stiker]
1851;99;0;10327652.0;sticker/webp;;[];False;False;53c5f6555e154af2;[];[Stiker]
1852;100;0;10355524.0;sticker/webp;;[];False;False;00e7e15097837e5d;[];[Stiker]
1853;100;0;10355557.0;sticker/webp;;[];False;False;db8bb6fc941e628f;[];[Stiker]
1854;100;0;10355573.0;sticker/webp;;[];False;False;9d5abb052c959843;[];[Stiker]
1855;100;0;10355592.0;sticker/webp;;[];False;False;166211d458f363e8;[];[Stiker]
1856;100;0;10355916.0;sticker/webp;;[];False;False;48c5e469edc4c118;[];[Stiker]
1857;101;0;10364718.0;sticker/webp;;[];False;False;a0cfcd7ab8baf416;[];[Stiker]
1858;101;0;10365547.0;sticker/webp;;[];False;False;2b6eeb123b473098;[];[Stiker]
1859;101;0;10365570.0;sticker/webp;;[];False;False;2b6eeb123b473098;[];[Stiker]
1860;102;0;10375404.0;sticker/webp;;[];False;False;19e7bb7d7c25ecf7;[];[Stiker]
1861;102;0;10375650.0;sticker/webp;;[];False;False;700c1ffc61318d71;[];[Stiker]
1862;102;0;10375684.0;sticker/webp;;[];False;False;96d598c43defc391;[];[Stiker]
1863;102;0;10375787.0;sticker/webp;;[];False;False;19e7bb7d7c25ecf7;[];[Stiker]
1864;102;0;10375794.0;sticker/webp;;[];False;False;b50f70a2cfd73bfa;[];[Stiker]
1865;102;0;10375919.0;sticker/webp;;[];False;False;b50f70a2cfd73bfa;[];[Stiker]
1866;102;0;10376114.0;sticker/webp;;[];False;False;19e7bb7d7c25ecf7;[];[Stiker]
1867;102;0;10376335.0;sticker/webp;;[];False;False;b50f70a2cfd73bfa;[];[Stiker]
1868;102;0;10376492.0;sticker/webp;;[];False;False;b50f70a2cfd73bfa;[];[Stiker]
1869;102;0;10376496.0;sticker/webp;;[];False;False;b50f70a2cfd73bfa;[];[Stiker]
1870;102;0;10376564.0;sticker/webp;;[];False;False;19e7bb7d7c25ecf7;[];[Stiker]
1871;102;0;10376570.0;sticker/webp;;[];False;False;19e7bb7d7c25ecf7;[];[Stiker]
1872;102;0;10376581.0;sticker/webp;;[];False;False;19e7bb7d7c25ecf7;[];[Stiker]
1873;102;0;10376603.0;sticker/webp;;[];False;False;427c13cc8caaadce;[];[Stiker]
1874;102;11-50;10376612.0;text;;[];True;False;2b6eeb123b473098;[];itu tempatnya jauh ga?...
1875;102;1-10;10376617.0;text;;[];False;False;2b6eeb123b473098;[];pasti
1876;102;0;10376622.0;sticker/webp;;[];False;False;19e7bb7d7c25ecf7;[];[Stiker]
1877;102;0;10376647.0;sticker/webp;;[];False;False;19e7bb7d7c25ecf7;[];[Stiker]
1878;102;11-50;10377097.0;text;;[];False;False;b50f70a2cfd73bfa;[];film baru di bioskop bagus ga
1879;102;0;10377105.0;sticker/webp;;[];False;False;b50f70a2cfd73bfa;[];[Stiker]
1880;102;0;10377121.0;sticker/webp;;[];False;False;a0cfcd7ab8baf416;[];[Stiker]
1881;102;0;10377164.0;sticker/webp;;[];False;False;19e7bb7d7c25ecf7;[];[Stiker]
1882;102;0;10377238.0;sticker/webp;;[];False;False;19e7bb7d7c25ecf7;[];[Stiker]
1883;102;0;10377289.0;sticker/webp;;[];False;False;b50f70a2cfd73bfa;[];[Stiker]
1884;102;0;10377327.0;sticker/webp;;[];False;False;b50f70a2cfd73bfa;[];[Stiker]
1885;102;0;10377489.0;sticker/webp;;[];False;False;19e7bb7d7c25ecf7;[];[Stiker]
1886;102;0;10377594.0;sticker/webp;;[];False;False;b50f70a2cfd73bfa;[];[Stiker]
1887;103;0;10380200.0;sticker/webp;;[];False;False;19e7bb7d7c25ecf7;[];[Stiker]
1888;103;0;10380533.0;sticker/webp;;[];False;False;b50f70a2cfd73bfa;[];[Stiker]
1889;103;0;10381006.0;sticker/webp;;[];False;False;19e7bb7d7c25ecf7;[];[Stiker]
1890;103;0;10381014.0;sticker/webp;;[];False;False;19e7bb7d7c25ecf7;[];[Stiker]
1891;104;0;10382193.0;sticker/webp;;[];False;False;2b6eeb123b473098;[];[Stiker]
1892;104;0;10382721.0;sticker/webp;;[];False;False;53c5f6555e154af2;[];[Stiker]
1893;104;0;10385897.0;sticker/webp;;[];False;False;43bbe0b0bef6d330;[];[Stiker]
1894;105;0;10405827.0;sticker/webp;;[];False;False;40b724e59d03bfd8;[];[Stiker]
1895;105;0;10405833.0;sticker/webp;;[];False;False;40b724e59d03bfd8;[];[Stiker]
1896;105;0;10405839.0;sticker/webp;;[];False;False;40b724e59d03bfd8;[];[Stiker]
1897;105;0;10405840.0;sticker/webp;;[];False;False;40b724e59d03bfd8;[];[Stiker]
1898;105;0;10405861.0;sticker/webp;;[];False;False;65281b7ba134af00;[];[Stiker]
1899;105;0;10405864.0;sticker/webp;;[];False;False;9922dfb95c03e61b;[];[Stiker]
1900;105;0;10405912.0;image/jpeg;;[];False;False;9922dfb95c03e61b;[];[Foto]
1901;105;11-50;10406159.0;text;;[];False;False;04094909379fcd4e;[];porsi makan gw nambahhhh terus
1902;105;11-50;10406160.0;text;;[];False;False;04094909379fcd4e;[];nongkrong yukkk di kafe biasaaa
1903;105;0;10408197.0;image/jpeg;;[];False;False;302a1b1033520a61;[];[Foto]
1904;106;0;10411275.0;sticker/webp;1903.0;[];False;False;65db57c53f76307b;[];[Stiker]
1905;106;0;10411790.0;sticker/webp;;[];False;False;302a1b1033520a61;[];[Stiker]
1906;106;0;10413146.0;sticker/webp;;[];False;False;65db57c53f76307b;[];[Stiker]
1907;107;11-50;10430856.0;text;1903.0;[];False;False;af6cebae94247a0c;[];bsk sore ad waktu ga
1908;108;0;10441125.0;sticker/webp;;[];False;False;a0cfcd7ab8baf416;[];[Stiker]
1909;108;11-50;10443686.0;text;;[];True;False;795de395c5fd12d4;[];nilai keluar kapan ya?
1910;108;0;10443862.0;sticker/webp;;[];False;False;53c5f6555e154af2;[];[Stiker]
1911;109;0;10444885.0;sticker/webp;;[];False;False;0b367972833dff32;[];[Stiker]
1912;109;1-10;10445395.0;text;;[];False;False;af6cebae94247a0c;[];asli
1913;109;1-10;10445402.0;text;;[];True;False;af6cebae94247a0c;[];gmn?
1914;109;0;10445518.0;sticker/webp;;[];False;False;1e2c6eff38097636;[];[Stiker]
1915;109;1-10;10445840.0;text;;[];False;False;04094909379fcd4e;[];boleeee
1916;109;0;10446634.0;sticker/webp;;[];False;False;b50f70a2cfd73bfa;[];[Stiker]
1917;109;0;10447360.0;system;;[];False;False;ea8e155c2a38307d;[];[Pesan sistem]
1918;110;0;10448693.0;sticker/webp;;[];False;False;a0cfcd7ab8baf416;[];[Stiker]
1919;110;0;10448768.0;sticker/webp;;[];False;False;88ed4926f3b98145;[];[Stiker]
1920;110;0;10448781.0;sticker/webp;;[];False;False;a3609e3bf750f2b5;[];[Stiker]
1921;110;0;10448808.0;sticker/webp;;[];False;False;88ed4926f3b98145;[];[Stiker]
1922;110;51-100;10449083.0;text;;[];False;False;7028f81303692edd;[];tadi gw antri di,,, administrasi kampus 2 jam cuma buat ngurus surat
1923;110;0;10449183.0;sticker/webp;;[];False;False;9922dfb95c03e61b;[];[Stiker]
1924;110;0;10449202.0;sticker/webp;;[];False;False;7028f81303692edd;[];[Stiker]
1925;110;11-50;10449315.0;text;;['🤣'];False;False;a3609e3bf750f2b5;[];lu tim mana dukungnya
1926;110;0;10449327.0;sticker/webp;;[];False;False;19e7bb7d7c25ecf7;[];[Stiker]
1927;111;0;10450426.0;sticker/webp;;[];False;False;a0cfcd7ab8baf416;[];[Stiker]
1928;111;0;10450446.0;sticker/webp;;[];False;False;a0cfcd7ab8baf416;[];[Stiker]
1929;111;0;10451181.0;sticker/webp;;[];False;False;53c5f6555e154af2;[];[Stiker]
1930;112;0;10453152.0;sticker/webp;;[];False;False;a55ef8048d757810;[];[Stiker]
1931;112;0;10453154.0;sticker/webp;;[];False;False;a55ef8048d757810;[];[Stiker]
1932;112;0;10453156.0;sticker/webp;;[];False;False;a55ef8048d757810;[];[Stiker]
1933;112;0;10453156.0;sticker/webp;;[];False;False;a55ef8048d757810;[];[Stiker]
1934;112;0;10453157.0;sticker/webp;;[];False;False;a55ef8048d757810;[];[Stiker]
1935;112;0;10453159.0;sticker/webp;;[];False;False;a55ef8048d757810;[];[Stiker]
1936;112;0;10453167.0;sticker/webp;;[];False;False;a55ef8048d757810;[];[Stiker]
1937;112;0;10453171.0;sticker/webp;;[];False;False;a55ef8048d757810;[];[Stiker]
1938;112;0;10453172.0;sticker/webp;;[];False;False;a55ef8048d757810;[];[Stiker]
1939;112;0;10453177.0;sticker/webp;;[];False;False;a55ef8048d757810;[];[Stiker]
1940;112;0;10453189.0;sticker/webp;;[];False;False;768b79893ae15e12;[];[Stiker]
1941;113;0;10454685.0;sticker/webp;;[];False;False;2b2ec5a0d197cdbf;[];[Stiker]
1942;113;0;10455087.0;sticker/webp;;[];False;False;6dcf6d8bf114a6c3;[];[Stiker]
1943;114;0;10458644.0;sticker/webp;;[];False;False;65db57c53f76307b;[];[Stiker]
1944;114;0;10460370.0;sticker/webp;;[];False;False;a0cfcd7ab8baf416;[];[Stiker]
1945;114;1-10;10460555.0;text;;[];False;False;a0cfcd7ab8baf416;[];haha
1946;114;1-10;10460563.0;text;;[];False;False;a0cfcd7ab8baf416;[];haha
1947;114;1-10;10460572.0;text;;[];True;False;a0cfcd7ab8baf416;[];apa?
1948;114;11-50;10460589.0;text;;[];False;False;b50f70a2cfd73bfa;[];IPK gw turun semester ini
1949;114;0;10460617.0;sticker/webp;;[];False;False;b50f70a2cfd73bfa;[];[Stiker]
1950;114;1-10;10460638.0;text;;[];False;False;40b724e59d03bfd8;[];ok
1951;114;11-50;10460649.0;text;;[];False;False;40b724e59d03bfd8;[];perpus tutup jam berapa ya
1952;114;11-50;10460649.0;text;;[];False;False;40b724e59d03bfd8;[];tadi absen ga sih kamu
1953;114;11-50;10460659.0;text;;['😂'];False;False;b50f70a2cfd73bfa;[];tadi absen ga sih kamu
1954;114;1-10;10460672.0;text;;[];False;False;40b724e59d03bfd8;[];yuk
1955;114;11-50;10460681.0;text;;[];False;False;b50f70a2cfd73bfa;[];gw lg ngerjain tugas nih
1956;114;0;10460694.0;sticker/webp;;[];False;False;b50f70a2cfd73bfa;[];[Stiker]
1957;114;11-50;10460720.0;text;1956.0;[];False;False;40b724e59d03bfd8;[];dosen gw galak banget sih
1958;114;11-50;10460737.0;text;;['☺'];False;False;b50f70a2cfd73bfa;[];gw skip kelas hari ini
1959;114;0;10460778.0;sticker/webp;;[];False;False;b50f70a2cfd73bfa;[];[Stiker]
1960;114;0;10460811.0;sticker/webp;;[];False;False;a0cfcd7ab8baf416;[];[Stiker]
1961;114;0;10461301.0;sticker/webp;;[];False;False;e4aee19fdf1fee84;[];[Stiker]
1962;114;11-50;10461803.0;text;;[];False;False;19e7bb7d7c25ecf7;[];presentasiii gw amburadul
1963;114;0;10461844.0;sticker/webp;;[];False;False;00e7e15097837e5d;[];[Stiker]
1964;114;0;10461844.0;sticker/webp;;[];False;False;00e7e15097837e5d;[];[Stiker]
1965;114;0;10461846.0;sticker/webp;;[];False;False;00e7e15097837e5d;[];[Stiker]
1966;114;0;10461851.0;sticker/webp;;[];False;False;00e7e15097837e5d;[];[Stiker]
1967;114;0;10461851.0;sticker/webp;;[];False;False;00e7e15097837e5d;[];[Stiker]
1968;114;0;10461854.0;sticker/webp;;[];False;False;00e7e15097837e5d;[];[Stiker]
1969;114;0;10462275.0;sticker/webp;;[];False;False;49bdd98db3d9a2a3;[];[Stiker]
1970;115;1-10;10466148.0;text;;[];False;False;a123717fb9ea6d0e;[];anjay
1971;115;11-50;10466152.0;text;;[];False;False;a123717fb9ea6d0e;[];gw baru aja ketemu mantann
1972;115;11-50;10466160.0;text;;[];False;False;a123717fb9ea6d0e;[];bokap gw lagi di luar kota
1973;115;1-10;10466163.0;text;;[];False;False;a123717fb9ea6d0e;[];gini
1974;115;0;10466357.0;sticker/webp;;[];False;False;ac4cf7af14792c7c;[];[Stiker]
1975;115;0;10466358.0;sticker/webp;;[];False;False;ac4cf7af14792c7c;[];[Stiker]
1976;115;0;10466361.0;sticker/webp;;[];False;False;d04a0c8557641b1f;[];[Stiker]
1977;115;0;10466362.0;sticker/webp;;[];False;False;d04a0c8557641b1f;[];[Stiker]
1978;115;0;10466946.0;sticker/webp;;[];False;False;36ee274c26c96793;[];[Stiker]
1979;115;0;10466950.0;sticker/webp;;[];False;False;36ee274c26c96793;[];[Stiker]
1980;115;0;10466962.0;sticker/webp;;[];False;False;c1a88bb7effbfae4;[];[Stiker]
1981;115;0;10466966.0;sticker/webp;;[];False;False;c1a88bb7effbfae4;[];[Stiker]
1982;115;51-100;10467399.0;text;;[];False;False;36ee274c26c96793;[];gw nonton film dokumenter semalam tentang laut dan ikan, bagus bgt
1983;115;1-10;10467503.0;text;;[];True;False;b50f70a2cfd73bfa;[];napa?
1984;115;11-50;10467515.0;text;;[];False;False;40b724e59d03bfd8;[];kakak gw baru aja nikah
1985;115;11-50;10467538.0;text;;[];True;False;c1a88bb7effbfae4;[];siapa ajaa yg dateng?
1986;115;11-50;10467547.0;text;;[];True;False;40b724e59d03bfd8;[];lu lagi ngapain sih?
1987;115;11-50;10467595.0;text;;[];True;False;c1a88bb7effbfae4;[];lu lagi ngapainnnn sih?
1988;115;11-50;10467875.0;text;;[];False;False;b50f70a2cfd73bfa;[];adek gw masuk SMA tahun ini
1989;115;11-50;10467916.0;text;;[];False;False;b50f70a2cfd73bfa;[];playlist lo yang mana sih
1990;115;11-50;10467941.0;text;;[];False;False;427c13cc8caaadce;[];Adek gw masuk SMA tahun ini.
1991;115;11-50;10467944.0;text;;[];False;False;af028d1b69bef1f6;[];keluarga ngumpul lebaran nanti
1992;115;0;10467958.0;sticker/webp;;[];False;False;427c13cc8caaadce;[];[Stiker]
1993;115;0;10467958.0;sticker/webp;;[];False;False;b50f70a2cfd73bfa;[];[Stiker]
1994;115;11-50;10468849.0;text;;[];False;False;36ee274c26c96793;[];nyokap nanya kapan lulus
1995;115;1-10;10469113.0;text;;[];False;False;278d6403ae567bca;[];yesssss
1996;115;0;10469455.0;video/mp4;;[];False;False;6dcf6d8bf114a6c3;[];[Video]
1997;115;11-50;10469717.0;text;;[];False;False;9165886d0ac32ee7;['37577292a28f78ae'];Mama minta gw pulang weekend.
1998;115;0;10469791.0;audio;;[];False;False;36ee274c26c96793;[];[Voice Note]
1999;115;11-50;10470362.0;text;;[];False;False;37577292a28f78ae;[];film baru di biosokp bagus ga
2000;115;0;10470373.0;sticker/webp;;[];False;False;427c13cc8caaadce;[];[Stiker]
2001;115;11-50;10470741.0;text;;[];False;False;db8bb6fc941e628f;[];bokapp gw lagi di luarrr kotaaaa
2002;115;0;10470884.0;system;;[];False;False;576323b3bf90c9e5;[];[Pesan sistem]
2003;115;1-10;10470976.0;text;;[];False;False;af028d1b69bef1f6;[];yess
2004;115;11-50;10470977.0;text;;[];True;False;af028d1b69bef1f6;[];itu tempatnya jauh ga?
2005;115;11-50;10471434.0;text;;[];False;False;37577292a28f78ae;[];gw baru aja ketemu mantna
2006;115;11-50;10471466.0;text;;[];False;False;00e7e15097837e5d;[];mama minta gw pulang weekend!!!
2007;115;11-50;10471633.0;text;;[];False;False;04094909379fcd4e;[];playlist lo yangg mana sihhh
2008;115;11-50;10471650.0;text;;[];True;False;427c13cc8caaadce;[];itu tempatnya jauh ga?
2009;115;11-50;10471659.0;text;;[];False;False;04094909379fcd4e;[];gw kangennn masakan rumah
2010;115;0;10471682.0;sticker/webp;;[];False;False;427c13cc8caaadce;[];[Stiker]
2011;115;0;10471701.0;sticker/webp;;[];False;False;6dcf6d8bf114a6c3;[];[Stiker]
2012;115;0;10471714.0;sticker/webp;;[];False;False;427c13cc8caaadce;[];[Stiker]
2013;115;11-50;10472682.0;text;;[];False;False;83382ececfccc714;[];mama minta gw... pulang weekend
2014;115;0;10472795.0;sticker/webp;;[];False;False;66846fcb74c9a8d3;[];[Stiker]
2015;115;0;10472836.0;sticker/webp;2014.0;[];False;False;83382ececfccc714;[];[Stiker]
2016;115;0;10473048.0;sticker/webp;;[];False;False;42ac4e4018c3af50;[];[Stiker]
2017;115;0;10473166.0;sticker/webp;;[];False;False;a3609e3bf750f2b5;[];[Stiker]
2018;115;0;10473262.0;sticker/webp;;[];False;False;42ac4e4018c3af50;[];[Stiker]
2019;115;0;10473264.0;sticker/webp;;[];False;False;42ac4e4018c3af50;[];[Stiker]
2020;115;0;10473267.0;sticker/webp;;[];False;False;42ac4e4018c3af50;[];[Stiker]
2021;115;0;10473344.0;sticker/webp;;[];False;False;a3609e3bf750f2b5;[];[Stiker]
2022;115;0;10473378.0;sticker/webp;;[];False;False;42ac4e4018c3af50;[];[Stiker]
2023;115;0;10475136.0;sticker/webp;;[];False;False;0b367972833dff32;[];[Stiker]
2024;116;0;10483659.0;sticker/webp;;[];False;False;a0cfcd7ab8baf416;[];[Stiker]
2025;116;0;10483765.0;sticker/webp;;[];False;False;65db57c53f76307b;[];[Stiker]
2026;116;0;10485461.0;sticker/webp;;[];False;False;9922dfb95c03e61b;[];[Stiker]
2027;117;0;10487880.0;sticker/webp;;[];False;False;384d74b3a41bda73;[];[Stiker]
2028;117;0;10487880.0;sticker/webp;;[];False;False;384d74b3a41bda73;[];[Stiker]
2029;117;0;10487888.0;sticker/webp;;[];False;False;384d74b3a41bda73;[];[Stiker]
2030;117;0;10488124.0;sticker/webp;;[];False;False;88ed4926f3b98145;[];[Stiker]
2031;118;0;10492311.0;sticker/webp;;[];False;False;36ee274c26c96793;[];[Stiker]
2032;118;0;10492478.0;sticker/webp;;[];False;False;b2e30db9a9d3e420;[];[Stiker]
2033;119;0;10530552.0;sticker/webp;;[];False;False;2b7d8688edac86ed;[];[Stiker]
2034;119;0;10530800.0;sticker/webp;;[];False;False;88ed4926f3b98145;[];[Stiker]
2035;119;0;10531079.0;sticker/webp;;[];False;False;db8bb6fc941e628f;[];[Stiker]
2036;119;0;10531332.0;sticker/webp;;[];False;False;66846fcb74c9a8d3;[];[Stiker]
2037;119;0;10531342.0;sticker/webp;;[];False;False;66846fcb74c9a8d3;[];[Stiker]
2038;119;1-10;10531456.0;text;;[];False;False;88ed4926f3b98145;[];lol
2039;119;11-50;10531464.0;text;;[];False;False;88ed4926f3b98145;[];gw mau nyoba restoran baru
2040;119;0;10531468.0;sticker/webp;;[];False;False;88ed4926f3b98145;[];[Stiker]
2041;119;0;10531498.0;sticker/webp;;[];False;False;b2e30db9a9d3e420;[];[Stiker]
2042;119;0;10531886.0;sticker/webp;;[];False;False;db8bb6fc941e628f;[];[Stiker]
2043;119;0;10535291.0;system;;[];False;False;e1520818a2b2a6af;[];[Pesan sistem]
2044;120;0;10538837.0;sticker/webp;;[];False;False;a3609e3bf750f2b5;[];[Stiker]
2045;120;0;10538841.0;sticker/webp;;[];False;False;a3609e3bf750f2b5;[];[Stiker]
2046;120;0;10538994.0;system;;[];False;False;a0cfcd7ab8baf416;[];[Pesan sistem]
2047;120;0;10539013.0;sticker/webp;;[];False;False;a0cfcd7ab8baf416;[];[Stiker]
2048;121;0;10542954.0;system;;[];False;False;70ef24ee635b8696;[];[Pesan sistem]
2049;121;11-50;10543005.0;text;;[];False;False;a6306ed5f99c6d27;[];duit bulanan blm dikirim
2050;121;1-10;10543102.0;text;;[];False;False;88ed4926f3b98145;[];nice
2051;121;0;10543258.0;audio;;[];False;False;a6306ed5f99c6d27;[];[Voice Note]
2052;121;0;10543315.0;system;;[];False;False;36eb43374a4cb9d3;[];[Pesan sistem]
2053;121;0;10543547.0;sticker/webp;;[];False;False;427c13cc8caaadce;[];[Stiker]
2054;122;11-50;10547327.0;text;;[];False;False;a0cfcd7ab8baf416;[];gw laper banget nih
2055;122;0;10547344.0;sticker/webp;;[];False;False;a0cfcd7ab8baf416;[];[Stiker]
2056;122;0;10547456.0;sticker/webp;;[];False;False;d04a0c8557641b1f;[];[Stiker]
2057;122;11-50;10547519.0;text;;[];False;False;a0cfcd7ab8baf416;[];warteg depan kampus enak
2058;122;0;10547531.0;sticker/webp;;[];False;False;a0cfcd7ab8baf416;[];[Stiker]
2059;122;11-50;10547658.0;text;;[];False;False;88ed4926f3b98145;[];tugas kelompok bikin,,, pusing
2060;122;0;10547663.0;sticker/webp;;[];False;False;88ed4926f3b98145;[];[Stiker]
2061;122;0;10547720.0;video/mp4;;[];False;False;a0cfcd7ab8baf416;[];[Video]
2062;122;0;10548013.0;sticker/webp;;[];False;False;88ed4926f3b98145;[];[Stiker]
2063;122;0;10548151.0;sticker/webp;;[];False;False;a0cfcd7ab8baf416;[];[Stiker]
2064;123;0;10550533.0;sticker/webp;;[];False;False;b50f70a2cfd73bfa;[];[Stiker]
2065;123;0;10550894.0;sticker/webp;;[];False;False;427c13cc8caaadce;[];[Stiker]
2066;124;0;10558468.0;sticker/webp;;[];False;False;a3609e3bf750f2b5;[];[Stiker]
2067;124;11-50;10558589.0;text;;[];True;False;a6306ed5f99c6d27;[];kos lu dmn sih tepatnya?
2068;124;0;10558821.0;sticker/webp;;[];False;False;3112cb45a7ade15e;[];[Stiker]
2069;124;1-10;10559857.0;text;2067.0;[];False;False;a0cfcd7ab8baf416;[];amin
2070;124;0;10559876.0;sticker/webp;;[];False;False;db8bb6fc941e628f;[];[Stiker]
2071;124;11-50;10559892.0;text;;[];False;False;a6306ed5f99c6d27;[];diem diem ternyata jadian
2072;124;1-10;10559917.0;text;;[];False;False;a0cfcd7ab8baf416;[];males
2073;124;11-50;10559921.0;text;;[];False;False;a0cfcd7ab8baf416;['40b724e59d03bfd8'];pacarnya baru siapa sih
2074;124;11-50;10559928.0;text;;[];False;False;db8bb6fc941e628f;[];gw ga percaya sih gosipnya
2075;124;11-50;10559948.0;text;;['🤷🏼\u200d♀'];False;False;40b724e59d03bfd8;[];eh denger gosip belum
2076;124;11-50;10559968.0;text;;['🤣'];False;False;40b724e59d03bfd8;[];si itu udah putus katanya
2077;124;1-10;10559990.0;text;;[];False;False;a6306ed5f99c6d27;[];ywd
2078;124;1-10;10559994.0;text;;[];False;False;a0cfcd7ab8baf416;[];cape
2079;124;11-50;10559995.0;text;;[];False;False;a6306ed5f99c6d27;[];jangan bilang siapa siapa ya
2080;124;0;10560006.0;sticker/webp;;[];False;False;a0cfcd7ab8baf416;[];[Stiker]
2081;124;0;10560326.0;sticker/webp;;[];False;False;40b724e59d03bfd8;[];[Stiker]
2082;124;1-10;10560343.0;text;;[];False;False;40b724e59d03bfd8;[];gabut
2083;124;11-50;10560351.0;text;;[];False;False;40b724e59d03bfd8;[];diem diem ternyata jadian
2084;124;11-50;10560352.0;text;;[];False;False;40b724e59d03bfd8;[];temenin gw dong besok
2085;124;1-10;10560357.0;text;;['🤣'];False;False;40b724e59d03bfd8;[];cape
2086;124;1-10;10560373.0;text;;[];False;False;a0cfcd7ab8baf416;[];wkwkw
2087;124;11-50;10560385.0;text;;[];False;False;a0cfcd7ab8baf416;[];pacarnya baru siapa sih
2088;124;11-50;10560388.0;text;;[];False;False;a0cfcd7ab8baf416;[];jangan bilang siapa siapa ya
2089;124;0;10560645.0;sticker/webp;;[];False;False;a0cfcd7ab8baf416;[];[Stiker]
2090;124;0;10560684.0;sticker/webp;;[];False;False;40b724e59d03bfd8;[];[Stiker]
2091;124;0;10561356.0;sticker/webp;;[];False;False;e81454ac4ac36513;[];[Stiker]
2092;124;11-50;10561719.0;text;;[];False;False;b50f70a2cfd73bfa;['40b724e59d03bfd8'];diem diem ternyata jadian
2093;124;0;10561732.0;sticker/webp;;[];False;False;b50f70a2cfd73bfa;[];[Stiker]
2094;124;51-100;10561781.0;text;;[];False;False;b50f70a2cfd73bfa;['a0cfcd7ab8baf416'];gw pengen banget liburan ke pantai tapi duit lagi tipis banget sekarang
2095;124;0;10562106.0;sticker/webp;;[];False;False;6c25b31bedef18ca;[];[Stiker]
2096;124;11-50;10562242.0;text;;[];False;False;37577292a28f78ae;['2c7e1ed347d92082'];eh denger gosip blm
2097;124;11-50;10562259.0;text;;[];False;False;a6306ed5f99c6d27;[];si tu udah putus katanya
2098;124;11-50;10562277.0;text;;[];False;False;a6306ed5f99c6d27;[];jangan bilang siapa siapa ya
2099;124;0;10562470.0;sticker/webp;;[];False;False;df199a0a50f00e15;[];[Stiker]
2100;124;11-50;10563091.0;text;;[];False;False;b50f70a2cfd73bfa;[];angkot ke sana masih ada ga
2101;124;0;10563105.0;sticker/webp;;[];False;False;b50f70a2cfd73bfa;[];[Stiker]
2102;124;1-10;10563107.0;text;;[];False;False;a6306ed5f99c6d27;[];males
2103;124;0;10563166.0;unknown;;[];False;False;b50f70a2cfd73bfa;[];[Media tidak dikenal]
2104;124;11-50;10563189.0;text;;['😉'];False;False;b50f70a2cfd73bfa;[];eh denger gosip belum
2105;124;11-50;10563204.0;text;;[];False;False;a6306ed5f99c6d27;[];temenin gw dong besok
2106;124;0;10563402.0;sticker/webp;;[];False;False;a0cfcd7ab8baf416;[];[Stiker]
2107;124;0;10564227.0;sticker/webp;;[];False;False;88ed4926f3b98145;[];[Stiker]
2108;124;51-100;10564862.0;text;;[];True;False;96d598c43defc391;[];lu pernah coba belajar bareng di perpus kota ga, enak ga disana?
2109;124;11-50;10564960.0;text;;[];True;False;96d598c43defc391;[];kos lu dimana sih tepatnya?
2110;124;11-50;10564980.0;text;;[];False;False;a6306ed5f99c6d27;[];pacarnya baru siapa sih
2111;124;1-10;10564996.0;text;;[];False;False;96d598c43defc391;[];amin
2112;124;11-50;10565046.0;text;;[];False;False;96d598c43defc391;[];gw berantem sama si anu
2113;124;1-10;10565049.0;text;;[];False;False;96d598c43defc391;[];amin
2114;124;0;10565074.0;sticker/webp;;[];False;False;96d598c43defc391;[];[Stiker]
2115;124;0;10565152.0;image/jpeg;;[];False;False;a6306ed5f99c6d27;[];[Foto]
2116;124;11-50;10565197.0;image/jpeg;;[];False;False;a6306ed5f99c6d27;[];[Foto]
2117;124;11-50;10565316.0;text;;[];False;False;96d598c43defc391;[];temenin gw dong besok
2118;124;11-50;10565367.0;text;;[];False;False;96d598c43defc391;[];gw ga percaya sih gosipnya
2119;124;0;10565372.0;sticker/webp;;[];False;False;96d598c43defc391;[];[Stiker]
2120;124;11-50;10565504.0;text;;[];False;False;96d598c43defc391;[];gw kangen temen temen SMA
2121;124;11-50;10565524.0;text;;[];False;False;a6306ed5f99c6d27;[];reuni kapan ya kita
2122;124;11-50;10565531.0;text;;[];False;False;a6306ed5f99c6d27;[];si tu udah putus katanya
2123;124;0;10565573.0;sticker/webp;;[];False;False;96d598c43defc391;[];[Stiker]
2124;124;0;10565581.0;sticker/webp;;[];False;False;19e7bb7d7c25ecf7;[];[Stiker]
2125;125;0;10568403.0;sticker/webp;;[];False;False;b50f70a2cfd73bfa;[];[Stiker]
2126;125;0;10568785.0;sticker/webp;;[];False;False;1817f44e77f2b816;[];[Stiker]
2127;125;0;10568846.0;sticker/webp;;[];False;False;88ed4926f3b98145;[];[Stiker]
2128;125;0;10569218.0;sticker/webp;;[];False;False;36ee274c26c96793;[];[Stiker]
2129;125;0;10569227.0;sticker/webp;;[];False;False;36ee274c26c96793;[];[Stiker]
2130;125;11-50;10569313.0;text;;[];False;False;a6306ed5f99c6d27;[];eh tadi kelas seru bgt
2131;125;11-50;10569435.0;text;;[];False;False;a6306ed5f99c6d27;[];presentasi gw amburadul
2132;125;1-10;10569444.0;text;;[];False;False;a6306ed5f99c6d27;[];ok
2133;125;0;10569459.0;sticker/webp;2130.0;[];False;False;9922dfb95c03e61b;[];[Stiker]
2134;125;0;10569464.0;sticker/webp;;[];False;False;9922dfb95c03e61b;[];[Stiker]
2135;125;0;10569466.0;sticker/webp;;[];False;False;9922dfb95c03e61b;[];[Stiker]
2136;125;0;10569466.0;sticker/webp;;[];False;False;9922dfb95c03e61b;[];[Stiker]
2137;125;0;10569472.0;sticker/webp;;[];False;False;9922dfb95c03e61b;[];[Stiker]
2138;125;0;10569475.0;sticker/webp;;[];False;False;9922dfb95c03e61b;[];[Stiker]
2139;125;0;10569480.0;sticker/webp;;[];False;False;9922dfb95c03e61b;[];[Stiker]
2140;125;11-50;10569487.0;text;;[];False;False;a6306ed5f99c6d27;[];presentasi gw amburadul
2141;125;0;10569488.0;sticker/webp;;[];False;False;9922dfb95c03e61b;[];[Stiker]
2142;125;0;10569491.0;sticker/webp;;[];False;False;9922dfb95c03e61b;[];[Stiker]
2143;125;0;10569492.0;sticker/webp;;[];False;False;9922dfb95c03e61b;[];[Stiker]
2144;125;0;10569495.0;sticker/webp;;[];False;False;9922dfb95c03e61b;[];[Stiker]
2145;125;0;10569495.0;sticker/webp;;[];False;False;9922dfb95c03e61b;[];[Stiker]
2146;125;11-50;10569509.0;text;;[];True;False;a6306ed5f99c6d27;[];siapa yg mau ikut?
2147;125;0;10569512.0;sticker/webp;;[];False;False;9922dfb95c03e61b;[];[Stiker]
2148;125;1-10;10569902.0;text;2130.0;[];False;False;88ed4926f3b98145;[];yoi
2149;125;1-10;10570046.0;text;;[];False;False;d04a0c8557641b1f;[];haha
2150;125;1-10;10570139.0;text;;[];False;False;b50f70a2cfd73bfa;[];gas
2151;125;0;10570891.0;sticker/webp;;[];False;False;88ed4926f3b98145;[];[Stiker]
2152;125;0;10570904.0;sticker/webp;;[];False;False;a0cfcd7ab8baf416;[];[Stiker]
2153;125;1-10;10574431.0;text;;[];False;False;36ee274c26c96793;[];haha
2154;126;0;10580184.0;sticker/webp;;[];False;False;427c13cc8caaadce;[];[Stiker]
2155;126;0;10582308.0;unknown;;[];False;False;d04a0c8557641b1f;[];[Media tidak dikenal]
2156;126;0;10582314.0;sticker/webp;;[];False;False;d04a0c8557641b1f;[];[Stiker]
2157;126;0;10583203.0;sticker/webp;;[];False;False;88ed4926f3b98145;[];[Stiker]
2158;126;0;10583487.0;sticker/webp;;[];False;False;d04a0c8557641b1f;[];[Stiker]
2159;126;0;10583686.0;sticker/webp;;[];False;False;88ed4926f3b98145;[];[Stiker]
2160;126;0;10583707.0;sticker/webp;;[];False;False;b2e30db9a9d3e420;[];[Stiker]
2161;126;0;10583736.0;sticker/webp;;[];False;False;88ed4926f3b98145;[];[Stiker]
2162;126;0;10583758.0;sticker/webp;;[];False;False;b2e30db9a9d3e420;[];[Stiker]
2163;126;0;10583781.0;sticker/webp;;[];False;False;d04a0c8557641b1f;[];[Stiker]
2164;126;0;10584107.0;sticker/webp;;[];False;False;88ed4926f3b98145;[];[Stiker]
2165;126;0;10584327.0;sticker/webp;;[];False;False;d04a0c8557641b1f;[];[Stiker]
2166;126;0;10584335.0;sticker/webp;;[];False;False;b2e30db9a9d3e420;[];[Stiker]
2167;126;0;10596938.0;sticker/webp;;[];False;False;36ee274c26c96793;[];[Stiker]
2168;127;11-50;10609965.0;text;;[];True;False;a6306ed5f99c6d27;['88ed4926f3b98145'];ad yg mau bareng?
2169;127;0;10610267.0;sticker/webp;;[];False;False;9922dfb95c03e61b;[];[Stiker]
2170;127;0;10610335.0;sticker/webp;;[];False;False;a6306ed5f99c6d27;[];[Stiker]
2171;127;0;10610522.0;sticker/webp;;[];False;False;9922dfb95c03e61b;[];[Stiker]
2172;127;0;10611439.0;sticker/webp;;[];False;False;a0cfcd7ab8baf416;[];[Stiker]
2173;128;0;10619256.0;sticker/webp;;[];False;False;a3609e3bf750f2b5;[];[Stiker]
2174;128;0;10619441.0;sticker/webp;;[];False;False;6c25b31bedef18ca;[];[Stiker]
2175;129;0;10622044.0;sticker/webp;;[];False;False;b50f70a2cfd73bfa;[];[Stiker]
2176;129;0;10622461.0;sticker/webp;;[];False;False;d04a0c8557641b1f;[];[Stiker]
2177;129;0;10622462.0;sticker/webp;;[];False;False;d04a0c8557641b1f;[];[Stiker]
2178;129;0;10622493.0;sticker/webp;;[];False;False;b50f70a2cfd73bfa;[];[Stiker]
2179;129;0;10622722.0;sticker/webp;;[];False;False;6c25b31bedef18ca;[];[Stiker]
2180;130;11-50;10632782.0;text;;[];False;False;96d598c43defc391;[];kopi susu yg biasa ya
2181;130;1-10;10632793.0;text;;[];False;False;96d598c43defc391;[];yep
2182;131;0;10633839.0;sticker/webp;;[];False;False;a0cfcd7ab8baf416;[];[Stiker]
2183;131;1-10;10633967.0;text;;[];False;False;96d598c43defc391;[];okey
2184;131;11-50;10633969.0;text;;[];False;False;96d598c43defc391;[];lu tim mana dukungnya
2185;131;0;10634041.0;sticker/webp;;[];False;False;c1a88bb7effbfae4;[];[Stiker]
2186;132;11-50;10646509.0;text;;[];False;False;1817f44e77f2b816;[];gw nyari parkir dulu bentar
2187;132;11-50;10646510.0;text;;[];True;False;1817f44e77f2b816;[];ad yg mau bareng?
2188;132;11-50;10646520.0;text;;[];False;False;96d598c43defc391;[];gw udah di parkiran nih
2189;132;0;10646523.0;sticker/webp;;[];False;False;1817f44e77f2b816;[];[Stiker]
2190;132;1-10;10646525.0;text;;[];False;False;96d598c43defc391;[];yaa
2191;132;1-10;10646543.0;text;;['🐁'];False;False;153ece2a7e6138ec;[];ooh!!!
2192;132;11-50;10646595.0;text;;[];False;False;1817f44e77f2b816;[];kita ketemuan dmn aja deh
2193;132;11-50;10646597.0;text;;[];False;False;1817f44e77f2b816;[];gw nyari parkir dulu bentar
2194;132;1-10;10646602.0;text;;[];False;False;1817f44e77f2b816;[];woi
2195;132;1-10;10646606.0;text;;[];False;False;1817f44e77f2b816;[];oii
2196;132;0;10646645.0;sticker/webp;;[];False;False;53c5f6555e154af2;[];[Stiker]
2197;132;0;10646696.0;sticker/webp;;[];False;False;1817f44e77f2b816;[];[Stiker]
2198;132;0;10646706.0;sticker/webp;;[];False;False;19e7bb7d7c25ecf7;[];[Stiker]
2199;132;0;10647424.0;sticker/webp;;[];False;False;ac4cf7af14792c7c;[];[Stiker]
2200;132;0;10647902.0;sticker/webp;;[];False;False;a0cfcd7ab8baf416;[];[Stiker]
2201;132;0;10647908.0;sticker/webp;;[];False;False;5e4880656e196c35;[];[Stiker]
2202;132;0;10648032.0;sticker/webp;;[];False;False;b50f70a2cfd73bfa;[];[Stiker]
2203;132;0;10648038.0;sticker/webp;;[];False;False;e4aee19fdf1fee84;[];[Stiker]
2204;132;0;10648112.0;sticker/webp;;[];False;False;e97d730ac712b553;[];[Stiker]
2205;132;0;10648522.0;sticker/webp;;[];False;False;a0cfcd7ab8baf416;[];[Stiker]
2206;132;0;10648530.0;sticker/webp;;[];False;False;a0cfcd7ab8baf416;[];[Stiker]
2207;132;1-10;10648650.0;text;;[];False;False;0f6220f1303fa33a;[];kok
2208;132;0;10648677.0;sticker/webp;;[];False;False;a0cfcd7ab8baf416;[];[Stiker]
2209;132;0;10648678.0;sticker/webp;;[];False;False;a0cfcd7ab8baf416;[];[Stiker]
2210;132;0;10648755.0;sticker/webp;;[];False;False;6c25b31bedef18ca;[];[Stiker]
2211;133;11-50;10656902.0;text;;[];True;False;6341c8371a7bfc3d;[];udah sampe belom?
2212;133;1-10;10656939.0;text;;[];False;False;795de395c5fd12d4;[];ngab
2213;133;1-10;10656961.0;text;;[];False;False;6341c8371a7bfc3d;[];sip
2214;133;11-50;10656975.0;text;;[];True;False;6341c8371a7bfc3d;[];bawa motor apa naik apa?
2215;133;0;10656987.0;sticker/webp;;[];False;False;d04a0c8557641b1f;[];[Stiker]
2216;133;11-50;10656995.0;text;;[];True;False;a6306ed5f99c6d27;[];udah sampe belom?
2217;133;11-50;10656995.0;text;2211.0;[];False;False;a6306ed5f99c6d27;[];gw mau pesen gofood dulu
2218;133;51-100;10657014.0;text;2216.0;[];False;False;6341c8371a7bfc3d;[];weekend ni gw mau staycation aja... di kosan binge watching series baru
2219;133;1-10;10657023.0;text;;[];False;False;a6306ed5f99c6d27;[];cuy
2220;133;11-50;10657030.0;text;;[];False;False;6341c8371a7bfc3d;[];bakso malang tu buka... ga ya
2221;133;11-50;10657042.0;text;;[];False;False;a6306ed5f99c6d27;[];gw lg diet tp gagal mulu
2222;133;11-50;10657055.0;text;;[];False;False;6341c8371a7bfc3d;[];gw lg diet tp gagal mulu
2223;133;51-100;10657071.0;text;;[];False;False;6341c8371a7bfc3d;[];weekend ni gw mau... staycation aja... di kosan binge watching... series baru...
2224;133;11-50;10657078.0;text;;[];False;False;a6306ed5f99c6d27;[];indomie telor udah cukup kok
2225;133;11-50;10657091.0;text;;[];False;False;a6306ed5f99c6d27;[];gw mau pesen gofood dulu
2226;133;0;10657097.0;sticker/webp;;[];False;False;795de395c5fd12d4;[];[Stiker]
2227;133;1-10;10657107.0;text;;[];False;False;6341c8371a7bfc3d;[];ayok
2228;133;0;10657121.0;sticker/webp;;[];False;False;6341c8371a7bfc3d;[];[Stiker]
2229;133;11-50;10657128.0;text;;[];False;False;a6306ed5f99c6d27;[];kopi susu yg biasa ya
2230;133;51-100;10657140.0;text;;[];False;False;6341c8371a7bfc3d;[];gw lg bingung milih... topik skripsi... antara dua tema yg... sm menariknya
2231;133;1-10;10657156.0;text;;[];False;False;a6306ed5f99c6d27;[];sis
2232;133;0;10657211.0;sticker/webp;;[];False;False;6341c8371a7bfc3d;[];[Stiker]
2233;133;0;10657217.0;sticker/webp;;[];False;False;6341c8371a7bfc3d;[];[Stiker]
2234;133;11-50;10657233.0;text;;[];False;False;a6306ed5f99c6d27;[];nongkrong yuk di kafe biasa
2235;133;11-50;10657248.0;text;;[];False;False;6341c8371a7bfc3d;[];tadi gw makan nasi padang
2236;133;11-50;10657263.0;text;;[];False;False;a6306ed5f99c6d27;[];kopi susu yg biasa ya
2237;133;11-50;10657285.0;text;;['😳'];True;False;6341c8371a7bfc3d;[];udah sampe belom?
2238;133;1-10;10657292.0;text;;[];False;False;a6306ed5f99c6d27;[];gass
2239;133;11-50;10657309.0;text;;[];False;False;a6306ed5f99c6d27;[];kopi susu yg biasa ya
2240;133;1-10;10657315.0;text;;[];False;False;6341c8371a7bfc3d;[];yep
2241;133;1-10;10657317.0;text;;[];False;False;6341c8371a7bfc3d;[];bro
2242;133;11-50;10657348.0;text;;[];False;False;a6306ed5f99c6d27;[];masak sendiri lebih hemat sih
2243;133;0;10657438.0;sticker/webp;;[];False;False;795de395c5fd12d4;[];[Stiker]
2244;133;11-50;10657541.0;text;;[];False;False;6341c8371a7bfc3d;[];kopi susu yg biasa ya
2245;133;0;10657559.0;sticker/webp;;[];False;False;6341c8371a7bfc3d;[];[Stiker]
2246;133;11-50;10657585.0;text;;[];False;False;a6306ed5f99c6d27;[];bakso malang tu buka ga ya
2247;133;0;10657663.0;sticker/webp;;[];False;False;6341c8371a7bfc3d;[];[Stiker]
2248;133;0;10657769.0;sticker/webp;;[];False;False;a0cfcd7ab8baf416;[];[Stiker]
2249;134;0;10664903.0;sticker/webp;;[];False;False;b50f70a2cfd73bfa;[];[Stiker]
2250;134;0;10670372.0;image/jpeg;;[];False;False;9922dfb95c03e61b;[];[Foto]
2251;135;0;10695817.0;sticker/webp;;[];False;False;0f955f1b70353022;[];[Stiker]
2252;135;0;10695888.0;sticker/webp;;[];False;False;bd7d46c237c7dd80;[];[Stiker]
2253;136;0;10710741.0;sticker/webp;;[];False;False;a3609e3bf750f2b5;[];[Stiker]
2254;136;0;10710743.0;sticker/webp;;[];False;False;a3609e3bf750f2b5;[];[Stiker]
2255;136;0;10710744.0;sticker/webp;;[];False;False;a3609e3bf750f2b5;[];[Stiker]
2256;136;0;10710745.0;sticker/webp;;[];False;False;a3609e3bf750f2b5;[];[Stiker]
2257;136;0;10710804.0;sticker/webp;;[];False;False;b50f70a2cfd73bfa;[];[Stiker]
2258;136;11-50;10711375.0;text;;[];False;False;427c13cc8caaadce;[];Series itu endingnya zonk bgt.
2259;136;11-50;10711808.0;text;;[];False;False;e9914f9d9728f10f;['9165886d0ac32ee7'];series tu endingnya zonk bgt
2260;136;1-10;10711894.0;text;;[];False;False;9165886d0ac32ee7;[];Btw.
2261;136;0;10712118.0;sticker/webp;;[];False;False;a0cfcd7ab8baf416;[];[Stiker]
2262;136;11-50;10713678.0;text;;[];True;False;2b2ec5a0d197cdbf;[];masih bangun ga lu jam segini?,,,
2263;136;11-50;10713733.0;text;;[];True;False;19e7bb7d7c25ecf7;[];masihh bangun ga lu jam segini?
2264;136;11-50;10713891.0;text;;[];True;False;db8bb6fc941e628f;[];tadii ngomong apaaa sihhhh dosennya?
2265;136;11-50;10713922.0;text;;[];True;False;1817f44e77f2b816;[];booking duluan apa langsung aja?
2266;136;0;10714268.0;sticker/webp;;[];False;False;19e7bb7d7c25ecf7;[];[Stiker]
2267;136;1-10;10714312.0;text;;[];False;False;96d598c43defc391;[];njir
2268;136;11-50;10714312.0;text;;[];False;False;96d598c43defc391;[];badminton yuk sore ini
2269;136;0;10714366.0;sticker/webp;;[];False;False;db8bb6fc941e628f;[];[Stiker]
2270;136;11-50;10714407.0;text;;[];False;False;ac4cf7af14792c7c;[];gym hari ni skip... deh
2271;136;0;10714416.0;sticker/webp;;[];False;False;ac4cf7af14792c7c;[];[Stiker]
2272;136;0;10714456.0;sticker/webp;;[];False;False;19e7bb7d7c25ecf7;[];[Stiker]
2273;136;0;10714638.0;sticker/webp;;[];False;False;b50f70a2cfd73bfa;[];[Stiker]
2274;136;11-50;10714767.0;text;;[];True;False;218dae5dc875875a;[];masih bangun ga lu jam segini?
2275;136;11-50;10714785.0;text;;[];False;False;96d598c43defc391;[];manga terbaru udah keluar loh
2276;136;1-10;10714791.0;text;;[];False;False;96d598c43defc391;[];btw
2277;136;1-10;10714792.0;text;;[];False;False;96d598c43defc391;[];fyi
2278;136;11-50;10714796.0;text;;[];False;False;96d598c43defc391;[];podcast yg lu rekomen mana
2279;136;11-50;10714800.0;text;;[];False;False;96d598c43defc391;[];badminton yuk sore ini
2280;136;0;10714850.0;sticker/webp;;[];False;False;ac4cf7af14792c7c;[];[Stiker]
2281;136;11-50;10714881.0;text;;[];False;False;96d598c43defc391;[];podcast yg lu rekomen mana
2282;136;0;10714900.0;sticker/webp;;[];False;False;ac4cf7af14792c7c;[];[Stiker]
2283;136;0;10714929.0;sticker/webp;;[];False;False;96d598c43defc391;[];[Stiker]
2284;136;0;10715028.0;sticker/webp;;[];False;False;b50f70a2cfd73bfa;[];[Stiker]
2285;136;11-50;10715141.0;text;;[];False;False;a6306ed5f99c6d27;[];album baru dia enak bgt
2286;136;0;10715170.0;sticker/webp;;[];False;False;ac4cf7af14792c7c;[];[Stiker]
2287;136;0;10715171.0;system;;[];False;False;8001efb4667c353b;[];[Pesan sistem]
2288;136;0;10715182.0;sticker/webp;;[];False;False;ac4cf7af14792c7c;[];[Stiker]
2289;136;0;10715331.0;sticker/webp;;[];False;False;b50f70a2cfd73bfa;[];[Stiker]
2290;136;0;10715332.0;system;;[];False;False;a70f3c1eae619e5f;[];[Pesan sistem]
2291;136;0;10715334.0;sticker/webp;;[];False;False;1817f44e77f2b816;[];[Stiker]
2292;136;0;10715335.0;sticker/webp;;[];False;False;b50f70a2cfd73bfa;[];[Stiker]
2293;136;0;10715336.0;sticker/webp;;[];False;False;b50f70a2cfd73bfa;[];[Stiker]
2294;136;0;10716211.0;sticker/webp;;[];False;False;218dae5dc875875a;[];[Stiker]
2295;136;11-50;10716228.0;text;;[];False;False;96d598c43defc391;[];album baru dia enak banget
2296;136;1-10;10716250.0;text;;[];False;False;96d598c43defc391;[];fyi
2297;136;0;10716290.0;sticker/webp;;[];False;False;2b7d8688edac86ed;[];[Stiker]
2298;136;11-50;10717458.0;text;;[];False;False;a6306ed5f99c6d27;[];konser tu mahal bgt tiketnya
2299;136;11-50;10717568.0;image/jpeg;;[];False;False;db8bb6fc941e628f;['88ed4926f3b98145'];[Foto]
2300;136;11-50;10717673.0;text;;[];False;False;88ed4926f3b98145;[];game baru udah download belum
2301;136;11-50;10717682.0;text;;[];False;False;88ed4926f3b98145;[];konser itu mahal banget tiketnya
2302;136;1-10;10717688.0;text;;[];False;False;88ed4926f3b98145;[];dih
2303;136;0;10717702.0;sticker/webp;;[];False;False;88ed4926f3b98145;[];[Stiker]
2304;136;0;10717742.0;image/jpeg;;[];False;False;40b724e59d03bfd8;[];[Foto]
2305;136;11-50;10717745.0;text;;[];False;False;40b724e59d03bfd8;[];podcast yg lu rekomen mana
2306;136;0;10717812.0;sticker/webp;;[];False;False;a0cfcd7ab8baf416;[];[Stiker]
2307;136;0;10718010.0;video/mp4;2299.0;[];False;False;a0cfcd7ab8baf416;[];[Video]
2308;136;11-50;10718605.0;text;;[];True;False;48c5e469edc4c118;[];booking duluan apa langsung aja?
2309;136;11-50;10718608.0;text;;[];False;False;48c5e469edc4c118;[];manga terbaru uadh keular loh
2310;136;1-10;10718642.0;text;;[];False;False;a0cfcd7ab8baf416;[];btw
2311;136;1-10;10718645.0;text;;[];False;False;a0cfcd7ab8baf416;[];zonk
2312;136;0;10718650.0;sticker/webp;;[];False;False;a0cfcd7ab8baf416;[];[Stiker]
2313;136;11-50;10718752.0;text;;[];False;False;48c5e469edc4c118;[];gw abis lair pgai tadi
2314;136;0;10718779.0;sticker/webp;;[];False;False;6c25b31bedef18ca;[];[Stiker]
2315;136;11-50;10718789.0;text;;[];False;False;88ed4926f3b98145;[];game baru,,, udah download,,, belum
2316;136;51-100;10718806.0;text;;[];False;False;88ed4926f3b98145;[];gw harus ganti strategi belajar sih,,, soalnya nilai uts kemarin jelek bgt,,,
2317;136;11-50;10718814.0;text;;[];False;False;88ed4926f3b98145;[];gym hari,,, ini skip deh
2318;136;0;10718821.0;sticker/webp;;[];False;False;88ed4926f3b98145;[];[Stiker]
2319;136;0;10719060.0;image/jpeg;;[];False;False;a0cfcd7ab8baf416;[];[Foto]
2320;136;0;10719140.0;sticker/webp;;[];False;False;88ed4926f3b98145;[];[Stiker]
2321;136;1-10;10719175.0;text;;[];False;False;db8bb6fc941e628f;[];fyiii
2322;136;11-50;10719186.0;text;;[];False;False;a6306ed5f99c6d27;[];game baru udah download blm
2323;136;11-50;10719188.0;text;;[];False;False;a6306ed5f99c6d27;[];manga terbaru udah keluar loh
2324;136;0;10719198.0;sticker/webp;;[];False;False;b70842ce22a7beeb;[];[Stiker]
2325;136;0;10719205.0;system;;[];False;False;d04a0c8557641b1f;[];[Pesan sistem]
2326;136;0;10719206.0;sticker/webp;;[];False;False;db8bb6fc941e628f;[];[Stiker]
2327;136;11-50;10719406.0;text;;[];False;False;88ed4926f3b98145;[];pertandingan bola tadi malam,,, gila
2328;136;1-10;10719433.0;text;;[];False;False;a6306ed5f99c6d27;[];jir
2329;136;11-50;10719446.0;text;;[];False;False;a6306ed5f99c6d27;[];pertandingan bola tadi malam gila
2330;136;0;10719455.0;sticker/webp;;[];False;False;b2e30db9a9d3e420;[];[Stiker]
2331;136;11-50;10719503.0;text;;[];False;False;a0cfcd7ab8baf416;[];futsal besok jadi ga
2332;136;51-100;10719525.0;text;;[];False;False;a6306ed5f99c6d27;[];gw hrs ganti strategi belajar sih soalnya nilai uts kemarin jelek bgt
2333;136;11-50;10719548.0;text;;[];False;False;a6306ed5f99c6d27;[];album baru dia enak bgt
2334;136;11-50;10719588.0;text;;[];False;False;88ed4926f3b98145;[];badminton yuk,,, sore ini
2335;136;0;10719619.0;sticker/webp;;[];False;False;a0cfcd7ab8baf416;[];[Stiker]
2336;136;11-50;10719632.0;text;;[];True;False;a6306ed5f99c6d27;[];msh bangun ga lu jam segini?
2337;136;0;10719691.0;sticker/webp;;[];False;False;a0cfcd7ab8baf416;[];[Stiker]
2338;136;0;10719711.0;sticker/webp;;[];False;False;88ed4926f3b98145;[];[Stiker]
2339;136;11-50;10719726.0;text;;[];False;False;88ed4926f3b98145;[];gw lagi,,, baca novel baru nih,,,
2340;136;11-50;10719728.0;text;;[];False;False;a6306ed5f99c6d27;[];album baru dia enak bgt
2341;136;11-50;10719742.0;text;;[];False;False;a6306ed5f99c6d27;[];gym hari ni skip deh
2342;136;0;10719749.0;sticker/webp;;[];False;False;88ed4926f3b98145;[];[Stiker]
2343;136;0;10719788.0;video/mp4;;[];False;False;a0cfcd7ab8baf416;[];[Video]
2344;136;0;10719798.0;sticker/webp;;[];False;False;a6306ed5f99c6d27;[];[Stiker]
2345;136;0;10719815.0;sticker/webp;;[];False;False;88ed4926f3b98145;[];[Stiker]
2346;136;0;10719830.0;sticker/webp;;[];False;False;a0cfcd7ab8baf416;[];[Stiker]
2347;136;0;10719832.0;sticker/webp;;[];False;False;a0cfcd7ab8baf416;[];[Stiker]
2348;136;11-50;10719871.0;text;;[];False;False;a6306ed5f99c6d27;[];game baru udah download blm
2349;136;11-50;10719877.0;text;;[];False;False;a6306ed5f99c6d27;[];futsal besok jadi ga
2350;136;11-50;10719882.0;text;;[];False;False;a6306ed5f99c6d27;[];game baru udah download blm
2351;136;51-100;10719947.0;text;;[];False;False;88ed4926f3b98145;[];gw gagal,,, diet lagi soalnya tadi sore diajak,,, makan bakso sama temen,,,
2352;136;101-500;10720031.0;text;;[];False;False;88ed4926f3b98145;[];tadi siang gw makan di warung,,, makan baru,,, deket gerbang belakang kampus. nasi gorengnya lumayan enak,,, dan harganya murah banget cuma 12 ribu udah,,, sama es teh. kayaknya,,, bakal jadi,,, langganan baru,,, deh soalnya warteg biasa,,, gw udah mulai,,, naik harga dan,,, porsinya makin dikit aja
2353;136;0;10720055.0;sticker/webp;;[];False;False;88ed4926f3b98145;[];[Stiker]
2354;136;0;10720282.0;sticker/webp;;[];False;False;2b2ec5a0d197cdbf;[];[Stiker]
2355;136;0;10720326.0;sticker/webp;;[];False;False;5e4880656e196c35;[];[Stiker]
2356;136;0;10720431.0;sticker/webp;;[];False;False;1817f44e77f2b816;[];[Stiker]
2357;136;0;10720735.0;sticker/webp;;[];False;False;db8bb6fc941e628f;[];[Stiker]
2358;136;0;10720796.0;sticker/webp;;[];False;False;88ed4926f3b98145;[];[Stiker]
2359;136;0;10720827.0;sticker/webp;;[];False;False;b2e30db9a9d3e420;[];[Stiker]
2360;136;0;10720922.0;sticker/webp;;[];False;False;0f955f1b70353022;[];[Stiker]
2361;136;0;10720957.0;sticker/webp;;[];False;False;a0cfcd7ab8baf416;[];[Stiker]
2362;136;0;10720996.0;sticker/webp;;[];False;False;768b79893ae15e12;[];[Stiker]
2363;136;0;10721095.0;sticker/webp;;[];False;False;5e4880656e196c35;[];[Stiker]
2364;136;0;10721688.0;sticker/webp;;[];False;False;a0cfcd7ab8baf416;[];[Stiker]
2365;136;11-50;10721751.0;text;;[];False;False;db8bb6fc941e628f;[];series itu endingnya zonk bgtttt
2366;136;11-50;10721962.0;text;;['😍'];False;False;a3609e3bf750f2b5;[];game baru udah download belum
2367;136;0;10722177.0;sticker/webp;;[];False;False;88ed4926f3b98145;[];[Stiker]
2368;137;1-10;10724843.0;text;;[];False;False;ab16d59ee0fa1cc1;[];OKEY
2369;137;51-100;10725808.0;text;;[];True;False;96d598c43defc391;[];ada yang mau patungan buat beli kado ulang tahun si anu ga?
2370;137;0;10726329.0;sticker/webp;;[];False;False;a0cfcd7ab8baf416;[];[Stiker]
2371;137;0;10726476.0;sticker/webp;;[];False;False;a0cfcd7ab8baf416;[];[Stiker]
2372;137;51-100;10726787.0;text;2368.0;[];False;False;1817f44e77f2b816;[];tadi gw antri di administrasi kampus 2 jam cuma buat ngurus surat
2373;137;11-50;10726905.0;text;;[];False;False;ab16d59ee0fa1cc1;[];HUJAN DERES GA BAWA PAYUNG
2374;137;11-50;10727127.0;text;;[];False;False;a6306ed5f99c6d27;[];charger hp gw rusak lg
2375;137;11-50;10727250.0;text;;[];False;False;96d598c43defc391;[];charger hp gw rusak lagi
2376;137;0;10727314.0;sticker/webp;;[];False;False;a0cfcd7ab8baf416;[];[Stiker]
2377;137;51-100;10727318.0;text;;[];False;False;a6306ed5f99c6d27;[];duit jajan gw abis padahal baru tanggal 15 hrs ngirit bgt nih
2378;137;0;10727336.0;sticker/webp;;[];False;False;96d598c43defc391;[];[Stiker]
2379;137;11-50;10727342.0;text;;[];False;False;1817f44e77f2b816;[];internet mati lg di kosan
2380;137;0;10727370.0;sticker/webp;;[];False;False;a0cfcd7ab8baf416;[];[Stiker]
2381;137;0;10727376.0;sticker/webp;;[];False;False;88ed4926f3b98145;[];[Stiker]
2382;137;0;10727424.0;sticker/webp;;[];False;False;1817f44e77f2b816;[];[Stiker]
2383;137;0;10727427.0;sticker/webp;;[];False;False;1817f44e77f2b816;[];[Stiker]
2384;137;0;10727459.0;sticker/webp;;[];False;False;a0cfcd7ab8baf416;[];[Stiker]
2385;137;11-50;10727474.0;text;;[];False;False;a6306ed5f99c6d27;[];gw baru ganti nomor btw
2386;137;0;10727486.0;sticker/webp;2385.0;[];False;False;a0cfcd7ab8baf416;[];[Stiker]
2387;137;0;10727578.0;sticker/webp;;[];False;False;a0cfcd7ab8baf416;[];[Stiker]
2388;137;11-50;10727700.0;text;;[];False;False;a6306ed5f99c6d27;[];gw mau tidur dulu ya
2389;137;11-50;10727700.0;text;;[];False;False;a6306ed5f99c6d27;[];lu tim mana dukungnya
2390;137;101-500;10727703.0;text;;[];False;False;96d598c43defc391;[];kemarin gw ikut kegiatan bakti sosial yang diadain sama BEM fakultas. kita ke panti asuhan di pinggiran kota buat ngajar anak anak dan bagi bagi sembako. seru banget sih dan bikin hati adem. anak anaknya lucu lucu dan semangat banget belajar walau fasilitas mereka terbatas. jadi pengen rutin kesana
2391;137;0;10727728.0;sticker/webp;;[];False;False;a0cfcd7ab8baf416;[];[Stiker]
2392;137;11-50;10727733.0;text;;[];False;False;a6306ed5f99c6d27;[];ntar gw kabarin lg deh
2393;137;11-50;10727746.0;text;;[];False;False;a6306ed5f99c6d27;[];gw lg sibuk bgt minggu ni
2394;137;0;10727803.0;sticker/webp;;[];False;False;a0cfcd7ab8baf416;[];[Stiker]
2395;137;0;10727818.0;sticker/webp;;[];False;False;a0cfcd7ab8baf416;[];[Stiker]
2396;137;51-100;10727819.0;text;;[];False;False;a6306ed5f99c6d27;[];duit jajan gw abis padahal baru tanggal 15 hrs ngirit bgt nih
2397;137;11-50;10727841.0;text;;[];False;False;a6306ed5f99c6d27;[];dompet gw ketinggalan di rumah
2398;137;0;10727861.0;sticker/webp;;[];False;False;a0cfcd7ab8baf416;[];[Stiker]
2399;137;0;10727954.0;sticker/webp;;[];False;False;88ed4926f3b98145;[];[Stiker]
2400;137;0;10727967.0;sticker/webp;;[];False;False;28953f111d3785c3;[];[Stiker]
2401;137;0;10727970.0;sticker/webp;;[];False;False;28953f111d3785c3;[];[Stiker]
2402;137;0;10727985.0;sticker/webp;;[];False;False;a0cfcd7ab8baf416;[];[Stiker]
2403;137;0;10727988.0;sticker/webp;;[];False;False;a0cfcd7ab8baf416;[];[Stiker]
2404;137;11-50;10727994.0;text;;[];True;False;a6306ed5f99c6d27;[];msh buka ga warungnya?
2405;137;11-50;10728002.0;text;;[];False;False;a6306ed5f99c6d27;[];capek bgt hari ni asli
2406;137;11-50;10728024.0;text;;[];False;False;88ed4926f3b98145;[];hujan deres ga bawa payung
2407;137;1-10;10728032.0;text;;[];False;False;a6306ed5f99c6d27;[];ah
2408;137;0;10728037.0;sticker/webp;;[];False;False;88ed4926f3b98145;[];[Stiker]
2409;137;11-50;10728047.0;text;;[];False;False;679dfa676830dcbd;[];HP GW LOWBAT NIH
2410;137;11-50;10728050.0;text;;[];False;False;a6306ed5f99c6d27;[];bentar ya gw lg di jalan
2411;137;11-50;10728076.0;text;;[];False;False;88ed4926f3b98145;[];gw lg sibuk bgt minggu ini
2412;137;101-500;10728080.0;text;;[];False;False;96d598c43defc391;[];minggu lalu gw akhirnya beraniin diri buat ngomong sama dosen pembimbing soal progress skripsi yang mandek. ternyata beliau pengertian banget dan kasih banyak masukan yang berguna. gw nyesel ga ngomong dari awal soalnya selama ini gw cuma takut ditolak atau dimarahin padahal dosennya baik banget
2413;137;0;10728090.0;sticker/webp;;[];False;False;88ed4926f3b98145;[];[Stiker]
2414;137;0;10728099.0;sticker/webp;;[];False;False;a0cfcd7ab8baf416;[];[Stiker]
2415;137;11-50;10728123.0;text;;[];False;False;88ed4926f3b98145;[];gw lagi di atm sebentar
2416;137;11-50;10728125.0;text;;[];False;False;a6306ed5f99c6d27;[];internet mati lg di kosan
2417;137;11-50;10728126.0;text;;[];False;False;a6306ed5f99c6d27;[];hp gw lowbat nih
2418;137;101-500;10728142.0;text;;[];False;False;96d598c43defc391;[];gw baru selesai nonton dokumenter tentang kehidupan nelayan di pesisir utara Jawa. sedih banget liat perjuangan mereka yang harus melaut berhari hari cuma buat dapet ikan yang harganya ga seberapa di pasar. bikin gw makin bersyukur sih sama kehidupan gw sekarang walau kadang ngeluh juga
2419;137;11-50;10728148.0;text;;[];False;False;96d598c43defc391;[];dompet gw ketinggalan di rumah
2420;137;0;10728173.0;video/mp4;;[];False;False;a0cfcd7ab8baf416;[];[Video]
2421;137;0;10728173.0;sticker/webp;;[];False;False;88ed4926f3b98145;[];[Stiker]
2422;137;11-50;10728337.0;text;;[];False;False;2b7d8688edac86ed;[];baru bangun nih masih ngantuk
2423;137;11-50;10728394.0;text;;[];False;False;a6306ed5f99c6d27;[];gw mau tidur dulu ya
2424;137;1-10;10728414.0;text;;[];False;False;0f6220f1303fa33a;[];oh
2425;137;1-10;10728436.0;text;;[];False;False;a6306ed5f99c6d27;[];hem
2426;137;11-50;10728441.0;text;;[];False;False;a6306ed5f99c6d27;[];gw baru ganti nomor btw
2427;137;11-50;10728469.0;text;;[];True;False;2b7d8688edac86ed;[];gw harus bawa apa aja?
2428;137;11-50;10728496.0;text;2427.0;[];False;False;88ed4926f3b98145;[];gw lg sibuk bgt minggu ini
2429;137;1-10;10728500.0;text;;[];False;False;88ed4926f3b98145;[];iyaa
2430;137;51-100;10728504.0;text;;[];False;False;96d598c43defc391;[];gw seneng banget akhirnya bisa ketemu temen temen lama setelah lama ga
2431;137;0;10728507.0;sticker/webp;;[];False;False;b2e30db9a9d3e420;[];[Stiker]
2432;137;0;10728540.0;sticker/webp;;[];False;False;b2e30db9a9d3e420;[];[Stiker]
2433;137;0;10728554.0;sticker/webp;;[];False;False;2b7d8688edac86ed;[];[Stiker]
2434;137;11-50;10728564.0;text;;[];False;False;88ed4926f3b98145;[];internet mati lagi di,,, kosan
2435;137;0;10728576.0;sticker/webp;2412.0;[];False;False;9922dfb95c03e61b;[];[Stiker]
2436;137;0;10728600.0;sticker/webp;;[];False;False;2b7d8688edac86ed;[];[Stiker]
2437;137;11-50;10728611.0;text;;[];False;False;a6306ed5f99c6d27;[];baru bangun nih msh ngantuk
2438;137;51-100;10728648.0;text;;[];False;False;a6306ed5f99c6d27;[];gw lg dengerin podcast tentang psikologi, lumayan buat nambah wawasan
2439;137;11-50;10728672.0;text;;[];False;False;a6306ed5f99c6d27;[];baru bangun nih msh ngantuk
2440;137;11-50;10728683.0;text;;[];False;False;88ed4926f3b98145;[];baru bangun nih masih ngantuk
2441;137;11-50;10728685.0;text;;[];False;False;a6306ed5f99c6d27;[];capek bgt hari ni asli
2442;137;11-50;10728695.0;text;;[];False;False;a6306ed5f99c6d27;[];wifi kampus lemot parah
2443;137;1-10;10728702.0;text;;[];False;False;a6306ed5f99c6d27;[];yoii
2444;137;0;10728718.0;sticker/webp;;[];False;False;54967cf823339c0d;[];[Stiker]
2445;137;11-50;10728720.0;text;;[];False;False;88ed4926f3b98145;[];hp gw lowbat nih,,,
2446;137;0;10728740.0;sticker/webp;;[];False;False;88ed4926f3b98145;[];[Stiker]
2447;137;0;10728748.0;sticker/webp;2446.0;[];False;False;54967cf823339c0d;[];[Stiker]
2448;137;0;10728772.0;sticker/webp;;[];False;False;b50f70a2cfd73bfa;[];[Stiker]
2449;137;0;10728772.0;sticker/webp;;[];False;False;b50f70a2cfd73bfa;[];[Stiker]
2450;137;0;10728784.0;sticker/webp;;[];False;False;2b7d8688edac86ed;[];[Stiker]
2451;137;0;10728784.0;sticker/webp;;[];False;False;2b7d8688edac86ed;[];[Stiker]
2452;137;0;10728788.0;sticker/webp;;[];False;False;2b7d8688edac86ed;[];[Stiker]
2453;137;0;10728812.0;sticker/webp;;[];False;False;54967cf823339c0d;[];[Stiker]
2454;137;0;10728846.0;sticker/webp;2453.0;[];False;False;2b7d8688edac86ed;[];[Stiker]
2455;137;0;10728885.0;sticker/webp;2454.0;[];False;False;54967cf823339c0d;[];[Stiker]
2456;137;0;10728947.0;unknown;;[];False;False;e9914f9d9728f10f;[];[Media tidak dikenal]
2457;137;0;10728960.0;sticker/webp;;[];False;False;2b7d8688edac86ed;[];[Stiker]
2458;137;11-50;10728964.0;text;;[];True;False;e9914f9d9728f10f;[];besok libur bukan sih?
2459;137;0;10728968.0;sticker/webp;;[];False;False;54967cf823339c0d;[];[Stiker]
2460;137;0;10728978.0;sticker/webp;;[];False;False;54967cf823339c0d;[];[Stiker]
2461;137;0;10728981.0;sticker/webp;;[];False;False;54967cf823339c0d;[];[Stiker]
2462;137;0;10728992.0;sticker/webp;;[];False;False;2b7d8688edac86ed;[];[Stiker]
2463;137;0;10729020.0;sticker/webp;;[];False;False;54967cf823339c0d;[];[Stiker]
2464;137;11-50;10729351.0;text;;[];False;False;a0cfcd7ab8baf416;[];wifi kampus lemot parah
2465;137;11-50;10729362.0;text;;[];False;False;a0cfcd7ab8baf416;[];bentar ya gw lg di jalan
2466;137;11-50;10729370.0;text;;[];False;False;a0cfcd7ab8baf416;[];dompet gw ketinggalan di rumah
2467;137;1-10;10729375.0;text;;[];False;False;a0cfcd7ab8baf416;[];eh
2468;137;11-50;10729378.0;text;;[];False;False;a0cfcd7ab8baf416;[];internet mati lagi di kosan
2469;137;1-10;10729380.0;text;;[];False;False;a0cfcd7ab8baf416;[];hem
2470;137;11-50;10729392.0;text;;[];False;False;a0cfcd7ab8baf416;[];gw mau tidur dulu ya
2471;137;0;10729446.0;sticker/webp;;[];False;False;a0cfcd7ab8baf416;[];[Stiker]
2472;137;0;10729448.0;sticker/webp;;[];False;False;b50f70a2cfd73bfa;[];[Stiker]
2473;137;51-100;10729455.0;text;;[];False;False;96d598c43defc391;[];gw seneng banget akhirnya bisa ketemu temen temen lama setelah lama ga
2474;137;11-50;10729491.0;text;;[];False;False;a0cfcd7ab8baf416;[];gw lg sibuk bgt minggu ini
2475;137;11-50;10729498.0;text;;[];False;False;a0cfcd7ab8baf416;[];wifi kampus lemot parah
2476;137;0;10729541.0;sticker/webp;;[];False;False;96d598c43defc391;[];[Stiker]
2477;137;0;10729573.0;sticker/webp;;[];False;False;a0cfcd7ab8baf416;[];[Stiker]
2478;137;0;10729726.0;sticker/webp;;[];False;False;40b724e59d03bfd8;[];[Stiker]
2479;137;0;10729727.0;sticker/webp;;[];False;False;40b724e59d03bfd8;[];[Stiker]
2480;137;11-50;10729903.0;text;;[];False;False;36ee274c26c96793;[];gw baru ganti... nomor btw
2481;137;11-50;10730125.0;text;;[];True;False;88ed4926f3b98145;[];bisa jemput gw ga?
2482;137;11-50;10730143.0;text;2481.0;[];False;False;96d598c43defc391;[];hujan deres ga bawa payung
2483;137;1-10;10730202.0;text;2481.0;[];False;False;a0cfcd7ab8baf416;[];yoii
2484;137;1-10;10730213.0;text;;[];False;False;a0cfcd7ab8baf416;[];iyaa
2485;137;1-10;10730214.0;text;;[];False;False;88ed4926f3b98145;[];oh
2486;137;1-10;10730236.0;text;;[];True;False;a0cfcd7ab8baf416;[];gk?
2487;137;0;10730239.0;sticker/webp;;[];False;False;a0cfcd7ab8baf416;[];[Stiker]
2488;137;11-50;10730283.0;text;;[];False;False;88ed4926f3b98145;[];lu tim mana dukungnya
2489;137;1-10;10730288.0;text;;[];False;False;88ed4926f3b98145;[];eh
2490;137;0;10730296.0;sticker/webp;;[];False;False;a0cfcd7ab8baf416;[];[Stiker]
2491;137;11-50;10730296.0;text;;[];False;False;a0cfcd7ab8baf416;[];gw lagi di atm sebentar
2492;137;0;10730328.0;sticker/webp;;[];False;False;88ed4926f3b98145;[];[Stiker]
2493;137;0;10730359.0;sticker/webp;;[];False;False;a0cfcd7ab8baf416;[];[Stiker]
2494;137;1-10;10730376.0;text;;[];False;False;a0cfcd7ab8baf416;[];yess
2495;137;11-50;10730382.0;text;;[];False;False;a0cfcd7ab8baf416;[];internet mati lagi di kosan
2496;137;1-10;10730385.0;text;;[];False;False;a0cfcd7ab8baf416;[];hem
2497;137;11-50;10730402.0;text;;[];False;False;a0cfcd7ab8baf416;[];gw mau tidur dulu ya
2498;137;51-100;10730514.0;text;;[];False;False;a6306ed5f99c6d27;[];gw lg dengerin podcast tentang psikologi, lumayan buat nambah wawasan
2499;137;11-50;10730560.0;text;;[];False;False;88ed4926f3b98145;[];bentar ya gw lg di jalan
2500;137;11-50;10730567.0;text;;[];False;False;88ed4926f3b98145;[];internet mati,,, lagi di,,, kosan
2501;137;0;10730570.0;sticker/webp;;[];False;False;88ed4926f3b98145;[];[Stiker]
2502;137;11-50;10730618.0;text;;[];False;False;a6306ed5f99c6d27;[];capek bgt hari ni asli
2503;137;11-50;10730629.0;text;;[];False;False;a6306ed5f99c6d27;[];hujan deres ga bawa payung
2504;137;11-50;10730723.0;text;;[];False;False;88ed4926f3b98145;[];gw lagi di atm sebentar
2505;137;0;10730742.0;sticker/webp;;[];False;False;a0cfcd7ab8baf416;[];[Stiker]
2506;137;0;10730751.0;sticker/webp;;[];False;False;b70842ce22a7beeb;[];[Stiker]
2507;137;0;10730767.0;sticker/webp;;[];False;False;88ed4926f3b98145;[];[Stiker]
2508;137;0;10730823.0;sticker/webp;;[];False;False;a0cfcd7ab8baf416;[];[Stiker]
2509;137;1-10;10730847.0;text;;[];False;False;e97d730ac712b553;[];Okk.
2510;137;0;10730907.0;sticker/webp;;[];False;False;a0cfcd7ab8baf416;[];[Stiker]
2511;137;0;10730929.0;sticker/webp;;[];False;False;e97d730ac712b553;[];[Stiker]
2512;137;11-50;10731137.0;text;;[];False;False;a6306ed5f99c6d27;[];ntar gw kabarin lg deh
2513;137;11-50;10731140.0;text;;[];False;False;a6306ed5f99c6d27;[];baru bangun nih msh ngantuk
2514;137;0;10731284.0;sticker/webp;;[];False;False;a0cfcd7ab8baf416;[];[Stiker]
2515;137;11-50;10731284.0;text;;[];False;False;a0cfcd7ab8baf416;[];gw lg sibuk bgt minggu ini
2516;137;1-10;10731291.0;text;;[];False;False;a0cfcd7ab8baf416;[];oh
2517;137;11-50;10731438.0;text;;[];True;False;a6306ed5f99c6d27;['e97d730ac712b553'];gw hrs bawa apa aja?
2518;137;1-10;10731473.0;text;;[];False;False;a0cfcd7ab8baf416;[];ah
2519;137;0;10731484.0;sticker/webp;;[];False;False;a0cfcd7ab8baf416;[];[Stiker]
2520;137;11-50;10731492.0;text;;[];True;False;a0cfcd7ab8baf416;[];masih buka ga warungnya?
2521;137;11-50;10731753.0;text;;[];False;False;a6306ed5f99c6d27;[];capek bgt hari ni asli
2522;137;0;10731787.0;sticker/webp;2513.0;[];False;False;88ed4926f3b98145;[];[Stiker]
2523;138;0;10733159.0;sticker/webp;;[];False;False;77655b4646ec01ea;[];[Stiker]
2524;138;0;10734060.0;system;;[];False;False;7b38046112e294da;[];[Pesan sistem]
2525;139;0;10735270.0;sticker/webp;;[];False;False;a6306ed5f99c6d27;[];[Stiker]
2526;139;0;10735347.0;sticker/webp;;[];False;False;88ed4926f3b98145;[];[Stiker]
2527;139;11-50;10735411.0;text;;[];False;False;a6306ed5f99c6d27;[];gw lg sibuk bgt minggu ni
2528;139;0;10735415.0;audio;;[];False;False;36ee274c26c96793;[];[Voice Note]
2529;139;11-50;10735417.0;text;;[];False;False;a0cfcd7ab8baf416;[];hujan deres ga bawa payung
2530;139;11-50;10735420.0;text;;[];False;False;a0cfcd7ab8baf416;[];dompet gw ketinggalan di rumah
2531;139;1-10;10735427.0;text;;[];False;False;a6306ed5f99c6d27;[];eh
2532;139;0;10735430.0;sticker/webp;;[];False;False;795de395c5fd12d4;[];[Stiker]
2533;139;0;10735431.0;image/jpeg;;[];False;False;a0cfcd7ab8baf416;[];[Foto]
2534;139;11-50;10735452.0;text;;[];False;False;a6306ed5f99c6d27;[];dompet gw ketinggalan di rumah
2535;139;51-100;10735488.0;text;;[];False;False;88ed4926f3b98145;[];gw seneng banget,,, akhirnya bisa ketemu temen temen lama setelah,,, lama ga
2536;139;0;10735561.0;sticker/webp;;[];False;False;0b367972833dff32;[];[Stiker]
2537;139;1-10;10735595.0;text;;[];False;False;a6306ed5f99c6d27;[];yoii
2538;139;1-10;10735901.0;text;;[];False;False;a6306ed5f99c6d27;[];ah
2539;139;1-10;10735901.0;text;;[];False;False;a6306ed5f99c6d27;[];yess
2540;139;11-50;10735925.0;text;;[];False;False;88ed4926f3b98145;[];bentar ya,,, gw lg di jalan,,,
2541;139;11-50;10735935.0;text;;[];False;False;88ed4926f3b98145;[];cuaca hari,,, ini panas banget
2542;139;0;10735978.0;sticker/webp;;[];False;False;88ed4926f3b98145;[];[Stiker]
2543;139;11-50;10736176.0;text;;[];False;False;a6306ed5f99c6d27;[];ntar gw kabarin lg deh
2544;139;1-10;10736181.0;text;;[];False;False;a6306ed5f99c6d27;[];okey
2545;139;1-10;10736618.0;text;;[];False;False;488d9e52c4298670;[];hemmm
2546;139;11-50;10736619.0;text;;[];False;False;488d9e52c4298670;[];capek banget hari ini asli
2547;139;0;10736654.0;sticker/webp;;[];False;False;302a1b1033520a61;[];[Stiker]
2548;139;0;10736696.0;sticker/webp;2547.0;[];False;False;488d9e52c4298670;[];[Stiker]
2549;139;0;10736991.0;sticker/webp;;[];False;False;c180a5c6da3252f3;[];[Stiker]
2550;139;0;10736991.0;sticker/webp;;[];False;False;c180a5c6da3252f3;[];[Stiker]
2551;139;0;10736991.0;sticker/webp;;[];False;False;c180a5c6da3252f3;[];[Stiker]
2552;139;0;10736997.0;sticker/webp;;[];False;False;c180a5c6da3252f3;[];[Stiker]
2553;139;0;10737000.0;sticker/webp;;[];False;False;c180a5c6da3252f3;[];[Stiker]
2554;139;0;10737002.0;sticker/webp;;[];False;False;c180a5c6da3252f3;[];[Stiker]
2555;139;0;10737005.0;sticker/webp;;[];False;False;c180a5c6da3252f3;[];[Stiker]
2556;139;0;10737007.0;sticker/webp;;[];False;False;c180a5c6da3252f3;[];[Stiker]
2557;139;0;10737007.0;sticker/webp;;[];False;False;c180a5c6da3252f3;[];[Stiker]
2558;139;0;10737047.0;sticker/webp;;[];False;False;c180a5c6da3252f3;[];[Stiker]
2559;139;0;10737157.0;unknown;;[];False;False;db8bb6fc941e628f;[];[Media tidak dikenal]
2560;139;0;10737649.0;sticker/webp;;[];False;False;e97d730ac712b553;[];[Stiker]
2561;139;1-10;10737682.0;text;;[];False;False;a6306ed5f99c6d27;[];gassss
2562;139;0;10737734.0;sticker/webp;;[];False;False;a0cfcd7ab8baf416;[];[Stiker]
2563;139;11-50;10737899.0;text;;[];False;False;a6306ed5f99c6d27;[];gw baru ganti nomor btw
2564;139;0;10738117.0;sticker/webp;;[];False;False;0f6220f1303fa33a;[];[Stiker]
2565;139;0;10738131.0;sticker/webp;;[];False;False;e97d730ac712b553;[];[Stiker]
2566;139;0;10738184.0;sticker/webp;;[];False;False;a0cfcd7ab8baf416;[];[Stiker]
2567;139;0;10738185.0;sticker/webp;;[];False;False;db8bb6fc941e628f;[];[Stiker]
2568;139;0;10738198.0;sticker/webp;;[];False;False;a0cfcd7ab8baf416;[];[Stiker]
2569;139;0;10738206.0;sticker/webp;;[];False;False;302a1b1033520a61;[];[Stiker]
2570;139;0;10738209.0;sticker/webp;;[];False;False;a0cfcd7ab8baf416;[];[Stiker]
2571;139;0;10738210.0;sticker/webp;;[];False;False;a0cfcd7ab8baf416;[];[Stiker]
2572;139;0;10738211.0;sticker/webp;;[];False;False;302a1b1033520a61;[];[Stiker]
2573;139;0;10738244.0;sticker/webp;;[];False;False;e97d730ac712b553;[];[Stiker]
2574;139;0;10738253.0;sticker/webp;;[];False;False;a0cfcd7ab8baf416;[];[Stiker]
2575;139;0;10738265.0;sticker/webp;;[];False;False;a0cfcd7ab8baf416;[];[Stiker]
2576;139;0;10738285.0;sticker/webp;;[];False;False;db8bb6fc941e628f;[];[Stiker]
2577;139;0;10738290.0;sticker/webp;;[];False;False;b2e30db9a9d3e420;[];[Stiker]
2578;139;11-50;10738398.0;text;2565.0;[];True;False;a6306ed5f99c6d27;[];lu pny kontak dia ga?
2579;139;11-50;10738446.0;text;;[];False;False;e97d730ac712b553;[];Gw baru ganti nomor btw.
2580;139;0;10738486.0;video/mp4;;[];False;False;a0cfcd7ab8baf416;[];[Video]
2581;139;1-10;10738491.0;text;;[];False;False;a0cfcd7ab8baf416;[];ah
2582;139;11-50;10738559.0;text;;[];True;False;db8bb6fc941e628f;[];lu punya kontak diaa ga?
2583;139;11-50;10738778.0;text;;[];False;False;a6306ed5f99c6d27;[];baru bangun nih msh ngantuk
2584;139;11-50;10738780.0;text;;[];False;False;a6306ed5f99c6d27;[];capek bgt hari ni asli
2585;139;0;10738815.0;sticker/webp;;[];False;False;e97d730ac712b553;[];[Stiker]
2586;139;11-50;10738848.0;text;;[];False;False;a6306ed5f99c6d27;[];lu tim mana dukungnya
2587;139;11-50;10738860.0;text;;[];True;False;a6306ed5f99c6d27;[];bs jemput gw ga?
2588;139;1-10;10738936.0;text;;['🙃'];False;False;1c530373123701b6;[];okkkk
2589;139;51-100;10739039.0;text;;[];False;False;db8bb6fc941e628f;[];gw lagii dengerinnnn podcast tentang psikologi, lumayannnn buat nambahh wawasann
2590;139;11-50;10739092.0;text;;[];False;False;a6306ed5f99c6d27;[];bentar ya gw lg di jalan
2591;139;11-50;10739151.0;text;;[];False;False;36ee274c26c96793;[];hp gw lowbat nih...
2592;139;0;10739210.0;sticker/webp;;[];False;False;e97d730ac712b553;[];[Stiker]
2593;139;1-10;10739270.0;text;;[];False;False;a0cfcd7ab8baf416;[];okk
2594;139;11-50;10739278.0;text;;[];False;False;a0cfcd7ab8baf416;[];hp gw lowbat nih
2595;139;0;10739394.0;sticker/webp;;[];False;False;488d9e52c4298670;[];[Stiker]
2596;139;0;10739528.0;sticker/webp;;[];False;False;88ed4926f3b98145;[];[Stiker]
2597;139;11-50;10739588.0;text;;[];False;False;a6306ed5f99c6d27;[];ntar gw kabarin lg deh
2598;139;11-50;10739602.0;text;;[];False;False;88ed4926f3b98145;[];hujan deres ga bawa payung
2599;139;11-50;10739614.0;text;;[];False;False;88ed4926f3b98145;[];gw lg sibuk bgt minggu ini,,,
2600;139;0;10739625.0;sticker/webp;;[];False;False;88ed4926f3b98145;[];[Stiker]
2601;139;11-50;10739637.0;text;;[];False;False;db8bb6fc941e628f;[];wifiii kampussss lemotttt parah
2602;139;1-10;10739646.0;text;;[];False;False;db8bb6fc941e628f;[];oh
2603;139;0;10739696.0;sticker/webp;;[];False;False;a0cfcd7ab8baf416;[];[Stiker]
2604;139;1-10;10739701.0;text;;[];False;False;a0cfcd7ab8baf416;[];siapp
2605;139;1-10;10739707.0;text;;[];False;False;a0cfcd7ab8baf416;[];ah
2606;139;11-50;10739727.0;text;;[];False;False;a6306ed5f99c6d27;[];cuaca hari ni panas bgt
2607;139;11-50;10739729.0;text;;[];False;False;a6306ed5f99c6d27;[];baru bangun nih msh ngantuk
2608;139;0;10739760.0;sticker/webp;;[];False;False;db8bb6fc941e628f;[];[Stiker]
2609;139;0;10740059.0;sticker/webp;;[];False;False;a0cfcd7ab8baf416;[];[Stiker]
2610;139;0;10740256.0;sticker/webp;;[];False;False;88ed4926f3b98145;[];[Stiker]
2611;139;0;10740847.0;sticker/webp;;[];False;False;a0cfcd7ab8baf416;[];[Stiker]
2612;139;0;10740858.0;sticker/webp;;[];False;False;bd7d46c237c7dd80;[];[Stiker]
2613;139;0;10741573.0;sticker/webp;;[];False;False;768b79893ae15e12;[];[Stiker]
2614;139;0;10741846.0;sticker/webp;;[];False;False;384d74b3a41bda73;[];[Stiker]
2615;139;0;10741848.0;sticker/webp;;[];False;False;384d74b3a41bda73;[];[Stiker]
2616;139;0;10741853.0;sticker/webp;;[];False;False;384d74b3a41bda73;[];[Stiker]
2617;139;0;10741854.0;sticker/webp;;[];False;False;384d74b3a41bda73;[];[Stiker]
2618;139;0;10741857.0;sticker/webp;;[];False;False;384d74b3a41bda73;[];[Stiker]
2619;139;0;10741858.0;sticker/webp;;[];False;False;384d74b3a41bda73;[];[Stiker]
2620;139;0;10741860.0;sticker/webp;;[];False;False;384d74b3a41bda73;[];[Stiker]
2621;139;0;10741860.0;sticker/webp;;[];False;False;384d74b3a41bda73;[];[Stiker]
2622;139;0;10741869.0;sticker/webp;;[];False;False;384d74b3a41bda73;[];[Stiker]
2623;139;0;10741871.0;sticker/webp;;[];False;False;384d74b3a41bda73;[];[Stiker]
2624;139;0;10741872.0;sticker/webp;;[];False;False;384d74b3a41bda73;[];[Stiker]
2625;139;0;10742088.0;sticker/webp;;[];False;False;0b367972833dff32;[];[Stiker]
2626;139;0;10742296.0;sticker/webp;;[];False;False;375a5cb8a1a3b336;[];[Stiker]
2627;140;0;10747861.0;sticker/webp;;[];False;False;e97d730ac712b553;[];[Stiker]
2628;140;0;10748313.0;unknown;;[];False;False;21b9996b66b2bf60;[];[Media tidak dikenal]
2629;140;0;10748529.0;sticker/webp;;[];False;False;1860a59877c848a0;[];[Stiker]
2630;140;0;10748545.0;sticker/webp;;[];False;False;384d74b3a41bda73;[];[Stiker]
2631;140;0;10748609.0;audio;;[];False;False;21b9996b66b2bf60;[];[Voice Note]
2632;140;0;10748614.0;audio;;[];False;False;21b9996b66b2bf60;[];[Voice Note]
2633;140;11-50;10748653.0;text;;[];True;False;384d74b3a41bda73;[];gimana kabar lu sekarang?
2634;140;0;10748654.0;audio;;[];False;False;1860a59877c848a0;[];[Voice Note]
2635;140;0;10748676.0;image/jpeg;;[];False;False;88ed4926f3b98145;[];[Foto]
2636;140;11-50;10748727.0;text;2635.0;[];False;False;384d74b3a41bda73;[];mie ayam pak kumis juara sih
2637;140;11-50;10748745.0;text;;[];False;False;88ed4926f3b98145;[];gw baru aja dari,,, kampus
2638;140;11-50;10748759.0;text;;[];False;False;88ed4926f3b98145;[];gw baru aja dari,,, kampus
2639;140;0;10748843.0;audio;;[];False;False;21b9996b66b2bf60;[];[Voice Note]
2640;140;0;10748867.0;unknown;;[];False;False;1860a59877c848a0;[];[Media tidak dikenal]
2641;140;0;10748883.0;audio;;[];False;False;21b9996b66b2bf60;[];[Voice Note]
2642;140;0;10748891.0;audio;;[];False;False;21b9996b66b2bf60;[];[Voice Note]
2643;140;0;10748897.0;unknown;;[];False;False;1860a59877c848a0;[];[Media tidak dikenal]
2644;140;0;10748905.0;sticker/webp;;[];False;False;1860a59877c848a0;[];[Stiker]
2645;140;0;10749655.0;sticker/webp;;[];False;False;e2d4e32a3938e8cf;[];[Stiker]
2646;140;11-50;10768095.0;text;2635.0;[];False;False;36ee274c26c96793;[];seminar tadi lama... bgt
2647;141;11-50;10790807.0;text;;[];False;False;679dfa676830dcbd;[];GW BARU GANTI NOMOR BTW
2648;141;0;10791952.0;sticker/webp;;[];False;False;0b367972833dff32;[];[Stiker]
2649;141;0;10792506.0;sticker/webp;;[];False;False;0b367972833dff32;[];[Stiker]
2650;141;0;10794386.0;sticker/webp;;[];False;False;19e7bb7d7c25ecf7;[];[Stiker]
2651;142;0;10806920.0;sticker/webp;;[];False;False;a0cfcd7ab8baf416;[];[Stiker]
2652;142;0;10806970.0;sticker/webp;;[];False;False;40b724e59d03bfd8;[];[Stiker]
2653;142;0;10807087.0;sticker/webp;;[];False;False;a0cfcd7ab8baf416;[];[Stiker]
2654;142;0;10807324.0;sticker/webp;;[];False;False;40b724e59d03bfd8;[];[Stiker]
2655;142;0;10807325.0;sticker/webp;;[];False;False;40b724e59d03bfd8;[];[Stiker]
2656;142;0;10807596.0;sticker/webp;;[];False;False;2b6eeb123b473098;[];[Stiker]
2657;142;0;10807602.0;sticker/webp;;[];False;False;2b6eeb123b473098;[];[Stiker]
2658;142;0;10807603.0;sticker/webp;;[];False;False;2b6eeb123b473098;[];[Stiker]
2659;142;0;10807605.0;sticker/webp;;[];False;False;2b6eeb123b473098;[];[Stiker]
2660;142;0;10807608.0;sticker/webp;;[];False;False;2b6eeb123b473098;[];[Stiker]
2661;142;0;10807608.0;sticker/webp;;[];False;False;2b6eeb123b473098;[];[Stiker]
2662;142;0;10807618.0;sticker/webp;;[];False;False;2b6eeb123b473098;[];[Stiker]
2663;142;0;10807627.0;sticker/webp;;[];False;False;2b6eeb123b473098;[];[Stiker]
2664;142;0;10807760.0;sticker/webp;;[];False;False;a0cfcd7ab8baf416;[];[Stiker]
2665;142;0;10808044.0;sticker/webp;;[];False;False;b50f70a2cfd73bfa;[];[Stiker]
2666;142;0;10811146.0;sticker/webp;;[];False;False;795de395c5fd12d4;[];[Stiker]
2667;143;0;10819763.0;sticker/webp;;[];False;False;0b367972833dff32;[];[Stiker]
2668;143;0;10819764.0;sticker/webp;;[];False;False;0b367972833dff32;[];[Stiker]
2669;143;0;10819773.0;sticker/webp;;[];False;False;0b367972833dff32;[];[Stiker]
2670;143;0;10819774.0;sticker/webp;;[];False;False;0b367972833dff32;[];[Stiker]
2671;143;0;10819777.0;sticker/webp;;[];False;False;0b367972833dff32;[];[Stiker]
2672;143;0;10819779.0;sticker/webp;;[];False;False;0b367972833dff32;[];[Stiker]
2673;144;0;10820765.0;sticker/webp;;[];False;False;6c25b31bedef18ca;[];[Stiker]
2674;144;0;10820806.0;sticker/webp;;[];False;False;40b724e59d03bfd8;[];[Stiker]
2675;144;11-50;10821160.0;text;;[];False;False;a6306ed5f99c6d27;[];indomie telor udah cukup kok
2676;144;11-50;10821168.0;text;;[];False;False;a6306ed5f99c6d27;[];gw mau nyoba restoran baru
2677;144;0;10821257.0;unknown;;[];False;False;e4aee19fdf1fee84;[];[Media tidak dikenal]
2678;144;0;10821262.0;sticker/webp;;[];False;False;e4aee19fdf1fee84;[];[Stiker]
2679;144;0;10821262.0;sticker/webp;;[];False;False;e4aee19fdf1fee84;[];[Stiker]
2680;144;0;10821316.0;sticker/webp;;[];False;False;db8bb6fc941e628f;[];[Stiker]
2681;144;0;10821437.0;system;;[];False;False;3ac04dafb394d509;[];[Pesan sistem]
2682;145;0;10822703.0;sticker/webp;;[];False;False;fb4817090ae9e33e;[];[Stiker]
2683;145;0;10823177.0;sticker/webp;;[];False;False;aa53f5fa9f484220;[];[Stiker]
2684;146;0;10824653.0;sticker/webp;;[];False;False;0b367972833dff32;[];[Stiker]
2685;146;0;10824660.0;sticker/webp;;[];False;False;0b367972833dff32;[];[Stiker]
2686;146;0;10824661.0;sticker/webp;;[];False;False;0b367972833dff32;[];[Stiker]
2687;147;0;10830352.0;sticker/webp;;[];False;False;e97d730ac712b553;[];[Stiker]
2688;147;0;10831610.0;sticker/webp;2685.0;[];False;False;a6306ed5f99c6d27;[];[Stiker]
2689;147;1-10;10831722.0;text;;[];False;False;a6306ed5f99c6d27;[];anjay
2690;147;0;10831743.0;sticker/webp;;[];False;False;e97d730ac712b553;[];[Stiker]
2691;147;0;10831762.0;sticker/webp;;[];False;False;e86f667cb1edd47a;[];[Stiker]
2692;147;0;10831770.0;sticker/webp;;[];False;False;a6306ed5f99c6d27;[];[Stiker]
2693;147;0;10831788.0;sticker/webp;;[];False;False;a6306ed5f99c6d27;[];[Stiker]
2694;147;0;10831848.0;sticker/webp;;[];False;False;e86f667cb1edd47a;[];[Stiker]
2695;147;11-50;10833408.0;text;;[];False;False;a6306ed5f99c6d27;[];nyokap nanya kapan lulus
2696;147;1-10;10833537.0;text;;[];False;False;a6306ed5f99c6d27;[];woles
2697;147;1-10;10833541.0;text;;[];False;False;a6306ed5f99c6d27;[];woles
2698;147;11-50;10833555.0;text;;[];False;False;a6306ed5f99c6d27;[];kakak gw baru aja nikah
2699;147;1-10;10833564.0;text;;[];False;False;a6306ed5f99c6d27;[];gitu
2700;147;11-50;10833590.0;text;;[];False;False;a6306ed5f99c6d27;[];mama minta gw pulang weekend
2701;147;11-50;10833592.0;text;;[];False;False;a6306ed5f99c6d27;[];kakak gw baru aja nikah
2702;147;0;10833789.0;sticker/webp;;[];False;False;88ed4926f3b98145;[];[Stiker]
2703;147;0;10833796.0;sticker/webp;;[];False;False;88ed4926f3b98145;[];[Stiker]
2704;147;11-50;10833828.0;text;;[];False;False;a6306ed5f99c6d27;[];adek gw masuk sma tahun ni
2705;147;11-50;10833838.0;text;;[];False;False;a6306ed5f99c6d27;[];kakak gw baru aja nikah
2706;147;11-50;10833944.0;text;;[];False;False;88ed4926f3b98145;[];film baru,,, di bioskop bagus ga,,,
2707;147;11-50;10833948.0;text;;[];False;False;384d74b3a41bda73;[];bokap gw lagi di luar kota
2708;147;0;10833960.0;sticker/webp;;[];False;False;88ed4926f3b98145;[];[Stiker]
2709;147;11-50;10833981.0;text;2706.0;[];False;False;a6306ed5f99c6d27;[];adek gw masuk sma tahun ni
2710;147;0;10834017.0;sticker/webp;;[];False;False;88ed4926f3b98145;[];[Stiker]
2711;147;1-10;10834118.0;text;2710.0;[];False;False;40b724e59d03bfd8;[];noted
2712;147;0;10834241.0;sticker/webp;;[];False;False;e97d730ac712b553;[];[Stiker]
2713;147;0;10834452.0;unknown;;[];False;False;5e4880656e196c35;[];[Media tidak dikenal]
2714;147;0;10834470.0;unknown;;[];False;False;4ccd73aa078fb558;[];[Media tidak dikenal]
2715;147;11-50;10834535.0;text;2710.0;[];False;False;a6306ed5f99c6d27;[];playlist lo yg mana sih
2716;148;0;10836185.0;sticker/webp;;[];False;False;b70842ce22a7beeb;[];[Stiker]
2717;148;1-10;10836692.0;text;;[];False;False;5e4880656e196c35;[];bro
2718;148;11-50;10836707.0;text;;[];False;False;5e4880656e196c35;[];gw mau nyoba restoran baru
2719;148;1-10;10836713.0;text;;[];False;False;5e4880656e196c35;[];sis
2720;148;0;10836716.0;sticker/webp;;[];False;False;b70842ce22a7beeb;[];[Stiker]
2721;148;11-50;10836718.0;text;;[];False;False;5e4880656e196c35;[];porsi makan gw nambah terus
2722;148;0;10836720.0;sticker/webp;2710.0;[];False;False;e86f667cb1edd47a;[];[Stiker]
2723;148;0;10836724.0;sticker/webp;;[];False;False;5e4880656e196c35;[];[Stiker]
2724;148;0;10836732.0;sticker/webp;;[];False;False;e86f667cb1edd47a;[];[Stiker]
2725;148;0;10836751.0;sticker/webp;;[];False;False;e86f667cb1edd47a;[];[Stiker]
2726;148;1-10;10836830.0;text;;[];False;False;5e4880656e196c35;[];fix
2727;148;11-50;10836836.0;text;;['🤣'];False;False;5e4880656e196c35;[];tadi gw makan nasi padang
2728;148;11-50;10836863.0;text;;[];False;False;a6306ed5f99c6d27;[];nongkrong yuk di kafe biasa
2729;148;1-10;10836863.0;text;;[];False;False;5e4880656e196c35;[];fix
2730;148;0;10836872.0;sticker/webp;;[];False;False;5e4880656e196c35;[];[Stiker]
2731;148;1-10;10836881.0;text;;[];True;False;a6306ed5f99c6d27;[];serius?
2732;148;0;10836884.0;sticker/webp;2727.0;[];False;False;e86f667cb1edd47a;[];[Stiker]
2733;148;0;10836884.0;sticker/webp;;[];False;False;5e4880656e196c35;[];[Stiker]
2734;148;11-50;10836888.0;text;;[];True;False;a6306ed5f99c6d27;[];bayar berapa sih tadi?
2735;148;0;10836905.0;sticker/webp;;[];False;False;5e4880656e196c35;[];[Stiker]
2736;148;0;10836916.0;sticker/webp;;[];False;False;a6306ed5f99c6d27;[];[Stiker]
2737;148;0;10836940.0;sticker/webp;;[];False;False;5e4880656e196c35;[];[Stiker]
2738;148;0;10836948.0;sticker/webp;;[];False;False;e86f667cb1edd47a;[];[Stiker]
2739;148;0;10836957.0;sticker/webp;;[];False;False;e86f667cb1edd47a;[];[Stiker]
2740;148;0;10836971.0;sticker/webp;;[];False;False;5e4880656e196c35;[];[Stiker]
2741;148;0;10836987.0;sticker/webp;;[];False;False;5e4880656e196c35;[];[Stiker]
2742;148;0;10836994.0;sticker/webp;;[];False;False;a6306ed5f99c6d27;[];[Stiker]
2743;148;0;10836999.0;sticker/webp;;[];False;False;e86f667cb1edd47a;[];[Stiker]
2744;148;0;10837012.0;sticker/webp;;[];False;False;a6306ed5f99c6d27;[];[Stiker]
2745;148;0;10837059.0;sticker/webp;;[];False;False;e86f667cb1edd47a;[];[Stiker]
2746;148;0;10837063.0;sticker/webp;;[];False;False;e86f667cb1edd47a;[];[Stiker]
2747;148;0;10837064.0;sticker/webp;;[];False;False;e86f667cb1edd47a;[];[Stiker]
2748;148;0;10837065.0;sticker/webp;;[];False;False;5e4880656e196c35;[];[Stiker]
2749;148;0;10837069.0;sticker/webp;;[];False;False;5e4880656e196c35;[];[Stiker]
2750;148;0;10837075.0;sticker/webp;;[];False;False;e86f667cb1edd47a;[];[Stiker]
2751;148;0;10837078.0;sticker/webp;;[];False;False;e86f667cb1edd47a;[];[Stiker]
2752;148;0;10838875.0;sticker/webp;;[];False;False;0b367972833dff32;[];[Stiker]
2753;148;0;10841188.0;sticker/webp;;[];False;False;88ed4926f3b98145;[];[Stiker]
2754;149;0;10865662.0;sticker/webp;;[];False;False;e86f667cb1edd47a;[];[Stiker]
2755;149;0;10865680.0;sticker/webp;;[];False;False;e86f667cb1edd47a;[];[Stiker]
2756;149;0;10866601.0;sticker/webp;;[];False;False;88ed4926f3b98145;[];[Stiker]
2757;149;0;10866813.0;sticker/webp;;[];False;False;db8bb6fc941e628f;[];[Stiker]
2758;149;0;10866842.0;sticker/webp;;[];False;False;88ed4926f3b98145;[];[Stiker]
2759;149;0;10867089.0;sticker/webp;;[];False;False;e86f667cb1edd47a;[];[Stiker]
2760;149;0;10867091.0;sticker/webp;;[];False;False;e86f667cb1edd47a;[];[Stiker]
2761;149;0;10867092.0;sticker/webp;;[];False;False;e86f667cb1edd47a;[];[Stiker]
2762;149;0;10867125.0;sticker/webp;;[];False;False;e86f667cb1edd47a;[];[Stiker]
2763;149;0;10867149.0;sticker/webp;;[];False;False;e86f667cb1edd47a;[];[Stiker]
2764;149;0;10867288.0;sticker/webp;;[];False;False;88ed4926f3b98145;[];[Stiker]
2765;149;0;10867306.0;sticker/webp;;[];False;False;88ed4926f3b98145;[];[Stiker]
2766;149;0;10867311.0;sticker/webp;;[];False;False;88ed4926f3b98145;[];[Stiker]
2767;149;0;10867614.0;sticker/webp;;[];False;False;e86f667cb1edd47a;[];[Stiker]
2768;149;0;10867620.0;sticker/webp;;[];False;False;e86f667cb1edd47a;[];[Stiker]
2769;149;0;10867849.0;sticker/webp;;[];False;False;88ed4926f3b98145;[];[Stiker]
2770;149;11-50;10867851.0;text;;[];False;False;88ed4926f3b98145;[];game baru udah download belum
2771;149;1-10;10868324.0;text;;[];False;False;e86f667cb1edd47a;[];jir
2772;149;11-50;10869259.0;text;;[];True;False;a6306ed5f99c6d27;[];msh bangun ga lu jam segini?
2773;149;11-50;10869264.0;text;;[];False;False;a6306ed5f99c6d27;[];pertandingan bola tadi malam gila
2774;149;1-10;10869300.0;text;;['😂'];False;False;e86f667cb1edd47a;[];bete
2775;149;0;10869305.0;sticker/webp;;[];False;False;e86f667cb1edd47a;[];[Stiker]
2776;149;0;10869309.0;sticker/webp;;[];False;False;e86f667cb1edd47a;[];[Stiker]
2777;149;1-10;10869310.0;text;;[];False;False;19e7bb7d7c25ecf7;[];sans
2778;149;0;10869312.0;sticker/webp;;[];False;False;db8bb6fc941e628f;[];[Stiker]
2779;149;0;10869320.0;sticker/webp;;[];False;False;19e7bb7d7c25ecf7;[];[Stiker]
2780;149;11-50;10869341.0;text;;['😂'];False;False;e86f667cb1edd47a;[];album baru dia enak... bgt
2781;149;0;10869345.0;sticker/webp;;[];False;False;e86f667cb1edd47a;[];[Stiker]
2782;149;0;10869347.0;sticker/webp;;[];False;False;e86f667cb1edd47a;[];[Stiker]
2783;149;0;10869352.0;sticker/webp;;[];False;False;e86f667cb1edd47a;[];[Stiker]
2784;150;0;10870586.0;sticker/webp;;[];False;False;bc0a3edd44e93aaf;[];[Stiker]
2785;150;0;10870591.0;sticker/webp;;[];False;False;bc0a3edd44e93aaf;[];[Stiker]
2786;150;0;10870593.0;sticker/webp;;[];False;False;bc0a3edd44e93aaf;[];[Stiker]
2787;150;0;10870594.0;sticker/webp;;[];False;False;bc0a3edd44e93aaf;[];[Stiker]
2788;150;0;10870595.0;sticker/webp;;[];False;False;bc0a3edd44e93aaf;[];[Stiker]
2789;150;0;10870599.0;sticker/webp;;[];False;False;bc0a3edd44e93aaf;[];[Stiker]
2790;150;11-50;10870893.0;text;;[];False;False;e86f667cb1edd47a;[];gw udah di parkiran nih
2791;150;0;10870894.0;sticker/webp;;[];False;False;e86f667cb1edd47a;[];[Stiker]
2792;150;0;10871758.0;sticker/webp;;[];False;False;6c25b31bedef18ca;[];[Stiker]
2793;151;0;10876037.0;sticker/webp;;[];False;False;b50f70a2cfd73bfa;[];[Stiker]
2794;151;11-50;10876057.0;text;;[];False;False;88ed4926f3b98145;[];si itu udah putus katanya
2795;151;0;10876074.0;sticker/webp;;[];False;False;88ed4926f3b98145;[];[Stiker]
2796;151;0;10876384.0;sticker/webp;;[];False;False;768b79893ae15e12;[];[Stiker]
2797;152;0;10880961.0;sticker/webp;;[];False;False;e86f667cb1edd47a;[];[Stiker]
2798;152;0;10880979.0;sticker/webp;;[];False;False;e86f667cb1edd47a;[];[Stiker]
2799;153;0;10882241.0;sticker/webp;;[];False;False;b50f70a2cfd73bfa;[];[Stiker]
2800;153;0;10882243.0;sticker/webp;;[];False;False;b50f70a2cfd73bfa;[];[Stiker]
2801;154;0;10883466.0;sticker/webp;;[];False;False;b2e30db9a9d3e420;[];[Stiker]
2802;154;0;10884682.0;sticker/webp;;[];False;False;e86f667cb1edd47a;[];[Stiker]
2803;154;0;10884682.0;sticker/webp;;[];False;False;e86f667cb1edd47a;[];[Stiker]
2804;154;0;10884685.0;sticker/webp;;[];False;False;e86f667cb1edd47a;[];[Stiker]
2805;154;0;10884710.0;sticker/webp;;[];False;False;e86f667cb1edd47a;[];[Stiker]
2806;154;0;10884710.0;sticker/webp;;[];False;False;e86f667cb1edd47a;[];[Stiker]
2807;154;0;10884732.0;sticker/webp;;[];False;False;e86f667cb1edd47a;[];[Stiker]
2808;154;0;10884906.0;sticker/webp;;[];False;False;ee49d794b32e3bf3;[];[Stiker]
2809;154;0;10884982.0;sticker/webp;;[];False;False;dce6e4e909a35dfb;[];[Stiker]
2810;154;0;10885168.0;sticker/webp;;[];False;False;88ed4926f3b98145;[];[Stiker]
2811;154;0;10885199.0;sticker/webp;;[];False;False;dce6e4e909a35dfb;[];[Stiker]
2812;154;0;10885221.0;sticker/webp;;[];False;False;0b367972833dff32;[];[Stiker]
2813;154;0;10885582.0;sticker/webp;;[];False;False;dce6e4e909a35dfb;[];[Stiker]
2814;154;0;10885585.0;sticker/webp;;[];False;False;dce6e4e909a35dfb;[];[Stiker]
2815;154;0;10885599.0;sticker/webp;;[];False;False;dce6e4e909a35dfb;[];[Stiker]
2816;154;0;10885601.0;sticker/webp;;[];False;False;dce6e4e909a35dfb;[];[Stiker]
2817;154;11-50;10886311.0;text;;[];True;False;e9914f9d9728f10f;[];siapa aja yg dateng?
2818;154;11-50;10886311.0;text;;[];False;False;a6306ed5f99c6d27;[];adek gw masuk sma tahun ni
2819;154;11-50;10886316.0;text;;[];True;False;a6306ed5f99c6d27;[];tu tempatnya jauh ga?
2820;154;11-50;10886352.0;text;;[];False;False;e9914f9d9728f10f;[];adek gw masuk sma tahun ni
2821;154;11-50;10886370.0;text;;[];False;False;db8bb6fc941e628f;[];filmmmm baru di bioskop bagus ga
2822;154;0;10886393.0;sticker/webp;;[];False;False;88ed4926f3b98145;[];[Stiker]
2823;154;11-50;10886418.0;text;;[];False;False;e9914f9d9728f10f;[];gw lg marathon drakor nih
2824;154;0;10886453.0;sticker/webp;;[];False;False;0b367972833dff32;[];[Stiker]
2825;154;11-50;10886453.0;text;;[];False;False;0b367972833dff32;[];ADEK GW MASUK SMA TAHUN INI
2826;154;11-50;10886467.0;text;;[];False;False;0b367972833dff32;[];NYOKAP NANYA KAPAN LULUS
2827;154;0;10886503.0;sticker/webp;;[];False;False;dce6e4e909a35dfb;[];[Stiker]
2828;154;0;10886534.0;sticker/webp;;[];False;False;88ed4926f3b98145;[];[Stiker]
2829;154;0;10886594.0;sticker/webp;;[];False;False;88ed4926f3b98145;[];[Stiker]
2830;154;0;10886608.0;sticker/webp;;[];False;False;88ed4926f3b98145;[];[Stiker]
2831;154;0;10886608.0;sticker/webp;;[];False;False;ac4cf7af14792c7c;[];[Stiker]
2832;154;0;10886610.0;sticker/webp;;[];False;False;88ed4926f3b98145;[];[Stiker]
2833;154;0;10886668.0;sticker/webp;;[];False;False;88ed4926f3b98145;[];[Stiker]
2834;154;0;10886668.0;sticker/webp;;[];False;False;ac4cf7af14792c7c;[];[Stiker]
2835;154;0;10886701.0;sticker/webp;;[];False;False;ac4cf7af14792c7c;[];[Stiker]
2836;154;0;10886728.0;sticker/webp;;[];False;False;953643d0f5728a1b;[];[Stiker]
2837;154;0;10886794.0;sticker/webp;;[];False;False;88ed4926f3b98145;[];[Stiker]
2838;154;0;10886917.0;sticker/webp;;[];False;False;b2e30db9a9d3e420;[];[Stiker]
2839;154;0;10886936.0;sticker/webp;;[];False;False;b50f70a2cfd73bfa;[];[Stiker]
2840;154;0;10886938.0;sticker/webp;;[];False;False;b50f70a2cfd73bfa;[];[Stiker]
2841;154;51-100;10887422.0;text;2820.0;[];False;False;a6306ed5f99c6d27;[];besok ad bazaar di kampus katanya banyak makanan murah, pada ikut ga
2842;154;1-10;10887430.0;text;;[];False;False;a6306ed5f99c6d27;[];yess
2843;154;51-100;10887544.0;text;;[];False;False;db8bb6fc941e628f;[];gw lagi belajarr masakk sendiriii biarrrr ga jajan terusss lumayan hemat soalnya
2844;154;11-50;10887566.0;text;;[];False;False;a6306ed5f99c6d27;[];nyokap nanya kapan lulus
2845;154;11-50;10887572.0;text;;[];False;False;a6306ed5f99c6d27;[];gw kangen masakan rumah
2846;154;11-50;10887577.0;text;;[];False;False;a6306ed5f99c6d27;[];gw kangen masakan rumah
2847;154;11-50;10887629.0;text;;[];False;False;db8bb6fc941e628f;[];film baruu di bioskop bagusss ga
2848;154;11-50;10887651.0;text;;[];False;False;a6306ed5f99c6d27;[];gw lg marathon drakor nih
2849;154;11-50;10887664.0;text;;[];False;False;a6306ed5f99c6d27;[];film baru di bioskop bagus ga
2850;154;11-50;10887668.0;text;;['🤣'];False;False;db8bb6fc941e628f;[];gw lagi marathon drakor nihhhh
2851;154;11-50;10887696.0;text;;[];True;False;a6306ed5f99c6d27;[];siapa aja yg dateng?
2852;154;51-100;10887718.0;text;;[];False;False;a6306ed5f99c6d27;[];tadi pagi gw olahraga lari keliling kampus 5 putaran badan pegel smua
2853;154;0;10887731.0;sticker/webp;;[];False;False;e86f667cb1edd47a;[];[Stiker]
2854;154;0;10887947.0;sticker/webp;;[];False;False;e86f667cb1edd47a;[];[Stiker]
2855;154;11-50;10887985.0;text;;[];False;False;a6306ed5f99c6d27;[];duit bulanan blm dikirim
2856;154;0;10887989.0;sticker/webp;;[];False;False;e86f667cb1edd47a;[];[Stiker]
2857;154;11-50;10888001.0;text;;[];False;False;a6306ed5f99c6d27;[];mama minta gw pulang weekend
2858;154;0;10888015.0;sticker/webp;;[];False;False;71fc50776dc58353;[];[Stiker]
2859;154;0;10888039.0;sticker/webp;2857.0;[];False;False;e86f667cb1edd47a;[];[Stiker]
2860;154;0;10888097.0;sticker/webp;;[];False;False;e86f667cb1edd47a;[];[Stiker]
2861;154;0;10888099.0;sticker/webp;;[];False;False;e86f667cb1edd47a;[];[Stiker]
2862;154;0;10888111.0;sticker/webp;;[];False;False;e86f667cb1edd47a;[];[Stiker]
2863;154;0;10888237.0;sticker/webp;;[];False;False;e86f667cb1edd47a;[];[Stiker]
2864;154;0;10888274.0;sticker/webp;;[];False;False;e86f667cb1edd47a;[];[Stiker]
2865;154;0;10888297.0;sticker/webp;;[];False;False;db8bb6fc941e628f;[];[Stiker]
2866;154;11-50;10888355.0;text;;[];False;True;e86f667cb1edd47a;[];ngakak gw liat video tu!...
2867;154;0;10888399.0;sticker/webp;;[];False;False;e86f667cb1edd47a;[];[Stiker]
2868;154;0;10888439.0;sticker/webp;;[];False;False;00e7e15097837e5d;[];[Stiker]
2869;154;0;10888514.0;sticker/webp;;[];False;False;795de395c5fd12d4;[];[Stiker]
2870;155;0;10890952.0;sticker/webp;;[];False;False;a0cfcd7ab8baf416;[];[Stiker]
2871;155;0;10890974.0;video/mp4;;[];False;False;a0cfcd7ab8baf416;[];[Video]
2872;155;11-50;10890981.0;text;;[];False;False;a0cfcd7ab8baf416;[];hujan deres ga bawa payung
2873;156;0;10904291.0;sticker/webp;;[];False;False;88ed4926f3b98145;[];[Stiker]
2874;156;11-50;10905189.0;text;2873.0;['😂'];True;False;e86f667cb1edd47a;[];jadi ketemuan ga... hari ni?
2875;156;0;10905231.0;sticker/webp;2873.0;[];False;False;e86f667cb1edd47a;[];[Stiker]
2876;156;0;10905313.0;sticker/webp;;[];False;False;a0cfcd7ab8baf416;[];[Stiker]
2877;156;0;10905314.0;sticker/webp;;[];False;False;a0cfcd7ab8baf416;[];[Stiker]
2878;156;0;10905321.0;sticker/webp;;[];False;False;a0cfcd7ab8baf416;[];[Stiker]
2879;156;0;10905329.0;sticker/webp;2873.0;[];False;False;19e7bb7d7c25ecf7;[];[Stiker]
2880;157;0;10906669.0;sticker/webp;;[];False;False;a6306ed5f99c6d27;[];[Stiker]
2881;157;0;10907163.0;sticker/webp;;[];False;False;e86f667cb1edd47a;[];[Stiker]
2882;158;0;10912999.0;sticker/webp;;[];False;False;e2d0f307441f593f;[];[Stiker]
2883;158;0;10916021.0;sticker/webp;;[];False;False;53c5f6555e154af2;[];[Stiker]
2884;158;0;10916029.0;sticker/webp;;[];False;False;53c5f6555e154af2;[];[Stiker]
2885;158;0;10916073.0;sticker/webp;;[];False;False;e86f667cb1edd47a;[];[Stiker]
2886;158;0;10916081.0;sticker/webp;;[];False;False;e86f667cb1edd47a;[];[Stiker]
2887;158;0;10916154.0;sticker/webp;;[];False;False;795de395c5fd12d4;[];[Stiker]
2888;158;0;10916598.0;sticker/webp;;[];False;False;6341c8371a7bfc3d;[];[Stiker]
2889;158;11-50;10916763.0;image/jpeg;;[];False;True;427c13cc8caaadce;[];[Foto]
2890;158;0;10917605.0;sticker/webp;;[];False;False;e97d730ac712b553;[];[Stiker]
2891;158;0;10918510.0;sticker/webp;;[];False;False;53c5f6555e154af2;[];[Stiker]
2892;158;0;10918526.0;sticker/webp;;[];False;False;53c5f6555e154af2;[];[Stiker]
2893;158;0;10918616.0;sticker/webp;;[];False;False;795de395c5fd12d4;[];[Stiker]
2894;158;0;10918617.0;sticker/webp;;[];False;False;a6306ed5f99c6d27;[];[Stiker]
2895;158;0;10918638.0;sticker/webp;;[];False;False;88ed4926f3b98145;[];[Stiker]
2896;158;0;10918653.0;sticker/webp;;[];False;False;a6306ed5f99c6d27;[];[Stiker]
2897;158;0;10918670.0;sticker/webp;;[];False;False;795de395c5fd12d4;[];[Stiker]
2898;158;0;10918672.0;sticker/webp;;[];False;False;e86f667cb1edd47a;[];[Stiker]
2899;158;0;10918687.0;sticker/webp;;[];False;False;e86f667cb1edd47a;[];[Stiker]
2900;159;0;10920035.0;sticker/webp;;[];False;False;88ed4926f3b98145;[];[Stiker]
2901;159;0;10920037.0;sticker/webp;;[];False;False;88ed4926f3b98145;[];[Stiker]
2902;159;0;10920038.0;sticker/webp;;[];False;False;88ed4926f3b98145;[];[Stiker]
2903;159;0;10920039.0;sticker/webp;;[];False;False;88ed4926f3b98145;[];[Stiker]
2904;159;0;10920042.0;sticker/webp;;[];False;False;88ed4926f3b98145;[];[Stiker]
2905;159;0;10920091.0;sticker/webp;;[];False;False;b50f70a2cfd73bfa;[];[Stiker]
2906;159;0;10920097.0;sticker/webp;;[];False;False;b50f70a2cfd73bfa;[];[Stiker]
2907;159;0;10920100.0;sticker/webp;;[];False;False;a0cfcd7ab8baf416;[];[Stiker]
2908;159;0;10920118.0;sticker/webp;;[];False;False;a0cfcd7ab8baf416;[];[Stiker]
2909;159;0;10920150.0;sticker/webp;;[];False;False;88ed4926f3b98145;[];[Stiker]
2910;159;0;10920213.0;sticker/webp;;[];False;False;a0cfcd7ab8baf416;[];[Stiker]
2911;159;0;10920558.0;sticker/webp;2909.0;[];False;False;e86f667cb1edd47a;[];[Stiker]
2912;159;0;10920589.0;sticker/webp;;[];False;False;e86f667cb1edd47a;[];[Stiker]
2913;159;0;10920623.0;sticker/webp;;[];False;False;88ed4926f3b98145;[];[Stiker]
2914;159;0;10920701.0;sticker/webp;;[];False;False;e86f667cb1edd47a;[];[Stiker]
2915;160;0;10924953.0;audio;;[];False;False;e86f667cb1edd47a;[];[Voice Note]
2916;160;11-50;10924974.0;text;;[];False;False;427c13cc8caaadce;[];Temenin gw dong besok.
2917;160;1-10;10924991.0;text;;['😍'];False;False;427c13cc8caaadce;[];Sama.
2918;160;11-50;10924997.0;text;;[];False;False;e86f667cb1edd47a;[];gw ga percaya sih gosipnya...
2919;160;0;10925121.0;sticker/webp;;[];False;False;53c5f6555e154af2;[];[Stiker]
2920;160;0;10925394.0;sticker/webp;;[];False;False;53c5f6555e154af2;[];[Stiker]
2921;160;0;10925418.0;sticker/webp;;[];False;False;b0d9cea9b98791a0;[];[Stiker]
2922;160;0;10925420.0;sticker/webp;;[];False;False;b0d9cea9b98791a0;[];[Stiker]
2923;160;0;10925435.0;sticker/webp;;[];False;False;278d6403ae567bca;[];[Stiker]
2924;160;51-100;10925526.0;text;;[];False;False;a6306ed5f99c6d27;[];gw pengen bgt liburan ke pantai tp duit lg tipis bgt skrg
2925;160;0;10925568.0;sticker/webp;;[];False;False;e86f667cb1edd47a;[];[Stiker]
2926;160;0;10925585.0;sticker/webp;;[];False;False;427c13cc8caaadce;[];[Stiker]
2927;160;1-10;10925591.0;text;;[];False;False;427c13cc8caaadce;[];Amin.
2928;160;11-50;10925609.0;text;;[];False;False;a6306ed5f99c6d27;[];pacarnya baru siapa sih
2929;160;11-50;10925614.0;text;;[];False;False;a6306ed5f99c6d27;[];temenin gw dong besok
2930;160;11-50;10925841.0;text;2928.0;['😘'];False;False;427c13cc8caaadce;[];Pacarnya baru siapa sih.
2931;160;0;10925856.0;sticker/webp;;[];False;False;53c5f6555e154af2;[];[Stiker]
2932;160;0;10925872.0;sticker/webp;;[];False;False;53c5f6555e154af2;[];[Stiker]
2933;160;51-100;10926177.0;text;;[];False;False;a6306ed5f99c6d27;[];gw baru aja dapet kabar kalo temen kita diterima kerja di luar negeri
2934;160;0;10926485.0;sticker/webp;;[];False;False;e86f667cb1edd47a;[];[Stiker]
2935;161;51-100;10927309.0;text;;[];False;False;e86f667cb1edd47a;[];gw lg belajar masak sendiri biar ga jajan terus lumayan hemat soalnya
2936;161;0;10927433.0;sticker/webp;;[];False;False;9922dfb95c03e61b;[];[Stiker]
2937;161;11-50;10927525.0;text;;['🤷🏻\u200d♂'];True;False;427c13cc8caaadce;[];itu tempatnya jauh ga?
2938;161;11-50;10927575.0;text;;[];False;False;e86f667cb1edd47a;[];kakak gw baru aja nikah
2939;161;0;10927659.0;sticker/webp;2938.0;[];False;False;427c13cc8caaadce;[];[Stiker]
2940;161;1-10;10927664.0;text;2938.0;[];False;False;a6306ed5f99c6d27;[];pasti
2941;161;0;10927667.0;sticker/webp;;[];False;False;427c13cc8caaadce;[];[Stiker]
2942;161;11-50;10927681.0;text;;[];False;False;e86f667cb1edd47a;[];gw lg marathon drakor... nih
2943;161;1-10;10927686.0;text;;[];False;False;e86f667cb1edd47a;[];nice
2944;161;11-50;10927692.0;text;;[];False;False;e86f667cb1edd47a;[];duit bulanan blm dikirim
2945;161;1-10;10927714.0;text;;['😂'];False;False;e86f667cb1edd47a;[];gitu
2946;161;11-50;10927715.0;text;;[];False;False;e86f667cb1edd47a;[];nyokap nanya kapan lulus...
2947;161;0;10927737.0;sticker/webp;2945.0;[];False;False;427c13cc8caaadce;[];[Stiker]
2948;161;51-100;10927807.0;text;;['🤦🏻\u200d♂', '😂'];False;False;e86f667cb1edd47a;[];besok ad bazaar di... kampus katanya... banyak makanan murah, pada ikut ga...
2949;161;11-50;10927833.0;text;;['🤭'];False;False;427c13cc8caaadce;[];Playlist lo yang mana sih.
2950;161;0;10928066.0;sticker/webp;;[];False;False;e86f667cb1edd47a;[];[Stiker]
2951;162;0;10930225.0;sticker/webp;;[];False;False;53c5f6555e154af2;[];[Stiker]
2952;162;0;10932079.0;sticker/webp;;[];False;False;e86f667cb1edd47a;[];[Stiker]
2953;163;0;10939339.0;audio;;[];False;False;2e54515fa88f804f;[];[Voice Note]
2954;163;0;10940125.0;sticker/webp;;[];False;False;e86f667cb1edd47a;[];[Stiker]
2955;163;0;10940128.0;sticker/webp;;[];False;False;e86f667cb1edd47a;[];[Stiker]
2956;163;11-50;10940649.0;text;;[];False;False;88ed4926f3b98145;[];reuni kapan ya kita,,,
2957;163;11-50;10940649.0;text;;[];False;False;88ed4926f3b98145;[];pacarnya baru siapa,,, sih
2958;163;0;10940657.0;sticker/webp;;[];False;False;88ed4926f3b98145;[];[Stiker]
2959;163;0;10940665.0;sticker/webp;;[];False;False;88ed4926f3b98145;[];[Stiker]
2960;163;0;10940670.0;sticker/webp;;[];False;False;88ed4926f3b98145;[];[Stiker]
2961;163;0;10940715.0;sticker/webp;;[];False;False;40b724e59d03bfd8;[];[Stiker]
2962;163;11-50;10940994.0;text;;[];False;False;e86f667cb1edd47a;[];gw ga percaya sih... gosipnya
2963;163;1-10;10940996.0;text;;['😂'];False;False;e86f667cb1edd47a;[];cape
2964;163;0;10941547.0;sticker/webp;;[];False;False;a55ef8048d757810;[];[Stiker]
2965;163;1-10;10941587.0;text;;[];False;False;88ed4926f3b98145;[];sama
2966;163;0;10941611.0;sticker/webp;;[];False;False;88ed4926f3b98145;[];[Stiker]
2967;163;11-50;10941612.0;text;2965.0;['😂'];False;False;e86f667cb1edd47a;[];diem diem ternyata jadian
2968;163;11-50;10941621.0;text;;[];True;False;e86f667cb1edd47a;[];kos lu dmn sih tepatnya?
2969;163;1-10;10941622.0;text;;[];False;False;a55ef8048d757810;[];ywd
2970;163;11-50;10941632.0;text;;[];False;False;a55ef8048d757810;['2b6eeb123b473098'];reuni kapan ya kita
2971;163;0;10941636.0;sticker/webp;;[];False;False;a55ef8048d757810;[];[Stiker]
2972;163;1-10;10941649.0;text;;['😂'];False;False;e86f667cb1edd47a;[];wkwkw
2973;163;11-50;10941658.0;text;;[];False;False;88ed4926f3b98145;[];temenin gw dong besok
2974;163;0;10941665.0;sticker/webp;;[];False;False;88ed4926f3b98145;[];[Stiker]
2975;163;11-50;10941668.0;text;;[];False;False;a55ef8048d757810;[];si itu udah putus katanya
2976;163;101-500;10941737.0;text;2973.0;['😂'];False;False;e86f667cb1edd47a;[];hari ni gw iseng nyoba bikin kopi pake metode... v60 yg lg hype di kalangan anak anak kampus.... beli alatnya lumayan mahal sih tp hasilnya... emang beda... dr kopi sachet biasa. kopinya lebih smooth dan ga... terlalu pahit. kayaknya gw bakal ketagihan nih bikin kopi sendiri tiap pagi sebelum ke... kampus
2977;163;1-10;10941749.0;text;;[];False;False;a55ef8048d757810;[];hihi
2978;163;0;10941760.0;sticker/webp;;[];False;False;2b6eeb123b473098;[];[Stiker]
2979;163;11-50;10941774.0;text;;[];False;False;a55ef8048d757810;[];diem diem ternyata jadian
2980;163;0;10941780.0;sticker/webp;;[];False;False;2b6eeb123b473098;[];[Stiker]
2981;163;0;10941788.0;sticker/webp;;[];False;False;2b6eeb123b473098;[];[Stiker]
2982;163;0;10941821.0;sticker/webp;;[];False;False;2b6eeb123b473098;[];[Stiker]
2983;163;0;10941922.0;sticker/webp;;[];False;False;a55ef8048d757810;[];[Stiker]
2984;163;0;10941982.0;sticker/webp;;[];False;False;2b6eeb123b473098;[];[Stiker]
2985;163;0;10941991.0;sticker/webp;;[];False;False;2b6eeb123b473098;[];[Stiker]
2986;163;0;10942001.0;sticker/webp;;[];False;False;2b6eeb123b473098;[];[Stiker]
2987;163;11-50;10942026.0;text;;[];False;False;a55ef8048d757810;[];si itu udah putus... katanya
2988;163;0;10942123.0;sticker/webp;;[];False;False;e86f667cb1edd47a;[];[Stiker]
2989;163;0;10942158.0;sticker/webp;;[];False;False;2b6eeb123b473098;[];[Stiker]
2990;163;0;10942166.0;sticker/webp;;[];False;False;2b6eeb123b473098;[];[Stiker]
2991;163;0;10942169.0;sticker/webp;;[];False;False;2b6eeb123b473098;[];[Stiker]
2992;163;0;10942173.0;sticker/webp;;[];False;False;2b6eeb123b473098;[];[Stiker]
2993;163;11-50;10942205.0;text;;[];False;False;88ed4926f3b98145;[];angkot ke,,, sana masih,,, ada ga,,,
2994;163;0;10942268.0;sticker/webp;;[];False;False;e86f667cb1edd47a;[];[Stiker]
2995;163;101-500;10942297.0;text;;[];False;False;2b6eeb123b473098;['a55ef8048d757810'];hari ini gw iseng nyoba bikin kopi pake... metode V60 yang lagi hype di kalangan... anak anak kampus. beli alatnya lumayan mahal sih tapi hasilnya emang beda dari kopi sachet biasa. kopinya... lebih smooth dan... ga terlalu pahit. kayaknya gw bakal ketagihan nih bikin... kopi sendiri tiap pagi sebelum ke kampus
2996;163;0;10942328.0;sticker/webp;;[];False;False;2b6eeb123b473098;[];[Stiker]
2997;163;0;10942338.0;sticker/webp;;[];False;False;e86f667cb1edd47a;[];[Stiker]
2998;163;0;10942339.0;sticker/webp;;[];False;False;e86f667cb1edd47a;[];[Stiker]
2999;163;0;10942347.0;sticker/webp;;[];False;False;e86f667cb1edd47a;[];[Stiker]
3000;163;0;10942379.0;sticker/webp;;[];False;False;2b6eeb123b473098;[];[Stiker]
